# decimated from ../../Assets/Models/Brain.obj, cell 0.024
v 0.071047 -0.131823 0.057377
v 0.120873 -0.099880 0.058659
v 0.128666 -0.129006 0.050731
v -0.031877 -0.091961 0.171527
v -0.055137 -0.097948 0.145285
v 0.064261 -0.187941 0.219549
v 0.072049 -0.242374 0.217189
v 0.064465 -0.229063 0.244760
v 0.052366 -0.050866 0.140364
v 0.051426 -0.069959 0.130776
v 0.031887 -0.059921 0.177687
v -0.074481 -0.052955 0.248376
v -0.086057 -0.027860 0.258586
v -0.052195 -0.026823 0.267417
v 0.150285 -0.155328 0.118301
v 0.165401 -0.098450 0.123509
v 0.122878 -0.067650 0.236315
v 0.086351 -0.067650 0.274166
v 0.072979 -0.043210 0.170047
v 0.064600 -0.043631 0.143434
v 0.068332 -0.076112 0.142084
v 0.048096 0.052575 0.086412
v 0.027516 0.014584 0.098602
v 0.055049 0.065694 0.096323
v 0.093847 0.004147 0.230525
v 0.089626 0.021539 0.220942
v 0.128093 0.020193 0.221028
v -0.040140 0.011866 0.241485
v -0.026975 0.032957 0.209620
v -0.048053 0.045214 0.207597
v -0.000796 -0.020607 0.169999
v 0.024944 -0.003172 0.173733
v 0.046205 -0.030776 0.151085
v -0.037507 -0.067650 0.255353
v -0.024481 -0.069434 0.264388
v 0.065338 -0.021382 0.071731
v 0.046197 0.002140 0.072888
v 0.065838 -0.021807 0.053324
v -0.028150 -0.159398 0.167581
v 0.025332 -0.175044 0.193726
v -0.037191 -0.161597 0.195810
v -0.028201 0.093151 0.245290
v -0.014254 0.075023 0.212330
v -0.045684 0.090779 0.226283
v 0.016231 -0.071359 0.286175
v 0.047104 -0.068082 0.271705
v 0.038215 -0.054662 0.279993
v 0.081250 -0.082996 0.029975
v 0.081946 -0.044208 0.029564
v 0.075892 -0.060025 0.058589
v -0.007493 0.074542 0.219768
v 0.024304 -0.132694 0.167452
v 0.018554 -0.117067 0.171275
v -0.154743 -0.067650 0.184192
v -0.168526 -0.054337 0.184448
v -0.157106 -0.067650 0.145817
v 0.017665 -0.041291 0.360834
v 0.004366 -0.032272 0.351501
v -0.001034 -0.047053 0.378408
v 0.047110 -0.031225 0.165975
v 0.067191 -0.027774 0.190572
v 0.049842 -0.006515 0.175066
v 0.060344 -0.074227 0.166625
v 0.046969 -0.095682 0.147525
v 0.046370 -0.137783 0.066208
v 0.077914 -0.158542 0.052653
v 0.096658 -0.003443 0.052898
v 0.067759 0.008611 0.058336
v 0.069034 0.035237 0.054256
v 0.027095 0.037239 0.334929
v 0.044839 0.001835 0.354170
v 0.047018 0.018461 0.342783
v 0.002180 -0.120916 0.128837
v 0.041790 -0.138904 0.142915
v 0.128181 0.074164 0.142009
v 0.143432 0.059860 0.144770
v 0.146180 -0.136531 0.295315
v 0.179267 -0.120114 0.291629
v 0.151661 -0.123567 0.318383
v -0.099895 -0.171430 0.166719
v -0.123013 -0.167978 0.165439
v 0.112049 0.069304 0.294641
v 0.114426 0.047678 0.316579
v 0.142292 0.044947 0.294082
v 0.008839 -0.071627 0.311252
v 0.015288 -0.053618 0.290429
v 0.072705 -0.183074 0.114745
v 0.124514 -0.191240 0.115623
v 0.088371 -0.204729 0.111614
v -0.170559 -0.045983 0.311754
v -0.165409 -0.026516 0.306924
v -0.194982 -0.019211 0.277944
v 0.042005 -0.151394 0.183184
v 0.060594 -0.132645 0.205418
v 0.070054 -0.141509 0.196872
v 0.043064 -0.178806 0.325006
v 0.047018 -0.153760 0.342783
v 0.043317 -0.164994 0.323984
v -0.028151 0.032596 0.167581
v 0.028206 0.049400 0.174054
v 0.037231 -0.050989 0.196362
v 0.024122 -0.055553 0.218611
v 0.048196 -0.067063 0.193427
v -0.066249 -0.068841 0.212924
v -0.056604 -0.071099 0.193067
v -0.066808 -0.055737 0.207040
v -0.077419 -0.164811 0.164840
v -0.094988 -0.191829 0.192745
v 0.026313 0.028643 0.191183
v 0.009731 0.003623 0.182477
v 0.088705 -0.048665 0.073865
v 0.109812 -0.072122 0.066111
v 0.087669 -0.074467 0.075702
v 0.211216 -0.083207 0.260684
v 0.218163 -0.097411 0.242900
v 0.204817 -0.079831 0.235982
v -0.068266 0.019806 0.220891
v -0.089428 0.030303 0.196564
v -0.125647 -0.199645 0.210377
v -0.140950 -0.190079 0.233581
v -0.094262 -0.095600 0.223651
v -0.051443 -0.103595 0.268186
v -0.090183 -0.100743 0.190822
v 0.081830 -0.084862 0.260451
v 0.073778 -0.070364 0.262059
v 0.054110 -0.069014 0.220411
v 0.063729 -0.069742 0.213489
v 0.061656 -0.089914 0.220714
v -0.034316 -0.055899 0.258751
v 0.138253 -0.129601 0.140800
v 0.142088 -0.151010 0.136048
v 0.113623 -0.154127 0.132574
v 0.034366 -0.230048 0.274804
v 0.040962 -0.208905 0.306572
v 0.025804 -0.198112 0.295138
v 0.062051 -0.048058 0.215312
v 0.027942 -0.113003 0.117709
v 0.050304 -0.102359 0.079292
v 0.049381 -0.116978 0.071928
v 0.201742 -0.161082 0.187386
v 0.211889 -0.148807 0.230683
v 0.200323 -0.160436 0.234585
v 0.035709 -0.224287 0.126885
v -0.033990 -0.191353 0.105856
v 0.011814 -0.194615 0.110141
v -0.045644 0.005263 0.331695
v -0.045385 -0.012374 0.354627
v -0.030798 -0.005069 0.361388
v 0.152016 -0.058173 0.236002
v 0.164288 -0.067649 0.237650
v 0.099049 -0.171177 0.132463
v 0.048005 -0.096727 0.166873
v 0.027188 -0.073160 0.215489
v -0.066064 0.053532 0.115572
v -0.069635 0.025292 0.109644
v -0.093861 0.043279 0.118097
v -0.036058 -0.172098 0.176089
v 0.001433 -0.073870 0.138490
v -0.024498 -0.090224 0.373784
v -0.004612 -0.071576 0.375047
v -0.051245 -0.086236 0.372891
v -0.134380 -0.049190 0.344378
v -0.123106 -0.043444 0.340459
v -0.144948 -0.058793 0.320621
v 0.229067 -0.108055 0.222913
v -0.051001 -0.052923 0.187704
v -0.041545 -0.068748 0.166963
v -0.027818 0.052435 0.104052
v -0.073493 0.018648 0.100608
v -0.048114 0.042236 0.115792
v 0.045664 -0.085563 0.377339
v 0.050850 -0.071215 0.369626
v 0.043954 -0.070986 0.239455
v 0.044581 -0.049484 0.240393
v 0.216529 -0.122852 0.214345
v 0.215096 -0.143548 0.190828
v 0.078563 -0.067650 0.290312
v 0.068527 -0.084792 0.307711
v 0.094820 -0.088145 0.295873
v -0.051983 0.023637 0.239905
v 0.009739 -0.000774 0.281084
v -0.043656 -0.010031 0.277334
v 0.054993 -0.049777 0.029333
v 0.041794 -0.034628 0.053957
v -0.101225 -0.069913 0.219193
v -0.070553 -0.067650 0.195316
v -0.096597 -0.067650 0.240520
v -0.075814 0.072260 0.256655
v -0.047807 0.071186 0.260854
v 0.068313 0.030446 0.217332
v 0.025191 0.071919 0.214259
v 0.019664 0.046329 0.214634
v 0.141576 -0.094571 0.159400
v 0.166076 -0.089557 0.137654
v 0.130145 -0.122165 0.153458
v -0.051595 -0.067649 0.245867
v -0.194924 -0.024429 0.186472
v 0.003068 0.098258 0.220832
v 0.022483 0.086955 0.225938
v 0.053374 0.100282 0.227715
v 0.089986 -0.069584 0.215668
v 0.076021 0.020841 0.237285
v 0.033161 0.013967 0.263322
v 0.043516 0.005066 0.268637
v -0.155538 0.041051 0.253855
v -0.164168 0.041088 0.234598
v -0.193154 0.014832 0.239053
v 0.070606 -0.118674 0.187241
v 0.167789 0.064791 0.233675
v 0.162572 0.058093 0.259880
v 0.187729 -0.029660 0.114098
v 0.142088 0.015711 0.136048
v 0.158765 0.009278 0.120372
v 0.064803 -0.038357 0.097329
v 0.042304 -0.063398 0.146876
v 0.054484 -0.233346 0.270316
v -0.085140 -0.104268 0.136473
v -0.104263 -0.124504 0.116277
v -0.109074 -0.122220 0.139455
v -0.063138 -0.149952 0.167444
v -0.052714 -0.112138 0.144910
v -0.047352 -0.119563 0.163347
v 0.091751 0.047159 0.054245
v -0.063782 -0.070405 0.238338
v 0.043821 -0.048973 0.327714
v 0.007159 -0.051738 0.322353
v 0.054531 -0.067650 0.307892
v 0.213243 -0.070793 0.119691
v 0.187729 -0.105639 0.114098
v 0.192880 -0.071306 0.118131
v -0.045165 -0.071478 0.283499
v 0.203868 -0.134246 0.239740
v 0.197317 -0.143451 0.253437
v 0.133738 0.082234 0.232382
v 0.159860 0.081693 0.212422
v -0.069440 -0.206866 0.148210
v -0.066064 -0.188831 0.115572
v -0.198855 -0.058665 0.235851
v -0.182574 -0.067650 0.262687
v -0.208497 -0.044946 0.248558
v 0.145126 -0.207956 0.198566
v 0.136265 -0.228720 0.193229
v 0.132439 -0.216109 0.171274
v -0.060510 -0.219465 0.159987
v -0.086986 -0.212006 0.171283
v 0.115381 -0.222374 0.148313
v 0.130223 -0.202440 0.138825
v 0.137775 -0.067650 0.275570
v 0.136814 0.052572 0.072495
v 0.121410 0.074691 0.083884
v -0.194681 -0.099594 0.281382
v -0.179063 -0.099015 0.305513
v -0.001813 0.003688 0.350518
v 0.013916 -0.026776 0.369093
v -0.042125 -0.064769 0.138900
v -0.032144 -0.065058 0.142770
v -0.029005 -0.083596 0.161807
v 0.006314 -0.102516 0.109241
v 0.021306 -0.113779 0.103541
v 0.039387 -0.105009 0.123059
v -0.000052 -0.162678 0.239505
v 0.003180 -0.169277 0.215807
v -0.004204 -0.216128 0.221936
v -0.096011 0.038733 0.282749
v -0.110759 0.027909 0.309924
v -0.085076 0.029819 0.317101
v 0.008016 0.007778 0.338564
v 0.096662 -0.038817 0.171951
v 0.051590 -0.002852 0.145494
v 0.014484 0.066620 0.305417
v 0.010850 0.033005 0.330782
v 0.015976 -0.166327 0.205925
v -0.091187 -0.067649 0.192981
v -0.096241 -0.054740 0.216748
v -0.116477 -0.059786 0.229829
v 0.080213 -0.145529 0.139836
v 0.074858 -0.163920 0.137967
v 0.235320 -0.095423 0.176186
v 0.230490 -0.119577 0.183858
v 0.056671 -0.122898 0.147976
v -0.005730 -0.065289 0.169316
v -0.121771 0.001928 0.319875
v -0.139997 -0.004789 0.299236
v -0.111217 0.006806 0.330385
v 0.152016 -0.077127 0.236002
v 0.076885 -0.071850 0.200684
v 0.013794 -0.024219 0.138913
v -0.024451 -0.171616 0.332772
v -0.006523 -0.146011 0.348389
v -0.030798 -0.130230 0.361388
v -0.051245 -0.049064 0.372891
v -0.079707 -0.012763 0.356064
v 0.025366 -0.224055 0.236840
v 0.214464 -0.049700 0.235552
v 0.213206 -0.032852 0.249381
v 0.211216 -0.052092 0.260684
v 0.122519 -0.140372 0.315587
v 0.121839 -0.141088 0.332534
v 0.096417 -0.165159 0.324313
v -0.168526 -0.080962 0.184448
v -0.141789 -0.067650 0.217218
v 0.005468 -0.219097 0.132947
v -0.030594 -0.221259 0.146253
v -0.017268 -0.207831 0.127319
v -0.104320 0.016115 0.117194
v 0.074596 -0.082405 0.371855
v 0.103754 -0.108681 0.352630
v 0.133367 -0.092884 0.349567
v -0.069434 -0.070273 0.266299
v 0.146180 0.001232 0.295315
v 0.147231 -0.001997 0.316011
v 0.122519 0.005073 0.315587
v 0.045664 -0.049736 0.377339
v 0.039461 -0.057845 0.370923
v -0.055804 -0.206322 0.121293
v 0.077761 -0.050745 0.263155
v -0.055657 -0.038845 0.143566
v 0.047514 0.046924 0.326584
v 0.025804 0.062812 0.295138
v -0.029336 -0.043444 0.131364
v -0.026599 -0.047927 0.106554
v -0.038215 -0.031046 0.122166
v -0.035544 -0.070038 0.235383
v -0.050620 -0.064875 0.215600
v -0.098930 0.038961 0.167310
v -0.071899 0.025545 0.165632
v -0.069966 0.068496 0.211007
v 0.043949 0.028593 0.118415
v 0.028968 -0.014124 0.127734
v 0.073142 -0.215770 0.288184
v 0.087660 -0.229033 0.282335
v 0.102189 -0.214346 0.279152
v 0.168609 0.018276 0.076980
v 0.175619 0.024975 0.105276
v 0.168441 -0.002662 0.066816
v 0.154598 0.028198 0.297484
v -0.192418 -0.070395 0.196120
v -0.139204 0.012986 0.313267
v -0.143760 0.026723 0.287856
v -0.001964 -0.025605 0.129686
v 0.017032 -0.017273 0.104172
v 0.194745 -0.067650 0.187749
v 0.211053 -0.067650 0.213961
v 0.128729 -0.067649 0.306302
v 0.098225 -0.067649 0.309933
v -0.044254 -0.150767 0.093664
v -0.030813 -0.138498 0.102468
v -0.027595 -0.152088 0.108743
v 0.145886 -0.024506 0.138253
v 0.126271 0.007378 0.127079
v 0.190826 -0.114993 0.107028
v 0.168433 -0.165210 0.111877
v 0.150759 -0.165882 0.114519
v 0.048472 -0.119697 0.359837
v 0.064769 -0.134462 0.357647
v 0.074813 -0.111912 0.354515
v -0.084317 -0.059999 0.144031
v -0.111879 -0.038736 0.150530
v -0.092533 -0.004163 0.331725
v -0.044010 0.023104 0.330173
v 0.065633 -0.097738 0.192258
v 0.145964 0.009344 0.054214
v 0.092152 0.074596 0.068263
v 0.133518 0.085068 0.245578
v 0.124320 0.084485 0.269249
v 0.147599 0.068108 0.274785
v -0.055286 -0.142433 0.349348
v -0.079707 -0.122536 0.356064
v -0.095459 -0.125917 0.348162
v 0.090053 0.086604 0.107133
v 0.076646 0.077851 0.120439
v 0.100568 0.067949 0.115489
v -0.052419 -0.052715 0.118948
v 0.156712 -0.067650 0.326510
v 0.168173 -0.048800 0.313866
v 0.133367 -0.042416 0.349567
v 0.109711 -0.083809 0.049638
v 0.236094 -0.080905 0.163802
v 0.221947 -0.067650 0.196880
v 0.023938 -0.068073 0.245097
v 0.026896 -0.055566 0.239696
v 0.020841 -0.067649 0.256709
v -0.065526 -0.191010 0.201184
v -0.040522 -0.219472 0.216638
v -0.010353 -0.189383 0.217954
v -0.170146 0.012500 0.185221
v -0.171830 0.041730 0.200727
v -0.146045 0.026387 0.182271
v 0.165977 -0.205625 0.235648
v 0.162572 -0.193392 0.259880
v 0.147599 -0.203407 0.274785
v 0.098348 -0.070292 0.358391
v 0.106544 -0.059721 0.355914
v 0.074596 -0.052894 0.371855
v -0.069676 -0.067649 0.328692
v -0.041269 -0.075745 0.331209
v -0.081631 -0.084877 0.315140
v -0.073917 -0.136472 0.147843
v 0.205397 -0.007116 0.116292
v 0.222347 -0.019377 0.129684
v 0.184849 -0.023379 0.102388
v -0.090634 -0.022703 0.145446
v -0.131076 -0.028748 0.169827
v 0.013916 -0.108524 0.369093
v 0.017665 -0.094009 0.360834
v -0.164248 -0.067650 0.269825
v -0.183039 -0.067650 0.289795
v -0.116283 -0.070787 0.295575
v -0.023233 -0.067649 0.333855
v 0.007935 0.032490 0.124748
v 0.019954 0.041731 0.124532
v 0.170729 -0.032598 0.075502
v -0.002585 -0.069988 0.280343
v -0.005804 -0.067650 0.263060
v -0.027462 -0.068355 0.124796
v 0.156556 -0.067650 0.198531
v -0.007141 0.020412 0.145847
v -0.028542 0.001547 0.147265
v -0.022526 -0.013749 0.162086
v -0.143878 -0.188198 0.185283
v -0.149368 -0.164958 0.182716
v 0.193060 -0.050799 0.288149
v 0.193904 -0.017430 0.270587
v 0.179267 -0.015185 0.291629
v -0.099893 -0.070035 0.254666
v 0.171649 -0.027287 0.304995
v 0.027756 -0.118219 0.271285
v -0.015224 -0.050716 0.236604
v -0.055788 -0.185798 0.278271
v -0.096011 -0.174032 0.282749
v -0.083527 -0.193956 0.280343
v 0.052612 -0.166828 0.236506
v 0.068313 -0.165745 0.217332
v 0.147492 -0.169108 0.294953
v 0.165873 -0.155704 0.287486
v -0.044254 0.015467 0.093664
v -0.027595 0.016789 0.108743
v 0.094820 -0.047154 0.295873
v 0.184608 0.047399 0.237646
v 0.188367 0.054976 0.213608
v 0.064769 -0.000837 0.357647
v 0.142062 -0.144661 0.313243
v -0.028898 0.081398 0.165401
v 0.004209 0.091926 0.169055
v -0.026017 0.089313 0.149432
v -0.055977 -0.067650 0.368384
v -0.074447 -0.045000 0.367319
v -0.094207 -0.068087 0.358464
v -0.094988 0.056529 0.192745
v -0.017268 0.072531 0.127319
v -0.055804 0.071022 0.121293
v -0.024084 -0.164547 0.212707
v -0.022907 -0.158869 0.233590
v -0.028061 -0.150073 0.233292
v 0.061672 0.056614 0.063263
v 0.056313 0.067463 0.076189
v 0.040092 0.039854 0.124785
v 0.011814 0.059315 0.110141
v -0.051983 -0.158936 0.239905
v -0.003949 -0.067436 0.220688
v -0.008731 -0.057740 0.223934
v 0.045092 0.005375 0.090730
v 0.018665 0.029896 0.242380
v 0.073900 -0.232738 0.169783
v 0.100962 -0.234626 0.172571
v -0.100999 -0.130901 0.182725
v -0.111276 -0.144855 0.201015
v 0.191189 -0.067650 0.165709
v -0.114114 0.000622 0.134343
v -0.170146 -0.147799 0.185221
v -0.171830 -0.177029 0.200727
v 0.003575 -0.067250 0.247993
v -0.158110 0.010182 0.274895
v -0.166794 0.009300 0.285419
v 0.149337 -0.047380 0.136795
v 0.116681 -0.035014 0.163321
v 0.092470 -0.081285 0.057366
v -0.027353 -0.067650 0.373679
v 0.081785 -0.091319 0.011864
v 0.091737 -0.075277 0.005258
v 0.061977 -0.115110 0.251495
v 0.010766 -0.102713 0.267694
v 0.004366 -0.103027 0.351501
v -0.013509 -0.107175 0.371886
v -0.168696 0.019799 0.272766
v -0.003629 -0.076320 0.106086
v 0.112987 -0.067650 0.293907
v 0.092564 -0.022888 0.045722
v 0.192333 -0.080373 0.267268
v 0.154875 0.051184 0.093765
v -0.008586 -0.085891 0.287050
v -0.031339 -0.085133 0.284405
v 0.064261 0.052642 0.219549
v 0.052612 0.031529 0.236506
v 0.022687 -0.188985 0.224032
v 0.023960 -0.214053 0.219568
v -0.017696 0.039795 0.219575
v -0.011919 0.025202 0.245107
v 0.166207 -0.072361 0.313059
v 0.177690 -0.067650 0.286097
v -0.104201 0.048198 0.137107
v 0.136265 0.093421 0.193229
v 0.132439 0.080810 0.171274
v 0.108209 0.091001 0.150393
v 0.134297 0.048485 0.117478
v 0.080932 0.035572 0.120860
v -0.003696 -0.040604 0.138358
v -0.064165 0.052148 0.204701
v 0.224722 -0.073028 0.145242
v 0.077404 -0.170340 0.337913
v 0.022412 0.110851 0.201811
v 0.052433 0.113192 0.208384
v 0.077530 -0.051817 0.198034
v -0.047228 0.001239 0.163197
v -0.053886 -0.028568 0.146128
v -0.080035 -0.138501 0.192195
v -0.071289 -0.125217 0.177122
v 0.073900 0.097439 0.169783
v 0.031904 0.099580 0.168535
v 0.147040 0.026732 0.117686
v 0.108384 -0.241876 0.212772
v 0.068606 -0.246124 0.191906
v 0.111013 -0.232612 0.199744
v 0.025499 -0.235127 0.249011
v -0.193154 -0.150131 0.239053
v -0.164168 -0.176388 0.234598
v 0.067342 -0.093691 0.169614
v 0.068592 -0.089567 0.076373
v 0.064529 -0.036121 0.071729
v 0.046928 -0.165144 0.117436
v 0.089770 -0.163095 0.119888
v 0.109300 -0.133759 0.127964
v 0.096685 -0.182088 0.056785
v 0.150873 -0.131505 0.056679
v 0.127015 -0.182989 0.071763
v -0.194948 -0.125011 0.237449
v -0.187380 -0.128791 0.266627
v 0.133628 -0.218950 0.238980
v 0.153103 -0.050414 0.101079
v 0.139671 -0.050231 0.076040
v 0.167163 -0.042724 0.088006
v -0.153027 -0.124080 0.313574
v -0.142802 -0.096229 0.337255
v -0.165409 -0.108784 0.306924
v 0.175671 -0.188136 0.185615
v 0.065279 -0.002996 0.192843
v -0.043779 -0.182118 0.187669
v 0.124320 -0.219784 0.269249
v 0.098490 -0.237109 0.235570
v -0.126313 -0.143788 0.315619
v -0.111217 -0.142105 0.330385
v -0.139997 -0.130511 0.299236
v -0.113002 0.061368 0.163287
v -0.069440 0.071567 0.148210
v 0.076728 0.027792 0.202456
v 0.072688 0.039414 0.203011
v -0.109869 -0.030762 0.228619
v -0.111125 -0.025583 0.199287
v 0.008260 -0.141725 0.131013
v -0.030957 -0.043360 0.167744
v 0.073142 0.080471 0.288184
v 0.087660 0.093734 0.282335
v 0.054484 0.098046 0.270316
v 0.191845 0.032095 0.134926
v 0.174051 0.027681 0.113218
v 0.056801 -0.189799 0.076478
v 0.090455 -0.205340 0.083344
v 0.054929 -0.187901 0.090314
v 0.054893 0.092124 0.180257
v 0.135992 -0.074358 0.073785
v 0.064039 -0.101295 0.054012
v 0.086270 -0.104694 0.046472
v -0.070084 -0.119862 0.263122
v -0.067127 -0.138932 0.224403
v -0.028104 -0.135457 0.255437
v 0.087660 -0.081616 0.173414
v -0.085076 -0.165118 0.317101
v -0.110759 -0.163208 0.309924
v 0.077954 -0.033349 0.088048
v 0.015281 -0.155558 0.121171
v -0.037091 0.034848 0.195966
v 0.079568 0.083145 0.089428
v -0.120704 0.048589 0.269138
v 0.090680 -0.067650 0.238383
v -0.024498 -0.045075 0.373784
v -0.084317 -0.075300 0.144031
v -0.154572 -0.086604 0.146314
v 0.064223 -0.149305 0.254866
v 0.075605 -0.125192 0.252502
v 0.093847 -0.139446 0.230525
v 0.213236 -0.010473 0.211501
v 0.230490 -0.015722 0.183858
v 0.215096 0.008249 0.190828
v 0.165448 -0.047021 0.119808
v -0.025345 0.098980 0.176910
v 0.193904 -0.117869 0.270587
v -0.083527 0.058657 0.280343
v 0.211583 -0.003612 0.146047
v 0.195928 0.003603 0.140547
v 0.025446 0.095399 0.244143
v 0.095513 0.099210 0.272964
v 0.072049 0.107074 0.217189
v 0.064465 0.093764 0.244760
v -0.091285 -0.059698 0.252900
v -0.043629 -0.057259 0.285196
v -0.118138 -0.131979 0.323280
v -0.092533 -0.131137 0.331725
v 0.096423 -0.148823 0.177000
v 0.097785 -0.139869 0.187852
v 0.043464 -0.162318 0.153168
v 0.166076 -0.045742 0.137654
v 0.191229 -0.053755 0.109477
v 0.171649 -0.108012 0.304995
v 0.143432 -0.195159 0.144770
v 0.169343 -0.195346 0.231983
v 0.159860 -0.216992 0.212422
v 0.155863 -0.196607 0.204444
v -0.031696 -0.005006 0.104613
v -0.066202 -0.027168 0.113272
v -0.111125 -0.109716 0.199287
v 0.043821 -0.086326 0.327714
v 0.060071 -0.067650 0.326101
v -0.025046 -0.052488 0.210696
v -0.031339 -0.050166 0.284405
v -0.002953 -0.049919 0.283137
v 0.052488 -0.168075 0.067704
v 0.086954 -0.196694 0.066981
v -0.092156 -0.067650 0.326426
v -0.144948 -0.076507 0.320621
v -0.072581 -0.067650 0.309156
v 0.096417 0.029859 0.324313
v -0.072239 -0.186599 0.300255
v -0.025305 0.026284 0.234155
v 0.135422 -0.050626 0.166967
v 0.106019 -0.028984 0.165393
v 0.113232 -0.049205 0.066580
v -0.063291 0.080790 0.229993
v 0.215567 -0.120827 0.124327
v 0.210323 -0.127923 0.153819
v 0.207986 -0.147260 0.145459
v 0.069090 -0.043660 0.119759
v 0.050743 -0.021654 0.079439
v 0.062748 -0.084320 0.121611
v 0.074326 -0.087353 0.092028
v 0.089173 -0.056258 0.204598
v -0.063456 -0.104090 0.112633
v -0.140950 0.054780 0.233581
v -0.125647 0.064346 0.210377
v -0.000507 -0.142360 0.162509
v -0.042546 -0.081825 0.109528
v -0.021456 -0.115861 0.163524
v 0.003070 -0.114348 0.172206
v 0.212307 -0.059267 0.110000
v 0.195928 -0.138902 0.140547
v 0.222882 -0.128399 0.164703
v -0.047807 -0.206485 0.260854
v -0.075814 -0.207559 0.256655
v 0.013845 -0.022244 0.166083
v 0.159132 -0.180930 0.113355
v 0.092238 -0.219239 0.144334
v 0.128276 -0.123562 0.338115
v -0.111276 0.009555 0.201015
v 0.020373 -0.083399 0.074295
v 0.022095 -0.042471 0.073128
v 0.068606 0.110825 0.191906
v 0.099049 0.035877 0.132463
v 0.072705 0.047775 0.114745
v -0.033198 -0.227062 0.249629
v -0.011612 -0.228164 0.256110
v -0.073917 0.001172 0.147843
v -0.103433 0.025750 0.164553
v -0.130654 0.041898 0.173176
v 0.124514 0.055941 0.115623
v -0.007141 -0.155711 0.145847
v 0.085295 0.062482 0.318940
v 0.043539 -0.131638 0.087988
v 0.028542 -0.140742 0.096818
v 0.001617 0.032879 0.211794
v -0.002760 0.049811 0.220641
v -0.065526 0.055711 0.201184
v -0.071552 -0.058732 0.267680
v 0.145148 -0.020713 0.054169
v -0.013932 -0.179592 0.099992
v 0.019954 -0.177030 0.124532
v 0.223115 -0.016396 0.220032
v 0.235672 -0.046475 0.170557
v -0.119521 -0.031382 0.348894
v 0.031904 -0.234879 0.168535
v 0.044563 -0.228158 0.147140
v 0.041642 -0.168558 0.225720
v 0.062592 0.080202 0.301233
v 0.040962 0.073605 0.306572
v -0.032432 -0.123458 0.106401
v 0.152247 -0.030139 0.158233
v 0.130145 -0.013135 0.153458
v -0.173544 -0.157430 0.224159
v -0.180822 -0.163853 0.204628
v -0.104263 -0.010795 0.116277
v -0.107011 0.037858 0.269898
v -0.116901 0.053432 0.245420
v -0.067857 -0.197851 0.208714
v 0.115073 -0.172275 0.321267
v 0.058409 -0.056849 0.167591
v -0.120704 -0.183888 0.269138
v -0.107011 -0.173157 0.269898
v -0.143760 -0.162022 0.287856
v -0.109869 -0.104537 0.228619
v 0.002897 -0.131965 0.352648
v 0.038050 -0.143818 0.356297
v -0.072609 -0.117559 0.114764
v 0.112398 -0.129673 0.202255
v 0.127272 -0.144977 0.215746
v 0.019220 -0.067649 0.347682
v -0.182229 -0.067650 0.226078
v -0.206333 -0.031701 0.219328
v 0.165873 0.020405 0.287486
v 0.183757 0.022907 0.253201
v 0.111013 0.097313 0.199744
v 0.134711 0.094949 0.217626
v -0.059551 -0.009066 0.095700
v 0.201742 0.025783 0.187386
v 0.169558 0.067154 0.190748
v 0.034366 0.094749 0.274804
v -0.039243 -0.046477 0.175096
v -0.093382 -0.116761 0.149932
v 0.053467 -0.048173 0.219764
v 0.074312 -0.007536 0.244543
v 0.060456 0.004375 0.206459
v 0.092691 -0.121332 0.229973
v -0.073493 -0.153948 0.100608
v -0.059551 -0.126233 0.095700
v 0.053578 -0.015949 0.232187
v 0.002486 -0.035247 0.243712
v -0.036768 0.079369 0.209624
v -0.071865 0.078316 0.198625
v 0.050934 -0.051450 0.272643
v 0.001067 -0.094286 0.378953
v -0.034502 -0.067947 0.207366
v 0.076378 -0.122133 0.144660
v -0.123106 -0.091855 0.340459
v -0.113002 -0.196667 0.163287
v -0.115847 -0.177080 0.147066
v -0.104201 -0.183497 0.137107
v 0.118701 -0.207089 0.126703
v -0.198308 -0.154323 0.219120
v 0.093716 -0.051113 0.245416
v -0.015961 0.052889 0.293404
v -0.051648 0.046822 0.303756
v -0.024451 0.036316 0.332772
v -0.155538 -0.176351 0.253855
v 0.014484 -0.201919 0.305417
v 0.020144 -0.223529 0.282883
v 0.007935 -0.167789 0.124748
v -0.038999 -0.007628 0.272210
v 0.169931 -0.190154 0.145075
v -0.074447 -0.090299 0.367319
v -0.105726 -0.091728 0.358738
v -0.029174 -0.067650 0.279888
v 0.089301 -0.137465 0.348833
v -0.188588 -0.045657 0.168939
v -0.002756 -0.099573 0.166116
v -0.043779 0.046819 0.187669
v -0.142481 -0.188437 0.210655
v 0.072427 -0.074724 0.000000
v 0.055177 -0.077389 0.029627
v 0.071199 -0.053746 0.001240
v 0.108384 0.106577 0.212772
v -0.194948 -0.010288 0.237449
v -0.070125 -0.162403 0.217751
v -0.089428 -0.165602 0.196564
v 0.159726 0.044889 0.112373
v 0.169323 -0.026332 0.121292
v -0.052855 -0.168345 0.208149
v -0.036359 -0.193036 0.207632
v -0.095459 -0.009382 0.348162
v 0.079314 0.003694 0.140679
v 0.094918 0.004110 0.150568
v -0.198855 -0.076634 0.235851
v -0.211442 -0.099324 0.239942
v -0.019838 -0.232646 0.197318
v -0.071865 -0.213615 0.198625
v -0.048114 -0.177536 0.115792
v 0.004209 -0.227226 0.169055
v 0.020059 -0.243629 0.192294
v -0.025345 -0.234280 0.176910
v -0.055286 0.007134 0.349348
v 0.120140 -0.050576 0.191484
v 0.092238 0.083940 0.144334
v 0.170648 -0.076962 0.109096
v 0.183910 -0.103779 0.095896
v 0.156480 -0.095143 0.318412
v 0.068248 -0.052100 0.238547
v -0.090065 -0.030346 0.190881
v -0.100999 -0.004399 0.182725
v 0.044062 0.035762 0.070217
v -0.160637 -0.078003 0.319035
v -0.013509 -0.028125 0.371886
v -0.138681 -0.116777 0.330375
v 0.041681 -0.092212 0.054119
v -0.053910 -0.175299 0.306407
v 0.038341 -0.067650 0.329274
v 0.026631 -0.067650 0.374921
v 0.018491 0.106649 0.185949
v 0.074081 -0.218178 0.126095
v 0.039762 -0.204824 0.112500
v -0.070020 -0.035922 0.145564
v 0.048810 -0.097214 0.245908
v 0.095513 -0.234509 0.272964
v -0.105726 -0.043572 0.358738
v 0.009739 -0.134525 0.281084
v 0.016168 -0.168198 0.236577
v 0.006482 -0.243108 0.218027
v -0.014254 -0.210322 0.212330
v -0.076188 0.007841 0.179620
v 0.173787 0.046117 0.180396
v 0.155863 0.061308 0.204444
v 0.068527 -0.050508 0.307711
v -0.000507 0.007061 0.162509
v 0.037925 -0.085684 0.281349
v 0.049873 -0.090191 0.221707
v 0.038520 -0.021147 0.122740
v -0.028542 -0.136846 0.147265
v 0.118701 0.071790 0.126703
v 0.152945 -0.072030 0.130467
v -0.087836 -0.000540 0.221075
v -0.139204 -0.148286 0.313267
v 0.008016 -0.143077 0.338564
v 0.002259 -0.163073 0.320803
v 0.003747 -0.170436 0.329369
v 0.038045 -0.142117 0.273661
v 0.014527 -0.087232 0.286899
v 0.038506 -0.075591 0.278636
v 0.053460 0.019816 0.191687
v 0.125550 -0.197654 0.097893
v 0.166884 -0.158901 0.093075
v 0.104860 -0.094578 0.167772
v 0.133841 -0.079313 0.174034
v -0.004668 -0.045236 0.108481
v 0.145126 0.072657 0.198566
v 0.015281 0.020259 0.121171
v 0.074813 -0.023387 0.354515
v 0.043052 -0.024128 0.368341
v 0.092498 -0.040345 0.057247
v -0.213897 -0.028499 0.232762
v 0.152226 -0.134336 0.226030
v 0.106414 -0.006395 0.158199
v 0.158765 -0.144577 0.120372
v -0.028898 -0.216697 0.165401
v -0.032482 -0.084482 0.223861
v 0.001508 -0.090856 0.242571
v 0.098490 0.101809 0.235570
v -0.048477 -0.141675 0.163181
v -0.195739 -0.099635 0.184730
v 0.052861 -0.242623 0.217171
v 0.045535 0.039854 0.223273
v 0.024595 0.051684 0.188601
v 0.027356 -0.025504 0.272448
v -0.154572 -0.048695 0.146314
v -0.086941 -0.126755 0.223788
v 0.125594 -0.004434 0.335790
v -0.006950 -0.030932 0.141939
v 0.038130 0.072267 0.225073
v -0.070020 -0.099377 0.145564
v 0.096423 0.013524 0.177000
v 0.043464 0.027019 0.153168
v 0.095269 -0.000197 0.181219
v -0.104789 -0.176277 0.124479
v 0.013157 -0.057568 0.180622
v -0.101207 -0.067650 0.163349
v 0.025531 -0.153886 0.249282
v 0.018574 -0.068724 0.191298
v 0.027095 -0.172538 0.334929
v -0.020206 -0.230671 0.238347
v 0.031535 -0.063398 0.169397
v 0.221387 -0.054587 0.133920
v -0.015961 -0.188188 0.293404
v -0.049387 -0.188943 0.301105
v 0.062592 -0.215502 0.301233
v 0.094918 -0.139409 0.150568
v -0.091378 -0.204864 0.209478
v 0.233727 -0.101216 0.143685
v -0.060510 0.084166 0.159987
v 0.069397 -0.202439 0.097437
v -0.055788 0.050499 0.278271
v -0.043656 -0.125268 0.277334
v -0.093510 -0.144184 0.241784
v -0.039953 -0.054564 0.264142
v 0.075605 -0.010107 0.252502
v 0.044794 -0.216278 0.143451
v 0.028216 -0.176200 0.174057
v 0.009733 -0.130423 0.182478
v -0.091378 0.069565 0.209478
v -0.109250 -0.056147 0.290336
v 0.138475 -0.102694 0.139897
v -0.019838 0.097347 0.197318
v 0.128994 0.075073 0.106513
v -0.004660 -0.064348 0.190858
v 0.106062 -0.192618 0.114794
v 0.188367 -0.190276 0.213608
v 0.184608 -0.182698 0.237646
v 0.057769 -0.201522 0.228642
v 0.120945 -0.023331 0.059488
v 0.193060 -0.084500 0.288149
v -0.086057 -0.107440 0.258586
v -0.036058 0.036798 0.176089
v -0.069635 -0.160591 0.109644
v 0.064652 0.007388 0.176206
v 0.166362 -0.083096 0.076697
v 0.168316 -0.092626 0.071196
v 0.151891 -0.071082 0.095229
v 0.107702 -0.218470 0.256365
v -0.045644 -0.140563 0.331695
v -0.142481 0.053138 0.210655
v 0.053448 -0.186778 0.328688
v 0.056763 -0.085611 0.275097
v -0.051129 -0.058795 0.220355
v 0.075371 -0.139038 0.240108
v 0.072665 -0.166231 0.202978
v -0.191314 0.022835 0.213323
v -0.194050 0.016322 0.198154
v -0.166794 -0.144599 0.285419
v -0.039047 -0.053482 0.325165
v 0.211889 0.013508 0.230683
v 0.200323 0.025137 0.234585
v 0.203868 -0.001053 0.239740
v -0.140636 -0.067650 0.250301
v -0.164354 -0.079782 0.238527
v 0.089626 -0.156838 0.220942
v 0.112942 -0.195922 0.292611
v 0.113887 -0.191897 0.312672
v 0.085295 -0.197781 0.318940
v 0.100962 0.099327 0.172571
v -0.038211 -0.100499 0.123904
v 0.107702 0.083171 0.256365
v 0.102187 0.012910 0.199459
v 0.190778 -0.166117 0.215793
v -0.164687 -0.024690 0.177462
v 0.020144 0.088230 0.282883
v -0.011612 0.092865 0.256110
v -0.153027 -0.011219 0.313574
v 0.122802 -0.079456 0.158502
v -0.109074 -0.013079 0.139455
v -0.116464 0.024776 0.158807
v -0.116477 -0.075513 0.229829
v 0.110978 -0.215021 0.297076
v 0.035709 0.088988 0.126885
v 0.044794 0.080978 0.143451
v 0.073394 -0.072092 0.229610
v 0.229067 -0.027244 0.222913
v 0.021525 -0.101683 0.138678
v -0.122920 -0.054291 0.259169
v 0.089301 0.002166 0.348833
v 0.103754 -0.026619 0.352630
v -0.137735 -0.143194 0.183239
v 0.074858 0.028620 0.137967
v 0.113623 0.018827 0.132574
v 0.156912 -0.203163 0.157132
v 0.163578 -0.206920 0.189942
v -0.194050 -0.151622 0.198154
v -0.143991 -0.026051 0.331538
v -0.115847 0.041781 0.147066
v -0.045385 -0.122926 0.354627
v 0.073858 0.032219 0.342550
v 0.049263 -0.124199 0.174667
v 0.006405 -0.017825 0.270968
v 0.191845 -0.167394 0.134926
v -0.187380 -0.006508 0.266627
v -0.131076 -0.106551 0.169827
v -0.049488 -0.024582 0.164860
v 0.044563 0.092858 0.147140
v -0.162344 -0.149328 0.274043
v -0.006950 -0.104367 0.141939
v 0.080408 -0.035635 0.015864
v -0.086986 0.076706 0.171283
v -0.192351 -0.078842 0.175847
v 0.109499 -0.036012 0.048479
v 0.064652 -0.142687 0.176206
v 0.222882 -0.006900 0.164703
v -0.143878 0.052898 0.185283
v 0.127361 -0.172070 0.117571
v 0.144961 -0.096686 0.055843
v 0.114289 -0.089862 0.189666
v -0.115165 -0.007246 0.229427
v -0.119521 -0.103917 0.348894
v -0.164687 -0.110609 0.177462
v -0.186080 -0.096842 0.164334
v 0.192333 -0.054927 0.267268
v 0.197317 0.008152 0.253437
v 0.040923 -0.140560 0.121170
v 0.057769 0.066222 0.228642
v 0.092691 -0.013968 0.229973
v 0.112398 -0.005627 0.202255
v 0.064546 -0.024692 0.223140
v -0.173544 0.022131 0.224159
v 0.011519 0.090808 0.133315
v -0.063291 -0.216089 0.229993
v -0.044010 -0.158403 0.330173
v 0.038130 -0.207566 0.225073
v 0.169931 0.054854 0.145075
v -0.005122 0.071529 0.132303
v -0.187403 -0.057218 0.189562
v 0.093716 -0.084187 0.245416
v -0.190127 -0.043147 0.283398
v -0.208194 -0.042072 0.208093
v 0.102189 0.079047 0.279152
v -0.045953 -0.144258 0.230592
v -0.017187 -0.072866 0.201940
v -0.084754 -0.180497 0.112778
v 0.064223 0.014006 0.254866
v 0.089875 -0.039542 0.001746
v 0.052954 -0.109792 0.232149
v -0.093510 0.008885 0.241784
v 0.002259 0.027773 0.320803
v 0.011791 0.038031 0.233707
v -0.081631 -0.050422 0.315140
v 0.126892 0.004825 0.213308
v 0.152226 -0.000963 0.226030
v -0.097037 -0.210589 0.236932
v -0.016154 -0.119899 0.275231
v 0.134711 -0.230248 0.217626
v 0.183757 -0.158206 0.253201
v 0.081540 0.038333 0.332503
v -0.111879 -0.096563 0.150530
v 0.008260 0.006425 0.131013
v -0.097037 0.075290 0.236932
v 0.174400 -0.144388 0.106727
v -0.164354 -0.055517 0.238527
v 0.031462 -0.009922 0.112228
v 0.190778 0.030818 0.215793
v -0.194516 -0.116489 0.187342
v -0.136405 -0.001662 0.184726
v 0.143013 -0.186709 0.295321
v 0.054893 -0.227423 0.180257
v -0.010460 0.039397 0.326542
v -0.008245 -0.056616 0.178426
v -0.073945 -0.010633 0.261164
v 0.064546 -0.110607 0.223140
v 0.233727 -0.034083 0.143685
v -0.116901 -0.188731 0.245420
v 0.038296 0.035766 0.227372
v 0.156912 0.067864 0.157132
v 0.138253 -0.005698 0.140800
v -0.115165 -0.128053 0.229427
v -0.207179 -0.098885 0.214221
v 0.094900 -0.112642 0.048172
v -0.019610 -0.229305 0.153882
v -0.104320 -0.151414 0.117194
v -0.114114 -0.135921 0.134343
v -0.096573 -0.021614 0.226900
v 0.161702 -0.154156 0.076696
v 0.168512 -0.118255 0.066497
v 0.106414 -0.128905 0.158199
v 0.039762 0.069525 0.112500
v -0.072239 0.051299 0.300255
v 0.128916 -0.077018 0.194212
v 0.016118 -0.056764 0.144721
v -0.191945 -0.122556 0.276928
v -0.122920 -0.081008 0.259169
v 0.084049 -0.067650 0.341251
v 0.074676 -0.071705 0.109536
v 0.204748 0.019833 0.150248
v 0.043317 0.029695 0.323984
vt 0.031250 0.500000
vt 0.031250 0.500000
vt 0.031250 0.500000
vt 0.031250 0.500000
vt 0.031250 0.500000
vt 0.031250 0.500000
vt 0.031250 0.500000
vt 0.031250 0.500000
vt 0.031250 0.500000
vt 0.031250 0.500000
vt 0.031250 0.500000
vt 0.031250 0.500000
vt 0.031250 0.500000
vt 0.031250 0.500000
vt 0.031250 0.500000
vt 0.031250 0.500000
vt 0.031250 0.500000
vt 0.031250 0.500000
vt 0.031250 0.500000
vt 0.031250 0.500000
vt 0.031250 0.500000
vt 0.031250 0.500000
vt 0.031250 0.500000
vt 0.031250 0.500000
vt 0.031250 0.500000
vt 0.031250 0.500000
vt 0.031250 0.500000
vt 0.031250 0.500000
vt 0.031250 0.500000
vt 0.031250 0.500000
vt 0.031250 0.500000
vt 0.031250 0.500000
vt 0.031250 0.500000
vt 0.031250 0.500000
vt 0.031250 0.500000
vt 0.031250 0.500000
vt 0.031250 0.500000
vt 0.031250 0.500000
vt 0.031250 0.500000
vt 0.031250 0.500000
vt 0.031250 0.500000
vt 0.031250 0.500000
vt 0.031250 0.500000
vt 0.031250 0.500000
vt 0.031250 0.500000
vt 0.031250 0.500000
vt 0.031250 0.500000
vt 0.031250 0.500000
vt 0.031250 0.500000
vt 0.031250 0.500000
vt 0.031250 0.500000
vt 0.031250 0.500000
vt 0.031250 0.500000
vt 0.031250 0.500000
vt 0.031250 0.500000
vt 0.031250 0.500000
vt 0.031250 0.500000
vt 0.031250 0.500000
vt 0.031250 0.500000
vt 0.031250 0.500000
vt 0.031250 0.500000
vt 0.031250 0.500000
vt 0.031250 0.500000
vt 0.031250 0.500000
vt 0.031250 0.500000
vt 0.031250 0.500000
vt 0.031250 0.500000
vt 0.031250 0.500000
vt 0.031250 0.500000
vt 0.031250 0.500000
vt 0.031250 0.500000
vt 0.031250 0.500000
vt 0.031250 0.500000
vt 0.031250 0.500000
vt 0.031250 0.500000
vt 0.031250 0.500000
vt 0.031250 0.500000
vt 0.031250 0.500000
vt 0.031250 0.500000
vt 0.031250 0.500000
vt 0.031250 0.500000
vt 0.031250 0.500000
vt 0.031250 0.500000
vt 0.031250 0.500000
vt 0.031250 0.500000
vt 0.031250 0.500000
vt 0.031250 0.500000
vt 0.031250 0.500000
vt 0.031250 0.500000
vt 0.031250 0.500000
vt 0.031250 0.500000
vt 0.031250 0.500000
vt 0.031250 0.500000
vt 0.031250 0.500000
vt 0.031250 0.500000
vt 0.031250 0.500000
vt 0.031250 0.500000
vt 0.031250 0.500000
vt 0.031250 0.500000
vt 0.031250 0.500000
vt 0.031250 0.500000
vt 0.031250 0.500000
vt 0.031250 0.500000
vt 0.031250 0.500000
vt 0.031250 0.500000
vt 0.031250 0.500000
vt 0.031250 0.500000
vt 0.031250 0.500000
vt 0.031250 0.500000
vt 0.031250 0.500000
vt 0.031250 0.500000
vt 0.031250 0.500000
vt 0.031250 0.500000
vt 0.031250 0.500000
vt 0.031250 0.500000
vt 0.031250 0.500000
vt 0.031250 0.500000
vt 0.031250 0.500000
vt 0.031250 0.500000
vt 0.031250 0.500000
vt 0.031250 0.500000
vt 0.031250 0.500000
vt 0.031250 0.500000
vt 0.031250 0.500000
vt 0.031250 0.500000
vt 0.031250 0.500000
vt 0.031250 0.500000
vt 0.031250 0.500000
vt 0.031250 0.500000
vt 0.031250 0.500000
vt 0.031250 0.500000
vt 0.031250 0.500000
vt 0.031250 0.500000
vt 0.031250 0.500000
vt 0.031250 0.500000
vt 0.031250 0.500000
vt 0.031250 0.500000
vt 0.031250 0.500000
vt 0.031250 0.500000
vt 0.031250 0.500000
vt 0.031250 0.500000
vt 0.031250 0.500000
vt 0.031250 0.500000
vt 0.031250 0.500000
vt 0.031250 0.500000
vt 0.031250 0.500000
vt 0.031250 0.500000
vt 0.031250 0.500000
vt 0.031250 0.500000
vt 0.031250 0.500000
vt 0.031250 0.500000
vt 0.031250 0.500000
vt 0.031250 0.500000
vt 0.031250 0.500000
vt 0.031250 0.500000
vt 0.031250 0.500000
vt 0.031250 0.500000
vt 0.031250 0.500000
vt 0.031250 0.500000
vt 0.031250 0.500000
vt 0.031250 0.500000
vt 0.031250 0.500000
vt 0.031250 0.500000
vt 0.031250 0.500000
vt 0.031250 0.500000
vt 0.031250 0.500000
vt 0.031250 0.500000
vt 0.031250 0.500000
vt 0.031250 0.500000
vt 0.031250 0.500000
vt 0.031250 0.500000
vt 0.031250 0.500000
vt 0.031250 0.500000
vt 0.031250 0.500000
vt 0.031250 0.500000
vt 0.031250 0.500000
vt 0.031250 0.500000
vt 0.031250 0.500000
vt 0.031250 0.500000
vt 0.031250 0.500000
vt 0.031250 0.500000
vt 0.031250 0.500000
vt 0.031250 0.500000
vt 0.031250 0.500000
vt 0.031250 0.500000
vt 0.031250 0.500000
vt 0.031250 0.500000
vt 0.031250 0.500000
vt 0.031250 0.500000
vt 0.031250 0.500000
vt 0.031250 0.500000
vt 0.031250 0.500000
vt 0.031250 0.500000
vt 0.031250 0.500000
vt 0.031250 0.500000
vt 0.031250 0.500000
vt 0.031250 0.500000
vt 0.031250 0.500000
vt 0.031250 0.500000
vt 0.031250 0.500000
vt 0.031250 0.500000
vt 0.031250 0.500000
vt 0.031250 0.500000
vt 0.031250 0.500000
vt 0.031250 0.500000
vt 0.031250 0.500000
vt 0.031250 0.500000
vt 0.031250 0.500000
vt 0.031250 0.500000
vt 0.031250 0.500000
vt 0.031250 0.500000
vt 0.031250 0.500000
vt 0.031250 0.500000
vt 0.031250 0.500000
vt 0.031250 0.500000
vt 0.031250 0.500000
vt 0.031250 0.500000
vt 0.031250 0.500000
vt 0.031250 0.500000
vt 0.031250 0.500000
vt 0.031250 0.500000
vt 0.031250 0.500000
vt 0.031250 0.500000
vt 0.031250 0.500000
vt 0.031250 0.500000
vt 0.031250 0.500000
vt 0.031250 0.500000
vt 0.031250 0.500000
vt 0.031250 0.500000
vt 0.031250 0.500000
vt 0.031250 0.500000
vt 0.031250 0.500000
vt 0.031250 0.500000
vt 0.031250 0.500000
vt 0.031250 0.500000
vt 0.031250 0.500000
vt 0.031250 0.500000
vt 0.031250 0.500000
vt 0.031250 0.500000
vt 0.031250 0.500000
vt 0.031250 0.500000
vt 0.031250 0.500000
vt 0.031250 0.500000
vt 0.031250 0.500000
vt 0.031250 0.500000
vt 0.031250 0.500000
vt 0.031250 0.500000
vt 0.031250 0.500000
vt 0.031250 0.500000
vt 0.031250 0.500000
vt 0.031250 0.500000
vt 0.031250 0.500000
vt 0.031250 0.500000
vt 0.031250 0.500000
vt 0.031250 0.500000
vt 0.031250 0.500000
vt 0.031250 0.500000
vt 0.031250 0.500000
vt 0.031250 0.500000
vt 0.031250 0.500000
vt 0.031250 0.500000
vt 0.031250 0.500000
vt 0.031250 0.500000
vt 0.031250 0.500000
vt 0.031250 0.500000
vt 0.031250 0.500000
vt 0.031250 0.500000
vt 0.031250 0.500000
vt 0.031250 0.500000
vt 0.031250 0.500000
vt 0.031250 0.500000
vt 0.031250 0.500000
vt 0.031250 0.500000
vt 0.031250 0.500000
vt 0.031250 0.500000
vt 0.031250 0.500000
vt 0.031250 0.500000
vt 0.031250 0.500000
vt 0.031250 0.500000
vt 0.031250 0.500000
vt 0.031250 0.500000
vt 0.031250 0.500000
vt 0.031250 0.500000
vt 0.031250 0.500000
vt 0.031250 0.500000
vt 0.031250 0.500000
vt 0.031250 0.500000
vt 0.031250 0.500000
vt 0.031250 0.500000
vt 0.031250 0.500000
vt 0.031250 0.500000
vt 0.031250 0.500000
vt 0.031250 0.500000
vt 0.031250 0.500000
vt 0.031250 0.500000
vt 0.031250 0.500000
vt 0.031250 0.500000
vt 0.031250 0.500000
vt 0.031250 0.500000
vt 0.031250 0.500000
vt 0.031250 0.500000
vt 0.031250 0.500000
vt 0.031250 0.500000
vt 0.031250 0.500000
vt 0.031250 0.500000
vt 0.031250 0.500000
vt 0.031250 0.500000
vt 0.031250 0.500000
vt 0.031250 0.500000
vt 0.031250 0.500000
vt 0.031250 0.500000
vt 0.031250 0.500000
vt 0.031250 0.500000
vt 0.031250 0.500000
vt 0.031250 0.500000
vt 0.031250 0.500000
vt 0.031250 0.500000
vt 0.031250 0.500000
vt 0.031250 0.500000
vt 0.031250 0.500000
vt 0.031250 0.500000
vt 0.031250 0.500000
vt 0.031250 0.500000
vt 0.031250 0.500000
vt 0.031250 0.500000
vt 0.031250 0.500000
vt 0.031250 0.500000
vt 0.031250 0.500000
vt 0.031250 0.500000
vt 0.031250 0.500000
vt 0.031250 0.500000
vt 0.031250 0.500000
vt 0.031250 0.500000
vt 0.031250 0.500000
vt 0.031250 0.500000
vt 0.031250 0.500000
vt 0.031250 0.500000
vt 0.031250 0.500000
vt 0.031250 0.500000
vt 0.031250 0.500000
vt 0.031250 0.500000
vt 0.031250 0.500000
vt 0.031250 0.500000
vt 0.031250 0.500000
vt 0.031250 0.500000
vt 0.031250 0.500000
vt 0.031250 0.500000
vt 0.031250 0.500000
vt 0.031250 0.500000
vt 0.031250 0.500000
vt 0.031250 0.500000
vt 0.031250 0.500000
vt 0.031250 0.500000
vt 0.031250 0.500000
vt 0.031250 0.500000
vt 0.031250 0.500000
vt 0.031250 0.500000
vt 0.031250 0.500000
vt 0.031250 0.500000
vt 0.031250 0.500000
vt 0.031250 0.500000
vt 0.031250 0.500000
vt 0.031250 0.500000
vt 0.031250 0.500000
vt 0.031250 0.500000
vt 0.031250 0.500000
vt 0.031250 0.500000
vt 0.031250 0.500000
vt 0.031250 0.500000
vt 0.031250 0.500000
vt 0.031250 0.500000
vt 0.031250 0.500000
vt 0.031250 0.500000
vt 0.031250 0.500000
vt 0.031250 0.500000
vt 0.031250 0.500000
vt 0.031250 0.500000
vt 0.031250 0.500000
vt 0.031250 0.500000
vt 0.031250 0.500000
vt 0.031250 0.500000
vt 0.031250 0.500000
vt 0.031250 0.500000
vt 0.031250 0.500000
vt 0.031250 0.500000
vt 0.031250 0.500000
vt 0.031250 0.500000
vt 0.031250 0.500000
vt 0.031250 0.500000
vt 0.031250 0.500000
vt 0.031250 0.500000
vt 0.031250 0.500000
vt 0.031250 0.500000
vt 0.031250 0.500000
vt 0.031250 0.500000
vt 0.031250 0.500000
vt 0.031250 0.500000
vt 0.031250 0.500000
vt 0.031250 0.500000
vt 0.031250 0.500000
vt 0.031250 0.500000
vt 0.031250 0.500000
vt 0.031250 0.500000
vt 0.031250 0.500000
vt 0.031250 0.500000
vt 0.031250 0.500000
vt 0.031250 0.500000
vt 0.031250 0.500000
vt 0.031250 0.500000
vt 0.031250 0.500000
vt 0.031250 0.500000
vt 0.031250 0.500000
vt 0.031250 0.500000
vt 0.031250 0.500000
vt 0.031250 0.500000
vt 0.031250 0.500000
vt 0.031250 0.500000
vt 0.031250 0.500000
vt 0.031250 0.500000
vt 0.031250 0.500000
vt 0.031250 0.500000
vt 0.031250 0.500000
vt 0.031250 0.500000
vt 0.031250 0.500000
vt 0.031250 0.500000
vt 0.031250 0.500000
vt 0.031250 0.500000
vt 0.031250 0.500000
vt 0.031250 0.500000
vt 0.031250 0.500000
vt 0.031250 0.500000
vt 0.031250 0.500000
vt 0.031250 0.500000
vt 0.031250 0.500000
vt 0.031250 0.500000
vt 0.031250 0.500000
vt 0.031250 0.500000
vt 0.031250 0.500000
vt 0.031250 0.500000
vt 0.031250 0.500000
vt 0.031250 0.500000
vt 0.031250 0.500000
vt 0.031250 0.500000
vt 0.031250 0.500000
vt 0.031250 0.500000
vt 0.031250 0.500000
vt 0.031250 0.500000
vt 0.031250 0.500000
vt 0.031250 0.500000
vt 0.031250 0.500000
vt 0.031250 0.500000
vt 0.031250 0.500000
vt 0.031250 0.500000
vt 0.031250 0.500000
vt 0.031250 0.500000
vt 0.031250 0.500000
vt 0.031250 0.500000
vt 0.031250 0.500000
vt 0.031250 0.500000
vt 0.031250 0.500000
vt 0.031250 0.500000
vt 0.031250 0.500000
vt 0.031250 0.500000
vt 0.031250 0.500000
vt 0.031250 0.500000
vt 0.031250 0.500000
vt 0.031250 0.500000
vt 0.031250 0.500000
vt 0.031250 0.500000
vt 0.031250 0.500000
vt 0.031250 0.500000
vt 0.031250 0.500000
vt 0.031250 0.500000
vt 0.031250 0.500000
vt 0.031250 0.500000
vt 0.031250 0.500000
vt 0.031250 0.500000
vt 0.031250 0.500000
vt 0.031250 0.500000
vt 0.031250 0.500000
vt 0.031250 0.500000
vt 0.031250 0.500000
vt 0.031250 0.500000
vt 0.031250 0.500000
vt 0.031250 0.500000
vt 0.031250 0.500000
vt 0.031250 0.500000
vt 0.031250 0.500000
vt 0.031250 0.500000
vt 0.031250 0.500000
vt 0.031250 0.500000
vt 0.031250 0.500000
vt 0.031250 0.500000
vt 0.031250 0.500000
vt 0.031250 0.500000
vt 0.031250 0.500000
vt 0.031250 0.500000
vt 0.031250 0.500000
vt 0.031250 0.500000
vt 0.031250 0.500000
vt 0.031250 0.500000
vt 0.031250 0.500000
vt 0.031250 0.500000
vt 0.031250 0.500000
vt 0.031250 0.500000
vt 0.031250 0.500000
vt 0.031250 0.500000
vt 0.031250 0.500000
vt 0.031250 0.500000
vt 0.031250 0.500000
vt 0.031250 0.500000
vt 0.031250 0.500000
vt 0.031250 0.500000
vt 0.031250 0.500000
vt 0.031250 0.500000
vt 0.031250 0.500000
vt 0.031250 0.500000
vt 0.031250 0.500000
vt 0.031250 0.500000
vt 0.031250 0.500000
vt 0.031250 0.500000
vt 0.031250 0.500000
vt 0.031250 0.500000
vt 0.031250 0.500000
vt 0.031250 0.500000
vt 0.031250 0.500000
vt 0.031250 0.500000
vt 0.031250 0.500000
vt 0.031250 0.500000
vt 0.031250 0.500000
vt 0.031250 0.500000
vt 0.031250 0.500000
vt 0.031250 0.500000
vt 0.031250 0.500000
vt 0.031250 0.500000
vt 0.031250 0.500000
vt 0.031250 0.500000
vt 0.031250 0.500000
vt 0.031250 0.500000
vt 0.031250 0.500000
vt 0.031250 0.500000
vt 0.031250 0.500000
vt 0.031250 0.500000
vt 0.031250 0.500000
vt 0.031250 0.500000
vt 0.031250 0.500000
vt 0.031250 0.500000
vt 0.031250 0.500000
vt 0.031250 0.500000
vt 0.031250 0.500000
vt 0.031250 0.500000
vt 0.031250 0.500000
vt 0.031250 0.500000
vt 0.031250 0.500000
vt 0.031250 0.500000
vt 0.031250 0.500000
vt 0.031250 0.500000
vt 0.031250 0.500000
vt 0.031250 0.500000
vt 0.031250 0.500000
vt 0.031250 0.500000
vt 0.031250 0.500000
vt 0.031250 0.500000
vt 0.031250 0.500000
vt 0.031250 0.500000
vt 0.031250 0.500000
vt 0.031250 0.500000
vt 0.031250 0.500000
vt 0.031250 0.500000
vt 0.031250 0.500000
vt 0.031250 0.500000
vt 0.031250 0.500000
vt 0.031250 0.500000
vt 0.031250 0.500000
vt 0.031250 0.500000
vt 0.031250 0.500000
vt 0.031250 0.500000
vt 0.031250 0.500000
vt 0.031250 0.500000
vt 0.031250 0.500000
vt 0.031250 0.500000
vt 0.031250 0.500000
vt 0.031250 0.500000
vt 0.031250 0.500000
vt 0.031250 0.500000
vt 0.031250 0.500000
vt 0.031250 0.500000
vt 0.031250 0.500000
vt 0.031250 0.500000
vt 0.031250 0.500000
vt 0.031250 0.500000
vt 0.031250 0.500000
vt 0.031250 0.500000
vt 0.031250 0.500000
vt 0.031250 0.500000
vt 0.031250 0.500000
vt 0.031250 0.500000
vt 0.031250 0.500000
vt 0.031250 0.500000
vt 0.031250 0.500000
vt 0.031250 0.500000
vt 0.031250 0.500000
vt 0.031250 0.500000
vt 0.031250 0.500000
vt 0.031250 0.500000
vt 0.031250 0.500000
vt 0.031250 0.500000
vt 0.031250 0.500000
vt 0.031250 0.500000
vt 0.031250 0.500000
vt 0.031250 0.500000
vt 0.031250 0.500000
vt 0.031250 0.500000
vt 0.031250 0.500000
vt 0.031250 0.500000
vt 0.031250 0.500000
vt 0.031250 0.500000
vt 0.031250 0.500000
vt 0.031250 0.500000
vt 0.031250 0.500000
vt 0.031250 0.500000
vt 0.031250 0.500000
vt 0.031250 0.500000
vt 0.031250 0.500000
vt 0.031250 0.500000
vt 0.031250 0.500000
vt 0.031250 0.500000
vt 0.031250 0.500000
vt 0.031250 0.500000
vt 0.031250 0.500000
vt 0.031250 0.500000
vt 0.031250 0.500000
vt 0.031250 0.500000
vt 0.031250 0.500000
vt 0.031250 0.500000
vt 0.031250 0.500000
vt 0.031250 0.500000
vt 0.031250 0.500000
vt 0.031250 0.500000
vt 0.031250 0.500000
vt 0.031250 0.500000
vt 0.031250 0.500000
vt 0.031250 0.500000
vt 0.031250 0.500000
vt 0.031250 0.500000
vt 0.031250 0.500000
vt 0.031250 0.500000
vt 0.031250 0.500000
vt 0.031250 0.500000
vt 0.031250 0.500000
vt 0.031250 0.500000
vt 0.031250 0.500000
vt 0.031250 0.500000
vt 0.031250 0.500000
vt 0.031250 0.500000
vt 0.031250 0.500000
vt 0.031250 0.500000
vt 0.031250 0.500000
vt 0.031250 0.500000
vt 0.031250 0.500000
vt 0.031250 0.500000
vt 0.031250 0.500000
vt 0.031250 0.500000
vt 0.031250 0.500000
vt 0.031250 0.500000
vt 0.031250 0.500000
vt 0.031250 0.500000
vt 0.031250 0.500000
vt 0.031250 0.500000
vt 0.031250 0.500000
vt 0.031250 0.500000
vt 0.031250 0.500000
vt 0.031250 0.500000
vt 0.031250 0.500000
vt 0.031250 0.500000
vt 0.031250 0.500000
vt 0.031250 0.500000
vt 0.031250 0.500000
vt 0.031250 0.500000
vt 0.031250 0.500000
vt 0.031250 0.500000
vt 0.031250 0.500000
vt 0.031250 0.500000
vt 0.031250 0.500000
vt 0.031250 0.500000
vt 0.031250 0.500000
vt 0.031250 0.500000
vt 0.031250 0.500000
vt 0.031250 0.500000
vt 0.031250 0.500000
vt 0.031250 0.500000
vt 0.031250 0.500000
vt 0.031250 0.500000
vt 0.031250 0.500000
vt 0.031250 0.500000
vt 0.031250 0.500000
vt 0.031250 0.500000
vt 0.031250 0.500000
vt 0.031250 0.500000
vt 0.031250 0.500000
vt 0.031250 0.500000
vt 0.031250 0.500000
vt 0.031250 0.500000
vt 0.031250 0.500000
vt 0.031250 0.500000
vt 0.031250 0.500000
vt 0.031250 0.500000
vt 0.031250 0.500000
vt 0.031250 0.500000
vt 0.031250 0.500000
vt 0.031250 0.500000
vt 0.031250 0.500000
vt 0.031250 0.500000
vt 0.031250 0.500000
vt 0.031250 0.500000
vt 0.031250 0.500000
vt 0.031250 0.500000
vt 0.031250 0.500000
vt 0.031250 0.500000
vt 0.031250 0.500000
vt 0.031250 0.500000
vt 0.031250 0.500000
vt 0.031250 0.500000
vt 0.031250 0.500000
vt 0.031250 0.500000
vt 0.031250 0.500000
vt 0.031250 0.500000
vt 0.031250 0.500000
vt 0.031250 0.500000
vt 0.031250 0.500000
vt 0.031250 0.500000
vt 0.031250 0.500000
vt 0.031250 0.500000
vt 0.031250 0.500000
vt 0.031250 0.500000
vt 0.031250 0.500000
vt 0.031250 0.500000
vt 0.031250 0.500000
vt 0.031250 0.500000
vt 0.031250 0.500000
vt 0.031250 0.500000
vt 0.031250 0.500000
vt 0.031250 0.500000
vt 0.031250 0.500000
vt 0.031250 0.500000
vt 0.031250 0.500000
vt 0.031250 0.500000
vt 0.031250 0.500000
vt 0.031250 0.500000
vt 0.031250 0.500000
vt 0.031250 0.500000
vt 0.031250 0.500000
vt 0.031250 0.500000
vt 0.031250 0.500000
vt 0.031250 0.500000
vt 0.031250 0.500000
vt 0.031250 0.500000
vt 0.031250 0.500000
vt 0.031250 0.500000
vt 0.031250 0.500000
vt 0.031250 0.500000
vt 0.031250 0.500000
vt 0.031250 0.500000
vt 0.031250 0.500000
vt 0.031250 0.500000
vt 0.031250 0.500000
vt 0.031250 0.500000
vt 0.031250 0.500000
vt 0.031250 0.500000
vt 0.031250 0.500000
vt 0.031250 0.500000
vt 0.031250 0.500000
vt 0.031250 0.500000
vt 0.031250 0.500000
vt 0.031250 0.500000
vt 0.031250 0.500000
vt 0.031250 0.500000
vt 0.031250 0.500000
vt 0.031250 0.500000
vt 0.031250 0.500000
vt 0.031250 0.500000
vt 0.031250 0.500000
vt 0.031250 0.500000
vt 0.031250 0.500000
vt 0.031250 0.500000
vt 0.031250 0.500000
vt 0.031250 0.500000
vt 0.031250 0.500000
vt 0.031250 0.500000
vt 0.031250 0.500000
vt 0.031250 0.500000
vt 0.031250 0.500000
vt 0.031250 0.500000
vt 0.031250 0.500000
vt 0.031250 0.500000
vt 0.031250 0.500000
vt 0.031250 0.500000
vt 0.031250 0.500000
vt 0.031250 0.500000
vt 0.031250 0.500000
vt 0.031250 0.500000
vt 0.031250 0.500000
vt 0.031250 0.500000
vt 0.031250 0.500000
vt 0.031250 0.500000
vt 0.031250 0.500000
vt 0.031250 0.500000
vt 0.031250 0.500000
vt 0.031250 0.500000
vt 0.031250 0.500000
vt 0.031250 0.500000
vt 0.031250 0.500000
vt 0.031250 0.500000
vt 0.031250 0.500000
vt 0.031250 0.500000
vt 0.031250 0.500000
vt 0.031250 0.500000
vt 0.031250 0.500000
vt 0.031250 0.500000
vt 0.031250 0.500000
vt 0.031250 0.500000
vt 0.031250 0.500000
vt 0.031250 0.500000
vt 0.031250 0.500000
vt 0.031250 0.500000
vt 0.031250 0.500000
vt 0.031250 0.500000
vt 0.031250 0.500000
vt 0.031250 0.500000
vt 0.031250 0.500000
vt 0.031250 0.500000
vt 0.031250 0.500000
vt 0.031250 0.500000
vt 0.031250 0.500000
vt 0.031250 0.500000
vt 0.031250 0.500000
vt 0.031250 0.500000
vt 0.031250 0.500000
vt 0.031250 0.500000
vt 0.031250 0.500000
vt 0.031250 0.500000
vt 0.031250 0.500000
vt 0.031250 0.500000
vt 0.031250 0.500000
vt 0.031250 0.500000
vt 0.031250 0.500000
vt 0.031250 0.500000
vt 0.031250 0.500000
vt 0.031250 0.500000
vt 0.031250 0.500000
vt 0.031250 0.500000
vt 0.031250 0.500000
vt 0.031250 0.500000
vt 0.031250 0.500000
vt 0.031250 0.500000
vt 0.031250 0.500000
vt 0.031250 0.500000
vt 0.031250 0.500000
vt 0.031250 0.500000
vt 0.031250 0.500000
vt 0.031250 0.500000
vt 0.031250 0.500000
vt 0.031250 0.500000
vt 0.031250 0.500000
vt 0.031250 0.500000
vt 0.031250 0.500000
vt 0.031250 0.500000
vt 0.031250 0.500000
vt 0.031250 0.500000
vt 0.031250 0.500000
vt 0.031250 0.500000
vt 0.031250 0.500000
vt 0.031250 0.500000
vt 0.031250 0.500000
vt 0.031250 0.500000
vt 0.031250 0.500000
vt 0.031250 0.500000
vt 0.031250 0.500000
vt 0.031250 0.500000
vt 0.031250 0.500000
vt 0.031250 0.500000
vt 0.031250 0.500000
vt 0.031250 0.500000
vt 0.031250 0.500000
vt 0.031250 0.500000
vt 0.031250 0.500000
vt 0.031250 0.500000
vt 0.031250 0.500000
vt 0.031250 0.500000
vt 0.031250 0.500000
vt 0.031250 0.500000
vt 0.031250 0.500000
vt 0.031250 0.500000
vt 0.031250 0.500000
vt 0.031250 0.500000
vt 0.031250 0.500000
vt 0.031250 0.500000
vt 0.031250 0.500000
vt 0.031250 0.500000
vt 0.031250 0.500000
vt 0.031250 0.500000
vt 0.031250 0.500000
vt 0.031250 0.500000
vt 0.031250 0.500000
vt 0.031250 0.500000
vt 0.031250 0.500000
vt 0.031250 0.500000
vt 0.031250 0.500000
vt 0.031250 0.500000
vt 0.031250 0.500000
vt 0.031250 0.500000
vt 0.031250 0.500000
vt 0.031250 0.500000
vt 0.031250 0.500000
vt 0.031250 0.500000
vt 0.031250 0.500000
vt 0.031250 0.500000
vt 0.031250 0.500000
vt 0.031250 0.500000
vt 0.031250 0.500000
vt 0.031250 0.500000
vt 0.031250 0.500000
vt 0.031250 0.500000
vt 0.031250 0.500000
vt 0.031250 0.500000
vt 0.031250 0.500000
vt 0.031250 0.500000
vt 0.031250 0.500000
vt 0.031250 0.500000
vt 0.031250 0.500000
vt 0.031250 0.500000
vt 0.031250 0.500000
vt 0.031250 0.500000
vt 0.031250 0.500000
vt 0.031250 0.500000
vt 0.031250 0.500000
vt 0.031250 0.500000
vt 0.031250 0.500000
vt 0.031250 0.500000
vt 0.031250 0.500000
vt 0.031250 0.500000
vt 0.031250 0.500000
vt 0.031250 0.500000
vt 0.031250 0.500000
vt 0.031250 0.500000
vt 0.031250 0.500000
vt 0.031250 0.500000
vt 0.031250 0.500000
vt 0.031250 0.500000
vt 0.031250 0.500000
vt 0.031250 0.500000
vt 0.031250 0.500000
vt 0.031250 0.500000
vt 0.031250 0.500000
vt 0.031250 0.500000
vt 0.031250 0.500000
vt 0.031250 0.500000
vt 0.031250 0.500000
vt 0.031250 0.500000
vt 0.031250 0.500000
vt 0.031250 0.500000
vt 0.031250 0.500000
vt 0.031250 0.500000
vt 0.031250 0.500000
vt 0.031250 0.500000
vt 0.031250 0.500000
vt 0.031250 0.500000
vt 0.031250 0.500000
vt 0.031250 0.500000
vt 0.031250 0.500000
vt 0.031250 0.500000
vt 0.031250 0.500000
vt 0.031250 0.500000
vt 0.031250 0.500000
vt 0.031250 0.500000
vt 0.031250 0.500000
vt 0.031250 0.500000
vt 0.031250 0.500000
vt 0.031250 0.500000
vt 0.031250 0.500000
vt 0.031250 0.500000
vt 0.031250 0.500000
vt 0.031250 0.500000
vt 0.031250 0.500000
vt 0.031250 0.500000
vt 0.031250 0.500000
vt 0.031250 0.500000
vt 0.031250 0.500000
vt 0.031250 0.500000
vt 0.031250 0.500000
vt 0.031250 0.500000
vt 0.031250 0.500000
vt 0.031250 0.500000
vt 0.031250 0.500000
vt 0.031250 0.500000
vt 0.031250 0.500000
vt 0.031250 0.500000
vt 0.031250 0.500000
vt 0.031250 0.500000
vt 0.031250 0.500000
vt 0.031250 0.500000
vt 0.031250 0.500000
vt 0.031250 0.500000
vt 0.031250 0.500000
vt 0.031250 0.500000
vt 0.031250 0.500000
vt 0.031250 0.500000
vt 0.031250 0.500000
vt 0.031250 0.500000
vt 0.031250 0.500000
vt 0.031250 0.500000
vt 0.031250 0.500000
vt 0.031250 0.500000
vt 0.031250 0.500000
vt 0.031250 0.500000
vt 0.031250 0.500000
vt 0.031250 0.500000
vt 0.031250 0.500000
vt 0.031250 0.500000
vt 0.031250 0.500000
vt 0.031250 0.500000
vt 0.031250 0.500000
vt 0.031250 0.500000
vt 0.031250 0.500000
vt 0.031250 0.500000
vt 0.031250 0.500000
vt 0.031250 0.500000
vt 0.031250 0.500000
vt 0.031250 0.500000
vt 0.031250 0.500000
vt 0.031250 0.500000
vt 0.031250 0.500000
vt 0.031250 0.500000
vt 0.031250 0.500000
vt 0.031250 0.500000
vt 0.031250 0.500000
vt 0.031250 0.500000
vt 0.031250 0.500000
vt 0.031250 0.500000
vt 0.031250 0.500000
vt 0.031250 0.500000
vt 0.031250 0.500000
vt 0.031250 0.500000
vt 0.031250 0.500000
vt 0.031250 0.500000
vt 0.031250 0.500000
vt 0.031250 0.500000
vt 0.031250 0.500000
vt 0.031250 0.500000
vt 0.031250 0.500000
vt 0.031250 0.500000
vt 0.031250 0.500000
vt 0.031250 0.500000
vt 0.031250 0.500000
vt 0.031250 0.500000
vt 0.031250 0.500000
vt 0.031250 0.500000
vt 0.031250 0.500000
vt 0.031250 0.500000
vt 0.031250 0.500000
vt 0.031250 0.500000
vt 0.031250 0.500000
vn -0.243051 -0.105446 -0.964265
vn 0.294455 0.138251 -0.945612
vn 0.024812 0.040545 -0.998870
vn -0.132899 0.753488 0.643890
vn -0.227999 0.918829 -0.322133
vn -0.901556 0.123799 0.414572
vn -0.068707 -0.937865 0.340130
vn -0.151724 -0.834243 -0.530112
vn 0.988789 0.077114 -0.127865
vn 0.739344 0.673105 0.017325
vn -0.159855 -0.934544 0.317921
vn 0.409720 0.758753 -0.506383
vn 0.550757 0.252445 -0.795574
vn -0.291878 -0.947421 -0.131148
vn 0.411829 -0.237216 0.879844
vn 0.593649 -0.122794 0.795300
vn -0.853870 0.000000 -0.520486
vn -0.284130 -0.000000 -0.958786
vn -0.477158 -0.859635 0.182614
vn -0.844693 -0.450491 0.289052
vn -0.887894 0.375948 0.265154
vn -0.920219 0.364515 -0.142569
vn -0.959190 0.101117 -0.264065
vn -0.723599 0.637413 0.264780
vn -0.477017 -0.201736 -0.855428
vn -0.378268 -0.886390 -0.266881
vn -0.350457 -0.848846 -0.395779
vn -0.291983 0.800846 0.522868
vn -0.249003 0.962871 0.104289
vn 0.100137 0.353808 -0.929942
vn -0.250027 0.321220 -0.913403
vn -0.204201 0.978922 -0.003637
vn 0.734463 -0.495647 -0.463571
vn 0.439160 -0.000000 -0.898409
vn 0.275562 -0.094158 -0.956661
vn -0.619246 -0.650377 -0.439936
vn -0.751113 -0.153952 -0.641972
vn -0.558230 0.228437 -0.797619
vn -0.299748 -0.505812 -0.808891
vn -0.330458 -0.095596 0.938967
vn -0.219762 -0.967202 0.127379
vn -0.136809 0.974314 0.178874
vn 0.283311 0.912899 0.293856
vn -0.316222 0.928776 -0.193334
vn 0.163996 0.819236 0.549507
vn 0.232434 0.149419 0.961066
vn 0.235063 -0.750809 0.617277
vn 0.781638 -0.595551 0.185365
vn 0.780712 0.584031 0.222255
vn 0.961439 -0.022141 0.274125
vn 0.369199 0.110877 -0.922713
vn -0.180802 0.014768 0.983409
vn 0.258696 -0.353353 0.899009
vn -0.983099 -0.000001 0.183075
vn -0.128222 -0.989241 -0.070435
vn -0.606062 -0.000000 -0.795418
vn -0.203864 0.192313 0.959925
vn 0.004024 0.300027 0.953922
vn 0.084263 0.135117 0.987240
vn -0.054135 -0.764252 0.642641
vn -0.614357 -0.787907 0.042042
vn 0.877241 -0.439036 0.194153
vn 0.981336 -0.061829 0.182090
vn 0.990031 0.117862 0.077122
vn -0.682833 0.033389 -0.729812
vn -0.220532 -0.065041 -0.973209
vn 0.102185 0.203434 -0.973742
vn -0.352080 0.048067 -0.934735
vn -0.315787 0.013549 -0.948733
vn 0.173081 0.599948 0.781093
vn 0.104423 0.470626 0.876132
vn -0.098080 0.544527 0.832989
vn 0.285116 0.323627 -0.902205
vn 0.214906 0.454904 -0.864221
vn 0.403428 0.754195 -0.518108
vn 0.365089 0.748220 -0.553965
vn 0.621980 -0.124284 0.773107
vn 0.709399 -0.345775 0.614160
vn 0.573049 -0.493310 0.654416
vn -0.071341 -0.381022 -0.921809
vn -0.926481 0.075014 -0.368789
vn 0.555080 0.701898 0.446348
vn 0.430092 0.481518 0.763650
vn 0.501362 0.434825 0.748040
vn 0.138856 0.989879 0.029313
vn -0.062364 -0.962313 -0.264696
vn -0.038502 0.190469 -0.980938
vn 0.018532 -0.027552 -0.999449
vn -0.089374 -0.981642 -0.168497
vn -0.656736 -0.241553 0.714388
vn -0.624142 0.472056 0.622583
vn -0.813924 0.375531 0.443288
vn 0.356145 -0.012352 -0.934349
vn 0.920022 0.255895 -0.296778
vn 0.367366 -0.880268 -0.300285
vn -0.147670 -0.537910 0.829968
vn -0.098080 -0.544527 0.832989
vn 0.086838 -0.440617 0.893485
vn -0.306427 0.510355 -0.803517
vn 0.302984 0.347150 -0.887518
vn 0.889002 -0.321651 0.325909
vn 0.416757 -0.899986 0.127824
vn 0.497200 0.417285 0.760700
vn 0.992761 -0.069921 0.097659
vn 0.991718 0.127613 0.014493
vn 0.763275 0.407691 0.501198
vn 0.465365 0.474980 0.746879
vn 0.497509 -0.825101 -0.267757
vn 0.048716 -0.860133 -0.507738
vn 0.223132 -0.050559 -0.973476
vn -0.508630 -0.399068 -0.762915
vn 0.088660 0.317814 -0.943999
vn -0.641340 0.384253 -0.664103
vn 0.725684 0.471188 0.501362
vn 0.883454 0.197094 0.425045
vn 0.526817 0.758000 0.384577
vn -0.889586 0.456308 0.020476
vn 0.775832 -0.567503 -0.275726
vn -0.168012 -0.980263 0.104195
vn -0.316892 -0.932124 0.175281
vn -0.440761 -0.817854 0.369925
vn -0.264008 0.895727 -0.357732
vn -0.048398 0.404496 0.913258
vn 0.435149 0.669872 0.601596
vn 0.568378 0.006300 0.822744
vn -0.923059 -0.072887 -0.377689
vn -0.829618 -0.040029 -0.556895
vn -0.880415 -0.336500 -0.334120
vn 0.080589 0.774909 -0.626914
vn -0.315598 0.440199 -0.840608
vn -0.402721 0.285898 -0.869527
vn -0.061202 0.324280 -0.943979
vn -0.458745 -0.763999 0.453716
vn -0.346790 -0.684991 0.640722
vn -0.155434 -0.702111 0.694896
vn -0.934554 0.140114 -0.327072
vn -0.925436 0.371081 -0.076592
vn -0.313372 0.008504 -0.949592
vn -0.642157 0.292663 -0.708507
vn 0.674521 -0.721587 -0.155994
vn 0.906540 -0.270423 0.324126
vn 0.792559 -0.489023 0.364290
vn -0.118899 -0.956395 -0.266778
vn -0.207469 -0.516986 -0.830471
vn 0.127202 -0.026894 -0.991512
vn -0.260118 0.603060 0.754094
vn 0.172334 0.452354 0.875030
vn -0.469119 0.377350 0.798457
vn -0.139960 -0.989490 -0.036351
vn -0.279417 -0.000000 0.960170
vn -0.031555 0.531173 -0.846675
vn 0.035921 0.855566 0.516447
vn 0.434257 0.876392 0.208225
vn -0.423200 0.391548 -0.817063
vn -0.197750 0.458109 -0.866620
vn -0.496142 0.521578 -0.694118
vn -0.039646 0.827507 0.560054
vn -0.970045 0.144633 0.195175
vn -0.020150 -0.094417 0.995329
vn 0.040429 0.142072 0.989030
vn -0.089218 -0.124313 0.988224
vn -0.686047 0.304806 0.660631
vn -0.499519 0.142327 0.854531
vn -0.351130 -0.874041 0.335798
vn 0.945064 -0.024394 0.325974
vn 0.774532 -0.403922 0.486772
vn -0.262367 0.793030 -0.549789
vn -0.057524 0.382546 -0.922144
vn -0.475003 0.453143 -0.754343
vn -0.457805 0.453487 -0.764699
vn -0.105620 0.036522 0.993736
vn 0.119056 0.312401 0.942460
vn -0.709400 -0.016525 -0.704612
vn -0.655222 0.246523 -0.714081
vn 0.828501 -0.538730 0.152831
vn 0.927743 -0.355022 0.115114
vn 0.680126 0.000000 0.733095
vn 0.043345 0.998470 -0.034329
vn -0.027456 0.999338 0.023859
vn 0.273259 -0.796804 -0.538918
vn 0.016207 -0.422356 -0.906285
vn 0.267895 -0.307031 -0.913217
vn -0.690017 0.514095 -0.509492
vn -0.406446 0.898031 -0.168349
vn -0.937127 0.218188 -0.272373
vn -0.114574 0.000000 -0.993415
vn -0.873557 0.000000 0.486722
vn -0.277809 0.935406 0.218719
vn -0.223525 0.787706 0.574070
vn -0.415055 -0.830569 0.371329
vn -0.111427 -0.005988 0.993755
vn -0.179334 0.497966 0.848451
vn -0.457641 0.258317 -0.850786
vn -0.689705 0.309307 -0.654703
vn -0.404212 0.595834 -0.693970
vn 0.636595 -0.000000 -0.771198
vn -0.787638 0.118004 -0.604733
vn -0.111181 0.989519 0.092148
vn -0.215139 -0.245170 0.945308
vn 0.089733 0.397409 0.913244
vn 0.958487 0.145043 -0.245489
vn 0.695280 0.493306 0.522719
vn 0.163239 0.576362 0.800725
vn 0.070423 -0.870603 -0.486920
vn -0.489976 0.764116 0.419584
vn -0.641253 0.766244 0.040807
vn -0.815150 0.569376 0.106495
vn -0.952812 0.137396 0.270686
vn 0.710357 0.693629 0.119469
vn 0.765488 0.429953 0.478716
vn -0.164918 -0.144807 -0.975619
vn -0.402721 -0.285899 -0.869527
vn -0.668046 -0.403413 -0.625278
vn 0.939258 0.314658 0.137058
vn 0.934805 -0.160224 0.316967
vn 0.005296 -0.933720 0.357966
vn -0.392401 0.908799 0.141798
vn -0.592573 0.405069 -0.696259
vn -0.773653 0.595926 0.215251
vn 0.121601 -0.830257 -0.543955
vn 0.544769 0.026306 -0.838174
vn 0.185440 -0.355924 0.915931
vn -0.025673 0.186503 -0.982119
vn 0.767982 -0.271866 -0.579907
vn 0.102325 -0.973589 -0.204093
vn 0.039314 -0.967342 -0.250406
vn 0.370985 0.000000 0.928639
vn 0.837020 0.198030 -0.510080
vn -0.164918 0.144807 -0.975619
vn -0.527298 0.102019 -0.843534
vn 0.180123 0.981292 0.067978
vn 0.851339 -0.359673 0.381914
vn 0.765851 -0.388599 0.512312
vn 0.444625 0.875312 0.190096
vn 0.801426 0.561099 -0.207087
vn -0.365009 -0.863298 -0.348547
vn -0.423200 -0.391548 -0.817063
vn -0.717653 -0.665735 -0.204379
vn -0.959831 -0.000000 0.280580
vn -0.852365 -0.456146 0.255743
vn 0.742424 -0.612487 -0.271415
vn 0.599659 -0.717680 -0.354040
vn 0.548913 -0.819955 -0.162381
vn -0.112917 -0.689557 -0.715375
vn -0.351572 -0.926231 -0.135990
vn 0.288358 -0.761620 -0.580331
vn 0.388239 -0.758933 -0.522772
vn -0.436318 0.000000 -0.899793
vn 0.528411 0.570556 -0.628687
vn 0.394990 0.844105 -0.362587
vn -0.881638 0.186660 0.433442
vn -0.743573 -0.124054 0.657046
vn 0.214059 0.548858 0.808043
vn -0.430264 -0.050257 0.901303
vn -0.866209 0.137887 -0.480281
vn 0.964156 -0.176931 -0.197736
vn 0.087812 -0.606251 -0.790411
vn -0.686264 -0.726166 -0.041517
vn -0.162522 -0.980244 -0.112734
vn 0.162325 -0.957401 0.238818
vn -0.019696 -0.519611 -0.854176
vn -0.052215 0.210729 -0.976149
vn 0.359508 -0.366677 -0.858080
vn -0.158196 0.948198 0.275488
vn -0.300897 0.721540 0.623571
vn -0.101305 0.771259 0.628409
vn -0.137190 0.634529 0.760626
vn 0.019439 0.304214 0.952405
vn -0.122768 -0.484144 -0.866333
vn -0.072433 0.736048 0.673043
vn -0.562532 0.397044 0.725199
vn -0.269748 -0.892385 0.361782
vn -0.510347 -0.000000 -0.859969
vn 0.206473 0.952304 0.224691
vn 0.048918 -0.992115 0.115388
vn 0.158289 0.507033 -0.847268
vn 0.092834 0.320998 -0.942519
vn 0.966577 -0.236523 0.098927
vn 0.923558 -0.332688 0.190679
vn -0.934534 -0.314240 -0.167029
vn -0.447318 0.471761 -0.759834
vn -0.479429 0.369515 0.795994
vn -0.606539 0.276551 0.745406
vn -0.387856 0.277962 0.878809
vn -0.139960 0.989490 -0.036351
vn -0.040679 0.094401 -0.994703
vn -0.224372 0.973555 -0.042988
vn -0.173533 -0.669497 0.722261
vn 0.349373 -0.580594 0.735424
vn -0.469119 -0.377350 0.798457
vn -0.089218 0.124313 0.988224
vn -0.250362 0.287619 0.924443
vn 0.188929 -0.422901 -0.886262
vn 0.672800 -0.630787 0.386585
vn 0.897473 0.047014 0.438557
vn 0.725684 -0.471188 0.501362
vn 0.714850 -0.409023 0.567177
vn 0.647409 -0.574909 0.500341
vn 0.443389 -0.334517 0.831567
vn -0.128221 0.989241 -0.070435
vn -0.992183 0.000001 0.124791
vn 0.077892 -0.621254 -0.779728
vn -0.331912 -0.922337 -0.197810
vn -0.067547 -0.812453 -0.579101
vn -0.616788 0.223029 -0.754871
vn 0.322084 -0.016973 0.946559
vn 0.146532 -0.351468 0.924661
vn 0.531780 -0.112701 0.839350
vn -0.478845 0.140100 0.866649
vn 0.621980 0.124284 0.773107
vn 0.581770 0.177194 0.793817
vn 0.714850 0.409023 0.567177
vn -0.105620 -0.036522 0.993736
vn 0.104183 -0.683578 0.722403
vn -0.231009 -0.759889 -0.607621
vn 0.491288 -0.361112 0.792612
vn 0.235023 -0.767247 -0.596738
vn -0.206356 0.498373 0.842046
vn -0.155434 0.702111 0.694896
vn 0.623055 0.432221 0.651911
vn 0.377260 0.411706 -0.829562
vn 0.243209 -0.587618 -0.771722
vn -0.189405 0.826652 0.529879
vn -0.755507 0.542965 0.366604
vn 0.079529 0.279804 -0.956757
vn 0.802190 0.039956 0.595730
vn -0.664934 0.679267 0.310579
vn -0.581239 0.658995 0.477376
vn -0.904646 -0.052259 0.422948
vn 0.137358 -0.851075 0.506758
vn 0.168865 -0.548689 0.818794
vn 0.461327 -0.723429 0.513642
vn 0.791415 0.400364 -0.461921
vn 0.942061 0.334024 0.030793
vn 0.745840 0.138243 -0.651622
vn 0.582905 0.489861 0.648273
vn -0.760812 0.350358 -0.546274
vn -0.506655 0.296786 0.809456
vn -0.491528 0.696250 0.523102
vn -0.700603 0.032628 -0.712805
vn -0.548531 0.831823 -0.084760
vn -0.818402 -0.000000 -0.574646
vn 0.917869 -0.000000 0.396883
vn -0.969738 0.000000 -0.244150
vn 0.007159 0.000000 -0.999974
vn 0.255217 0.076484 -0.963854
vn 0.419842 0.058500 -0.905710
vn 0.518884 0.102037 -0.848733
vn 0.449439 0.387603 0.804841
vn 0.192144 0.427653 0.883286
vn 0.021719 0.229999 -0.972948
vn 0.639673 -0.691582 -0.335459
vn -0.339068 0.289858 -0.894994
vn 0.171629 -0.319855 0.931792
vn -0.080197 -0.062331 0.994828
vn 0.315168 -0.373678 0.872373
vn 0.105865 -0.560981 -0.821032
vn -0.130606 0.328071 -0.935581
vn -0.242256 0.569431 0.785532
vn -0.016803 0.471707 0.881595
vn 0.052604 0.960793 -0.272230
vn 0.316208 0.220295 -0.922758
vn 0.076930 0.762595 -0.642286
vn 0.482402 0.868310 0.115443
vn 0.126455 0.863071 0.488996
vn 0.591136 0.689484 0.418534
vn 0.077289 -0.841429 0.534813
vn -0.250362 -0.287619 0.924443
vn -0.329249 -0.723682 0.606531
vn -0.127206 0.852022 0.507816
vn -0.123964 0.991698 0.034162
vn -0.007305 0.847782 0.530294
vn -0.872775 0.273100 -0.404574
vn 0.855891 -0.000000 0.517156
vn 0.690155 -0.118726 0.713856
vn 0.531780 0.112701 0.839350
vn 0.148192 0.616340 -0.773411
vn 0.961164 0.275321 0.019019
vn 0.885308 -0.000000 0.465005
vn -0.160775 0.244596 -0.956203
vn 0.095495 -0.900572 -0.424088
vn -0.248873 0.000000 -0.968536
vn -0.221994 0.569536 0.791421
vn -0.290564 -0.956815 -0.008854
vn -0.158121 -0.134541 0.978211
vn -0.384177 0.353663 -0.852837
vn -0.569813 0.705642 -0.421168
vn -0.419715 0.067024 -0.905178
vn 0.694376 -0.696411 0.181254
vn 0.765488 -0.429953 0.478716
vn 0.591136 -0.689484 0.418534
vn 0.382612 0.416839 0.824532
vn 0.341342 -0.700411 0.626825
vn 0.322084 0.016973 0.946559
vn 0.172923 0.000000 -0.984935
vn 0.521985 0.845154 -0.115092
vn 0.037162 0.975374 -0.217403
vn -0.509007 -0.140692 -0.849187
vn 0.677849 0.467850 -0.567131
vn 0.796171 0.241320 -0.554867
vn 0.884195 -0.304807 -0.353965
vn -0.595322 -0.777113 0.204175
vn -0.280488 0.510054 -0.813125
vn -0.430264 0.050257 0.901303
vn -0.203864 -0.192313 0.959925
vn 0.786626 0.000000 -0.617430
vn -0.862760 0.000000 0.505614
vn 0.467434 0.860875 -0.200997
vn -0.315401 0.000000 -0.948958
vn 0.187267 0.000554 -0.982309
vn 0.333980 -0.389648 -0.858272
vn 0.662106 -0.445418 -0.602676
vn -0.231657 0.830027 0.507336
vn -0.111513 0.000000 -0.993763
vn 0.905601 -0.410444 -0.106877
vn 0.582044 -0.000000 0.813157
vn -0.118443 -0.044271 0.991974
vn 0.125648 0.319269 0.939297
vn -0.580573 0.688648 0.434394
vn -0.475856 -0.725788 -0.496783
vn -0.404213 -0.210952 -0.890006
vn 0.920259 0.025783 0.390460
vn 0.767021 0.230159 0.598921
vn 0.709399 0.345775 0.614160
vn -0.575385 0.768087 0.281023
vn 0.716391 0.269350 0.643611
vn -0.152342 -0.911904 -0.381080
vn -0.281784 -0.204759 0.937375
vn -0.375767 -0.760033 0.530236
vn -0.158196 -0.948199 0.275488
vn -0.285797 -0.578690 0.763831
vn -0.353482 0.640612 -0.681665
vn -0.415055 0.830569 0.371329
vn 0.579387 -0.474248 0.662872
vn 0.730774 -0.246610 0.636516
vn 0.255217 -0.076484 -0.963854
vn 0.518884 -0.102037 -0.848733
vn -0.027456 -0.999338 0.023859
vn 0.677139 0.652390 0.340397
vn 0.810030 0.578685 0.094732
vn -0.080196 0.062331 0.994828
vn 0.494117 0.247526 0.833414
vn -0.252477 0.912466 -0.321964
vn -0.161731 0.931176 -0.326733
vn -0.343101 0.936068 -0.077832
vn -0.096699 0.000000 0.995314
vn -0.123923 0.068928 0.989895
vn -0.406142 -0.000148 0.913810
vn 0.497509 0.825101 -0.267757
vn -0.067547 0.812452 -0.579101
vn -0.231009 0.759889 -0.607621
vn -0.025765 -0.942078 -0.334402
vn -0.437137 -0.706554 0.556500
vn -0.508351 -0.714145 0.481224
vn -0.366465 0.375046 -0.851495
vn -0.593673 0.706961 -0.384395
vn -0.059538 -0.229036 -0.971596
vn 0.127201 0.026893 -0.991512
vn 0.273259 0.796804 -0.538918
vn -0.106146 0.798347 0.592769
vn 0.269224 -0.782862 -0.560932
vn -0.918795 0.111979 -0.378519
vn -0.547247 0.590094 -0.593557
vn 0.068805 -0.991909 -0.106693
vn 0.070110 -0.997258 -0.023696
vn 0.665040 -0.093949 0.740875
vn 0.884296 0.434605 0.170701
vn 0.701204 -0.000001 0.712961
vn -0.961154 -0.029366 -0.274446
vn -0.384177 -0.353663 -0.852837
vn -0.569813 -0.705642 -0.421168
vn -0.135584 -0.060339 -0.988927
vn -0.499370 0.577361 0.645975
vn -0.394746 0.822390 0.409696
vn 0.732077 -0.191602 0.653722
vn 0.380737 0.348958 0.856311
vn -0.510578 0.652015 -0.560524
vn -0.204796 0.000000 0.978805
vn 0.101410 -0.963432 -0.248022
vn 0.846001 -0.224536 -0.483596
vn 0.575560 0.589312 0.566959
vn 0.173236 0.606858 0.775701
vn 0.004024 -0.300027 0.953922
vn 0.144151 -0.198572 0.969427
vn -0.349518 0.446707 0.823584
vn -0.978800 -0.135389 -0.153688
vn -0.947933 0.000000 0.318469
vn -0.184297 -0.176792 -0.966840
vn 0.517054 0.789047 0.331752
vn 0.716254 0.658433 -0.231184
vn -0.088668 0.971793 0.218531
vn -0.030693 0.813227 0.581137
vn -0.901556 -0.123800 0.414572
vn -0.353482 -0.640612 -0.681665
vn 0.022110 0.241146 0.970237
vn -0.162005 0.120403 0.979417
vn 0.408941 -0.469686 -0.782408
vn 0.118049 -0.724168 -0.679445
vn 0.692902 0.201592 0.692277
vn 0.944667 0.000000 0.328030
vn -0.725329 0.506174 -0.466569
vn 0.599659 0.717680 -0.354040
vn 0.548913 0.819956 -0.162381
vn 0.199673 0.760804 -0.617502
vn 0.164045 0.270303 0.948697
vn -0.028928 0.304467 0.952084
vn -0.987354 -0.155614 -0.030281
vn 0.142861 0.166297 -0.975672
vn 0.807927 0.342416 -0.479590
vn 0.219460 -0.482513 0.847950
vn -0.094991 0.989907 -0.105171
vn 0.018633 0.988094 0.152721
vn -0.275617 -0.328502 -0.903395
vn -0.851317 -0.297731 0.431990
vn -0.089003 -0.696517 -0.711999
vn -0.845462 -0.445793 -0.294045
vn -0.651167 0.029590 -0.758357
vn 0.068805 0.991909 -0.106693
vn 0.005343 0.987843 -0.155361
vn -0.877442 -0.432621 -0.207209
vn 0.417279 -0.908041 -0.036593
vn 0.144613 -0.871046 -0.469432
vn 0.444834 -0.811231 -0.379509
vn 0.009121 -0.998741 -0.049337
vn -0.815150 -0.569376 0.106495
vn -0.641253 -0.766244 0.040807
vn -0.233047 0.903886 -0.358720
vn 0.744929 -0.666774 -0.022199
vn 0.299112 0.954100 -0.015027
vn -0.765246 -0.526968 -0.369733
vn 0.005649 -0.235346 0.971895
vn 0.170378 -0.521959 0.835781
vn 0.092245 -0.396338 -0.913459
vn 0.423884 -0.195702 -0.884321
vn 0.402104 -0.633725 -0.660837
vn -0.905589 -0.409599 0.110165
vn -0.773445 -0.505805 0.382028
vn 0.465227 -0.872334 0.150321
vn 0.806129 -0.577444 -0.129282
vn 0.421462 -0.494739 -0.760002
vn 0.617444 -0.758457 -0.208580
vn -0.441787 -0.690114 0.573207
vn -0.597397 -0.274066 0.753661
vn -0.624142 -0.472057 0.622583
vn 0.538894 -0.773547 -0.333494
vn -0.706250 0.280597 0.649982
vn -0.143733 0.936939 0.318568
vn 0.126455 -0.863071 0.488996
vn 0.227835 -0.924103 0.306797
vn -0.475082 -0.060521 0.877858
vn -0.387856 -0.277962 0.878809
vn -0.606539 -0.276551 0.745406
vn -0.801896 0.594956 0.054693
vn -0.365009 0.863298 -0.348547
vn 0.828122 -0.133315 -0.544464
vn 0.567231 0.822764 -0.036162
vn 0.808068 0.502710 -0.307098
vn 0.806323 0.484455 0.339332
vn 0.408383 0.418754 -0.811091
vn -0.150195 -0.898911 0.411584
vn 0.137358 0.851075 0.506758
vn 0.168865 0.548689 0.818794
vn 0.005296 0.933720 0.357966
vn 0.788019 0.501836 -0.356631
vn 0.313501 0.439863 -0.841569
vn -0.606851 -0.698467 -0.379310
vn -0.047605 -0.955627 -0.290707
vn -0.803990 -0.583428 -0.114938
vn 0.056772 0.948451 -0.311799
vn 0.317978 0.383391 -0.867122
vn -0.603055 -0.392844 -0.694261
vn -0.096992 0.065681 -0.993116
vn -0.351308 -0.794618 0.495142
vn -0.383303 -0.708282 0.592803
vn -0.273008 -0.769834 0.576908
vn -0.298860 -0.259171 0.918430
vn -0.101305 -0.771259 0.628409
vn -0.300897 -0.721540 0.623571
vn -0.702015 -0.471211 -0.533980
vn 0.189568 0.331074 -0.924367
vn -0.213887 0.967420 0.135469
vn -0.330455 0.930074 -0.160506
vn -0.006488 0.879025 0.476732
vn 0.994247 -0.000000 0.107111
vn -0.020150 0.094417 0.995329
vn 0.105865 0.560981 -0.821032
vn -0.140728 -0.513850 -0.846259
vn -0.524261 0.517422 -0.676332
vn -0.619129 -0.193245 -0.761141
vn -0.477017 0.201736 -0.855428
vn 0.878866 0.422837 0.220916
vn 0.923558 0.332688 0.190679
vn 0.927743 0.355022 0.115114
vn 0.656578 -0.693427 0.296756
vn -0.234755 0.898984 -0.369754
vn 0.767021 -0.230158 0.598921
vn -0.285797 0.578690 0.763831
vn 0.655071 0.753336 -0.058028
vn 0.791112 0.456688 -0.406913
vn 0.097904 0.880569 -0.463695
vn 0.341774 0.886162 0.312902
vn -0.068707 0.937865 0.340130
vn -0.151724 0.834243 -0.530112
vn -0.271675 -0.908014 0.318910
vn 0.219035 -0.888295 -0.403677
vn -0.442007 -0.613594 0.654318
vn -0.242256 -0.569431 0.785532
vn -0.530440 0.710756 0.462017
vn -0.395408 -0.164423 0.903669
vn -0.259596 0.302712 0.917047
vn -0.689705 -0.309307 -0.654703
vn -0.430670 -0.277122 -0.858911
vn 0.716391 -0.269350 0.643610
vn 0.365090 -0.748220 -0.553965
vn 0.722417 -0.688615 0.062627
vn 0.801426 -0.561099 -0.207087
vn 0.657608 -0.730159 -0.185526
vn 0.443618 -0.342134 -0.828340
vn -0.176391 -0.652042 -0.737378
vn 0.806323 -0.484455 0.339332
vn 0.102325 0.973589 -0.204093
vn -0.775632 0.000000 -0.631185
vn -0.220624 -0.911160 0.348012
vn -0.030693 -0.813227 0.581136
vn -0.041420 -0.887588 -0.458772
vn -0.715771 -0.320462 -0.620464
vn -0.058533 -0.728652 -0.682378
vn 0.420797 0.000000 -0.907155
vn -0.351130 0.874041 0.335798
vn -0.380249 0.000000 0.924884
vn 0.443389 0.334517 0.831567
vn -0.199526 -0.929191 0.311117
vn -0.515885 0.687369 0.511260
vn -0.476707 -0.612577 -0.630476
vn -0.134478 -0.600037 -0.788588
vn 0.250441 -0.280808 -0.926513
vn -0.642008 0.724470 -0.250937
vn 0.753866 -0.336442 -0.564352
vn 0.705572 -0.699354 -0.114334
vn 0.700048 -0.684808 -0.202414
vn -0.860092 -0.425716 -0.281083
vn -0.210328 0.345798 -0.914432
vn -0.851986 0.406821 -0.329570
vn -0.675491 0.608186 -0.416919
vn 0.416785 -0.782549 -0.462502
vn -0.091801 0.737996 -0.668531
vn -0.316892 0.932124 0.175281
vn -0.168012 0.980263 0.104195
vn -0.282424 -0.365398 0.886973
vn -0.497512 -0.496983 -0.710978
vn -0.138972 -0.722598 -0.677155
vn -0.130964 -0.613167 -0.779021
vn 0.485636 -0.335525 -0.807206
vn 0.791112 -0.456688 -0.406913
vn 0.813420 -0.483012 -0.324110
vn -0.223526 -0.787706 0.574070
vn -0.277809 -0.935406 0.218719
vn 0.046691 -0.206611 0.977308
vn 0.396824 -0.636848 -0.661027
vn 0.142869 -0.896099 -0.420231
vn 0.585794 -0.415372 0.695925
vn 0.884296 -0.434605 0.170701
vn -0.673950 -0.335579 -0.658163
vn -0.611881 0.420105 -0.670159
vn 0.144613 0.871046 -0.469432
vn -0.031555 -0.531173 -0.846675
vn -0.038502 -0.190469 -0.980938
vn -0.315074 -0.877547 0.361442
vn -0.205039 -0.823335 0.529225
vn -0.509007 0.140692 -0.849187
vn -0.124023 0.413649 -0.901949
vn -0.281589 0.269874 -0.920802
vn 0.018532 0.027552 -0.999449
vn -0.118442 0.044271 0.991974
vn 0.253071 0.603654 0.756013
vn -0.947991 -0.085268 -0.306664
vn -0.950114 -0.284103 -0.128723
vn -0.375266 0.289414 0.880577
vn 0.126011 -0.195492 0.972576
vn -0.221994 -0.569536 0.791421
vn -0.429081 -0.523998 0.735741
vn 0.136215 -0.294949 -0.945754
vn 0.286008 -0.014363 -0.958120
vn 0.333980 0.389648 -0.858272
vn 0.695052 0.718599 0.022746
vn 0.997911 0.002410 0.064552
vn -0.411831 0.022391 0.910985
vn 0.005343 -0.987843 -0.155361
vn 0.154033 -0.702358 -0.694958
vn 0.206938 -0.877914 -0.431792
vn 0.056782 0.845665 0.530684
vn -0.346790 0.684991 0.640722
vn 0.434289 0.553663 -0.710528
vn -0.560613 -0.250782 -0.789191
vn -0.404212 -0.595834 -0.693970
vn -0.537949 -0.831748 0.137134
vn -0.702019 -0.701791 -0.121078
vn -0.592573 -0.405069 -0.696259
vn -0.081276 0.866505 0.492507
vn -0.240968 0.821858 0.516222
vn -0.342258 -0.640659 -0.687325
vn 0.408485 -0.374469 0.832414
vn 0.970992 0.083745 0.223966
vn -0.006488 -0.879025 0.476732
vn -0.081276 -0.866506 0.492506
vn -0.491528 -0.696250 0.523102
vn 0.808068 -0.502710 -0.307098
vn 0.033446 -0.488608 0.871862
vn 0.016806 -0.532276 0.846404
vn -0.354920 0.410691 -0.839860
vn -0.450848 -0.860974 0.235501
vn -0.982776 -0.019663 -0.183753
vn 0.686238 0.000000 0.727377
vn -0.983616 0.000000 0.180275
vn -0.989522 -0.091693 -0.111525
vn 0.730774 0.246610 0.636516
vn 0.701647 0.475002 0.531098
vn 0.444834 0.811231 -0.379509
vn 0.264799 0.957293 0.116065
vn -0.104198 -0.385817 -0.916672
vn 0.674521 0.721587 -0.155994
vn 0.508933 0.859703 -0.043566
vn -0.458745 0.763999 0.453716
vn -0.792642 -0.131668 -0.595300
vn -0.809232 0.522886 0.267830
vn -0.374955 -0.649472 -0.661510
vn 0.709039 -0.635596 0.305421
vn 0.919374 -0.296509 -0.258522
vn -0.637900 -0.717712 -0.279236
vn -0.475003 -0.453143 -0.754343
vn -0.104198 0.385817 -0.916672
vn 0.667797 -0.573002 0.475096
vn 0.017812 -0.729848 0.683377
vn -0.229253 0.931728 0.281648
vn -0.446582 0.712104 0.541731
vn -0.118457 -0.987224 0.106569
vn 0.146963 -0.544858 0.825550
vn 0.836955 0.389043 -0.384905
vn -0.131120 -0.967017 0.218372
vn -0.499519 -0.142327 0.854531
vn -0.801896 -0.594956 0.054693
vn -0.922549 -0.207861 -0.325111
vn -0.725329 -0.506173 -0.466569
vn 0.301974 -0.826510 -0.475072
vn -0.851981 -0.516303 0.086945
vn 0.879926 -0.472947 0.045301
vn -0.145012 0.773281 0.617259
vn -0.272272 0.716258 0.642528
vn -0.173533 0.669496 0.722261
vn -0.489976 -0.764116 0.419584
vn -0.072433 -0.736048 0.673043
vn 0.342085 -0.763660 0.547541
vn 0.187267 -0.000554 -0.982309
vn -0.261386 0.539268 0.800542
vn 0.583993 -0.772380 -0.249760
vn -0.123923 -0.068928 0.989895
vn -0.428432 -0.299259 0.852578
vn 0.014038 0.000000 0.999901
vn 0.272525 -0.225634 0.935318
vn -0.772207 0.022585 -0.634970
vn -0.495855 0.769297 -0.402878
vn -0.143733 -0.936939 0.318568
vn -0.578143 -0.807033 -0.120202
vn -0.323752 -0.349344 -0.879286
vn -0.687013 -0.520904 -0.506628
vn -0.514121 0.268686 -0.814547
vn 0.417279 0.908041 -0.036593
vn -0.905589 0.409599 0.110165
vn 0.355787 0.705385 -0.613064
vn 0.775832 0.567503 -0.275726
vn 0.700529 0.691155 0.177663
vn 0.655844 0.052234 0.753087
vn -0.171643 -0.960300 -0.219917
vn 0.301639 0.210891 -0.929806
vn -0.329249 0.723682 0.606531
vn 0.267202 -0.063981 -0.961514
vn -0.104235 -0.712827 -0.693551
vn -0.717653 0.665735 -0.204379
vn -0.985551 0.138565 0.097409
vn -0.375679 -0.795381 0.475641
vn -0.446582 -0.712104 0.541731
vn -0.457806 -0.453487 -0.764698
vn -0.161731 -0.931176 -0.326733
vn -0.035664 -0.940895 -0.336815
vn -0.234755 -0.898984 -0.369754
vn 0.077289 0.841429 0.534812
vn -0.296175 -0.893560 -0.337389
vn 0.142870 0.896099 -0.420231
vn 0.746163 0.662498 0.065857
vn 0.998099 -0.015290 -0.059709
vn 0.696285 -0.123361 0.707085
vn -0.706092 -0.563537 -0.428788
vn -0.061411 -0.410623 0.909735
vn 0.665040 0.093949 0.740875
vn -0.838197 0.200429 -0.507202
vn -0.413777 0.648010 0.639430
vn 0.144151 0.198572 0.969427
vn -0.494872 -0.365915 0.788167
vn -0.387114 -0.917252 -0.093766
vn -0.068571 -0.731097 0.678819
vn 0.701119 0.000000 -0.713044
vn 0.295556 0.000000 0.955325
vn 0.006148 0.875167 -0.483783
vn 0.087256 -0.828409 -0.553286
vn 0.049554 -0.161768 -0.985584
vn -0.048811 -0.127583 -0.990626
vn -0.510562 -0.525957 -0.680217
vn 0.341774 -0.886162 0.312902
vn -0.428432 0.299260 0.852578
vn 0.016207 0.422356 -0.906285
vn -0.045775 0.560833 -0.826663
vn -0.348310 -0.720535 0.599591
vn 0.283311 -0.912899 0.293856
vn -0.765036 0.199363 -0.612351
vn 0.722957 0.630684 -0.282084
vn 0.657608 0.730159 -0.185526
vn 0.043345 -0.998470 -0.034329
vn -0.282424 0.365398 0.886973
vn 0.203867 0.970291 0.130280
vn 0.836049 0.493763 0.239206
vn 0.253405 0.909055 0.330764
vn 0.125648 -0.319269 0.939298
vn 0.301974 0.826510 -0.475072
vn 0.841340 0.249832 0.479303
vn -0.751945 0.586562 0.300872
vn -0.506655 -0.296786 0.809456
vn -0.137191 -0.634529 0.760625
vn 0.124910 -0.570978 0.811407
vn -0.301303 -0.542104 0.784436
vn -0.238740 0.521972 -0.818870
vn -0.092337 0.770970 0.630142
vn 0.217985 0.476008 0.851997
vn 0.613242 -0.018813 -0.789671
vn 0.494086 -0.868700 0.035190
vn 0.809820 -0.545537 -0.215826
vn 0.413784 0.498675 0.761647
vn -0.445455 0.843820 -0.299229
vn -0.898157 0.220219 -0.380549
vn 0.742424 0.612487 -0.271415
vn 0.189568 -0.331074 -0.924367
vn 0.315168 0.373678 0.872373
vn 0.115519 0.274999 0.954480
vn -0.502896 -0.654043 -0.565087
vn -0.979564 0.188693 -0.069638
vn -0.880541 -0.399729 -0.254686
vn -0.096581 -0.265832 -0.959169
vn -0.668046 0.403413 -0.625278
vn -0.252477 -0.912466 -0.321964
vn -0.534738 0.410627 0.738540
vn 0.105195 0.639214 0.761800
vn 0.227835 0.924103 0.306797
vn -0.721795 0.218733 0.656634
vn -0.890981 0.080201 -0.446900
vn 0.056235 -0.834275 0.548473
vn 0.097828 0.900817 0.423036
vn -0.088397 0.980691 0.174447
vn -0.261322 0.429106 -0.864626
vn -0.140728 0.513850 -0.846259
vn -0.696269 -0.604575 0.386909
vn 0.616112 0.484769 0.620811
vn 0.213178 -0.854297 -0.474058
vn -0.100167 0.229873 -0.968052
vn -0.048811 0.127583 -0.990626
vn -0.530440 -0.710756 0.462017
vn -0.259596 -0.302712 0.917047
vn -0.209449 0.703826 0.678793
vn -0.749688 -0.447483 -0.487573
vn 0.246187 -0.831203 0.498492
vn 0.758981 0.000000 -0.651113
vn -0.049091 -0.705934 0.706575
vn 0.681699 0.727099 0.081320
vn 0.173081 -0.599948 0.781093
vn 0.244212 -0.944414 -0.220095
vn 0.687347 -0.401309 0.605397
vn 0.635003 -0.631587 -0.444825
vn -0.145012 -0.773281 0.617259
vn -0.454839 -0.673660 0.582498
vn 0.056782 -0.845665 0.530684
vn -0.104235 0.712827 -0.693551
vn -0.068466 -0.804024 -0.590642
vn 0.952241 -0.081400 -0.294297
vn -0.112917 0.689557 -0.715375
vn -0.629374 -0.757035 0.175464
vn -0.375766 0.760033 0.530236
vn 0.267895 0.307031 -0.913217
vn 0.484566 0.693639 -0.532973
vn 0.557870 -0.788008 -0.260431
vn -0.619129 0.193245 -0.761141
vn 0.095985 -0.820798 -0.563097
vn 0.294457 -0.426591 -0.855170
vn 0.209300 -0.050690 -0.976537
vn -0.068466 0.804024 -0.590642
vn 0.088956 -0.994842 -0.048737
vn 0.447957 -0.467331 0.762192
vn -0.375679 0.795381 0.475641
vn 0.451248 0.760202 0.467406
vn -0.479375 0.045251 -0.876443
vn -0.058915 -0.395463 0.916590
vn 0.810030 -0.578685 0.094732
vn 0.677139 -0.652389 0.340397
vn -0.001764 -0.149393 -0.988776
vn 0.372670 -0.172170 -0.911852
vn 0.920259 -0.025782 0.390459
vn 0.550757 -0.252445 -0.795574
vn -0.039646 -0.827507 0.560054
vn -0.197751 -0.458109 -0.866620
vn -0.097317 0.678792 0.727853
vn 0.605917 0.628813 -0.487297
vn 0.683689 0.383605 -0.620819
vn 0.686867 0.619488 -0.380063
vn 0.347469 -0.836694 0.423331
vn -0.260118 -0.603060 0.754094
vn -0.578143 0.807033 -0.120202
vn -0.269034 -0.452412 0.850261
vn 0.317108 0.551039 0.771880
vn 0.107573 -0.912942 0.393655
vn 0.864170 -0.193346 0.464572
vn 0.645306 -0.763802 0.013656
vn -0.801216 0.598367 0.003086
vn -0.659174 0.489156 -0.571153
vn -0.394746 -0.822390 0.409696
vn 0.144113 -0.985228 -0.092504
vn 0.902803 0.318625 0.288835
vn 0.792559 0.489023 0.364290
vn 0.851339 0.359673 0.381914
vn 0.998234 0.000000 0.059401
vn 0.032115 0.999482 0.002147
vn -0.378268 0.886390 -0.266881
vn 0.589174 -0.566151 0.576496
vn 0.443145 -0.568772 0.692908
vn 0.253071 -0.603654 0.756013
vn 0.070110 0.997258 -0.023696
vn 0.421252 0.568688 -0.706499
vn 0.347469 0.836693 0.423331
vn -0.274409 -0.915915 0.292916
vn 0.897402 -0.440707 0.021141
vn -0.062596 0.461322 -0.885022
vn 0.342085 0.763660 0.547541
vn -0.205039 0.823334 0.529225
vn -0.441787 0.690114 0.573207
vn 0.568464 -0.085606 0.818242
vn -0.773653 -0.595926 0.215251
vn -0.761012 -0.365270 0.536132
vn 0.048918 0.992115 0.115388
vn 0.488388 -0.829479 0.271003
vn -0.118900 0.956395 -0.266778
vn 0.095985 0.820798 -0.563097
vn -0.834442 0.545379 -0.079173
vn 0.945064 0.024394 0.325974
vn -0.126391 -0.985916 -0.109523
vn 0.149140 -0.988641 -0.018601
vn 0.272525 0.225634 0.935318
vn 0.146532 0.351468 0.924661
vn -0.351218 0.033738 -0.935686
vn 0.092834 -0.320998 -0.942519
vn -0.061202 -0.324280 -0.943979
vn 0.425617 -0.813666 -0.395976
vn 0.601509 -0.778188 0.180585
vn -0.659174 -0.489156 -0.571153
vn -0.528878 0.308665 0.790578
vn -0.922549 0.207861 -0.325111
vn 0.172334 -0.452354 0.875030
vn 0.199382 0.563844 0.801453
vn 0.546334 0.543984 0.636867
vn 0.177318 -0.468365 0.865559
vn 0.788019 -0.501836 -0.356631
vn -0.773445 0.505804 0.382028
vn -0.280488 -0.510054 -0.813125
vn 0.833869 0.264610 0.484401
vn 0.154033 0.702358 -0.694958
vn -0.431813 -0.519735 0.737165
vn 0.213178 0.854297 -0.474058
vn -0.198044 0.979230 -0.043448
vn -0.351572 0.926231 -0.135990
vn -0.856325 0.451524 -0.250667
vn 0.237677 -0.470384 -0.849852
vn -0.097317 -0.678792 0.727853
vn 0.813420 0.483012 -0.324110
vn -0.475856 0.725788 -0.496783
vn 0.153511 -0.282912 0.946781
vn 0.089494 0.322495 -0.942331
vn -0.233789 0.880299 -0.412815
vn 0.904654 -0.114658 -0.410432
vn -0.411831 -0.022391 0.910985
vn -0.062596 -0.461322 -0.885022
vn -0.575608 -0.313241 -0.755351
vn 0.517054 -0.789047 0.331752
vn 0.765851 0.388599 0.512312
vn -0.494641 -0.436282 0.751657
vn -0.001764 0.149393 -0.988776
vn -0.637900 0.717712 -0.279236
vn -0.450848 0.860974 0.235501
vn -0.433437 0.744628 0.507604
vn -0.537949 0.831748 0.137134
vn 0.075369 0.557743 -0.826584
vn -0.642008 -0.724470 -0.250937
vn -0.016803 -0.471707 0.881595
vn -0.100167 -0.229873 -0.968052
vn 0.583994 0.772380 -0.249760
vn 0.083077 0.855856 -0.510498
vn -0.407426 -0.902445 -0.139989
vn 0.879926 0.472947 0.045301
vn -0.842970 -0.377218 0.383547
vn -0.974287 -0.223516 0.028375
vn 0.461327 0.723429 0.513642
vn -0.229778 -0.807574 0.543163
vn -0.194940 0.962699 0.187642
vn -0.230216 -0.538493 -0.810571
vn -0.524261 -0.517422 -0.676332
vn 0.623250 0.635986 -0.455062
vn 0.711441 0.653766 0.257762
vn 0.484566 -0.693639 -0.532973
vn 0.124910 0.570978 0.811407
vn -0.116261 0.975789 0.185256
vn 0.037162 -0.975374 -0.217403
vn -0.812729 0.578985 0.065181
vn -0.880540 0.399728 -0.254687
vn -0.240266 -0.948019 0.208645
vn -0.108023 -0.254271 0.961081
vn 0.264799 -0.957293 0.116065
vn 0.701647 -0.475002 0.531098
vn 0.240937 0.378833 0.893552
vn -0.130606 -0.328070 -0.935581
vn 0.408383 -0.418754 -0.811091
vn -0.240266 0.948019 0.208645
vn 0.844834 -0.273265 0.459980
vn 0.032115 -0.999482 0.002147
vn -0.830201 -0.442125 -0.339546
vn 0.897402 0.440707 0.021141
vn -0.712400 -0.215624 -0.667827
vn -0.278764 0.092731 -0.955872
vn 0.423868 -0.406918 0.809169
vn 0.056772 -0.948451 -0.311799
vn 0.444896 0.663519 0.601506
vn -0.204795 -0.925542 0.318482
vn -0.621382 0.777337 0.098140
vn -0.433437 -0.744628 0.507604
vn 0.952241 0.081400 -0.294297
vn -0.240968 -0.821858 0.516221
vn 0.047662 -0.470044 -0.881355
vn 0.425617 0.813666 -0.395976
vn -0.315598 -0.440199 -0.840608
vn 0.904654 0.114658 -0.410432
vn -0.986752 0.156124 -0.044123
vn 0.287765 -0.388760 -0.875247
vn -0.350270 -0.932122 0.091973
vn -0.616788 -0.223029 -0.754871
vn -0.961154 0.029366 -0.274446
vn -0.967322 -0.110842 0.228039
vn 0.754623 -0.418081 -0.505720
vn 0.737362 -0.017286 -0.675276
vn -0.096581 0.265832 -0.959169
vn 0.049554 0.161768 -0.985584
vn -0.199526 0.929191 0.311117
vn -0.379450 0.897410 -0.225108
vn -0.916980 -0.248639 0.311972
vn -0.703757 -0.591731 0.393166
vn 0.149140 0.988641 -0.018601
vn 0.800571 0.000001 0.599238
vn -0.802483 0.351209 -0.482363
vn 0.744061 0.589692 -0.314064
vn 0.086838 0.440617 0.893485
f 1/1/1 2/2/2 3/3/3
f 6/6/6 7/7/7 8/8/8
f 9/9/9 10/10/10 11/11/11
f 12/12/12 13/13/13 14/14/14
f 19/19/19 20/20/20 21/21/21
f 22/22/22 23/23/23 24/24/24
f 25/25/25 26/26/26 27/27/27
f 28/28/28 29/29/29 30/30/30
f 31/31/31 32/32/32 33/33/33
f 36/36/36 37/37/37 38/38/38
f 39/39/39 40/40/40 41/41/41
f 42/42/42 43/43/43 44/44/44
f 45/45/45 46/46/46 47/47/47
f 48/48/48 49/49/49 50/50/50
f 42/42/42 51/51/51 43/43/43
f 54/54/54 55/55/55 56/56/56
f 57/57/57 58/58/58 59/59/59
f 60/60/60 61/61/61 62/62/62
f 63/63/63 64/64/64 9/9/9
f 65/65/65 1/1/1 66/66/66
f 67/67/67 68/68/68 69/69/69
f 70/70/70 71/71/71 72/72/72
f 73/73/73 64/64/64 74/74/74
f 77/77/77 78/78/78 79/79/79
f 82/82/82 83/83/83 84/84/84
f 85/85/85 86/86/86 18/18/18
f 87/87/87 88/88/88 89/89/89
f 90/90/90 91/91/91 92/92/92
f 93/93/93 94/94/94 95/95/95
f 96/96/96 97/97/97 98/98/98
f 101/101/101 102/102/102 103/103/103
f 104/104/104 105/105/105 106/106/106
f 107/107/107 108/108/108 80/80/80
f 109/109/109 32/32/32 110/110/110
f 111/111/111 112/112/112 113/113/113
f 114/114/114 115/115/115 116/116/116
f 119/119/119 108/108/108 120/120/120
f 121/121/121 122/122/122 123/123/123
f 126/126/126 127/127/127 128/128/128
f 12/12/12 14/14/14 129/129/129
f 130/130/130 131/131/131 132/132/132
f 133/133/133 134/134/134 135/135/135
f 136/136/136 126/126/126 127/127/127
f 137/137/137 138/138/138 139/139/139
f 140/140/140 141/141/141 142/142/142
f 143/143/143 144/144/144 145/145/145
f 146/146/146 147/147/147 148/148/148
f 88/88/88 87/87/87 151/151/151
f 152/152/152 103/103/103 153/153/153
f 154/154/154 155/155/155 156/156/156
f 159/159/159 160/160/160 161/161/161
f 162/162/162 163/163/163 164/164/164
f 166/166/166 105/105/105 167/167/167
f 168/168/168 169/169/169 170/170/170
f 177/177/177 178/178/178 179/179/179
f 180/180/180 181/181/181 182/182/182
f 183/183/183 184/184/184 38/38/38
f 185/185/185 186/186/186 187/187/187
f 188/188/188 189/189/189 44/44/44
f 190/190/190 191/191/191 192/192/192
f 193/193/193 194/194/194 195/195/195
f 198/198/198 199/199/199 200/200/200
f 202/202/202 203/203/203 204/204/204
f 205/205/205 206/206/206 207/207/207
f 208/208/208 95/95/95 128/128/128
f 211/211/211 212/212/212 213/213/213
f 214/214/214 9/9/9 215/215/215
f 133/133/133 216/216/216 134/134/134
f 217/217/217 218/218/218 219/219/219
f 220/220/220 221/221/221 222/222/222
f 223/223/223 67/67/67 69/69/69
f 225/225/225 226/226/226 227/227/227
f 228/228/228 229/229/229 230/230/230
f 231/231/231 196/196/196 224/224/224
f 232/232/232 233/233/233 142/142/142
f 234/234/234 209/209/209 235/235/235
f 238/238/238 239/239/239 240/240/240
f 241/241/241 242/242/242 243/243/243
f 236/236/236 244/244/244 245/245/245
f 34/34/34 224/224/224 196/196/196
f 248/248/248 17/17/17 149/149/149
f 253/253/253 58/58/58 254/254/254
f 255/255/255 256/256/256 257/257/257
f 258/258/258 259/259/259 260/260/260
f 261/261/261 262/262/262 263/263/263
f 264/264/264 265/265/265 266/266/266
f 267/267/267 253/253/253 71/71/71
f 268/268/268 269/269/269 60/60/60
f 70/70/70 270/270/270 271/271/271
f 261/261/261 262/262/262 272/272/272
f 273/273/273 274/274/274 275/275/275
f 276/276/276 132/132/132 277/277/277
f 278/278/278 175/175/175 279/279/279
f 152/152/152 280/280/280 64/64/64
f 256/256/256 281/281/281 257/257/257
f 282/282/282 283/283/283 284/284/284
f 285/285/285 17/17/17 248/248/248
f 288/288/288 289/289/289 290/290/290
f 291/291/291 147/147/147 292/292/292
f 262/262/262 293/293/293 263/263/263
f 294/294/294 295/295/295 296/296/296
f 297/297/297 298/298/298 299/299/299
f 54/54/54 300/300/300 301/301/301
f 302/302/302 303/303/303 304/304/304
f 306/306/306 307/307/307 308/308/308
f 309/309/309 231/231/231 224/224/224
f 310/310/310 311/311/311 312/312/312
f 313/313/313 314/314/314 172/172/172
f 237/237/237 315/315/315 236/236/236
f 125/125/125 316/316/316 46/46/46
f 317/317/317 166/166/166 167/167/167
f 318/318/318 319/319/319 270/270/270
f 320/320/320 321/321/321 322/322/322
f 323/323/323 324/324/324 35/35/35
f 325/325/325 326/326/326 327/327/327
f 328/328/328 329/329/329 269/269/269
f 330/330/330 331/331/331 332/332/332
f 141/141/141 232/232/232 142/142/142
f 333/333/333 334/334/334 335/335/335
f 83/83/83 311/311/311 336/336/336
f 301/301/301 337/337/337 55/55/55
f 338/338/338 339/339/339 283/283/283
f 340/340/340 287/287/287 341/341/341
f 342/342/342 150/150/150 343/343/343
f 344/344/344 179/179/179 345/345/345
f 346/346/346 347/347/347 348/348/348
f 351/351/351 352/352/352 353/353/353
f 354/354/354 355/355/355 356/356/356
f 357/357/357 358/358/358 317/317/317
f 359/359/359 360/360/360 284/284/284
f 127/127/127 361/361/361 208/208/208
f 362/362/362 363/363/363 249/249/249
f 364/364/364 365/365/365 366/366/366
f 367/367/367 368/368/368 369/369/369
f 370/370/370 371/371/371 372/372/372
f 373/373/373 255/255/255 322/322/322
f 374/374/374 375/375/375 376/376/376
f 230/230/230 131/131/131 194/194/194
f 377/377/377 112/112/112 2/2/2
f 378/378/378 379/379/379 165/165/165
f 215/215/215 9/9/9 11/11/11
f 380/380/380 381/381/381 382/382/382
f 383/383/383 384/384/384 385/385/385
f 386/386/386 387/387/387 388/388/388
f 389/389/389 390/390/390 391/391/391
f 392/392/392 393/393/393 394/394/394
f 395/395/395 396/396/396 397/397/397
f 107/107/107 398/398/398 220/220/220
f 399/399/399 400/400/400 401/401/401
f 402/402/402 358/358/358 403/403/403
f 404/404/404 354/354/354 405/405/405
f 406/406/406 407/407/407 408/408/408
f 409/409/409 85/85/85 396/396/396
f 328/328/328 410/410/410 411/411/411
f 413/413/413 414/414/414 35/35/35
f 285/285/285 416/416/416 17/17/17
f 56/56/56 300/300/300 54/54/54
f 417/417/417 418/418/418 419/419/419
f 420/420/420 421/421/421 81/81/81
f 422/422/422 423/423/423 424/424/424
f 422/422/422 426/426/426 375/375/375
f 122/122/122 35/35/35 427/427/427
f 381/381/381 428/428/428 380/380/380
f 429/429/429 430/430/430 431/431/431
f 432/432/432 433/433/433 6/6/6
f 434/434/434 390/390/390 435/435/435
f 436/436/436 411/411/411 437/437/437
f 438/438/438 18/18/18 17/17/17
f 209/209/209 439/439/439 440/440/440
f 71/71/71 441/441/441 72/72/72
f 297/297/297 442/442/442 77/77/77
f 443/443/443 444/444/444 445/445/445
f 446/446/446 447/447/447 448/448/448
f 450/450/450 451/451/451 445/445/445
f 452/452/452 453/453/453 454/454/454
f 69/69/69 455/455/455 223/223/223
f 455/455/455 456/456/456 363/363/363
f 457/457/457 411/411/411 458/458/458
f 261/261/261 452/452/452 459/459/459
f 460/460/460 461/461/461 380/380/380
f 463/463/463 204/204/204 181/181/181
f 107/107/107 466/466/466 467/467/467
f 177/177/177 227/227/227 85/85/85
f 469/469/469 156/156/156 305/305/305
f 56/56/56 337/337/337 300/300/300
f 470/470/470 421/421/421 471/471/471
f 104/104/104 472/472/472 35/35/35
f 473/473/473 474/474/474 283/283/283
f 475/475/475 349/349/349 476/476/476
f 113/113/113 377/377/377 477/477/477
f 291/291/291 478/478/478 160/160/160
f 48/48/48 479/479/479 480/480/480
f 481/481/481 482/482/482 427/427/427
f 483/483/483 159/159/159 484/484/484
f 205/205/205 207/207/207 485/485/485
f 17/17/17 487/487/487 248/248/248
f 488/488/488 38/38/38 67/67/67
f 150/150/150 285/285/285 489/489/489
f 249/249/249 490/490/490 333/333/333
f 193/193/193 230/230/230 194/194/194
f 491/491/491 492/492/492 231/231/231
f 493/493/493 190/190/190 494/494/494
f 433/433/433 495/495/495 496/496/496
f 180/180/180 497/497/497 498/498/498
f 499/499/499 500/500/500 375/375/375
f 469/469/469 501/501/501 156/156/156
f 502/502/502 503/503/503 504/504/504
f 505/505/505 372/372/372 506/506/506
f 31/31/31 507/507/507 281/281/281
f 117/117/117 118/118/118 508/508/508
f 342/342/342 509/509/509 468/468/468
f 355/355/355 97/97/97 510/510/510
f 511/511/511 198/198/198 512/512/512
f 499/499/499 489/489/489 500/500/500
f 513/513/513 136/136/136 61/61/61
f 514/514/514 402/402/402 515/515/515
f 150/150/150 294/294/294 296/296/296
f 220/220/220 516/516/516 517/517/517
f 350/350/350 520/520/520 506/506/506
f 129/129/129 472/472/472 104/104/104
f 521/521/521 522/522/522 523/523/523
f 315/315/315 237/237/237 144/144/144
f 216/216/216 524/524/524 8/8/8
f 127/127/127 286/286/286 201/201/201
f 286/286/286 527/527/527 361/361/361
f 407/407/407 239/239/239 406/406/406
f 529/529/529 38/38/38 184/184/184
f 530/530/530 531/531/531 532/532/532
f 164/164/164 163/163/163 90/90/90
f 533/533/533 534/534/534 535/535/535
f 536/536/536 525/525/525 537/537/537
f 391/391/391 538/538/538 389/389/389
f 539/539/539 540/540/540 541/541/541
f 542/542/542 543/543/543 544/544/544
f 61/61/61 136/136/136 546/546/546
f 160/160/160 478/478/478 161/161/161
f 547/547/547 40/40/40 157/157/157
f 548/548/548 549/549/549 538/538/538
f 550/550/550 551/551/551 552/552/552
f 501/501/501 553/553/553 554/554/554
f 555/555/555 100/100/100 556/556/556
f 557/557/557 274/274/274 558/558/558
f 74/74/74 559/559/559 73/73/73
f 167/167/167 560/560/560 515/515/515
f 561/561/561 562/562/562 563/563/563
f 564/564/564 399/399/399 565/565/565
f 566/566/566 567/567/567 568/568/568
f 112/112/112 570/570/570 2/2/2
f 1/1/1 571/571/571 572/572/572
f 354/354/354 97/97/97 355/355/355
f 415/415/415 255/255/255 256/256/256
f 573/573/573 574/574/574 575/575/575
f 26/26/26 494/494/494 190/190/190
f 280/280/280 576/576/576 152/152/152
f 430/430/430 577/577/577 578/578/578
f 36/36/36 579/579/579 37/37/37
f 280/280/280 276/276/276 580/580/580
f 326/326/326 581/581/581 514/514/514
f 582/582/582 24/24/24 370/370/370
f 56/56/56 586/586/586 587/587/587
f 588/588/588 589/589/589 590/590/590
f 3/3/3 66/66/66 1/1/1
f 591/591/591 592/592/592 593/593/593
f 594/594/594 541/541/541 401/401/401
f 443/443/443 595/595/595 444/444/444
f 115/115/115 596/596/596 232/232/232
f 188/188/188 597/597/597 189/189/189
f 598/598/598 399/399/399 599/599/599
f 600/600/600 198/198/198 42/42/42
f 601/601/601 602/602/602 603/603/603
f 158/158/158 507/507/507 340/340/340
f 604/604/604 605/605/605 231/231/231
f 369/369/369 606/606/606 607/607/607
f 608/608/608 609/609/609 610/610/610
f 611/611/611 612/612/612 230/230/230
f 46/46/46 382/382/382 380/380/380
f 79/79/79 613/613/613 499/499/499
f 614/614/614 246/246/246 247/247/247
f 615/615/615 616/616/616 617/617/617
f 618/618/618 322/322/322 619/619/619
f 123/123/123 105/105/105 620/620/620
f 380/380/380 323/323/323 413/413/413
f 621/621/621 172/172/172 622/622/622
f 605/605/605 624/624/624 625/625/625
f 566/566/566 626/626/626 627/627/627
f 628/628/628 629/629/629 448/448/448
f 630/630/630 425/425/425 231/231/231
f 430/430/430 632/632/632 577/577/577
f 29/29/29 28/28/28 633/633/633
f 382/382/382 380/380/380 414/414/414
f 540/540/540 570/570/570 636/636/636
f 637/637/637 44/44/44 327/327/327
f 156/156/156 554/554/554 154/154/154
f 638/638/638 639/639/639 640/640/640
f 641/641/641 642/642/642 579/579/579
f 393/393/393 376/376/376 394/394/394
f 151/151/151 277/277/277 132/132/132
f 137/137/137 643/643/643 644/644/644
f 218/218/218 217/217/217 646/646/646
f 88/88/88 151/151/151 353/353/353
f 647/647/647 449/449/449 648/648/648
f 649/649/649 52/52/52 53/53/53
f 321/321/321 650/650/650 373/373/373
f 152/152/152 576/576/576 21/21/21
f 651/651/651 167/167/167 652/652/652
f 468/468/468 149/149/149 416/416/416
f 653/653/653 211/211/211 400/400/400
f 654/654/654 655/655/655 640/640/640
f 656/656/656 431/431/431 657/657/657
f 62/62/62 658/658/658 60/60/60
f 659/659/659 353/353/353 352/352/352
f 660/660/660 247/247/247 246/246/246
f 308/308/308 307/307/307 661/661/661
f 118/118/118 662/662/662 326/326/326
f 569/569/569 519/519/519 665/665/665
f 35/35/35 413/413/413 323/323/323
f 666/666/666 328/328/328 667/667/667
f 362/362/362 249/249/249 335/335/335
f 668/668/668 524/524/524 669/669/669
f 670/670/670 402/402/402 514/514/514
f 325/325/325 671/671/671 672/672/672
f 372/372/372 673/673/673 667/667/667
f 651/651/651 674/674/674 649/649/649
f 82/82/82 675/675/675 83/83/83
f 676/676/676 677/677/677 137/137/137
f 678/678/678 679/679/679 680/680/680
f 335/335/335 682/682/682 362/362/362
f 145/145/145 683/683/683 684/684/684
f 591/591/591 685/685/685 686/686/686
f 304/304/304 144/144/144 143/143/143
f 292/292/292 687/687/687 163/163/163
f 50/50/50 49/49/49 214/214/214
f 622/622/622 172/172/172 345/345/345
f 114/114/114 150/150/150 489/489/489
f 688/688/688 302/302/302 689/689/689
f 17/17/17 18/18/18 316/316/316
f 261/261/261 272/272/272 690/690/690
f 691/691/691 692/692/692 318/318/318
f 693/693/693 559/559/559 580/580/580
f 694/694/694 695/695/695 611/611/611
f 696/696/696 697/697/697 526/526/526
f 698/698/698 619/619/619 402/402/402
f 583/583/583 699/699/699 700/700/700
f 384/384/384 383/383/383 701/701/701
f 562/562/562 601/601/601 563/563/563
f 442/442/442 299/299/299 702/702/702
f 33/33/33 60/60/60 703/703/703
f 704/704/704 705/705/705 706/706/706
f 620/620/620 121/121/121 707/707/707
f 262/262/262 261/261/261 452/452/452
f 404/404/404 708/708/708 709/709/709
f 646/646/646 710/710/710 218/218/218
f 711/711/711 609/609/609 712/712/712
f 350/350/350 349/349/349 520/520/520
f 713/713/713 59/59/59 160/160/160
f 714/714/714 238/238/238 715/715/715
f 210/210/210 716/716/716 717/717/717
f 718/718/718 719/719/719 518/518/518
f 720/720/720 169/169/169 436/436/436
f 440/440/440 721/721/721 722/722/722
f 723/723/723 692/692/692 563/563/563
f 5/5/5 217/217/217 725/725/725
f 172/172/172 392/392/392 394/394/394
f 126/126/126 726/726/726 127/127/127
f 555/555/555 727/727/727 728/728/728
f 446/446/446 161/161/161 478/478/478
f 712/712/712 729/729/729 711/711/711
f 560/560/560 419/419/419 418/418/418
f 346/346/346 730/730/730 731/731/731
f 201/201/201 584/584/584 127/127/127
f 472/472/472 732/732/732 733/733/733
f 126/126/126 173/173/173 584/584/584
f 352/352/352 351/351/351 638/638/638
f 734/734/734 735/735/735 327/327/327
f 61/61/61 728/728/728 726/726/726
f 617/617/617 616/616/616 241/241/241
f 33/33/33 703/703/703 9/9/9
f 483/483/483 737/737/737 159/159/159
f 661/661/661 297/297/297 79/79/79
f 738/738/738 623/623/623 461/461/461
f 739/739/739 152/152/152 527/527/527
f 380/380/380 103/103/103 381/381/381
f 543/543/543 629/629/629 740/740/740
f 741/741/741 742/742/742 743/743/743
f 89/89/89 88/88/88 744/744/744
f 259/259/259 528/528/528 260/260/260
f 542/542/542 552/552/552 606/606/606
f 696/696/696 525/525/525 745/745/745
f 301/301/301 337/337/337 714/714/714
f 747/747/747 748/748/748 749/749/749
f 750/750/750 526/526/526 120/120/120
f 751/751/751 669/669/669 752/752/752
f 643/643/643 137/137/137 21/21/21
f 309/309/309 224/224/224 104/104/104
f 670/670/670 325/325/325 402/402/402
f 753/753/753 348/348/348 580/580/580
f 28/28/28 117/117/117 754/754/754
f 352/352/352 755/755/755 614/614/614
f 756/756/756 757/757/757 368/368/368
f 189/189/189 42/42/42 44/44/44
f 175/175/175 176/176/176 279/279/279
f 758/758/758 231/231/231 492/492/492
f 661/661/661 759/759/759 298/298/298
f 612/612/612 211/211/211 653/653/653
f 257/257/257 281/281/281 761/761/761
f 653/653/653 228/228/228 230/230/230
f 678/678/678 762/762/762 109/109/109
f 471/471/471 763/763/763 526/526/526
f 764/764/764 765/765/765 766/766/766
f 658/658/658 419/419/419 560/560/560
f 525/525/525 526/526/526 750/750/750
f 364/364/364 234/234/234 767/767/767
f 35/35/35 491/491/491 413/413/413
f 45/45/45 231/231/231 85/85/85
f 28/28/28 30/30/30 117/117/117
f 401/401/401 771/771/771 772/772/772
f 701/701/701 773/773/773 774/774/774
f 292/292/292 775/775/775 687/687/687
f 269/269/269 776/776/776 777/777/777
f 219/219/219 81/81/81 725/725/725
f 311/311/311 424/424/424 310/310/310
f 344/344/344 374/374/374 345/345/345
f 780/780/780 781/781/781 245/245/245
f 446/446/446 448/448/448 756/756/756
f 525/525/525 696/696/696 526/526/526
f 67/67/67 223/223/223 682/682/682
f 782/782/782 144/144/144 237/237/237
f 783/783/783 784/784/784 785/785/785
f 359/359/359 775/775/775 786/786/786
f 416/416/416 17/17/17 787/787/787
f 788/788/788 504/504/504 75/75/75
f 131/131/131 130/130/130 194/194/194
f 789/789/789 16/16/16 790/790/790
f 661/661/661 791/791/791 308/308/308
f 792/792/792 736/736/736 625/625/625
f 793/793/793 794/794/794 558/558/558
f 795/795/795 456/456/456 455/455/455
f 200/200/200 512/512/512 198/198/198
f 629/629/629 796/796/796 740/740/740
f 58/58/58 797/797/797 585/585/585
f 798/798/798 542/542/542 369/369/369
f 23/23/23 328/328/328 24/24/24
f 571/571/571 528/528/528 799/799/799
f 405/405/405 737/737/737 483/483/483
f 414/414/414 45/45/45 413/413/413
f 472/472/472 427/427/427 35/35/35
f 800/800/800 577/577/577 632/632/632
f 801/801/801 802/802/802 172/172/172
f 595/595/595 803/803/803 444/444/444
f 107/107/107 467/467/467 770/770/770
f 257/257/257 652/652/652 167/167/167
f 30/30/30 43/43/43 497/497/497
f 804/804/804 143/143/143 805/805/805
f 76/76/76 771/771/771 75/75/75
f 358/358/358 402/402/402 806/806/806
f 173/173/173 807/807/807 380/380/380
f 216/216/216 8/8/8 808/808/808
f 292/292/292 809/809/809 447/447/447
f 736/736/736 46/46/46 625/625/625
f 43/43/43 734/734/734 679/679/679
f 810/810/810 811/811/811 261/261/261
f 452/452/452 41/41/41 262/262/262
f 812/812/812 496/496/496 813/813/813
f 326/326/326 514/514/514 814/814/814
f 815/815/815 816/816/816 722/722/722
f 60/60/60 33/33/33 269/269/269
f 420/420/420 108/108/108 119/119/119
f 433/433/433 610/610/610 40/40/40
f 505/505/505 520/520/520 771/771/771
f 581/581/581 326/326/326 30/30/30
f 668/668/668 263/263/263 524/524/524
f 227/227/227 817/817/817 225/225/225
f 4/4/4 5/5/5 222/222/222
f 104/104/104 472/472/472 224/224/224
f 818/818/818 417/417/417 419/419/419
f 139/139/139 1/1/1 65/65/65
f 45/45/45 18/18/18 819/819/819
f 146/146/146 359/359/359 786/786/786
f 18/18/18 438/438/438 177/177/177
f 153/153/153 820/820/820 361/361/361
f 287/287/287 9/9/9 821/821/821
f 674/674/674 651/651/651 822/822/822
f 771/771/771 823/823/823 75/75/75
f 487/487/487 17/17/17 179/179/179
f 539/539/539 475/475/475 824/824/824
f 803/803/803 595/595/595 511/511/511
f 117/117/117 30/30/30 825/825/825
f 324/324/324 428/428/428 623/623/623
f 728/728/728 61/61/61 62/62/62
f 319/319/319 692/692/692 723/723/723
f 12/12/12 274/274/274 557/557/557
f 827/827/827 828/828/828 829/829/829
f 589/589/589 830/830/830 427/427/427
f 186/186/186 187/187/187 105/105/105
f 831/831/831 413/413/413 491/491/491
f 832/832/832 45/45/45 819/819/819
f 833/833/833 555/555/555 728/728/728
f 136/136/136 513/513/513 127/127/127
f 307/307/307 759/759/759 661/661/661
f 352/352/352 834/834/834 835/835/835
f 20/20/20 641/641/641 21/21/21
f 193/193/193 836/836/836 837/837/837
f 269/269/269 268/268/268 328/328/328
f 459/459/459 774/774/774 773/773/773
f 175/175/175 232/232/232 141/141/141
f 838/838/838 340/340/340 341/341/341
f 582/582/582 370/370/370 250/250/250
f 839/839/839 722/722/722 503/503/503
f 464/464/464 688/688/688 689/689/689
f 840/840/840 328/328/328 776/776/776
f 115/115/115 343/343/343 116/116/116
f 313/313/313 841/841/841 842/842/842
f 579/579/579 843/843/843 111/111/111
f 339/339/339 265/265/265 264/264/264
f 635/635/635 846/846/846 634/634/634
f 538/538/538 521/521/521 523/523/523
f 516/516/516 220/220/220 773/773/773
f 805/805/805 143/143/143 145/145/145
f 627/627/627 533/533/533 535/535/535
f 475/475/475 772/772/772 349/349/349
f 111/111/111 636/636/636 112/112/112
f 183/183/183 664/664/664 184/184/184
f 584/584/584 125/125/125 124/124/124
f 847/847/847 229/229/229 351/351/351
f 303/303/303 848/848/848 236/236/236
f 414/414/414 382/382/382 45/45/45
f 842/842/842 71/71/71 254/254/254
f 435/435/435 442/442/442 434/434/434
f 428/428/428 849/849/849 850/850/850
f 274/274/274 273/273/273 185/185/185
f 658/658/658 818/818/818 419/419/419
f 364/364/364 851/851/851 365/365/365
f 822/822/822 852/852/852 674/674/674
f 123/123/123 167/167/167 517/517/517
f 854/854/854 7/7/7 6/6/6
f 472/472/472 850/850/850 380/380/380
f 855/855/855 556/556/556 856/856/856
f 584/584/584 173/173/173 125/125/125
f 722/722/722 209/209/209 440/440/440
f 472/472/472 129/129/129 857/857/857
f 760/760/760 858/858/858 56/56/56
f 317/317/317 402/402/402 619/619/619
f 38/38/38 488/488/488 843/843/843
f 773/773/773 574/574/574 859/859/859
f 558/558/558 166/166/166 793/793/793
f 374/374/374 791/791/791 499/499/499
f 719/719/719 234/234/234 235/235/235
f 59/59/59 713/713/713 802/802/802
f 123/123/123 220/220/220 222/222/222
f 860/860/860 375/375/375 311/311/311
f 340/340/340 33/33/33 861/861/861
f 145/145/145 530/530/530 805/805/805
f 173/173/173 46/46/46 125/125/125
f 463/463/463 600/600/600 862/862/862
f 221/221/221 863/863/863 5/5/5
f 181/181/181 498/498/498 463/463/463
f 864/864/864 865/865/865 866/866/866
f 799/799/799 765/765/765 571/571/571
f 404/404/404 405/405/405 483/483/483
f 83/83/83 631/631/631 311/311/311
f 273/273/273 54/54/54 301/301/301
f 867/867/867 236/236/236 743/743/743
f 868/868/868 11/11/11 102/102/102
f 105/105/105 273/273/273 869/869/869
f 802/802/802 713/713/713 160/160/160
f 122/122/122 105/105/105 123/123/123
f 454/454/454 870/870/870 575/575/575
f 868/868/868 102/102/102 871/871/871
f 479/479/479 48/48/48 765/765/765
f 381/381/381 472/472/472 174/174/174
f 233/233/233 596/596/596 78/78/78
f 872/872/872 98/98/98 97/97/97
f 871/871/871 215/215/215 874/874/874
f 812/812/812 813/813/813 780/780/780
f 605/605/605 681/681/681 309/309/309
f 468/468/468 875/875/875 342/342/342
f 160/160/160 409/409/409 478/478/478
f 166/166/166 724/724/724 324/324/324
f 876/876/876 877/877/877 669/669/669
f 796/796/796 252/252/252 543/543/543
f 878/878/878 134/134/134 216/216/216
f 879/879/879 195/195/195 130/130/130
f 670/670/670 402/402/402 403/403/403
f 493/493/493 199/199/199 191/191/191
f 880/880/880 108/108/108 701/701/701
f 881/881/881 638/638/638 509/509/509
f 472/472/472 34/34/34 224/224/224
f 882/882/882 595/595/595 443/443/443
f 567/567/567 89/89/89 883/883/883
f 567/567/567 535/535/535 834/834/834
f 14/14/14 857/857/857 129/129/129
f 555/555/555 556/556/556 202/202/202
f 597/597/597 884/884/884 189/189/189
f 166/166/166 14/14/14 793/793/793
f 573/573/573 885/885/885 886/886/886
f 428/428/428 381/381/381 887/887/887
f 857/857/857 204/204/204 888/888/888
f 578/578/578 551/551/551 550/550/550
f 691/691/691 563/563/563 692/692/692
f 890/890/890 39/39/39 891/891/891
f 480/480/480 49/49/49 48/48/48
f 508/508/508 449/449/449 892/892/892
f 425/425/425 630/630/630 893/893/893
f 503/503/503 722/722/722 75/75/75
f 16/16/16 894/894/894 532/532/532
f 895/895/895 735/735/735 734/734/734
f 372/372/372 505/505/505 896/896/896
f 530/530/530 898/898/898 531/531/531
f 80/80/80 420/420/420 81/81/81
f 829/829/829 872/872/872 709/709/709
f 615/615/615 899/899/899 900/900/900
f 8/8/8 901/901/901 6/6/6
f 83/83/83 336/336/336 84/84/84
f 35/35/35 34/34/34 414/414/414
f 276/276/276 879/879/879 132/132/132
f 773/773/773 41/41/41 452/452/452
f 489/489/489 903/903/903 596/596/596
f 81/81/81 701/701/701 80/80/80
f 136/136/136 792/792/792 625/625/625
f 707/707/707 224/224/224 904/904/904
f 251/251/251 407/407/407 239/239/239
f 396/396/396 85/85/85 630/630/630
f 905/905/905 514/514/514 417/417/417
f 395/395/395 628/628/628 448/448/448
f 906/906/906 730/730/730 782/782/782
f 182/182/182 181/181/181 14/14/14
f 818/818/818 907/907/907 865/865/865
f 908/908/908 909/909/909 910/910/910
f 549/549/549 521/521/521 538/538/538
f 548/548/548 911/911/911 549/549/549
f 187/187/187 425/425/425 275/275/275
f 812/812/812 780/780/780 785/785/785
f 288/288/288 290/290/290 912/912/912
f 206/206/206 913/913/913 387/387/387
f 135/135/135 914/914/914 96/96/96
f 915/915/915 124/124/124 125/125/125
f 344/344/344 499/499/499 374/374/374
f 22/22/22 462/462/462 23/23/23
f 165/165/165 379/379/379 343/343/343
f 916/916/916 887/887/887 324/324/324
f 8/8/8 7/7/7 808/808/808
f 855/855/855 202/202/202 556/556/556
f 161/161/161 446/446/446 368/368/368
f 716/716/716 336/336/336 311/311/311
f 94/94/94 361/361/361 820/820/820
f 110/110/110 32/32/32 31/31/31
f 885/885/885 459/459/459 886/886/886
f 917/917/917 690/690/690 918/918/918
f 688/688/688 522/522/522 784/784/784
f 123/123/123 620/620/620 466/466/466
f 197/197/197 919/919/919 920/920/920
f 291/291/291 585/585/585 797/797/797
f 660/660/660 804/804/804 744/744/744
f 44/44/44 734/734/734 327/327/327
f 509/509/509 378/378/378 881/881/881
f 486/486/486 158/158/158 340/340/340
f 921/921/921 542/542/542 544/544/544
f 246/246/246 243/243/243 242/242/242
f 722/722/722 839/839/839 816/816/816
f 813/813/813 452/452/452 263/263/263
f 774/774/774 459/459/459 452/452/452
f 727/727/727 555/555/555 202/202/202
f 677/677/677 676/676/676 568/568/568
f 922/922/922 446/446/446 396/396/396
f 923/923/923 924/924/924 925/925/925
f 121/121/121 620/620/620 104/104/104
f 497/497/497 51/51/51 498/498/498
f 883/883/883 677/677/677 568/568/568
f 926/926/926 927/927/927 406/406/406
f 928/928/928 588/588/588 590/590/590
f 706/706/706 578/578/578 826/826/826
f 345/345/345 374/374/374 393/393/393
f 314/314/314 801/801/801 225/225/225
f 33/33/33 269/269/269 329/329/329
f 929/929/929 930/930/930 931/931/931
f 527/527/527 152/152/152 361/361/361
f 411/411/411 457/457/457 328/328/328
f 559/559/559 693/693/693 933/933/933
f 331/331/331 216/216/216 808/808/808
f 256/256/256 255/255/255 515/515/515
f 279/279/279 176/176/176 655/655/655
f 851/851/851 934/934/934 365/365/365
f 935/935/935 27/27/27 26/26/26
f 142/142/142 899/899/899 936/936/936
f 545/545/545 140/140/140 899/899/899
f 32/32/32 546/546/546 907/907/907
f 937/937/937 760/760/760 197/197/197
f 200/200/200 493/493/493 602/602/602
f 938/938/938 600/600/600 939/939/939
f 690/690/690 811/811/811 830/830/830
f 46/46/46 915/915/915 125/125/125
f 229/229/229 847/847/847 131/131/131
f 699/699/699 339/339/339 264/264/264
f 328/328/328 840/840/840 410/410/410
f 298/298/298 510/510/510 299/299/299
f 427/427/427 810/810/810 122/122/122
f 91/91/91 940/940/940 474/474/474
f 60/60/60 658/658/658 33/33/33
f 276/276/276 530/530/530 580/580/580
f 583/583/583 700/700/700 647/647/647
f 836/836/836 941/941/941 268/268/268
f 626/626/626 566/566/566 568/568/568
f 314/314/314 313/313/313 57/57/57
f 801/801/801 314/314/314 802/802/802
f 256/256/256 933/933/933 415/415/415
f 469/469/469 942/942/942 943/943/943
f 487/487/487 500/500/500 344/344/344
f 231/231/231 196/196/196 34/34/34
f 944/944/944 425/425/425 187/187/187
f 945/945/945 330/330/330 332/332/332
f 846/846/846 695/695/695 634/634/634
f 90/90/90 408/408/408 164/164/164
f 120/120/120 704/704/704 750/750/750
f 740/740/740 368/368/368 757/757/757
f 946/946/946 947/947/947 371/371/371
f 948/948/948 792/792/792 136/136/136
f 949/949/949 686/686/686 685/685/685
f 951/951/951 425/425/425 893/893/893
f 20/20/20 19/19/19 60/60/60
f 952/952/952 841/841/841 953/953/953
f 776/776/776 955/955/955 956/956/956
f 640/640/640 639/639/639 654/654/654
f 406/406/406 927/927/927 714/714/714
f 877/877/877 668/668/668 669/669/669
f 752/752/752 669/669/669 524/524/524
f 957/957/957 958/958/958 246/246/246
f 241/241/241 243/243/243 958/958/958
f 380/380/380 413/413/413 103/103/103
f 5/5/5 4/4/4 933/933/933
f 726/726/726 136/136/136 126/126/126
f 255/255/255 256/256/256 320/320/320
f 774/774/774 452/452/452 813/813/813
f 374/374/374 376/376/376 393/393/393
f 928/928/928 609/609/609 608/608/608
f 109/109/109 865/865/865 190/190/190
f 869/869/869 273/273/273 54/54/54
f 959/959/959 697/697/697 745/745/745
f 775/775/775 940/940/940 960/960/960
f 751/751/751 876/876/876 669/669/669
f 553/553/553 501/501/501 961/961/961
f 448/448/448 447/447/447 809/809/809
f 187/187/187 104/104/104 309/309/309
f 800/800/800 632/632/632 429/429/429
f 912/912/912 290/290/290 962/962/962
f 860/860/860 963/963/963 952/952/952
f 614/614/614 755/755/755 957/957/957
f 902/902/902 682/682/682 540/540/540
f 964/964/964 93/93/93 53/53/53
f 61/61/61 101/101/101 60/60/60
f 773/773/773 859/859/859 516/516/516
f 388/388/388 387/387/387 913/913/913
f 727/727/727 204/204/204 965/965/965
f 966/966/966 654/654/654 640/640/640
f 92/92/92 967/967/967 768/768/768
f 345/345/345 393/393/393 392/392/392
f 968/968/968 725/725/725 398/398/398
f 515/515/515 969/969/969 166/166/166
f 970/970/970 504/504/504 947/947/947
f 38/38/38 49/49/49 183/183/183
f 491/491/491 231/231/231 45/45/45
f 433/433/433 432/432/432 928/928/928
f 46/46/46 380/380/380 173/173/173
f 73/73/73 972/972/972 64/64/64
f 670/670/670 515/515/515 402/402/402
f 755/755/755 352/352/352 966/966/966
f 945/945/945 332/332/332 929/929/929
f 726/726/726 732/732/732 380/380/380
f 49/49/49 973/973/973 183/183/183
f 833/833/833 109/109/109 100/100/100
f 846/846/846 269/269/269 777/777/777
f 595/595/595 974/974/974 895/895/895
f 767/767/767 665/665/665 602/602/602
f 708/708/708 404/404/404 483/483/483
f 515/515/515 560/560/560 256/256/256
f 337/337/337 975/975/975 853/853/853
f 902/902/902 976/976/976 67/67/67
f 62/62/62 109/109/109 833/833/833
f 712/712/712 609/609/609 608/608/608
f 322/322/322 560/560/560 317/317/317
f 725/725/725 217/217/217 219/219/219
f 649/649/649 977/977/977 52/52/52
f 231/231/231 425/425/425 604/604/604
f 272/272/272 41/41/41 40/40/40
f 978/978/978 598/598/598 599/599/599
f 941/941/941 894/894/894 16/16/16
f 878/878/878 330/330/330 945/945/945
f 946/946/946 458/458/458 168/168/168
f 195/195/195 194/194/194 130/130/130
f 672/672/672 979/979/979 325/325/325
f 16/16/16 531/531/531 980/980/980
f 367/367/367 607/607/607 912/912/912
f 981/981/981 909/909/909 534/534/534
f 982/982/982 527/527/527 201/201/201
f 423/423/423 296/296/296 295/295/295
f 725/725/725 81/81/81 80/80/80
f 885/885/885 810/810/810 459/459/459
f 557/557/557 983/983/983 13/13/13
f 830/830/830 589/589/589 588/588/588
f 377/377/377 2/2/2 572/572/572
f 738/738/738 461/461/461 460/460/460
f 516/516/516 859/859/859 121/121/121
f 804/804/804 87/87/87 89/89/89
f 804/804/804 889/889/889 143/143/143
f 465/465/465 464/464/464 246/246/246
f 836/836/836 576/576/576 739/739/739
f 509/509/509 638/638/638 228/228/228
f 740/740/740 984/984/984 368/368/368
f 872/872/872 96/96/96 98/98/98
f 968/968/968 954/954/954 985/985/985
f 50/50/50 215/215/215 528/528/528
f 56/56/56 587/587/587 986/986/986
f 749/749/749 146/146/146 148/148/148
f 74/74/74 280/280/280 580/580/580
f 987/987/987 150/150/150 296/296/296
f 322/322/322 861/861/861 560/560/560
f 32/32/32 62/62/62 546/546/546
f 428/428/428 733/733/733 623/623/623
f 147/147/147 797/797/797 148/148/148
f 115/115/115 165/165/165 343/343/343
f 988/988/988 924/924/924 717/717/717
f 64/64/64 761/761/761 53/53/53
f 280/280/280 64/64/64 989/989/989
f 990/990/990 862/862/862 603/603/603
f 991/991/991 992/992/992 993/993/993
f 324/324/324 105/105/105 849/849/849
f 504/504/504 970/970/970 518/518/518
f 62/62/62 61/61/61 546/546/546
f 415/415/415 933/933/933 650/650/650
f 844/844/844 92/92/92 768/768/768
f 716/716/716 210/210/210 336/336/336
f 601/601/601 603/603/603 563/563/563
f 706/706/706 430/430/430 578/578/578
f 238/238/238 844/844/844 715/715/715
f 43/43/43 199/199/199 198/198/198
f 258/258/258 260/260/260 950/950/950
f 994/994/994 206/206/206 919/919/919
f 688/688/688 784/784/784 783/783/783
f 970/970/970 947/947/947 995/995/995
f 996/996/996 657/657/657 701/701/701
f 51/51/51 497/497/497 43/43/43
f 524/524/524 133/133/133 135/135/135
f 800/800/800 997/997/997 551/551/551
f 929/929/929 931/931/931 945/945/945
f 737/737/737 802/802/802 160/160/160
f 870/870/870 917/917/917 427/427/427
f 215/215/215 871/871/871 10/10/10
f 354/354/354 171/171/171 405/405/405
f 305/305/305 155/155/155 169/169/169
f 811/811/811 690/690/690 998/998/998
f 564/564/564 565/565/565 999/999/999
f 644/644/644 477/477/477 571/571/571
f 48/48/48 571/571/571 765/765/765
f 381/381/381 136/136/136 625/625/625
f 735/735/735 553/553/553 327/327/327
f 947/947/947 1000/1000/1000 995/995/995
f 326/326/326 794/794/794 793/793/793
f 569/569/569 665/665/665 518/518/518
f 55/55/55 1001/1001/1001 56/56/56
f 713/713/713 409/409/409 160/160/160
f 201/201/201 1002/1002/1002 17/17/17
f 714/714/714 406/406/406 239/239/239
f 53/53/53 891/891/891 652/652/652
f 324/324/324 323/323/323 916/916/916
f 51/51/51 42/42/42 198/198/198
f 304/304/304 143/143/143 302/302/302
f 654/654/654 639/639/639 655/655/655
f 926/926/926 301/301/301 927/927/927
f 145/145/145 684/684/684 530/530/530
f 353/353/353 151/151/151 131/131/131
f 926/926/926 944/944/944 273/273/273
f 192/192/192 109/109/109 190/190/190
f 262/262/262 40/40/40 547/547/547
f 103/103/103 152/152/152 63/63/63
f 1003/1003/1003 407/407/407 90/90/90
f 197/197/197 337/337/337 1004/1004/1004
f 830/830/830 588/588/588 432/432/432
f 177/177/177 438/438/438 817/817/817
f 477/477/477 644/644/644 113/113/113
f 374/374/374 499/499/499 375/375/375
f 167/167/167 5/5/5 257/257/257
f 901/901/901 8/8/8 998/998/998
f 784/784/784 854/854/854 812/812/812
f 878/878/878 216/216/216 330/330/330
f 17/17/17 746/746/746 645/645/645
f 464/464/464 689/689/689 246/246/246
f 610/610/610 977/977/977 649/649/649
f 32/32/32 62/62/62 60/60/60
f 321/321/321 373/373/373 322/322/322
f 548/548/548 332/332/332 911/911/911
f 562/562/562 1005/1005/1005 601/601/601
f 505/505/505 771/771/771 896/896/896
f 741/741/741 81/81/81 742/742/742
f 574/574/574 1006/1006/1006 575/575/575
f 709/709/709 708/708/708 827/827/827
f 997/997/997 912/912/912 607/607/607
f 281/281/281 167/167/167 1007/1007/1007
f 477/477/477 572/572/572 571/571/571
f 237/237/237 236/236/236 1008/1008/1008
f 148/148/148 253/253/253 749/749/749
f 26/26/26 25/25/25 1009/1009/1009
f 480/480/480 1010/1010/1010 49/49/49
f 76/76/76 999/999/999 565/565/565
f 94/94/94 1011/1011/1011 917/917/917
f 530/530/530 87/87/87 805/805/805
f 660/660/660 246/246/246 889/889/889
f 997/997/997 800/800/800 877/877/877
f 545/545/545 899/899/899 615/615/615
f 940/940/940 775/775/775 282/282/282
f 438/438/438 487/487/487 344/344/344
f 344/344/344 487/487/487 179/179/179
f 221/221/221 725/725/725 863/863/863
f 761/761/761 652/652/652 257/257/257
f 740/740/740 543/543/543 798/798/798
f 1012/1012/1012 662/662/662 118/118/118
f 888/888/888 991/991/991 174/174/174
f 614/614/614 247/247/247 659/659/659
f 858/858/858 403/403/403 358/358/358
f 726/726/726 102/102/102 61/61/61
f 215/215/215 11/11/11 874/874/874
f 663/663/663 765/765/765 799/799/799
f 748/748/748 42/42/42 884/884/884
f 299/299/299 930/930/930 702/702/702
f 371/371/371 823/823/823 372/372/372
f 267/267/267 271/271/271 1013/1013/1013
f 947/947/947 504/504/504 788/788/788
f 209/209/209 366/366/366 210/210/210
f 463/463/463 1014/1014/1014 633/633/633
f 521/521/521 7/7/7 522/522/522
f 695/695/695 846/846/846 777/777/777
f 922/922/922 226/226/226 409/409/409
f 634/634/634 611/611/611 230/230/230
f 921/921/921 537/537/537 971/971/971
f 448/448/448 629/629/629 543/543/543
f 663/663/663 138/138/138 259/259/259
f 80/80/80 108/108/108 420/420/420
f 17/17/17 416/416/416 149/149/149
f 129/129/129 104/104/104 12/12/12
f 290/290/290 289/289/289 484/484/484
f 337/337/337 1001/1001/1001 55/55/55
f 459/459/459 810/810/810 261/261/261
f 988/988/988 717/717/717 716/716/716
f 239/239/239 1003/1003/1003 240/240/240
f 507/507/507 31/31/31 287/287/287
f 676/676/676 139/139/139 65/65/65
f 395/395/395 448/448/448 446/446/446
f 268/268/268 60/60/60 19/19/19
f 847/847/847 351/351/351 353/353/353
f 576/576/576 19/19/19 21/21/21
f 992/992/992 866/866/866 993/993/993
f 570/570/570 910/910/910 909/909/909
f 691/691/691 561/561/561 563/563/563
f 461/461/461 102/102/102 380/380/380
f 646/646/646 933/933/933 693/693/693
f 1015/1015/1015 628/628/628 893/893/893
f 35/35/35 34/34/34 758/758/758
f 902/902/902 636/636/636 976/976/976
f 383/383/383 107/107/107 701/701/701
f 1018/1018/1018 701/701/701 657/657/657
f 148/148/148 797/797/797 253/253/253
f 506/506/506 328/328/328 776/776/776
f 1019/1019/1019 573/573/573 575/575/575
f 317/317/317 167/167/167 357/357/357
f 823/823/823 673/673/673 372/372/372
f 694/694/694 611/611/611 634/634/634
f 829/829/829 288/288/288 876/876/876
f 138/138/138 528/528/528 259/259/259
f 1018/1018/1018 657/657/657 431/431/431
f 396/396/396 395/395/395 446/446/446
f 464/464/464 1020/1020/1020 523/523/523
f 470/470/470 471/471/471 697/697/697
f 490/490/490 896/896/896 771/771/771
f 398/398/398 725/725/725 80/80/80
f 842/842/842 57/57/57 313/313/313
f 224/224/224 121/121/121 104/104/104
f 528/528/528 571/571/571 48/48/48
f 726/726/726 136/136/136 127/127/127
f 101/101/101 103/103/103 703/703/703
f 642/642/642 214/214/214 529/529/529
f 603/603/603 493/493/493 990/990/990
f 332/332/332 808/808/808 911/911/911
f 390/390/390 1021/1021/1021 435/435/435
f 736/736/736 316/316/316 18/18/18
f 848/848/848 783/783/783 785/785/785
f 985/985/985 954/954/954 421/421/421
f 564/564/564 599/599/599 399/399/399
f 328/328/328 506/506/506 372/372/372
f 1022/1022/1022 963/963/963 631/631/631
f 1023/1023/1023 5/5/5 863/863/863
f 296/296/296 423/423/423 987/987/987
f 205/205/205 647/647/647 206/206/206
f 159/159/159 737/737/737 160/160/160
f 280/280/280 879/879/879 276/276/276
f 771/771/771 565/565/565 520/520/520
f 388/388/388 913/913/913 979/979/979
f 473/473/473 485/485/485 967/967/967
f 628/628/628 1015/1015/1015 395/395/395
f 31/31/31 33/33/33 287/287/287
f 540/540/540 539/539/539 910/910/910
f 122/122/122 121/121/121 573/573/573
f 340/340/340 1024/1024/1024 269/269/269
f 670/670/670 326/326/326 515/515/515
f 1025/1025/1025 597/597/597 188/188/188
f 358/358/358 806/806/806 317/317/317
f 157/157/157 674/674/674 852/852/852
f 668/668/668 873/873/873 263/263/263
f 993/993/993 866/866/866 546/546/546
f 1026/1026/1026 790/790/790 16/16/16
f 714/714/714 1027/1027/1027 406/406/406
f 826/826/826 578/578/578 550/550/550
f 329/329/329 23/23/23 1028/1028/1028
f 524/524/524 216/216/216 133/133/133
f 817/817/817 345/345/345 622/622/622
f 922/922/922 85/85/85 226/226/226
f 1020/1020/1020 538/538/538 523/523/523
f 319/319/319 318/318/318 692/692/692
f 691/691/691 675/675/675 82/82/82
f 412/412/412 335/335/335 401/401/401
f 570/570/570 112/112/112 636/636/636
f 965/965/965 204/204/204 203/203/203
f 891/891/891 651/651/651 652/652/652
f 923/923/923 593/593/593 721/721/721
f 679/679/679 734/734/734 680/680/680
f 987/987/987 149/149/149 150/150/150
f 107/107/107 157/157/157 852/852/852
f 399/399/399 598/598/598 400/400/400
f 905/905/905 865/865/865 109/109/109
f 923/923/923 925/925/925 591/591/591
f 45/45/45 831/831/831 491/491/491
f 216/216/216 331/331/331 330/330/330
f 918/918/918 690/690/690 40/40/40
f 421/421/421 954/954/954 81/81/81
f 401/401/401 520/520/520 565/565/565
f 582/582/582 22/22/22 24/24/24
f 1029/1029/1029 440/440/440 924/924/924
f 653/653/653 875/875/875 228/228/228
f 575/575/575 1006/1006/1006 454/454/454
f 35/35/35 413/413/413 625/625/625
f 770/770/770 886/886/886 459/459/459
f 634/634/634 230/230/230 468/468/468
f 248/248/248 500/500/500 487/487/487
f 34/34/34 472/472/472 414/414/414
f 437/437/437 618/618/618 436/436/436
f 391/391/391 548/548/548 538/538/538
f 206/206/206 387/387/387 919/919/919
f 65/65/65 626/626/626 676/676/676
f 158/158/158 258/258/258 950/950/950
f 748/748/748 939/939/939 42/42/42
f 646/646/646 731/731/731 710/710/710
f 1016/1016/1016 866/866/866 992/992/992
f 630/630/630 85/85/85 922/922/922
f 287/287/287 33/33/33 9/9/9
f 381/381/381 380/380/380 472/472/472
f 183/183/183 663/663/663 664/664/664
f 752/752/752 524/524/524 135/135/135
f 490/490/490 249/249/249 250/250/250
f 103/103/103 136/136/136 381/381/381
f 871/871/871 281/281/281 897/897/897
f 56/56/56 54/54/54 869/869/869
f 334/334/334 490/490/490 771/771/771
f 56/56/56 858/858/858 357/357/357
f 94/94/94 93/93/93 964/964/964
f 426/426/426 424/424/424 311/311/311
f 824/824/824 941/941/941 16/16/16
f 151/151/151 530/530/530 277/277/277
f 511/511/511 512/512/512 803/803/803
f 995/995/995 445/445/445 519/519/519
f 579/579/579 642/642/642 37/37/37
f 173/173/173 128/128/128 807/807/807
f 991/991/991 993/993/993 136/136/136
f 460/460/460 380/380/380 153/153/153
f 908/908/908 910/910/910 789/789/789
f 479/479/479 765/765/765 764/764/764
f 417/417/417 865/865/865 905/905/905
f 105/105/105 104/104/104 187/187/187
f 169/169/169 720/720/720 698/698/698
f 833/833/833 100/100/100 555/555/555
f 1007/1007/1007 167/167/167 623/623/623
f 403/403/403 937/937/937 1031/1031/1031
f 323/323/323 428/428/428 916/916/916
f 371/371/371 372/372/372 667/667/667
f 52/52/52 977/977/977 95/95/95
f 548/548/548 1032/1032/1032 332/332/332
f 1004/1004/1004 715/715/715 919/919/919
f 621/621/621 801/801/801 172/172/172
f 522/522/522 7/7/7 854/854/854
f 412/412/412 540/540/540 682/682/682
f 680/680/680 762/762/762 678/678/678
f 205/205/205 473/473/473 339/339/339
f 317/317/317 806/806/806 515/515/515
f 973/973/973 49/49/49 1010/1010/1010
f 463/463/463 754/754/754 203/203/203
f 713/713/713 801/801/801 802/802/802
f 701/701/701 81/81/81 741/741/741
f 19/19/19 776/776/776 635/635/635
f 16/16/16 532/532/532 531/531/531
f 739/739/739 989/989/989 530/530/530
f 685/685/685 591/591/591 925/925/925
f 787/787/787 634/634/634 416/416/416
f 989/989/989 64/64/64 137/137/137
f 817/817/817 438/438/438 345/345/345
f 45/45/45 832/832/832 46/46/46
f 517/517/517 167/167/167 222/222/222
f 183/183/183 766/766/766 765/765/765
f 808/808/808 7/7/7 549/549/549
f 464/464/464 1033/1033/1033 688/688/688
f 645/645/645 513/513/513 19/19/19
f 658/658/658 31/31/31 33/33/33
f 1028/1028/1028 462/462/462 37/37/37
f 1013/1013/1013 747/747/747 1034/1034/1034
f 785/785/785 780/780/780 245/245/245
f 597/597/597 264/264/264 884/884/884
f 422/422/422 424/424/424 426/426/426
f 417/417/417 818/818/818 865/865/865
f 328/328/328 476/476/476 776/776/776
f 509/509/509 228/228/228 468/468/468
f 1014/1014/1014 678/678/678 29/29/29
f 81/81/81 954/954/954 398/398/398
f 972/972/972 4/4/4 761/761/761
f 655/655/655 639/639/639 638/638/638
f 238/238/238 240/240/240 844/844/844
f 1029/1029/1029 721/721/721 440/440/440
f 761/761/761 64/64/64 972/972/972
f 925/925/925 988/988/988 423/423/423
f 318/318/318 1022/1022/1022 675/675/675
f 1012/1012/1012 1036/1036/1036 983/983/983
f 749/749/749 1013/1013/1013 1034/1034/1034
f 1037/1037/1037 609/609/609 711/711/711
f 831/831/831 832/832/832 45/45/45
f 838/838/838 663/663/663 486/486/486
f 875/875/875 1038/1038/1038 509/509/509
f 961/961/961 469/469/469 943/943/943
f 325/325/325 670/670/670 326/326/326
f 951/951/951 893/893/893 408/408/408
f 384/384/384 781/781/781 780/780/780
f 617/617/617 958/958/958 545/545/545
f 85/85/85 231/231/231 605/605/605
f 761/761/761 4/4/4 53/53/53
f 448/448/448 809/809/809 162/162/162
f 401/401/401 211/211/211 213/213/213
f 640/640/640 755/755/755 966/966/966
f 642/642/642 664/664/664 341/341/341
f 1018/1018/1018 1039/1039/1039 120/120/120
f 499/499/499 613/613/613 903/903/903
f 494/494/494 204/204/204 1040/1040/1040
f 243/243/243 246/246/246 958/958/958
f 228/228/228 638/638/638 229/229/229
f 896/896/896 490/490/490 250/250/250
f 418/418/418 417/417/417 514/514/514
f 1015/1015/1015 922/922/922 395/395/395
f 308/308/308 791/791/791 374/374/374
f 527/527/527 286/286/286 201/201/201
f 68/68/68 67/67/67 38/38/38
f 222/222/222 105/105/105 123/123/123
f 240/240/240 1003/1003/1003 92/92/92
f 482/482/482 850/850/850 122/122/122
f 149/149/149 468/468/468 342/342/342
f 921/921/921 552/552/552 542/542/542
f 105/105/105 122/122/122 849/849/849
f 1041/1041/1041 75/75/75 722/722/722
f 628/628/628 395/395/395 397/397/397
f 733/733/733 732/732/732 727/727/727
f 678/678/678 192/192/192 679/679/679
f 1024/1024/1024 840/840/840 269/269/269
f 754/754/754 965/965/965 203/203/203
f 270/270/270 747/747/747 271/271/271
f 115/115/115 114/114/114 596/596/596
f 868/868/868 1035/1035/1035 281/281/281
f 494/494/494 26/26/26 1009/1009/1009
f 509/509/509 342/342/342 379/379/379
f 343/343/343 150/150/150 116/116/116
f 463/463/463 679/679/679 600/600/600
f 611/611/611 1042/1042/1042 212/212/212
f 825/825/825 30/30/30 814/814/814
f 316/316/316 125/125/125 584/584/584
f 618/618/618 720/720/720 436/436/436
f 379/379/379 342/342/342 343/343/343
f 837/837/837 468/468/468 230/230/230
f 886/886/886 1043/1043/1043 573/573/573
f 175/175/175 141/141/141 176/176/176
f 172/172/172 737/737/737 405/405/405
f 773/773/773 1006/1006/1006 574/574/574
f 712/712/712 928/928/928 590/590/590
f 473/473/473 967/967/967 474/474/474
f 280/280/280 739/739/739 576/576/576
f 3/3/3 533/533/533 66/66/66
f 376/376/376 860/860/860 953/953/953
f 207/207/207 206/206/206 994/994/994
f 850/850/850 482/482/482 481/481/481
f 137/137/137 64/64/64 21/21/21
f 789/789/789 824/824/824 16/16/16
f 1038/1038/1038 686/686/686 509/509/509
f 848/848/848 785/785/785 244/244/244
f 801/801/801 85/85/85 409/409/409
f 652/652/652 761/761/761 950/950/950
f 999/999/999 815/815/815 721/721/721
f 406/406/406 408/408/408 926/926/926
f 154/154/154 554/554/554 451/451/451
f 852/852/852 222/222/222 398/398/398
f 447/447/447 446/446/446 292/292/292
f 441/441/441 963/963/963 72/72/72
f 839/839/839 502/502/502 235/235/235
f 466/466/466 107/107/107 220/220/220
f 2/2/2 981/981/981 3/3/3
f 338/338/338 282/282/282 265/265/265
f 1045/1045/1045 1/1/1 572/572/572
f 302/302/302 1046/1046/1046 303/303/303
f 897/897/897 868/868/868 871/871/871
f 472/472/472 380/380/380 414/414/414
f 1047/1047/1047 867/867/867 1048/1048/1048
f 46/46/46 792/792/792 948/948/948
f 694/694/694 634/634/634 695/695/695
f 167/167/167 515/515/515 5/5/5
f 627/627/627 535/535/535 567/567/567
f 495/495/495 433/433/433 40/40/40
f 108/108/108 880/880/880 120/120/120
f 311/311/311 375/375/375 426/426/426
f 860/860/860 376/376/376 375/375/375
f 871/871/871 460/460/460 153/153/153
f 206/206/206 647/647/647 648/648/648
f 83/83/83 675/675/675 1022/1022/1022
f 207/207/207 967/967/967 485/485/485
f 608/608/608 433/433/433 928/928/928
f 367/367/367 912/912/912 962/962/962
f 616/616/616 615/615/615 389/389/389
f 789/789/789 909/909/909 908/908/908
f 420/420/420 119/119/119 763/763/763
f 650/650/650 933/933/933 255/255/255
f 1011/1011/1011 820/820/820 380/380/380
f 986/986/986 853/853/853 975/975/975
f 1049/1049/1049 14/14/14 1036/1036/1036
f 354/354/354 404/404/404 709/709/709
f 428/428/428 887/887/887 916/916/916
f 175/175/175 278/278/278 165/165/165
f 312/312/312 631/631/631 860/860/860
f 275/275/275 274/274/274 187/187/187
f 430/430/430 705/705/705 431/431/431
f 391/391/391 1032/1032/1032 548/548/548
f 977/977/977 610/610/610 609/609/609
f 868/868/868 874/874/874 11/11/11
f 976/976/976 636/636/636 111/111/111
f 846/846/846 776/776/776 269/269/269
f 687/687/687 775/775/775 960/960/960
f 1022/1022/1022 318/318/318 963/963/963
f 117/117/117 508/508/508 30/30/30
f 645/645/645 201/201/201 286/286/286
f 30/30/30 326/326/326 814/814/814
f 651/651/651 852/852/852 222/222/222
f 901/901/901 998/998/998 690/690/690
f 746/746/746 201/201/201 645/645/645
f 495/495/495 385/385/385 496/496/496
f 701/701/701 1018/1018/1018 880/880/880
f 138/138/138 644/644/644 139/139/139
f 463/463/463 855/855/855 1014/1014/1014
f 981/981/981 2/2/2 570/570/570
f 99/99/99 100/100/100 110/110/110
f 976/976/976 488/488/488 67/67/67
f 11/11/11 103/103/103 102/102/102
f 76/76/76 565/565/565 771/771/771
f 715/715/715 768/768/768 919/919/919
f 281/281/281 560/560/560 31/31/31
f 858/858/858 937/937/937 403/403/403
f 85/85/85 231/231/231 630/630/630
f 345/345/345 438/438/438 344/344/344
f 227/227/227 177/177/177 817/817/817
f 561/561/561 1005/1005/1005 562/562/562
f 164/164/164 408/408/408 628/628/628
f 198/198/198 895/895/895 43/43/43
f 594/594/594 475/475/475 539/539/539
f 573/573/573 859/859/859 574/574/574
f 881/881/881 278/278/278 279/279/279
f 171/171/171 354/354/354 356/356/356
f 85/85/85 605/605/605 86/86/86
f 36/36/36 38/38/38 579/579/579
f 938/938/938 939/939/939 270/270/270
f 914/914/914 931/931/931 510/510/510
f 1050/1050/1050 1051/1051/1051 909/909/909
f 872/872/872 97/97/97 709/709/709
f 650/650/650 255/255/255 373/373/373
f 339/339/339 473/473/473 283/283/283
f 631/631/631 312/312/312 311/311/311
f 836/836/836 1052/1052/1052 739/739/739
f 733/733/733 965/965/965 14/14/14
f 37/37/37 22/22/22 795/795/795
f 415/415/415 650/650/650 321/321/321
f 105/105/105 586/586/586 869/869/869
f 530/530/530 276/276/276 277/277/277
f 680/680/680 327/327/327 326/326/326
f 328/328/328 955/955/955 776/776/776
f 328/328/328 372/372/372 371/371/371
f 1042/1042/1042 956/956/956 212/212/212
f 15/15/15 980/980/980 352/352/352
f 612/612/612 212/212/212 211/211/211
f 85/85/85 177/177/177 18/18/18
f 770/770/770 701/701/701 108/108/108
f 152/152/152 153/153/153 361/361/361
f 326/326/326 325/325/325 449/449/449
f 572/572/572 477/477/477 377/377/377
f 587/587/587 1023/1023/1023 968/968/968
f 1053/1053/1053 457/457/457 458/458/458
f 335/335/335 249/249/249 333/333/333
f 266/266/266 1054/1054/1054 264/264/264
f 762/762/762 905/905/905 109/109/109
f 909/909/909 1051/1051/1051 534/534/534
f 913/913/913 206/206/206 648/648/648
f 14/14/14 623/623/623 733/733/733
f 755/755/755 958/958/958 957/957/957
f 293/293/293 524/524/524 263/263/263
f 504/504/504 503/503/503 75/75/75
f 210/210/210 84/84/84 336/336/336
f 419/419/419 514/514/514 99/99/99
f 704/704/704 706/706/706 750/750/750
f 155/155/155 170/170/170 169/169/169
f 382/382/382 45/45/45 46/46/46
f 372/372/372 896/896/896 370/370/370
f 317/317/317 560/560/560 515/515/515
f 640/640/640 654/654/654 638/638/638
f 725/725/725 968/968/968 1023/1023/1023
f 453/453/453 261/261/261 870/870/870
f 165/165/165 115/115/115 232/232/232
f 64/64/64 280/280/280 74/74/74
f 236/236/236 848/848/848 244/244/244
f 152/152/152 64/64/64 53/53/53
f 226/226/226 85/85/85 227/227/227
f 102/102/102 460/460/460 871/871/871
f 379/379/379 509/509/509 686/686/686
f 152/152/152 739/739/739 280/280/280
f 866/866/866 865/865/865 907/907/907
f 416/416/416 1055/1055/1055 17/17/17
f 106/106/106 105/105/105 166/166/166
f 187/187/187 185/185/185 944/944/944
f 478/478/478 409/409/409 446/446/446
f 708/708/708 483/483/483 484/484/484
f 386/386/386 920/920/920 919/919/919
f 619/619/619 698/698/698 720/720/720
f 280/280/280 739/739/739 1052/1052/1052
f 347/347/347 731/731/731 693/693/693
f 622/622/622 314/314/314 225/225/225
f 293/293/293 8/8/8 524/524/524
f 103/103/103 11/11/11 871/871/871
f 394/394/394 313/313/313 172/172/172
f 30/30/30 508/508/508 734/734/734
f 758/758/758 231/231/231 34/34/34
f 959/959/959 745/745/745 1030/1030/1030
f 514/514/514 581/581/581 99/99/99
f 720/720/720 618/618/618 619/619/619
f 746/746/746 17/17/17 316/316/316
f 272/272/272 40/40/40 690/690/690
f 589/589/589 427/427/427 807/807/807
f 281/281/281 1056/1056/1056 158/158/158
f 66/66/66 626/626/626 65/65/65
f 317/317/317 515/515/515 166/166/166
f 258/258/258 486/486/486 663/663/663
f 618/618/618 840/840/840 1024/1024/1024
f 170/170/170 154/154/154 168/168/168
f 967/967/967 207/207/207 768/768/768
f 968/968/968 985/985/985 587/587/587
f 43/43/43 30/30/30 734/734/734
f 796/796/796 629/629/629 408/408/408
f 857/857/857 181/181/181 204/204/204
f 114/114/114 489/489/489 596/596/596
f 1008/1008/1008 906/906/906 237/237/237
f 280/280/280 989/989/989 739/739/739
f 910/910/910 824/824/824 789/789/789
f 32/32/32 60/60/60 33/33/33
f 690/690/690 830/830/830 432/432/432
f 58/58/58 57/57/57 254/254/254
f 513/513/513 61/61/61 19/19/19
f 621/621/621 622/622/622 178/178/178
f 883/883/883 89/89/89 530/530/530
f 965/965/965 754/754/754 14/14/14
f 13/13/13 12/12/12 557/557/557
f 334/334/334 771/771/771 401/401/401
f 468/468/468 416/416/416 634/634/634
f 9/9/9 64/64/64 10/10/10
f 117/117/117 825/825/825 1036/1036/1036
f 731/731/731 646/646/646 693/693/693
f 402/402/402 325/325/325 943/943/943
f 343/343/343 294/294/294 150/150/150
f 338/338/338 283/283/283 282/282/282
f 325/325/325 979/979/979 449/449/449
f 863/863/863 725/725/725 1023/1023/1023
f 920/920/920 386/386/386 197/197/197
f 796/796/796 408/408/408 407/407/407
f 834/834/834 898/898/898 89/89/89
f 434/434/434 930/930/930 929/929/929
f 1057/1057/1057 921/921/921 544/544/544
f 827/827/827 289/289/289 828/828/828
f 1001/1001/1001 760/760/760 56/56/56
f 984/984/984 369/369/369 368/368/368
f 371/371/371 370/370/370 24/24/24
f 519/519/519 445/445/445 444/444/444
f 238/238/238 714/714/714 239/239/239
f 105/105/105 186/186/186 273/273/273
f 976/976/976 111/111/111 843/843/843
f 754/754/754 633/633/633 28/28/28
f 1028/1028/1028 641/641/641 329/329/329
f 807/807/807 729/729/729 589/589/589
f 557/557/557 558/558/558 983/983/983
f 939/939/939 747/747/747 270/270/270
f 885/885/885 122/122/122 810/810/810
f 532/532/532 894/894/894 836/836/836
f 291/291/291 160/160/160 585/585/585
f 390/390/390 142/142/142 1021/1021/1021
f 427/427/427 917/917/917 481/481/481
f 1042/1042/1042 695/695/695 777/777/777
f 452/452/452 261/261/261 453/453/453
f 109/109/109 192/192/192 678/678/678
f 862/862/862 1040/1040/1040 463/463/463
f 836/836/836 982/982/982 837/837/837
f 401/401/401 772/772/772 594/594/594
f 408/408/408 926/926/926 951/951/951
f 419/419/419 99/99/99 110/110/110
f 975/975/975 56/56/56 986/986/986
f 816/816/816 839/839/839 235/235/235
f 673/673/673 666/666/666 667/667/667
f 1050/1050/1050 790/790/790 835/835/835
f 625/625/625 887/887/887 381/381/381
f 167/167/167 105/105/105 5/5/5
f 205/205/205 583/583/583 647/647/647
f 965/965/965 733/733/733 727/727/727
f 952/952/952 963/963/963 441/441/441
f 71/71/71 271/271/271 267/267/267
f 730/730/730 906/906/906 1047/1047/1047
f 616/616/616 1020/1020/1020 242/242/242
f 865/865/865 864/864/864 190/190/190
f 305/305/305 156/156/156 155/155/155
f 511/511/511 595/595/595 198/198/198
f 412/412/412 541/541/541 540/540/540
f 949/949/949 925/925/925 295/295/295
f 925/925/925 924/924/924 988/988/988
f 512/512/512 602/602/602 665/665/665
f 228/228/228 230/230/230 468/468/468
f 233/233/233 435/435/435 1021/1021/1021
f 556/556/556 100/100/100 856/856/856
f 71/71/71 841/841/841 441/441/441
f 144/144/144 683/683/683 145/145/145
f 294/294/294 949/949/949 295/295/295
f 61/61/61 60/60/60 19/19/19
f 949/949/949 343/343/343 379/379/379
f 791/791/791 79/79/79 499/499/499
f 91/91/91 960/960/960 940/940/940
f 358/358/358 357/357/357 858/858/858
f 273/273/273 185/185/185 186/186/186
f 727/727/727 202/202/202 204/204/204
f 869/869/869 56/56/56 357/357/357
f 326/326/326 662/662/662 794/794/794
f 109/109/109 62/62/62 32/32/32
f 408/408/408 628/628/628 397/397/397
f 105/105/105 357/357/357 167/167/167
f 1040/1040/1040 204/204/204 463/463/463
f 103/103/103 413/413/413 948/948/948
f 697/697/697 471/471/471 526/526/526
f 367/367/367 369/369/369 607/607/607
f 510/510/510 931/931/931 930/930/930
f 1020/1020/1020 616/616/616 538/538/538
f 354/354/354 709/709/709 97/97/97
f 770/770/770 467/467/467 886/886/886
f 1044/1044/1044 778/778/778 714/714/714
f 501/501/501 554/554/554 156/156/156
f 224/224/224 104/104/104 35/35/35
f 319/319/319 938/938/938 270/270/270
f 322/322/322 255/255/255 320/320/320
f 575/575/575 870/870/870 1019/1019/1019
f 870/870/870 454/454/454 453/453/453
f 16/16/16 980/980/980 15/15/15
f 663/663/663 528/528/528 138/138/138
f 584/584/584 201/201/201 746/746/746
f 929/929/929 332/332/332 1032/1032/1032
f 724/724/724 514/514/514 31/31/31
f 754/754/754 117/117/117 1036/1036/1036
f 969/969/969 326/326/326 793/793/793
f 361/361/361 127/127/127 286/286/286
f 315/315/315 144/144/144 304/304/304
f 14/14/14 166/166/166 623/623/623
f 543/543/543 252/252/252 544/544/544
f 942/942/942 698/698/698 402/402/402
f 252/252/252 407/407/407 251/251/251
f 337/337/337 853/853/853 1030/1030/1030
f 79/79/79 78/78/78 613/613/613
f 964/964/964 53/53/53 152/152/152
f 140/140/140 640/640/640 655/655/655
f 328/328/328 457/457/457 667/667/667
f 520/520/520 401/401/401 213/213/213
f 401/401/401 335/335/335 334/334/334
f 519/519/519 569/569/569 518/518/518
f 474/474/474 940/940/940 283/283/283
f 721/721/721 924/924/924 923/923/923
f 384/384/384 813/813/813 873/873/873
f 872/872/872 751/751/751 96/96/96
f 515/515/515 402/402/402 317/317/317
f 689/689/689 302/302/302 889/889/889
f 905/905/905 680/680/680 326/326/326
f 684/684/684 753/753/753 530/530/530
f 990/990/990 493/493/493 494/494/494
f 361/361/361 94/94/94 964/964/964
f 637/637/637 188/188/188 44/44/44
f 620/620/620 105/105/105 104/104/104
f 269/269/269 33/33/33 340/340/340
f 584/584/584 124/124/124 1002/1002/1002
f 39/39/39 651/651/651 891/891/891
f 1016/1016/1016 27/27/27 935/935/935
f 750/750/750 706/706/706 971/971/971
f 841/841/841 313/313/313 394/394/394
f 545/545/545 615/615/615 617/617/617
f 214/214/214 821/821/821 9/9/9
f 1053/1053/1053 458/458/458 946/946/946
f 724/724/724 793/793/793 814/814/814
f 70/70/70 318/318/318 270/270/270
f 785/785/785 245/245/245 244/244/244
f 898/898/898 530/530/530 89/89/89
f 39/39/39 890/890/890 40/40/40
f 874/874/874 868/868/868 871/871/871
f 425/425/425 951/951/951 275/275/275
f 536/536/536 537/537/537 1057/1057/1057
f 430/430/430 706/706/706 705/705/705
f 157/157/157 383/383/383 547/547/547
f 380/380/380 807/807/807 472/472/472
f 367/367/367 962/962/962 368/368/368
f 17/17/17 124/124/124 18/18/18
f 118/118/118 180/180/180 1012/1012/1012
f 476/476/476 941/941/941 475/475/475
f 637/637/637 327/327/327 188/188/188
f 934/934/934 1005/1005/1005 365/365/365
f 1011/1011/1011 380/380/380 850/850/850
f 758/758/758 624/624/624 231/231/231
f 586/586/586 167/167/167 5/5/5
f 187/187/187 604/604/604 425/425/425
f 909/909/909 790/790/790 1050/1050/1050
f 408/408/408 425/425/425 1058/1058/1058
f 499/499/499 344/344/344 500/500/500
f 434/434/434 929/929/929 1032/1032/1032
f 1012/1012/1012 182/182/182 1036/1036/1036
f 26/26/26 190/190/190 864/864/864
f 51/51/51 198/198/198 679/679/679
f 942/942/942 469/469/469 698/698/698
f 413/413/413 46/46/46 948/948/948
f 432/432/432 901/901/901 690/690/690
f 442/442/442 297/297/297 299/299/299
f 139/139/139 644/644/644 571/571/571
f 958/958/958 755/755/755 545/545/545
f 242/242/242 465/465/465 246/246/246
f 1048/1048/1048 81/81/81 219/219/219
f 714/714/714 301/301/301 1027/1027/1027
f 126/126/126 128/128/128 173/173/173
f 1015/1015/1015 893/893/893 630/630/630
f 95/95/95 208/208/208 964/964/964
f 209/209/209 210/210/210 439/439/439
f 337/337/337 1044/1044/1044 714/714/714
f 157/157/157 40/40/40 610/610/610
f 1018/1018/1018 120/120/120 880/880/880
f 441/441/441 841/841/841 952/952/952
f 14/14/14 1049/1049/1049 793/793/793
f 519/519/519 444/444/444 803/803/803
f 660/660/660 744/744/744 247/247/247
f 158/158/158 761/761/761 281/281/281
f 747/747/747 939/939/939 748/748/748
f 801/801/801 621/621/621 85/85/85
f 663/663/663 259/259/259 258/258/258
f 655/655/655 176/176/176 140/140/140
f 81/81/81 1048/1048/1048 742/742/742
f 327/327/327 680/680/680 734/734/734
f 539/539/539 541/541/541 594/594/594
f 122/122/122 904/904/904 224/224/224
f 46/46/46 819/819/819 915/915/915
f 600/600/600 319/319/319 723/723/723
f 836/836/836 19/19/19 576/576/576
f 953/953/953 841/841/841 394/394/394
f 41/41/41 220/220/220 852/852/852
f 666/666/666 212/212/212 956/956/956
f 1037/1037/1037 95/95/95 609/609/609
f 689/689/689 889/889/889 246/246/246
f 796/796/796 543/543/543 740/740/740
f 626/626/626 66/66/66 533/533/533
f 386/386/386 388/388/388 937/937/937
f 287/287/287 821/821/821 341/341/341
f 887/887/887 625/625/625 35/35/35
f 1038/1038/1038 875/875/875 400/400/400
f 873/873/873 813/813/813 263/263/263
f 141/141/141 140/140/140 176/176/176
f 49/49/49 529/529/529 214/214/214
f 593/593/593 923/923/923 591/591/591
f 144/144/144 782/782/782 730/730/730
f 172/172/172 345/345/345 1059/1059/1059
f 167/167/167 123/123/123 105/105/105
f 425/425/425 944/944/944 1058/1058/1058
f 1060/1060/1060 644/644/644 643/643/643
f 446/446/446 478/478/478 291/291/291
f 496/496/496 6/6/6 433/433/433
f 773/773/773 452/452/452 1006/1006/1006
f 14/14/14 13/13/13 182/182/182
f 405/405/405 171/171/171 172/172/172
f 472/472/472 428/428/428 850/850/850
f 1053/1053/1053 946/946/946 371/371/371
f 631/631/631 963/963/963 860/860/860
f 964/964/964 208/208/208 152/152/152
f 988/988/988 716/716/716 424/424/424
f 822/822/822 4/4/4 222/222/222
f 590/590/590 729/729/729 712/712/712
f 703/703/703 103/103/103 63/63/63
f 1032/1032/1032 391/391/391 390/390/390
f 984/984/984 740/740/740 798/798/798
f 708/708/708 484/484/484 289/289/289
f 759/759/759 307/307/307 356/356/356
f 320/320/320 256/256/256 415/415/415
f 430/430/430 429/429/429 632/632/632
f 107/107/107 852/852/852 398/398/398
f 389/389/389 615/615/615 390/390/390
f 999/999/999 721/721/721 1061/1061/1061
f 579/579/579 111/111/111 113/113/113
f 104/104/104 106/106/106 274/274/274
f 564/564/564 999/999/999 1061/1061/1061
f 363/363/363 582/582/582 250/250/250
f 86/86/86 45/45/45 47/47/47
f 554/554/554 974/974/974 882/882/882
f 606/606/606 551/551/551 607/607/607
f 122/122/122 885/885/885 904/904/904
f 100/100/100 109/109/109 110/110/110
f 192/192/192 581/581/581 678/678/678
f 333/333/333 490/490/490 334/334/334
f 309/309/309 681/681/681 187/187/187
f 220/220/220 41/41/41 773/773/773
f 293/293/293 262/262/262 811/811/811
f 930/930/930 299/299/299 510/510/510
f 315/315/315 303/303/303 236/236/236
f 107/107/107 383/383/383 157/157/157
f 987/987/987 423/423/423 422/422/422
f 811/811/811 262/262/262 261/261/261
f 1031/1031/1031 670/670/670 403/403/403
f 84/84/84 210/210/210 366/366/366
f 673/673/673 520/520/520 666/666/666
f 838/838/838 486/486/486 340/340/340
f 736/736/736 47/47/47 46/46/46
f 452/452/452 261/261/261 263/263/263
f 603/603/603 600/600/600 563/563/563
f 941/941/941 824/824/824 475/475/475
f 412/412/412 401/401/401 541/541/541
f 748/748/748 1054/1054/1054 266/266/266
f 851/851/851 767/767/767 602/602/602
f 360/360/360 359/359/359 146/146/146
f 840/840/840 437/437/437 410/410/410
f 933/933/933 73/73/73 559/559/559
f 814/814/814 1049/1049/1049 825/825/825
f 151/151/151 132/132/132 131/131/131
f 795/795/795 455/455/455 69/69/69
f 457/457/457 1053/1053/1053 667/667/667
f 306/306/306 308/308/308 392/392/392
f 386/386/386 937/937/937 197/197/197
f 169/169/169 168/168/168 436/436/436
f 509/509/509 342/342/342 875/875/875
f 449/449/449 647/647/647 892/892/892
f 799/799/799 528/528/528 663/663/663
f 626/626/626 533/533/533 627/627/627
f 640/640/640 140/140/140 755/755/755
f 960/960/960 91/91/91 90/90/90
f 905/905/905 762/762/762 680/680/680
f 960/960/960 163/163/163 687/687/687
f 224/224/224 707/707/707 121/121/121
f 595/595/595 895/895/895 198/198/198
f 406/406/406 1027/1027/1027 926/926/926
f 836/836/836 527/527/527 982/982/982
f 917/917/917 95/95/95 94/94/94
f 1017/1017/1017 1016/1016/1016 27/27/27
f 1039/1039/1039 1018/1018/1018 431/431/431
f 628/628/628 448/448/448 164/164/164
f 613/613/613 78/78/78 903/903/903
f 347/347/347 346/346/346 731/731/731
f 252/252/252 1057/1057/1057 544/544/544
f 893/893/893 628/628/628 408/408/408
f 994/994/994 919/919/919 207/207/207
f 1042/1042/1042 777/777/777 956/956/956
f 718/718/718 234/234/234 719/719/719
f 869/869/869 357/357/357 105/105/105
f 867/867/867 743/743/743 1048/1048/1048
f 1062/1062/1062 318/318/318 70/70/70
f 958/958/958 617/617/617 241/241/241
f 937/937/937 858/858/858 760/760/760
f 1010/1010/1010 480/480/480 766/766/766
f 773/773/773 701/701/701 769/769/769
f 995/995/995 1000/1000/1000 450/450/450
f 963/963/963 318/318/318 72/72/72
f 398/398/398 725/725/725 221/221/221
f 178/178/178 345/345/345 179/179/179
f 463/463/463 633/633/633 754/754/754
f 489/489/489 499/499/499 903/903/903
f 635/635/635 787/787/787 19/19/19
f 1006/1006/1006 452/452/452 454/454/454
f 529/529/529 184/184/184 664/664/664
f 25/25/25 991/991/991 888/888/888
f 1011/1011/1011 850/850/850 481/481/481
f 695/695/695 1042/1042/1042 611/611/611
f 37/37/37 69/69/69 68/68/68
f 882/882/882 974/974/974 595/595/595
f 616/616/616 242/242/242 241/241/241
f 274/274/274 106/106/106 558/558/558
f 429/429/429 656/656/656 668/668/668
f 861/861/861 31/31/31 560/560/560
f 624/624/624 758/758/758 625/625/625
f 505/505/505 506/506/506 520/520/520
f 512/512/512 200/200/200 602/602/602
f 31/31/31 560/560/560 724/724/724
f 182/182/182 1012/1012/1012 180/180/180
f 424/424/424 716/716/716 310/310/310
f 1028/1028/1028 23/23/23 462/462/462
f 317/317/317 619/619/619 322/322/322
f 491/491/491 758/758/758 492/492/492
f 704/704/704 120/120/120 1039/1039/1039
f 121/121/121 123/123/123 517/517/517
f 209/209/209 364/364/364 366/366/366
f 1051/1051/1051 1050/1050/1050 534/534/534
f 122/122/122 1019/1019/1019 482/482/482
f 322/322/322 618/618/618 1024/1024/1024
f 80/80/80 107/107/107 398/398/398
f 536/536/536 745/745/745 525/525/525
f 264/264/264 1054/1054/1054 884/884/884
f 635/635/635 776/776/776 846/846/846
f 5/5/5 933/933/933 646/646/646
f 167/167/167 724/724/724 560/560/560
f 4/4/4 972/972/972 933/933/933
f 751/751/751 752/752/752 135/135/135
f 978/978/978 592/592/592 1038/1038/1038
f 380/380/380 102/102/102 726/726/726
f 667/667/667 1053/1053/1053 371/371/371
f 971/971/971 525/525/525 750/750/750
f 996/996/996 384/384/384 657/657/657
f 192/192/192 1014/1014/1014 855/855/855
f 271/271/271 747/747/747 1013/1013/1013
f 365/365/365 1005/1005/1005 84/84/84
f 659/659/659 744/744/744 88/88/88
f 205/205/205 339/339/339 583/583/583
f 204/204/204 1009/1009/1009 888/888/888
f 90/90/90 407/407/407 408/408/408
f 621/621/621 227/227/227 85/85/85
f 60/60/60 269/269/269 776/776/776
f 926/926/926 273/273/273 275/275/275
f 92/92/92 91/91/91 474/474/474
f 282/282/282 359/359/359 284/284/284
f 340/340/340 507/507/507 287/287/287
f 13/13/13 983/983/983 1036/1036/1036
f 481/481/481 917/917/917 1011/1011/1011
f 804/804/804 805/805/805 87/87/87
f 629/629/629 628/628/628 408/408/408
f 502/502/502 719/719/719 235/235/235
f 530/530/530 532/532/532 739/739/739
f 659/659/659 247/247/247 744/744/744
f 829/829/829 876/876/876 828/828/828
f 41/41/41 852/852/852 39/39/39
f 76/76/76 1041/1041/1041 999/999/999
f 398/398/398 221/221/221 220/220/220
f 940/940/940 282/282/282 283/283/283
f 326/326/326 514/514/514 905/905/905
f 348/348/348 347/347/347 580/580/580
f 635/635/635 634/634/634 787/787/787
f 390/390/390 434/434/434 1032/1032/1032
f 191/191/191 190/190/190 493/493/493
f 552/552/552 706/706/706 826/826/826
f 137/137/137 139/139/139 676/676/676
f 256/256/256 560/560/560 281/281/281
f 944/944/944 926/926/926 1058/1058/1058
f 837/837/837 416/416/416 468/468/468
f 813/813/813 385/385/385 384/384/384
f 328/328/328 371/371/371 24/24/24
f 790/790/790 1026/1026/1026 835/835/835
f 421/421/421 763/763/763 471/471/471
f 933/933/933 256/256/256 255/255/255
f 169/169/169 698/698/698 305/305/305
f 836/836/836 739/739/739 527/527/527
f 440/440/440 439/439/439 924/924/924
f 362/362/362 223/223/223 363/363/363
f 775/775/775 292/292/292 786/786/786
f 31/31/31 861/861/861 33/33/33
f 609/609/609 95/95/95 977/977/977
f 670/670/670 514/514/514 326/326/326
f 321/321/321 320/320/320 415/415/415
f 1059/1059/1059 392/392/392 172/172/172
f 801/801/801 409/409/409 226/226/226
f 264/264/264 597/597/597 699/699/699
f 889/889/889 302/302/302 143/143/143
f 731/731/731 218/218/218 710/710/710
f 514/514/514 419/419/419 31/31/31
f 703/703/703 60/60/60 101/101/101
f 812/812/812 785/785/785 784/784/784
f 581/581/581 30/30/30 29/29/29
f 592/592/592 978/978/978 593/593/593
f 779/779/779 536/536/536 1057/1057/1057
f 822/822/822 222/222/222 852/852/852
f 1035/1035/1035 868/868/868 897/897/897
f 914/914/914 134/134/134 878/878/878
f 71/71/71 253/253/253 254/254/254
f 251/251/251 779/779/779 1057/1057/1057
f 360/360/360 146/146/146 749/749/749
f 1026/1026/1026 352/352/352 835/835/835
f 862/862/862 600/600/600 603/603/603
f 250/250/250 249/249/249 363/363/363
f 822/822/822 651/651/651 4/4/4
f 679/679/679 198/198/198 600/600/600
f 892/892/892 647/647/647 1025/1025/1025
f 53/53/53 93/93/93 891/891/891
f 1013/1013/1013 253/253/253 267/267/267
f 1060/1060/1060 641/641/641 644/644/644
f 21/21/21 64/64/64 152/152/152
f 985/985/985 986/986/986 587/587/587
f 534/534/534 1050/1050/1050 535/535/535
f 240/240/240 92/92/92 844/844/844
f 292/292/292 147/147/147 786/786/786
f 530/530/530 677/677/677 883/883/883
f 465/465/465 242/242/242 1020/1020/1020
f 234/234/234 718/718/718 767/767/767
f 961/961/961 501/501/501 469/469/469
f 660/660/660 889/889/889 804/804/804
f 498/498/498 679/679/679 463/463/463
f 273/273/273 944/944/944 185/185/185
f 974/974/974 554/554/554 553/553/553
f 19/19/19 60/60/60 776/776/776
f 127/127/127 208/208/208 128/128/128
f 515/515/515 806/806/806 402/402/402
f 796/796/796 407/407/407 252/252/252
f 895/895/895 734/734/734 43/43/43
f 232/232/232 596/596/596 233/233/233
f 813/813/813 496/496/496 385/385/385
f 80/80/80 701/701/701 107/107/107
f 172/172/172 802/802/802 737/737/737
f 151/151/151 87/87/87 530/530/530
f 178/178/178 177/177/177 227/227/227
f 420/420/420 763/763/763 421/421/421
f 78/78/78 435/435/435 233/233/233
f 718/718/718 665/665/665 767/767/767
f 342/342/342 150/150/150 149/149/149
f 487/487/487 438/438/438 17/17/17
f 337/337/337 714/714/714 1004/1004/1004
f 647/647/647 700/700/700 1025/1025/1025
f 364/364/364 767/767/767 851/851/851
f 642/642/642 821/821/821 214/214/214
f 584/584/584 126/126/126 127/127/127
f 1001/1001/1001 197/197/197 760/760/760
f 81/81/81 398/398/398 80/80/80
f 2/2/2 1045/1045/1045 572/572/572
f 757/757/757 756/756/756 448/448/448
f 903/903/903 78/78/78 596/596/596
f 623/623/623 1007/1007/1007 460/460/460
f 642/642/642 1028/1028/1028 37/37/37
f 434/434/434 702/702/702 930/930/930
f 677/677/677 530/530/530 137/137/137
f 301/301/301 55/55/55 54/54/54
f 616/616/616 389/389/389 538/538/538
f 798/798/798 369/369/369 984/984/984
f 412/412/412 682/682/682 335/335/335
f 285/285/285 248/248/248 500/500/500
f 890/890/890 93/93/93 95/95/95
f 690/690/690 870/870/870 261/261/261
f 498/498/498 51/51/51 679/679/679
f 601/601/601 851/851/851 602/602/602
f 197/197/197 1001/1001/1001 337/337/337
f 788/788/788 371/371/371 947/947/947
f 1003/1003/1003 239/239/239 407/407/407
f 327/327/327 892/892/892 1025/1025/1025
f 298/298/298 759/759/759 510/510/510
f 856/856/856 192/192/192 855/855/855
f 222/222/222 5/5/5 725/725/725
f 47/47/47 18/18/18 86/86/86
f 383/383/383 385/385/385 262/262/262
f 118/118/118 326/326/326 449/449/449
f 971/971/971 537/537/537 525/525/525
f 872/872/872 829/829/829 751/751/751
f 871/871/871 868/868/868 281/281/281
f 826/826/826 550/550/550 552/552/552
f 827/827/827 829/829/829 709/709/709
f 567/567/567 566/566/566 627/627/627
f 153/153/153 380/380/380 820/820/820
f 2/2/2 1/1/1 1045/1045/1045
f 424/424/424 423/423/423 988/988/988
f 684/684/684 683/683/683 346/346/346
f 510/510/510 97/97/97 96/96/96
f 432/432/432 588/588/588 928/928/928
f 942/942/942 402/402/402 943/943/943
f 678/678/678 1014/1014/1014 192/192/192
f 922/922/922 1015/1015/1015 630/630/630
f 658/658/658 560/560/560 31/31/31
f 384/384/384 774/774/774 813/813/813
f 126/126/126 174/174/174 136/136/136
f 954/954/954 968/968/968 398/398/398
f 567/567/567 883/883/883 568/568/568
f 844/844/844 768/768/768 715/715/715
f 981/981/981 570/570/570 909/909/909
f 856/856/856 581/581/581 192/192/192
f 209/209/209 234/234/234 364/364/364
f 349/349/349 350/350/350 776/776/776
f 985/985/985 421/421/421 470/470/470
f 949/949/949 379/379/379 686/686/686
f 1061/1061/1061 978/978/978 599/599/599
f 582/582/582 456/456/456 22/22/22
f 597/597/597 1025/1025/1025 700/700/700
f 118/118/118 117/117/117 180/180/180
f 324/324/324 887/887/887 35/35/35
f 33/33/33 329/329/329 641/641/641
f 808/808/808 332/332/332 331/331/331
f 644/644/644 641/641/641 579/579/579
f 983/983/983 558/558/558 662/662/662
f 291/291/291 292/292/292 446/446/446
f 956/956/956 955/955/955 666/666/666
f 645/645/645 19/19/19 787/787/787
f 833/833/833 728/728/728 62/62/62
f 268/268/268 476/476/476 328/328/328
f 64/64/64 528/528/528 10/10/10
f 90/90/90 163/163/163 960/960/960
f 353/353/353 659/659/659 88/88/88
f 482/482/482 1019/1019/1019 427/427/427
f 515/515/515 255/255/255 5/5/5
f 935/935/935 864/864/864 1016/1016/1016
f 530/530/530 753/753/753 580/580/580
f 770/770/770 108/108/108 107/107/107
f 1022/1022/1022 631/631/631 83/83/83
f 428/428/428 323/323/323 380/380/380
f 431/431/431 656/656/656 429/429/429
f 394/394/394 376/376/376 953/953/953
f 899/899/899 142/142/142 900/900/900
f 43/43/43 191/191/191 199/199/199
f 1038/1038/1038 592/592/592 686/686/686
f 122/122/122 850/850/850 849/849/849
f 932/932/932 518/518/518 719/719/719
f 1033/1033/1033 464/464/464 522/522/522
f 7/7/7 521/521/521 549/549/549
f 978/978/978 721/721/721 593/593/593
f 518/518/518 970/970/970 519/519/519
f 586/586/586 56/56/56 869/869/869
f 621/621/621 178/178/178 227/227/227
f 722/722/722 721/721/721 815/815/815
f 128/128/128 95/95/95 1037/1037/1037
f 513/513/513 286/286/286 127/127/127
f 623/623/623 738/738/738 1007/1007/1007
f 724/724/724 814/814/814 514/514/514
f 202/202/202 855/855/855 203/203/203
f 384/384/384 873/873/873 668/668/668
f 89/89/89 744/744/744 804/804/804
f 519/519/519 970/970/970 995/995/995
f 520/520/520 772/772/772 771/771/771
f 565/565/565 399/399/399 401/401/401
f 152/152/152 64/64/64 63/63/63
f 855/855/855 463/463/463 203/203/203
f 188/188/188 327/327/327 1025/1025/1025
f 573/573/573 1019/1019/1019 122/122/122
f 783/783/783 1046/1046/1046 688/688/688
f 268/268/268 19/19/19 836/836/836
f 322/322/322 1024/1024/1024 340/340/340
f 165/165/165 232/232/232 175/175/175
f 338/338/338 265/265/265 339/339/339
f 295/295/295 925/925/925 423/423/423
f 288/288/288 997/997/997 877/877/877
f 612/612/612 611/611/611 212/212/212
f 651/651/651 649/649/649 53/53/53
f 53/53/53 652/652/652 950/950/950
f 152/152/152 361/361/361 964/964/964
f 43/43/43 734/734/734 44/44/44
f 1037/1037/1037 711/711/711 729/729/729
f 1019/1019/1019 870/870/870 427/427/427
f 839/839/839 503/503/503 502/502/502
f 834/834/834 980/980/980 898/898/898
f 288/288/288 877/877/877 876/876/876
f 223/223/223 455/455/455 363/363/363
f 630/630/630 408/408/408 397/397/397
f 180/180/180 117/117/117 30/30/30
f 1050/1050/1050 835/835/835 834/834/834
f 987/987/987 500/500/500 149/149/149
f 53/53/53 4/4/4 651/651/651
f 643/643/643 21/21/21 641/641/641
f 1044/1044/1044 745/745/745 536/536/536
f 113/113/113 644/644/644 579/579/579
f 215/215/215 50/50/50 214/214/214
f 978/978/978 400/400/400 598/598/598
f 947/947/947 946/946/946 1000/1000/1000
f 500/500/500 248/248/248 149/149/149
f 890/890/890 918/918/918 40/40/40
f 118/118/118 449/449/449 508/508/508
f 1000/1000/1000 946/946/946 450/450/450
f 939/939/939 600/600/600 42/42/42
f 100/100/100 99/99/99 856/856/856
f 1016/1016/1016 25/25/25 27/27/27
f 848/848/848 1046/1046/1046 783/783/783
f 674/674/674 157/157/157 610/610/610
f 456/456/456 582/582/582 363/363/363
f 658/658/658 62/62/62 32/32/32
f 381/381/381 174/174/174 380/380/380
f 787/787/787 17/17/17 645/645/645
f 429/429/429 877/877/877 800/800/800
f 642/642/642 341/341/341 821/821/821
f 221/221/221 105/105/105 222/222/222
f 182/182/182 13/13/13 1036/1036/1036
f 450/450/450 946/946/946 168/168/168
f 590/590/590 589/589/589 729/729/729
f 365/365/365 84/84/84 366/366/366
f 448/448/448 162/162/162 164/164/164
f 1021/1021/1021 142/142/142 233/233/233
f 85/85/85 18/18/18 45/45/45
f 180/180/180 498/498/498 181/181/181
f 820/820/820 1011/1011/1011 94/94/94
f 866/866/866 907/907/907 546/546/546
f 966/966/966 638/638/638 654/654/654
f 910/910/910 539/539/539 824/824/824
f 193/193/193 837/837/837 230/230/230
f 740/740/740 757/757/757 543/543/543
f 262/262/262 385/385/385 495/495/495
f 622/622/622 345/345/345 178/178/178
f 230/230/230 612/612/612 653/653/653
f 897/897/897 623/623/623 1035/1035/1035
f 788/788/788 75/75/75 823/823/823
f 289/289/289 827/827/827 708/708/708
f 519/519/519 803/803/803 665/665/665
f 288/288/288 912/912/912 997/997/997
f 948/948/948 136/136/136 103/103/103
f 114/114/114 116/116/116 150/150/150
f 516/516/516 121/121/121 517/517/517
f 864/864/864 935/935/935 26/26/26
f 936/936/936 140/140/140 142/142/142
f 856/856/856 99/99/99 581/581/581
f 1016/1016/1016 864/864/864 866/866/866
f 57/57/57 842/842/842 254/254/254
f 1051/1051/1051 908/908/908 909/909/909
f 747/747/747 749/749/749 1034/1034/1034
f 794/794/794 662/662/662 558/558/558
f 324/324/324 724/724/724 167/167/167
f 857/857/857 174/174/174 472/472/472
f 927/927/927 301/301/301 714/714/714
f 266/266/266 284/284/284 748/748/748
f 467/467/467 1043/1043/1043 886/886/886
f 497/497/497 180/180/180 30/30/30
f 349/349/349 772/772/772 520/520/520
f 756/756/756 368/368/368 446/446/446
f 666/666/666 955/955/955 328/328/328
f 289/289/289 288/288/288 828/828/828
f 290/290/290 484/484/484 962/962/962
f 829/829/829 828/828/828 288/288/288
f 670/670/670 388/388/388 672/672/672
f 941/941/941 836/836/836 894/894/894
f 278/278/278 881/881/881 378/378/378
f 84/84/84 1005/1005/1005 82/82/82
f 324/324/324 623/623/623 166/166/166
f 1044/1044/1044 337/337/337 1030/1030/1030
f 408/408/408 630/630/630 425/425/425
f 713/713/713 409/409/409 801/801/801
f 768/768/768 207/207/207 919/919/919
f 451/451/451 450/450/450 168/168/168
f 158/158/158 486/486/486 258/258/258
f 542/542/542 606/606/606 369/369/369
f 743/743/743 236/236/236 741/741/741
f 285/285/285 342/342/342 468/468/468
f 697/697/697 959/959/959 470/470/470
f 396/396/396 446/446/446 409/409/409
f 961/961/961 943/943/943 553/553/553
f 508/508/508 327/327/327 734/734/734
f 309/309/309 425/425/425 231/231/231
f 810/810/810 830/830/830 811/811/811
f 349/349/349 776/776/776 476/476/476
f 475/475/475 594/594/594 772/772/772
f 852/852/852 220/220/220 222/222/222
f 784/784/784 522/522/522 854/854/854
f 201/201/201 17/17/17 982/982/982
f 484/484/484 159/159/159 161/161/161
f 82/82/82 1005/1005/1005 561/561/561
f 183/183/183 765/765/765 663/663/663
f 797/797/797 58/58/58 253/253/253
f 675/675/675 691/691/691 318/318/318
f 625/625/625 46/46/46 413/413/413
f 558/558/558 106/106/106 166/166/166
f 223/223/223 362/362/362 682/682/682
f 314/314/314 622/622/622 172/172/172
f 834/834/834 89/89/89 567/567/567
f 746/746/746 316/316/316 584/584/584
f 722/722/722 815/815/815 999/999/999
f 306/306/306 392/392/392 172/172/172
f 64/64/64 950/950/950 260/260/260
f 793/793/793 166/166/166 969/969/969
f 433/433/433 608/608/608 610/610/610
f 706/706/706 552/552/552 971/971/971
f 1049/1049/1049 814/814/814 793/793/793
f 969/969/969 515/515/515 326/326/326
f 875/875/875 468/468/468 228/228/228
f 816/816/816 209/209/209 722/722/722
f 275/275/275 951/951/951 926/926/926
f 914/914/914 878/878/878 931/931/931
f 57/57/57 59/59/59 314/314/314
f 187/187/187 274/274/274 185/185/185
f 173/173/173 174/174/174 126/126/126
f 529/529/529 664/664/664 642/642/642
f 761/761/761 158/158/158 950/950/950
f 542/542/542 798/798/798 543/543/543
f 778/778/778 779/779/779 239/239/239
f 991/991/991 136/136/136 174/174/174
f 656/656/656 384/384/384 668/668/668
f 578/578/578 577/577/577 551/551/551
f 470/470/470 1030/1030/1030 985/985/985
f 226/226/226 225/225/225 801/801/801
f 911/911/911 808/808/808 549/549/549
f 945/945/945 931/931/931 878/878/878
f 570/570/570 540/540/540 910/910/910
f 351/351/351 229/229/229 638/638/638
f 1040/1040/1040 862/862/862 990/990/990
f 58/58/58 585/585/585 59/59/59
f 472/472/472 380/380/380 732/732/732
f 1040/1040/1040 990/990/990 494/494/494
f 770/770/770 459/459/459 769/769/769
f 625/625/625 413/413/413 86/86/86
f 11/11/11 10/10/10 871/871/871
f 840/840/840 618/618/618 437/437/437
f 67/67/67 682/682/682 902/902/902
f 782/782/782 237/237/237 906/906/906
f 278/278/278 378/378/378 165/165/165
f 213/213/213 212/212/212 520/520/520
f 1008/1008/1008 867/867/867 1047/1047/1047
f 352/352/352 638/638/638 966/966/966
f 450/450/450 445/445/445 995/995/995
f 311/311/311 312/312/312 860/860/860
f 699/699/699 597/597/597 700/700/700
f 337/337/337 56/56/56 975/975/975
f 581/581/581 29/29/29 678/678/678
f 895/895/895 974/974/974 735/735/735
f 451/451/451 168/168/168 154/154/154
f 174/174/174 857/857/857 888/888/888
f 949/949/949 685/685/685 925/925/925
f 1030/1030/1030 853/853/853 986/986/986
f 230/230/230 229/229/229 131/131/131
f 18/18/18 124/124/124 915/915/915
f 896/896/896 250/250/250 370/370/370
f 105/105/105 221/221/221 5/5/5
f 473/473/473 205/205/205 485/485/485
f 759/759/759 355/355/355 510/510/510
f 218/218/218 731/731/731 730/730/730
f 674/674/674 610/610/610 649/649/649
f 167/167/167 105/105/105 324/324/324
f 161/161/161 368/368/368 962/962/962
f 222/222/222 167/167/167 651/651/651
f 468/468/468 416/416/416 285/285/285
f 396/396/396 395/395/395 922/922/922
f 1012/1012/1012 983/983/983 662/662/662
f 723/723/723 563/563/563 600/600/600
f 439/439/439 210/210/210 924/924/924
f 773/773/773 769/769/769 459/459/459
f 879/879/879 280/280/280 1052/1052/1052
f 137/137/137 530/530/530 989/989/989
f 512/512/512 665/665/665 803/803/803
f 167/167/167 1035/1035/1035 623/623/623
f 411/411/411 436/436/436 168/168/168
f 484/484/484 161/161/161 962/962/962
f 924/924/924 721/721/721 1029/1029/1029
f 671/671/671 670/670/670 672/672/672
f 314/314/314 59/59/59 802/802/802
f 160/160/160 59/59/59 585/585/585
f 1049/1049/1049 1036/1036/1036 825/825/825
f 1023/1023/1023 587/587/587 586/586/586
f 624/624/624 605/605/605 231/231/231
f 327/327/327 508/508/508 892/892/892
f 714/714/714 715/715/715 1004/1004/1004
f 978/978/978 1038/1038/1038 400/400/400
f 670/670/670 1031/1031/1031 388/388/388
f 400/400/400 211/211/211 401/401/401
f 300/300/300 337/337/337 301/301/301
f 257/257/257 5/5/5 255/255/255
f 976/976/976 843/843/843 488/488/488
f 928/928/928 712/712/712 609/609/609
f 225/225/225 817/817/817 622/622/622
f 493/493/493 603/603/603 602/602/602
f 494/494/494 1009/1009/1009 204/204/204
f 852/852/852 651/651/651 39/39/39
f 592/592/592 591/591/591 686/686/686
f 553/553/553 735/735/735 974/974/974
f 14/14/14 754/754/754 1036/1036/1036
f 136/136/136 993/993/993 546/546/546
f 670/670/670 671/671/671 325/325/325
f 195/195/195 879/879/879 1052/1052/1052
f 74/74/74 580/580/580 559/559/559
f 53/53/53 52/52/52 964/964/964
f 187/187/187 425/425/425 309/309/309
f 701/701/701 384/384/384 996/996/996
f 219/219/219 218/218/218 1048/1048/1048
f 355/355/355 759/759/759 356/356/356
f 623/623/623 897/897/897 1007/1007/1007
f 60/60/60 33/33/33 20/20/20
f 79/79/79 791/791/791 661/661/661
f 410/410/410 437/437/437 411/411/411
f 551/551/551 606/606/606 552/552/552
f 418/418/418 514/514/514 560/560/560
f 918/918/918 95/95/95 917/917/917
f 1059/1059/1059 392/392/392 345/345/345
f 103/103/103 871/871/871 153/153/153
f 319/319/319 600/600/600 938/938/938
f 732/732/732 726/726/726 728/728/728
f 705/705/705 1039/1039/1039 431/431/431
f 191/191/191 679/679/679 192/192/192
f 504/504/504 932/932/932 502/502/502
f 732/732/732 728/728/728 727/727/727
f 361/361/361 152/152/152 208/208/208
f 605/605/605 604/604/604 681/681/681
f 751/751/751 829/829/829 876/876/876
f 1014/1014/1014 29/29/29 633/633/633
f 147/147/147 146/146/146 786/786/786
f 445/445/445 554/554/554 443/443/443
f 128/128/128 1037/1037/1037 729/729/729
f 253/253/253 1013/1013/1013 749/749/749
f 472/472/472 733/733/733 428/428/428
f 409/409/409 446/446/446 922/922/922
f 738/738/738 460/460/460 1007/1007/1007
f 343/343/343 949/949/949 294/294/294
f 1016/1016/1016 992/992/992 991/991/991
f 885/885/885 573/573/573 904/904/904
f 693/693/693 580/580/580 347/347/347
f 340/340/340 861/861/861 322/322/322
f 998/998/998 293/293/293 811/811/811
f 717/717/717 924/924/924 210/210/210
f 147/147/147 291/291/291 797/797/797
f 72/72/72 1062/1062/1062 70/70/70
f 1062/1062/1062 72/72/72 318/318/318
f 38/38/38 529/529/529 49/49/49
f 543/543/543 757/757/757 448/448/448
f 748/748/748 284/284/284 360/360/360
f 379/379/379 378/378/378 509/509/509
f 480/480/480 764/764/764 766/766/766
f 882/882/882 443/443/443 554/554/554
f 950/950/950 64/64/64 53/53/53
f 345/345/345 392/392/392 374/374/374
f 130/130/130 132/132/132 879/879/879
f 792/792/792 46/46/46 736/736/736
f 659/659/659 352/352/352 614/614/614
f 52/52/52 95/95/95 964/964/964
f 137/137/137 644/644/644 138/138/138
f 307/307/307 306/306/306 356/356/356
f 564/564/564 1061/1061/1061 599/599/599
f 37/37/37 68/68/68 38/38/38
f 847/847/847 353/353/353 131/131/131
f 1043/1043/1043 467/467/467 620/620/620
f 1044/1044/1044 779/779/779 778/778/778
f 857/857/857 14/14/14 181/181/181
f 904/904/904 1043/1043/1043 707/707/707
f 281/281/281 1007/1007/1007 897/897/897
f 703/703/703 63/63/63 9/9/9
f 96/96/96 914/914/914 510/510/510
f 1020/1020/1020 464/464/464 465/465/465
f 40/40/40 262/262/262 495/495/495
f 105/105/105 167/167/167 586/586/586
f 23/23/23 329/329/329 328/328/328
f 716/716/716 311/311/311 310/310/310
f 837/837/837 982/982/982 1055/1055/1055
f 262/262/262 547/547/547 383/383/383
f 458/458/458 411/411/411 168/168/168
f 135/135/135 134/134/134 914/914/914
f 428/428/428 324/324/324 849/849/849
f 638/638/638 881/881/881 655/655/655
f 776/776/776 350/350/350 506/506/506
f 179/179/179 17/17/17 18/18/18
f 305/305/305 698/698/698 469/469/469
f 749/749/749 748/748/748 360/360/360
f 838/838/838 664/664/664 663/663/663
f 301/301/301 273/273/273 926/926/926
f 676/676/676 626/626/626 568/568/568
f 701/701/701 741/741/741 781/781/781
f 5/5/5 1023/1023/1023 586/586/586
f 10/10/10 528/528/528 215/215/215
f 325/325/325 327/327/327 943/943/943
f 348/348/348 684/684/684 346/346/346
f 22/22/22 37/37/37 462/462/462
f 155/155/155 154/154/154 170/170/170
f 554/554/554 445/445/445 451/451/451
f 841/841/841 71/71/71 842/842/842
f 748/748/748 884/884/884 1054/1054/1054
f 246/246/246 614/614/614 957/957/957
f 377/377/377 113/113/113 112/112/112
f 1055/1055/1055 416/416/416 837/837/837
f 480/480/480 479/479/479 764/764/764
f 673/673/673 771/771/771 520/520/520
f 1035/1035/1035 167/167/167 281/281/281
f 222/222/222 725/725/725 398/398/398
f 702/702/702 434/434/434 442/442/442
f 934/934/934 851/851/851 601/601/601
f 163/163/163 162/162/162 809/809/809
f 533/533/533 3/3/3 534/534/534
f 71/71/71 70/70/70 271/271/271
f 1005/1005/1005 934/934/934 601/601/601
f 778/778/778 239/239/239 714/714/714
f 932/932/932 504/504/504 518/518/518
f 413/413/413 831/831/831 45/45/45
f 890/890/890 95/95/95 918/918/918
f 96/96/96 751/751/751 135/135/135
f 77/77/77 442/442/442 435/435/435
f 813/813/813 384/384/384 780/780/780
f 1052/1052/1052 193/193/193 195/195/195
f 775/775/775 359/359/359 282/282/282
f 875/875/875 653/653/653 400/400/400
f 526/526/526 119/119/119 120/120/120
f 909/909/909 789/789/789 790/790/790
f 800/800/800 551/551/551 577/577/577
f 222/222/222 220/220/220 517/517/517
f 1030/1030/1030 470/470/470 959/959/959
f 86/86/86 605/605/605 625/625/625
f 999/999/999 1041/1041/1041 722/722/722
f 269/269/269 840/840/840 776/776/776
f 1002/1002/1002 124/124/124 17/17/17
f 688/688/688 1046/1046/1046 302/302/302
f 982/982/982 17/17/17 1055/1055/1055
f 913/913/913 648/648/648 979/979/979
f 514/514/514 515/515/515 560/560/560
f 941/941/941 476/476/476 268/268/268
f 507/507/507 158/158/158 1056/1056/1056
f 980/980/980 531/531/531 898/898/898
f 860/860/860 952/952/952 953/953/953
f 174/174/174 173/173/173 380/380/380
f 212/212/212 666/666/666 520/520/520
f 304/304/304 303/303/303 315/315/315
f 327/327/327 553/553/553 943/943/943
f 919/919/919 387/387/387 386/386/386
f 819/819/819 18/18/18 915/915/915
f 297/297/297 77/77/77 79/79/79
f 384/384/384 656/656/656 657/657/657
f 47/47/47 736/736/736 18/18/18
f 681/681/681 604/604/604 187/187/187
f 793/793/793 724/724/724 166/166/166
f 260/260/260 528/528/528 64/64/64
f 172/172/172 171/171/171 306/306/306
f 427/427/427 472/472/472 807/807/807
f 342/342/342 285/285/285 150/150/150
f 979/979/979 648/648/648 449/449/449
f 48/48/48 50/50/50 528/528/528
f 936/936/936 899/899/899 140/140/140
f 32/32/32 907/907/907 818/818/818
f 183/183/183 973/973/973 766/766/766
f 6/6/6 496/496/496 854/854/854
f 303/303/303 1046/1046/1046 848/848/848
f 691/691/691 82/82/82 561/561/561
f 630/630/630 397/397/397 396/396/396
f 584/584/584 1002/1002/1002 201/201/201
f 1047/1047/1047 1048/1048/1048 218/218/218
f 1050/1050/1050 834/834/834 535/535/535
f 352/352/352 980/980/980 834/834/834
f 758/758/758 35/35/35 625/625/625
f 537/537/537 921/921/921 1057/1057/1057
f 316/316/316 736/736/736 46/46/46
f 766/766/766 973/973/973 1010/1010/1010
f 753/753/753 684/684/684 348/348/348
f 460/460/460 461/461/461 623/623/623
f 707/707/707 1043/1043/1043 620/620/620
f 193/193/193 1052/1052/1052 836/836/836
f 282/282/282 284/284/284 265/265/265
f 838/838/838 341/341/341 664/664/664
f 38/38/38 843/843/843 579/579/579
f 42/42/42 189/189/189 884/884/884
f 719/719/719 502/502/502 932/932/932
f 1/1/1 139/139/139 571/571/571
f 763/763/763 119/119/119 526/526/526
f 5/5/5 646/646/646 217/217/217
f 306/306/306 171/171/171 356/356/356
f 245/245/245 741/741/741 236/236/236
f 8/8/8 293/293/293 998/998/998
f 413/413/413 45/45/45 86/86/86
f 339/339/339 699/699/699 583/583/583
f 672/672/672 388/388/388 979/979/979
f 102/102/102 461/461/461 460/460/460
f 35/35/35 122/122/122 224/224/224
f 500/500/500 987/987/987 375/375/375
f 352/352/352 1026/1026/1026 15/15/15
f 177/177/177 179/179/179 18/18/18
f 121/121/121 859/859/859 573/573/573
f 1056/1056/1056 281/281/281 507/507/507
f 967/967/967 92/92/92 474/474/474
f 1004/1004/1004 919/919/919 197/197/197
f 12/12/12 104/104/104 274/274/274
f 987/987/987 422/422/422 375/375/375
f 718/718/718 518/518/518 665/665/665
f 956/956/956 777/777/777 776/776/776
f 690/690/690 917/917/917 870/870/870
f 523/523/523 522/522/522 464/464/464
f 1008/1008/1008 236/236/236 867/867/867
f 830/830/830 810/810/810 427/427/427
f 779/779/779 1044/1044/1044 536/536/536
f 69/69/69 37/37/37 795/795/795
f 75/75/75 1041/1041/1041 76/76/76
f 795/795/795 22/22/22 456/456/456
f 419/419/419 110/110/110 31/31/31
f 881/881/881 279/279/279 655/655/655
f 1060/1060/1060 643/643/643 641/641/641
f 522/522/522 688/688/688 1033/1033/1033
f 513/513/513 645/645/645 286/286/286
f 551/551/551 997/997/997 607/607/607
f 906/906/906 1008/1008/1008 1047/1047/1047
f 900/900/900 142/142/142 390/390/390
f 491/491/491 35/35/35 758/758/758
f 818/818/818 658/658/658 32/32/32
f 836/836/836 739/739/739 532/532/532
f 926/926/926 1027/1027/1027 301/301/301
f 43/43/43 679/679/679 191/191/191
f 16/16/16 15/15/15 1026/1026/1026
f 209/209/209 816/816/816 235/235/235
f 615/615/615 900/900/900 390/390/390
f 25/25/25 888/888/888 1009/1009/1009
f 901/901/901 432/432/432 6/6/6
f 661/661/661 298/298/298 297/297/297
f 985/985/985 1030/1030/1030 986/986/986
f 534/534/534 3/3/3 981/981/981
f 41/41/41 272/272/272 262/262/262
f 742/742/742 1048/1048/1048 743/743/743
f 642/642/642 641/641/641 1028/1028/1028
f 540/540/540 636/636/636 902/902/902
f 673/673/673 823/823/823 771/771/771
f 1058/1058/1058 926/926/926 408/408/408
f 93/93/93 890/890/890 891/891/891
f 978/978/978 1061/1061/1061 721/721/721
f 620/620/620 467/467/467 466/466/466
f 812/812/812 854/854/854 496/496/496
f 140/140/140 545/545/545 755/755/755
f 741/741/741 245/245/245 781/781/781
f 73/73/73 933/933/933 972/972/972
f 701/701/701 781/781/781 384/384/384
f 231/231/231 605/605/605 309/309/309
f 701/701/701 770/770/770 769/769/769
f 704/704/704 1039/1039/1039 705/705/705
f 33/33/33 641/641/641 20/20/20
f 489/489/489 285/285/285 500/500/500
f 284/284/284 266/266/266 265/265/265
f 388/388/388 1031/1031/1031 937/937/937
f 239/239/239 779/779/779 251/251/251
f 904/904/904 573/573/573 1043/1043/1043
f 1016/1016/1016 991/991/991 25/25/25
f 971/971/971 552/552/552 921/921/921
f 346/346/346 683/683/683 144/144/144
f 429/429/429 668/668/668 877/877/877
f 745/745/745 697/697/697 696/696/696
f 493/493/493 200/200/200 199/199/199
f 252/252/252 251/251/251 1057/1057/1057
f 1003/1003/1003 90/90/90 92/92/92
f 729/729/729 807/807/807 128/128/128
f 101/101/101 61/61/61 102/102/102
f 220/220/220 123/123/123 466/466/466
f 77/77/77 435/435/435 78/78/78
f 1047/1047/1047 218/218/218 730/730/730
f 346/346/346 144/144/144 730/730/730
f 809/809/809 292/292/292 163/163/163
f 384/384/384 701/701/701 774/774/774
f 823/823/823 371/371/371 788/788/788
f 1030/1030/1030 745/745/745 1044/1044/1044
f 374/374/374 392/392/392 308/308/308
