# glbtool toobj from Brain.glb, texture: brain_palette.png
v 33.775753 -62.668812 27.276817
v 57.463089 -47.482792 27.886436
v 61.167645 -61.329502 24.117418
v -14.724766 -41.230289 77.271675
v -27.430527 -49.749138 70.687187
v -15.522696 -45.850540 85.206566
v 30.549753 -89.347069 104.373611
v 34.252079 -115.224380 103.251434
v 30.646671 -108.896729 116.358788
v 23.992702 -28.517927 66.132309
v 24.447872 -33.258720 62.170750
v 15.158909 -28.486376 84.472343
v -35.408283 -25.174805 118.077782
v -40.911434 -13.244411 122.931763
v -20.621687 -13.371241 130.627075
v 71.445343 -73.842957 56.240070
v 83.086227 -45.680553 54.927097
v 75.291039 -47.644405 61.557739
v 62.370323 -28.744602 115.365662
v 41.051331 -28.573071 130.338684
v 54.462234 -29.687500 109.322319
v 39.607662 -21.939047 81.218018
v 30.710608 -20.742014 68.188423
v 34.855560 -34.435474 73.221375
v 22.864645 24.993944 41.080254
v 13.080881 6.933209 46.875523
v 26.170444 31.231142 45.792072
v 44.614799 1.971371 109.591652
v 42.608093 10.239594 105.035736
v 60.895241 9.599927 105.076668
v -19.082716 5.641025 114.801964
v -14.766792 14.514029 97.460175
v -28.094456 17.523489 98.863815
v 2.177307 -6.916764 80.209328
v 12.119298 -1.738382 85.152435
v 25.904446 -14.673580 73.634476
v -17.508026 -34.376823 121.029129
v -11.298090 -31.283514 124.441093
v -10.999996 -34.097675 123.494835
v 31.061882 -10.165197 34.101082
v 26.949535 -0.761486 32.826885
v 32.619717 -7.751044 25.559700
v -16.495865 -77.338837 82.292770
v 14.006564 -85.132408 89.439232
v -17.680632 -76.823402 93.088043
v -9.605888 45.339520 113.309967
v -7.597995 38.549587 101.851593
v -21.718304 43.156410 107.574867
v 7.827678 -33.163723 134.168243
v 18.581884 -33.181049 131.173874
v 18.305813 -28.385479 132.463562
v 38.626217 -39.456261 14.250034
v 38.957245 -21.016487 14.054545
v 36.079208 -28.535933 27.853050
v -9.605888 45.339520 113.309967
v -3.562112 35.437160 104.477562
v -7.597995 38.549587 101.851593
v 11.554228 -63.082539 79.606506
v 7.291667 -51.907871 78.270782
v 5.871824 -55.584820 79.640869
v -73.564651 -29.150452 87.565109
v -80.117355 -25.831921 87.686493
v -74.688240 -31.558310 69.321365
v 8.397730 -19.629520 171.540329
v 2.075731 -15.341997 167.103409
v 0.507316 -19.497574 180.154373
v 20.200249 -16.999006 78.661240
v 33.566216 -7.903631 89.014442
v 20.395620 -5.015132 80.948090
v 28.687624 -35.287308 79.213417
v 26.638447 -42.456406 70.405350
v 23.992702 -28.517927 66.132309
v 22.044144 -65.501930 31.475080
v 33.775753 -62.668812 27.276817
v 37.040386 -75.370773 25.031296
v 45.867897 1.299860 27.206440
v 32.212448 4.093629 27.732815
v 32.818710 16.751879 25.793356
v 12.880909 17.703472 159.225128
v 18.089005 4.049920 169.383804
v 22.352339 8.776274 162.959045
v 1.036221 -57.483482 61.249237
v 20.405933 -47.695011 72.941246
v 19.866850 -66.034821 67.941948
v 61.908051 31.918524 65.997429
v 59.966972 38.596306 69.024597
v 68.187775 28.457561 68.823814
v 69.493965 -64.907043 140.392792
v 85.223335 -57.102222 138.640381
v 72.099525 -58.743954 151.359283
v -45.717766 -83.598808 79.027397
v -62.113045 -84.239365 82.327805
v -49.172150 -76.562897 78.228561
v 53.692669 28.820179 139.107193
v 54.142101 26.906702 148.644455
v 67.302338 18.295059 139.217880
v 4.468407 -29.104832 146.209595
v 7.526095 -27.374989 139.269089
v 41.051331 -28.573071 130.338684
v 34.564156 -87.033447 54.549633
v 59.193909 -90.915459 54.967228
v 42.809772 -97.030205 54.710178
v -85.126625 -17.249771 145.241058
v -78.635284 -12.605502 145.911804
v -91.250549 -6.058233 131.651627
v 19.969231 -71.972656 87.085739
v 28.806311 -63.059372 97.655777
v 36.482201 -73.400162 96.273972
v 20.472441 -85.004494 154.508072
v 22.352339 -73.097542 162.959045
v 20.593094 -78.438080 154.022034
v -16.496529 17.057425 82.292831
v 13.408947 23.484716 82.745102
v -10.269275 13.934816 77.043480
v 17.699648 -24.240290 93.350464
v 11.467428 -26.410095 103.927528
v 20.147566 -30.208353 89.972092
v -31.081089 -32.812843 98.777985
v -27.991989 -29.062304 92.875534
v -31.760582 -26.497488 98.427017
v -38.031040 -76.637939 77.664955
v -45.017490 -92.278290 88.806450
v -45.717766 -83.598808 79.027397
v 15.425893 9.584184 86.248222
v 12.119298 -1.738382 85.152435
v 4.626236 1.722527 86.749603
v 42.170128 -23.135111 35.115189
v 52.204536 -34.286827 31.429316
v 41.677769 -35.401741 35.988575
v 100.412140 -39.556793 123.929367
v 101.358276 -48.703262 118.555855
v 97.369904 -37.951614 112.185684
v -33.337570 12.885142 103.519028
v -43.815517 13.039706 94.161537
v -41.212818 15.772609 92.731476
v -59.732773 -94.911293 100.013123
v -45.296562 -90.111870 94.455475
v -67.007629 -90.363525 111.044548
v -46.361275 -49.931274 107.057793
v -27.331408 -47.972946 125.147293
v -40.984299 -45.883354 94.508316
v 38.902134 -40.343559 123.818512
v 32.968754 -31.122890 125.624565
v 33.099102 -39.903786 127.675270
v 27.387877 -35.859196 102.209869
v 28.697481 -31.303268 98.783005
v 28.707844 -40.775883 102.896736
v -35.408283 -25.174805 118.077782
v -20.621687 -13.371241 130.627075
v -16.314030 -26.574297 123.010155
v 65.725273 -61.612377 66.936272
v 67.548584 -71.790298 64.677292
v 54.016174 -73.271835 63.025806
v 16.337702 -109.364769 130.641785
v 19.473570 -99.313271 145.744400
v 12.267042 -94.182243 140.308685
v 28.707844 -23.545382 102.896736
v 26.100779 -33.027874 101.849113
v 32.656574 -31.594885 106.667030
v 13.283436 -53.721771 55.958866
v 28.207891 -46.739822 36.757244
v 18.943068 -55.396709 36.555595
v 96.970039 -76.925453 90.179039
v 100.731972 -70.742905 109.666908
v 95.233681 -76.271332 111.521614
v 16.976171 -106.626137 60.320919
v -16.158897 -90.969078 50.324059
v 5.616270 -92.519775 52.360928
v -21.699202 2.502227 157.687607
v -19.398119 -5.757857 166.088501
v -14.641374 -2.409714 171.803925
v 70.607536 -26.799061 109.699394
v 78.102562 -31.611877 112.978653
v 73.929443 -28.511749 114.690544
v 59.193909 -90.915459 54.967228
v 34.564156 -87.033447 54.549633
v 47.087864 -81.377357 62.973053
v -31.760582 -37.823776 98.427017
v -24.358231 -37.057102 86.058861
v -27.991989 -35.258961 92.875534
v 23.178089 -46.281860 83.268150
v 20.147566 -30.208353 89.972092
v 15.154488 -35.656208 102.542389
v -31.406893 25.448883 54.942970
v -33.104645 12.023693 52.124710
v -40.292271 21.487103 53.614803
v -28.724257 -80.304497 75.554832
v -38.866940 -79.471786 80.369263
v -17.141878 -81.815224 83.712486
v -0.560821 -29.028347 62.951656
v -1.837848 -39.858192 65.599106
v 5.698658 -35.789352 69.637741
v -11.646299 -42.892570 177.696899
v -2.401741 -31.950844 177.761414
v -24.362034 -40.996426 177.272385
v -63.884098 -23.384996 163.717224
v -58.524376 -20.653389 161.854279
v -68.908386 -27.950069 152.423080
v 106.542145 -43.435925 111.777397
v 101.358276 -48.703262 118.555855
v 108.898468 -51.369461 105.972794
v -24.358231 -27.264162 86.058861
v -27.991989 -29.062304 92.875534
v -24.430784 -29.638115 76.553612
v -16.158897 26.647814 50.324059
v -34.938427 8.865462 47.829174
v -22.873541 20.079195 55.047474
v 21.708805 -40.676861 179.386841
v 27.268019 -33.017544 175.367920
v 18.759727 -36.821888 176.336670
v 19.559393 -33.092155 115.959267
v 17.312113 -27.085752 114.857399
v 23.495979 -33.084705 112.663391
v 101.949333 -59.455528 97.540039
v 100.795227 -59.229061 103.554756
v 102.256866 -68.242607 90.719521
v 37.348656 -35.433708 138.014099
v 32.577972 -40.309914 146.285782
v 45.077251 -41.904221 140.658020
v -24.712860 11.237096 114.051064
v 4.630093 -0.368071 133.627441
v -20.753958 -4.768821 131.844696
v 26.143465 -23.663881 13.944988
v 19.868792 -16.462355 25.650999
v 28.988821 -14.945000 24.983021
v -48.690319 -32.810417 108.161705
v -33.448837 -32.768478 92.902740
v -46.228493 -32.849922 113.481247
v -36.041801 34.352276 122.013802
v -22.727526 33.841770 124.010162
v -21.718304 43.156410 107.574867
v 32.476059 14.474019 103.319740
v 11.975887 34.190498 101.858765
v 10.785492 25.522402 106.504715
v 72.378151 -49.993145 75.223831
v 78.952621 -42.575493 65.440666
v 61.871056 -58.077122 72.953964
v -23.885548 -29.949299 116.544769
v -17.508026 -29.944441 121.029129
v -18.152950 -32.998241 121.760513
v -96.714043 -10.605494 92.247696
v -89.443565 -7.754798 86.787827
v -93.054123 -16.954613 87.820465
v 3.081453 51.252174 103.649857
v 10.688363 41.338406 107.411156
v 25.374077 47.673916 108.255760
v 32.656574 -32.726379 106.667030
v 42.948013 -31.197050 108.300148
v 28.697481 -31.303268 98.783005
v 36.140327 9.907878 112.805367
v 15.764807 6.639766 125.183456
v 25.239500 0.951794 123.530045
v -73.942719 19.515802 120.682693
v -78.045311 19.533449 111.527824
v -93.182190 6.300073 117.166359
v 33.566216 -56.417633 89.014442
v 31.033566 -62.896763 91.677521
v 29.989792 -44.960560 107.212547
v 78.905701 33.432884 112.027275
v 77.286858 27.617388 123.546844
v 80.505753 28.546171 110.284653
v 89.246513 -14.100306 54.242317
v 67.548584 7.469031 64.677292
v 75.476875 4.410794 57.224628
v 30.807201 -18.234865 46.270329
v 23.992702 -28.517927 66.132309
v 20.706755 -30.139553 68.226051
v 16.337702 -109.364769 130.641785
v 25.901516 -110.932541 128.508240
v 19.473570 -99.313271 145.744400
v -40.475494 -49.568844 64.879448
v -49.566498 -59.189175 55.278316
v -51.853653 -58.103310 66.297142
v -30.637081 -72.672073 76.331757
v -25.060337 -53.310234 68.890388
v -23.526827 -52.634983 78.374657
v -93.182190 6.300073 117.166359
v -78.045311 19.533449 111.527824
v -90.197212 7.952776 109.421066
v 42.241791 18.710279 25.139204
v 45.867897 1.299860 27.206440
v 32.818710 16.751879 25.793356
v -29.394697 -32.904327 112.762161
v -28.937113 -30.260670 111.727013
v -25.042625 -32.946266 117.157631
v 20.832367 -23.281988 155.795410
v 3.403244 -24.596151 153.246399
v 25.923815 -28.623402 146.372025
v 100.930847 -36.145630 52.294235
v 89.246513 -50.220959 54.242317
v 90.910210 -38.766190 52.045269
v -20.449455 -31.271210 131.396179
v -25.042625 -31.375000 117.157631
v -29.394697 -31.416937 112.762161
v 96.918701 -63.820671 113.972351
v 93.804710 -68.196655 120.483841
v 95.233681 -76.271332 111.521614
v 63.579071 39.093834 110.474167
v 78.905701 33.432884 112.027275
v 75.997681 38.836727 100.985428
v -28.915672 -101.168030 66.338326
v -30.873604 -97.228699 72.729744
v -31.406893 -89.770149 54.942970
v -94.535583 -27.889345 112.123680
v -86.795593 -31.188963 124.881493
v -99.119576 -21.367245 118.164665
v 68.992889 -98.862465 94.398308
v 64.780540 -108.733513 91.860855
v 62.961422 -102.738152 81.423691
v -30.873604 -97.228699 72.729744
v -28.766375 -104.333893 76.057625
v -41.353024 -100.787437 81.427795
v 51.442738 -107.583084 71.496681
v 61.908051 -96.239792 65.997429
v 59.966972 -102.917572 69.024597
v 106.068642 -56.526791 104.603050
v 96.918701 -63.820671 113.972351
v 100.795227 -59.229061 103.554756
v -17.508026 -34.376823 121.029129
v -28.937113 -34.060596 111.727013
v -23.885548 -34.371967 116.544769
v 65.498215 -30.025541 131.005875
v 62.370323 -28.744602 115.365662
v 73.929443 -28.511749 114.690544
v 63.151058 24.338400 31.976101
v 57.718403 35.507980 39.878628
v 67.309883 25.778070 37.449940
v -94.716110 -50.884014 132.811050
v -85.126625 -47.071495 145.241058
v -90.386322 -43.809349 134.727188
v 1.377149 -1.585304 167.648788
v 2.075731 -15.341997 167.103409
v 6.615566 -12.729092 175.466995
v -17.605663 -30.670811 66.897987
v -14.443376 -30.139553 72.102882
v -13.789207 -39.741646 76.922859
v 3.001555 -48.736023 51.933006
v 10.129068 -54.090668 49.223412
v 18.724709 -49.921391 58.502216
v -5.666375 -76.302299 116.523994
v 3.019253 -85.564209 106.426048
v -3.562112 -99.758423 104.477562
v -49.511925 19.712393 136.510254
v -52.654682 13.267906 147.337692
v -40.445087 14.175797 150.749878
v 3.810758 3.697693 160.953400
v 1.377149 -1.585304 167.648788
v 18.089005 4.049920 169.383804
v 45.953243 -18.453625 81.745583
v 25.950432 -1.535643 64.446587
v 25.944435 -13.992734 74.262917
v 12.880909 17.703472 159.225128
v 6.885769 31.671074 145.195221
v 5.158086 15.690725 157.253586
v 5.617512 -78.371765 111.198181
v 1.232852 -74.693169 99.653175
v 7.594957 -79.071770 97.896713
v -44.257763 -30.833055 87.382263
v -48.086357 -27.498486 101.041138
v -55.373077 -28.422314 109.260811
v 38.133472 -69.184662 66.478050
v 54.016174 -73.271835 63.025806
v 35.587566 -77.927399 65.589294
v 111.871010 -45.364029 83.758774
v 101.949333 -59.455528 97.540039
v 109.574883 -56.846813 87.405891
v 20.200249 -47.322258 78.661240
v 26.546675 -61.160065 72.884438
v 20.405933 -47.695011 72.941246
v -14.443376 -30.139553 72.102882
v -4.217681 -30.102255 78.262962
v -13.789207 -39.741646 76.922859
v -60.049248 4.035470 150.045135
v -66.554420 -2.276534 142.257004
v -52.872417 3.235598 157.064896
v 73.929443 -35.809517 114.690544
v 62.370323 -35.576664 115.365662
v 65.498215 -34.295723 131.005875
v 34.355919 -39.923538 94.113411
v 36.163914 -35.750549 95.136253
v 39.776497 -39.412197 94.182549
v -2.860444 -10.502879 80.371040
v 2.177307 -6.916764 80.209328
v 6.557771 -11.513785 66.039169
v -11.623983 -81.586128 158.199677
v -3.100841 -69.413574 165.624268
v -14.641374 -61.911549 171.803925
v -24.362034 -23.324841 177.272385
v -24.842529 -6.069036 172.341278
v -37.892857 -6.067725 169.272614
v 3.019253 -85.564209 106.426048
v 12.058797 -106.515724 112.593506
v -0.435680 -105.736023 106.539543
v 97.369904 -26.369650 112.185684
v 101.358276 -15.618003 118.555855
v 100.412140 -24.764471 123.929367
v 58.245766 -66.732735 150.029861
v 57.922314 -67.073425 158.086761
v 45.836681 -78.516464 154.178421
v -73.564651 -35.170815 87.565109
v -80.117355 -38.489346 87.686493
v -67.406410 -33.564251 103.265625
v 5.475913 -107.491409 63.377739
v -14.544471 -105.186440 69.528702
v -8.209353 -98.802628 60.527325
v -49.593819 7.660925 55.713997
v -49.816528 19.480591 59.177311
v -40.292271 21.487103 53.614803
v 35.463017 -39.175549 176.779770
v 49.324764 -51.666786 167.640335
v 63.402645 -44.156826 166.184082
v -29.275038 -31.323023 128.070679
v -20.449455 -31.271210 131.396179
v -29.394697 -31.416937 112.762161
v 69.493965 0.585780 140.392792
v 67.536240 4.450346 148.915558
v 58.245766 2.411470 150.029861
v 21.708805 -23.644405 179.386841
v 18.759727 -27.499378 176.336670
v 27.268019 -31.303720 175.367920
v -31.406893 -89.770149 54.942970
v -26.529102 -98.085320 57.662563
v -28.915672 -101.168030 66.338326
v 32.968754 -33.198376 125.624565
v 33.099102 -24.417480 127.675270
v 27.234861 -33.193356 128.287979
v -28.192675 -19.365488 71.283257
v -24.358231 -27.264162 86.058861
v -24.430784 -29.638115 76.553612
v 20.472441 20.683228 154.508072
v 12.267042 29.860979 140.308685
v 6.885769 31.671074 145.195221
v 25.923815 -35.697865 146.372025
v 4.468407 -35.216434 146.209595
v 3.403244 -39.725113 153.246399
v -13.946505 -20.653374 62.450562
v -12.645309 -22.784500 50.655590
v -17.647711 -16.377264 57.414982
v -16.897678 -33.296288 111.901161
v -25.629583 -31.663054 105.401146
v -15.387839 -32.681297 128.503571
v -48.607296 17.616129 80.153481
v -38.866940 15.150522 80.369263
v -34.604511 32.523884 97.065277
v 20.704803 9.800755 57.484623
v 13.771319 -6.714472 60.724808
v 25.950432 -1.535643 64.446587
v 34.771748 -102.576988 137.002716
v 41.673599 -108.882217 134.222198
v 48.580643 -101.899994 132.708939
v 100.731972 -70.742905 109.666908
v 96.918701 -63.820671 113.972351
v 95.233681 -76.271332 111.521614
v 80.156807 8.688486 36.596260
v 83.489487 11.873152 50.048111
v 82.658768 -4.939985 34.549782
v 54.705647 17.578047 152.730438
v 67.536240 4.450346 148.915558
v 73.496002 13.405416 141.423981
v -67.406410 -30.757015 103.265625
v -92.326958 -29.777153 94.348938
v -80.117355 -25.831921 87.686493
v -66.177551 6.173687 148.927185
v -73.480202 11.320797 136.472946
v -66.554420 -2.276534 142.257004
v -2.575392 -16.618729 61.989105
v 6.557771 -11.513785 66.039169
v 6.710088 -9.655027 49.482052
v 92.581711 -32.152149 89.255890
v 78.102562 -32.709389 112.978653
v 100.144173 -34.180550 99.380814
v 61.197674 -35.165539 145.616196
v 45.077251 -41.904221 140.658020
v 46.696106 -33.340267 147.342194
v -21.038347 -71.674515 44.528034
v -14.648344 -65.841812 48.713089
v -13.118571 -72.302582 51.696468
v 63.730534 -11.100333 69.083511
v 73.103439 -12.016671 63.486633
v 60.029167 3.507501 60.413387
v 90.718803 -54.667446 50.881046
v 82.744026 -77.480637 53.823620
v 71.670601 -78.860489 54.442566
v 25.619675 -60.957424 167.024231
v 30.791216 -63.923122 170.025543
v 37.979736 -53.371616 165.602158
v -40.084480 -28.523582 68.472404
v -53.187492 -18.414984 71.561813
v -28.192675 -19.365488 71.283257
v -43.990032 -1.978890 157.702194
v -23.919796 11.842360 158.961823
v -52.872417 3.235598 157.064896
v 29.840471 -37.796242 98.370438
v 33.392841 -48.622826 90.765327
v 33.566216 -56.417633 89.014442
v 69.391479 4.442306 25.773359
v 43.512081 33.935200 29.721672
v 63.151058 24.338400 31.976101
v 63.474667 40.441193 116.747963
v 59.101681 40.164204 128.000763
v 70.168716 32.378521 130.632629
v -26.282986 -67.712723 166.079834
v -37.892857 -58.253540 169.272614
v -45.381405 -59.860977 165.516037
v 42.811337 41.171524 50.931000
v 38.571835 32.828007 52.550968
v 51.143368 32.031883 55.032799
v -24.919861 -25.060762 56.547813
v -23.516333 -31.937407 63.878185
v -17.647711 -16.377264 57.414982
v 74.501022 -28.799212 155.222656
v 74.390602 -19.090130 151.373199
v 63.402645 -20.164438 166.184082
v 90.910210 -38.766190 52.045269
v 67.548584 -71.790298 64.677292
v 78.952621 -42.575493 65.440666
v 52.156441 -39.842625 23.597895
v 52.204536 -34.286827 31.429316
v 57.463089 -47.482792 27.886436
v 112.238953 -38.462170 77.871613
v 105.513397 -33.169491 93.596664
v 108.898468 -51.369461 105.972794
v 20.706755 -30.139553 68.226051
v 23.992702 -28.517927 66.132309
v 15.158909 -28.486376 84.472343
v 7.278771 -30.552286 119.586258
v 11.917117 -28.175470 118.634987
v 9.907696 -33.097012 122.039665
v -31.151052 -90.806206 95.642639
v -17.760139 -102.093475 99.411377
v -4.921579 -90.032616 103.615372
v -80.887604 5.942285 88.054123
v -81.688019 19.838268 95.425781
v -71.009361 14.099762 86.863350
v 78.905701 -97.754150 112.027275
v 77.286858 -91.938652 123.546844
v 70.168716 -96.699783 130.632629
v 44.806538 -29.734324 170.967819
v 50.650898 -28.391552 169.201736
v 35.463017 -25.145718 176.779770
v -33.124111 -32.303333 156.260208
v -18.562792 -38.895870 154.583481
v -38.807186 -40.350567 149.817719
v -38.031040 -76.637939 77.664955
v -36.447441 -64.111832 69.310265
v -30.637081 -72.672073 76.331757
v 97.645508 -3.382844 55.285385
v 105.703552 -9.211691 61.651924
v 90.718803 -9.653820 50.881046
v -42.857334 -9.758006 73.414497
v -53.187492 -18.414984 71.561813
v -62.313732 -13.666743 80.735786
v 37.699234 -33.032730 96.220955
v 41.603111 -33.059933 98.269073
v 34.600418 -33.022854 96.201202
v 6.615566 -51.592175 175.466995
v 20.467009 -52.850658 175.109131
v 8.397730 -44.691746 171.540329
v -78.083405 -33.577179 128.274826
v -87.016800 -34.994312 137.768738
v -56.534565 -33.707676 141.450699
v -11.045048 -33.149830 158.714569
v 3.403244 -39.725113 153.246399
v -18.562792 -38.895870 154.583481
v 23.009937 15.350467 58.151859
v 3.772339 15.445707 59.305298
v 9.486017 19.838764 59.202431
v 81.164787 -15.497311 35.893600
v 78.232742 1.359365 29.774950
v 82.658768 -4.939985 34.549782
v -3.573397 -31.197050 134.281906
v -2.806384 -31.246435 125.525795
v -11.298090 -31.283514 124.441093
v -15.288272 -29.608458 66.701088
v -14.987102 -29.608458 61.062569
v -15.862438 -29.691360 69.859650
v 70.607536 -37.522205 109.699394
v 74.426720 -34.244431 94.381851
v 62.370323 -35.576664 115.365662
v -74.688240 -32.762955 69.321365
v -80.117355 -38.489346 87.686493
v -73.564651 -35.170815 87.565109
v -15.782459 43.624210 118.673561
v -0.435680 41.414753 106.539543
v -9.605888 45.339520 113.309967
v -3.394929 9.703693 69.335861
v -13.568943 0.735302 70.009682
v -9.523502 -6.920724 75.641029
v -68.399529 -89.469124 88.083649
v -71.009361 -78.421028 86.863350
v -62.113045 -84.239365 82.327805
v 91.780960 -24.149740 136.985992
v 89.362801 -10.002371 130.712799
v 85.223335 -7.219043 138.640381
v -43.397007 -35.940804 120.228600
v -23.925396 -34.667870 138.376053
v -20.082294 -36.272972 136.990738
v 91.780960 -24.149740 136.985992
v 81.601837 -12.972457 144.994537
v 84.714417 -26.721607 147.359772
v -20.621687 -50.950024 130.627075
v -16.314030 -37.746967 123.010155
v 13.005220 -52.196625 129.521896
v 13.655263 -24.656544 109.267906
v -7.895936 -26.559408 113.808975
v 10.006729 -33.591614 111.717575
v -48.086357 -27.498486 101.041138
v -47.297325 -32.768478 100.641037
v -48.690319 -32.810417 108.161705
v -26.521597 -88.328461 132.290100
v -42.420174 -81.652817 132.676132
v -39.708588 -92.206688 133.275055
v 25.011822 -79.310226 112.434982
v 32.476059 -78.795280 103.319740
v 30.549753 -89.347069 104.373611
v 73.496002 -77.726685 141.423981
v 77.286858 -91.938652 123.546844
v 78.855919 -74.021683 136.670776
v -21.038347 7.353248 44.528034
v 9.486017 19.838764 59.202431
v -13.118571 7.981319 51.696468
v 45.077251 -22.417046 140.658020
v 41.051331 -28.573071 130.338684
v 62.370323 -28.744602 115.365662
v 80.505753 28.546171 110.284653
v 87.762642 22.533289 112.976723
v 89.549614 26.135771 101.549126
v 25.619675 -3.363842 167.024231
v 30.791216 -0.398141 170.025543
v 22.352339 8.776274 162.959045
v 58.245766 -66.732735 150.029861
v 67.536240 -68.771614 148.915558
v 69.493965 -64.907043 140.392792
v -13.738136 38.696537 78.631432
v 2.000780 43.701839 80.368980
v -9.322674 44.690235 73.155525
v -26.611404 -29.922411 175.129623
v -35.391933 -21.393137 174.623398
v -44.785995 -29.454115 170.413605
v -45.296562 25.790602 94.455475
v -41.212818 15.772609 92.731476
v -45.017490 27.957027 88.806450
v -8.209353 34.481361 60.527325
v -26.529102 33.764053 57.662563
v -14.544471 40.865177 69.528702
v -10.492575 -77.334236 102.285896
v -10.889803 -75.526115 111.048569
v -13.340360 -71.344795 110.906845
v 32.818710 16.751879 25.793356
v 29.318933 26.914490 30.075024
v 42.241791 18.710279 25.139204
v 29.318933 26.914490 30.075024
v 26.771124 32.072002 36.220295
v 43.512081 33.935200 29.721672
v 19.059536 18.946478 59.322842
v 9.486017 19.838764 59.202431
v 5.616270 28.198509 52.360928
v 14.864699 -33.097012 119.549179
v 13.502470 -30.510187 118.889519
v 19.559393 -33.092155 115.959267
v -5.666375 -76.302299 116.523994
v -8.412539 -83.239830 104.385925
v -24.712860 -75.558357 114.051064
v 37.969475 -33.193356 122.304077
v 38.902134 -23.977707 123.818512
v 32.968754 -33.198376 125.624565
v 6.906194 -22.851072 136.391891
v 18.305813 -28.385479 132.463562
v 7.526095 -27.374989 139.269089
v -3.216685 -34.444164 105.718117
v -4.150558 -27.449392 106.457993
v 10.266513 -29.959452 110.743973
v 19.114750 -1.799180 36.667355
v 21.436945 2.555453 43.132996
v 21.246742 5.105142 33.937824
v 7.686195 15.639994 112.468903
v 18.086536 3.240998 130.098572
v 4.630093 -0.368071 133.627441
v 39.629158 -109.834076 84.559052
v 31.277229 -111.337799 77.420113
v 47.997345 -111.541122 82.040268
v -38.031040 -76.637939 77.664955
v -48.014786 -62.230156 86.867455
v -52.900398 -68.863930 95.562714
v 94.224510 -28.610800 80.837250
v 74.426720 -30.076834 94.381851
v 86.891151 -32.575283 76.307381
v 37.348656 -28.887556 138.014099
v 25.923815 -28.623402 146.372025
v 4.468407 -29.104832 146.209595
v -54.249706 0.295722 63.866611
v -49.816528 19.480591 59.177311
v -49.593819 7.660925 55.713997
v -74.688240 -32.762955 69.321365
v -89.091293 -37.120033 90.117630
v -80.117355 -38.489346 87.686493
v -80.887604 -70.263550 88.054123
v -71.009361 -78.421028 86.863350
v -81.688019 -84.159531 95.425781
v -31.601822 -35.476257 99.002892
v 1.427690 -34.661823 119.303680
v -16.314030 -37.746967 123.010155
v -75.165314 4.840598 130.685211
v -79.294029 4.421309 135.688354
v -66.554420 -2.276534 142.257004
v -35.903374 -31.367552 124.579536
v -30.742029 -36.926571 129.350494
v -29.275038 -31.323023 128.070679
v 70.994987 -22.524372 65.032158
v 73.103439 -12.016671 63.486633
v 55.470303 -16.645632 77.642906
v 41.677769 -35.401741 35.988575
v 52.156441 -39.842625 23.597895
v 43.960247 -38.642731 27.271940
v -25.042625 -31.375000 117.157631
v -28.937113 -34.060596 111.727013
v -29.394697 -31.416937 112.762161
v -24.362034 -23.324841 177.272385
v -13.003773 -30.957935 177.647217
v -2.401741 -32.370422 177.761414
v 38.626217 -39.456261 14.250034
v 38.880470 -43.413082 5.640380
v 43.611946 -35.786518 2.499416
v 29.463972 -54.723328 119.560654
v 5.118027 -48.829937 127.261520
v 13.460897 -61.807598 128.195068
v 2.075731 -48.979267 167.103409
v -11.646299 -42.892570 177.696899
v -6.422065 -50.950878 176.794693
v -73.942719 19.515802 120.682693
v -93.182190 6.300073 117.166359
v -80.197990 9.412463 129.673157
v -0.560821 -29.028347 62.951656
v -1.725229 -36.282684 50.433262
v -1.837848 -39.858192 65.599106
v 62.370323 -35.576664 115.365662
v 53.714146 -34.830162 139.723541
v 65.498215 -34.295723 131.005875
v 44.004974 -10.880752 21.736254
v 32.619717 -7.751044 25.559700
v 46.034134 -4.573528 23.088844
v 78.102562 -32.709389 112.978653
v 73.929443 -35.809517 114.690544
v 91.435051 -38.209106 127.059021
v 67.309883 25.778070 37.449940
v 73.627686 24.332920 44.576065
v 80.156807 8.688486 36.596260
v 65.131020 -42.801620 76.016579
v 91.975403 -32.536518 57.628925
v 78.952621 -42.575493 65.440666
v -4.081824 -40.832718 136.463608
v -14.898370 -40.472122 135.205994
v -20.082294 -36.272972 136.990738
v 30.549753 25.025801 104.373611
v 32.476059 14.474019 103.319740
v 25.011822 14.988959 112.434982
v 32.476059 -78.795280 103.319740
v 10.785492 -89.843666 106.504715
v 11.975887 -98.511765 101.858765
v -24.712860 11.237096 114.051064
v -8.412539 18.918564 104.385925
v -5.666375 11.981036 116.523994
v 75.025162 -28.723038 149.856461
v 84.473709 -30.485697 136.010361
v 84.714417 -26.721607 147.359772
v -54.249706 0.295722 63.866611
v -49.537155 22.913172 65.180496
v -49.816528 19.480591 59.177311
v 64.780540 44.412243 91.860855
v 62.961422 38.416885 81.423691
v 51.442738 43.261818 71.496681
v 42.918385 -33.084705 101.737877
v 43.760365 -29.265026 103.818214
v 42.948013 -33.124214 108.300148
v 63.844814 23.049591 55.849056
v 51.143368 32.031883 55.032799
v 38.475216 16.910765 57.457039
v -2.860444 -10.502879 80.371040
v -1.757187 -19.302937 65.775314
v -4.217681 -30.102255 78.262962
v -33.337570 12.885142 103.519028
v -41.212818 15.772609 92.731476
v -30.503946 24.790924 97.314804
v 92.581711 -32.152149 89.255890
v 105.247444 -38.370445 63.665543
v 94.224510 -35.710464 80.837250
v 30.791216 -63.923122 170.025543
v 22.352339 -73.097542 162.959045
v 35.111946 -79.638153 162.848053
v 10.654669 52.698425 95.940948
v 3.081453 51.252174 103.649857
v 24.926878 53.811363 99.065880
v 84.714417 -37.599659 147.359772
v 91.435051 -38.209106 127.059021
v 84.473709 -33.835567 136.010361
v 34.355919 -24.397726 94.113411
v 29.840471 -26.525024 98.370438
v 33.392841 -15.698440 90.765327
v -25.003910 -4.546461 75.609802
v -45.490925 -8.137783 69.751289
v -27.430527 -14.572128 70.687187
v 78.102562 -31.611877 112.978653
v 97.369904 -26.369650 112.185684
v 100.412140 -24.764471 123.929367
v -29.394621 -69.902039 82.874069
v -38.048481 -65.843254 91.369347
v -33.890678 -59.528103 84.203812
v 31.277229 47.016537 77.420113
v 13.271416 48.430187 75.789162
v 17.063072 46.249756 84.454346
v 60.029167 3.507501 60.413387
v 67.840706 10.572492 57.703846
v 38.475216 16.910765 57.457039
v -16.314030 -26.574297 123.010155
v 1.427690 -29.659443 119.303680
v -31.601822 -28.845007 99.002892
v 51.525753 -114.987854 101.151581
v 32.615406 -117.007324 91.232201
v 52.775593 -110.583931 94.958275
v -26.529102 -98.085320 57.662563
v -31.406893 -89.770149 54.942970
v -16.158897 -90.969078 50.324059
v 25.901516 -110.932541 128.508240
v 12.122243 -111.779312 118.380035
v 30.646671 -108.896729 116.358788
v 28.697481 -33.017998 98.783005
v 34.600418 -33.022854 96.201202
v 42.948013 -33.124214 108.300148
v 41.603111 -31.261332 98.269073
v 42.918385 -31.236559 101.737877
v 43.760365 -35.056240 103.818214
v -93.182190 -70.621338 117.166359
v -90.197212 -72.274040 109.421066
v -78.045311 -83.854713 111.527824
v 39.776497 -39.412197 94.182549
v 31.865839 -42.558903 84.663307
v 33.392841 -48.622826 90.765327
v 26.638447 -42.456406 70.405350
v 30.495157 -45.928902 38.088356
v 33.665264 -40.905903 35.417393
v -87.016800 -29.326954 137.768738
v -86.795593 -31.188963 124.881493
v -78.083405 -30.744085 128.274826
v 30.677073 -17.171989 34.099991
v 28.988821 -14.945000 24.983021
v 19.868792 -16.462355 25.650999
v -8.209353 -98.802628 60.527325
v -2.434801 -98.326294 62.896805
v 5.475913 -107.491409 63.377739
v 27.040470 -76.749451 55.002190
v 42.676476 -77.535545 56.994591
v 51.961067 -63.589069 60.834019
v -68.908386 -27.950069 152.423080
v -58.524376 -20.653389 161.854279
v -76.366684 -27.238771 151.669144
v 45.964146 -86.564598 26.995758
v 71.724846 -62.517647 26.945251
v 60.383072 -86.993111 34.115902
v -92.678268 -59.430130 112.883392
v -93.182190 -70.621338 117.166359
v -89.080490 -61.227230 126.754372
v -33.679897 -29.087076 92.779198
v -33.448837 -32.768478 92.902740
v -42.799042 -32.751152 95.197945
v 70.168716 -96.699783 130.632629
v 63.474667 -104.762459 116.747963
v 78.905701 -97.754150 112.027275
v 72.785362 -23.966843 48.052906
v 66.399719 -23.879808 36.149517
v 79.469307 -20.311028 41.837936
v -72.748993 -58.987553 149.072861
v -70.556862 -48.954250 158.073822
v -78.635284 -51.715763 145.911804
v 82.618111 -86.245216 85.760361
v 96.970039 -76.925453 90.179039
v 84.588280 -93.273460 91.218498
v 33.566216 -7.903631 89.014442
v 29.989792 -19.360706 107.212547
v 31.033566 -1.424504 91.677521
v -2.401741 -31.950844 177.761414
v -13.003773 -33.363331 177.647217
v -24.362034 -40.996426 177.272385
v -20.812361 -86.578934 89.217644
v 10.078738 -81.299294 94.756004
v -17.141878 -81.815224 83.712486
v 59.101681 -104.485466 128.000763
v 46.822063 -112.721481 111.990028
v 63.474667 -104.762459 116.747963
v 22.395737 -37.131721 110.212418
v 28.707844 -40.775883 102.896736
v 29.989792 -44.960560 107.212547
v -60.049248 -68.356735 150.045135
v -52.872417 -67.556862 157.064896
v -66.554420 -62.044731 142.257004
v -49.537155 22.913172 65.180496
v -53.721039 29.174444 77.626511
v -38.592983 33.627655 70.179413
v 36.476517 13.212468 96.247345
v 13.408947 23.484716 82.745102
v 34.556110 18.737621 96.511581
v -52.231861 -14.624287 108.685310
v -42.953274 -24.252909 105.442940
v -52.828754 -12.162136 94.741150
v 46.696106 -33.340267 147.342194
v 44.806538 -34.586941 170.967819
v 50.650898 -35.929714 169.201736
v 19.866850 -66.034821 67.941948
v 3.927033 -67.375832 62.283409
v 1.036221 -57.483482 61.249237
v -20.235580 -30.067137 80.270821
v -14.085789 -20.627956 77.147247
v -24.221903 -15.989732 68.818832
v 34.771748 38.255718 137.002716
v 41.673599 44.560951 134.222198
v 25.901516 46.611279 128.508240
v 91.203056 15.258055 64.143967
v 97.645508 -3.382844 55.285385
v 82.744026 13.159372 53.823620
v 27.003052 -90.230515 36.357746
v 43.002537 -97.618713 39.621620
v 26.113266 -89.328140 42.935432
v 31.277229 47.016537 77.420113
v 26.095896 43.795784 85.694283
v 39.629158 45.512810 84.559052
v 52.204536 -34.286827 31.429316
v 64.650688 -35.349705 35.077549
v 57.463089 -47.482792 27.886436
v 33.775753 -62.668812 27.276817
v 31.609743 -50.412064 26.232695
v 41.012722 -49.771305 22.092939
v -48.690319 -31.510849 108.161705
v -47.297325 -31.552786 100.641037
v -48.086357 -36.822781 101.041138
v 25.619675 -60.957424 167.024231
v 22.352339 -73.097542 162.959045
v 30.791216 -63.923122 170.025543
v 100.620186 -34.446938 105.221046
v 106.542145 -43.435925 111.777397
v 100.144173 -34.180550 99.380814
v 19.559393 -31.229109 115.959267
v 23.495979 -31.236559 112.663391
v 17.312113 -37.235512 114.857399
v -14.987102 -29.608458 61.062569
v -17.605663 -29.608458 66.897987
v -15.862438 -29.691360 69.859650
v -28.908590 -55.209858 125.690849
v -31.912134 -66.048363 106.680969
v -13.360437 -64.396378 121.434944
v 42.608093 10.239594 105.035736
v 25.011822 14.988959 112.434982
v 32.476059 14.474019 103.319740
v 63.474667 -104.762459 116.747963
v 63.579071 -103.415100 110.474167
v 78.905701 -97.754150 112.027275
v 27.572248 -54.050636 66.289307
v 41.673500 -38.800068 82.440964
v 27.041182 -43.157726 75.026955
v -49.511925 -84.033661 136.510254
v -40.445087 -78.497063 150.749878
v -52.654682 -77.589172 147.337692
v 31.061882 -10.165197 34.101082
v 37.059322 -15.854183 41.857822
v 19.114750 -1.799180 36.667355
v 26.546675 -61.160065 72.884438
v 38.133472 -69.184662 66.478050
v 7.264646 -73.952293 57.604591
v -28.985580 9.906501 82.989166
v -17.633009 16.566721 93.162155
v -19.057930 4.004812 79.682014
v 37.826843 39.526905 42.514236
v 26.170444 31.231142 45.792072
v 42.811337 41.171524 50.931000
v -46.915195 -29.420631 114.837646
v -46.228493 -32.849922 113.481247
v -41.646496 -32.901901 119.346619
v -57.382740 23.099039 127.948364
v -73.480202 11.320797 136.472946
v -63.206783 14.088110 137.220306
v 43.760365 -29.265026 103.818214
v 43.611076 -29.865423 109.236526
v 42.948013 -33.124214 108.300148
v -1.689815 -25.814220 179.583832
v 0.507316 -19.497574 180.154373
v -11.646299 -21.428696 177.696899
v -74.688240 -32.762955 69.321365
v -40.084480 -35.797680 68.472404
v -73.483498 -41.171665 69.557610
v 30.531641 -70.979805 121.163094
v 35.942425 -59.516190 120.039688
v 44.614799 -66.292633 109.591652
v 61.167645 -61.329502 24.117418
v 37.040386 -75.370773 25.031296
v 33.775753 -62.668812 27.276817
v 101.949333 -4.865737 97.540039
v 109.574883 -7.474452 87.405891
v 102.256866 3.921341 90.719521
v 78.654129 -22.353567 56.956650
v 79.469307 -20.311028 41.837936
v 85.945030 -13.387960 50.777718
v -13.738136 38.696537 78.631432
v -15.287656 45.519825 84.036026
v 2.000780 43.701839 80.368980
v 101.358276 -48.703262 118.555855
v 95.564354 -58.094776 126.146675
v 96.918701 -63.820671 113.972351
v 54.142101 26.906702 148.644455
v 54.705647 17.578047 152.730438
v 67.302338 18.295059 139.217880
v -36.041801 34.352276 122.013802
v -39.708588 27.885426 133.275055
v -22.727526 33.841770 124.010162
v 101.185677 0.072246 65.736130
v 97.645508 -3.382844 55.285385
v 93.144211 1.712808 66.815948
v 12.122243 47.458050 118.380035
v -0.435680 41.414753 106.539543
v -15.782459 43.624210 118.673561
v 45.407001 47.164520 129.767303
v 34.252079 50.903114 103.251434
v 30.646671 44.575466 116.358788
v -0.560821 -29.028347 62.951656
v -1.757187 -19.302937 65.775314
v -2.575392 -16.618729 61.989105
v -43.397007 -28.380461 120.228600
v -20.082294 -28.048294 136.990738
v -23.925396 -29.653397 138.376053
v -45.381405 -59.860977 165.516037
v -56.163010 -62.742779 153.687119
v -43.990032 -62.342373 157.702194
v 45.839485 -70.750580 84.145920
v 45.290905 -64.227829 86.151619
v 20.662796 -77.166054 72.816284
v 78.952621 -21.745773 65.440666
v 90.910210 -25.555077 52.045269
v 91.975403 -31.784746 57.628925
v 18.581884 -33.181049 131.173874
v 9.907696 -33.097012 122.039665
v 14.864699 -33.097012 119.549179
v 72.099525 -58.743954 151.359283
v 81.601837 -51.348808 144.994537
v 84.714417 -37.599659 147.359772
v 68.187775 -92.778824 68.823814
v 59.966972 -102.917572 69.024597
v 61.908051 -96.239792 65.997429
v 80.505753 -92.867439 110.284653
v 75.997681 -103.157997 100.985428
v 74.097328 -93.466995 97.192825
v -15.418022 -5.629570 50.583248
v -18.464617 -13.835302 58.455959
v -30.167145 -14.836860 53.545765
v -44.761753 -49.903236 86.925552
v -24.358231 -37.057102 86.058861
v -52.828754 -52.159130 94.741150
v 10.006729 -33.591614 111.717575
v -16.897678 -33.296288 111.901161
v 2.120872 -34.860268 131.836304
v 20.832367 -41.039276 155.795410
v 18.759727 -36.821888 176.336670
v 28.557787 -34.336887 155.028580
v -4.150558 -27.449392 106.457993
v -14.289305 -27.556129 97.862030
v -6.324617 -26.000120 97.321564
v -20.082294 -28.048294 136.990738
v -14.898370 -23.849144 135.205994
v -4.081824 -23.488548 136.463608
v -28.915672 -101.168030 66.338326
v -14.544471 -105.186440 69.528702
v -30.873604 -97.228699 72.729744
v 27.003052 -90.230515 36.357746
v 28.458839 -82.534492 29.608408
v 41.337780 -93.508209 31.842762
v -43.811077 -33.009785 155.182877
v -68.908386 -36.371197 152.423080
v -44.785995 -34.867149 170.413605
v -34.505104 -28.986582 146.972687
v -49.242847 -30.062393 121.428169
v -23.925396 -29.653397 138.376053
v 54.705647 17.578047 152.730438
v 54.142101 26.906702 148.644455
v 45.836681 14.195202 154.178421
v -21.038347 7.353248 44.528034
v -16.158897 26.647814 50.324059
v -6.623179 21.056936 47.536205
v -42.420174 -81.652817 132.676132
v -34.342205 -88.708984 142.741119
v -40.445087 -78.497063 150.749878
v -14.766792 14.514029 97.460175
v -19.082716 5.641025 114.801964
v -12.856099 10.714901 111.433800
v 65.131020 -21.519646 76.016579
v 63.628071 -26.615820 82.735855
v 50.401409 -13.778982 78.627846
v 9.907696 -31.224253 122.039665
v 7.278771 -33.768978 119.586258
v -2.712309 -33.704857 124.591843
v 66.399719 -23.879808 36.149517
v 64.650688 -35.349705 35.077549
v 53.830532 -23.391954 31.652260
v -30.088724 38.407608 109.338882
v -21.718304 43.156410 107.574867
v -31.919104 32.602440 103.560051
v -40.292271 21.487103 53.614803
v -30.873604 32.907436 72.729744
v -31.406893 25.448883 54.942970
v -38.592983 -97.948921 70.179413
v -30.873604 -97.228699 72.729744
v -41.353024 -100.787437 81.427795
v 105.703552 -55.109573 61.651924
v 99.987465 -60.814606 73.125710
v 101.185677 -64.393509 65.736130
v 35.990150 -22.861996 51.412495
v 25.161369 -10.362272 37.781971
v 37.059322 -15.854183 41.857822
v 50.650898 -28.391552 169.201736
v 63.402645 -20.164438 166.184082
v 35.463017 -25.145718 176.779770
v 47.087864 -81.377357 62.973053
v 35.587566 -77.927399 65.589294
v 54.016174 -73.271835 63.025806
v 13.283436 -53.721771 55.958866
v 29.830334 -40.085655 57.813686
v 32.377289 -41.376663 45.758720
v 42.392632 -26.744911 97.265984
v 43.760365 -29.265026 103.818214
v 41.603111 -33.059933 98.269073
v -49.566498 -59.189175 55.278316
v -40.475494 -49.568844 64.879448
v -30.167145 -49.484406 53.545765
v 59.193909 -90.915459 54.967228
v 47.087864 -81.377357 62.973053
v 71.670601 -78.860489 54.442566
v -67.007629 26.042265 111.044548
v -45.296562 25.790602 94.455475
v -59.732773 30.590029 100.013123
v -0.241139 -67.678108 77.256897
v 11.554228 -63.082539 79.606506
v 5.871824 -55.584820 79.640869
v -12.645309 -22.784500 50.655590
v -20.226580 -38.899555 52.069569
v -24.919861 -25.060762 56.547813
v 27.041182 -43.157726 75.026955
v 41.673500 -38.800068 82.440964
v 34.855560 -34.435474 73.221375
v -10.763317 -53.146187 79.488304
v -18.730940 -37.976528 83.423729
v 0.050457 -56.270222 83.654770
v 94.224510 -28.610800 80.837250
v 70.607536 -26.799061 109.699394
v 74.426720 -30.076834 94.381851
v 100.930847 -28.175634 52.294235
v 89.246513 -14.100306 54.242317
v 105.703552 -9.211691 61.651924
v 93.144211 -66.034073 66.815948
v 105.957916 -61.040848 78.299850
v 97.337067 -73.750023 71.427856
v -22.727526 -98.163033 124.010162
v -39.708588 -92.206688 133.275055
v -36.041801 -98.673538 122.013802
v 20.395620 -5.015132 80.948090
v 7.291667 -12.413393 78.270782
v 20.200249 -16.999006 78.661240
v 75.651581 -86.014198 53.888870
v 71.670601 -78.860489 54.442566
v 82.744026 -77.480637 53.823620
v 43.850182 -104.226280 68.616447
v 61.908051 -96.239792 65.997429
v 51.442738 -107.583084 71.496681
v 63.402645 -44.156826 166.184082
v 49.324764 -51.666786 167.640335
v 60.982174 -58.741276 160.739914
v -43.815517 13.039706 94.161537
v -52.900398 4.542668 95.562714
v -38.031040 12.316673 77.664955
v 96.970039 -76.925453 90.179039
v 82.618111 -86.245216 85.760361
v 93.253609 -75.710510 86.343399
v 6.216459 -39.563911 37.767548
v 6.915541 -19.742851 37.263885
v 13.579449 -20.574631 32.622978
v 26.095896 43.795784 85.694283
v 17.063072 46.249756 84.454346
v 32.615406 52.686058 91.232201
v -15.387839 -32.681297 128.503571
v 2.120872 -34.860268 131.836304
v -16.897678 -33.296288 111.901161
v 47.087864 17.056089 62.973053
v 23.009937 15.350467 58.151859
v 34.564156 22.712181 54.549633
v 69.391479 4.442306 25.773359
v 63.151058 24.338400 31.976101
v 78.232742 1.359365 29.774950
v -15.782459 -107.945473 118.673561
v 12.122243 -111.779312 118.380035
v -5.520492 -108.469284 121.754913
v -32.525978 2.091453 72.232887
v -45.490925 -8.137783 69.751289
v -25.003910 -4.546461 75.609802
v -45.717766 19.277540 79.027397
v -49.172150 12.241632 78.228561
v -62.113045 19.918102 82.327805
v 42.809772 32.708935 54.710178
v 59.193909 26.594196 54.967228
v 34.564156 22.712181 54.549633
v -9.523502 -57.400539 75.641029
v -3.394929 -74.024956 69.335861
v -0.241139 -67.678108 77.256897
v 53.692669 28.820179 139.107193
v 40.549126 29.703905 151.624115
v 54.142101 26.906702 148.644455
v 84.588280 -93.273460 91.218498
v 74.097328 -93.466995 97.192825
v 82.618111 -86.245216 85.760361
v 20.698444 -62.580925 41.829586
v 13.568755 -66.908958 46.027298
v 13.283436 -53.721771 55.958866
v 0.283292 16.843588 101.705063
v -4.921579 25.711353 103.615372
v -31.151052 26.484941 95.642639
v -30.742029 -27.394695 129.350494
v -37.289406 -28.447170 125.160179
v -35.903374 -32.953712 124.579536
v 78.232742 1.359365 29.774950
v 71.933693 -11.659181 26.694149
v 69.391479 4.442306 25.773359
v 5.616270 -92.519775 52.360928
v -6.623179 -85.378204 47.536205
v 9.486017 -84.160027 59.202431
v 1.724114 -16.156515 78.146378
v -15.522696 -18.470722 85.206566
v -14.724766 -23.090977 77.271675
v 101.949333 -4.865737 97.540039
v 106.068642 -7.794474 104.603050
v 111.871010 -18.957237 83.758774
v -8.209353 -98.802628 60.527325
v -16.158897 -90.969078 50.324059
v 16.976171 -106.626137 60.320919
v -37.892857 -6.067725 169.272614
v -56.820145 -14.919138 165.864105
v -58.524376 -20.653389 161.854279
v 36.079208 -28.535933 27.853050
v 38.957245 -21.016487 14.054545
v 30.807201 -18.234865 46.270329
v 28.557787 -34.336887 155.028580
v 27.268019 -33.017544 175.367920
v 46.696106 -33.340267 147.342194
v 100.412140 -39.556793 123.929367
v 78.102562 -32.709389 112.978653
v 91.435051 -38.209106 127.059021
v 13.271416 -112.751457 75.789162
v 5.475913 -107.491409 63.377739
v 21.185349 -108.466110 69.950287
v 54.462234 -29.687500 109.322319
v 41.051331 -28.573071 130.338684
v 38.902134 -23.977707 123.818512
v 5.617512 -78.371765 111.198181
v 7.594957 -79.071770 97.896713
v 21.122335 -79.138794 106.652809
v 29.756325 38.128181 143.206161
v 19.473570 34.992004 145.744400
v 25.409210 24.473047 156.258209
v -15.418022 -58.691696 50.583248
v 3.927033 -67.375832 62.283409
v 7.264646 -73.952293 57.604591
v 72.378151 -14.328118 75.223831
v 61.871056 -6.244142 72.953964
v 78.952621 -21.745773 65.440666
v -82.502602 -74.842117 106.565140
v -85.962700 -77.895737 97.280190
v -78.045311 -83.854713 111.527824
v -49.566498 -5.132092 55.278316
v -30.167145 -14.836860 53.545765
v -40.475494 -14.752419 64.879448
v -57.382740 23.099039 127.948364
v -50.873009 17.997553 128.309631
v -55.574829 25.401615 116.672699
v -17.760139 -102.093475 99.411377
v -31.151052 -90.806206 95.642639
v -34.604511 -96.845154 97.065277
v 41.673599 44.560951 134.222198
v 45.407001 47.164520 129.767303
v 25.901516 46.611279 128.508240
v 67.536240 -68.771614 148.915558
v 45.836681 -78.516464 154.178421
v 54.705647 -81.899315 152.730438
v 25.904446 -14.673580 73.634476
v 22.732218 -12.322733 83.137352
v 27.767683 -27.026192 79.672951
v -57.382740 -87.420303 127.948364
v -50.873009 -82.318817 128.309631
v -63.206783 -78.409378 137.220306
v -52.828754 -52.159130 94.741150
v -42.953274 -40.068356 105.442940
v -52.231861 -49.696980 108.685310
v 1.232852 -74.693169 99.653175
v 5.617512 -78.371765 111.198181
v -10.492575 -77.334236 102.285896
v 6.615566 -51.592175 175.466995
v 1.377149 -62.735962 167.648788
v 18.089005 -68.371185 169.383804
v -30.167145 -49.484406 53.545765
v -34.518444 -55.887764 54.558704
v -49.566498 -59.189175 55.278316
v 53.434189 -61.646416 96.151985
v 45.290905 -64.227829 86.151619
v 61.643639 -67.579071 98.573380
v 60.029167 3.507501 60.413387
v 73.103439 -12.016671 63.486633
v 67.840706 10.572492 57.703846
v 9.137363 -31.995569 165.287811
v -1.689815 -25.814220 179.583832
v -2.401741 -32.370422 177.761414
v -86.631844 -30.840885 107.477684
v -94.535583 -27.889345 112.123680
v -98.090836 -15.070435 104.268494
v 20.472441 20.683228 154.508072
v 25.409210 24.473047 156.258209
v 12.267042 29.860979 140.308685
v 77.286858 27.617388 123.546844
v 78.855919 9.700418 136.670776
v 87.358154 10.890089 120.371750
v 52.775593 46.262669 94.958275
v 64.041794 45.138783 103.459618
v 39.629158 45.512810 84.559052
v -28.310583 -4.310206 45.495686
v -34.938427 8.865462 47.829174
v -21.038347 7.353248 44.528034
v 89.549614 26.135771 101.549126
v 96.970039 12.604186 90.179039
v 84.588280 28.952194 91.218498
v 16.337702 45.043499 130.641785
v 19.473570 34.992004 145.744400
v 25.901516 46.611279 128.508240
v -20.235580 -30.067137 80.270821
v -18.730940 -37.976528 83.423729
v -18.655926 -22.095375 83.240784
v -27.430527 -49.749138 70.687187
v -40.475494 -49.568844 64.879448
v -45.490925 -56.183483 69.751289
v 27.268019 -31.303720 175.367920
v 44.806538 -29.734324 170.967819
v 35.463017 -25.145718 176.779770
v 26.100779 -33.027874 101.849113
v 27.387877 -28.462067 102.209869
v 28.697481 -33.017998 98.783005
v 36.476517 13.212468 96.247345
v 35.327694 -3.582400 116.255791
v 28.740929 2.080086 98.150841
v -26.611404 -34.398853 175.129623
v -24.362034 -40.996426 177.272385
v -13.003773 -33.363331 177.647217
v 61.643639 -67.579071 98.573380
v 44.065456 -57.681004 109.329300
v 53.434189 -61.646416 96.151985
v -15.522696 -18.470722 85.206566
v -9.523502 -6.920724 75.641029
v -13.568943 0.735302 70.009682
v -21.038347 -71.674515 44.528034
v -34.938427 -73.186729 47.829174
v -28.310583 -60.011059 45.495686
v 42.948013 -33.124214 108.300148
v 42.295319 -33.166153 115.398376
v 32.656574 -31.594885 106.667030
v 2.677489 -31.287806 112.828400
v 25.471106 -7.582091 110.381668
v 1.182070 -16.756254 115.860863
v 24.762352 -31.258904 108.231010
v 23.495979 -31.236559 112.663391
v 42.295319 -31.155113 115.398376
v 82.744026 -77.480637 53.823620
v 90.718803 -54.667446 50.881046
v 97.645508 -60.938419 55.285385
v -31.081089 -31.508421 98.777985
v -32.086445 -31.468912 105.972717
v -31.601822 -35.476257 99.002892
v -17.760139 37.772213 99.411377
v -34.164658 37.231384 94.426552
v -34.604511 32.523884 97.065277
v 28.868509 -16.009445 92.014557
v 28.740929 2.080086 98.150841
v 23.709667 -17.403923 105.399673
v 26.985182 -23.621971 130.781052
v 33.099102 -24.417480 127.675270
v 38.902134 -23.977707 123.818512
v 74.097328 -93.466995 97.192825
v 75.997681 -103.157997 100.985428
v 68.992889 -98.862465 94.398308
v 25.904446 -14.673580 73.634476
v 27.767683 -27.026192 79.672951
v 26.097792 -18.400579 67.524818
v 2.075731 -48.979267 167.103409
v 0.507316 -44.823692 180.154373
v -11.646299 -42.892570 177.696899
v 60.982174 -58.741276 160.739914
v 58.245766 -66.732735 150.029861
v 72.099525 -58.743954 151.359283
v -16.402157 -32.301998 98.581879
v -14.289305 -27.556129 97.862030
v -4.150558 -27.449392 106.457993
v 34.693192 -59.216671 71.160347
v 20.200249 -47.322258 78.661240
v 32.138210 -46.192917 77.277298
v 10.006729 -33.591614 111.717575
v 27.889088 -34.893467 95.524513
v 13.655263 -24.656544 109.267906
v -63.884098 -40.936268 163.717224
v -68.908386 -36.371197 152.423080
v -58.524376 -43.667877 161.854279
v -53.721039 -93.495712 77.626511
v -55.073784 -84.183762 69.914993
v -49.537155 -87.234436 65.180496
v 42.809772 -97.030205 54.710178
v 59.193909 -90.915459 54.967228
v 56.430321 -98.450035 60.234650
v 10.129068 -54.090668 49.223412
v 30.495157 -45.928902 38.088356
v 18.724709 -49.921391 58.502216
v -72.748993 -58.987553 149.072861
v -66.554420 -62.044731 142.257004
v -56.163010 -62.742779 153.687119
v -82.502602 -74.842117 106.565140
v -90.197212 -72.274040 109.421066
v -94.275513 -73.364952 104.169708
v 44.154964 -29.316841 112.426178
v 43.611076 -29.865423 109.236526
v 44.552475 -24.298956 116.670898
v -67.406410 -33.564251 103.265625
v -92.326958 -34.544113 94.348938
v -86.631844 -33.480381 107.477684
v -7.587675 25.143257 139.484253
v -23.478674 25.502239 143.145218
v -11.623983 17.264864 158.199677
v -73.942719 -83.837067 120.682693
v -78.045311 -83.854713 111.527824
v -67.007629 -90.363525 111.044548
v 6.885769 -95.992340 145.195221
v -5.520492 -108.469284 121.754913
v 9.576650 -106.265579 134.482574
v 26.100779 -31.293392 101.849113
v 26.735016 -36.017391 105.565002
v 24.762352 -31.258904 108.231010
v 29.830334 -40.085655 57.813686
v 13.283436 -53.721771 55.958866
v 30.791456 -37.432148 63.493019
v -29.275038 -31.323023 128.070679
v -29.394697 -31.416937 112.762161
v -32.086445 -31.468912 105.972717
v 101.358276 -48.703262 118.555855
v 106.542145 -43.435925 111.777397
v 97.369904 -37.951614 112.185684
v -32.525978 2.091453 72.232887
v -48.607296 17.616129 80.153481
v -45.490925 -8.137783 69.751289
v 3.772339 -79.766975 59.305298
v -13.118571 -72.302582 51.696468
v 7.264646 -73.952293 57.604591
v -19.082716 5.641025 114.801964
v -31.569748 5.946109 106.504410
v -18.540339 -3.626502 129.408813
v 82.744026 -77.480637 53.823620
v 76.860832 -92.044472 64.295364
v 68.187775 -92.778824 68.823814
v 38.902134 -23.977707 123.818512
v 33.099102 -24.417480 127.675270
v 32.968754 -33.198376 125.624565
v -35.391933 -42.928127 174.623398
v -50.262150 -43.607288 170.543945
v -37.892857 -58.253540 169.272614
v -22.727526 33.841770 124.010162
v -15.782459 43.624210 118.673561
v -21.718304 43.156410 107.574867
v 101.949333 -59.455528 97.540039
v 102.256866 -68.242607 90.719521
v 109.574883 -56.846813 87.405891
v -13.869533 -31.238987 133.058929
v -20.449455 -31.271210 131.396179
v -14.898370 -40.472122 135.205994
v 60.982174 -58.741276 160.739914
v 42.453537 -65.350929 165.835022
v 57.922314 -67.073425 158.086761
v -91.443756 -26.839996 83.597473
v -93.054123 -16.954613 87.820465
v -88.462311 -18.282429 78.124298
v 90.910210 -25.555077 52.045269
v 89.246513 -14.100306 54.242317
v 100.930847 -28.175634 52.294235
v 34.355919 -24.397726 94.113411
v 36.163914 -28.570715 95.136253
v 37.699234 -33.032730 96.220955
v -24.842529 -6.069036 172.341278
v -24.362034 -23.324841 177.272385
v -19.398119 -5.757857 166.088501
v -13.789207 -39.741646 76.922859
v -4.217681 -30.102255 78.262962
v -4.344840 -46.509510 79.796837
v 100.930847 -28.175634 52.294235
v 101.642441 -31.306387 59.665699
v 91.975403 -31.784746 57.628925
v 0.283292 16.843588 101.705063
v -20.812361 22.257671 89.217644
v 10.078738 16.978029 94.756004
v -20.238474 -30.139553 67.319946
v -17.605663 -30.670811 66.897987
v -24.206657 -44.304207 68.924866
v -81.688019 -84.159531 95.425781
v -67.735466 -89.583084 100.145424
v -78.045311 -83.854713 111.527824
v 34.431671 -35.523716 0.000000
v 26.231050 -36.790783 14.084588
v 33.847904 -25.551056 0.589524
v 5.871824 -8.736445 79.640869
v -9.523502 -6.920724 75.641029
v -15.522696 -18.470722 85.206566
v -93.182190 -70.621338 117.166359
v -78.045311 -83.854713 111.527824
v -73.942719 -83.837067 120.682693
v 13.502470 -33.811077 118.889519
v 17.312113 -37.235512 114.857399
v 11.917117 -36.145794 118.634987
v 63.474667 40.441193 116.747963
v 63.579071 39.093834 110.474167
v 51.525753 50.666588 101.151581
v -7.435662 -31.238987 129.362793
v -4.081824 -40.832718 136.463608
v -3.573397 -31.197050 134.281906
v 19.559393 -31.229109 115.959267
v 32.968754 -31.122890 125.624565
v 37.969475 -31.127911 122.304077
v -90.197212 7.952776 109.421066
v -92.678268 -4.891136 112.883392
v -93.182190 6.300073 117.166359
v 20.200249 -47.322258 78.661240
v 31.865839 -42.558903 84.663307
v 32.138210 -46.192917 77.277298
v -33.337570 -77.206406 103.519028
v -41.212818 -80.093872 92.731476
v -43.815517 -77.360970 94.161537
v 7.526095 -36.946278 139.269089
v -20.082294 -36.272972 136.990738
v 4.468407 -35.216434 146.209595
v 9.907696 -31.224253 122.039665
v -2.712309 -33.704857 124.591843
v -2.806384 -31.246435 125.525795
v -19.082716 5.641025 114.801964
v -28.094456 17.523489 98.863815
v -31.569748 5.946109 106.504410
v 85.945030 -13.387960 50.777718
v 76.175911 21.037836 53.022129
v 80.495972 -12.518442 57.662235
v -30.503946 -89.112190 97.314804
v -21.996920 -83.835930 98.364395
v -17.285221 -91.769272 98.708305
v -66.554420 -2.276534 142.257004
v -56.163010 -1.578485 153.687119
v -52.872417 3.235598 157.064896
v -37.892857 -6.067725 169.272614
v -45.381405 -4.460287 165.516037
v -56.820145 -14.919138 165.864105
v 26.546675 -3.161200 72.884438
v 38.133472 4.863400 66.478050
v 45.123890 1.953712 71.580025
v 71.933693 -11.659181 26.694149
v 66.399719 -23.879808 36.149517
v 66.561081 -8.336526 24.966372
v -51.853653 -58.103310 66.297142
v -55.367184 -76.099937 75.496674
v -45.490925 -56.183483 69.751289
v -94.535583 -36.431919 112.123680
v -101.686760 -50.772778 110.655014
v -99.119576 -42.954021 118.164665
v 72.099525 -5.577312 151.359283
v 85.223335 -7.219043 138.640381
v 69.493965 0.585780 140.392792
v 19.621895 -50.583115 38.633087
v 6.216459 -39.563911 37.767548
v 13.650381 -39.744560 32.522537
v 61.197674 -29.155724 145.616196
v 74.501022 -28.799212 155.222656
v 46.696106 -30.980999 147.342194
v -9.430904 -110.599838 93.805069
v -34.164658 -101.552650 94.426552
v -41.353024 -100.787437 81.427795
v -35.903374 -31.367552 124.579536
v -41.646496 -31.419365 119.346619
v -37.289406 -35.874092 125.160179
v -26.611404 -34.398853 175.129623
v -44.785995 -34.867149 170.413605
v -35.391933 -42.928127 174.623398
v -90.197212 -72.274040 109.421066
v -82.502602 -74.842117 106.565140
v -78.045311 -83.854713 111.527824
v 45.867897 1.299860 27.206440
v 42.241791 18.710279 25.139204
v 66.561081 -8.336526 24.966372
v -22.873541 -84.400459 55.047474
v -16.158897 -90.969078 50.324059
v -31.406893 -89.770149 54.942970
v 2.000780 -108.023102 80.368980
v 8.790732 -115.022110 88.400116
v -8.810958 -112.911568 84.170464
v -43.990032 -1.978890 157.702194
v -45.381405 -4.460287 165.516037
v -26.282986 3.391461 166.079834
v 74.426720 -30.076834 94.381851
v 54.462234 -29.687500 109.322319
v 61.286507 -27.707100 92.328232
v 43.850182 39.905018 68.616447
v 51.442738 43.261818 71.496681
v 61.908051 31.918524 65.997429
v 67.548584 -71.790298 64.677292
v 65.725273 -61.612377 66.936272
v 78.952621 -42.575493 65.440666
v 81.126282 -36.587711 51.864063
v 83.086227 -45.680553 54.927097
v 87.430679 -49.336750 45.588814
v 60.982174 -58.741276 160.739914
v 74.390602 -45.231133 151.373199
v 63.402645 -44.156826 166.184082
v -18.152950 -31.323023 121.760513
v -23.885548 -34.371967 116.544769
v -25.042625 -31.375000 117.157631
v 32.444916 -24.768276 113.405067
v 18.671974 -26.133698 127.280846
v 0.938996 -23.943804 132.975815
v -44.761753 -14.418029 86.925552
v -48.014786 -2.091108 86.867455
v -52.828754 -12.162136 94.741150
v -21.699202 2.502227 157.687607
v -17.924818 10.124386 154.966522
v -23.919796 11.842360 158.961823
v -62.113045 19.918102 82.327805
v -66.269760 9.432724 86.228241
v -71.009361 14.099762 86.863350
v 20.946947 17.001423 33.381184
v 26.771124 32.072002 36.220295
v 29.318933 26.914490 30.075024
v 25.374077 47.673916 108.255760
v 24.926878 53.811363 99.065880
v 3.081453 51.252174 103.649857
v -68.908386 -36.371197 152.423080
v -76.366684 -37.082493 151.669144
v -58.524376 -43.667877 161.854279
v 2.075731 -15.341997 167.103409
v -6.422065 -13.370388 176.794693
v -11.646299 -21.428696 177.696899
v -65.929077 -55.515591 157.060440
v -72.748993 -58.987553 149.072861
v -45.381405 -59.860977 165.516037
v 13.080881 6.933209 46.875523
v 18.918865 14.679367 53.544552
v 26.170444 31.231142 45.792072
v 28.986692 -45.335789 24.983681
v 33.665264 -40.905903 35.417393
v 19.815350 -43.837799 25.728235
v 8.397730 -44.691746 171.540329
v 0.507316 -44.823692 180.154373
v 2.075731 -48.979267 167.103409
v -2.806384 -33.074829 125.525795
v 7.827678 -33.163723 134.168243
v -3.573397 -33.124214 134.281906
v 1.427690 -34.661823 119.303680
v 13.005220 -52.196625 129.521896
v -16.314030 -37.746967 123.010155
v -25.628691 -83.337288 145.665848
v -40.445087 -78.497063 150.749878
v -34.342205 -88.708984 142.741119
v 18.227144 -33.969402 156.536835
v 12.660425 -33.049114 178.237656
v 18.759727 -36.821888 176.336670
v -8.810958 48.590298 84.170464
v 8.790732 50.700848 88.400116
v 2.000780 43.701839 80.368980
v -38.031040 -76.637939 77.664955
v -52.900398 -68.863930 95.562714
v -43.815517 -77.360970 94.161537
v -13.789207 -39.741646 76.922859
v 0.050457 -56.270222 83.654770
v -18.730940 -37.976528 83.423729
v -17.285221 27.448004 98.708305
v -7.597995 38.549587 101.851593
v -8.412539 18.918564 104.385925
v 35.218201 -103.721893 59.945370
v 16.976171 -106.626137 60.320919
v 18.902847 -97.373489 53.482342
v 68.187775 28.457561 68.823814
v 75.651581 21.692934 53.888870
v 61.908051 31.918524 65.997429
v -53.187492 -18.414984 71.561813
v -42.857334 -9.758006 73.414497
v -33.287613 -17.077515 69.201233
v -4.081824 -23.488548 136.463608
v 6.906194 -22.851072 136.391891
v 7.526095 -27.374989 139.269089
v 17.312113 -37.235512 114.857399
v 23.204109 -46.215488 116.904793
v 11.917117 -36.145794 118.634987
v 25.901516 -110.932541 128.508240
v 30.646671 -108.896729 116.358788
v 45.407001 -111.485786 129.767303
v -37.892857 -6.067725 169.272614
v -50.262150 -20.713976 170.543945
v -35.391933 -21.393137 174.623398
v 18.671974 -26.133698 127.280846
v 19.921036 -33.352680 126.467842
v 0.938996 -23.943804 132.975815
v -5.954401 32.782749 100.031601
v -17.760139 37.772213 99.411377
v -4.921579 25.711353 103.615372
v 77.286858 -91.938652 123.546844
v 73.496002 -77.726685 141.423981
v 67.302338 -82.616325 139.217880
v 4.630093 -63.953194 133.627441
v 7.686195 -79.961258 112.468903
v -5.666375 -76.302299 116.523994
v -14.778118 -74.790421 97.429535
v -17.680632 -76.823402 93.088043
v 1.232852 -74.693169 99.653175
v 3.081453 -115.573441 103.649857
v 10.688363 -105.659668 107.411156
v -5.954401 -97.104012 100.031601
v -28.985580 9.906501 82.989166
v -18.613716 -3.605256 79.574959
v -36.219715 3.727681 85.391335
v 82.618111 21.923950 85.760361
v 74.097328 29.145729 97.192825
v 84.588280 28.952194 91.218498
v 20.200249 -16.999006 78.661240
v 20.405933 -16.626253 72.941246
v 26.546675 -3.161200 72.884438
v -68.399529 -89.469124 88.083649
v -45.017490 -92.278290 88.806450
v -59.732773 -94.911293 100.013123
v 32.476059 -78.795280 103.319740
v 20.662796 -77.166054 72.816284
v 10.078738 -81.299294 94.756004
v 63.844814 23.049591 55.849056
v 67.840706 10.572492 57.703846
v 76.175911 21.037836 53.022129
v -17.633009 16.566721 93.162155
v -28.985580 9.906501 82.989166
v -28.094456 17.523489 98.863815
v 37.969475 -31.127911 122.304077
v 32.968754 -31.122890 125.624565
v 38.902134 -40.343559 123.818512
v -15.782459 -107.945473 118.673561
v -0.435680 -105.736023 106.539543
v 12.122243 -111.779312 118.380035
v 25.923815 -28.623402 146.372025
v 32.577972 -24.011353 146.285782
v 20.832367 -23.281988 155.795410
v -15.522696 -45.850540 85.206566
v -27.430527 -49.749138 70.687187
v -25.003910 -59.774803 75.609802
v -31.601822 -28.845007 99.002892
v 1.427690 -29.659443 119.303680
v -28.937113 -30.260670 111.727013
v -0.241139 3.356844 77.256897
v -3.394929 9.703693 69.335861
v -9.523502 -6.920724 75.641029
v 27.252590 -55.790253 32.226688
v 33.775753 -62.668812 27.276817
v 22.044144 -65.501930 31.475080
v -14.898370 -23.849144 135.205994
v -20.082294 -28.048294 136.990738
v -21.926809 -25.731943 133.046631
v 7.526095 -36.946278 139.269089
v 41.051331 -35.748196 130.338684
v 18.029577 -40.733944 133.753250
v -21.699202 2.502227 157.687607
v -43.990032 -1.978890 157.702194
v -26.282986 3.391461 166.079834
v 41.051331 -28.573071 130.338684
v 45.077251 -22.417046 140.658020
v 37.348656 -28.887556 138.014099
v 15.154488 -35.656208 102.542389
v 23.709808 -42.876602 105.399384
v 28.572912 -43.874390 92.160294
v 6.557771 -11.513785 66.039169
v 26.097792 -18.400579 67.524818
v 18.312498 -10.053285 58.350750
v -3.394929 -74.024956 69.335861
v -9.523502 -57.400539 75.641029
v -13.568943 -65.056564 70.009682
v -30.995756 -29.860405 106.086388
v -31.601822 -28.845007 99.002892
v -28.937113 -30.260670 111.727013
v 75.651581 21.692934 53.888870
v 56.430321 34.128769 60.234650
v 61.908051 31.918524 65.997429
v -38.592983 33.627655 70.179413
v -30.873604 32.907436 72.729744
v -40.292271 21.487103 53.614803
v 46.696106 -30.980999 147.342194
v 27.268019 -31.303720 175.367920
v 28.557787 -29.984379 155.028580
v 13.271416 48.430187 75.789162
v 2.000780 43.701839 80.368980
v 17.063072 46.249756 84.454346
v 53.714146 -34.830162 139.723541
v 62.370323 -35.576664 115.365662
v 45.077251 -41.904221 140.658020
v 72.785362 -23.966843 48.052906
v 70.994987 -22.524372 65.032158
v 72.710197 -34.243038 62.024128
v 8.790732 50.700848 88.400116
v -8.810958 48.590298 84.170464
v 10.654669 52.698425 95.940948
v -31.569748 5.946109 106.504410
v -28.094456 17.523489 98.863815
v -41.757183 -0.256574 105.098900
v -23.457218 -30.217295 100.358093
v -6.688582 -22.069929 111.375229
v -15.270441 -20.051805 106.800087
v 28.740929 2.080086 98.150841
v 28.868509 -16.009445 92.014557
v 26.443914 -1.498741 85.124634
v -63.206783 -78.409378 137.220306
v -66.177551 -70.494949 148.927185
v -73.480202 -75.642059 136.472946
v 12.267042 29.860979 140.308685
v 19.473570 34.992004 145.744400
v 16.337702 45.043499 130.641785
v -35.408283 -25.174805 118.077782
v -42.953274 -24.252909 105.442940
v -52.231861 -14.624287 108.685310
v 3.810758 -68.018959 160.953400
v 1.074094 -77.524734 152.509628
v 5.158086 -80.011993 157.253586
v 35.942425 -59.516190 120.039688
v 18.086536 -67.562263 130.098572
v 13.005220 -52.196625 129.521896
v -33.448837 -31.552786 92.902740
v -46.228493 -31.471342 113.481247
v -28.362461 -31.535624 92.890434
v 60.895241 -73.921188 105.076668
v 44.614799 -66.292633 109.591652
v 58.214077 -65.072090 105.939545
v 6.906194 -41.470192 136.391891
v -3.573397 -31.197050 134.281906
v -4.081824 -40.832718 136.463608
v -44.257763 -30.833055 87.382263
v -27.991989 -29.062304 92.875534
v -42.599716 -29.521992 94.679161
v 18.305813 -35.935787 132.463562
v 7.526095 -36.946278 139.269089
v 18.029577 -40.733944 133.753250
v 25.414751 9.420490 91.127823
v 36.476517 13.212468 96.247345
v 28.740929 2.080086 98.150841
v 45.683514 27.982920 26.761696
v 69.391479 4.442306 25.773359
v 42.241791 18.710279 25.139204
v 29.840471 -26.525024 98.370438
v 34.355919 -24.397726 94.113411
v 28.697481 -33.017998 98.783005
v 49.324764 -51.666786 167.640335
v 42.453537 -65.350929 165.835022
v 60.982174 -58.741276 160.739914
v 76.333725 -80.024757 52.293720
v 60.274879 -94.348442 50.634029
v 79.336693 -75.541321 44.247730
v 30.710608 -20.742014 68.188423
v 30.486971 -19.176540 61.073975
v 30.791456 -37.432148 63.493019
v 65.131020 -42.801620 76.016579
v 50.401409 -50.542282 78.627846
v 63.628071 -37.705444 82.735855
v 25.950432 -1.535643 64.446587
v 45.953243 -18.453625 81.745583
v 20.704803 9.800755 57.484623
v -24.712860 -75.558357 114.051064
v -17.285221 -91.769272 98.708305
v -21.996920 -83.835930 98.364395
v 100.795227 -59.229061 103.554756
v 96.918701 -63.820671 113.972351
v 100.731972 -70.742905 109.666908
v -2.219191 -21.505272 51.572056
v -2.575392 -16.618729 61.989105
v 6.710088 -9.655027 49.482052
v 37.826843 39.526905 42.514236
v 42.811337 41.171524 50.931000
v 57.718403 35.507980 39.878628
v 68.992889 34.541199 94.398308
v 77.764977 34.048626 90.298363
v 62.961422 38.416885 81.423691
v 31.277229 -111.337799 77.420113
v 13.271416 -112.751457 75.789162
v 21.185349 -108.466110 69.950287
v 7.264646 9.631026 57.604591
v 23.009937 15.350467 58.151859
v 38.133472 4.863400 66.478050
v 3.432191 -51.688393 79.363754
v 0.050457 -56.270222 83.654770
v -4.344840 -46.509510 79.796837
v 106.542145 -43.435925 111.777397
v 100.620186 -34.446938 105.221046
v 97.369904 -37.951614 112.185684
v 21.708805 -23.644405 179.386841
v 32.669930 -11.321093 172.057953
v 20.467009 -11.470609 175.109131
v 37.059322 -15.854183 41.857822
v 43.973328 -19.179956 27.215174
v 42.170128 -23.135111 35.115189
v -63.206783 14.088110 137.220306
v -52.654682 13.267906 147.337692
v -49.511925 19.712393 136.510254
v -94.716110 -13.437249 132.811050
v -91.250549 -6.058233 131.651627
v -101.686760 -13.548488 110.655014
v 60.895241 -73.921188 105.076668
v 72.368431 -63.863396 107.454788
v 61.643639 -67.579071 98.573380
v 50.401409 -13.778982 78.627846
v 50.589054 -3.040034 75.207741
v 65.131020 -21.519646 76.016579
v -30.995756 -29.860405 106.086388
v -28.937113 -30.260670 111.727013
v -29.394697 -32.904327 112.762161
v 63.579071 -103.415100 110.474167
v 51.525753 -114.987854 101.151581
v 52.775593 -110.583931 94.958275
v -38.048481 -65.843254 91.369347
v -29.394621 -69.902039 82.874069
v -26.916132 -77.857376 99.290962
v 18.902847 -97.373489 53.482342
v 16.976171 -106.626137 60.320919
v 5.616270 -92.519775 52.360928
v 41.337780 -93.508209 31.842762
v 45.964146 -86.564598 26.995758
v 60.383072 -86.993111 34.115902
v 70.994987 -22.524372 65.032158
v 80.495972 -12.518442 57.662235
v 73.103439 -12.016671 63.486633
v 42.170128 -23.135111 35.115189
v 53.830532 -23.391954 31.652260
v 52.204536 -34.286827 31.429316
v 26.143465 -23.663881 13.944988
v 13.579449 -20.574631 32.622978
v 19.868792 -16.462355 25.650999
v 42.295319 -31.155113 115.398376
v 37.969475 -31.127911 122.304077
v 38.902134 -40.343559 123.818512
v 12.058797 42.194458 112.593506
v -0.435680 41.414753 106.539543
v 12.122243 47.458050 118.380035
v 75.476875 -68.732056 57.224628
v 89.246513 -50.220959 54.242317
v 90.718803 -54.667446 50.881046
v -14.544471 -105.186440 69.528702
v -13.738136 -103.017799 78.631432
v -30.873604 -97.228699 72.729744
v -2.806384 -33.074829 125.525795
v 9.907696 -33.097012 122.039665
v 7.827678 -33.163723 134.168243
v 20.467009 -11.470609 175.109131
v 18.089005 4.049920 169.383804
v 6.615566 -12.729092 175.466995
v 63.730534 -11.100333 69.083511
v 55.470303 -16.645632 77.642906
v 73.103439 -12.016671 63.486633
v 78.855919 -74.021683 136.670776
v 67.536240 -68.771614 148.915558
v 73.496002 -77.726685 141.423981
v -6.688582 -22.069929 111.375229
v -15.441916 -40.162842 106.423409
v 0.717116 -43.193138 115.318176
v -48.086357 -27.498486 101.041138
v -42.599716 -29.521992 94.679161
v -47.297325 -32.768478 100.641037
v 5.871824 -8.736445 79.640869
v -0.241139 3.356844 77.256897
v -9.523502 -6.920724 75.641029
v 63.474667 40.441193 116.747963
v 46.822063 48.400219 111.990028
v 59.101681 40.164204 128.000763
v -13.568943 -65.056564 70.009682
v -26.463978 -69.980011 75.770523
v -3.394929 -74.024956 69.335861
v -40.984299 -45.883354 94.508316
v -18.730940 -37.976528 83.423729
v -33.890678 -59.528103 84.203812
v -92.326958 -34.544113 94.348938
v -89.091293 -37.120033 90.117630
v -93.054123 -47.366650 87.820465
v 25.374077 -111.995186 108.255760
v 34.252079 -115.224380 103.251434
v 30.549753 -89.347069 104.373611
v -48.086357 -36.822781 101.041138
v -42.599716 -34.799271 94.679161
v -44.257763 -33.488209 87.382263
v 2.677489 -31.287806 112.828400
v 0.717116 -43.193138 115.318176
v 10.266513 -29.959452 110.743973
v 21.647182 18.946648 106.144012
v 34.556110 18.737621 96.511581
v 11.692668 24.570700 89.660965
v 42.295319 -31.155113 115.398376
v 23.495979 -31.236559 112.663391
v 37.969475 -31.127911 122.304077
v 84.588280 28.952194 91.218498
v 80.505753 28.546171 110.284653
v 89.549614 26.135771 101.549126
v 1.427690 -29.659443 119.303680
v -16.314030 -26.574297 123.010155
v 13.005220 -12.124639 129.521896
v -88.462311 -18.282429 78.124298
v -73.483498 -23.149599 69.557610
v -74.688240 -31.558310 69.321365
v -24.379444 -17.388842 64.612358
v -40.475494 -14.752419 64.879448
v -30.167145 -14.836860 53.545765
v 32.619717 -7.751044 25.559700
v 44.004974 -10.880752 21.736254
v 43.973328 -19.179956 27.215174
v -26.916132 -77.857376 99.290962
v -31.912134 -66.048363 106.680969
v -41.331627 -60.259529 106.388779
v -52.828754 -12.162136 94.741150
v -24.358231 -27.264162 86.058861
v -44.761753 -14.418029 86.925552
v 74.501022 -35.522053 155.222656
v 74.390602 -45.231133 151.373199
v 75.025162 -35.598225 149.856461
v 64.041794 45.138783 103.459618
v 63.579071 39.093834 110.474167
v 75.997681 38.836727 100.985428
v -1.689815 -25.814220 179.583832
v 9.137363 -31.995569 165.287811
v 12.660425 -31.272152 178.237656
v 26.100779 -31.293392 101.849113
v 27.387877 -35.859196 102.209869
v 28.707844 -40.775883 102.896736
v 12.178561 -58.514896 85.126129
v 0.050457 -56.270222 83.654770
v 3.432191 -51.688393 79.363754
v -44.761753 -49.903236 86.925552
v -30.637081 -72.672073 76.331757
v -23.526827 -52.634983 78.374657
v 60.982174 -5.579991 160.739914
v 74.390602 -19.090130 151.373199
v 72.099525 -5.577312 151.359283
v 1.036221 -6.837781 61.249237
v 20.405933 -16.626253 72.941246
v -3.304064 -14.705105 67.477905
v 5.616270 -92.519775 52.360928
v 19.059536 -83.267746 59.322842
v 18.902847 -97.373489 53.482342
v 19.559393 -31.229109 115.959267
v 27.234861 -31.127911 128.287979
v 32.968754 -31.122890 125.624565
v 7.686195 15.639994 112.468903
v 12.058797 42.194458 112.593506
v 18.126854 34.355652 106.999878
v -25.060337 -53.310234 68.890388
v -33.287613 -47.243752 69.201233
v -28.192675 -44.955776 71.283257
v 4.630093 -0.368071 133.627441
v -5.666375 11.981036 116.523994
v 7.686195 15.639994 112.468903
v -21.926809 -38.589321 133.046631
v -30.742029 -36.926571 129.350494
v -20.082294 -36.272972 136.990738
v 45.839485 6.429314 84.145920
v 20.662796 12.844786 72.816284
v 45.290905 -0.093436 86.151619
v 19.815350 -43.837799 25.728235
v 26.231050 -36.790783 14.084588
v 28.986692 -45.335789 24.983681
v -59.732773 -94.911293 100.013123
v -45.017490 -92.278290 88.806450
v -45.296562 -90.111870 94.455475
v 6.615566 -51.592175 175.466995
v 8.397730 -44.691746 171.540329
v 2.075731 -48.979267 167.103409
v 42.948013 -31.197050 108.300148
v 42.295319 -31.155113 115.398376
v 43.611076 -34.455841 109.236526
v 54.705647 17.578047 152.730438
v 45.836681 14.195202 154.178421
v 67.536240 4.450346 148.915558
v -44.257763 -33.488209 87.382263
v -73.564651 -35.170815 87.565109
v -67.406410 -33.564251 103.265625
v -49.816528 -83.801857 59.177311
v -38.592983 -97.948921 70.179413
v -49.537155 -87.234436 65.180496
v 6.255015 -27.368046 85.867462
v 15.158909 -28.486376 84.472343
v 11.467428 -26.410095 103.927528
v -27.991989 -29.062304 92.875534
v -44.257763 -30.833055 87.382263
v -48.113686 -29.664356 77.656334
v 12.660425 -33.049114 178.237656
v 9.137363 -32.325695 165.287811
v -1.689815 -38.507046 179.583832
v -27.331408 -47.972946 125.147293
v -23.904976 -38.427437 94.369980
v -40.984299 -45.883354 94.508316
v -13.340360 -71.344795 110.906845
v 12.137462 -73.157211 118.508598
v -13.360437 -64.396378 121.434944
v 6.255015 -27.368046 85.867462
v 11.467428 -26.410095 103.927528
v 6.383079 -29.218390 93.691780
v 38.880470 -43.413082 5.640380
v 38.626217 -39.456261 14.250034
v 26.231050 -36.790783 14.084588
v 11.917117 -28.175470 118.634987
v 1.427690 -29.659443 119.303680
v 23.204109 -18.105778 116.904793
v 93.804710 -68.196655 120.483841
v 89.362801 -54.318893 130.712799
v 85.223335 -57.102222 138.640381
v 23.495979 -33.084705 112.663391
v 37.969475 -33.193356 122.304077
v 19.559393 -33.092155 115.959267
v 12.880909 -82.024734 159.225128
v 20.593094 -78.438080 154.022034
v 22.352339 -73.097542 162.959045
v -0.435680 -105.736023 106.539543
v -9.605888 -109.660789 113.309967
v -3.562112 -99.758423 104.477562
v 60.895241 -73.921188 105.076668
v 58.214077 -65.072090 105.939545
v 72.368431 -63.863396 107.454788
v 10.298379 -34.743252 89.293404
v 19.278139 -30.139553 72.062569
v 14.991968 -30.139553 80.531120
v 3.081453 -115.573441 103.649857
v -5.954401 -97.104012 100.031601
v -9.430904 -110.599838 93.805069
v -21.926809 -25.731943 133.046631
v -30.742029 -27.394695 129.350494
v -29.275038 -32.998241 128.070679
v 94.224510 -28.610800 80.837250
v 105.247444 -25.950819 63.665543
v 92.581711 -32.169113 89.255890
v -2.401741 -31.950844 177.761414
v -11.045048 -33.149830 158.714569
v -13.003773 -33.363331 177.647217
v -24.066437 -21.792440 94.315765
v -18.655926 -22.095375 83.240784
v -23.457218 -30.217295 100.358093
v -7.587675 -89.464523 139.484253
v -23.478674 -89.823502 143.145218
v -5.520492 -108.469284 121.754913
v -76.366684 -37.082493 151.669144
v -85.126625 -47.071495 145.241058
v -70.556862 -48.954250 158.073822
v 29.756325 -102.449448 143.206161
v 19.473570 -99.313271 145.744400
v 25.901516 -110.932541 128.508240
v 45.123890 -66.274979 71.580025
v 61.871056 -58.077122 72.953964
v 65.725273 -61.612377 66.936272
v 95.564354 -6.226487 126.146675
v 89.362801 -10.002371 130.712799
v 100.412140 -24.764471 123.929367
v 69.391479 4.442306 25.773359
v 71.933693 -11.659181 26.694149
v 66.561081 -8.336526 24.966372
v 1.724114 -16.156515 78.146378
v 7.291667 -12.413393 78.270782
v 5.871824 -8.736445 79.640869
v -36.447441 -0.209430 69.310265
v -42.857334 -9.758006 73.414497
v -62.313732 -13.666743 80.735786
v 30.549753 25.025801 104.373611
v 10.688363 41.338406 107.411156
v 11.975887 34.190498 101.858765
v 29.840471 -37.796242 98.370438
v 29.989792 -44.960560 107.212547
v 28.707844 -40.775883 102.896736
v -43.440903 -97.392517 99.585960
v -45.296562 -90.111870 94.455475
v -30.503946 -89.112190 97.314804
v 111.113747 -48.118191 68.307747
v 105.703552 -55.109573 61.651924
v 105.247444 -38.370445 63.665543
v 1.427690 -29.659443 119.303680
v -17.508026 -29.944441 121.029129
v -28.937113 -30.260670 111.727013
v -28.766375 40.012630 76.057625
v -15.287656 45.519825 84.036026
v -13.738136 38.696537 78.631432
v 43.002537 -97.618713 39.621620
v 41.373318 -97.566238 51.742256
v 32.991180 -96.239426 46.321671
v 43.002537 -97.618713 39.621620
v 60.383072 -86.993111 34.115902
v 58.863010 -93.427559 40.804157
v -20.621687 -13.371241 130.627075
v 13.005220 -12.124639 129.521896
v -16.314030 -26.574297 123.010155
v -49.432880 -34.248421 108.952362
v -48.690319 -31.510849 108.161705
v -48.086357 -36.822781 101.041138
v 36.476517 13.212468 96.247345
v 34.556110 18.737621 96.511581
v 36.140327 9.907878 112.805367
v -39.708588 27.885426 133.275055
v -26.521597 24.007193 132.290100
v -22.727526 33.841770 124.010162
v -24.066437 -21.792440 94.315765
v -27.607792 -12.338767 124.798538
v -40.872040 -14.434908 94.563927
v 101.949333 -4.865737 97.540039
v 102.256866 3.921341 90.719521
v 100.795227 -5.092203 103.554756
v -39.931641 -59.641712 124.183380
v -20.753958 -59.552444 131.844696
v -44.454678 -68.545250 114.944267
v -7.895936 -26.559408 113.808975
v 13.655263 -24.656544 109.267906
v -18.993708 -25.939865 125.573303
v -51.937588 -37.629070 138.025528
v -56.534565 -33.707676 141.450699
v -43.811077 -33.009785 155.182877
v 13.005220 -12.124639 129.521896
v 18.086536 3.240998 130.098572
v 35.942425 -4.805074 120.039688
v -52.654682 -77.589172 147.337692
v -52.872417 -67.556862 157.064896
v -60.049248 -68.356735 150.045135
v 5.475913 -107.491409 63.377739
v -2.434801 -98.326294 62.896805
v 21.294868 -102.818375 68.196701
v 29.756325 38.128181 143.206161
v 25.901516 46.611279 128.508240
v 19.473570 34.992004 145.744400
v 13.413879 -83.765488 82.746773
v -10.268469 -74.216454 77.043549
v 4.626835 -62.003139 86.749809
v 43.611946 -35.786518 2.499416
v 38.957245 -21.016487 14.054545
v 38.626217 -39.456261 14.250034
v -30.503946 24.790924 97.314804
v -45.296562 25.790602 94.455475
v -43.440903 33.071255 99.585960
v -49.242847 -30.062393 121.428169
v -34.505104 -28.986582 146.972687
v -51.937588 -26.692194 138.025528
v 62.961422 38.416885 81.423691
v 77.764977 34.048626 90.298363
v 59.966972 38.596306 69.024597
v 75.291039 -47.644405 61.557739
v 65.830818 -48.820557 66.506882
v 51.961067 -63.589069 60.834019
v -9.430904 46.278572 93.805069
v -34.164658 37.231384 94.426552
v -17.760139 37.772213 99.411377
v 51.143368 32.031883 55.032799
v 63.844814 23.049591 55.849056
v 61.323620 35.689938 50.636131
v 10.298379 -34.743252 89.293404
v -2.215543 -30.590986 90.733696
v 6.383079 -29.218390 93.691780
v 27.040470 -76.749451 55.002190
v 50.421673 -91.570686 54.573162
v 42.676476 -77.535545 56.994591
v -45.717766 -83.598808 79.027397
v -68.399529 -89.469124 88.083649
v -62.113045 -84.239365 82.327805
v 96.970039 12.604186 90.179039
v 93.253609 11.389244 86.343399
v 82.618111 21.923950 85.760361
v 5.158086 -80.011993 157.253586
v 12.880909 -82.024734 159.225128
v 18.089005 -68.371185 169.383804
v 80.505753 -92.867439 110.284653
v 89.549614 -90.457039 101.549126
v 87.762642 -86.854553 112.976723
v 30.646671 -108.896729 116.358788
v 27.463280 -95.803436 108.696297
v 30.549753 -89.347069 104.373611
v 54.705647 17.578047 152.730438
v 73.496002 13.405416 141.423981
v 67.302338 18.295059 139.217880
v -10.999996 -30.223589 123.494835
v -17.508026 -29.944441 121.029129
v -2.712309 -30.616405 124.591843
v -21.027287 -32.774937 161.287415
v -18.562792 -38.895870 154.583481
v -33.124111 -32.303333 156.260208
v 46.034134 -4.573528 23.088844
v 45.867897 1.299860 27.206440
v 57.497360 -11.091337 28.280764
v 38.133472 -69.184662 66.478050
v 45.123890 -66.274979 71.580025
v 54.016174 -73.271835 63.025806
v -26.916132 -77.857376 99.290962
v -17.680632 -76.823402 93.088043
v -14.778118 -74.790421 97.429535
v 91.435051 -38.209106 127.059021
v 91.780960 -40.171524 136.985992
v 89.362801 -54.318893 130.712799
v -55.367184 -76.099937 75.496674
v -34.604511 -96.845154 97.065277
v -48.607296 -81.937393 80.153481
v 29.728193 -22.752569 98.415085
v 32.444916 -24.768276 113.405067
v 0.938996 -23.943804 132.975815
v -52.231861 -49.696980 108.685310
v -35.408283 -39.146461 118.077782
v -40.911434 -51.076855 122.931763
v -90.386322 -43.809349 134.727188
v -87.016800 -34.994312 137.768738
v -86.795593 -33.132301 124.881493
v -18.562792 -38.895870 154.583481
v 4.468407 -35.216434 146.209595
v -34.505104 -35.334682 146.972687
v -17.141878 17.493961 83.712486
v -26.463978 5.658744 75.770523
v -3.394929 9.703693 69.335861
v -33.124111 -32.303333 156.260208
v -43.811077 -33.009785 155.182877
v -44.785995 -34.867149 170.413605
v 42.295319 -33.166153 115.398376
v 37.969475 -33.193356 122.304077
v 23.495979 -33.084705 112.663391
v -33.104645 -76.344955 52.124710
v -34.938427 -73.186729 47.829174
v -22.873541 -84.400459 55.047474
v -20.753958 -4.768821 131.844696
v 4.630093 -0.368071 133.627441
v -20.621687 -13.371241 130.627075
v -0.241139 3.356844 77.256897
v 30.735689 3.512078 83.768158
v 20.662796 12.844786 72.816284
v 79.088669 -39.503796 36.461536
v 75.899345 -42.515057 29.920076
v 72.208786 -33.792572 45.271984
v 46.822063 -112.721481 111.990028
v 51.525753 -114.987854 101.151581
v 63.474667 -104.762459 116.747963
v 59.101681 -104.485466 128.000763
v 51.201324 -103.860603 121.875755
v 46.822063 -112.721481 111.990028
v -46.915195 -29.420631 114.837646
v -49.242847 -30.062393 121.428169
v -55.373077 -28.422314 109.260811
v 3.081453 -115.573441 103.649857
v -9.430904 -110.599838 93.805069
v -8.810958 -112.911568 84.170464
v -11.623983 -81.586128 158.199677
v -14.641374 -61.911549 171.803925
v -21.699202 -66.823494 157.687607
v -78.045311 19.533449 111.527824
v -67.735466 25.261820 100.145424
v -81.688019 19.838268 95.425781
v 12.267042 -94.182243 140.308685
v 25.409210 -88.794312 156.258209
v 20.472441 -85.004494 154.508072
v 26.985182 -40.699295 130.781052
v 38.902134 -40.343559 123.818512
v 33.099102 -39.903786 127.675270
v 61.197674 -29.155724 145.616196
v 75.025162 -28.723038 149.856461
v 74.501022 -28.799212 155.222656
v 22.864645 24.993944 41.080254
v 21.436945 2.555453 43.132996
v 13.080881 6.933209 46.875523
v 108.898468 -51.369461 105.972794
v 105.513397 -33.169491 93.596664
v 100.144173 -34.180550 99.380814
v -25.617926 -28.361193 105.324715
v -18.993708 -25.939865 125.573303
v -25.629583 -31.663054 105.401146
v 30.646671 -108.896729 116.358788
v 34.252079 -115.224380 103.251434
v 45.407001 -111.485786 129.767303
v 21.647182 18.946648 106.144012
v 36.140327 9.907878 112.805367
v 34.556110 18.737621 96.511581
v -24.362034 -40.996426 177.272385
v -26.611404 -34.398853 175.129623
v -37.892857 -58.253540 169.272614
v 78.855919 9.700418 136.670776
v 73.496002 13.405416 141.423981
v 67.536240 4.450346 148.915558
v 28.806311 -63.059372 97.655777
v 28.572912 -43.874390 92.160294
v 23.709808 -42.876602 105.399384
v 4.626236 1.722527 86.749603
v 12.119298 -1.738382 85.152435
v -2.598414 -6.309608 83.948242
v -20.753958 -59.552444 131.844696
v -24.712860 -75.558357 114.051064
v -44.454678 -68.545250 114.944267
v 42.392632 -37.576355 97.265984
v 37.699234 -31.288534 96.220955
v 41.603111 -31.261332 98.269073
v 32.758808 -68.777351 117.287086
v 21.122335 -79.138794 106.652809
v 34.545128 -79.026108 96.495697
v 17.063072 -110.571022 84.454346
v 32.615406 -117.007324 91.232201
v 8.790732 -115.022110 88.400116
v -44.761753 -49.903236 86.925552
v -52.828754 -52.159130 94.741150
v -48.014786 -62.230156 86.867455
v -89.443565 -7.754798 86.787827
v -94.275513 9.043687 104.169708
v -92.251205 7.759664 94.202240
v 37.348656 -35.433708 138.014099
v 4.468407 -35.216434 146.209595
v 25.923815 -35.697865 146.372025
v -24.362034 -23.324841 177.272385
v -11.646299 -21.428696 177.696899
v -6.422065 -13.370388 176.794693
v 43.850182 -104.226280 68.616447
v 35.218201 -103.721893 59.945370
v 56.430321 -98.450035 60.234650
v -21.718304 43.156410 107.574867
v -17.143120 37.683907 99.947586
v -31.919104 32.602440 103.560051
v 107.943092 -32.680401 72.815468
v 112.238953 -38.462170 77.871613
v 111.113747 -48.118191 68.307747
v -1.725229 -36.282684 50.433262
v -0.560821 -29.028347 62.951656
v -2.575392 -16.618729 61.989105
v -79.294029 -68.742577 135.688354
v -72.748993 -58.987553 149.072861
v -78.635284 -51.715763 145.911804
v 51.442738 -107.583084 71.496681
v 62.961422 -102.738152 81.423691
v 64.780540 -108.733513 91.860855
v -17.285221 27.448004 98.708305
v -21.996920 19.514669 98.364395
v -30.503946 24.790924 97.314804
v 77.764977 34.048626 90.298363
v 68.992889 34.541199 94.398308
v 74.097328 29.145729 97.192825
v -7.597995 -102.870850 101.851593
v -8.412539 -83.239830 104.385925
v -3.562112 -99.758423 104.477562
v -17.285221 -91.769272 98.708305
v -24.712860 -75.558357 114.051064
v -8.412539 -83.239830 104.385925
v 35.327694 -3.582400 116.255791
v 36.476517 13.212468 96.247345
v 36.140327 9.907878 112.805367
v 13.568755 -66.908958 46.027298
v 20.698444 -62.580925 41.829586
v 26.113266 -89.328140 42.935432
v -18.562792 -25.425396 154.583481
v -26.611404 -29.922411 175.129623
v -21.027287 -31.546329 161.287415
v 100.731972 6.421641 109.666908
v 95.233681 11.950066 111.521614
v 96.918701 -0.500593 113.972351
v -42.953274 -40.068356 105.442940
v -52.828754 -52.159130 94.741150
v -31.760582 -37.823776 98.427017
v -8.412539 18.918564 104.385925
v -3.562112 35.437160 104.477562
v -5.666375 11.981036 116.523994
v 32.991180 -96.239426 46.321671
v 13.568755 -66.908958 46.027298
v 26.113266 -89.328140 42.935432
v 63.628071 -26.615820 82.735855
v 61.286507 -27.707100 92.328232
v 54.333015 -21.601025 90.167168
v 28.707844 -23.545382 102.896736
v 29.989792 -19.360706 107.212547
v 29.840471 -26.525024 98.370438
v -66.858231 -33.738529 118.992950
v -78.133774 -37.928532 113.395546
v -78.083405 -33.577179 128.274826
v 42.608093 -74.560860 105.035736
v 30.531641 -70.979805 121.163094
v 44.614799 -66.292633 109.591652
v -63.206783 -78.409378 137.220306
v -52.654682 -77.589172 147.337692
v -66.177551 -70.494949 148.927185
v 46.696106 -30.980999 147.342194
v 74.501022 -28.799212 155.222656
v 50.650898 -28.391552 169.201736
v 18.759727 -27.499378 176.336670
v 18.227144 -30.351864 156.536835
v 20.832367 -23.281988 155.795410
v 19.423117 -11.787266 68.094223
v 25.950432 -1.535643 64.446587
v 13.771319 -6.714472 60.724808
v 53.692669 -93.141441 139.107193
v 54.142101 -91.227966 148.644455
v 40.549126 -94.025169 151.624115
v 47.997345 47.219856 82.040268
v 31.277229 47.016537 77.420113
v 39.629158 45.512810 84.559052
v 20.147566 -30.208353 89.972092
v 9.358373 -33.378674 102.285759
v 15.154488 -35.656208 102.542389
v 31.865839 -42.558903 84.663307
v 20.200249 -47.322258 78.661240
v 33.392841 -48.622826 90.765327
v 9.486017 19.838764 59.202431
v 19.059536 18.946478 59.322842
v 23.009937 15.350467 58.151859
v 3.927033 -67.375832 62.283409
v -15.418022 -58.691696 50.583248
v -18.464617 -50.485962 58.455959
v 41.673599 -108.882217 134.222198
v 25.901516 -110.932541 128.508240
v 45.407001 -111.485786 129.767303
v -15.862438 -29.691360 69.859650
v -20.238474 -30.139553 67.319946
v -24.221903 -15.989732 68.818832
v 109.574883 -56.846813 87.405891
v 102.256866 -68.242607 90.719521
v 105.957916 -61.040848 78.299850
v 46.822063 48.400219 111.990028
v 51.201324 39.539337 121.875755
v 59.101681 40.164204 128.000763
v 48.579899 6.137293 94.822861
v 60.895241 9.599927 105.076668
v 42.608093 10.239594 105.035736
v 29.989792 -19.360706 107.212547
v 28.707844 -23.545382 102.896736
v 22.395737 -27.189543 110.212418
v 32.138210 -18.128349 77.277298
v 31.865839 -21.762363 84.663307
v 20.200249 -16.999006 78.661240
v 95.233681 -76.271332 111.521614
v 89.549614 -90.457039 101.549126
v 90.695946 -78.971924 102.588158
v 84.588280 -93.273460 91.218498
v 96.970039 -76.925453 90.179039
v 89.549614 -90.457039 101.549126
v 11.554228 -1.238726 79.606506
v 31.033566 -1.424504 91.677521
v 30.735689 3.512078 83.768158
v -78.292404 -11.737615 84.365311
v -88.462311 -18.282429 78.124298
v -89.443565 -7.754798 86.787827
v 25.374077 47.673916 108.255760
v 30.549753 25.025801 104.373611
v 34.252079 50.903114 103.251434
v 9.576650 41.944313 134.482574
v 12.122243 47.458050 118.380035
v -5.520492 44.148014 121.754913
v 18.205996 -81.324585 108.092560
v 7.686195 -79.961258 112.468903
v 18.086536 -67.562263 130.098572
v 27.234861 -31.127911 128.287979
v 26.985182 -40.699295 130.781052
v 33.099102 -39.903786 127.675270
v 89.246513 -50.220959 54.242317
v 75.476875 -68.732056 57.224628
v 67.548584 -71.790298 64.677292
v -50.873009 17.997553 128.309631
v -63.206783 14.088110 137.220306
v -49.511925 19.712393 136.510254
v 23.009937 15.350467 58.151859
v 7.264646 9.631026 57.604591
v 3.772339 15.445707 59.305298
v 57.922314 -67.073425 158.086761
v 35.111946 -79.638153 162.848053
v 45.836681 -78.516464 154.178421
v -30.742029 -27.394695 129.350494
v -20.082294 -28.048294 136.990738
v -37.289406 -28.447170 125.160179
v 13.005220 -52.196625 129.521896
v 4.630093 -63.953194 133.627441
v -20.621687 -50.950024 130.627075
v 43.611076 -29.865423 109.236526
v 44.154964 -29.316841 112.426178
v 42.295319 -33.166153 115.398376
v 8.790732 -115.022110 88.400116
v 24.926878 -118.132629 99.065880
v 10.654669 -117.019691 95.940948
v 27.252590 -55.790253 32.226688
v 22.044144 -65.501930 31.475080
v 18.943068 -55.396709 36.555595
v -25.628691 19.016024 145.665848
v -23.919796 11.842360 158.961823
v -17.924818 10.124386 154.966522
v -78.635284 -12.605502 145.911804
v -72.748993 -5.333713 149.072861
v -79.294029 4.421309 135.688354
v 20.200249 -16.999006 78.661240
v 7.291667 -12.413393 78.270782
v 20.405933 -16.626253 72.941246
v 38.133472 -69.184662 66.478050
v 23.009937 -79.671730 58.151859
v 7.264646 -73.952293 57.604591
v -57.382740 23.099039 127.948364
v -55.574829 25.401615 116.672699
v -67.007629 26.042265 111.044548
v 75.025162 -35.598225 149.856461
v 74.390602 -45.231133 151.373199
v 84.714417 -37.599659 147.359772
v 49.378017 -40.179173 80.728355
v 58.379959 -37.773445 75.351791
v 45.953243 -18.453625 81.745583
v 20.745453 -76.744179 35.280251
v 27.003052 -90.230515 36.357746
v 26.113266 -89.328140 42.935432
v 18.759727 -27.499378 176.336670
v 21.708805 -23.644405 179.386841
v 8.397730 -19.629520 171.540329
v 18.227144 -30.351864 156.536835
v 18.759727 -27.499378 176.336670
v 12.660425 -31.272152 178.237656
v -13.841367 -35.153755 63.625755
v -17.642191 -43.037205 59.687477
v -8.900523 -37.208412 55.621662
v -54.249706 0.295722 63.866611
v -51.853653 -6.217955 66.297142
v -55.367184 11.778671 75.496674
v 53.714146 -29.491104 139.723541
v 84.473709 -30.485697 136.010361
v 61.197674 -29.155724 145.616196
v 78.905701 33.432884 112.027275
v 80.505753 28.546171 110.284653
v 75.997681 38.836727 100.985428
v -20.449455 -33.050056 131.396179
v -25.042625 -32.946266 117.157631
v -18.152950 -32.998241 121.760513
v -55.373077 -35.898949 109.260811
v -49.242847 -34.258873 121.428169
v -46.915195 -34.900635 114.837646
v 52.758839 -102.221191 141.230164
v 34.771748 -102.576988 137.002716
v 48.580643 -101.899994 132.708939
v 50.589054 -3.040034 75.207741
v 61.871056 -6.244142 72.953964
v 65.131020 -21.519646 76.016579
v -76.366684 -27.238771 151.669144
v -56.534565 -30.613588 141.450699
v -68.908386 -27.950069 152.423080
v -67.007629 -90.363525 111.044548
v -57.382740 -87.420303 127.948364
v -73.942719 -83.837067 120.682693
v -58.524376 -43.667877 161.854279
v -37.892857 -58.253540 169.272614
v -50.262150 -43.607288 170.543945
v 16.976171 42.304871 60.320919
v 21.294868 38.497108 68.196701
v 35.218201 39.400627 59.945370
v 28.707844 -23.545382 102.896736
v 29.840471 -26.525024 98.370438
v 28.697481 -33.017998 98.783005
v 34.891708 -34.272606 109.156784
v 32.444916 -24.768276 113.405067
v 29.728193 -22.752569 98.415085
v 108.898468 -12.951803 105.972794
v 111.871010 -18.957237 83.758774
v 106.068642 -7.794474 104.603050
v 5.985200 -48.706543 63.611645
v 15.330698 -47.899677 68.706009
v 3.432191 -51.688393 79.363754
v 24.762352 -33.062363 108.231010
v 42.295319 -33.166153 115.398376
v 23.495979 -33.084705 112.663391
v -58.436157 -25.810122 123.209030
v -49.242847 -30.062393 121.428169
v -51.937588 -26.692194 138.025528
v 30.710608 -20.742014 68.188423
v 39.607662 -21.939047 81.218018
v 25.944435 -13.992734 74.262917
v 42.453537 1.029668 165.835022
v 37.979736 -10.949648 165.602158
v 49.324764 -12.654477 167.640335
v -36.447441 -64.111832 69.310265
v -66.269760 -73.753990 86.228241
v -64.846802 -63.531162 87.818932
v 38.133472 4.863400 66.478050
v 35.587566 13.606134 65.589294
v 54.016174 8.950567 63.025806
v 101.185677 -64.393509 65.736130
v 99.987465 -60.814606 73.125710
v 93.144211 -66.034073 66.815948
v -78.083405 -33.577179 128.274826
v -78.133774 -37.928532 113.395546
v -86.631844 -33.480381 107.477684
v -23.478674 -89.823502 143.145218
v -15.782459 -107.945473 118.673561
v -5.520492 -108.469284 121.754913
v 23.495979 -31.236559 112.663391
v 22.395737 -37.131721 110.212418
v 17.312113 -37.235512 114.857399
v 9.576650 -106.265579 134.482574
v -5.520492 -108.469284 121.754913
v 12.122243 -111.779312 118.380035
v 74.595810 -96.583885 74.700325
v 77.764977 -98.369888 90.298363
v 59.966972 -102.917572 69.024597
v 68.992889 -98.862465 94.398308
v 62.961422 -102.738152 81.423691
v 77.764977 -98.369888 90.298363
v 10.006729 -33.591614 111.717575
v 2.120872 -34.860268 131.836304
v 27.889088 -34.893467 95.524513
v -24.379444 -46.932423 64.612358
v -14.724766 -41.230289 77.271675
v -18.464617 -50.485962 58.455959
v -1.757187 -19.302937 65.775314
v 3.706789 -29.240606 78.524658
v -4.217681 -30.102255 78.262962
v 26.735016 -28.303873 105.565002
v 28.707844 -23.545382 102.896736
v 26.100779 -33.027874 101.849113
v -23.516333 -31.937407 63.878185
v -13.841367 -35.153755 63.625755
v -13.946505 -20.653374 62.450562
v -17.285221 -91.769272 98.708305
v -8.412539 -83.239830 104.385925
v -7.597995 -102.870850 101.851593
v 74.501022 -28.799212 155.222656
v 63.402645 -20.164438 166.184082
v 50.650898 -28.391552 169.201736
v 42.608093 -74.560860 105.035736
v 48.579899 -70.458557 94.822861
v 45.839485 -70.750580 84.145920
v 10.078738 16.978029 94.756004
v 20.662796 12.844786 72.816284
v 32.476059 14.474019 103.319740
v -48.113686 -29.664356 77.656334
v -44.257763 -30.833055 87.382263
v -73.564651 -29.150452 87.565109
v -92.251205 -72.080933 94.202240
v -85.962700 -77.895737 97.280190
v -94.275513 -73.364952 104.169708
v -45.381405 -4.460287 165.516037
v -72.748993 -5.333713 149.072861
v -65.929077 -8.805675 157.060440
v 6.885769 -95.992340 145.195221
v -7.587675 -89.464523 139.484253
v -5.520492 -108.469284 121.754913
v -53.721039 29.174444 77.626511
v -49.537155 22.913172 65.180496
v -55.073784 19.862494 69.914993
v -44.785995 -29.454115 170.413605
v -35.391933 -21.393137 174.623398
v -50.262150 -20.713976 170.543945
v -41.646496 -32.901901 119.346619
v -31.081089 -32.812843 98.777985
v -35.903374 -32.953712 124.579536
v -25.628691 -83.337288 145.665848
v -34.342205 -88.708984 142.741119
v -26.521597 -88.328461 132.290100
v -21.699202 -66.823494 157.687607
v -14.641374 -61.911549 171.803925
v -19.398119 -58.563408 166.088501
v 63.474667 -104.762459 116.747963
v 51.525753 -114.987854 101.151581
v 63.579071 -103.415100 110.474167
v 57.922314 2.752162 158.086761
v 35.111946 15.316885 162.848053
v 42.453537 1.029668 165.835022
v 68.187775 -92.778824 68.823814
v 76.860832 -92.044472 64.295364
v 74.595810 -96.583885 74.700325
v 57.497360 -11.091337 28.280764
v 66.561081 -8.336526 24.966372
v 66.399719 -23.879808 36.149517
v 26.443830 -58.781925 85.124619
v 19.969231 -71.972656 87.085739
v 12.178561 -58.514896 85.126129
v 28.868509 -16.009445 92.014557
v 17.699648 -24.240290 93.350464
v 22.732218 -12.322733 83.137352
v -26.916132 -77.857376 99.290962
v -41.331627 -60.259529 106.388779
v -38.048481 -65.843254 91.369347
v -71.009361 14.099762 86.863350
v -81.688019 19.838268 95.425781
v -67.735466 25.261820 100.145424
v 35.327694 -3.582400 116.255791
v 25.239500 0.951794 123.530045
v 2.241488 -6.005267 130.475220
v -33.448837 -32.768478 92.902740
v -33.679897 -29.087076 92.779198
v -27.991989 -29.062304 92.875534
v 91.203056 -79.579323 64.143967
v 93.144211 -66.034073 66.815948
v 97.337067 -73.750023 71.427856
v -91.250549 -6.058233 131.651627
v -89.080490 -3.094034 126.754372
v -92.678268 -4.891136 112.883392
v 46.696106 -30.980999 147.342194
v 50.650898 -28.391552 169.201736
v 44.806538 -29.734324 170.967819
v -62.313732 -50.654522 80.735786
v -42.857334 -54.563259 73.414497
v -36.447441 -64.111832 69.310265
v 96.970039 -76.925453 90.179039
v 93.253609 -75.710510 86.343399
v 97.337067 -73.750023 71.427856
v -25.060337 -11.011032 68.890388
v -23.526827 -11.686283 78.374657
v -24.358231 -27.264162 86.058861
v 21.185349 44.144840 69.950287
v 51.442738 43.261818 71.496681
v 21.294868 38.497108 68.196701
v -80.197990 -73.733727 129.673157
v -73.942719 -83.837067 120.682693
v -75.165314 -69.161865 130.685211
v 28.988821 -14.945000 24.983021
v 38.957245 -21.016487 14.054545
v 26.143465 -23.663881 13.944988
v -4.081824 -40.832718 136.463608
v -20.082294 -36.272972 136.990738
v 7.526095 -36.946278 139.269089
v -29.275038 -32.998241 128.070679
v -29.394697 -32.904327 112.762161
v -20.449455 -33.050056 131.396179
v 32.476059 -78.795280 103.319740
v 25.011822 -79.310226 112.434982
v 42.608093 -74.560860 105.035736
v 27.234861 -33.193356 128.287979
v 14.864699 -33.097012 119.549179
v 19.559393 -33.092155 115.959267
v 1.036221 -57.483482 61.249237
v -3.304064 -49.616161 67.477905
v 20.405933 -47.695011 72.941246
v -36.447441 -0.209430 69.310265
v -25.060337 -11.011032 68.890388
v -42.857334 -9.758006 73.414497
v 76.860832 -92.044472 64.295364
v 82.744026 -77.480637 53.823620
v 91.203056 -79.579323 64.143967
v 52.758839 -102.221191 141.230164
v 48.580643 -101.899994 132.708939
v 53.692669 -93.141441 139.107193
v 23.709667 -17.403923 105.399673
v 25.471106 -7.582091 110.381668
v 10.266513 -29.959452 110.743973
v 33.566216 -7.903631 89.014442
v 33.392841 -15.698440 90.765327
v 29.840471 -26.525024 98.370438
v 38.957245 -21.016487 14.054545
v 38.225986 -16.940760 7.541865
v 26.143465 -23.663881 13.944988
v 25.414751 9.420490 91.127823
v 15.425893 9.584184 86.248222
v 13.408947 23.484716 82.745102
v 50.589054 -3.040034 75.207741
v 26.546675 -3.161200 72.884438
v 45.123890 1.953712 71.580025
v -15.287656 45.519825 84.036026
v -41.353024 36.466175 81.427795
v -9.430904 46.278572 93.805069
v 51.525753 50.666588 101.151581
v 32.615406 52.686058 91.232201
v 34.252079 50.903114 103.251434
v 1.377149 -62.735962 167.648788
v 6.615566 -51.592175 175.466995
v 2.075731 -48.979267 167.103409
v -24.221903 -15.989732 68.818832
v -14.085789 -20.627956 77.147247
v -15.862438 -29.691360 69.859650
v -89.091293 -37.120033 90.117630
v -91.443756 -37.481270 83.597473
v -93.054123 -47.366650 87.820465
v 57.497360 -11.091337 28.280764
v 52.055813 -17.120321 23.046904
v 46.034134 -4.573528 23.088844
v 26.443914 -1.498741 85.124634
v 15.425893 9.584184 86.248222
v 25.414751 9.420490 91.127823
v 61.643639 -67.579071 98.573380
v 45.290905 -64.227829 86.151619
v 45.839485 -70.750580 84.145920
v -18.464617 -13.835302 58.455959
v -14.724766 -23.090977 77.271675
v -24.379444 -17.388842 64.612358
v -45.490925 -56.183483 69.751289
v -40.475494 -49.568844 64.879448
v -51.853653 -58.103310 66.297142
v -0.241139 -67.678108 77.256897
v 30.735689 -67.833344 83.768158
v 11.554228 -63.082539 79.606506
v -23.925396 -29.653397 138.376053
v -49.242847 -30.062393 121.428169
v -43.397007 -28.380461 120.228600
v 7.594957 -79.071770 97.896713
v -17.680632 -76.823402 93.088043
v 14.006564 -85.132408 89.439232
v 105.957916 -3.280417 78.299850
v 99.987465 -3.506660 73.125710
v 93.144211 1.712808 66.815948
v 58.379959 -37.773445 75.351791
v 65.830818 -48.820557 66.506882
v 75.291039 -47.644405 61.557739
v 29.756325 -102.449448 143.206161
v 34.771748 -102.576988 137.002716
v 52.758839 -102.221191 141.230164
v 16.976171 42.304871 60.320919
v 5.616270 28.198509 52.360928
v -16.158897 26.647814 50.324059
v 61.871056 -58.077122 72.953964
v 78.952621 -42.575493 65.440666
v 65.725273 -61.612377 66.936272
v -62.113045 19.918102 82.327805
v -68.399529 25.147856 88.083649
v -45.717766 19.277540 79.027397
v 75.291039 -47.644405 61.557739
v 42.676476 -77.535545 56.994591
v 60.547649 -81.802292 55.893429
v 93.804710 -68.196655 120.483841
v 95.564354 -58.094776 126.146675
v 89.362801 -54.318893 130.712799
v -26.282986 -67.712723 166.079834
v -43.990032 -62.342373 157.702194
v -21.699202 -66.823494 157.687607
v 68.914383 -45.964615 26.547880
v 75.899345 -42.515057 29.920076
v 71.724846 -62.517647 26.945251
v 7.827678 -31.157541 134.168243
v 9.907696 -31.224253 122.039665
v -2.806384 -31.246435 125.525795
v 2.241488 -6.005267 130.475220
v 4.249526 -12.177052 126.331718
v 35.327694 -3.582400 116.255791
v 54.333015 -42.720238 90.167168
v 32.138210 -46.192917 77.277298
v 42.392632 -37.576355 97.265984
v 95.564354 -6.226487 126.146675
v 100.412140 -24.764471 123.929367
v 101.358276 -15.618003 118.555855
v -45.490925 -56.183483 69.751289
v -55.367184 -76.099937 75.496674
v -48.607296 -81.937393 80.153481
v -20.753958 -59.552444 131.844696
v 4.630093 -63.953194 133.627441
v -24.712860 -75.558357 114.051064
v -52.231861 -14.624287 108.685310
v -54.749306 -3.444805 109.069397
v -40.911434 -13.244411 122.931763
v 2.241488 -6.005267 130.475220
v -27.607792 -12.338767 124.798538
v 4.249526 -12.177052 126.331718
v 18.086536 -67.562263 130.098572
v 35.942425 -59.516190 120.039688
v 30.531641 -70.979805 121.163094
v -1.837848 -39.858192 65.599106
v -4.217681 -30.102255 78.262962
v 5.698658 -35.789352 69.637741
v 52.156441 -39.842625 23.597895
v 57.463089 -47.482792 27.886436
v 41.012722 -49.771305 22.092939
v -16.402157 -32.301998 98.581879
v -4.150558 -27.449392 106.457993
v -3.216685 -34.444164 105.718117
v -38.048481 -65.843254 91.369347
v -41.331627 -60.259529 106.388779
v -46.361275 -49.931274 107.057793
v 35.218201 -103.721893 59.945370
v 34.564156 -87.033447 54.549633
v 42.809772 -97.030205 54.710178
v 35.218201 -103.721893 59.945370
v 21.294868 -102.818375 68.196701
v 16.976171 -106.626137 60.320919
v 47.997345 -111.541122 82.040268
v 31.277229 -111.337799 77.420113
v 51.442738 -107.583084 71.496681
v 49.378017 -40.179173 80.728355
v 41.673500 -38.800068 82.440964
v 37.658066 -57.099152 66.780891
v -15.418022 -5.629570 50.583248
v -14.648344 1.520547 48.713089
v 7.264646 9.631026 57.604591
v 105.247444 -38.370445 63.665543
v 105.703552 -55.109573 61.651924
v 100.930847 -36.145630 52.294235
v -32.525978 2.091453 72.232887
v -25.003910 -4.546461 75.609802
v -26.463978 5.658744 75.770523
v -43.815517 -77.360970 94.161537
v -41.212818 -80.093872 92.731476
v -38.031040 -76.637939 77.664955
v -58.524376 -43.667877 161.854279
v -56.820145 -49.402126 165.864105
v -37.892857 -58.253540 169.272614
v 12.880909 -82.024734 159.225128
v 20.472441 -85.004494 154.508072
v 20.593094 -78.438080 154.022034
v -62.313732 -50.654522 80.735786
v -64.846802 -63.531162 87.818932
v -78.292404 -52.583652 84.365311
v 36.079208 -28.535933 27.853050
v 20.706755 -30.139553 68.226051
v 33.665264 -40.905903 35.417393
v 30.791456 -37.432148 63.493019
v 27.041182 -43.157726 75.026955
v 34.855560 -34.435474 73.221375
v -74.688240 -32.762955 69.321365
v -73.483498 -41.171665 69.557610
v -88.462311 -46.038837 78.124298
v -18.152950 -31.323023 121.760513
v -17.508026 -34.376823 121.029129
v -23.885548 -34.371967 116.544769
v -11.623983 17.264864 158.199677
v -21.699202 2.502227 157.687607
v -14.641374 -2.409714 171.803925
v -20.449455 -31.271210 131.396179
v -18.152950 -31.323023 121.760513
v -25.042625 -31.375000 117.157631
v 19.866850 -66.034821 67.941948
v 26.546675 -61.160065 72.884438
v 7.264646 -73.952293 57.604591
v 84.714417 -26.721607 147.359772
v 72.099525 -5.577312 151.359283
v 74.390602 -19.090130 151.373199
v 91.435051 -26.112156 127.059021
v 78.102562 -31.611877 112.978653
v 100.412140 -24.764471 123.929367
v -18.464617 -13.835302 58.455959
v -3.304064 -14.705105 67.477905
v -14.724766 -23.090977 77.271675
v 11.554228 -1.238726 79.606506
v 20.395620 -5.015132 80.948090
v 31.033566 -1.424504 91.677521
v -6.688582 -22.069929 111.375229
v 1.182070 -16.756254 115.860863
v -15.270441 -20.051805 106.800087
v -19.398119 -5.757857 166.088501
v -6.422065 -13.370388 176.794693
v -14.641374 -2.409714 171.803925
v 106.542145 -43.435925 111.777397
v 108.898468 -51.369461 105.972794
v 100.144173 -34.180550 99.380814
v 93.804710 3.875391 120.483841
v 95.233681 11.950066 111.521614
v 87.358154 10.890089 120.371750
v 20.405933 -47.695011 72.941246
v 1.724114 -48.164749 78.146378
v 7.291667 -51.907871 78.270782
v 27.572248 -54.050636 66.289307
v 17.263367 -47.852165 65.714233
v 19.454563 -66.822327 57.604008
v 27.463280 31.482172 108.696297
v 18.126854 34.355652 106.999878
v 30.646671 44.575466 116.358788
v 44.065456 -6.640262 109.329300
v 53.434189 -2.674850 96.151985
v 30.684944 -11.738598 106.080925
v -23.457218 -30.217295 100.358093
v -23.904976 -38.427437 94.369980
v -15.441916 -40.162842 106.423409
v 51.442738 43.261818 71.496681
v 21.185349 44.144840 69.950287
v 31.277229 47.016537 77.420113
v 34.355919 -24.397726 94.113411
v 39.776497 -24.909069 94.182549
v 36.163914 -28.570715 95.136253
v 20.395620 -5.015132 80.948090
v 33.566216 -7.903631 89.014442
v 31.033566 -1.424504 91.677521
v -8.900523 -37.208412 55.621662
v -17.642191 -43.037205 59.687477
v -20.226580 -38.899555 52.069569
v 36.163914 -35.750549 95.136253
v 38.737946 -35.350285 95.202965
v 39.776497 -39.412197 94.182549
v -101.686760 -13.548488 110.655014
v -91.250549 -6.058233 131.651627
v -92.678268 -4.891136 112.883392
v 78.855919 9.700418 136.670776
v 77.286858 27.617388 123.546844
v 73.496002 13.405416 141.423981
v 74.097328 29.145729 97.192825
v 82.618111 21.923950 85.760361
v 77.764977 34.048626 90.298363
v 45.407001 47.164520 129.767303
v 30.646671 44.575466 116.358788
v 25.901516 46.611279 128.508240
v 15.158909 -28.486376 84.472343
v 19.278139 -30.139553 72.062569
v 20.706755 -30.139553 68.226051
v -63.206783 -78.409378 137.220306
v -49.511925 -84.033661 136.510254
v -52.654682 -77.589172 147.337692
v -94.535583 -27.889345 112.123680
v -101.686760 -13.548488 110.655014
v -98.090836 -15.070435 104.268494
v -5.954401 32.782749 100.031601
v 10.688363 41.338406 107.411156
v 3.081453 51.252174 103.649857
v 3.001555 -48.736023 51.933006
v 18.724709 -49.921391 58.502216
v 5.985200 -48.706543 63.611645
v -82.502602 10.520854 106.565140
v -78.045311 19.533449 111.527824
v -85.962700 13.574472 97.280190
v 17.063072 -110.571022 84.454346
v 8.790732 -115.022110 88.400116
v 2.000780 -108.023102 80.368980
v 21.185349 44.144840 69.950287
v 21.294868 38.497108 68.196701
v 5.475913 43.170143 63.377739
v -30.088724 -102.728874 109.338882
v -36.041801 -98.673538 122.013802
v -31.919104 -96.923706 103.560051
v -3.562112 35.437160 104.477562
v -8.412539 18.918564 104.385925
v -7.597995 38.549587 101.851593
v 12.122243 -111.779312 118.380035
v 16.337702 -109.364769 130.641785
v 12.267042 -94.182243 140.308685
v -25.628691 -83.337288 145.665848
v -23.919796 -76.163628 158.961823
v -52.872417 -67.556862 157.064896
v 22.352339 8.776274 162.959045
v 18.089005 4.049920 169.383804
v 25.619675 -3.363842 167.024231
v 53.692669 -93.141441 139.107193
v 40.549126 -94.025169 151.624115
v 52.758839 -102.221191 141.230164
v 0.507316 -44.823692 180.154373
v 12.660425 -33.049114 178.237656
v -1.689815 -38.507046 179.583832
v 12.137462 -73.157211 118.508598
v 32.758808 -68.777351 117.287086
v 13.460897 -61.807598 128.195068
v 19.278139 -30.139553 72.062569
v 10.298379 -34.743252 89.293404
v 24.447872 -33.258720 62.170750
v 20.467009 -52.850658 175.109131
v 21.708805 -40.676861 179.386841
v 8.397730 -44.691746 171.540329
v -26.463978 -69.980011 75.770523
v -38.866940 -79.471786 80.369263
v -28.724257 -80.304497 75.554832
v -49.593819 7.660925 55.713997
v -33.104645 12.023693 52.124710
v -34.938427 8.865462 47.829174
v 19.559393 -31.229109 115.959267
v 13.502470 -33.811077 118.889519
v 14.864699 -31.224253 119.549179
v 7.686195 -79.961258 112.468903
v 18.205996 -81.324585 108.092560
v 18.126854 -98.676918 106.999878
v -28.724257 15.983228 75.554832
v -17.141878 17.493961 83.712486
v -38.866940 15.150522 80.369263
v 91.203056 15.258055 64.143967
v 82.744026 13.159372 53.823620
v 76.860832 27.723209 64.295364
v 36.977333 -41.611721 42.634121
v 43.960247 -38.642731 27.271940
v 31.609743 -50.412064 26.232695
v 38.626217 -39.456261 14.250034
v 28.986692 -45.335789 24.983681
v 26.231050 -36.790783 14.084588
v 13.655263 -24.656544 109.267906
v 29.728193 -22.752569 98.415085
v 0.938996 -23.943804 132.975815
v -34.164658 37.231384 94.426552
v -53.721039 29.174444 77.626511
v -34.604511 32.523884 97.065277
v 21.294868 38.497108 68.196701
v -2.434801 34.005028 62.896805
v 5.475913 43.170143 63.377739
v -30.637081 8.350807 76.331757
v -48.014786 -2.091108 86.867455
v -44.761753 -14.418029 86.925552
v 26.095896 43.795784 85.694283
v 32.615406 52.686058 91.232201
v 39.629158 45.512810 84.559052
v -80.117355 -25.831921 87.686493
v -89.091293 -27.201231 90.117630
v -74.688240 -31.558310 69.321365
v 9.137363 -32.325695 165.287811
v -11.045048 -33.149830 158.714569
v -2.401741 -31.950844 177.761414
v 42.392632 -37.576355 97.265984
v 44.552475 -40.022308 116.670898
v 54.462234 -34.633766 109.322319
v -86.631844 -30.840885 107.477684
v -78.083405 -30.744085 128.274826
v -86.795593 -31.188963 124.881493
v 12.178561 -58.514896 85.126129
v 4.626835 -62.003139 86.749809
v 0.050457 -56.270222 83.654770
v -23.061541 -31.384552 104.169586
v -16.897678 -33.296288 111.901161
v -23.651251 -27.745735 104.473022
v -3.562112 35.437160 104.477562
v -9.605888 45.339520 113.309967
v -0.435680 41.414753 106.539543
v -8.209353 -98.802628 60.527325
v 16.976171 -106.626137 60.320919
v -2.434801 -98.326294 62.896805
v 93.144211 -66.034073 66.815948
v 99.987465 -60.814606 73.125710
v 105.957916 -61.040848 78.299850
v -66.858231 -33.738529 118.992950
v -67.406410 -33.564251 103.265625
v -78.133774 -37.928532 113.395546
v -88.462311 -18.282429 78.124298
v -74.688240 -31.558310 69.321365
v -91.443756 -26.839996 83.597473
v 5.616270 -92.519775 52.360928
v 9.486017 -84.160027 59.202431
v 19.059536 -83.267746 59.322842
v 71.670601 -78.860489 54.442566
v 47.087864 -81.377357 62.973053
v 67.548584 -71.790298 64.677292
v -66.858231 -33.738529 118.992950
v -55.373077 -35.898949 109.260811
v -44.257763 -33.488209 87.382263
v 10.785492 25.522402 106.504715
v 10.078738 16.978029 94.756004
v 32.476059 14.474019 103.319740
v 0.283292 -81.164856 101.705063
v 10.078738 -81.299294 94.756004
v -20.812361 -86.578934 89.217644
v 20.147566 -30.208353 89.972092
v 23.178089 -46.281860 83.268150
v 28.687624 -35.287308 79.213417
v -90.386322 -20.511915 134.727188
v -87.016800 -29.326954 137.768738
v -85.126625 -17.249771 145.241058
v -96.714043 -10.605494 92.247696
v -92.326958 -29.777153 94.348938
v -98.975281 -20.000877 98.927490
v 18.086536 -67.562263 130.098572
v 30.531641 -70.979805 121.163094
v 25.011822 -79.310226 112.434982
v 37.348656 -28.887556 138.014099
v 45.077251 -22.417046 140.658020
v 32.577972 -24.011353 146.285782
v 43.960247 -38.642731 27.271940
v 36.977333 -41.611721 42.634121
v 41.677769 -35.401741 35.988575
v 74.426720 -30.076834 94.381851
v 62.370323 -28.744602 115.365662
v 54.462234 -29.687500 109.322319
v 74.501022 -28.799212 155.222656
v 75.025162 -28.723038 149.856461
v 74.390602 -19.090130 151.373199
v -20.235580 -30.067137 80.270821
v -24.206657 -44.304207 68.924866
v -13.789207 -39.741646 76.922859
v 27.463280 -95.803436 108.696297
v 30.646671 -108.896729 116.358788
v 18.126854 -98.676918 106.999878
v 10.654669 -117.019691 95.940948
v 24.926878 -118.132629 99.065880
v 3.081453 -115.573441 103.649857
v 29.756325 -102.449448 143.206161
v 25.901516 -110.932541 128.508240
v 34.771748 -102.576988 137.002716
v -15.418022 -5.629570 50.583248
v -28.310583 -4.310206 45.495686
v -14.648344 1.520547 48.713089
v -27.991989 -35.258961 92.875534
v -48.113686 -34.656910 77.656334
v -44.257763 -33.488209 87.382263
v 54.462234 -29.687500 109.322319
v 44.552475 -24.298956 116.670898
v 42.392632 -26.744911 97.265984
v 27.234861 -33.193356 128.287979
v 18.581884 -33.181049 131.173874
v 14.864699 -33.097012 119.549179
v 31.277229 -111.337799 77.420113
v 21.185349 -108.466110 69.950287
v 51.442738 -107.583084 71.496681
v 20.662796 -77.166054 72.816284
v 30.735689 -67.833344 83.768158
v -0.241139 -67.678108 77.256897
v 12.119298 -1.738382 85.152435
v 26.443914 -1.498741 85.124634
v 22.732218 -12.322733 83.137352
v -12.645309 -22.784500 50.655590
v -24.919861 -25.060762 56.547813
v -17.647711 -16.377264 57.414982
v 62.370323 -35.576664 115.365662
v 73.929443 -35.809517 114.690544
v 70.607536 -37.522205 109.699394
v 59.101681 -104.485466 128.000763
v 48.580643 -101.899994 132.708939
v 51.201324 -103.860603 121.875755
v 30.807201 -18.234865 46.270329
v 26.097792 -18.400579 67.524818
v 23.992702 -28.517927 66.132309
v 41.673599 44.560951 134.222198
v 48.580643 37.578728 132.708939
v 45.407001 47.164520 129.767303
v 28.868509 -16.009445 92.014557
v 22.732218 -12.322733 83.137352
v 26.443914 -1.498741 85.124634
v 63.844814 23.049591 55.849056
v 76.175911 21.037836 53.022129
v 61.323620 35.689938 50.636131
v -53.721039 -93.495712 77.626511
v -55.367184 -76.099937 75.496674
v -55.073784 -84.183762 69.914993
v -93.182190 -70.621338 117.166359
v -92.678268 -59.430130 112.883392
v -90.197212 -72.274040 109.421066
v -31.912134 -66.048363 106.680969
v -21.845947 -68.580261 109.623337
v -13.360437 -64.396378 121.434944
v 18.089005 -68.371185 169.383804
v 1.377149 -62.735962 167.648788
v 3.810758 -68.018959 160.953400
v -23.919796 -76.163628 158.961823
v -21.699202 -66.823494 157.687607
v -43.990032 -62.342373 157.702194
v -4.770561 -33.640800 85.149734
v -17.153421 -30.139553 75.734741
v -8.170826 -34.640709 96.002388
v 43.960247 -38.642731 27.271940
v 41.012722 -49.771305 22.092939
v 31.609743 -50.412064 26.232695
v -31.406893 -89.770149 54.942970
v -30.873604 -97.228699 72.729744
v -40.292271 -85.808365 53.614803
v 25.374077 -111.995186 108.255760
v 3.081453 -115.573441 103.649857
v 24.926878 -118.132629 99.065880
v -14.641374 -2.409714 171.803925
v -3.100841 5.092312 165.624268
v -11.623983 17.264864 158.199677
v 43.423897 -35.587498 116.035851
v 44.552475 -40.022308 116.670898
v 44.154964 -35.004425 112.426178
v 42.608093 10.239594 105.035736
v 44.614799 1.971371 109.591652
v 30.531641 6.658536 121.163094
v 25.619675 -60.957424 167.024231
v 20.467009 -52.850658 175.109131
v 18.089005 -68.371185 169.383804
v -14.799599 -30.670811 61.401791
v -14.841211 -30.670811 64.885002
v -15.871344 -30.662554 68.366432
v 43.611946 -35.786518 2.499416
v 42.726349 -18.798475 0.830270
v 38.957245 -21.016487 14.054545
v 68.187775 28.457561 68.823814
v 76.860832 27.723209 64.295364
v 82.744026 13.159372 53.823620
v 28.806311 -63.059372 97.655777
v 25.174526 -52.195217 110.363785
v 38.904346 -63.419434 111.007652
v 19.059536 -83.267746 59.322842
v 34.564156 -87.033447 54.549633
v 18.902847 -97.373489 53.482342
v 43.850182 -104.226280 68.616447
v 51.442738 -107.583084 71.496681
v 21.294868 -102.818375 68.196701
v -17.924818 -74.445648 154.966522
v -25.628691 -83.337288 145.665848
v -23.478674 -89.823502 143.145218
v 101.949333 -59.455528 97.540039
v 111.871010 -45.364029 83.758774
v 106.068642 -56.526791 104.603050
v 84.588280 -93.273460 91.218498
v 89.549614 -90.457039 101.549126
v 80.505753 -92.867439 110.284653
v -72.748993 -5.333713 149.072861
v -45.381405 -4.460287 165.516037
v -56.163010 -1.578485 153.687119
v 45.077251 -22.417046 140.658020
v 53.714146 -29.491104 139.723541
v 61.197674 -29.155724 145.616196
v 61.197674 -35.165539 145.616196
v 53.714146 -34.830162 139.723541
v 45.077251 -41.904221 140.658020
v -25.060337 -53.310234 68.890388
v -42.857334 -54.563259 73.414497
v -33.287613 -47.243752 69.201233
v -4.344840 -46.509510 79.796837
v 0.050457 -56.270222 83.654770
v -13.789207 -39.741646 76.922859
v -85.126625 -17.249771 145.241058
v -91.250549 -6.058233 131.651627
v -94.716110 -13.437249 132.811050
v -58.524376 -43.667877 161.854279
v -70.556862 -48.954250 158.073822
v -65.929077 -55.515591 157.060440
v -44.454678 4.223985 114.944267
v -52.900398 4.542668 95.562714
v -43.815517 13.039706 94.161537
v 100.144173 -30.140715 99.380814
v 106.542145 -20.885342 111.777397
v 100.620186 -29.874327 105.221046
v 35.942425 -4.805074 120.039688
v 44.065456 -6.640262 109.329300
v 23.204109 -18.105778 116.904793
v 68.187775 -92.778824 68.823814
v 61.908051 -96.239792 65.997429
v 75.651581 -86.014198 53.888870
v -73.483498 -23.149599 69.557610
v -62.313732 -13.666743 80.735786
v -53.187492 -18.414984 71.561813
v 23.709667 -17.403923 105.399673
v 11.467428 -26.410095 103.927528
v 28.868509 -16.009445 92.014557
v 19.278139 -30.139553 72.062569
v 15.158909 -28.486376 84.472343
v 14.991968 -30.139553 80.531120
v 13.650381 -39.744560 32.522537
v 26.231050 -36.790783 14.084588
v 19.815350 -43.837799 25.728235
v 3.706789 -29.240606 78.524658
v 5.698658 -35.789352 69.637741
v -4.217681 -30.102255 78.262962
v -42.599716 -34.799271 94.679161
v -42.799042 -31.570112 95.197945
v -33.679897 -35.234188 92.779198
v -23.478674 25.502239 143.145218
v -15.782459 43.624210 118.673561
v -26.521597 24.007193 132.290100
v 45.836681 -78.516464 154.178421
v 54.142101 -91.227966 148.644455
v 54.705647 -81.899315 152.730438
v 35.218201 39.400627 59.945370
v 56.430321 34.128769 60.234650
v 42.809772 32.708935 54.710178
v 3.810758 3.697693 160.953400
v 5.158086 15.690725 157.253586
v 1.074094 13.203470 152.509628
v 21.294868 38.497108 68.196701
v 51.442738 43.261818 71.496681
v 43.850182 39.905018 68.616447
v 36.977333 -41.611721 42.634121
v 28.207891 -46.739822 36.757244
v 32.377289 -41.376663 45.758720
v 78.905701 33.432884 112.027275
v 70.168716 32.378521 130.632629
v 77.286858 27.617388 123.546844
v 10.258285 12.546812 118.445908
v 5.605472 18.079910 111.104309
v -10.790077 15.165689 111.142853
v 51.525753 -114.987854 101.151581
v 34.252079 -115.224380 103.251434
v 32.615406 -117.007324 91.232201
v -17.945856 -30.139553 77.498207
v -14.289305 -27.556129 97.862030
v -17.263689 -30.139553 79.972984
v 61.871056 -6.244142 72.953964
v 50.589054 -3.040034 75.207741
v 45.123890 1.953712 71.580025
v -18.562792 -25.425396 154.583481
v 3.403244 -24.596151 153.246399
v -11.045048 -31.171436 158.714569
v 38.764053 -82.544861 158.071716
v 45.836681 -78.516464 154.178421
v 35.111946 -79.638153 162.848053
v 65.131020 -21.519646 76.016579
v 78.952621 -21.745773 65.440666
v 91.975403 -31.784746 57.628925
v -79.294029 -68.742577 135.688354
v -89.080490 -61.227230 126.754372
v -75.165314 -69.161865 130.685211
v -44.785995 -34.867149 170.413605
v -68.908386 -36.371197 152.423080
v -63.884098 -40.936268 163.717224
v 6.216459 -39.563911 37.767548
v 19.621895 -50.583115 38.633087
v 10.129068 -54.090668 49.223412
v -45.717766 -83.598808 79.027397
v -45.017490 -92.278290 88.806450
v -68.399529 -89.469124 88.083649
v 62.370323 -28.744602 115.365662
v 74.426720 -30.076834 94.381851
v 70.607536 -26.799061 109.699394
v -16.314030 -26.574297 123.010155
v -31.601822 -28.845007 99.002892
v -35.408283 -25.174805 118.077782
v -21.718304 43.156410 107.574867
v -15.782459 43.624210 118.673561
v -9.605888 45.339520 113.309967
v -14.641374 -61.911549 171.803925
v -3.100841 -69.413574 165.624268
v -6.422065 -50.950878 176.794693
v -92.326958 -29.777153 94.348938
v -89.091293 -27.201231 90.117630
v -80.117355 -25.831921 87.686493
v -24.712860 -75.558357 114.051064
v 4.630093 -63.953194 133.627441
v -5.666375 -76.302299 116.523994
v 93.804710 3.875391 120.483841
v 87.358154 10.890089 120.371750
v 78.855919 9.700418 136.670776
v -86.795593 -31.188963 124.881493
v -90.386322 -20.511915 134.727188
v -99.119576 -21.367245 118.164665
v -1.757187 -19.302937 65.775314
v -2.860444 -10.502879 80.371040
v 6.557771 -11.513785 66.039169
v 20.698444 -62.580925 41.829586
v 18.943068 -55.396709 36.555595
v 22.044144 -65.501930 31.475080
v -87.016800 -34.994312 137.768738
v -78.083405 -33.577179 128.274826
v -86.795593 -33.132301 124.881493
v -33.124111 -32.303333 156.260208
v -44.785995 -34.867149 170.413605
v -26.611404 -34.398853 175.129623
v 45.953243 -18.453625 81.745583
v 25.944435 -13.992734 74.262917
v 39.607662 -21.939047 81.218018
v 75.476875 -68.732056 57.224628
v 90.718803 -54.667446 50.881046
v 71.670601 -78.860489 54.442566
v 41.673500 -38.800068 82.440964
v 39.607662 -21.939047 81.218018
v 34.855560 -34.435474 73.221375
v 53.434189 -2.674850 96.151985
v 45.290905 -0.093436 86.151619
v 30.684944 -11.738598 106.080925
v 108.898468 -12.951803 105.972794
v 112.238953 -25.859095 77.871613
v 111.871010 -18.957237 83.758774
v 64.650688 -35.349705 35.077549
v 72.208786 -33.792572 45.271984
v 75.899345 -42.515057 29.920076
v 29.756325 38.128181 143.206161
v 34.771748 38.255718 137.002716
v 25.901516 46.611279 128.508240
v -4.150558 -27.449392 106.457993
v 11.467428 -26.410095 103.927528
v 10.266513 -29.959452 110.743973
v -30.167145 -49.484406 53.545765
v -18.464617 -50.485962 58.455959
v -15.418022 -58.691696 50.583248
v -38.807186 -23.970699 149.817719
v -43.811077 -31.311481 155.182877
v -51.937588 -26.692194 138.025528
v 61.643639 3.257804 98.573380
v 58.214077 0.750826 105.939545
v 72.368431 -0.457871 107.454788
v -7.435662 -31.238987 129.362793
v -18.152950 -31.323023 121.760513
v -13.869533 -31.238987 133.058929
v 57.497360 -11.091337 28.280764
v 53.830532 -23.391954 31.652260
v 52.055813 -17.120321 23.046904
v -31.151052 -90.806206 95.642639
v -38.866940 -79.471786 80.369263
v -34.604511 -96.845154 97.065277
v -46.131393 -100.114189 112.637497
v -31.919104 -96.923706 103.560051
v -36.041801 -98.673538 122.013802
v -14.641374 -2.409714 171.803925
v -6.422065 -13.370388 176.794693
v -3.100841 5.092312 165.624268
v 38.475216 16.910765 57.457039
v 18.918865 14.679367 53.544552
v 39.788528 4.365480 63.712254
v -7.679646 -57.000092 130.844727
v -28.908590 -55.209858 125.690849
v -13.360437 -64.396378 121.434944
v -28.192675 -19.365488 71.283257
v -24.430784 -29.638115 76.553612
v -40.084480 -28.523582 68.472404
v 56.430321 34.128769 60.234650
v 59.193909 26.594196 54.967228
v 42.809772 32.708935 54.710178
v 72.378151 -14.328118 75.223831
v 78.952621 -21.745773 65.440666
v 65.131020 -21.519646 76.016579
v -4.972637 -83.050781 155.237930
v -11.623983 -81.586128 158.199677
v -7.587675 -89.464523 139.484253
v -63.206783 -78.409378 137.220306
v -73.480202 -75.642059 136.472946
v -57.382740 -87.420303 127.948364
v 19.621895 -50.583115 38.633087
v 30.495157 -45.928902 38.088356
v 10.129068 -54.090668 49.223412
v -43.397007 -28.380461 120.228600
v -46.915195 -29.420631 114.837646
v -41.646496 -32.901901 119.346619
v -46.131393 -100.114189 112.637497
v -36.041801 -98.673538 122.013802
v -39.708588 -92.206688 133.275055
v -21.027287 -32.774937 161.287415
v -33.124111 -32.303333 156.260208
v -26.611404 -34.398853 175.129623
v 39.629158 -109.834076 84.559052
v 64.041794 -109.460052 103.459618
v 52.775593 -110.583931 94.958275
v 33.392841 -15.698440 90.765327
v 39.776497 -24.909069 94.182549
v 34.355919 -24.397726 94.113411
v -80.887604 -70.263550 88.054123
v -81.688019 -84.159531 95.425781
v -85.962700 -77.895737 97.280190
v -99.119576 -42.954021 118.164665
v -94.716110 -50.884014 132.811050
v -90.386322 -43.809349 134.727188
v 73.627686 24.332920 44.576065
v 61.323620 35.689938 50.636131
v 76.175911 21.037836 53.022129
v -31.601822 -35.476257 99.002892
v -28.937113 -34.060596 111.727013
v 1.427690 -34.661823 119.303680
v -32.525978 -66.412720 72.232887
v -45.490925 -56.183483 69.751289
v -48.607296 -81.937393 80.153481
v -31.601822 -35.476257 99.002892
v -32.086445 -31.468912 105.972717
v -30.995756 -34.460861 106.086388
v 20.467009 -11.470609 175.109131
v 8.397730 -19.629520 171.540329
v 21.708805 -23.644405 179.386841
v -35.408283 -39.146461 118.077782
v -42.953274 -40.068356 105.442940
v -31.601822 -35.476257 99.002892
v 33.665264 -40.905903 35.417393
v 28.986692 -45.335789 24.983681
v 38.626217 -39.456261 14.250034
v 27.387877 -28.462067 102.209869
v 28.707844 -23.545382 102.896736
v 28.697481 -33.017998 98.783005
v 17.699648 -24.240290 93.350464
v 20.147566 -30.208353 89.972092
v 27.767683 -27.026192 79.672951
v 23.257780 -10.237397 37.751503
v 30.807201 -18.234865 46.270329
v 30.677073 -17.171989 34.099991
v 30.646671 44.575466 116.358788
v 30.549753 25.025801 104.373611
v 27.463280 31.482172 108.696297
v 48.580643 -101.899994 132.708939
v 45.407001 -111.485786 129.767303
v 51.201324 -103.860603 121.875755
v 77.286858 -91.938652 123.546844
v 87.358154 -75.211357 120.371750
v 78.855919 -74.021683 136.670776
v 26.985182 -23.621971 130.781052
v 38.902134 -23.977707 123.818512
v 41.051331 -28.573071 130.338684
v 67.302338 -82.616325 139.217880
v 73.496002 -77.726685 141.423981
v 54.705647 -81.899315 152.730438
v -13.738136 -103.017799 78.631432
v 2.000780 -108.023102 80.368980
v -15.287656 -109.841087 84.036026
v -78.292404 -52.583652 84.365311
v -64.846802 -63.531162 87.818932
v -71.009361 -78.421028 86.863350
v 23.495979 -31.236559 112.663391
v 24.762352 -31.258904 108.231010
v 22.395737 -37.131721 110.212418
v 91.203056 15.258055 64.143967
v 93.144211 1.712808 66.815948
v 97.645508 -3.382844 55.285385
v -46.915195 -29.420631 114.837646
v -49.432880 -30.072844 108.952362
v -46.228493 -32.849922 113.481247
v 18.918865 14.679367 53.544552
v 38.475216 16.910765 57.457039
v 51.143368 32.031883 55.032799
v 38.764053 18.223597 158.071716
v 35.111946 15.316885 162.848053
v 45.836681 14.195202 154.178421
v -53.187492 -45.906281 71.561813
v -28.192675 -44.955776 71.283257
v -33.287613 -47.243752 69.201233
v 100.412140 -24.764471 123.929367
v 89.362801 -10.002371 130.712799
v 91.435051 -26.112156 127.059021
v -73.942719 19.515802 120.682693
v -67.007629 26.042265 111.044548
v -78.045311 19.533449 111.527824
v -11.646299 -42.892570 177.696899
v 0.507316 -44.823692 180.154373
v -1.689815 -38.507046 179.583832
v 26.546675 -61.160065 72.884438
v 45.123890 -66.274979 71.580025
v 38.133472 -69.184662 66.478050
v 75.651581 21.692934 53.888870
v 82.744026 13.159372 53.823620
v 71.670601 14.539222 54.442566
v -71.009361 14.099762 86.863350
v -67.735466 25.261820 100.145424
v -68.399529 25.147856 88.083649
v -75.165314 4.840598 130.685211
v -80.197990 9.412463 129.673157
v -89.080490 -3.094034 126.754372
v -43.811077 -31.311481 155.182877
v -38.807186 -23.970699 149.817719
v -33.124111 -32.017933 156.260208
v 97.645508 -60.938419 55.285385
v 90.718803 -54.667446 50.881046
v 105.703552 -55.109573 61.651924
v 2.177307 -6.916764 80.209328
v 25.904446 -14.673580 73.634476
v 6.557771 -11.513785 66.039169
v 66.399719 -23.879808 36.149517
v 72.785362 -23.966843 48.052906
v 72.208786 -33.792572 45.271984
v -27.331408 -47.972946 125.147293
v -46.361275 -49.931274 107.057793
v -28.908590 -55.209858 125.690849
v 1.036221 -6.837781 61.249237
v 3.927033 3.054565 62.283409
v 19.866850 1.713559 67.941948
v -36.447441 -0.209430 69.310265
v -30.637081 8.350807 76.331757
v -25.060337 -11.011032 68.890388
v -46.131393 35.792923 112.637497
v -39.708588 27.885426 133.275055
v -36.041801 34.352276 122.013802
v -53.187492 -18.414984 71.561813
v -33.287613 -17.077515 69.201233
v -28.192675 -19.365488 71.283257
v -17.141878 -81.815224 83.712486
v -3.394929 -74.024956 69.335861
v -26.463978 -69.980011 75.770523
v -15.782459 -107.945473 118.673561
v -9.605888 -109.660789 113.309967
v -0.435680 -105.736023 106.539543
v 30.684944 -11.738598 106.080925
v 45.290905 -0.093436 86.151619
v 31.033566 -1.424504 91.677521
v 82.909927 -68.641853 50.738003
v 87.430679 -49.336750 45.588814
v 83.086227 -45.680553 54.927097
v -86.631844 -30.840885 107.477684
v -78.133774 -26.392733 113.395546
v -78.083405 -30.744085 128.274826
v -1.689815 -25.814220 179.583832
v 12.660425 -31.272152 178.237656
v 0.507316 -19.497574 180.154373
v -66.177551 -70.494949 148.927185
v -52.654682 -77.589172 147.337692
v -60.049248 -68.356735 150.045135
v 13.771319 -6.714472 60.724808
v 13.080881 6.933209 46.875523
v 14.956869 -4.717025 53.353325
v 12.122243 -111.779312 118.380035
v 25.901516 -110.932541 128.508240
v 16.337702 -109.364769 130.641785
v 32.577972 -24.011353 146.285782
v 46.696106 -30.980999 147.342194
v 28.557787 -29.984379 155.028580
v -18.562792 -25.425396 154.583481
v 4.468407 -29.104832 146.209595
v 3.403244 -24.596151 153.246399
v 64.041794 -109.460052 103.459618
v 63.579071 -103.415100 110.474167
v 52.775593 -110.583931 94.958275
v 12.267042 29.860979 140.308685
v 25.409210 24.473047 156.258209
v 19.473570 34.992004 145.744400
v 29.756325 38.128181 143.206161
v 40.549126 29.703905 151.624115
v 52.758839 37.899929 141.230164
v 81.164787 -15.497311 35.893600
v 82.658768 -4.939985 34.549782
v 86.786301 -10.139276 43.504452
v 64.650688 -35.349705 35.077549
v 52.204536 -34.286827 31.429316
v 53.830532 -23.391954 31.652260
v 2.241488 -6.005267 130.475220
v 25.239500 0.951794 123.530045
v 15.764807 6.639766 125.183456
v 4.626835 -62.003139 86.749809
v -10.763317 -53.146187 79.488304
v 0.050457 -56.270222 83.654770
v 100.731972 6.421641 109.666908
v 102.256866 3.921341 90.719521
v 96.970039 12.604186 90.179039
v -4.921579 25.711353 103.615372
v -17.760139 37.772213 99.411377
v -31.151052 26.484941 95.642639
v 91.435051 -26.112156 127.059021
v 73.929443 -28.511749 114.690544
v 78.102562 -31.611877 112.978653
v -28.724257 -80.304497 75.554832
v -17.141878 -81.815224 83.712486
v -26.463978 -69.980011 75.770523
v 97.645508 -3.382844 55.285385
v 101.185677 0.072246 65.736130
v 105.703552 -9.211691 61.651924
v -17.141878 17.493961 83.712486
v 20.662796 12.844786 72.816284
v 10.078738 16.978029 94.756004
v 96.918701 -0.500593 113.972351
v 100.795227 -5.092203 103.554756
v 7.526095 -36.946278 139.269089
v 6.906194 -41.470192 136.391891
v -4.081824 -40.832718 136.463608
v 74.426720 -34.244431 94.381851
v 54.462234 -34.633766 109.322319
v 62.370323 -35.576664 115.365662
v 25.901516 -110.932541 128.508240
v 41.673599 -108.882217 134.222198
v 34.771748 -102.576988 137.002716
v 11.917117 -36.145794 118.634987
v 1.427690 -34.661823 119.303680
v 7.278771 -33.768978 119.586258
v 34.545128 -79.026108 96.495697
v 21.122335 -79.138794 106.652809
v 14.006564 -85.132408 89.439232
v -71.009361 -78.421028 86.863350
v -66.269760 -73.753990 86.228241
v -62.113045 -84.239365 82.327805
v 90.718803 -9.653820 50.881046
v 71.670601 14.539222 54.442566
v 82.744026 13.159372 53.823620
v 37.826843 39.526905 42.514236
v 22.864645 24.993944 41.080254
v 26.170444 31.231142 45.792072
v 101.358276 -15.618003 118.555855
v 97.369904 -26.369650 112.185684
v 106.542145 -20.885342 111.777397
v 18.918865 14.679367 53.544552
v 20.704803 9.800755 57.484623
v 39.788528 4.365480 63.712254
v 90.695946 14.650658 102.588158
v 89.549614 26.135771 101.549126
v 95.233681 11.950066 111.521614
v 100.930847 -28.175634 52.294235
v 105.247444 -25.950819 63.665543
v 101.642441 -31.306387 59.665699
v -13.360437 -64.396378 121.434944
v -21.845947 -68.580261 109.623337
v -13.340360 -71.344795 110.906845
v -7.435662 -33.082279 129.362793
v -3.573397 -33.124214 134.281906
v -4.081824 -23.488548 136.463608
v -49.432880 -30.072844 108.952362
v -48.690319 -32.810417 108.161705
v -46.228493 -32.849922 113.481247
v -43.815517 -77.360970 94.161537
v -44.454678 -68.545250 114.944267
v -24.712860 -75.558357 114.051064
v 63.628071 -26.615820 82.735855
v 91.975403 -31.784746 57.628925
v 86.891151 -32.575283 76.307381
v 65.498215 -30.025541 131.005875
v 84.473709 -30.485697 136.010361
v 53.714146 -29.491104 139.723541
v -70.556862 -15.367015 158.073822
v -85.126625 -17.249771 145.241058
v -76.366684 -27.238771 151.669144
v -17.508026 -29.944441 121.029129
v 1.427690 -29.659443 119.303680
v -2.712309 -30.616405 124.591843
v -13.118571 7.981319 51.696468
v -14.648344 1.520547 48.713089
v -21.038347 7.353248 44.528034
v 70.168716 -96.699783 130.632629
v 59.101681 -104.485466 128.000763
v 63.474667 -104.762459 116.747963
v -78.045311 19.533449 111.527824
v -81.688019 19.838268 95.425781
v -85.962700 13.574472 97.280190
v 22.044144 -65.501930 31.475080
v 20.745453 -76.744179 35.280251
v 20.698444 -62.580925 41.829586
v -1.837848 -39.858192 65.599106
v 3.001555 -48.736023 51.933006
v 5.985200 -48.706543 63.611645
v -23.478674 25.502239 143.145218
v -5.520492 44.148014 121.754913
v -15.782459 43.624210 118.673561
v -30.167145 -49.484406 53.545765
v -28.310583 -60.011059 45.495686
v -34.518444 -55.887764 54.558704
v 61.643639 3.257804 98.573380
v 45.290905 -0.093436 86.151619
v 53.434189 -2.674850 96.151985
v -34.505104 -28.986582 146.972687
v 4.468407 -29.104832 146.209595
v -18.562792 -25.425396 154.583481
v 6.557771 -11.513785 66.039169
v 25.904446 -14.673580 73.634476
v 26.097792 -18.400579 67.524818
v 11.917117 -28.175470 118.634987
v 7.278771 -30.552286 119.586258
v 1.427690 -29.659443 119.303680
v 84.714417 -37.599659 147.359772
v 84.473709 -33.835567 136.010361
v 75.025162 -35.598225 149.856461
v 1.724114 -48.164749 78.146378
v 5.871824 -55.584820 79.640869
v 7.291667 -51.907871 78.270782
v 26.143465 -23.663881 13.944988
v 13.650381 -39.744560 32.522537
v 13.579449 -20.574631 32.622978
v 59.966972 38.596306 69.024597
v 61.908051 31.918524 65.997429
v 51.442738 43.261818 71.496681
v -96.714043 -53.715771 92.247696
v -93.054123 -47.366650 87.820465
v -89.443565 -56.566467 86.787827
v 28.697481 -33.017998 98.783005
v 42.948013 -33.124214 108.300148
v 32.656574 -31.594885 106.667030
v 28.707844 -40.775883 102.896736
v 28.697481 -31.303268 98.783005
v 29.840471 -37.796242 98.370438
v 26.735016 -36.017391 105.565002
v 26.100779 -31.293392 101.849113
v 28.707844 -40.775883 102.896736
v 9.576650 -106.265579 134.482574
v 12.122243 -111.779312 118.380035
v 12.267042 -94.182243 140.308685
v 73.627686 24.332920 44.576065
v 67.309883 25.778070 37.449940
v 57.718403 35.507980 39.878628
v 27.889088 -34.893467 95.524513
v 29.728193 -22.752569 98.415085
v 13.655263 -24.656544 109.267906
v 10.298379 -34.743252 89.293404
v -4.770561 -33.640800 85.149734
v -2.215543 -30.590986 90.733696
v -74.688240 -32.762955 69.321365
v -73.564651 -35.170815 87.565109
v -48.113686 -34.656910 77.656334
v 83.489487 11.873152 50.048111
v 73.627686 24.332920 44.576065
v 76.175911 21.037836 53.022129
v -74.688240 -31.558310 69.321365
v -73.483498 -23.149599 69.557610
v -40.084480 -28.523582 68.472404
v 28.806311 -63.059372 97.655777
v 19.969231 -71.972656 87.085739
v 26.443830 -58.781925 85.124619
v 81.601837 -12.972457 144.994537
v 85.223335 -7.219043 138.640381
v 72.099525 -5.577312 151.359283
v 72.710197 -34.243038 62.024128
v 58.379959 -37.773445 75.351791
v 75.291039 -47.644405 61.557739
v 47.087864 -81.377357 62.973053
v 23.009937 -79.671730 58.151859
v 35.587566 -77.927399 65.589294
v 10.654669 52.698425 95.940948
v 24.926878 53.811363 99.065880
v 8.790732 50.700848 88.400116
v 5.475913 43.170143 63.377739
v -9.322674 44.690235 73.155525
v 13.271416 48.430187 75.789162
v 37.059322 -15.854183 41.857822
v 25.161369 -10.362272 37.781971
v 19.114750 -1.799180 36.667355
v 22.395737 -37.131721 110.212418
v 29.989792 -44.960560 107.212547
v 23.204109 -46.215488 116.904793
v 44.065456 -6.640262 109.329300
v 30.684944 -11.738598 106.080925
v 29.989792 -19.360706 107.212547
v -3.216685 -34.444164 105.718117
v 10.266513 -29.959452 110.743973
v 15.154488 -35.656208 102.542389
v 79.088669 -39.503796 36.461536
v 72.208786 -33.792572 45.271984
v 81.126282 -36.587711 51.864063
v 38.880470 -43.413082 5.640380
v 26.231050 -36.790783 14.084588
v 34.431671 -35.523716 0.000000
v -3.394929 9.703693 69.335861
v 20.662796 12.844786 72.816284
v -17.141878 17.493961 83.712486
v -28.362461 -32.785641 92.890434
v -31.081089 -32.812843 98.777985
v -46.228493 -32.849922 113.481247
v -34.938427 8.865462 47.829174
v -28.310583 -4.310206 45.495686
v -49.566498 -5.132092 55.278316
v 25.414751 9.420490 91.127823
v 13.408947 23.484716 82.745102
v 36.476517 13.212468 96.247345
v -8.170826 -34.640709 96.002388
v -17.263689 -30.139553 79.972984
v -14.289305 -27.556129 97.862030
v 37.979736 -53.371616 165.602158
v 32.669930 -53.000172 172.057953
v 25.619675 -60.957424 167.024231
v -62.313732 -13.666743 80.735786
v -78.292404 -11.737615 84.365311
v -64.846802 -0.790102 87.818932
v -16.897678 -33.296288 111.901161
v -7.895936 -26.559408 113.808975
v -23.651251 -27.745735 104.473022
v 35.218201 39.400627 59.945370
v 42.809772 32.708935 54.710178
v 34.564156 22.712181 54.549633
v 11.554228 -63.082539 79.606506
v 30.735689 -67.833344 83.768158
v 31.033566 -62.896763 91.677521
v 59.101681 -104.485466 128.000763
v 67.988403 -88.761406 140.395660
v 48.580643 -101.899994 132.708939
v -98.975281 -20.000877 98.927490
v -98.090836 -15.070435 104.268494
v -94.275513 9.043687 104.169708
v 20.832367 -41.039276 155.795410
v 18.227144 -33.969402 156.536835
v 18.759727 -36.821888 176.336670
v 32.615406 -117.007324 91.232201
v 34.252079 -115.224380 103.251434
v 24.926878 -118.132629 99.065880
v 31.865839 -42.558903 84.663307
v 42.392632 -37.576355 97.265984
v 32.138210 -46.192917 77.277298
v 81.164787 -15.497311 35.893600
v 66.399719 -23.879808 36.149517
v 71.933693 -11.659181 26.694149
v -31.151052 26.484941 95.642639
v -20.812361 22.257671 89.217644
v 0.283292 16.843588 101.705063
v -73.942719 19.515802 120.682693
v -75.165314 4.840598 130.685211
v -73.480202 11.320797 136.472946
v 91.975403 -32.536518 57.628925
v 101.642441 -33.014877 59.665699
v 100.930847 -36.145630 52.294235
v -35.903374 -31.367552 124.579536
v -37.289406 -35.874092 125.160179
v -30.742029 -36.926571 129.350494
v -19.398119 -58.563408 166.088501
v -24.842529 -58.252228 172.341278
v -26.282986 -67.712723 166.079834
v -28.192675 -19.365488 71.283257
v -33.287613 -17.077515 69.201233
v -25.060337 -11.011032 68.890388
v 38.225986 -16.940760 7.541865
v 38.957245 -21.016487 14.054545
v 42.726349 -18.798475 0.830270
v 10.258285 12.546812 118.445908
v -18.540339 -3.626502 129.408813
v 15.764807 6.639766 125.183456
v 9.137363 -31.995569 165.287811
v 18.227144 -30.351864 156.536835
v 12.660425 -31.272152 178.237656
v 19.621895 -50.583115 38.633087
v 33.665264 -40.905903 35.417393
v 30.495157 -45.928902 38.088356
v -34.604511 -96.845154 97.065277
v -55.367184 -76.099937 75.496674
v -53.721039 -93.495712 77.626511
v 2.000780 -108.023102 80.368980
v -8.810958 -112.911568 84.170464
v -15.287656 -109.841087 84.036026
v 32.138210 -18.128349 77.277298
v 34.693192 -5.104592 71.160347
v 50.401409 -13.778982 78.627846
v 75.291039 -47.644405 61.557739
v 51.961067 -63.589069 60.834019
v 42.676476 -77.535545 56.994591
v -32.086445 -32.852352 105.972717
v -29.394697 -32.904327 112.762161
v -29.275038 -32.998241 128.070679
v 37.658066 -57.099152 66.780891
v 19.454563 -66.822327 57.604008
v 27.040470 -76.749451 55.002190
v 106.068642 -7.794474 104.603050
v 100.795227 -5.092203 103.554756
v 96.918701 -0.500593 113.972351
v 61.286507 -27.707100 92.328232
v 63.628071 -26.615820 82.735855
v 74.426720 -30.076834 94.381851
v 19.454563 -66.822327 57.604008
v 17.263367 -47.852165 65.714233
v 13.283436 -53.721771 55.958866
v 32.577972 -24.011353 146.285782
v 45.077251 -22.417046 140.658020
v 46.696106 -30.980999 147.342194
v -42.599716 -29.521992 94.679161
v -33.679897 -29.087076 92.779198
v -42.799042 -32.751152 95.197945
v 7.827678 -31.157541 134.168243
v 18.305813 -35.935787 132.463562
v 18.581884 -31.140217 131.173874
v -33.890678 -59.528103 84.203812
v -18.730940 -37.976528 83.423729
v -18.707033 -56.683468 79.534531
v 79.469307 -20.311028 41.837936
v 86.786301 -10.139276 43.504452
v 85.945030 -13.387960 50.777718
v -30.637081 8.350807 76.331757
v -38.031040 12.316673 77.664955
v -48.014786 -2.091108 86.867455
v 26.143465 -23.663881 13.944988
v 33.847904 -25.551056 0.589524
v 26.231050 -36.790783 14.084588
v 44.552475 -40.022308 116.670898
v 42.392632 -37.576355 97.265984
v 43.760365 -35.056240 103.818214
v 45.407001 -111.485786 129.767303
v 34.252079 -115.224380 103.251434
v 46.822063 -112.721481 111.990028
v 31.277229 -111.337799 77.420113
v 26.095896 -108.117050 85.694283
v 17.063072 -110.571022 84.454346
v 42.392632 -26.744911 97.265984
v 39.776497 -24.909069 94.182549
v 31.865839 -21.762363 84.663307
v 7.291667 -12.413393 78.270782
v 1.724114 -16.156515 78.146378
v 20.405933 -16.626253 72.941246
v 14.956869 -4.717025 53.353325
v 21.436945 2.555453 43.132996
v 19.114750 -1.799180 36.667355
v 1.074094 13.203470 152.509628
v -7.587675 25.143257 139.484253
v -4.972637 18.729519 155.237930
v -15.287656 -109.841087 84.036026
v -9.430904 -110.599838 93.805069
v -41.353024 -100.787437 81.427795
v -39.708588 27.885426 133.275055
v -42.420174 17.331554 132.676132
v -26.521597 24.007193 132.290100
v -6.324617 -26.000120 97.321564
v -14.289305 -27.556129 97.862030
v -3.919770 -26.915052 84.823868
v 91.780960 -24.149740 136.985992
v 85.223335 -7.219043 138.640381
v 81.601837 -12.972457 144.994537
v -3.394929 9.703693 69.335861
v -0.241139 3.356844 77.256897
v 20.662796 12.844786 72.816284
v 20.704803 9.800755 57.484623
v 55.470303 -16.645632 77.642906
v 39.788528 4.365480 63.712254
v 32.212448 4.093629 27.732815
v 45.867897 1.299860 27.206440
v 46.034134 -4.573528 23.088844
v 105.247444 -38.370445 63.665543
v 101.642441 -33.014877 59.665699
v 94.224510 -35.710464 80.837250
v 5.605472 18.079910 111.104309
v 1.253929 14.417847 99.668335
v -10.492297 17.052660 102.285149
v -62.113045 -84.239365 82.327805
v -66.269760 -73.753990 86.228241
v -36.447441 -64.111832 69.310265
v -3.304064 -49.616161 67.477905
v -14.724766 -41.230289 77.271675
v 1.724114 -48.164749 78.146378
v 105.957916 -61.040848 78.299850
v 99.987465 -60.814606 73.125710
v 105.703552 -55.109573 61.651924
v -94.535583 -27.889345 112.123680
v -99.119576 -21.367245 118.164665
v -101.686760 -13.548488 110.655014
v -18.562792 -38.895870 154.583481
v 3.403244 -39.725113 153.246399
v 4.468407 -35.216434 146.209595
v 90.695946 14.650658 102.588158
v 96.970039 12.604186 90.179039
v 89.549614 26.135771 101.549126
v 1.724114 -48.164749 78.146378
v 20.405933 -47.695011 72.941246
v -3.304064 -49.616161 67.477905
v 105.703552 -9.211691 61.651924
v 101.185677 0.072246 65.736130
v 99.987465 -3.506660 73.125710
v 96.918701 -0.500593 113.972351
v 93.804710 3.875391 120.483841
v 95.564354 -6.226487 126.146675
v -28.985580 9.906501 82.989166
v -19.057930 4.004812 79.682014
v -18.613716 -3.605256 79.574959
v 25.409210 24.473047 156.258209
v 38.764053 18.223597 158.071716
v 40.549126 29.703905 151.624115
v -44.454678 4.223985 114.944267
v -39.931641 -4.679553 124.183380
v -54.749306 -3.444805 109.069397
v -11.623983 17.264864 158.199677
v 1.074094 13.203470 152.509628
v -4.972637 18.729519 155.237930
v 30.684944 -52.582668 106.080925
v 45.290905 -64.227829 86.151619
v 53.434189 -61.646416 96.151985
v -28.937113 -30.260670 111.727013
v -23.885548 -29.949299 116.544769
v -25.042625 -32.946266 117.157631
v 6.906194 -41.470192 136.391891
v 18.305813 -35.935787 132.463562
v 7.827678 -31.157541 134.168243
v -2.219191 -21.505272 51.572056
v 6.216459 -39.563911 37.767548
v -1.725229 -36.282684 50.433262
v 105.247444 -25.950819 63.665543
v 111.113747 -16.203074 68.307747
v 107.943092 -31.640863 72.815468
v -55.073784 19.862494 69.914993
v -54.249706 0.295722 63.866611
v -55.367184 11.778671 75.496674
v -48.607296 17.616129 80.153481
v -32.525978 2.091453 72.232887
v -38.866940 15.150522 80.369263
v -58.436157 -25.810122 123.209030
v -51.937588 -26.692194 138.025528
v -56.534565 -30.613588 141.450699
v -17.760139 -102.093475 99.411377
v -34.164658 -101.552650 94.426552
v -9.430904 -110.599838 93.805069
v 74.097328 -93.466995 97.192825
v 77.764977 -98.369888 90.298363
v 82.618111 -86.245216 85.760361
v 4.468407 -29.104832 146.209595
v -23.925396 -29.653397 138.376053
v -20.082294 -28.048294 136.990738
v 1.724114 -48.164749 78.146378
v -15.522696 -45.850540 85.206566
v 5.871824 -55.584820 79.640869
v -44.785995 -29.454115 170.413605
v -50.262150 -20.713976 170.543945
v -63.884098 -23.384996 163.717224
v 100.795227 -59.229061 103.554756
v 101.949333 -59.455528 97.540039
v 106.068642 -56.526791 104.603050
v 90.718803 -9.653820 50.881046
v 89.246513 -14.100306 54.242317
v 75.476875 4.410794 57.224628
v 97.337067 -73.750023 71.427856
v 83.587967 -89.223396 72.307030
v 91.203056 -79.579323 64.143967
v 23.257780 -10.237397 37.751503
v 6.915541 -19.742851 37.263885
v 10.177036 -6.046121 49.585789
v -46.131393 -100.114189 112.637497
v -55.574829 -89.722878 116.672699
v -67.007629 -90.363525 111.044548
v 84.714417 -37.599659 147.359772
v 81.601837 -51.348808 144.994537
v 91.780960 -40.171524 136.985992
v 25.011822 14.988959 112.434982
v 18.086536 3.240998 130.098572
v 18.205996 17.003317 108.092560
v 62.961422 -102.738152 81.423691
v 59.966972 -102.917572 69.024597
v 77.764977 -98.369888 90.298363
v -30.995756 -34.460861 106.086388
v -29.394697 -31.416937 112.762161
v -28.937113 -34.060596 111.727013
v 100.930847 -36.145630 52.294235
v 105.703552 -55.109573 61.651924
v 89.246513 -50.220959 54.242317
v 61.323620 35.689938 50.636131
v 73.627686 24.332920 44.576065
v 57.718403 35.507980 39.878628
v -13.568943 0.735302 70.009682
v -3.394929 9.703693 69.335861
v -26.463978 5.658744 75.770523
v -38.807186 -23.970699 149.817719
v -18.562792 -25.425396 154.583481
v -33.124111 -32.017933 156.260208
v 101.642441 -31.306387 59.665699
v 94.224510 -28.610800 80.837250
v 86.891151 -32.575283 76.307381
v 63.402645 -44.156826 166.184082
v 74.390602 -45.231133 151.373199
v 74.501022 -35.522053 155.222656
v 18.089005 4.049920 169.383804
v 20.467009 -11.470609 175.109131
v 25.619675 -3.363842 167.024231
v 31.865839 -42.558903 84.663307
v 39.776497 -39.412197 94.182549
v 42.392632 -37.576355 97.265984
v 32.212448 4.093629 27.732815
v 46.034134 -4.573528 23.088844
v 32.619717 -7.751044 25.559700
v -2.598414 -6.309608 83.948242
v 2.177307 -6.916764 80.209328
v -14.085789 -20.627956 77.147247
v -23.526827 -52.634983 78.374657
v -24.358231 -37.057102 86.058861
v -44.761753 -49.903236 86.925552
v -99.119576 -21.367245 118.164665
v -90.386322 -20.511915 134.727188
v -94.716110 -13.437249 132.811050
v 5.118027 -48.829937 127.261520
v 0.717116 -43.193138 115.318176
v -27.331408 -47.972946 125.147293
v 70.607536 -26.799061 109.699394
v 94.224510 -28.610800 80.837250
v 92.581711 -32.169113 89.255890
v -79.294029 -68.742577 135.688354
v -66.554420 -62.044731 142.257004
v -72.748993 -58.987553 149.072861
v -23.904976 -38.427437 94.369980
v -27.331408 -47.972946 125.147293
v -15.441916 -40.162842 106.423409
v 74.595810 32.262623 74.700325
v 59.966972 38.596306 69.024597
v 77.764977 34.048626 90.298363
v -43.811077 -33.009785 155.182877
v -33.124111 -32.303333 156.260208
v -38.807186 -40.350567 149.817719
v 65.131020 -21.519646 76.016579
v 91.975403 -31.784746 57.628925
v 63.628071 -26.615820 82.735855
v 1.182070 -16.756254 115.860863
v 25.471106 -7.582091 110.381668
v 35.327694 -3.582400 116.255791
v 0.283292 16.843588 101.705063
v 10.785492 25.522402 106.504715
v -4.921579 25.711353 103.615372
v 3.927033 3.054565 62.283409
v 7.264646 9.631026 57.604591
v 19.866850 1.713559 67.941948
v -18.540339 -3.626502 129.408813
v 2.241488 -6.005267 130.475220
v 15.764807 6.639766 125.183456
v 6.885769 31.671074 145.195221
v -7.587675 25.143257 139.484253
v 5.158086 15.690725 157.253586
v 101.358276 -48.703262 118.555855
v 100.412140 -39.556793 123.929367
v 95.564354 -58.094776 126.146675
v 6.255015 -27.368046 85.867462
v -3.919770 -26.915052 84.823868
v -4.770561 -33.640800 85.149734
v 25.011822 14.988959 112.434982
v 42.608093 10.239594 105.035736
v 30.531641 6.658536 121.163094
v 107.943092 -32.680401 72.815468
v 92.581711 -32.152149 89.255890
v 105.513397 -33.169491 93.596664
v 18.759727 -36.821888 176.336670
v 27.268019 -33.017544 175.367920
v 28.557787 -34.336887 155.028580
v 100.620186 -34.446938 105.221046
v 78.102562 -32.709389 112.978653
v 97.369904 -37.951614 112.185684
v 29.840471 -37.796242 98.370438
v 28.697481 -31.303268 98.783005
v 34.355919 -39.923538 94.113411
v 7.686195 15.639994 112.468903
v 3.019253 21.242947 106.426048
v 12.058797 42.194458 112.593506
v 78.952621 -21.745773 65.440666
v 65.725273 -2.708886 66.936272
v 67.548584 7.469031 64.677292
v -41.757183 -0.256574 105.098900
v -28.094456 17.523489 98.863815
v -36.219715 3.727681 85.391335
v 32.758808 -68.777351 117.287086
v 34.545128 -79.026108 96.495697
v 38.904346 -63.419434 111.007652
v 38.902134 -23.977707 123.818512
v 37.969475 -33.193356 122.304077
v 42.295319 -33.166153 115.398376
v -14.648344 1.520547 48.713089
v -28.310583 -4.310206 45.495686
v -21.038347 7.353248 44.528034
v 105.513397 -33.169491 93.596664
v 92.581711 -32.152149 89.255890
v 100.144173 -34.180550 99.380814
v 63.628071 -37.705444 82.735855
v 86.891151 -31.745983 76.307381
v 91.975403 -32.536518 57.628925
v -44.454678 -68.545250 114.944267
v -54.749306 -60.876461 109.069397
v -39.931641 -59.641712 124.183380
v 100.795227 -59.229061 103.554756
v 100.731972 -70.742905 109.666908
v 102.256866 -68.242607 90.719521
v -2.806384 -31.246435 125.525795
v -3.573397 -31.197050 134.281906
v 7.827678 -31.157541 134.168243
v -86.631844 -33.480381 107.477684
v -98.975281 -44.320389 98.927490
v -98.090836 -49.250832 104.268494
v 18.759727 -36.821888 176.336670
v 0.507316 -44.823692 180.154373
v 8.397730 -44.691746 171.540329
v -26.916132 -77.857376 99.290962
v -21.845947 -68.580261 109.623337
v -31.912134 -66.048363 106.680969
v 60.895241 -73.921188 105.076668
v 42.608093 -74.560860 105.035736
v 44.614799 -66.292633 109.591652
v -75.165314 4.840598 130.685211
v -89.080490 -3.094034 126.754372
v -79.294029 4.421309 135.688354
v 27.572248 -54.050636 66.289307
v 37.658066 -57.099152 66.780891
v 41.673500 -38.800068 82.440964
v 29.318933 26.914490 30.075024
v 45.683514 27.982920 26.761696
v 42.241791 18.710279 25.139204
v 59.966972 -102.917572 69.024597
v 62.961422 -102.738152 81.423691
v 51.442738 -107.583084 71.496681
v 7.526095 -36.946278 139.269089
v 18.305813 -35.935787 132.463562
v 6.906194 -41.470192 136.391891
v 19.423117 -11.787266 68.094223
v 25.944435 -13.992734 74.262917
v 25.950432 -1.535643 64.446587
v 61.167645 -61.329502 24.117418
v 45.964146 -86.564598 26.995758
v 37.040386 -75.370773 25.031296
v 63.402645 -20.164438 166.184082
v 60.982174 -5.579991 160.739914
v 49.324764 -12.654477 167.640335
v -90.197212 7.952776 109.421066
v -78.045311 19.533449 111.527824
v -82.502602 10.520854 106.565140
v 2.177307 -6.916764 80.209328
v -2.598414 -6.309608 83.948242
v 12.119298 -1.738382 85.152435
v 0.717116 -43.193138 115.318176
v 5.118027 -48.829937 127.261520
v 29.463972 -54.723328 119.560654
v 13.283436 -53.721771 55.958866
v 17.263367 -47.852165 65.714233
v 30.791456 -37.432148 63.493019
v -36.447441 -64.111832 69.310265
v -45.717766 -83.598808 79.027397
v -49.172150 -76.562897 78.228561
v 81.126282 -36.587711 51.864063
v 72.710197 -34.243038 62.024128
v 83.086227 -45.680553 54.927097
v 111.113747 -16.203074 68.307747
v 112.238953 -25.859095 77.871613
v 107.943092 -31.640863 72.815468
v -13.738136 -103.017799 78.631432
v -15.287656 -109.841087 84.036026
v -28.766375 -104.333893 76.057625
v 18.227144 -33.969402 156.536835
v 3.403244 -39.725113 153.246399
v -11.045048 -33.149830 158.714569
v 3.432191 -51.688393 79.363754
v -4.344840 -46.509510 79.796837
v 5.985200 -48.706543 63.611645
v 83.587967 24.902128 72.307030
v 82.618111 21.923950 85.760361
v 93.253609 11.389244 86.343399
v -78.083405 -33.577179 128.274826
v -56.534565 -33.707676 141.450699
v -66.858231 -33.738529 118.992950
v -31.406893 25.448883 54.942970
v -28.915672 36.846764 66.338326
v -26.529102 33.764053 57.662563
v -26.463978 -69.980011 75.770523
v -25.003910 -59.774803 75.609802
v -32.525978 -66.412720 72.232887
v -35.391933 -21.393137 174.623398
v -26.611404 -29.922411 175.129623
v -37.892857 -6.067725 169.272614
v 54.333015 -21.601025 90.167168
v 61.286507 -27.707100 92.328232
v 54.462234 -29.687500 109.322319
v -64.846802 -63.531162 87.818932
v -66.269760 -73.753990 86.228241
v -71.009361 -78.421028 86.863350
v 30.791216 -0.398141 170.025543
v 35.111946 15.316885 162.848053
v 22.352339 8.776274 162.959045
v -42.799042 -31.570112 95.197945
v -33.448837 -31.552786 92.902740
v -33.679897 -35.234188 92.779198
v 68.992889 34.541199 94.398308
v 64.780540 44.412243 91.860855
v 75.997681 38.836727 100.985428
v -2.401741 -32.370422 177.761414
v -13.003773 -30.957935 177.647217
v -11.045048 -31.171436 158.714569
v -48.014786 -62.230156 86.867455
v -38.031040 -76.637939 77.664955
v -30.637081 -72.672073 76.331757
v 57.463089 -47.482792 27.886436
v 68.914383 -45.964615 26.547880
v 61.167645 -61.329502 24.117418
v -66.177551 6.173687 148.927185
v -60.049248 4.035470 150.045135
v -52.654682 13.267906 147.337692
v 45.115612 -53.549870 22.901014
v 33.775753 -62.668812 27.276817
v 41.012722 -49.771305 22.092939
v 5.475913 -107.491409 63.377739
v -9.322674 -109.011497 73.155525
v -14.544471 -105.186440 69.528702
v -2.215543 -30.590986 90.733696
v 6.255015 -27.368046 85.867462
v 6.383079 -29.218390 93.691780
v 1.427690 -29.659443 119.303680
v 7.278771 -30.552286 119.586258
v -2.712309 -30.616405 124.591843
v -49.593819 -71.982193 55.713997
v -49.816528 -83.801857 59.177311
v -54.249706 -64.616989 63.866611
v 19.921036 -33.352680 126.467842
v 32.444916 -24.768276 113.405067
v 34.891708 -34.272606 109.156784
v 72.378151 -14.328118 75.223831
v 65.131020 -21.519646 76.016579
v 61.871056 -6.244142 72.953964
v -20.235580 -30.067137 80.270821
v -24.221903 -15.989732 68.818832
v -24.206657 -44.304207 68.924866
v 41.337780 -93.508209 31.842762
v 60.383072 -86.993111 34.115902
v 43.002537 -97.618713 39.621620
v 10.785492 -89.843666 106.504715
v 32.476059 -78.795280 103.319740
v 10.078738 -81.299294 94.756004
v -19.057930 4.004812 79.682014
v -11.894536 -6.151328 78.470970
v -18.613716 -3.605256 79.574959
v -45.296562 -90.111870 94.455475
v -43.440903 -97.392517 99.585960
v -67.007629 -90.363525 111.044548
v 72.099525 -5.577312 151.359283
v 84.714417 -26.721607 147.359772
v 81.601837 -12.972457 144.994537
v 60.982174 -5.579991 160.739914
v 63.402645 -20.164438 166.184082
v 74.390602 -19.090130 151.373199
v 6.383079 -29.218390 93.691780
v -0.873423 -30.270315 104.312538
v 9.358373 -33.378674 102.285759
v 67.988403 24.440144 140.395660
v 67.302338 18.295059 139.217880
v 77.286858 27.617388 123.546844
v -21.718304 -107.477676 107.574867
v -17.143120 -102.005173 99.947586
v -7.597995 -102.870850 101.851593
v -78.045311 19.533449 111.527824
v -67.007629 26.042265 111.044548
v -59.732773 30.590029 100.013123
v 54.142101 26.906702 148.644455
v 40.549126 29.703905 151.624115
v 38.764053 18.223597 158.071716
v -93.182190 6.300073 117.166359
v -89.080490 -3.094034 126.754372
v -80.197990 9.412463 129.673157
v 45.839485 -70.750580 84.145920
v 32.476059 -78.795280 103.319740
v 42.608093 -74.560860 105.035736
v -26.282986 -67.712723 166.079834
v -21.699202 -66.823494 157.687607
v -19.398119 -58.563408 166.088501
v 75.997681 -103.157997 100.985428
v 80.505753 -92.867439 110.284653
v 78.905701 -97.754150 112.027275
v 81.126282 -36.587711 51.864063
v 84.958923 -45.857452 38.558384
v 79.088669 -39.503796 36.461536
v 42.392632 -37.576355 97.265984
v 41.603111 -31.261332 98.269073
v 43.760365 -35.056240 103.818214
v -68.399529 -89.469124 88.083649
v -59.732773 -94.911293 100.013123
v -67.735466 -89.583084 100.145424
v -20.226580 -38.899555 52.069569
v -17.642191 -43.037205 59.687477
v -23.516333 -31.937407 63.878185
v 25.174526 -52.195217 110.363785
v 23.709808 -42.876602 105.399384
v 10.266513 -29.959452 110.743973
v -88.462311 -46.038837 78.124298
v -93.054123 -47.366650 87.820465
v -91.443756 -37.481270 83.597473
v -13.738136 38.696537 78.631432
v -9.322674 44.690235 73.155525
v -14.544471 40.865177 69.528702
v -45.910686 -10.275229 107.868309
v -27.607792 -12.338767 124.798538
v -31.331175 -5.355347 124.136650
v 20.467009 -52.850658 175.109131
v 6.615566 -51.592175 175.466995
v 18.089005 -68.371185 169.383804
v -7.895936 -26.559408 113.808975
v -18.993708 -25.939865 125.573303
v -23.651251 -27.745735 104.473022
v 106.068642 -56.526791 104.603050
v 111.871010 -45.364029 83.758774
v 108.898468 -51.369461 105.972794
v 58.245766 2.411470 150.029861
v 45.836681 14.195202 154.178421
v 57.922314 2.752162 158.086761
v -31.081089 -32.812843 98.777985
v -32.086445 -32.852352 105.972717
v -35.903374 -32.953712 124.579536
v -55.373077 -28.422314 109.260811
v -48.086357 -27.498486 101.041138
v -49.432880 -30.072844 108.952362
v -42.420174 -81.652817 132.676132
v -50.873009 -82.318817 128.309631
v -39.708588 -92.206688 133.275055
v 70.168716 -96.699783 130.632629
v 67.988403 -88.761406 140.395660
v 59.101681 -104.485466 128.000763
v 30.735689 -67.833344 83.768158
v 20.662796 -77.166054 72.816284
v 45.290905 -64.227829 86.151619
v 78.232742 1.359365 29.774950
v 80.156807 8.688486 36.596260
v 82.658768 -4.939985 34.549782
v -3.216685 -34.444164 105.718117
v -0.873423 -30.270315 104.312538
v -8.170826 -34.640709 96.002388
v -86.795593 -33.132301 124.881493
v -78.083405 -33.577179 128.274826
v -86.631844 -33.480381 107.477684
v 6.255015 -27.368046 85.867462
v 14.991968 -30.139553 80.531120
v 15.158909 -28.486376 84.472343
v 52.055813 -17.120321 23.046904
v 53.830532 -23.391954 31.652260
v 42.170128 -23.135111 35.115189
v 50.589054 -3.040034 75.207741
v 34.693192 -5.104592 71.160347
v 26.546675 -3.161200 72.884438
v -56.820145 -14.919138 165.864105
v -45.381405 -4.460287 165.516037
v -65.929077 -8.805675 157.060440
v 38.764053 18.223597 158.071716
v 20.472441 20.683228 154.508072
v 35.111946 15.316885 162.848053
v -33.337570 12.885142 103.519028
v -30.503946 24.790924 97.314804
v -21.996920 19.514669 98.364395
v 42.392632 -26.744911 97.265984
v 41.603111 -33.059933 98.269073
v 37.699234 -33.032730 96.220955
v -28.094456 17.523489 98.863815
v -28.985580 9.906501 82.989166
v -36.219715 3.727681 85.391335
v -10.763317 -53.146187 79.488304
v -19.057919 -64.286255 79.682083
v -18.707033 -56.683468 79.534531
v 27.463280 -95.803436 108.696297
v 18.126854 -98.676918 106.999878
v 18.205996 -81.324585 108.092560
v 27.234861 -33.193356 128.287979
v 26.985182 -23.621971 130.781052
v 18.581884 -33.181049 131.173874
v 44.552475 -24.298956 116.670898
v 43.760365 -29.265026 103.818214
v 42.392632 -26.744911 97.265984
v 10.785492 -89.843666 106.504715
v -4.921579 -90.032616 103.615372
v 11.975887 -98.511765 101.858765
v -31.919104 -96.923706 103.560051
v -46.131393 -100.114189 112.637497
v -43.440903 -97.392517 99.585960
v -48.690319 -31.510849 108.161705
v -46.228493 -31.471342 113.481247
v -33.448837 -31.552786 92.902740
v 28.207891 -46.739822 36.757244
v 36.977333 -41.611721 42.634121
v 27.252590 -55.790253 32.226688
v -41.646496 -31.419365 119.346619
v -46.228493 -31.471342 113.481247
v -46.915195 -34.900635 114.837646
v 10.258285 12.546812 118.445908
v 21.647182 18.946648 106.144012
v 5.605472 18.079910 111.104309
v 68.914383 -45.964615 26.547880
v 57.463089 -47.482792 27.886436
v 64.650688 -35.349705 35.077549
v -18.562792 -38.895870 154.583481
v -21.027287 -32.774937 161.287415
v -26.611404 -34.398853 175.129623
v -10.269275 13.934816 77.043480
v 13.408947 23.484716 82.745102
v 4.626236 1.722527 86.749603
v 52.055813 -17.120321 23.046904
v 44.004974 -10.880752 21.736254
v 46.034134 -4.573528 23.088844
v 15.158909 -28.486376 84.472343
v 20.147566 -30.208353 89.972092
v 11.467428 -26.410095 103.927528
v 68.187775 28.457561 68.823814
v 82.744026 13.159372 53.823620
v 75.651581 21.692934 53.888870
v -94.275513 -73.364952 104.169708
v -96.714043 -53.715771 92.247696
v -89.443565 -56.566467 86.787827
v -98.090836 -15.070435 104.268494
v -92.678268 -4.891136 112.883392
v -94.275513 9.043687 104.169708
v -4.217681 -30.102255 78.262962
v -14.085789 -20.627956 77.147247
v -2.860444 -10.502879 80.371040
v -73.483498 -23.149599 69.557610
v -78.292404 -11.737615 84.365311
v -62.313732 -13.666743 80.735786
v 4.468407 -35.216434 146.209595
v -23.925396 -34.667870 138.376053
v -34.505104 -35.334682 146.972687
v 46.696106 -30.980999 147.342194
v 45.077251 -22.417046 140.658020
v 61.197674 -29.155724 145.616196
v 25.923815 -28.623402 146.372025
v 37.348656 -28.887556 138.014099
v 32.577972 -24.011353 146.285782
v 34.771748 38.255718 137.002716
v 48.580643 37.578728 132.708939
v 41.673599 44.560951 134.222198
v -68.908386 -27.950069 152.423080
v -56.534565 -30.613588 141.450699
v -43.811077 -31.311481 155.182877
v 3.081453 51.252174 103.649857
v -9.430904 46.278572 93.805069
v -5.954401 32.782749 100.031601
v 78.654129 -22.353567 56.956650
v 70.994987 -22.524372 65.032158
v 72.785362 -23.966843 48.052906
v -28.908590 -55.209858 125.690849
v -41.331627 -60.259529 106.388779
v -31.912134 -66.048363 106.680969
v 111.113747 -48.118191 68.307747
v 111.871010 -45.364029 83.758774
v 109.574883 -56.846813 87.405891
v 21.708805 -40.676861 179.386841
v 20.467009 -52.850658 175.109131
v 32.669930 -53.000172 172.057953
v 4.468407 -29.104832 146.209595
v -20.082294 -28.048294 136.990738
v 7.526095 -27.374989 139.269089
v 31.061882 -10.165197 34.101082
v 32.619717 -7.751044 25.559700
v 37.059322 -15.854183 41.857822
v 9.576650 41.944313 134.482574
v -5.520492 44.148014 121.754913
v 6.885769 31.671074 145.195221
v 25.409210 -88.794312 156.258209
v 40.549126 -94.025169 151.624115
v 38.764053 -82.544861 158.071716
v 76.873062 -73.285629 36.461372
v 80.110764 -56.218307 31.612558
v 84.958923 -45.857452 38.558384
v 12.880909 -82.024734 159.225128
v 22.352339 -73.097542 162.959045
v 18.089005 -68.371185 169.383804
v -20.226580 -38.899555 52.069569
v -23.516333 -31.937407 63.878185
v -24.919861 -25.060762 56.547813
v -73.480202 11.320797 136.472946
v -75.165314 4.840598 130.685211
v -66.554420 -2.276534 142.257004
v 45.836681 14.195202 154.178421
v 58.245766 2.411470 150.029861
v 67.536240 4.450346 148.915558
v 27.252590 -55.790253 32.226688
v 18.943068 -55.396709 36.555595
v 28.207891 -46.739822 36.757244
v 50.401409 -50.542282 78.627846
v 50.589054 -61.281231 75.207741
v 34.693192 -59.216671 71.160347
v 1.182070 -16.756254 115.860863
v 4.249526 -12.177052 126.331718
v -27.607792 -12.338767 124.798538
v -17.924818 -74.445648 154.966522
v -23.919796 -76.163628 158.961823
v -25.628691 -83.337288 145.665848
v 21.246742 5.105142 33.937824
v 22.864645 24.993944 41.080254
v 20.946947 17.001423 33.381184
v -8.900523 -37.208412 55.621662
v -20.226580 -38.899555 52.069569
v -12.645309 -22.784500 50.655590
v -27.991989 -35.258961 92.875534
v -40.084480 -35.797680 68.472404
v -48.113686 -34.656910 77.656334
v 23.009937 -79.671730 58.151859
v 38.133472 -69.184662 66.478050
v 35.587566 -77.927399 65.589294
v -29.275038 -31.323023 128.070679
v -30.742029 -36.926571 129.350494
v -21.926809 -38.589321 133.046631
v -31.151052 26.484941 95.642639
v -34.604511 32.523884 97.065277
v -38.866940 15.150522 80.369263
v 23.009937 15.350467 58.151859
v 35.587566 13.606134 65.589294
v 38.133472 4.863400 66.478050
v 83.489487 11.873152 50.048111
v 85.945030 -13.387960 50.777718
v 86.786301 -10.139276 43.504452
v 18.918865 14.679367 53.544552
v 51.143368 32.031883 55.032799
v 38.571835 32.828007 52.550968
v -101.686760 -50.772778 110.655014
v -94.716110 -50.884014 132.811050
v -99.119576 -42.954021 118.164665
v 65.725273 -2.708886 66.936272
v 54.016174 8.950567 63.025806
v 67.548584 7.469031 64.677292
v 71.445343 -73.842957 56.240070
v 60.547649 -81.802292 55.893429
v 76.333725 -80.024757 52.293720
v 90.910210 -25.555077 52.045269
v 67.548584 7.469031 64.677292
v 89.246513 -14.100306 54.242317
v 4.468407 -35.216434 146.209595
v 37.348656 -35.433708 138.014099
v 41.051331 -35.748196 130.338684
v 34.855560 -34.435474 73.221375
v 30.710608 -20.742014 68.188423
v 30.791456 -37.432148 63.493019
v -41.212818 -80.093872 92.731476
v -30.503946 -89.112190 97.314804
v -45.296562 -90.111870 94.455475
v 23.178089 -46.281860 83.268150
v 15.154488 -35.656208 102.542389
v 28.572912 -43.874390 92.160294
v -38.031040 12.316673 77.664955
v -45.717766 19.277540 79.027397
v -45.017490 27.957027 88.806450
v -17.508026 -34.376823 121.029129
v -2.712309 -33.704857 124.591843
v 1.427690 -34.661823 119.303680
v 41.012722 -49.771305 22.092939
v 43.960247 -38.642731 27.271940
v 52.156441 -39.842625 23.597895
v -11.298090 -31.283514 124.441093
v -17.508026 -34.376823 121.029129
v -18.152950 -31.323023 121.760513
v -73.483498 -41.171665 69.557610
v -53.187492 -45.906281 71.561813
v -62.313732 -50.654522 80.735786
v 18.902847 33.052227 53.482342
v 19.059536 18.946478 59.322842
v 5.616270 28.198509 52.360928
v 78.232742 1.359365 29.774950
v 67.309883 25.778070 37.449940
v 80.156807 8.688486 36.596260
v -40.445087 14.175797 150.749878
v -34.342205 24.387716 142.741119
v -42.420174 17.331554 132.676132
v -20.812361 22.257671 89.217644
v -17.141878 17.493961 83.712486
v 10.078738 16.978029 94.756004
v 75.899345 -42.515057 29.920076
v 80.110764 -56.218307 31.612558
v 71.724846 -62.517647 26.945251
v -67.735466 25.261820 100.145424
v -78.045311 19.533449 111.527824
v -59.732773 30.590029 100.013123
v -27.607792 -12.338767 124.798538
v -15.270441 -20.051805 106.800087
v 1.182070 -16.756254 115.860863
v 83.587967 -89.223396 72.307030
v 77.764977 -98.369888 90.298363
v 74.595810 -96.583885 74.700325
v 12.058797 -106.515724 112.593506
v 12.122243 -111.779312 118.380035
v -0.435680 -105.736023 106.539543
v 51.442738 43.261818 71.496681
v 62.961422 38.416885 81.423691
v 59.966972 38.596306 69.024597
v 25.619675 -3.363842 167.024231
v 32.669930 -11.321093 172.057953
v 37.979736 -10.949648 165.602158
v 77.286858 27.617388 123.546844
v 67.302338 18.295059 139.217880
v 73.496002 13.405416 141.423981
v 60.982174 -5.579991 160.739914
v 58.245766 2.411470 150.029861
v 57.922314 2.752162 158.086761
v -11.894536 -6.151328 78.470970
v -19.057930 4.004812 79.682014
v -10.269275 13.934816 77.043480
v 32.656574 -32.726379 106.667030
v 42.295319 -31.155113 115.398376
v 42.948013 -31.197050 108.300148
v -57.382740 -87.420303 127.948364
v -73.480202 -75.642059 136.472946
v -73.942719 -83.837067 120.682693
v 93.804710 3.875391 120.483841
v 89.362801 -10.002371 130.712799
v 95.564354 -6.226487 126.146675
v -49.242847 -34.258873 121.428169
v -43.397007 -35.940804 120.228600
v -46.915195 -34.900635 114.837646
v -33.104645 12.023693 52.124710
v -22.873541 20.079195 55.047474
v -34.938427 8.865462 47.829174
v 9.907696 -31.224253 122.039665
v 7.827678 -31.157541 134.168243
v 18.581884 -31.140217 131.173874
v 51.143368 32.031883 55.032799
v 61.323620 35.689938 50.636131
v 42.811337 41.171524 50.931000
v -24.379444 -17.388842 64.612358
v -14.724766 -23.090977 77.271675
v -27.430527 -14.572128 70.687187
v 101.185677 -64.393509 65.736130
v 93.144211 -66.034073 66.815948
v 97.645508 -60.938419 55.285385
v -42.857334 -54.563259 73.414497
v -62.313732 -50.654522 80.735786
v -53.187492 -45.906281 71.561813
v -42.599716 -34.799271 94.679161
v -27.991989 -35.258961 92.875534
v -44.257763 -33.488209 87.382263
v -10.889803 -75.526115 111.048569
v 5.617512 -78.371765 111.198181
v 12.137462 -73.157211 118.508598
v 108.898468 -51.369461 105.972794
v 101.358276 -48.703262 118.555855
v 96.918701 -63.820671 113.972351
v 20.405933 -47.695011 72.941246
v 26.546675 -61.160065 72.884438
v 19.866850 -66.034821 67.941948
v -30.873604 -97.228699 72.729744
v -13.738136 -103.017799 78.631432
v -28.766375 -104.333893 76.057625
v 20.200249 -47.322258 78.661240
v 20.405933 -47.695011 72.941246
v 7.291667 -51.907871 78.270782
v 3.403244 -24.596151 153.246399
v 4.468407 -29.104832 146.209595
v 25.923815 -28.623402 146.372025
v 11.467428 -26.410095 103.927528
v -0.873423 -30.270315 104.312538
v 6.383079 -29.218390 93.691780
v 105.513397 -31.151773 93.596664
v 107.943092 -31.640863 72.815468
v 112.238953 -25.859095 77.871613
v 20.200249 -47.322258 78.661240
v 34.693192 -59.216671 71.160347
v 26.546675 -61.160065 72.884438
v 45.290905 -0.093436 86.151619
v 20.662796 12.844786 72.816284
v 30.735689 3.512078 83.768158
v 74.426720 -34.244431 94.381851
v 61.286507 -36.614166 92.328232
v 54.462234 -34.633766 109.322319
v 23.992702 -28.517927 66.132309
v 26.097792 -18.400579 67.524818
v 27.767683 -27.026192 79.672951
v 42.295319 -31.155113 115.398376
v 43.423897 -35.587498 116.035851
v 44.154964 -35.004425 112.426178
v -31.760582 -26.497488 98.427017
v -27.991989 -29.062304 92.875534
v -24.358231 -27.264162 86.058861
v -49.432880 -34.248421 108.952362
v -48.086357 -36.822781 101.041138
v -55.373077 -35.898949 109.260811
v -28.362461 -32.785641 92.890434
v -27.991989 -29.062304 92.875534
v -31.081089 -32.812843 98.777985
v -13.003773 -33.363331 177.647217
v -11.045048 -33.149830 158.714569
v -26.611404 -34.398853 175.129623
v 1.377149 -62.735962 167.648788
v 2.075731 -48.979267 167.103409
v -6.422065 -50.950878 176.794693
v -80.887604 5.942285 88.054123
v -92.251205 7.759664 94.202240
v -85.962700 13.574472 97.280190
v 91.975403 -32.536518 57.628925
v 90.910210 -38.766190 52.045269
v 78.952621 -42.575493 65.440666
v -34.518444 -8.433501 54.558704
v -49.566498 -5.132092 55.278316
v -28.310583 -4.310206 45.495686
v 26.546675 -61.160065 72.884438
v 34.693192 -59.216671 71.160347
v 50.589054 -61.281231 75.207741
v 4.468407 -35.216434 146.209595
v -20.082294 -36.272972 136.990738
v -23.925396 -34.667870 138.376053
v -14.648344 -65.841812 48.713089
v -28.310583 -60.011059 45.495686
v -15.418022 -58.691696 50.583248
v 28.557787 -29.984379 155.028580
v 18.759727 -27.499378 176.336670
v 20.832367 -23.281988 155.795410
v 12.058797 -106.515724 112.593506
v 30.646671 -108.896729 116.358788
v 12.122243 -111.779312 118.380035
v 20.147566 -30.208353 89.972092
v 15.158909 -28.486376 84.472343
v 10.298379 -34.743252 89.293404
v -46.915195 -34.900635 114.837646
v -46.228493 -31.471342 113.481247
v -49.432880 -34.248421 108.952362
v 13.271416 -112.751457 75.789162
v 17.063072 -110.571022 84.454346
v 2.000780 -108.023102 80.368980
v 35.463017 -25.145718 176.779770
v 21.708805 -23.644405 179.386841
v 27.268019 -31.303720 175.367920
v -17.285221 27.448004 98.708305
v -30.503946 24.790924 97.314804
v -17.143120 37.683907 99.947586
v -13.869533 -33.082279 133.058929
v -20.449455 -33.050056 131.396179
v -18.152950 -32.998241 121.760513
v 28.707844 -40.775883 102.896736
v 32.656574 -32.726379 106.667030
v 26.100779 -31.293392 101.849113
v -92.251205 -72.080933 94.202240
v -94.275513 -73.364952 104.169708
v -89.443565 -56.566467 86.787827
v -19.057930 4.004812 79.682014
v -17.633009 16.566721 93.162155
v -16.496529 17.057425 82.292831
v -28.310583 -4.310206 45.495686
v -15.418022 -5.629570 50.583248
v -30.167145 -14.836860 53.545765
v 44.552475 -24.298956 116.670898
v 54.462234 -29.687500 109.322319
v 38.902134 -23.977707 123.818512
v 7.594957 -79.071770 97.896713
v 14.006564 -85.132408 89.439232
v 21.122335 -79.138794 106.652809
v 35.942425 -59.516190 120.039688
v 13.005220 -52.196625 129.521896
v 23.204109 -46.215488 116.904793
v 3.706789 -29.240606 78.524658
v 7.662344 -26.985743 68.800537
v 5.698658 -35.789352 69.637741
v 37.040386 -75.370773 25.031296
v 28.458839 -82.534492 29.608408
v 22.044144 -65.501930 31.475080
v -28.192675 -19.365488 71.283257
v -25.060337 -11.011032 68.890388
v -24.358231 -27.264162 86.058861
v 3.001555 -48.736023 51.933006
v -1.725229 -36.282684 50.433262
v 6.216459 -39.563911 37.767548
v -15.418022 -5.629570 50.583248
v 7.264646 9.631026 57.604591
v 3.927033 3.054565 62.283409
v -30.167145 -14.836860 53.545765
v -34.518444 -8.433501 54.558704
v -28.310583 -4.310206 45.495686
v -22.873541 20.079195 55.047474
v -31.406893 25.448883 54.942970
v -16.158897 26.647814 50.324059
v -89.080490 -3.094034 126.754372
v -93.182190 6.300073 117.166359
v -92.678268 -4.891136 112.883392
v -62.313732 -50.654522 80.735786
v -78.292404 -52.583652 84.365311
v -73.483498 -41.171665 69.557610
v -7.597995 38.549587 101.851593
v -17.285221 27.448004 98.708305
v -17.143120 37.683907 99.947586
v -76.366684 -37.082493 151.669144
v -68.908386 -36.371197 152.423080
v -56.534565 -33.707676 141.450699
v 13.005220 -12.124639 129.521896
v 4.630093 -0.368071 133.627441
v 18.086536 3.240998 130.098572
v 100.412140 -39.556793 123.929367
v 91.435051 -38.209106 127.059021
v 89.362801 -54.318893 130.712799
v 12.660425 -33.049114 178.237656
v 18.227144 -33.969402 156.536835
v 9.137363 -32.325695 165.287811
v -40.292271 -85.808365 53.614803
v -33.104645 -76.344955 52.124710
v -31.406893 -89.770149 54.942970
v 27.572248 -54.050636 66.289307
v 19.454563 -66.822327 57.604008
v 37.658066 -57.099152 66.780891
v 72.208786 -33.792572 45.271984
v 72.710197 -34.243038 62.024128
v 81.126282 -36.587711 51.864063
v 12.119298 -1.738382 85.152435
v 22.732218 -12.322733 83.137352
v 25.904446 -14.673580 73.634476
v 33.392841 -15.698440 90.765327
v 33.566216 -7.903631 89.014442
v 20.200249 -16.999006 78.661240
v 18.205996 -81.324585 108.092560
v 18.086536 -67.562263 130.098572
v 25.011822 -79.310226 112.434982
v 2.075731 -15.341997 167.103409
v 8.397730 -19.629520 171.540329
v 6.615566 -12.729092 175.466995
v 39.776497 -24.909069 94.182549
v 33.392841 -15.698440 90.765327
v 31.865839 -21.762363 84.663307
v 20.832367 -41.039276 155.795410
v 28.557787 -34.336887 155.028580
v 32.577972 -40.309914 146.285782
v 32.991180 -96.239426 46.321671
v 41.373318 -97.566238 51.742256
v 19.775286 -75.290344 51.386963
v 2.241488 -6.005267 130.475220
v -18.540339 -3.626502 129.408813
v -27.607792 -12.338767 124.798538
v -11.298090 -33.037750 124.441093
v -10.999996 -30.223589 123.494835
v -2.806384 -33.074829 125.525795
v -40.911434 -13.244411 122.931763
v -35.408283 -25.174805 118.077782
v -52.231861 -14.624287 108.685310
v 63.151058 24.338400 31.976101
v 43.512081 33.935200 29.721672
v 44.165539 37.296642 35.728619
v 83.489487 11.873152 50.048111
v 76.175911 21.037836 53.022129
v 85.945030 -13.387960 50.777718
v 17.312113 -27.085752 114.857399
v 22.395737 -27.189543 110.212418
v 23.495979 -33.084705 112.663391
v 86.891151 -32.575283 76.307381
v 74.426720 -30.076834 94.381851
v 63.628071 -26.615820 82.735855
v -31.081089 -32.812843 98.777985
v -41.646496 -32.901901 119.346619
v -46.228493 -32.849922 113.481247
v 23.992702 -28.517927 66.132309
v 26.638447 -42.456406 70.405350
v 24.447872 -33.258720 62.170750
v -31.569748 5.946109 106.504410
v -41.757183 -0.256574 105.098900
v -31.331175 -5.355347 124.136650
v -16.560797 -30.670811 64.522141
v -16.035368 -30.670811 60.838959
v -14.799599 -30.670811 61.401791
v -28.310583 -60.011059 45.495686
v -30.167145 -49.484406 53.545765
v -15.418022 -58.691696 50.583248
v -45.490925 -8.137783 69.751289
v -48.607296 17.616129 80.153481
v -55.367184 11.778671 75.496674
v 9.137363 -31.995569 165.287811
v -2.401741 -32.370422 177.761414
v -11.045048 -31.171436 158.714569
v 100.620186 -29.874327 105.221046
v 97.369904 -26.369650 112.185684
v 78.102562 -31.611877 112.978653
v -0.873423 -30.270315 104.312538
v 15.154488 -35.656208 102.542389
v 9.358373 -33.378674 102.285759
v -66.177551 6.173687 148.927185
v -66.554420 -2.276534 142.257004
v -60.049248 4.035470 150.045135
v -45.717766 19.277540 79.027397
v -68.399529 25.147856 88.083649
v -45.017490 27.957027 88.806450
v -31.081089 -31.508421 98.777985
v -46.228493 -31.471342 113.481247
v -41.646496 -31.419365 119.346619
v -33.287613 -47.243752 69.201233
v -42.857334 -54.563259 73.414497
v -53.187492 -45.906281 71.561813
v -92.251205 7.759664 94.202240
v -80.887604 5.942285 88.054123
v -89.443565 -7.754798 86.787827
v 27.041182 -43.157726 75.026955
v 17.263367 -47.852165 65.714233
v 27.572248 -54.050636 66.289307
v 53.692669 28.820179 139.107193
v 48.580643 37.578728 132.708939
v 52.758839 37.899929 141.230164
v -80.117355 -38.489346 87.686493
v -89.091293 -37.120033 90.117630
v -92.326958 -34.544113 94.348938
v -76.366684 -37.082493 151.669144
v -56.534565 -33.707676 141.450699
v -87.016800 -34.994312 137.768738
v 60.274879 -94.348442 50.634029
v 50.421673 -91.570686 54.573162
v 41.373318 -97.566238 51.742256
v 67.302338 -82.616325 139.217880
v 54.142101 -91.227966 148.644455
v 53.692669 -93.141441 139.107193
v -91.250549 -58.263031 131.651627
v -79.294029 -68.742577 135.688354
v -78.635284 -51.715763 145.911804
v 3.810758 -68.018959 160.953400
v -3.100841 -69.413574 165.624268
v 1.074094 -77.524734 152.509628
v -89.091293 -27.201231 90.117630
v -91.443756 -26.839996 83.597473
v -74.688240 -31.558310 69.321365
v 44.154964 -29.316841 112.426178
v 44.552475 -24.298956 116.670898
v 43.423897 -28.733768 116.035851
v -56.820145 -49.402126 165.864105
v -45.381405 -59.860977 165.516037
v -37.892857 -58.253540 169.272614
v 38.571835 32.828007 52.550968
v 42.811337 41.171524 50.931000
v 26.170444 31.231142 45.792072
v 13.271416 48.430187 75.789162
v -9.322674 44.690235 73.155525
v 2.000780 43.701839 80.368980
v -31.081089 -31.508421 98.777985
v -27.991989 -35.258961 92.875534
v -28.362461 -31.535624 92.890434
v -94.535583 -27.889345 112.123680
v -86.631844 -30.840885 107.477684
v -86.795593 -31.188963 124.881493
v -27.991989 -29.062304 92.875534
v -33.679897 -29.087076 92.779198
v -42.599716 -29.521992 94.679161
v 52.055813 -17.120321 23.046904
v 42.170128 -23.135111 35.115189
v 43.973328 -19.179956 27.215174
v 6.915541 -19.742851 37.263885
v 6.710088 -9.655027 49.482052
v 10.177036 -6.046121 49.585789
v -18.540339 -3.626502 129.408813
v -12.856099 10.714901 111.433800
v -19.082716 5.641025 114.801964
v 14.956869 -4.717025 53.353325
v 30.486971 -19.176540 61.073975
v 13.771319 -6.714472 60.724808
v 23.204109 -46.215488 116.904793
v 44.065456 -57.681004 109.329300
v 35.942425 -59.516190 120.039688
v -52.231861 -14.624287 108.685310
v -52.828754 -12.162136 94.741150
v -54.749306 -3.444805 109.069397
v 31.277229 -111.337799 77.420113
v 17.063072 -110.571022 84.454346
v 13.271416 -112.751457 75.789162
v -5.520492 44.148014 121.754913
v -7.587675 25.143257 139.484253
v 6.885769 31.671074 145.195221
v -20.753958 -59.552444 131.844696
v -20.621687 -50.950024 130.627075
v 4.630093 -63.953194 133.627441
v 51.961067 -63.589069 60.834019
v 65.830818 -48.820557 66.506882
v 49.378017 -40.179173 80.728355
v -24.362034 -23.324841 177.272385
v -2.401741 -32.370422 177.761414
v -11.646299 -21.428696 177.696899
v 10.654669 -117.019691 95.940948
v -8.810958 -112.911568 84.170464
v 8.790732 -115.022110 88.400116
v 77.286858 -91.938652 123.546844
v 95.233681 -76.271332 111.521614
v 87.358154 -75.211357 120.371750
v 13.460897 -61.807598 128.195068
v 32.758808 -68.777351 117.287086
v 29.463972 -54.723328 119.560654
v 65.725273 -2.708886 66.936272
v 61.871056 -6.244142 72.953964
v 45.123890 1.953712 71.580025
v 20.405933 -16.626253 72.941246
v 19.866850 1.713559 67.941948
v 26.546675 -3.161200 72.884438
v -10.492575 -77.334236 102.285896
v 5.617512 -78.371765 111.198181
v -10.889803 -75.526115 111.048569
v 10.078738 16.978029 94.756004
v 10.785492 25.522402 106.504715
v 0.283292 16.843588 101.705063
v 18.126854 34.355652 106.999878
v 18.205996 17.003317 108.092560
v 7.686195 15.639994 112.468903
v 50.401409 -50.542282 78.627846
v 54.333015 -42.720238 90.167168
v 63.628071 -37.705444 82.735855
v 85.945030 -13.387960 50.777718
v 80.495972 -12.518442 57.662235
v 78.654129 -22.353567 56.956650
v -56.534565 -30.613588 141.450699
v -66.858231 -30.582735 118.992950
v -58.436157 -25.810122 123.209030
v -11.894536 -6.151328 78.470970
v -10.269275 13.934816 77.043480
v 4.626236 1.722527 86.749603
v 11.917117 -36.145794 118.634987
v 9.907696 -31.224253 122.039665
v 14.864699 -31.224253 119.549179
v 43.760365 -29.265026 103.818214
v 42.918385 -33.084705 101.737877
v 41.603111 -33.059933 98.269073
v -91.443756 -37.481270 83.597473
v -74.688240 -32.762955 69.321365
v -88.462311 -46.038837 78.124298
v 9.137363 -32.325695 165.287811
v -2.401741 -31.950844 177.761414
v -1.689815 -38.507046 179.583832
v 74.097328 29.145729 97.192825
v 68.992889 34.541199 94.398308
v 75.997681 38.836727 100.985428
v -27.430527 -49.749138 70.687187
v -24.379444 -46.932423 64.612358
v -40.475494 -49.568844 64.879448
v 23.178089 -46.281860 83.268150
v 12.178561 -58.514896 85.126129
v 26.638447 -42.456406 70.405350
v 32.669930 -11.321093 172.057953
v 35.463017 -25.145718 176.779770
v 37.979736 -10.949648 165.602158
v 59.193909 26.594196 54.967228
v 47.087864 17.056089 62.973053
v 34.564156 22.712181 54.549633
v 76.873062 -73.285629 36.461372
v 87.430679 -49.336750 45.588814
v 79.336693 -75.541321 44.247730
v 58.214077 -65.072090 105.939545
v 44.065456 -57.681004 109.329300
v 61.643639 -67.579071 98.573380
v 24.762352 -33.062363 108.231010
v 28.707844 -23.545382 102.896736
v 32.656574 -31.594885 106.667030
v 0.938996 -23.943804 132.975815
v -18.993708 -25.939865 125.573303
v 13.655263 -24.656544 109.267906
v -24.430784 -34.683151 76.553612
v -24.358231 -37.057102 86.058861
v -28.192675 -44.955776 71.283257
v -73.942719 19.515802 120.682693
v -57.382740 23.099039 127.948364
v -67.007629 26.042265 111.044548
v 4.249526 -12.177052 126.331718
v 1.182070 -16.756254 115.860863
v 35.327694 -3.582400 116.255791
v 42.453537 1.029668 165.835022
v 35.111946 15.316885 162.848053
v 30.791216 -0.398141 170.025543
v -16.560797 -29.608458 64.522141
v -17.605663 -29.608458 66.897987
v -14.987102 -29.608458 61.062569
v 18.089005 4.049920 169.383804
v 5.158086 15.690725 157.253586
v 3.810758 3.697693 160.953400
v -34.938427 -73.186729 47.829174
v -33.104645 -76.344955 52.124710
v -49.593819 -71.982193 55.713997
v -3.216685 -34.444164 105.718117
v 15.154488 -35.656208 102.542389
v -0.873423 -30.270315 104.312538
v 75.997681 -103.157997 100.985428
v 64.041794 -109.460052 103.459618
v 64.780540 -108.733513 91.860855
v 20.662796 12.844786 72.816284
v 45.839485 6.429314 84.145920
v 32.476059 14.474019 103.319740
v -20.449455 -31.271210 131.396179
v -21.926809 -38.589321 133.046631
v -14.898370 -40.472122 135.205994
v -31.406893 25.448883 54.942970
v -30.873604 32.907436 72.729744
v -28.915672 36.846764 66.338326
v -49.593819 7.660925 55.713997
v -40.292271 21.487103 53.614803
v -33.104645 12.023693 52.124710
v 10.654669 52.698425 95.940948
v -8.810958 48.590298 84.170464
v 3.081453 51.252174 103.649857
v 81.164787 -15.497311 35.893600
v 79.469307 -20.311028 41.837936
v 66.399719 -23.879808 36.149517
v 108.898468 -12.951803 105.972794
v 96.918701 -0.500593 113.972351
v 101.358276 -15.618003 118.555855
v 96.918701 -0.500593 113.972351
v 95.233681 11.950066 111.521614
v 93.804710 3.875391 120.483841
v 24.926878 53.811363 99.065880
v 34.252079 50.903114 103.251434
v 32.615406 52.686058 91.232201
v 101.642441 -33.014877 59.665699
v 91.975403 -32.536518 57.628925
v 86.891151 -31.745983 76.307381
v 93.804710 -68.196655 120.483841
v 78.855919 -74.021683 136.670776
v 87.358154 -75.211357 120.371750
v 34.556110 18.737621 96.511581
v 13.408947 23.484716 82.745102
v 11.692668 24.570700 89.660965
v 25.619675 -3.363842 167.024231
v 37.979736 -10.949648 165.602158
v 30.791216 -0.398141 170.025543
v -16.158897 -90.969078 50.324059
v -6.623179 -85.378204 47.536205
v 5.616270 -92.519775 52.360928
v 106.542145 -20.885342 111.777397
v 108.898468 -12.951803 105.972794
v 101.358276 -15.618003 118.555855
v 33.392841 -15.698440 90.765327
v 20.200249 -16.999006 78.661240
v 31.865839 -21.762363 84.663307
v 108.898468 -12.951803 105.972794
v 100.144173 -30.140715 99.380814
v 105.513397 -31.151773 93.596664
v 74.390602 -45.231133 151.373199
v 72.099525 -58.743954 151.359283
v 84.714417 -37.599659 147.359772
v -78.635284 -12.605502 145.911804
v -70.556862 -15.367015 158.073822
v -72.748993 -5.333713 149.072861
v -53.187492 -18.414984 71.561813
v -40.084480 -28.523582 68.472404
v -73.483498 -23.149599 69.557610
v -42.799042 -31.570112 95.197945
v -48.690319 -31.510849 108.161705
v -33.448837 -31.552786 92.902740
v 35.327694 -3.582400 116.255791
v 36.140327 9.907878 112.805367
v 25.239500 0.951794 123.530045
v -48.113686 -29.664356 77.656334
v -74.688240 -31.558310 69.321365
v -40.084480 -28.523582 68.472404
v -38.031040 12.316673 77.664955
v -52.900398 4.542668 95.562714
v -48.014786 -2.091108 86.867455
v 15.425893 9.584184 86.248222
v 26.443914 -1.498741 85.124634
v 12.119298 -1.738382 85.152435
v -51.937588 -37.629070 138.025528
v -43.811077 -33.009785 155.182877
v -38.807186 -40.350567 149.817719
v -17.143120 -102.005173 99.947586
v -31.919104 -96.923706 103.560051
v -30.503946 -89.112190 97.314804
v -27.991989 -29.062304 92.875534
v -40.084480 -28.523582 68.472404
v -24.430784 -29.638115 76.553612
v 41.603111 -31.261332 98.269073
v 34.600418 -31.298410 96.201202
v 42.918385 -31.236559 101.737877
v 18.205996 17.003317 108.092560
v 18.086536 3.240998 130.098572
v 7.686195 15.639994 112.468903
v -21.699202 -66.823494 157.687607
v -23.919796 -76.163628 158.961823
v -17.924818 -74.445648 154.966522
v 27.889088 -34.893467 95.524513
v 2.120872 -34.860268 131.836304
v 34.891708 -34.272606 109.156784
v -85.962700 -77.895737 97.280190
v -81.688019 -84.159531 95.425781
v -78.045311 -83.854713 111.527824
v 28.707844 -23.545382 102.896736
v 27.387877 -28.462067 102.209869
v 26.100779 -33.027874 101.849113
v -26.282986 -67.712723 166.079834
v -45.381405 -59.860977 165.516037
v -43.990032 -62.342373 157.702194
v 38.764053 -82.544861 158.071716
v 40.549126 -94.025169 151.624115
v 54.142101 -91.227966 148.644455
v -43.440903 -97.392517 99.585960
v -30.503946 -89.112190 97.314804
v -31.919104 -96.923706 103.560051
v 64.041794 -109.460052 103.459618
v 75.997681 -103.157997 100.985428
v 63.579071 -103.415100 110.474167
v 22.044144 -65.501930 31.475080
v 28.458839 -82.534492 29.608408
v 20.745453 -76.744179 35.280251
v 25.619675 -60.957424 167.024231
v 18.089005 -68.371185 169.383804
v 22.352339 -73.097542 162.959045
v -43.815517 -77.360970 94.161537
v -52.900398 -68.863930 95.562714
v -44.454678 -68.545250 114.944267
v -98.090836 -49.250832 104.268494
v -94.535583 -36.431919 112.123680
v -86.631844 -33.480381 107.477684
v -49.537155 22.913172 65.180496
v -38.592983 33.627655 70.179413
v -49.816528 19.480591 59.177311
v -35.408283 -39.146461 118.077782
v -31.601822 -35.476257 99.002892
v -16.314030 -37.746967 123.010155
v 12.267042 29.860979 140.308685
v 9.576650 41.944313 134.482574
v 6.885769 31.671074 145.195221
v -17.647711 -16.377264 57.414982
v -23.516333 -31.937407 63.878185
v -13.946505 -20.653374 62.450562
v -66.858231 -30.582735 118.992950
v -56.534565 -30.613588 141.450699
v -78.083405 -30.744085 128.274826
v -13.360437 -64.396378 121.434944
v 12.137462 -73.157211 118.508598
v -7.679646 -57.000092 130.844727
v 65.131020 -42.801620 76.016579
v 78.952621 -42.575493 65.440666
v 72.378151 -49.993145 75.223831
v 12.137462 -73.157211 118.508598
v -13.340360 -71.344795 110.906845
v -10.889803 -75.526115 111.048569
v -21.926809 -38.589321 133.046631
v -20.082294 -36.272972 136.990738
v -14.898370 -40.472122 135.205994
v -48.113686 -34.656910 77.656334
v -73.564651 -35.170815 87.565109
v -44.257763 -33.488209 87.382263
v 75.291039 -47.644405 61.557739
v 60.547649 -81.802292 55.893429
v 71.445343 -73.842957 56.240070
v 13.650381 -39.744560 32.522537
v 33.665264 -40.905903 35.417393
v 19.621895 -50.583115 38.633087
v 43.611076 -29.865423 109.236526
v 43.760365 -29.265026 103.818214
v 44.552475 -24.298956 116.670898
v 53.692669 -93.141441 139.107193
v 48.580643 -101.899994 132.708939
v 67.988403 -88.761406 140.395660
v -18.655926 -22.095375 83.240784
v -18.613716 -3.605256 79.574959
v -2.598414 -6.309608 83.948242
v -18.540339 -3.626502 129.408813
v -31.569748 5.946109 106.504410
v -31.331175 -5.355347 124.136650
v -31.760582 -37.823776 98.427017
v -31.081089 -31.508421 98.777985
v -31.601822 -35.476257 99.002892
v -23.526827 -11.686283 78.374657
v -30.637081 8.350807 76.331757
v -44.761753 -14.418029 86.925552
v 33.392841 -48.622826 90.765327
v 29.840471 -37.796242 98.370438
v 34.355919 -39.923538 94.113411
v -26.529102 -98.085320 57.662563
v -16.158897 -90.969078 50.324059
v -8.209353 -98.802628 60.527325
v -27.607792 -12.338767 124.798538
v -24.066437 -21.792440 94.315765
v -15.270441 -20.051805 106.800087
v -70.556862 -48.954250 158.073822
v -85.126625 -47.071495 145.241058
v -78.635284 -51.715763 145.911804
v -51.853653 -6.217955 66.297142
v -49.566498 -5.132092 55.278316
v -40.475494 -14.752419 64.879448
v -85.126625 -47.071495 145.241058
v -87.016800 -34.994312 137.768738
v -90.386322 -43.809349 134.727188
v -92.326958 -34.544113 94.348938
v -93.054123 -47.366650 87.820465
v -96.714043 -53.715771 92.247696
v 34.252079 -115.224380 103.251434
v 25.374077 -111.995186 108.255760
v 24.926878 -118.132629 99.065880
v 72.099525 -5.577312 151.359283
v 69.493965 0.585780 140.392792
v 58.245766 2.411470 150.029861
v -32.086445 -32.852352 105.972717
v -30.995756 -29.860405 106.086388
v -29.394697 -32.904327 112.762161
v 72.099525 -58.743954 151.359283
v 85.223335 -57.102222 138.640381
v 81.601837 -51.348808 144.994537
v 26.443830 -58.781925 85.124619
v 12.178561 -58.514896 85.126129
v 23.178089 -46.281860 83.268150
v -13.869533 -33.082279 133.058929
v -18.152950 -32.998241 121.760513
v -7.435662 -33.082279 129.362793
v 96.970039 -76.925453 90.179039
v 97.337067 -73.750023 71.427856
v 105.957916 -61.040848 78.299850
v 23.009937 15.350467 58.151859
v 19.059536 18.946478 59.322842
v 34.564156 22.712181 54.549633
v 71.670601 14.539222 54.442566
v 90.718803 -9.653820 50.881046
v 75.476875 4.410794 57.224628
v 86.786301 -10.139276 43.504452
v 82.658768 -4.939985 34.549782
v 83.489487 11.873152 50.048111
v -15.287656 45.519825 84.036026
v -9.430904 46.278572 93.805069
v -8.810958 48.590298 84.170464
v 17.063072 46.249756 84.454346
v 26.095896 43.795784 85.694283
v 31.277229 47.016537 77.420113
v -79.294029 4.421309 135.688354
v -72.748993 -5.333713 149.072861
v -66.554420 -2.276534 142.257004
v 96.970039 12.604186 90.179039
v 95.233681 11.950066 111.521614
v 100.731972 6.421641 109.666908
v -21.718304 -107.477676 107.574867
v -7.597995 -102.870850 101.851593
v -9.605888 -109.660789 113.309967
v 12.880909 -82.024734 159.225128
v 6.885769 -95.992340 145.195221
v 20.472441 -85.004494 154.508072
v -27.430527 -14.572128 70.687187
v -40.475494 -14.752419 64.879448
v -24.379444 -17.388842 64.612358
v 21.185349 -108.466110 69.950287
v 5.475913 -107.491409 63.377739
v 21.294868 -102.818375 68.196701
v -17.141878 17.493961 83.712486
v -31.151052 26.484941 95.642639
v -38.866940 15.150522 80.369263
v -17.153421 -30.139553 75.734741
v -17.263689 -30.139553 79.972984
v -8.170826 -34.640709 96.002388
v 35.463017 -39.175549 176.779770
v 50.650898 -35.929714 169.201736
v 44.806538 -34.586941 170.967819
v -8.810958 -112.911568 84.170464
v -9.430904 -110.599838 93.805069
v -15.287656 -109.841087 84.036026
v 9.486017 -84.160027 59.202431
v 3.772339 -79.766975 59.305298
v 23.009937 -79.671730 58.151859
v 27.463280 31.482172 108.696297
v 30.549753 25.025801 104.373611
v 25.011822 14.988959 112.434982
v 28.572912 -43.874390 92.160294
v 28.806311 -63.059372 97.655777
v 26.443830 -58.781925 85.124619
v -30.088724 38.407608 109.338882
v -36.041801 34.352276 122.013802
v -21.718304 43.156410 107.574867
v 25.161369 -10.362272 37.781971
v 35.990150 -22.861996 51.412495
v 30.486971 -19.176540 61.073975
v -52.828754 -52.159130 94.741150
v -24.358231 -37.057102 86.058861
v -31.760582 -37.823776 98.427017
v -21.718304 -107.477676 107.574867
v -31.919104 -96.923706 103.560051
v -17.143120 -102.005173 99.947586
v 19.866850 1.713559 67.941948
v 20.405933 -16.626253 72.941246
v 1.036221 -6.837781 61.249237
v 42.295319 -31.155113 115.398376
v 38.902134 -40.343559 123.818512
v 44.552475 -40.022308 116.670898
v -10.268469 -74.216454 77.043549
v -10.763317 -53.146187 79.488304
v 4.626835 -62.003139 86.749809
v 61.643639 3.257804 98.573380
v 60.895241 9.599927 105.076668
v 48.579899 6.137293 94.822861
v -38.031040 12.316673 77.664955
v -36.447441 -0.209430 69.310265
v -45.717766 19.277540 79.027397
v -73.942719 -83.837067 120.682693
v -73.480202 -75.642059 136.472946
v -75.165314 -69.161865 130.685211
v 32.669930 -11.321093 172.057953
v 21.708805 -23.644405 179.386841
v 35.463017 -25.145718 176.779770
v 84.588280 -93.273460 91.218498
v 80.505753 -92.867439 110.284653
v 74.097328 -93.466995 97.192825
v 4.468407 -29.104832 146.209595
v -34.505104 -28.986582 146.972687
v -23.925396 -29.653397 138.376053
v 30.807201 -18.234865 46.270329
v 18.312498 -10.053285 58.350750
v 26.097792 -18.400579 67.524818
v 18.902847 33.052227 53.482342
v 5.616270 28.198509 52.360928
v 16.976171 42.304871 60.320919
v -18.655926 -22.095375 83.240784
v -40.872040 -14.434908 94.563927
v -36.219715 3.727681 85.391335
v 12.880909 17.703472 159.225128
v 20.472441 20.683228 154.508072
v 6.885769 31.671074 145.195221
v -48.690319 -31.510849 108.161705
v -42.799042 -31.570112 95.197945
v -47.297325 -31.552786 100.641037
v -15.287656 -109.841087 84.036026
v -41.353024 -100.787437 81.427795
v -28.766375 -104.333893 76.057625
v 50.421673 -91.570686 54.573162
v 19.775286 -75.290344 51.386963
v 41.373318 -97.566238 51.742256
v -16.495865 -77.338837 82.292770
v 13.413879 -83.765488 82.746773
v 14.006564 -85.132408 89.439232
v 14.991968 -30.139553 80.531120
v 6.255015 -27.368046 85.867462
v 10.298379 -34.743252 89.293404
v -49.242847 -30.062393 121.428169
v -58.436157 -25.810122 123.209030
v -55.373077 -28.422314 109.260811
v -92.678268 -59.430130 112.883392
v -89.080490 -61.227230 126.754372
v -91.250549 -58.263031 131.651627
v -49.511925 -84.033661 136.510254
v -63.206783 -78.409378 137.220306
v -50.873009 -82.318817 128.309631
v -17.141878 -81.815224 83.712486
v -31.151052 -90.806206 95.642639
v -20.812361 -86.578934 89.217644
v 11.917117 -36.145794 118.634987
v 23.204109 -46.215488 116.904793
v 1.427690 -34.661823 119.303680
v -26.282986 -67.712723 166.079834
v -24.842529 -58.252228 172.341278
v -37.892857 -58.253540 169.272614
v 54.462234 -34.633766 109.322319
v 38.902134 -40.343559 123.818512
v 41.051331 -35.748196 130.338684
v 75.291039 -47.644405 61.557739
v 83.086227 -45.680553 54.927097
v 72.710197 -34.243038 62.024128
v -43.815517 13.039706 94.161537
v -24.712860 11.237096 114.051064
v -44.454678 4.223985 114.944267
v 55.470303 -16.645632 77.642906
v 58.379959 -37.773445 75.351791
v 70.994987 -22.524372 65.032158
v -7.435662 -31.238987 129.362793
v -11.298090 -31.283514 124.441093
v -18.152950 -31.323023 121.760513
v -30.088724 38.407608 109.338882
v -31.919104 32.602440 103.560051
v -36.041801 34.352276 122.013802
v 51.201324 39.539337 121.875755
v 48.580643 37.578728 132.708939
v 59.101681 40.164204 128.000763
v 25.174526 -52.195217 110.363785
v 10.266513 -29.959452 110.743973
v 0.717116 -43.193138 115.318176
v -13.869533 -33.082279 133.058929
v -14.898370 -23.849144 135.205994
v -20.449455 -33.050056 131.396179
v -40.084480 -35.797680 68.472404
v -24.430784 -34.683151 76.553612
v -28.192675 -44.955776 71.283257
v -18.152950 -31.323023 121.760513
v -20.449455 -31.271210 131.396179
v -13.869533 -31.238987 133.058929
v -46.915195 -29.420631 114.837646
v -43.397007 -28.380461 120.228600
v -49.242847 -30.062393 121.428169
v 84.958923 -45.857452 38.558384
v 87.430679 -49.336750 45.588814
v 76.873062 -73.285629 36.461372
v -51.937588 -37.629070 138.025528
v -49.242847 -34.258873 121.428169
v -58.436157 -38.511143 123.209030
v 41.603111 -33.059933 98.269073
v 42.918385 -33.084705 101.737877
v 34.600418 -33.022854 96.201202
v -2.806384 -33.074829 125.525795
v -2.712309 -30.616405 124.591843
v 9.907696 -33.097012 122.039665
v 75.025162 -28.723038 149.856461
v 61.197674 -29.155724 145.616196
v 84.473709 -30.485697 136.010361
v 67.302338 -82.616325 139.217880
v 53.692669 -93.141441 139.107193
v 67.988403 -88.761406 140.395660
v -44.454678 4.223985 114.944267
v -20.753958 -4.768821 131.844696
v -39.931641 -4.679553 124.183380
v 42.608093 10.239594 105.035736
v 32.476059 14.474019 103.319740
v 45.839485 6.429314 84.145920
v -3.562112 35.437160 104.477562
v -0.435680 41.414753 106.539543
v 3.019253 21.242947 106.426048
v -51.853653 -6.217955 66.297142
v -54.249706 0.295722 63.866611
v -49.566498 -5.132092 55.278316
v 2.120872 -34.860268 131.836304
v 19.921036 -33.352680 126.467842
v 34.891708 -34.272606 109.156784
v 25.011822 -79.310226 112.434982
v 27.463280 -95.803436 108.696297
v 18.205996 -81.324585 108.092560
v 67.536240 -68.771614 148.915558
v 58.245766 -66.732735 150.029861
v 45.836681 -78.516464 154.178421
v 27.252590 -55.790253 32.226688
v 36.977333 -41.611721 42.634121
v 31.609743 -50.412064 26.232695
v 77.764977 -98.369888 90.298363
v 83.587967 -89.223396 72.307030
v 82.618111 -86.245216 85.760361
v 64.780540 -108.733513 91.860855
v 47.997345 -111.541122 82.040268
v 51.442738 -107.583084 71.496681
v -54.249706 -64.616989 63.866611
v -55.367184 -76.099937 75.496674
v -51.853653 -58.103310 66.297142
v -86.631844 -30.840885 107.477684
v -67.406410 -30.757015 103.265625
v -78.133774 -26.392733 113.395546
v 24.762352 -31.258904 108.231010
v 28.707844 -40.775883 102.896736
v 22.395737 -37.131721 110.212418
v -38.807186 -23.970699 149.817719
v -51.937588 -26.692194 138.025528
v -34.505104 -28.986582 146.972687
v 31.033566 -62.896763 91.677521
v 33.566216 -56.417633 89.014442
v 20.395620 -59.306133 80.948090
v -82.502602 10.520854 106.565140
v -85.962700 13.574472 97.280190
v -94.275513 9.043687 104.169708
v 80.505753 28.546171 110.284653
v 77.286858 27.617388 123.546844
v 87.762642 22.533289 112.976723
v -98.975281 -44.320389 98.927490
v -94.275513 -73.364952 104.169708
v -98.090836 -49.250832 104.268494
v -92.326958 -34.544113 94.348938
v -98.975281 -44.320389 98.927490
v -86.631844 -33.480381 107.477684
v -17.141878 -81.815224 83.712486
v 10.078738 -81.299294 94.756004
v 20.662796 -77.166054 72.816284
v -46.131393 -100.114189 112.637497
v -67.007629 -90.363525 111.044548
v -43.440903 -97.392517 99.585960
v 30.791216 -0.398141 170.025543
v 37.979736 -10.949648 165.602158
v 42.453537 1.029668 165.835022
v -27.607792 -12.338767 124.798538
v -45.910686 -10.275229 107.868309
v -40.872040 -14.434908 94.563927
v 17.063072 46.249756 84.454346
v 2.000780 43.701839 80.368980
v 8.790732 50.700848 88.400116
v 43.850182 -104.226280 68.616447
v 56.430321 -98.450035 60.234650
v 61.908051 -96.239792 65.997429
v -1.837848 -39.858192 65.599106
v -4.344840 -46.509510 79.796837
v -4.217681 -30.102255 78.262962
v 2.120872 -34.860268 131.836304
v -15.387839 -32.681297 128.503571
v 0.938996 -23.943804 132.975815
v -7.587675 25.143257 139.484253
v -5.520492 44.148014 121.754913
v -23.478674 25.502239 143.145218
v -27.991989 -35.258961 92.875534
v -42.599716 -34.799271 94.679161
v -33.679897 -35.234188 92.779198
v -24.379444 -46.932423 64.612358
v -27.430527 -49.749138 70.687187
v -14.724766 -41.230289 77.271675
v 18.227144 -33.969402 156.536835
v 20.832367 -41.039276 155.795410
v 3.403244 -39.725113 153.246399
v 6.216459 -39.563911 37.767548
v 10.129068 -54.090668 49.223412
v 3.001555 -48.736023 51.933006
v -42.420174 -81.652817 132.676132
v -49.511925 -84.033661 136.510254
v -50.873009 -82.318817 128.309631
v 60.274879 -94.348442 50.634029
v 43.002537 -97.618713 39.621620
v 58.863010 -93.427559 40.804157
v 105.957916 -61.040848 78.299850
v 102.256866 -68.242607 90.719521
v 96.970039 -76.925453 90.179039
v -55.367184 -76.099937 75.496674
v -54.249706 -64.616989 63.866611
v -55.073784 -84.183762 69.914993
v -34.604511 32.523884 97.065277
v -31.151052 26.484941 95.642639
v -17.760139 37.772213 99.411377
v 72.785362 -23.966843 48.052906
v 79.469307 -20.311028 41.837936
v 78.654129 -22.353567 56.956650
v -20.621687 -50.950024 130.627075
v -40.911434 -51.076855 122.931763
v -35.408283 -39.146461 118.077782
v 18.581884 -31.140217 131.173874
v 18.029577 -40.733944 133.753250
v 26.985182 -40.699295 130.781052
v -31.601822 -28.845007 99.002892
v -31.081089 -32.812843 98.777985
v -31.760582 -26.497488 98.427017
v 12.122243 47.458050 118.380035
v 12.267042 29.860979 140.308685
v 16.337702 45.043499 130.641785
v 49.378017 -40.179173 80.728355
v 39.607662 -21.939047 81.218018
v 41.673500 -38.800068 82.440964
v 49.324764 -12.654477 167.640335
v 37.979736 -10.949648 165.602158
v 35.463017 -25.145718 176.779770
v -17.680632 -76.823402 93.088043
v -29.394621 -69.902039 82.874069
v -19.057919 -64.286255 79.682083
v 47.087864 17.056089 62.973053
v 67.548584 7.469031 64.677292
v 54.016174 8.950567 63.025806
v 30.684944 -52.582668 106.080925
v 31.033566 -62.896763 91.677521
v 45.290905 -64.227829 86.151619
v -42.599716 -29.521992 94.679161
v -42.799042 -32.751152 95.197945
v -47.297325 -32.768478 100.641037
v 42.918385 -31.236559 101.737877
v 42.948013 -31.197050 108.300148
v 43.760365 -35.056240 103.818214
v 21.185349 -108.466110 69.950287
v 21.294868 -102.818375 68.196701
v 51.442738 -107.583084 71.496681
v -76.366684 -37.082493 151.669144
v -70.556862 -48.954250 158.073822
v -58.524376 -43.667877 161.854279
v 28.458839 -82.534492 29.608408
v 37.040386 -75.370773 25.031296
v 45.964146 -86.564598 26.995758
v -80.887604 5.942285 88.054123
v -71.009361 14.099762 86.863350
v -78.292404 -11.737615 84.365311
v 6.557771 -11.513785 66.039169
v 18.312498 -10.053285 58.350750
v 6.710088 -9.655027 49.482052
v 95.564354 -58.094776 126.146675
v 100.412140 -39.556793 123.929367
v 89.362801 -54.318893 130.712799
v -18.993708 -25.939865 125.573303
v 0.938996 -23.943804 132.975815
v -15.387839 -32.681297 128.503571
v 111.113747 -16.203074 68.307747
v 105.247444 -25.950819 63.665543
v 105.703552 -9.211691 61.651924
v -9.605888 -109.660789 113.309967
v -7.597995 -102.870850 101.851593
v -3.562112 -99.758423 104.477562
v 100.731972 -70.742905 109.666908
v 96.970039 -76.925453 90.179039
v 102.256866 -68.242607 90.719521
v 38.957245 -21.016487 14.054545
v 30.677073 -17.171989 34.099991
v 30.807201 -18.234865 46.270329
v 102.256866 3.921341 90.719521
v 100.731972 6.421641 109.666908
v 100.795227 -5.092203 103.554756
v -24.842529 -58.252228 172.341278
v -19.398119 -58.563408 166.088501
v -24.362034 -40.996426 177.272385
v -16.158897 -90.969078 50.324059
v -22.873541 -84.400459 55.047474
v -34.938427 -73.186729 47.829174
v 27.268019 -31.303720 175.367920
v 46.696106 -30.980999 147.342194
v 39.957123 -28.797400 162.230896
v 22.395737 -37.131721 110.212418
v 23.204109 -46.215488 116.904793
v 17.312113 -37.235512 114.857399
v -18.730940 -37.976528 83.423729
v -40.984299 -45.883354 94.508316
v -23.904976 -38.427437 94.369980
v 37.699234 -31.288534 96.220955
v 36.163914 -35.750549 95.136253
v 34.355919 -39.923538 94.113411
v -23.925396 -34.667870 138.376053
v -49.242847 -34.258873 121.428169
v -34.505104 -35.334682 146.972687
v 27.268019 -33.017544 175.367920
v 39.957123 -35.523865 162.230896
v 46.696106 -33.340267 147.342194
v -49.242847 -34.258873 121.428169
v -55.373077 -35.898949 109.260811
v -58.436157 -38.511143 123.209030
v 35.501163 -34.088383 52.073540
v 32.377289 -41.376663 45.758720
v 29.830334 -40.085655 57.813686
v -26.611404 -29.922411 175.129623
v -13.003773 -30.957935 177.647217
v -24.362034 -23.324841 177.272385
v 28.697481 -31.303268 98.783005
v 42.948013 -31.197050 108.300148
v 34.600418 -31.298410 96.201202
v 11.975887 -98.511765 101.858765
v 30.549753 -89.347069 104.373611
v 32.476059 -78.795280 103.319740
v -26.916132 -77.857376 99.290962
v -14.778118 -74.790421 97.429535
v -21.845947 -68.580261 109.623337
v -20.621687 -13.371241 130.627075
v -40.911434 -13.244411 122.931763
v -20.753958 -4.768821 131.844696
v 8.397730 -44.691746 171.540329
v 21.708805 -40.676861 179.386841
v 18.759727 -36.821888 176.336670
v 13.413879 -83.765488 82.746773
v -16.495865 -77.338837 82.292770
v -10.268469 -74.216454 77.043549
v 2.677489 -31.287806 112.828400
v -6.688582 -22.069929 111.375229
v 0.717116 -43.193138 115.318176
v 18.902847 33.052227 53.482342
v 16.976171 42.304871 60.320919
v 35.218201 39.400627 59.945370
v 9.486017 -84.160027 59.202431
v 23.009937 -79.671730 58.151859
v 19.059536 -83.267746 59.322842
v 107.943092 -32.680401 72.815468
v 105.247444 -38.370445 63.665543
v 92.581711 -32.152149 89.255890
v 45.836681 14.195202 154.178421
v 35.111946 15.316885 162.848053
v 57.922314 2.752162 158.086761
v 20.395620 -59.306133 80.948090
v 33.566216 -56.417633 89.014442
v 20.200249 -47.322258 78.661240
v 93.804710 3.875391 120.483841
v 78.855919 9.700418 136.670776
v 85.223335 -7.219043 138.640381
v -13.568943 -65.056564 70.009682
v -15.522696 -45.850540 85.206566
v -25.003910 -59.774803 75.609802
v 44.614799 -66.292633 109.591652
v 44.065456 -57.681004 109.329300
v 58.214077 -65.072090 105.939545
v 78.102562 -32.709389 112.978653
v 100.620186 -34.446938 105.221046
v 100.144173 -34.180550 99.380814
v 27.767683 -27.026192 79.672951
v 20.147566 -30.208353 89.972092
v 28.687624 -35.287308 79.213417
v 67.988403 -88.761406 140.395660
v 70.168716 -96.699783 130.632629
v 77.286858 -91.938652 123.546844
v -47.297325 -31.552786 100.641037
v -42.799042 -31.570112 95.197945
v -42.599716 -34.799271 94.679161
v -56.820145 -49.402126 165.864105
v -58.524376 -43.667877 161.854279
v -65.929077 -55.515591 157.060440
v 1.377149 -62.735962 167.648788
v -6.422065 -50.950878 176.794693
v -3.100841 -69.413574 165.624268
v 42.453537 -65.350929 165.835022
v 49.324764 -51.666786 167.640335
v 37.979736 -53.371616 165.602158
v -13.946505 -20.653374 62.450562
v -13.841367 -35.153755 63.625755
v -8.900523 -37.208412 55.621662
v -42.420174 -81.652817 132.676132
v -26.521597 -88.328461 132.290100
v -34.342205 -88.708984 142.741119
v -38.866940 -79.471786 80.369263
v -26.463978 -69.980011 75.770523
v -32.525978 -66.412720 72.232887
v -35.903374 -31.367552 124.579536
v -29.275038 -31.323023 128.070679
v -32.086445 -31.468912 105.972717
v 78.905701 -97.754150 112.027275
v 80.505753 -92.867439 110.284653
v 77.286858 -91.938652 123.546844
v 83.587967 24.902128 72.307030
v 93.253609 11.389244 86.343399
v 97.337067 9.428760 71.427856
v 37.059322 -15.854183 41.857822
v 42.170128 -23.135111 35.115189
v 41.677769 -35.401741 35.988575
v -31.601822 -28.845007 99.002892
v -31.760582 -26.497488 98.427017
v -42.953274 -24.252909 105.442940
v 91.203056 15.258055 64.143967
v 83.587967 24.902128 72.307030
v -41.353024 36.466175 81.427795
v -30.873604 32.907436 72.729744
v -38.592983 33.627655 70.179413
v 44.165539 37.296642 35.728619
v 37.826843 39.526905 42.514236
v 57.718403 35.507980 39.878628
v 6.906194 -22.851072 136.391891
v 7.827678 -33.163723 134.168243
v 18.305813 -28.385479 132.463562
v -30.873604 32.907436 72.729744
v -41.353024 36.466175 81.427795
v -28.766375 40.012630 76.057625
v -56.163010 -62.742779 153.687119
v -52.872417 -67.556862 157.064896
v -43.990032 -62.342373 157.702194
v -20.621687 -50.950024 130.627075
v -20.753958 -59.552444 131.844696
v -40.911434 -51.076855 122.931763
v 106.542145 -20.885342 111.777397
v 97.369904 -26.369650 112.185684
v 100.620186 -29.874327 105.221046
v 13.408947 23.484716 82.745102
v 15.425893 9.584184 86.248222
v 4.626236 1.722527 86.749603
v 7.911013 18.527586 97.569572
v -17.633009 16.566721 93.162155
v 1.253929 14.417847 99.668335
v 80.156807 8.688486 36.596260
v 73.627686 24.332920 44.576065
v 83.489487 11.873152 50.048111
v 42.948013 -31.197050 108.300148
v 42.918385 -31.236559 101.737877
v 34.600418 -31.298410 96.201202
v -35.903374 -32.953712 124.579536
v -37.289406 -28.447170 125.160179
v -41.646496 -32.901901 119.346619
v -26.282986 3.391461 166.079834
v -24.842529 -6.069036 172.341278
v -19.398119 -5.757857 166.088501
v -35.903374 -32.953712 124.579536
v -32.086445 -32.852352 105.972717
v -29.275038 -32.998241 128.070679
v -29.394621 -69.902039 82.874069
v -17.680632 -76.823402 93.088043
v -26.916132 -77.857376 99.290962
v 12.058797 -106.515724 112.593506
v 3.019253 -85.564209 106.426048
v 7.686195 -79.961258 112.468903
v 54.142101 -91.227966 148.644455
v 45.836681 -78.516464 154.178421
v 38.764053 -82.544861 158.071716
v -26.529102 -98.085320 57.662563
v -14.544471 -105.186440 69.528702
v -28.915672 -101.168030 66.338326
v -38.866940 -79.471786 80.369263
v -31.151052 -90.806206 95.642639
v -17.141878 -81.815224 83.712486
v 91.435051 -26.112156 127.059021
v 89.362801 -10.002371 130.712799
v 91.780960 -24.149740 136.985992
v 7.686195 -79.961258 112.468903
v 3.019253 -85.564209 106.426048
v -5.666375 -76.302299 116.523994
v 96.970039 12.604186 90.179039
v 97.337067 9.428760 71.427856
v 93.253609 11.389244 86.343399
v -64.846802 -0.790102 87.818932
v -36.447441 -0.209430 69.310265
v -62.313732 -13.666743 80.735786
v -32.086445 -31.468912 105.972717
v -29.394697 -31.416937 112.762161
v -30.995756 -34.460861 106.086388
v 67.988403 24.440144 140.395660
v 77.286858 27.617388 123.546844
v 70.168716 32.378521 130.632629
v 59.193909 26.594196 54.967228
v 71.670601 14.539222 54.442566
v 47.087864 17.056089 62.973053
v -2.219191 -21.505272 51.572056
v -1.725229 -36.282684 50.433262
v -2.575392 -16.618729 61.989105
v 26.985182 -23.621971 130.781052
v 18.029577 -23.587320 133.753250
v 18.581884 -33.181049 131.173874
v -8.412539 -83.239830 104.385925
v -5.666375 -76.302299 116.523994
v -3.562112 -99.758423 104.477562
v 30.646671 44.575466 116.358788
v 12.122243 47.458050 118.380035
v 25.901516 46.611279 128.508240
v 58.379959 -37.773445 75.351791
v 72.710197 -34.243038 62.024128
v 70.994987 -22.524372 65.032158
v 81.164787 -15.497311 35.893600
v 86.786301 -10.139276 43.504452
v 79.469307 -20.311028 41.837936
v -25.628691 19.016024 145.665848
v -34.342205 24.387716 142.741119
v -40.445087 14.175797 150.749878
v 46.822063 48.400219 111.990028
v 51.525753 50.666588 101.151581
v 34.252079 50.903114 103.251434
v -23.919796 11.842360 158.961823
v -43.990032 -1.978890 157.702194
v -21.699202 2.502227 157.687607
v 38.764053 -82.544861 158.071716
v 35.111946 -79.638153 162.848053
v 20.472441 -85.004494 154.508072
v 7.264646 9.631026 57.604591
v -13.118571 7.981319 51.696468
v 3.772339 15.445707 59.305298
v -18.464617 -50.485962 58.455959
v 1.036221 -57.483482 61.249237
v 3.927033 -67.375832 62.283409
v -36.219715 3.727681 85.391335
v -45.910686 -10.275229 107.868309
v -41.757183 -0.256574 105.098900
v 47.087864 -81.377357 62.973053
v 54.016174 -73.271835 63.025806
v 67.548584 -71.790298 64.677292
v 20.946947 17.001423 33.381184
v 29.318933 26.914490 30.075024
v 32.818710 16.751879 25.793356
v 19.059536 18.946478 59.322842
v 18.902847 33.052227 53.482342
v 34.564156 22.712181 54.549633
v 35.463017 -39.175549 176.779770
v 63.402645 -44.156826 166.184082
v 50.650898 -35.929714 169.201736
v 67.309883 25.778070 37.449940
v 78.232742 1.359365 29.774950
v 63.151058 24.338400 31.976101
v -80.887604 5.942285 88.054123
v -78.292404 -11.737615 84.365311
v -89.443565 -7.754798 86.787827
v -48.113686 -29.664356 77.656334
v -73.564651 -29.150452 87.565109
v -74.688240 -31.558310 69.321365
v -76.366684 -27.238771 151.669144
v -85.126625 -17.249771 145.241058
v -87.016800 -29.326954 137.768738
v -34.938427 8.865462 47.829174
v -16.158897 26.647814 50.324059
v -21.038347 7.353248 44.528034
v 107.943092 -31.640863 72.815468
v 92.581711 -32.169113 89.255890
v 105.247444 -25.950819 63.665543
v -45.296562 25.790602 94.455475
v -67.007629 26.042265 111.044548
v -43.440903 33.071255 99.585960
v 19.815350 -43.837799 25.728235
v 33.665264 -40.905903 35.417393
v 13.650381 -39.744560 32.522537
v 28.458839 -82.534492 29.608408
v 45.964146 -86.564598 26.995758
v 41.337780 -93.508209 31.842762
v -70.556862 -15.367015 158.073822
v -65.929077 -8.805675 157.060440
v -72.748993 -5.333713 149.072861
v 28.697481 -31.303268 98.783005
v 34.600418 -31.298410 96.201202
v 34.355919 -39.923538 94.113411
v 97.337067 -73.750023 71.427856
v 93.253609 -75.710510 86.343399
v 83.587967 -89.223396 72.307030
v -70.556862 -15.367015 158.073822
v -78.635284 -12.605502 145.911804
v -85.126625 -17.249771 145.241058
v 20.472441 20.683228 154.508072
v 38.764053 18.223597 158.071716
v 25.409210 24.473047 156.258209
v 65.498215 -34.295723 131.005875
v 53.714146 -34.830162 139.723541
v 84.473709 -33.835567 136.010361
v 78.102562 -31.611877 112.978653
v 100.144173 -30.140715 99.380814
v 100.620186 -29.874327 105.221046
v -17.141878 17.493961 83.712486
v -20.812361 22.257671 89.217644
v -31.151052 26.484941 95.642639
v -65.929077 -8.805675 157.060440
v -58.524376 -20.653389 161.854279
v -56.820145 -14.919138 165.864105
v -35.408283 -39.146461 118.077782
v -52.231861 -49.696980 108.685310
v -42.953274 -40.068356 105.442940
v -8.810958 48.590298 84.170464
v -9.430904 46.278572 93.805069
v 3.081453 51.252174 103.649857
v -78.083405 -30.744085 128.274826
v -78.133774 -26.392733 113.395546
v -66.858231 -30.582735 118.992950
v 50.401409 -50.542282 78.627846
v 32.138210 -46.192917 77.277298
v 54.333015 -42.720238 90.167168
v -26.611404 -29.922411 175.129623
v -44.785995 -29.454115 170.413605
v -33.124111 -32.017933 156.260208
v 38.904346 -63.419434 111.007652
v 36.482201 -73.400162 96.273972
v 28.806311 -63.059372 97.655777
v 72.368431 -0.457871 107.454788
v 58.214077 0.750826 105.939545
v 60.895241 9.599927 105.076668
v -30.167145 -14.836860 53.545765
v -49.566498 -5.132092 55.278316
v -34.518444 -8.433501 54.558704
v -55.574829 -89.722878 116.672699
v -46.131393 -100.114189 112.637497
v -39.708588 -92.206688 133.275055
v -43.811077 -31.311481 155.182877
v -68.908386 -27.950069 152.423080
v 27.234861 -31.127911 128.287979
v 18.581884 -31.140217 131.173874
v 26.985182 -40.699295 130.781052
v -10.492575 -77.334236 102.285896
v -14.778118 -74.790421 97.429535
v 1.232852 -74.693169 99.653175
v 81.601837 -51.348808 144.994537
v 85.223335 -57.102222 138.640381
v 91.780960 -40.171524 136.985992
v -14.648344 -65.841812 48.713089
v -21.038347 -71.674515 44.528034
v -28.310583 -60.011059 45.495686
v -85.126625 -47.071495 145.241058
v -91.250549 -58.263031 131.651627
v -78.635284 -51.715763 145.911804
v -51.937588 -26.692194 138.025528
v -43.811077 -31.311481 155.182877
v -56.534565 -30.613588 141.450699
v -82.502602 10.520854 106.565140
v -94.275513 9.043687 104.169708
v -90.197212 7.952776 109.421066
v 65.725273 -2.708886 66.936272
v 45.123890 1.953712 71.580025
v 54.016174 8.950567 63.025806
v 52.775593 46.262669 94.958275
v 63.579071 39.093834 110.474167
v 64.041794 45.138783 103.459618
v -48.113686 -29.664356 77.656334
v -40.084480 -28.523582 68.472404
v -27.991989 -29.062304 92.875534
v -49.816528 -83.801857 59.177311
v -49.537155 -87.234436 65.180496
v -54.249706 -64.616989 63.866611
v 20.593094 14.116817 154.022034
v 20.472441 20.683228 154.508072
v 12.880909 17.703472 159.225128
v -67.406410 -30.757015 103.265625
v -73.564651 -29.150452 87.565109
v -44.257763 -30.833055 87.382263
v 77.764977 -98.369888 90.298363
v 74.097328 -93.466995 97.192825
v 68.992889 -98.862465 94.398308
v -78.292404 -11.737615 84.365311
v -73.483498 -23.149599 69.557610
v -88.462311 -18.282429 78.124298
v 42.726349 -18.798475 0.830270
v 43.611946 -35.786518 2.499416
v 33.847904 -25.551056 0.589524
v -17.605663 -29.608458 66.897987
v -20.238474 -30.139553 67.319946
v -15.862438 -29.691360 69.859650
v 19.114750 -1.799180 36.667355
v 26.949535 -0.761486 32.826885
v 31.061882 -10.165197 34.101082
v -21.996920 -83.835930 98.364395
v -30.503946 -89.112190 97.314804
v -33.337570 -77.206406 103.519028
v 17.312113 -27.085752 114.857399
v 11.917117 -28.175470 118.634987
v 23.204109 -18.105778 116.904793
v 5.475913 43.170143 63.377739
v -2.434801 34.005028 62.896805
v -8.209353 34.481361 60.527325
v 35.111946 15.316885 162.848053
v 20.472441 20.683228 154.508072
v 22.352339 8.776274 162.959045
v -49.816528 19.480591 59.177311
v -38.592983 33.627655 70.179413
v -40.292271 21.487103 53.614803
v -36.447441 -64.111832 69.310265
v -42.857334 -54.563259 73.414497
v -25.060337 -53.310234 68.890388
v 32.577972 -40.309914 146.285782
v 46.696106 -33.340267 147.342194
v 45.077251 -41.904221 140.658020
v 10.258285 12.546812 118.445908
v -12.856099 10.714901 111.433800
v -18.540339 -3.626502 129.408813
v 34.600418 -33.022854 96.201202
v 34.355919 -24.397726 94.113411
v 37.699234 -33.032730 96.220955
v 91.435051 -38.209106 127.059021
v 84.714417 -37.599659 147.359772
v 91.780960 -40.171524 136.985992
v 50.401409 -13.778982 78.627846
v 54.333015 -21.601025 90.167168
v 32.138210 -18.128349 77.277298
v -21.845947 -68.580261 109.623337
v -14.778118 -74.790421 97.429535
v -13.340360 -71.344795 110.906845
v 30.677073 -17.171989 34.099991
v 19.868792 -16.462355 25.650999
v 13.579449 -20.574631 32.622978
v 44.614799 1.971371 109.591652
v 44.065456 -6.640262 109.329300
v 35.942425 -4.805074 120.039688
v 25.174526 -52.195217 110.363785
v 0.717116 -43.193138 115.318176
v 29.463972 -54.723328 119.560654
v 61.871056 -6.244142 72.953964
v 65.725273 -2.708886 66.936272
v 78.952621 -21.745773 65.440666
v 21.246742 5.105142 33.937824
v 32.818710 16.751879 25.793356
v 32.212448 4.093629 27.732815
v -28.766375 40.012630 76.057625
v -41.353024 36.466175 81.427795
v -15.287656 45.519825 84.036026
v 75.997681 -103.157997 100.985428
v 64.780540 -108.733513 91.860855
v 68.992889 -98.862465 94.398308
v -42.953274 -24.252909 105.442940
v -31.760582 -26.497488 98.427017
v -52.828754 -12.162136 94.741150
v -26.521597 -88.328461 132.290100
v -22.727526 -98.163033 124.010162
v -15.782459 -107.945473 118.673561
v -29.275038 -32.998241 128.070679
v -30.742029 -27.394695 129.350494
v -35.903374 -32.953712 124.579536
v -3.304064 -14.705105 67.477905
v 1.724114 -16.156515 78.146378
v -14.724766 -23.090977 77.271675
v -46.228493 -31.471342 113.481247
v -48.690319 -31.510849 108.161705
v -49.432880 -34.248421 108.952362
v -14.898370 -23.849144 135.205994
v -13.869533 -33.082279 133.058929
v -4.081824 -23.488548 136.463608
v 63.844814 23.049591 55.849056
v 38.475216 16.910765 57.457039
v 67.840706 10.572492 57.703846
v 24.926878 53.811363 99.065880
v 25.374077 47.673916 108.255760
v 34.252079 50.903114 103.251434
v -2.598414 -6.309608 83.948242
v -14.085789 -20.627956 77.147247
v -18.655926 -22.095375 83.240784
v -20.753958 -4.768821 131.844696
v -44.454678 4.223985 114.944267
v -24.712860 11.237096 114.051064
v 85.223335 -7.219043 138.640381
v 78.855919 9.700418 136.670776
v 69.493965 0.585780 140.392792
v 14.956869 -4.717025 53.353325
v 13.080881 6.933209 46.875523
v 21.436945 2.555453 43.132996
v -58.524376 -20.653389 161.854279
v -65.929077 -8.805675 157.060440
v -70.556862 -15.367015 158.073822
v -24.379444 -17.388842 64.612358
v -30.167145 -14.836860 53.545765
v -18.464617 -13.835302 58.455959
v 10.298379 -34.743252 89.293404
v 6.383079 -29.218390 93.691780
v 9.358373 -33.378674 102.285759
v 32.758808 -68.777351 117.287086
v 38.904346 -63.419434 111.007652
v 29.463972 -54.723328 119.560654
v -4.081824 -40.832718 136.463608
v -13.869533 -31.238987 133.058929
v -14.898370 -40.472122 135.205994
v -57.382740 -87.420303 127.948364
v -67.007629 -90.363525 111.044548
v -55.574829 -89.722878 116.672699
v -16.560797 -30.670811 64.522141
v -14.799599 -30.670811 61.401791
v -17.605663 -30.670811 66.897987
v -46.361275 -49.931274 107.057793
v -40.984299 -45.883354 94.508316
v -33.890678 -59.528103 84.203812
v 78.905701 33.432884 112.027275
v 63.474667 40.441193 116.747963
v 70.168716 32.378521 130.632629
v 80.110764 -56.218307 31.612558
v 76.873062 -73.285629 36.461372
v 71.724846 -62.517647 26.945251
v -27.331408 -47.972946 125.147293
v -7.679646 -57.000092 130.844727
v 5.118027 -48.829937 127.261520
v -18.464617 -13.835302 58.455959
v -15.418022 -5.629570 50.583248
v 3.927033 3.054565 62.283409
v -48.607296 -81.937393 80.153481
v -38.866940 -79.471786 80.369263
v -32.525978 -66.412720 72.232887
v -92.678268 -59.430130 112.883392
v -94.275513 -73.364952 104.169708
v -90.197212 -72.274040 109.421066
v -42.420174 17.331554 132.676132
v -34.342205 24.387716 142.741119
v -26.521597 24.007193 132.290100
v 50.401409 -13.778982 78.627846
v 34.693192 -5.104592 71.160347
v 50.589054 -3.040034 75.207741
v -24.379444 -46.932423 64.612358
v -18.464617 -50.485962 58.455959
v -30.167145 -49.484406 53.545765
v -20.235580 -30.067137 80.270821
v -18.655926 -22.095375 83.240784
v -14.085789 -20.627956 77.147247
v -14.724766 -41.230289 77.271675
v -3.304064 -49.616161 67.477905
v -18.464617 -50.485962 58.455959
v 6.885769 -95.992340 145.195221
v 9.576650 -106.265579 134.482574
v 12.267042 -94.182243 140.308685
v 105.957916 -3.280417 78.299850
v 109.574883 -7.474452 87.405891
v 111.113747 -16.203074 68.307747
v 10.266513 -29.959452 110.743973
v 11.467428 -26.410095 103.927528
v 23.709667 -17.403923 105.399673
v 34.564156 22.712181 54.549633
v 18.902847 33.052227 53.482342
v 35.218201 39.400627 59.945370
v -80.197990 -73.733727 129.673157
v -93.182190 -70.621338 117.166359
v -73.942719 -83.837067 120.682693
v -30.088724 -102.728874 109.338882
v -21.718304 -107.477676 107.574867
v -36.041801 -98.673538 122.013802
v 7.911013 18.527586 97.569572
v 5.605472 18.079910 111.104309
v 21.647182 18.946648 106.144012
v 5.158086 15.690725 157.253586
v -7.587675 25.143257 139.484253
v 1.074094 13.203470 152.509628
v 59.101681 40.164204 128.000763
v 48.580643 37.578728 132.708939
v 67.988403 24.440144 140.395660
v 75.651581 -86.014198 53.888870
v 56.430321 -98.450035 60.234650
v 59.193909 -90.915459 54.967228
v -73.942719 19.515802 120.682693
v -73.480202 11.320797 136.472946
v -57.382740 23.099039 127.948364
v 18.086536 3.240998 130.098572
v 30.531641 6.658536 121.163094
v 35.942425 -4.805074 120.039688
v -76.366684 -27.238771 151.669144
v -87.016800 -29.326954 137.768738
v -56.534565 -30.613588 141.450699
v 20.832367 -41.039276 155.795410
v 25.923815 -35.697865 146.372025
v 3.403244 -39.725113 153.246399
v 20.200249 -16.999006 78.661240
v 26.546675 -3.161200 72.884438
v 34.693192 -5.104592 71.160347
v -66.858231 -30.582735 118.992950
v -44.257763 -30.833055 87.382263
v -55.373077 -28.422314 109.260811
v 27.234861 -31.127911 128.287979
v 33.099102 -39.903786 127.675270
v 32.968754 -31.122890 125.624565
v -91.250549 -6.058233 131.651627
v -78.635284 -12.605502 145.911804
v -79.294029 4.421309 135.688354
v -2.712309 -33.704857 124.591843
v 7.278771 -33.768978 119.586258
v 1.427690 -34.661823 119.303680
v -56.163010 -1.578485 153.687119
v -43.990032 -1.978890 157.702194
v -52.872417 3.235598 157.064896
v -2.575392 -16.618729 61.989105
v -1.757187 -19.302937 65.775314
v 6.557771 -11.513785 66.039169
v -40.911434 -13.244411 122.931763
v -54.749306 -3.444805 109.069397
v -39.931641 -4.679553 124.183380
v 29.463972 -54.723328 119.560654
v 38.904346 -63.419434 111.007652
v 25.174526 -52.195217 110.363785
v 35.218201 -103.721893 59.945370
v 18.902847 -97.373489 53.482342
v 34.564156 -87.033447 54.549633
v -68.908386 -36.371197 152.423080
v -43.811077 -33.009785 155.182877
v -56.534565 -33.707676 141.450699
v 64.780540 44.412243 91.860855
v 64.041794 45.138783 103.459618
v 75.997681 38.836727 100.985428
v -96.714043 -10.605494 92.247696
v -93.054123 -16.954613 87.820465
v -92.326958 -29.777153 94.348938
v 13.502470 -33.811077 118.889519
v 19.559393 -31.229109 115.959267
v 17.312113 -37.235512 114.857399
v 27.040470 -76.749451 55.002190
v 51.961067 -63.589069 60.834019
v 37.658066 -57.099152 66.780891
v 75.651581 -86.014198 53.888870
v 61.908051 -96.239792 65.997429
v 56.430321 -98.450035 60.234650
v -4.972637 -83.050781 155.237930
v -7.587675 -89.464523 139.484253
v 1.074094 -77.524734 152.509628
v -17.680632 -76.823402 93.088043
v -19.057919 -64.286255 79.682083
v -16.495865 -77.338837 82.292770
v 68.187775 28.457561 68.823814
v 74.595810 32.262623 74.700325
v 76.860832 27.723209 64.295364
v -36.447441 -64.111832 69.310265
v -25.060337 -53.310234 68.890388
v -30.637081 -72.672073 76.331757
v -72.748993 -5.333713 149.072861
v -56.163010 -1.578485 153.687119
v -66.554420 -2.276534 142.257004
v -28.724257 15.983228 75.554832
v -26.463978 5.658744 75.770523
v -17.141878 17.493961 83.712486
v -13.118571 -72.302582 51.696468
v -14.648344 -65.841812 48.713089
v 7.264646 -73.952293 57.604591
v -12.856099 10.714901 111.433800
v -10.492297 17.052660 102.285149
v -14.766792 14.514029 97.460175
v 50.401409 -13.778982 78.627846
v 63.628071 -26.615820 82.735855
v 54.333015 -21.601025 90.167168
v 77.286858 -91.938652 123.546844
v 67.302338 -82.616325 139.217880
v 67.988403 -88.761406 140.395660
v 11.975887 34.190498 101.858765
v 32.476059 14.474019 103.319740
v 30.549753 25.025801 104.373611
v -66.554420 -62.044731 142.257004
v -73.480202 -75.642059 136.472946
v -66.177551 -70.494949 148.927185
v 13.283436 -53.721771 55.958866
v 18.943068 -55.396709 36.555595
v 20.698444 -62.580925 41.829586
v 11.975887 -98.511765 101.858765
v 10.688363 -105.659668 107.411156
v 30.549753 -89.347069 104.373611
v -14.443376 -30.139553 72.102882
v -14.085789 -20.627956 77.147247
v -4.217681 -30.102255 78.262962
v -55.373077 -35.898949 109.260811
v -66.858231 -33.738529 118.992950
v -58.436157 -38.511143 123.209030
v 63.628071 -37.705444 82.735855
v 74.426720 -34.244431 94.381851
v 86.891151 -31.745983 76.307381
v -5.954401 -97.104012 100.031601
v -4.921579 -90.032616 103.615372
v -17.760139 -102.093475 99.411377
v -75.165314 -69.161865 130.685211
v -89.080490 -61.227230 126.754372
v -80.197990 -73.733727 129.673157
v 18.918865 14.679367 53.544552
v 38.571835 32.828007 52.550968
v 26.170444 31.231142 45.792072
v 87.430679 -49.336750 45.588814
v 82.909927 -68.641853 50.738003
v 79.336693 -75.541321 44.247730
v -71.009361 -78.421028 86.863350
v -67.735466 -89.583084 100.145424
v -81.688019 -84.159531 95.425781
v -17.642191 -43.037205 59.687477
v -13.841367 -35.153755 63.625755
v -23.516333 -31.937407 63.878185
v -34.938427 8.865462 47.829174
v -49.566498 -5.132092 55.278316
v -49.593819 7.660925 55.713997
v 50.401409 -50.542282 78.627846
v 34.693192 -59.216671 71.160347
v 32.138210 -46.192917 77.277298
v 89.549614 26.135771 101.549126
v 87.762642 22.533289 112.976723
v 95.233681 11.950066 111.521614
v 69.391479 4.442306 25.773359
v 45.683514 27.982920 26.761696
v 43.512081 33.935200 29.721672
v -45.381405 -4.460287 165.516037
v -37.892857 -6.067725 169.272614
v -26.282986 3.391461 166.079834
v 1.724114 -16.156515 78.146378
v -3.304064 -14.705105 67.477905
v 20.405933 -16.626253 72.941246
v 45.290905 -64.227829 86.151619
v 31.033566 -62.896763 91.677521
v 30.735689 -67.833344 83.768158
v -32.525978 2.091453 72.232887
v -26.463978 5.658744 75.770523
v -38.866940 15.150522 80.369263
v -12.645309 -22.784500 50.655590
v -13.946505 -20.653374 62.450562
v -8.900523 -37.208412 55.621662
v 39.957123 -28.797400 162.230896
v 44.806538 -29.734324 170.967819
v 27.268019 -31.303720 175.367920
v 18.227144 -30.351864 156.536835
v -11.045048 -31.171436 158.714569
v 3.403244 -24.596151 153.246399
v -42.420174 17.331554 132.676132
v -39.708588 27.885426 133.275055
v -50.873009 17.997553 128.309631
v 21.294868 -102.818375 68.196701
v -2.434801 -98.326294 62.896805
v 16.976171 -106.626137 60.320919
v -28.310583 -60.011059 45.495686
v -49.566498 -59.189175 55.278316
v -34.518444 -55.887764 54.558704
v -18.613716 -3.605256 79.574959
v -11.894536 -6.151328 78.470970
v -2.598414 -6.309608 83.948242
v 27.767683 -27.026192 79.672951
v 22.732218 -12.322733 83.137352
v 17.699648 -24.240290 93.350464
v 3.081453 -115.573441 103.649857
v -8.810958 -112.911568 84.170464
v 10.654669 -117.019691 95.940948
v 19.866850 1.713559 67.941948
v 7.264646 9.631026 57.604591
v 26.546675 -3.161200 72.884438
v -17.633009 16.566721 93.162155
v -28.094456 17.523489 98.863815
v -14.766792 14.514029 97.460175
v 109.574883 -7.474452 87.405891
v 105.957916 -3.280417 78.299850
v 102.256866 3.921341 90.719521
v 105.513397 -31.151773 93.596664
v 100.144173 -30.140715 99.380814
v 92.581711 -32.169113 89.255890
v -101.686760 -50.772778 110.655014
v -92.678268 -59.430130 112.883392
v -91.250549 -58.263031 131.651627
v -13.568943 -65.056564 70.009682
v -25.003910 -59.774803 75.609802
v -26.463978 -69.980011 75.770523
v -3.919770 -26.915052 84.823868
v 6.255015 -27.368046 85.867462
v -2.215543 -30.590986 90.733696
v 25.409210 -88.794312 156.258209
v 19.473570 -99.313271 145.744400
v 29.756325 -102.449448 143.206161
v 18.089005 4.049920 169.383804
v 1.377149 -1.585304 167.648788
v 6.615566 -12.729092 175.466995
v -94.716110 -50.884014 132.811050
v -101.686760 -50.772778 110.655014
v -91.250549 -58.263031 131.651627
v -17.924818 10.124386 154.966522
v -21.699202 2.502227 157.687607
v -11.623983 17.264864 158.199677
v 82.909927 -68.641853 50.738003
v 76.333725 -80.024757 52.293720
v 79.336693 -75.541321 44.247730
v 18.126854 34.355652 106.999878
v 12.058797 42.194458 112.593506
v 30.646671 44.575466 116.358788
v -21.926809 -25.731943 133.046631
v -20.082294 -28.048294 136.990738
v -30.742029 -27.394695 129.350494
v 57.718403 35.507980 39.878628
v 63.151058 24.338400 31.976101
v 44.165539 37.296642 35.728619
v -13.568943 -65.056564 70.009682
v -9.523502 -57.400539 75.641029
v -15.522696 -45.850540 85.206566
v 3.019253 21.242947 106.426048
v -0.435680 41.414753 106.539543
v 12.058797 42.194458 112.593506
v -43.440903 33.071255 99.585960
v -67.007629 26.042265 111.044548
v -46.131393 35.792923 112.637497
v 12.178561 -58.514896 85.126129
v 19.969231 -71.972656 87.085739
v 4.626835 -62.003139 86.749809
v 1.074094 13.203470 152.509628
v -3.100841 5.092312 165.624268
v 3.810758 3.697693 160.953400
v 35.501163 -34.088383 52.073540
v 35.990150 -22.861996 51.412495
v 36.977333 -41.611721 42.634121
v 30.791456 -37.432148 63.493019
v 17.263367 -47.852165 65.714233
v 27.041182 -43.157726 75.026955
v -78.292404 -52.583652 84.365311
v -88.462311 -46.038837 78.124298
v -73.483498 -41.171665 69.557610
v 71.724846 -62.517647 26.945251
v 76.873062 -73.285629 36.461372
v 60.383072 -86.993111 34.115902
v -99.119576 -21.367245 118.164665
v -94.716110 -13.437249 132.811050
v -101.686760 -13.548488 110.655014
v -37.892857 -6.067725 169.272614
v -24.842529 -6.069036 172.341278
v -26.282986 3.391461 166.079834
v 19.775286 -75.290344 51.386963
v 13.568755 -66.908958 46.027298
v 32.991180 -96.239426 46.321671
v 47.997345 -111.541122 82.040268
v 64.780540 -108.733513 91.860855
v 64.041794 -109.460052 103.459618
v -30.873604 32.907436 72.729744
v -14.544471 40.865177 69.528702
v -28.915672 36.846764 66.338326
v 63.579071 39.093834 110.474167
v 52.775593 46.262669 94.958275
v 51.525753 50.666588 101.151581
v 74.501022 -35.522053 155.222656
v 75.025162 -35.598225 149.856461
v 61.197674 -35.165539 145.616196
v -55.073784 19.862494 69.914993
v -49.537155 22.913172 65.180496
v -54.249706 0.295722 63.866611
v 34.600418 -31.298410 96.201202
v 41.603111 -31.261332 98.269073
v 37.699234 -31.288534 96.220955
v 43.850182 -104.226280 68.616447
v 21.294868 -102.818375 68.196701
v 35.218201 -103.721893 59.945370
v 32.669930 -53.000172 172.057953
v 20.467009 -52.850658 175.109131
v 25.619675 -60.957424 167.024231
v -5.666375 11.981036 116.523994
v 3.019253 21.242947 106.426048
v 7.686195 15.639994 112.468903
v -44.257763 -33.488209 87.382263
v -55.373077 -35.898949 109.260811
v -48.086357 -36.822781 101.041138
v -41.353024 36.466175 81.427795
v -38.592983 33.627655 70.179413
v -53.721039 29.174444 77.626511
v 32.138210 -18.128349 77.277298
v 20.200249 -16.999006 78.661240
v 34.693192 -5.104592 71.160347
v 29.840471 -37.796242 98.370438
v 33.566216 -56.417633 89.014442
v 29.989792 -44.960560 107.212547
v 19.775286 -75.290344 51.386963
v 27.040470 -76.749451 55.002190
v 19.454563 -66.822327 57.604008
v -25.060337 -11.011032 68.890388
v -33.287613 -17.077515 69.201233
v -42.857334 -9.758006 73.414497
v -76.366684 -37.082493 151.669144
v -87.016800 -34.994312 137.768738
v -85.126625 -47.071495 145.241058
v -9.430904 46.278572 93.805069
v -17.760139 37.772213 99.411377
v -5.954401 32.782749 100.031601
v 60.895241 9.599927 105.076668
v 61.643639 3.257804 98.573380
v 72.368431 -0.457871 107.454788
v -13.568943 0.735302 70.009682
v -26.463978 5.658744 75.770523
v -25.003910 -4.546461 75.609802
v 96.918701 -63.820671 113.972351
v 95.564354 -58.094776 126.146675
v 93.804710 -68.196655 120.483841
v -5.954401 -97.104012 100.031601
v 11.975887 -98.511765 101.858765
v -4.921579 -90.032616 103.615372
v -2.806384 -31.246435 125.525795
v -2.712309 -33.704857 124.591843
v -10.999996 -34.097675 123.494835
v -48.607296 -81.937393 80.153481
v -34.604511 -96.845154 97.065277
v -38.866940 -79.471786 80.369263
v 79.336693 -75.541321 44.247730
v 60.274879 -94.348442 50.634029
v 58.863010 -93.427559 40.804157
v 18.759727 -36.821888 176.336670
v 12.660425 -33.049114 178.237656
v 0.507316 -44.823692 180.154373
v 47.087864 -81.377357 62.973053
v 34.564156 -87.033447 54.549633
v 23.009937 -79.671730 58.151859
v 32.577972 -40.309914 146.285782
v 37.348656 -35.433708 138.014099
v 25.923815 -35.697865 146.372025
v -2.712309 -33.704857 124.591843
v -17.508026 -34.376823 121.029129
v -10.999996 -34.097675 123.494835
v -68.399529 -89.469124 88.083649
v -67.735466 -89.583084 100.145424
v -71.009361 -78.421028 86.863350
v 85.223335 -57.102222 138.640381
v 78.855919 -74.021683 136.670776
v 93.804710 -68.196655 120.483841
v 52.775593 46.262669 94.958275
v 32.615406 52.686058 91.232201
v 51.525753 50.666588 101.151581
v 92.581711 -32.169113 89.255890
v 78.102562 -31.611877 112.978653
v 70.607536 -26.799061 109.699394
v 53.714146 -29.491104 139.723541
v 45.077251 -22.417046 140.658020
v 62.370323 -28.744602 115.365662
v -92.326958 -29.777153 94.348938
v -86.631844 -30.840885 107.477684
v -98.975281 -20.000877 98.927490
v -67.007629 26.042265 111.044548
v -55.574829 25.401615 116.672699
v -46.131393 35.792923 112.637497
v 63.474667 40.441193 116.747963
v 51.525753 50.666588 101.151581
v 46.822063 48.400219 111.990028
v 38.737946 -35.350285 95.202965
v 36.163914 -35.750549 95.136253
v 37.699234 -31.288534 96.220955
v 23.257780 -10.237397 37.751503
v 18.312498 -10.053285 58.350750
v 30.807201 -18.234865 46.270329
v 42.295319 -33.166153 115.398376
v 24.762352 -33.062363 108.231010
v 32.656574 -31.594885 106.667030
v -89.091293 -27.201231 90.117630
v -93.054123 -16.954613 87.820465
v -91.443756 -26.839996 83.597473
v -47.297325 -32.768478 100.641037
v -42.799042 -32.751152 95.197945
v -48.690319 -32.810417 108.161705
v -62.113045 -84.239365 82.327805
v -36.447441 -64.111832 69.310265
v -49.172150 -76.562897 78.228561
v 57.463089 -47.482792 27.886436
v 45.115612 -53.549870 22.901014
v 41.012722 -49.771305 22.092939
v -50.262150 -43.607288 170.543945
v -35.391933 -42.928127 174.623398
v -44.785995 -34.867149 170.413605
v 91.780960 -40.171524 136.985992
v 85.223335 -57.102222 138.640381
v 89.362801 -54.318893 130.712799
v -6.324617 -26.000120 97.321564
v -8.170826 -34.640709 96.002388
v -0.873423 -30.270315 104.312538
v 25.161369 -10.362272 37.781971
v 14.956869 -4.717025 53.353325
v 19.114750 -1.799180 36.667355
v 67.302338 -82.616325 139.217880
v 54.705647 -81.899315 152.730438
v 54.142101 -91.227966 148.644455
v 13.568755 -66.908958 46.027298
v 19.775286 -75.290344 51.386963
v 13.283436 -53.721771 55.958866
v -67.406410 -30.757015 103.265625
v -80.117355 -25.831921 87.686493
v -73.564651 -29.150452 87.565109
v -73.480202 11.320797 136.472946
v -66.177551 6.173687 148.927185
v -63.206783 14.088110 137.220306
v 75.997681 -103.157997 100.985428
v 78.905701 -97.754150 112.027275
v 63.579071 -103.415100 110.474167
v -65.929077 -55.515591 157.060440
v -45.381405 -59.860977 165.516037
v -56.820145 -49.402126 165.864105
v 81.164787 -15.497311 35.893600
v 71.933693 -11.659181 26.694149
v 78.232742 1.359365 29.774950
v 73.929443 -35.809517 114.690544
v 65.498215 -34.295723 131.005875
v 84.473709 -33.835567 136.010361
v 32.656574 -32.726379 106.667030
v 28.707844 -40.775883 102.896736
v 24.762352 -31.258904 108.231010
v 37.699234 -31.288534 96.220955
v 42.392632 -37.576355 97.265984
v 39.776497 -39.412197 94.182549
v 13.413879 -83.765488 82.746773
v 19.969231 -71.972656 87.085739
v 36.482201 -73.400162 96.273972
v -24.430784 -34.683151 76.553612
v -27.991989 -35.258961 92.875534
v -24.358231 -37.057102 86.058861
v 21.122335 -79.138794 106.652809
v 12.137462 -73.157211 118.508598
v 5.617512 -78.371765 111.198181
v -18.152950 -32.998241 121.760513
v -11.298090 -33.037750 124.441093
v -7.435662 -33.082279 129.362793
v -5.666375 11.981036 116.523994
v -3.562112 35.437160 104.477562
v 3.019253 21.242947 106.426048
v 45.407001 47.164520 129.767303
v 46.822063 48.400219 111.990028
v 34.252079 50.903114 103.251434
v -93.054123 -16.954613 87.820465
v -89.091293 -27.201231 90.117630
v -92.326958 -29.777153 94.348938
v 23.009937 -79.671730 58.151859
v 34.564156 -87.033447 54.549633
v 19.059536 -83.267746 59.322842
v 43.850182 39.905018 68.616447
v 35.218201 39.400627 59.945370
v 21.294868 38.497108 68.196701
v -90.386322 -20.511915 134.727188
v -86.795593 -31.188963 124.881493
v -87.016800 -29.326954 137.768738
v -31.919104 32.602440 103.560051
v -43.440903 33.071255 99.585960
v -46.131393 35.792923 112.637497
v 9.907696 -33.097012 122.039665
v 18.581884 -33.181049 131.173874
v 7.827678 -33.163723 134.168243
v 57.922314 -67.073425 158.086761
v 42.453537 -65.350929 165.835022
v 35.111946 -79.638153 162.848053
v 11.692668 24.570700 89.660965
v 7.911013 18.527586 97.569572
v 21.647182 18.946648 106.144012
v -25.003910 -59.774803 75.609802
v -27.430527 -49.749138 70.687187
v -45.490925 -56.183483 69.751289
v 18.029577 -23.587320 133.753250
v 41.051331 -28.573071 130.338684
v 7.526095 -27.374989 139.269089
v -31.151052 -90.806206 95.642639
v -4.921579 -90.032616 103.615372
v 0.283292 -81.164856 101.705063
v 42.295319 -31.155113 115.398376
v 44.154964 -35.004425 112.426178
v 43.611076 -34.455841 109.236526
v -41.212818 15.772609 92.731476
v -38.031040 12.316673 77.664955
v -45.017490 27.957027 88.806450
v -26.521597 24.007193 132.290100
v -25.628691 19.016024 145.665848
v -23.478674 25.502239 143.145218
v -80.197990 -73.733727 129.673157
v -89.080490 -61.227230 126.754372
v -93.182190 -70.621338 117.166359
v 12.880909 -82.024734 159.225128
v 5.158086 -80.011993 157.253586
v 6.885769 -95.992340 145.195221
v 10.298379 -34.743252 89.293404
v 6.255015 -27.368046 85.867462
v -4.770561 -33.640800 85.149734
v -66.177551 -70.494949 148.927185
v -60.049248 -68.356735 150.045135
v -66.554420 -62.044731 142.257004
v 20.706755 -30.139553 68.226051
v 19.278139 -30.139553 72.062569
v 24.447872 -33.258720 62.170750
v -26.611404 -29.922411 175.129623
v -11.045048 -31.171436 158.714569
v -13.003773 -30.957935 177.647217
v 3.810758 -68.018959 160.953400
v 5.158086 -80.011993 157.253586
v 18.089005 -68.371185 169.383804
v 43.002537 -97.618713 39.621620
v 27.003052 -90.230515 36.357746
v 41.337780 -93.508209 31.842762
v 76.860832 -92.044472 64.295364
v 83.587967 -89.223396 72.307030
v 74.595810 -96.583885 74.700325
v 15.154488 -35.656208 102.542389
v 10.266513 -29.959452 110.743973
v 23.709808 -42.876602 105.399384
v 57.463089 -47.482792 27.886436
v 33.775753 -62.668812 27.276817
v 45.115612 -53.549870 22.901014
v -17.153421 -30.139553 75.734741
v -3.919770 -26.915052 84.823868
v -17.945856 -30.139553 77.498207
v 85.223335 -7.219043 138.640381
v 89.362801 -10.002371 130.712799
v 93.804710 3.875391 120.483841
v -3.100841 5.092312 165.624268
v -6.422065 -13.370388 176.794693
v 1.377149 -1.585304 167.648788
v 9.486017 -84.160027 59.202431
v -6.623179 -85.378204 47.536205
v -21.038347 -71.674515 44.528034
v 35.111946 -79.638153 162.848053
v 22.352339 -73.097542 162.959045
v 20.472441 -85.004494 154.508072
v 25.011822 -79.310226 112.434982
v 30.531641 -70.979805 121.163094
v 42.608093 -74.560860 105.035736
v -51.853653 -6.217955 66.297142
v -45.490925 -8.137783 69.751289
v -55.367184 11.778671 75.496674
v 1.253929 14.417847 99.668335
v 5.605472 18.079910 111.104309
v 7.911013 18.527586 97.569572
v -18.562792 -25.425396 154.583481
v -38.807186 -23.970699 149.817719
v -34.505104 -28.986582 146.972687
v 5.871824 -8.736445 79.640869
v -15.522696 -18.470722 85.206566
v 1.724114 -16.156515 78.146378
v -17.143120 -102.005173 99.947586
v -17.285221 -91.769272 98.708305
v -7.597995 -102.870850 101.851593
v -28.724257 15.983228 75.554832
v -38.866940 15.150522 80.369263
v -26.463978 5.658744 75.770523
v 24.762352 -33.062363 108.231010
v 22.395737 -27.189543 110.212418
v 28.707844 -23.545382 102.896736
v 19.559393 -31.229109 115.959267
v 14.864699 -31.224253 119.549179
v 27.234861 -31.127911 128.287979
v -14.443376 -30.139553 72.102882
v -15.862438 -29.691360 69.859650
v -14.085789 -20.627956 77.147247
v -64.846802 -63.531162 87.818932
v -62.313732 -50.654522 80.735786
v -36.447441 -64.111832 69.310265
v 43.002537 -97.618713 39.621620
v 32.991180 -96.239426 46.321671
v 26.113266 -89.328140 42.935432
v -101.686760 -13.548488 110.655014
v -92.678268 -4.891136 112.883392
v -98.090836 -15.070435 104.268494
v 68.914383 -45.964615 26.547880
v 64.650688 -35.349705 35.077549
v 75.899345 -42.515057 29.920076
v 11.692668 24.570700 89.660965
v -17.633009 16.566721 93.162155
v 7.911013 18.527586 97.569572
v 78.905701 33.432884 112.027275
v 63.579071 39.093834 110.474167
v 63.474667 40.441193 116.747963
v 63.730534 -11.100333 69.083511
v 60.029167 3.507501 60.413387
v 39.788528 4.365480 63.712254
v -78.292404 -52.583652 84.365311
v -71.009361 -78.421028 86.863350
v -80.887604 -70.263550 88.054123
v 108.898468 -12.951803 105.972794
v 105.513397 -31.151773 93.596664
v 112.238953 -25.859095 77.871613
v 97.337067 9.428760 71.427856
v 105.957916 -3.280417 78.299850
v 93.144211 1.712808 66.815948
v -18.730940 -37.976528 83.423729
v -20.235580 -30.067137 80.270821
v -13.789207 -39.741646 76.922859
v 37.826843 39.526905 42.514236
v 26.771124 32.072002 36.220295
v 22.864645 24.993944 41.080254
v -39.708588 27.885426 133.275055
v -46.131393 35.792923 112.637497
v -55.574829 25.401615 116.672699
v -43.815517 13.039706 94.161537
v -33.337570 12.885142 103.519028
v -24.712860 11.237096 114.051064
v -25.629583 -31.663054 105.401146
v -18.993708 -25.939865 125.573303
v -15.387839 -32.681297 128.503571
v 19.423117 -11.787266 68.094223
v 13.771319 -6.714472 60.724808
v 30.486971 -19.176540 61.073975
v 45.407001 -111.485786 129.767303
v 48.580643 -101.899994 132.708939
v 41.673599 -108.882217 134.222198
v 36.977333 -41.611721 42.634121
v 35.990150 -22.861996 51.412495
v 37.059322 -15.854183 41.857822
v -54.749306 -3.444805 109.069397
v -52.828754 -12.162136 94.741150
v -52.900398 4.542668 95.562714
v -24.362034 -23.324841 177.272385
v -37.892857 -6.067725 169.272614
v -26.611404 -29.922411 175.129623
v 54.016174 8.950567 63.025806
v 35.587566 13.606134 65.589294
v 47.087864 17.056089 62.973053
v 84.473709 -33.835567 136.010361
v 61.197674 -35.165539 145.616196
v 75.025162 -35.598225 149.856461
v 42.392632 -26.744911 97.265984
v 32.138210 -18.128349 77.277298
v 54.333015 -21.601025 90.167168
v 25.414751 9.420490 91.127823
v 28.740929 2.080086 98.150841
v 26.443914 -1.498741 85.124634
v 45.953243 -18.453625 81.745583
v 55.470303 -16.645632 77.642906
v 20.704803 9.800755 57.484623
v 26.638447 -42.456406 70.405350
v 33.665264 -40.905903 35.417393
v 24.447872 -33.258720 62.170750
v -76.366684 -27.238771 151.669144
v -58.524376 -20.653389 161.854279
v -70.556862 -15.367015 158.073822
v 71.670601 -78.860489 54.442566
v 75.651581 -86.014198 53.888870
v 59.193909 -90.915459 54.967228
v 5.118027 -48.829937 127.261520
v -7.679646 -57.000092 130.844727
v 13.460897 -61.807598 128.195068
v -24.221903 -15.989732 68.818832
v -20.238474 -30.139553 67.319946
v -24.206657 -44.304207 68.924866
v 48.579899 6.137293 94.822861
v 45.839485 6.429314 84.145920
v 61.643639 3.257804 98.573380
v 23.009937 -79.671730 58.151859
v 3.772339 -79.766975 59.305298
v 7.264646 -73.952293 57.604591
v 11.917117 -28.175470 118.634987
v 14.864699 -33.097012 119.549179
v 9.907696 -33.097012 122.039665
v 112.238953 -25.859095 77.871613
v 111.113747 -16.203074 68.307747
v 111.871010 -18.957237 83.758774
v -92.251205 7.759664 94.202240
v -94.275513 9.043687 104.169708
v -85.962700 13.574472 97.280190
v -41.212818 -80.093872 92.731476
v -45.017490 -92.278290 88.806450
v -38.031040 -76.637939 77.664955
v 38.764053 18.223597 158.071716
v 45.836681 14.195202 154.178421
v 54.142101 26.906702 148.644455
v -7.895936 -26.559408 113.808975
v -16.897678 -33.296288 111.901161
v 10.006729 -33.591614 111.717575
v -39.708588 -92.206688 133.275055
v -22.727526 -98.163033 124.010162
v -26.521597 -88.328461 132.290100
v 35.463017 -25.145718 176.779770
v 63.402645 -20.164438 166.184082
v 49.324764 -12.654477 167.640335
v 89.549614 -90.457039 101.549126
v 95.233681 -76.271332 111.521614
v 87.762642 -86.854553 112.976723
v -5.954401 32.782749 100.031601
v 11.975887 34.190498 101.858765
v 10.688363 41.338406 107.411156
v 5.985200 -48.706543 63.611645
v 18.724709 -49.921391 58.502216
v 15.330698 -47.899677 68.706009
v -21.996920 19.514669 98.364395
v -17.285221 27.448004 98.708305
v -24.712860 11.237096 114.051064
v 111.113747 -16.203074 68.307747
v 109.574883 -7.474452 87.405891
v 111.871010 -18.957237 83.758774
v 6.216459 -39.563911 37.767548
v 13.579449 -20.574631 32.622978
v 13.650381 -39.744560 32.522537
v -27.331408 -47.972946 125.147293
v 0.717116 -43.193138 115.318176
v -15.441916 -40.162842 106.423409
v 47.997345 47.219856 82.040268
v 39.629158 45.512810 84.559052
v 64.041794 45.138783 103.459618
v 26.095896 -108.117050 85.694283
v 39.629158 -109.834076 84.559052
v 32.615406 -117.007324 91.232201
v 34.252079 -115.224380 103.251434
v 51.525753 -114.987854 101.151581
v 46.822063 -112.721481 111.990028
v 105.957916 -3.280417 78.299850
v 96.970039 12.604186 90.179039
v 102.256866 3.921341 90.719521
v 31.277229 47.016537 77.420113
v 21.185349 44.144840 69.950287
v 13.271416 48.430187 75.789162
v -56.534565 -33.707676 141.450699
v -51.937588 -37.629070 138.025528
v -58.436157 -38.511143 123.209030
v 32.138210 -18.128349 77.277298
v 42.392632 -26.744911 97.265984
v 31.865839 -21.762363 84.663307
v -40.084480 -35.797680 68.472404
v -74.688240 -32.762955 69.321365
v -48.113686 -34.656910 77.656334
v 20.832367 -41.039276 155.795410
v 32.577972 -40.309914 146.285782
v 25.923815 -35.697865 146.372025
v -16.496529 17.057425 82.292831
v -10.269275 13.934816 77.043480
v -19.057930 4.004812 79.682014
v 84.588280 28.952194 91.218498
v 96.970039 12.604186 90.179039
v 82.618111 21.923950 85.760361
v -11.646299 -42.892570 177.696899
v -1.689815 -38.507046 179.583832
v -2.401741 -31.950844 177.761414
v 29.989792 -44.960560 107.212547
v 31.033566 -62.896763 91.677521
v 30.684944 -52.582668 106.080925
v 34.355919 -24.397726 94.113411
v 34.600418 -33.022854 96.201202
v 28.697481 -33.017998 98.783005
v -14.289305 -27.556129 97.862030
v -16.402157 -32.301998 98.581879
v -8.170826 -34.640709 96.002388
v -18.655926 -22.095375 83.240784
v -36.219715 3.727681 85.391335
v -18.613716 -3.605256 79.574959
v -14.544471 40.865177 69.528702
v -9.322674 44.690235 73.155525
v 5.475913 43.170143 63.377739
v 36.140327 9.907878 112.805367
v 21.647182 18.946648 106.144012
v 15.764807 6.639766 125.183456
v -17.924818 10.124386 154.966522
v -23.478674 25.502239 143.145218
v -25.628691 19.016024 145.665848
v -25.042625 -32.946266 117.157631
v -23.885548 -29.949299 116.544769
v -18.152950 -32.998241 121.760513
v -21.718304 -107.477676 107.574867
v -9.605888 -109.660789 113.309967
v -15.782459 -107.945473 118.673561
v 42.809772 -97.030205 54.710178
v 56.430321 -98.450035 60.234650
v 35.218201 -103.721893 59.945370
v 13.271416 48.430187 75.789162
v 21.185349 44.144840 69.950287
v 5.475913 43.170143 63.377739
v 67.840706 10.572492 57.703846
v 80.495972 -12.518442 57.662235
v 76.175911 21.037836 53.022129
v 82.744026 13.159372 53.823620
v 97.645508 -3.382844 55.285385
v 90.718803 -9.653820 50.881046
v 23.178089 -46.281860 83.268150
v 26.638447 -42.456406 70.405350
v 28.687624 -35.287308 79.213417
v 21.647182 18.946648 106.144012
v 10.258285 12.546812 118.445908
v 15.764807 6.639766 125.183456
v -36.041801 34.352276 122.013802
v -31.919104 32.602440 103.560051
v -46.131393 35.792923 112.637497
v -28.908590 -55.209858 125.690849
v -7.679646 -57.000092 130.844727
v -27.331408 -47.972946 125.147293
v 29.830334 -40.085655 57.813686
v 30.486971 -19.176540 61.073975
v 35.990150 -22.861996 51.412495
v 2.000780 -108.023102 80.368980
v -9.322674 -109.011497 73.155525
v 13.271416 -112.751457 75.789162
v 45.953243 -18.453625 81.745583
v 39.607662 -21.939047 81.218018
v 49.378017 -40.179173 80.728355
v -28.362461 -32.785641 92.890434
v -33.448837 -32.768478 92.902740
v -27.991989 -29.062304 92.875534
v -18.464617 -13.835302 58.455959
v 3.927033 3.054565 62.283409
v 1.036221 -6.837781 61.249237
v -45.296562 25.790602 94.455475
v -45.017490 27.957027 88.806450
v -59.732773 30.590029 100.013123
v 108.898468 -51.369461 105.972794
v 96.918701 -63.820671 113.972351
v 106.068642 -56.526791 104.603050
v -66.177551 6.173687 148.927185
v -52.654682 13.267906 147.337692
v -63.206783 14.088110 137.220306
v 101.358276 -15.618003 118.555855
v 96.918701 -0.500593 113.972351
v 95.564354 -6.226487 126.146675
v -11.623983 -81.586128 158.199677
v -17.924818 -74.445648 154.966522
v -23.478674 -89.823502 143.145218
v 90.910210 -25.555077 52.045269
v 78.952621 -21.745773 65.440666
v 67.548584 7.469031 64.677292
v -9.523502 -57.400539 75.641029
v -0.241139 -67.678108 77.256897
v 5.871824 -55.584820 79.640869
v 12.178561 -58.514896 85.126129
v 3.432191 -51.688393 79.363754
v 15.330698 -47.899677 68.706009
v 23.178089 -46.281860 83.268150
v 28.572912 -43.874390 92.160294
v 26.443830 -58.781925 85.124619
v -49.432880 -30.072844 108.952362
v -46.915195 -29.420631 114.837646
v -55.373077 -28.422314 109.260811
v -7.597995 38.549587 101.851593
v -17.143120 37.683907 99.947586
v -21.718304 43.156410 107.574867
v 61.871056 -58.077122 72.953964
v 65.131020 -42.801620 76.016579
v 72.378151 -49.993145 75.223831
v 30.684944 -52.582668 106.080925
v 53.434189 -61.646416 96.151985
v 44.065456 -57.681004 109.329300
v -7.679646 -57.000092 130.844727
v 12.137462 -73.157211 118.508598
v 13.460897 -61.807598 128.195068
v 68.992889 34.541199 94.398308
v 62.961422 38.416885 81.423691
v 64.780540 44.412243 91.860855
v 60.274879 -94.348442 50.634029
v 60.547649 -81.802292 55.893429
v 50.421673 -91.570686 54.573162
v -11.623983 -81.586128 158.199677
v -23.478674 -89.823502 143.145218
v -7.587675 -89.464523 139.484253
v 45.683514 27.982920 26.761696
v 29.318933 26.914490 30.075024
v 43.512081 33.935200 29.721672
v -34.505104 -35.334682 146.972687
v -51.937588 -37.629070 138.025528
v -38.807186 -40.350567 149.817719
v -24.712860 11.237096 114.051064
v -33.337570 12.885142 103.519028
v -21.996920 19.514669 98.364395
v 76.873062 -73.285629 36.461372
v 79.336693 -75.541321 44.247730
v 58.863010 -93.427559 40.804157
v 91.435051 -26.112156 127.059021
v 84.473709 -30.485697 136.010361
v 73.929443 -28.511749 114.690544
v 5.871824 -55.584820 79.640869
v -15.522696 -45.850540 85.206566
v -9.523502 -57.400539 75.641029
v 3.019253 -85.564209 106.426048
v -0.435680 -105.736023 106.539543
v -3.562112 -99.758423 104.477562
v 29.830334 -40.085655 57.813686
v 30.791456 -37.432148 63.493019
v 30.486971 -19.176540 61.073975
v -98.090836 -49.250832 104.268494
v -94.275513 -73.364952 104.169708
v -92.678268 -59.430130 112.883392
v 41.677769 -35.401741 35.988575
v 36.977333 -41.611721 42.634121
v 37.059322 -15.854183 41.857822
v 20.706755 -30.139553 68.226051
v 36.079208 -28.535933 27.853050
v 30.807201 -18.234865 46.270329
v 105.957916 -3.280417 78.299850
v 105.703552 -9.211691 61.651924
v 99.987465 -3.506660 73.125710
v -43.397007 -35.940804 120.228600
v -41.646496 -31.419365 119.346619
v -46.915195 -34.900635 114.837646
v 21.294868 38.497108 68.196701
v 16.976171 42.304871 60.320919
v -2.434801 34.005028 62.896805
v 61.197674 -35.165539 145.616196
v 46.696106 -33.340267 147.342194
v 74.501022 -35.522053 155.222656
v 84.473709 -30.485697 136.010361
v 65.498215 -30.025541 131.005875
v 73.929443 -28.511749 114.690544
v 13.413879 -83.765488 82.746773
v 34.545128 -79.026108 96.495697
v 14.006564 -85.132408 89.439232
v -41.212818 15.772609 92.731476
v -45.296562 25.790602 94.455475
v -30.503946 24.790924 97.314804
v -40.445087 14.175797 150.749878
v -42.420174 17.331554 132.676132
v -49.511925 19.712393 136.510254
v -2.434801 34.005028 62.896805
v 16.976171 42.304871 60.320919
v -8.209353 34.481361 60.527325
v -5.520492 44.148014 121.754913
v 12.122243 47.458050 118.380035
v -15.782459 43.624210 118.673561
v 13.408947 23.484716 82.745102
v -16.496529 17.057425 82.292831
v 11.692668 24.570700 89.660965
v 58.214077 0.750826 105.939545
v 44.614799 1.971371 109.591652
v 60.895241 9.599927 105.076668
v -13.738136 -103.017799 78.631432
v -9.322674 -109.011497 73.155525
v 2.000780 -108.023102 80.368980
v -3.394929 -74.024956 69.335861
v -17.141878 -81.815224 83.712486
v 20.662796 -77.166054 72.816284
v 26.771124 32.072002 36.220295
v 37.826843 39.526905 42.514236
v 44.165539 37.296642 35.728619
v -31.601822 -28.845007 99.002892
v -30.995756 -29.860405 106.086388
v -32.086445 -32.852352 105.972717
v 7.291667 -12.413393 78.270782
v 20.395620 -5.015132 80.948090
v 11.554228 -1.238726 79.606506
v 11.917117 -28.175470 118.634987
v 17.312113 -27.085752 114.857399
v 13.502470 -30.510187 118.889519
v 54.333015 -21.601025 90.167168
v 54.462234 -29.687500 109.322319
v 42.392632 -26.744911 97.265984
v -26.521597 -88.328461 132.290100
v -23.478674 -89.823502 143.145218
v -25.628691 -83.337288 145.665848
v 23.257780 -10.237397 37.751503
v 10.177036 -6.046121 49.585789
v 18.312498 -10.053285 58.350750
v -30.637081 8.350807 76.331757
v -36.447441 -0.209430 69.310265
v -38.031040 12.316673 77.664955
v -25.060337 -53.310234 68.890388
v -24.358231 -37.057102 86.058861
v -23.526827 -52.634983 78.374657
v -17.263689 -30.139553 79.972984
v -17.153421 -30.139553 75.734741
v -17.945856 -30.139553 77.498207
v -20.753958 -4.768821 131.844696
v -40.911434 -13.244411 122.931763
v -39.931641 -4.679553 124.183380
v -10.790077 15.165689 111.142853
v -10.492297 17.052660 102.285149
v -12.856099 10.714901 111.433800
v -8.209353 34.481361 60.527325
v 16.976171 42.304871 60.320919
v -16.158897 26.647814 50.324059
v 44.614799 -66.292633 109.591652
v 35.942425 -59.516190 120.039688
v 44.065456 -57.681004 109.329300
v 59.101681 40.164204 128.000763
v 67.988403 24.440144 140.395660
v 70.168716 32.378521 130.632629
v -44.785995 -29.454115 170.413605
v -63.884098 -23.384996 163.717224
v -68.908386 -27.950069 152.423080
v 87.358154 -75.211357 120.371750
v 95.233681 -76.271332 111.521614
v 93.804710 -68.196655 120.483841
v 4.468407 -35.216434 146.209595
v 41.051331 -35.748196 130.338684
v 7.526095 -36.946278 139.269089
v -24.712860 11.237096 114.051064
v -5.666375 11.981036 116.523994
v 4.630093 -0.368071 133.627441
v 23.709808 -42.876602 105.399384
v 25.174526 -52.195217 110.363785
v 28.806311 -63.059372 97.655777
v 45.290905 -0.093436 86.151619
v 30.735689 3.512078 83.768158
v 31.033566 -1.424504 91.677521
v -45.490925 -8.137783 69.751289
v -40.475494 -14.752419 64.879448
v -27.430527 -14.572128 70.687187
v 91.203056 -79.579323 64.143967
v 97.645508 -60.938419 55.285385
v 93.144211 -66.034073 66.815948
v 72.208786 -33.792572 45.271984
v 72.785362 -23.966843 48.052906
v 72.710197 -34.243038 62.024128
v 65.131020 -42.801620 76.016579
v 63.628071 -37.705444 82.735855
v 91.975403 -32.536518 57.628925
v -58.524376 -43.667877 161.854279
v -50.262150 -43.607288 170.543945
v -63.884098 -40.936268 163.717224
v 0.283292 -81.164856 101.705063
v -4.921579 -90.032616 103.615372
v 10.785492 -89.843666 106.504715
v 28.557787 -34.336887 155.028580
v 46.696106 -33.340267 147.342194
v 32.577972 -40.309914 146.285782
v 1.377149 -1.585304 167.648788
v 3.810758 3.697693 160.953400
v -3.100841 5.092312 165.624268
v 91.975403 -31.784746 57.628925
v 90.910210 -25.555077 52.045269
v 100.930847 -28.175634 52.294235
v -2.215543 -30.590986 90.733696
v -6.324617 -26.000120 97.321564
v -3.919770 -26.915052 84.823868
v -17.508026 -29.944441 121.029129
v -23.885548 -29.949299 116.544769
v -28.937113 -30.260670 111.727013
v 43.850182 39.905018 68.616447
v 61.908051 31.918524 65.997429
v 56.430321 34.128769 60.234650
v -3.100841 -69.413574 165.624268
v 3.810758 -68.018959 160.953400
v 1.377149 -62.735962 167.648788
v 17.063072 46.249756 84.454346
v 8.790732 50.700848 88.400116
v 32.615406 52.686058 91.232201
v -49.511925 -84.033661 136.510254
v -42.420174 -81.652817 132.676132
v -40.445087 -78.497063 150.749878
v -11.623983 -81.586128 158.199677
v -21.699202 -66.823494 157.687607
v -17.924818 -74.445648 154.966522
v 34.891708 -34.272606 109.156784
v 29.728193 -22.752569 98.415085
v 27.889088 -34.893467 95.524513
v 100.412140 -39.556793 123.929367
v 97.369904 -37.951614 112.185684
v 78.102562 -32.709389 112.978653
v -38.048481 -65.843254 91.369347
v -46.361275 -49.931274 107.057793
v -33.890678 -59.528103 84.203812
v 107.943092 -32.680401 72.815468
v 111.113747 -48.118191 68.307747
v 105.247444 -38.370445 63.665543
v -27.991989 -35.258961 92.875534
v -33.448837 -31.552786 92.902740
v -28.362461 -31.535624 92.890434
v 45.839485 6.429314 84.145920
v 48.579899 6.137293 94.822861
v 42.608093 10.239594 105.035736
v 90.695946 -78.971924 102.588158
v 96.970039 -76.925453 90.179039
v 95.233681 -76.271332 111.521614
v 11.692668 24.570700 89.660965
v -16.496529 17.057425 82.292831
v -17.633009 16.566721 93.162155
v 61.643639 3.257804 98.573380
v 45.839485 6.429314 84.145920
v 45.290905 -0.093436 86.151619
v 8.397730 -19.629520 171.540329
v 20.467009 -11.470609 175.109131
v 6.615566 -12.729092 175.466995
v 80.110764 -56.218307 31.612558
v 79.088669 -39.503796 36.461536
v 84.958923 -45.857452 38.558384
v -7.587675 25.143257 139.484253
v -11.623983 17.264864 158.199677
v -4.972637 18.729519 155.237930
v -48.014786 -2.091108 86.867455
v -52.900398 4.542668 95.562714
v -52.828754 -12.162136 94.741150
v -40.292271 -85.808365 53.614803
v -30.873604 -97.228699 72.729744
v -38.592983 -97.948921 70.179413
v -23.457218 -30.217295 100.358093
v -18.655926 -22.095375 83.240784
v -18.730940 -37.976528 83.423729
v -11.298090 -31.283514 124.441093
v -2.806384 -31.246435 125.525795
v -10.999996 -34.097675 123.494835
v 13.005220 -12.124639 129.521896
v 23.204109 -18.105778 116.904793
v 1.427690 -29.659443 119.303680
v -78.133774 -37.928532 113.395546
v -67.406410 -33.564251 103.265625
v -86.631844 -33.480381 107.477684
v -40.445087 14.175797 150.749878
v -52.872417 3.235598 157.064896
v -25.628691 19.016024 145.665848
v -52.900398 -68.863930 95.562714
v -54.749306 -60.876461 109.069397
v -44.454678 -68.545250 114.944267
v -8.412539 18.918564 104.385925
v -24.712860 11.237096 114.051064
v -17.285221 27.448004 98.708305
v 73.103439 -12.016671 63.486633
v 80.495972 -12.518442 57.662235
v 67.840706 10.572492 57.703846
v -35.391933 -42.928127 174.623398
v -37.892857 -58.253540 169.272614
v -26.611404 -34.398853 175.129623
v 47.087864 17.056089 62.973053
v 35.587566 13.606134 65.589294
v 23.009937 15.350467 58.151859
v -89.443565 -7.754798 86.787827
v -88.462311 -18.282429 78.124298
v -93.054123 -16.954613 87.820465
v -3.100841 -69.413574 165.624268
v -11.623983 -81.586128 158.199677
v 1.074094 -77.524734 152.509628
v -14.641374 -61.911549 171.803925
v -6.422065 -50.950878 176.794693
v -19.398119 -58.563408 166.088501
v -4.972637 -83.050781 155.237930
v 1.074094 -77.524734 152.509628
v -11.623983 -81.586128 158.199677
v -36.447441 -0.209430 69.310265
v -66.269760 9.432724 86.228241
v -62.113045 19.918102 82.327805
v -14.799599 -30.670811 61.401791
v -15.871344 -30.662554 68.366432
v -17.605663 -30.670811 66.897987
v 58.379959 -37.773445 75.351791
v 49.378017 -40.179173 80.728355
v 65.830818 -48.820557 66.506882
v 111.871010 -45.364029 83.758774
v 111.113747 -48.118191 68.307747
v 112.238953 -38.462170 77.871613
v 67.988403 24.440144 140.395660
v 48.580643 37.578728 132.708939
v 53.692669 28.820179 139.107193
v -23.457218 -30.217295 100.358093
v -15.270441 -20.051805 106.800087
v -24.066437 -21.792440 94.315765
v -98.975281 -44.320389 98.927490
v -92.326958 -34.544113 94.348938
v -96.714043 -53.715771 92.247696
v 26.100779 -33.027874 101.849113
v 28.697481 -33.017998 98.783005
v 32.656574 -31.594885 106.667030
v -51.937588 -37.629070 138.025528
v -34.505104 -35.334682 146.972687
v -49.242847 -34.258873 121.428169
v 9.137363 -31.995569 165.287811
v -11.045048 -31.171436 158.714569
v 18.227144 -30.351864 156.536835
v -92.678268 -4.891136 112.883392
v -90.197212 7.952776 109.421066
v -94.275513 9.043687 104.169708
v -26.529102 33.764053 57.662563
v -8.209353 34.481361 60.527325
v -16.158897 26.647814 50.324059
v -1.837848 -39.858192 65.599106
v -1.725229 -36.282684 50.433262
v 3.001555 -48.736023 51.933006
v -72.748993 -58.987553 149.072861
v -56.163010 -62.742779 153.687119
v -45.381405 -59.860977 165.516037
v -38.031040 -76.637939 77.664955
v -45.717766 -83.598808 79.027397
v -36.447441 -64.111832 69.310265
v 18.305813 -28.385479 132.463562
v 18.029577 -23.587320 133.753250
v 7.526095 -27.374989 139.269089
v -49.537155 -87.234436 65.180496
v -38.592983 -97.948921 70.179413
v -53.721039 -93.495712 77.626511
v 70.607536 -37.522205 109.699394
v 92.581711 -32.152149 89.255890
v 94.224510 -35.710464 80.837250
v -85.962700 -77.895737 97.280190
v -92.251205 -72.080933 94.202240
v -80.887604 -70.263550 88.054123
v -18.562792 -38.895870 154.583481
v -26.611404 -34.398853 175.129623
v -11.045048 -33.149830 158.714569
v -55.073784 19.862494 69.914993
v -55.367184 11.778671 75.496674
v -53.721039 29.174444 77.626511
v -30.503946 24.790924 97.314804
v -31.919104 32.602440 103.560051
v -17.143120 37.683907 99.947586
v -37.289406 -35.874092 125.160179
v -43.397007 -35.940804 120.228600
v -20.082294 -36.272972 136.990738
v 4.630093 -63.953194 133.627441
v 18.086536 -67.562263 130.098572
v 7.686195 -79.961258 112.468903
v 63.730534 -11.100333 69.083511
v 39.788528 4.365480 63.712254
v 55.470303 -16.645632 77.642906
v 1.724114 -48.164749 78.146378
v -14.724766 -41.230289 77.271675
v -15.522696 -45.850540 85.206566
v 70.994987 -22.524372 65.032158
v 78.654129 -22.353567 56.956650
v 80.495972 -12.518442 57.662235
v -35.903374 -31.367552 124.579536
v -32.086445 -31.468912 105.972717
v -31.081089 -31.508421 98.777985
v -33.448837 -32.768478 92.902740
v -28.362461 -32.785641 92.890434
v -46.228493 -32.849922 113.481247
v 6.915541 -19.742851 37.263885
v 23.257780 -10.237397 37.751503
v 13.579449 -20.574631 32.622978
v -19.057919 -64.286255 79.682083
v -29.394621 -69.902039 82.874069
v -18.707033 -56.683468 79.534531
v 8.790732 -115.022110 88.400116
v 32.615406 -117.007324 91.232201
v 24.926878 -118.132629 99.065880
v 29.989792 -19.360706 107.212547
v 33.566216 -7.903631 89.014442
v 29.840471 -26.525024 98.370438
v 14.864699 -31.224253 119.549179
v 9.907696 -31.224253 122.039665
v 18.581884 -31.140217 131.173874
v 42.392632 -37.576355 97.265984
v 54.462234 -34.633766 109.322319
v 54.333015 -42.720238 90.167168
v -6.422065 -50.950878 176.794693
v -11.646299 -42.892570 177.696899
v -24.362034 -40.996426 177.272385
v 52.758839 37.899929 141.230164
v 48.580643 37.578728 132.708939
v 34.771748 38.255718 137.002716
v 26.143465 -23.663881 13.944988
v 26.231050 -36.790783 14.084588
v 13.650381 -39.744560 32.522537
v -6.422065 -13.370388 176.794693
v 2.075731 -15.341997 167.103409
v 1.377149 -1.585304 167.648788
v 40.549126 29.703905 151.624115
v 29.756325 38.128181 143.206161
v 25.409210 24.473047 156.258209
v 0.938996 -23.943804 132.975815
v 19.921036 -33.352680 126.467842
v 2.120872 -34.860268 131.836304
v -52.828754 -12.162136 94.741150
v -31.760582 -26.497488 98.427017
v -24.358231 -27.264162 86.058861
v 42.241791 18.710279 25.139204
v 69.391479 4.442306 25.773359
v 66.561081 -8.336526 24.966372
v 18.759727 -27.499378 176.336670
v 28.557787 -29.984379 155.028580
v 27.268019 -31.303720 175.367920
v -47.297325 -31.552786 100.641037
v -42.599716 -34.799271 94.679161
v -48.086357 -36.822781 101.041138
v 60.274879 -94.348442 50.634029
v 41.373318 -97.566238 51.742256
v 43.002537 -97.618713 39.621620
v 44.552475 -24.298956 116.670898
v 38.902134 -23.977707 123.818512
v 42.295319 -33.166153 115.398376
v 77.764977 34.048626 90.298363
v 82.618111 21.923950 85.760361
v 83.587967 24.902128 72.307030
v 34.355919 -39.923538 94.113411
v 39.776497 -39.412197 94.182549
v 33.392841 -48.622826 90.765327
v 35.463017 -39.175549 176.779770
v 44.806538 -34.586941 170.967819
v 27.268019 -33.017544 175.367920
v 44.552475 -40.022308 116.670898
v 43.611076 -34.455841 109.236526
v 44.154964 -35.004425 112.426178
v 26.638447 -42.456406 70.405350
v 15.330698 -47.899677 68.706009
v 18.724709 -49.921391 58.502216
v 9.137363 -32.325695 165.287811
v 18.227144 -33.969402 156.536835
v -11.045048 -33.149830 158.714569
v 14.864699 -31.224253 119.549179
v 18.581884 -31.140217 131.173874
v 27.234861 -31.127911 128.287979
v -44.761753 -14.418029 86.925552
v -24.358231 -27.264162 86.058861
v -23.526827 -11.686283 78.374657
v 32.476059 -78.795280 103.319740
v 45.839485 -70.750580 84.145920
v 20.662796 -77.166054 72.816284
v -73.480202 -75.642059 136.472946
v -66.554420 -62.044731 142.257004
v -75.165314 -69.161865 130.685211
v -42.799042 -32.751152 95.197945
v -33.448837 -32.768478 92.902740
v -48.690319 -32.810417 108.161705
v -45.910686 -10.275229 107.868309
v -36.219715 3.727681 85.391335
v -40.872040 -14.434908 94.563927
v -23.526827 -11.686283 78.374657
v -25.060337 -11.011032 68.890388
v -30.637081 8.350807 76.331757
v 23.204109 -18.105778 116.904793
v 29.989792 -19.360706 107.212547
v 22.395737 -27.189543 110.212418
v 105.247444 -25.950819 63.665543
v 94.224510 -28.610800 80.837250
v 101.642441 -31.306387 59.665699
v 74.097328 29.145729 97.192825
v 80.505753 28.546171 110.284653
v 84.588280 28.952194 91.218498
v -55.373077 -28.422314 109.260811
v -58.436157 -25.810122 123.209030
v -66.858231 -30.582735 118.992950
v 25.409210 -88.794312 156.258209
v 29.756325 -102.449448 143.206161
v 40.549126 -94.025169 151.624115
v 8.397730 -19.629520 171.540329
v 0.507316 -19.497574 180.154373
v 18.759727 -27.499378 176.336670
v -49.432880 -30.072844 108.952362
v -48.086357 -27.498486 101.041138
v -48.690319 -32.810417 108.161705
v 23.495979 -33.084705 112.663391
v 22.395737 -27.189543 110.212418
v 24.762352 -33.062363 108.231010
v 30.677073 -17.171989 34.099991
v 13.579449 -20.574631 32.622978
v 23.257780 -10.237397 37.751503
v 34.600418 -31.298410 96.201202
v 37.699234 -31.288534 96.220955
v 34.355919 -39.923538 94.113411
v -4.344840 -46.509510 79.796837
v -1.837848 -39.858192 65.599106
v 5.985200 -48.706543 63.611645
v -72.748993 -58.987553 149.072861
v -65.929077 -55.515591 157.060440
v -70.556862 -48.954250 158.073822
v -94.535583 -36.431919 112.123680
v -99.119576 -42.954021 118.164665
v -86.795593 -33.132301 124.881493
v 44.065456 -6.640262 109.329300
v 29.989792 -19.360706 107.212547
v 23.204109 -18.105778 116.904793
v -22.727526 -98.163033 124.010162
v -21.718304 -107.477676 107.574867
v -15.782459 -107.945473 118.673561
v -52.654682 -77.589172 147.337692
v -40.445087 -78.497063 150.749878
v -52.872417 -67.556862 157.064896
v -80.887604 -70.263550 88.054123
v -89.443565 -56.566467 86.787827
v -78.292404 -52.583652 84.365311
v 3.403244 -24.596151 153.246399
v 20.832367 -23.281988 155.795410
v 18.227144 -30.351864 156.536835
v 51.201324 -103.860603 121.875755
v 45.407001 -111.485786 129.767303
v 46.822063 -112.721481 111.990028
v -43.397007 -35.940804 120.228600
v -49.242847 -34.258873 121.428169
v -23.925396 -34.667870 138.376053
v 52.758839 -102.221191 141.230164
v 40.549126 -94.025169 151.624115
v 29.756325 -102.449448 143.206161
v 64.650688 -35.349705 35.077549
v 66.399719 -23.879808 36.149517
v 72.208786 -33.792572 45.271984
v 90.718803 -54.667446 50.881046
v 89.246513 -50.220959 54.242317
v 105.703552 -55.109573 61.651924
v 18.205996 17.003317 108.092560
v 18.126854 34.355652 106.999878
v 27.463280 31.482172 108.696297
v 2.075731 -15.341997 167.103409
v -11.646299 -21.428696 177.696899
v 0.507316 -19.497574 180.154373
v -28.937113 -34.060596 111.727013
v -17.508026 -34.376823 121.029129
v 1.427690 -34.661823 119.303680
v 2.677489 -31.287806 112.828400
v 10.266513 -29.959452 110.743973
v 25.471106 -7.582091 110.381668
v 27.463280 31.482172 108.696297
v 25.011822 14.988959 112.434982
v -43.815517 -77.360970 94.161537
v -24.712860 -75.558357 114.051064
v -33.337570 -77.206406 103.519028
v -4.081824 -23.488548 136.463608
v -3.573397 -33.124214 134.281906
v 6.906194 -22.851072 136.391891
v 15.158909 -28.486376 84.472343
v 24.447872 -33.258720 62.170750
v 10.298379 -34.743252 89.293404
v 7.264646 9.631026 57.604591
v -14.648344 1.520547 48.713089
v -13.118571 7.981319 51.696468
v 45.867897 1.299860 27.206440
v 66.561081 -8.336526 24.966372
v 57.497360 -11.091337 28.280764
v -22.873541 -84.400459 55.047474
v -31.406893 -89.770149 54.942970
v -33.104645 -76.344955 52.124710
v 111.871010 -45.364029 83.758774
v 112.238953 -38.462170 77.871613
v 108.898468 -51.369461 105.972794
v -16.144663 -29.608458 61.115353
v -16.560797 -29.608458 64.522141
v -14.987102 -29.608458 61.062569
v 75.476875 4.410794 57.224628
v 67.548584 7.469031 64.677292
v 71.670601 14.539222 54.442566
v -40.292271 -85.808365 53.614803
v -49.816528 -83.801857 59.177311
v -49.593819 -71.982193 55.713997
v 82.744026 -77.480637 53.823620
v 97.645508 -60.938419 55.285385
v 91.203056 -79.579323 64.143967
v -8.209353 34.481361 60.527325
v -14.544471 40.865177 69.528702
v 5.475913 43.170143 63.377739
v 72.099525 -5.577312 151.359283
v 58.245766 2.411470 150.029861
v 60.982174 -5.579991 160.739914
v -50.873009 17.997553 128.309631
v -39.708588 27.885426 133.275055
v -55.574829 25.401615 116.672699
v -35.903374 -31.367552 124.579536
v -31.081089 -31.508421 98.777985
v -41.646496 -31.419365 119.346619
v -89.091293 -37.120033 90.117630
v -74.688240 -32.762955 69.321365
v -91.443756 -37.481270 83.597473
v -17.633009 16.566721 93.162155
v -14.766792 14.514029 97.460175
v 1.253929 14.417847 99.668335
v -9.430904 46.278572 93.805069
v -41.353024 36.466175 81.427795
v -34.164658 37.231384 94.426552
v -26.529102 33.764053 57.662563
v -16.158897 26.647814 50.324059
v -31.406893 25.448883 54.942970
v 23.204109 -18.105778 116.904793
v 13.005220 -12.124639 129.521896
v 35.942425 -4.805074 120.039688
v 108.898468 -12.951803 105.972794
v 106.068642 -7.794474 104.603050
v 96.918701 -0.500593 113.972351
v -89.443565 -56.566467 86.787827
v -93.054123 -47.366650 87.820465
v -88.462311 -46.038837 78.124298
v 90.910210 -38.766190 52.045269
v 89.246513 -50.220959 54.242317
v 67.548584 -71.790298 64.677292
v -45.490925 -8.137783 69.751289
v -51.853653 -6.217955 66.297142
v -40.475494 -14.752419 64.879448
v 41.051331 -35.748196 130.338684
v 38.902134 -40.343559 123.818512
v 26.985182 -40.699295 130.781052
v 61.323620 35.689938 50.636131
v 57.718403 35.507980 39.878628
v 42.811337 41.171524 50.931000
v -2.712309 -30.616405 124.591843
v 7.278771 -30.552286 119.586258
v 9.907696 -33.097012 122.039665
v -24.358231 -37.057102 86.058861
v -25.060337 -53.310234 68.890388
v -28.192675 -44.955776 71.283257
v -75.165314 4.840598 130.685211
v -73.942719 19.515802 120.682693
v -80.197990 9.412463 129.673157
v 42.453537 -65.350929 165.835022
v 30.791216 -63.923122 170.025543
v 35.111946 -79.638153 162.848053
v -49.566498 -59.189175 55.278316
v -28.310583 -60.011059 45.495686
v -34.938427 -73.186729 47.829174
v -3.394929 -74.024956 69.335861
v 20.662796 -77.166054 72.816284
v -0.241139 -67.678108 77.256897
v -18.730940 -37.976528 83.423729
v -23.904976 -38.427437 94.369980
v -23.457218 -30.217295 100.358093
v 105.703552 -55.109573 61.651924
v 101.185677 -64.393509 65.736130
v 97.645508 -60.938419 55.285385
v -24.362034 -40.996426 177.272385
v -37.892857 -58.253540 169.272614
v -24.842529 -58.252228 172.341278
v -18.707033 -56.683468 79.534531
v -18.730940 -37.976528 83.423729
v -10.763317 -53.146187 79.488304
v 94.224510 -35.710464 80.837250
v 74.426720 -34.244431 94.381851
v 70.607536 -37.522205 109.699394
v -21.027287 -31.546329 161.287415
v -33.124111 -32.017933 156.260208
v -18.562792 -25.425396 154.583481
v -44.454678 4.223985 114.944267
v -54.749306 -3.444805 109.069397
v -52.900398 4.542668 95.562714
v 16.337702 45.043499 130.641785
v 25.901516 46.611279 128.508240
v 12.122243 47.458050 118.380035
v 87.762642 22.533289 112.976723
v 77.286858 27.617388 123.546844
v 95.233681 11.950066 111.521614
v -21.996920 -83.835930 98.364395
v -33.337570 -77.206406 103.519028
v -24.712860 -75.558357 114.051064
v 45.123890 -66.274979 71.580025
v 26.546675 -61.160065 72.884438
v 50.589054 -61.281231 75.207741
v 13.283436 -53.721771 55.958866
v 19.775286 -75.290344 51.386963
v 19.454563 -66.822327 57.604008
v 24.926878 53.811363 99.065880
v 32.615406 52.686058 91.232201
v 8.790732 50.700848 88.400116
v -17.945856 -30.139553 77.498207
v -3.919770 -26.915052 84.823868
v -14.289305 -27.556129 97.862030
v 20.745453 -76.744179 35.280251
v 28.458839 -82.534492 29.608408
v 27.003052 -90.230515 36.357746
v 7.662344 -26.985743 68.800537
v -0.560821 -29.028347 62.951656
v 5.698658 -35.789352 69.637741
v 9.486017 19.838764 59.202431
v -21.038347 7.353248 44.528034
v -6.623179 21.056936 47.536205
v -6.422065 -50.950878 176.794693
v -24.362034 -40.996426 177.272385
v -19.398119 -58.563408 166.088501
v -31.081089 -31.508421 98.777985
v -31.760582 -37.823776 98.427017
v -27.991989 -35.258961 92.875534
v 95.233681 11.950066 111.521614
v 96.970039 12.604186 90.179039
v 90.695946 14.650658 102.588158
v -29.394697 -32.904327 112.762161
v -25.042625 -32.946266 117.157631
v -20.449455 -33.050056 131.396179
v -49.172150 12.241632 78.228561
v -36.447441 -0.209430 69.310265
v -62.113045 19.918102 82.327805
v 18.759727 -27.499378 176.336670
v 0.507316 -19.497574 180.154373
v 12.660425 -31.272152 178.237656
v -2.401741 -32.370422 177.761414
v -1.689815 -25.814220 179.583832
v -11.646299 -21.428696 177.696899
v -45.910686 -10.275229 107.868309
v -31.331175 -5.355347 124.136650
v -41.757183 -0.256574 105.098900
v -53.187492 -45.906281 71.561813
v -73.483498 -41.171665 69.557610
v -40.084480 -35.797680 68.472404
v -14.898370 -23.849144 135.205994
v -21.926809 -25.731943 133.046631
v -20.449455 -33.050056 131.396179
v -31.919104 32.602440 103.560051
v -30.503946 24.790924 97.314804
v -43.440903 33.071255 99.585960
v -86.631844 -30.840885 107.477684
v -98.090836 -15.070435 104.268494
v -98.975281 -20.000877 98.927490
v 105.957916 -3.280417 78.299850
v 111.113747 -16.203074 68.307747
v 105.703552 -9.211691 61.651924
v -31.601822 -35.476257 99.002892
v -42.953274 -40.068356 105.442940
v -31.760582 -37.823776 98.427017
v -36.447441 -0.209430 69.310265
v -64.846802 -0.790102 87.818932
v -66.269760 9.432724 86.228241
v 105.703552 -9.211691 61.651924
v 89.246513 -14.100306 54.242317
v 90.718803 -9.653820 50.881046
v -80.117355 -38.489346 87.686493
v -92.326958 -34.544113 94.348938
v -67.406410 -33.564251 103.265625
v 37.969475 -33.193356 122.304077
v 32.968754 -33.198376 125.624565
v 19.559393 -33.092155 115.959267
v -13.789207 -39.741646 76.922859
v -24.206657 -44.304207 68.924866
v -17.605663 -30.670811 66.897987
v 52.055813 -17.120321 23.046904
v 43.973328 -19.179956 27.215174
v 44.004974 -10.880752 21.736254
v 42.608093 -74.560860 105.035736
v 60.895241 -73.921188 105.076668
v 48.579899 -70.458557 94.822861
v 93.144211 1.712808 66.815948
v 99.987465 -3.506660 73.125710
v 101.185677 0.072246 65.736130
v 20.832367 -23.281988 155.795410
v 32.577972 -24.011353 146.285782
v 28.557787 -29.984379 155.028580
v 30.549753 25.025801 104.373611
v 30.646671 44.575466 116.358788
v 34.252079 50.903114 103.251434
v 25.011822 14.988959 112.434982
v 30.531641 6.658536 121.163094
v 18.086536 3.240998 130.098572
v -19.057919 -64.286255 79.682083
v -10.763317 -53.146187 79.488304
v -10.268469 -74.216454 77.043549
v 26.949535 -0.761486 32.826885
v 19.114750 -1.799180 36.667355
v 21.246742 5.105142 33.937824
v 109.574883 -7.474452 87.405891
v 101.949333 -4.865737 97.540039
v 111.871010 -18.957237 83.758774
v -53.721039 29.174444 77.626511
v -34.164658 37.231384 94.426552
v -41.353024 36.466175 81.427795
v 12.058797 42.194458 112.593506
v 12.122243 47.458050 118.380035
v 30.646671 44.575466 116.358788
v -27.607792 -12.338767 124.798538
v -18.540339 -3.626502 129.408813
v -31.331175 -5.355347 124.136650
v 29.989792 -19.360706 107.212547
v 30.684944 -11.738598 106.080925
v 31.033566 -1.424504 91.677521
v -36.447441 -0.209430 69.310265
v -49.172150 12.241632 78.228561
v -45.717766 19.277540 79.027397
v 38.737946 -28.970980 95.202965
v 37.699234 -33.032730 96.220955
v 36.163914 -28.570715 95.136253
v 61.871056 -58.077122 72.953964
v 45.123890 -66.274979 71.580025
v 50.589054 -61.281231 75.207741
v 19.866850 -66.034821 67.941948
v 7.264646 -73.952293 57.604591
v 3.927033 -67.375832 62.283409
v 105.513397 -31.151773 93.596664
v 92.581711 -32.169113 89.255890
v 107.943092 -31.640863 72.815468
v 7.291667 -51.907871 78.270782
v 11.554228 -63.082539 79.606506
v 20.395620 -59.306133 80.948090
v -41.646496 -31.419365 119.346619
v -43.397007 -35.940804 120.228600
v -37.289406 -35.874092 125.160179
v -31.919104 -96.923706 103.560051
v -21.718304 -107.477676 107.574867
v -30.088724 -102.728874 109.338882
v -51.853653 -58.103310 66.297142
v -49.566498 -59.189175 55.278316
v -54.249706 -64.616989 63.866611
v 30.791216 -63.923122 170.025543
v 42.453537 -65.350929 165.835022
v 37.979736 -53.371616 165.602158
v -6.324617 -26.000120 97.321564
v -2.215543 -30.590986 90.733696
v -8.170826 -34.640709 96.002388
v 25.944435 -13.992734 74.262917
v 19.423117 -11.787266 68.094223
v 30.710608 -20.742014 68.188423
v 72.099525 -58.743954 151.359283
v 74.390602 -45.231133 151.373199
v 60.982174 -58.741276 160.739914
v 3.772339 15.445707 59.305298
v -13.118571 7.981319 51.696468
v 9.486017 19.838764 59.202431
v -52.872417 -67.556862 157.064896
v -56.163010 -62.742779 153.687119
v -66.554420 -62.044731 142.257004
v -13.568943 0.735302 70.009682
v -25.003910 -4.546461 75.609802
v -15.522696 -18.470722 85.206566
v 34.545128 -79.026108 96.495697
v 36.482201 -73.400162 96.273972
v 38.904346 -63.419434 111.007652
v 39.957123 -35.523865 162.230896
v 44.806538 -34.586941 170.967819
v 46.696106 -33.340267 147.342194
v 20.147566 -30.208353 89.972092
v 10.298379 -34.743252 89.293404
v 9.358373 -33.378674 102.285759
v 52.758839 37.899929 141.230164
v 40.549126 29.703905 151.624115
v 53.692669 28.820179 139.107193
v 36.977333 -41.611721 42.634121
v 32.377289 -41.376663 45.758720
v 35.501163 -34.088383 52.073540
v 12.267042 29.860979 140.308685
v 12.122243 47.458050 118.380035
v 9.576650 41.944313 134.482574
v 34.600418 -33.022854 96.201202
v 42.918385 -33.084705 101.737877
v 42.948013 -33.124214 108.300148
v 25.471106 -7.582091 110.381668
v 23.709667 -17.403923 105.399673
v 28.740929 2.080086 98.150841
v -50.873009 -82.318817 128.309631
v -55.574829 -89.722878 116.672699
v -39.708588 -92.206688 133.275055
v 11.975887 34.190498 101.858765
v -4.921579 25.711353 103.615372
v 10.785492 25.522402 106.504715
v 51.442738 43.261818 71.496681
v 47.997345 47.219856 82.040268
v 64.780540 44.412243 91.860855
v 106.068642 -7.794474 104.603050
v 101.949333 -4.865737 97.540039
v 100.795227 -5.092203 103.554756
v -55.373077 -35.898949 109.260811
v -46.915195 -34.900635 114.837646
v -49.432880 -34.248421 108.952362
v 24.762352 -33.062363 108.231010
v 26.735016 -28.303873 105.565002
v 26.100779 -33.027874 101.849113
v -28.937113 -34.060596 111.727013
v -25.042625 -31.375000 117.157631
v -23.885548 -34.371967 116.544769
v 25.471106 -7.582091 110.381668
v 28.740929 2.080086 98.150841
v 35.327694 -3.582400 116.255791
v -43.815517 13.039706 94.161537
v -38.031040 12.316673 77.664955
v -41.212818 15.772609 92.731476
v 33.392841 -48.622826 90.765327
v 20.200249 -47.322258 78.661240
v 33.566216 -56.417633 89.014442
v 39.957123 -28.797400 162.230896
v 46.696106 -30.980999 147.342194
v 44.806538 -29.734324 170.967819
v -20.082294 -28.048294 136.990738
v -43.397007 -28.380461 120.228600
v -37.289406 -28.447170 125.160179
v 6.885769 -95.992340 145.195221
v 5.158086 -80.011993 157.253586
v -7.587675 -89.464523 139.484253
v 5.605472 18.079910 111.104309
v -10.492297 17.052660 102.285149
v -10.790077 15.165689 111.142853
v -19.398119 -5.757857 166.088501
v -21.699202 2.502227 157.687607
v -26.282986 3.391461 166.079834
v -18.152950 -32.998241 121.760513
v -17.508026 -29.944441 121.029129
v -11.298090 -33.037750 124.441093
v 100.930847 -36.145630 52.294235
v 101.642441 -33.014877 59.665699
v 105.247444 -38.370445 63.665543
v -14.544471 40.865177 69.528702
v -30.873604 32.907436 72.729744
v -13.738136 38.696537 78.631432
v 29.989792 -44.960560 107.212547
v 30.684944 -52.582668 106.080925
v 44.065456 -57.681004 109.329300
v 100.144173 -30.140715 99.380814
v 78.102562 -31.611877 112.978653
v 92.581711 -32.169113 89.255890
v -3.100841 5.092312 165.624268
v 1.074094 13.203470 152.509628
v -11.623983 17.264864 158.199677
v 2.677489 -31.287806 112.828400
v 1.182070 -16.756254 115.860863
v -6.688582 -22.069929 111.375229
v -11.045048 -31.171436 158.714569
v -26.611404 -29.922411 175.129623
v -18.562792 -25.425396 154.583481
v -16.158897 26.647814 50.324059
v 5.616270 28.198509 52.360928
v -6.623179 21.056936 47.536205
v -16.402157 -32.301998 98.581879
v -3.216685 -34.444164 105.718117
v -8.170826 -34.640709 96.002388
v 11.554228 -1.238726 79.606506
v 5.871824 -8.736445 79.640869
v 7.291667 -12.413393 78.270782
v 100.144173 -30.140715 99.380814
v 108.898468 -12.951803 105.972794
v 106.542145 -20.885342 111.777397
v 75.899345 -42.515057 29.920076
v 79.088669 -39.503796 36.461536
v 80.110764 -56.218307 31.612558
v 61.643639 3.257804 98.573380
v 53.434189 -2.674850 96.151985
v 44.065456 -6.640262 109.329300
v -21.027287 -31.546329 161.287415
v -26.611404 -29.922411 175.129623
v -33.124111 -32.017933 156.260208
v 101.642441 -33.014877 59.665699
v 86.891151 -31.745983 76.307381
v 94.224510 -35.710464 80.837250
v -20.753958 -59.552444 131.844696
v -39.931641 -59.641712 124.183380
v -40.911434 -51.076855 122.931763
v -15.418022 -58.691696 50.583248
v 7.264646 -73.952293 57.604591
v -14.648344 -65.841812 48.713089
v 1.036221 -6.837781 61.249237
v -3.304064 -14.705105 67.477905
v -18.464617 -13.835302 58.455959
v -44.785995 -29.454115 170.413605
v -43.811077 -31.311481 155.182877
v -33.124111 -32.017933 156.260208
v 18.126854 -98.676918 106.999878
v 12.058797 -106.515724 112.593506
v 7.686195 -79.961258 112.468903
v 87.358154 10.890089 120.371750
v 95.233681 11.950066 111.521614
v 77.286858 27.617388 123.546844
v -14.724766 -23.090977 77.271675
v -15.522696 -18.470722 85.206566
v -27.430527 -14.572128 70.687187
v -19.398119 -5.757857 166.088501
v -24.362034 -23.324841 177.272385
v -6.422065 -13.370388 176.794693
v 22.352339 8.776274 162.959045
v 20.593094 14.116817 154.022034
v 12.880909 17.703472 159.225128
v 31.277229 -111.337799 77.420113
v 39.629158 -109.834076 84.559052
v 26.095896 -108.117050 85.694283
v 20.593094 14.116817 154.022034
v 22.352339 8.776274 162.959045
v 20.472441 20.683228 154.508072
v 28.988821 -14.945000 24.983021
v 30.677073 -17.171989 34.099991
v 38.957245 -21.016487 14.054545
v -63.884098 -40.936268 163.717224
v -50.262150 -43.607288 170.543945
v -44.785995 -34.867149 170.413605
v -10.492575 -77.334236 102.285896
v -13.340360 -71.344795 110.906845
v -14.778118 -74.790421 97.429535
v -25.628691 19.016024 145.665848
v -52.872417 3.235598 157.064896
v -23.919796 11.842360 158.961823
v 105.513397 -33.169491 93.596664
v 112.238953 -38.462170 77.871613
v 107.943092 -32.680401 72.815468
v 43.611946 -35.786518 2.499416
v 34.431671 -35.523716 0.000000
v 33.847904 -25.551056 0.589524
v 20.200249 -47.322258 78.661240
v 7.291667 -51.907871 78.270782
v 20.395620 -59.306133 80.948090
v 48.579899 -70.458557 94.822861
v 60.895241 -73.921188 105.076668
v 61.643639 -67.579071 98.573380
v -30.995756 -34.460861 106.086388
v -28.937113 -34.060596 111.727013
v -31.601822 -35.476257 99.002892
v -28.766375 40.012630 76.057625
v -13.738136 38.696537 78.631432
v -30.873604 32.907436 72.729744
v 76.860832 27.723209 64.295364
v 74.595810 32.262623 74.700325
v 83.587967 24.902128 72.307030
v 23.495979 -31.236559 112.663391
v 19.559393 -31.229109 115.959267
v 37.969475 -31.127911 122.304077
v 15.330698 -47.899677 68.706009
v 26.638447 -42.456406 70.405350
v 12.178561 -58.514896 85.126129
v 46.696106 -33.340267 147.342194
v 50.650898 -35.929714 169.201736
v 74.501022 -35.522053 155.222656
v 65.725273 -61.612377 66.936272
v 54.016174 -73.271835 63.025806
v 45.123890 -66.274979 71.580025
v 32.444916 -24.768276 113.405067
v 19.921036 -33.352680 126.467842
v 18.671974 -26.133698 127.280846
v 75.651581 -86.014198 53.888870
v 82.744026 -77.480637 53.823620
v 68.187775 -92.778824 68.823814
v 11.554228 -63.082539 79.606506
v 31.033566 -62.896763 91.677521
v 20.395620 -59.306133 80.948090
v 13.283436 -53.721771 55.958866
v 32.377289 -41.376663 45.758720
v 28.207891 -46.739822 36.757244
v 49.324764 -51.666786 167.640335
v 35.463017 -39.175549 176.779770
v 37.979736 -53.371616 165.602158
v 91.203056 15.258055 64.143967
v 97.337067 9.428760 71.427856
v 93.144211 1.712808 66.815948
v 26.949535 -0.761486 32.826885
v 32.212448 4.093629 27.732815
v 32.619717 -7.751044 25.559700
v 75.476875 -68.732056 57.224628
v 71.670601 -78.860489 54.442566
v 67.548584 -71.790298 64.677292
v -54.749306 -60.876461 109.069397
v -52.900398 -68.863930 95.562714
v -52.828754 -52.159130 94.741150
v -98.090836 -49.250832 104.268494
v -101.686760 -50.772778 110.655014
v -94.535583 -36.431919 112.123680
v 13.005220 -12.124639 129.521896
v -20.621687 -13.371241 130.627075
v 4.630093 -0.368071 133.627441
v -71.009361 14.099762 86.863350
v -66.269760 9.432724 86.228241
v -64.846802 -0.790102 87.818932
v -10.268469 -74.216454 77.043549
v -16.495865 -77.338837 82.292770
v -19.057919 -64.286255 79.682083
v 72.368431 -63.863396 107.454788
v 58.214077 -65.072090 105.939545
v 61.643639 -67.579071 98.573380
v -94.275513 9.043687 104.169708
v -89.443565 -7.754798 86.787827
v -96.714043 -10.605494 92.247696
v -40.911434 -51.076855 122.931763
v -54.749306 -60.876461 109.069397
v -52.231861 -49.696980 108.685310
v -4.770561 -33.640800 85.149734
v -8.170826 -34.640709 96.002388
v -2.215543 -30.590986 90.733696
v 27.767683 -27.026192 79.672951
v 28.687624 -35.287308 79.213417
v 23.992702 -28.517927 66.132309
v 20.472441 -85.004494 154.508072
v 25.409210 -88.794312 156.258209
v 38.764053 -82.544861 158.071716
v 64.041794 -109.460052 103.459618
v 39.629158 -109.834076 84.559052
v 47.997345 -111.541122 82.040268
v 10.078738 -81.299294 94.756004
v 0.283292 -81.164856 101.705063
v 10.785492 -89.843666 106.504715
v -27.991989 -35.258961 92.875534
v -24.430784 -34.683151 76.553612
v -40.084480 -35.797680 68.472404
v 13.080881 6.933209 46.875523
v 13.771319 -6.714472 60.724808
v 18.918865 14.679367 53.544552
v 78.855919 9.700418 136.670776
v 67.536240 4.450346 148.915558
v 69.493965 0.585780 140.392792
v 32.968754 -33.198376 125.624565
v 27.234861 -33.193356 128.287979
v 19.559393 -33.092155 115.959267
v 61.643639 -67.579071 98.573380
v 45.839485 -70.750580 84.145920
v 48.579899 -70.458557 94.822861
v -31.081089 -32.812843 98.777985
v -31.601822 -28.845007 99.002892
v -32.086445 -32.852352 105.972717
v 63.628071 -37.705444 82.735855
v 54.333015 -42.720238 90.167168
v 61.286507 -36.614166 92.328232
v 42.948013 -33.124214 108.300148
v 43.611076 -29.865423 109.236526
v 42.295319 -33.166153 115.398376
v 0.283292 -81.164856 101.705063
v -20.812361 -86.578934 89.217644
v -31.151052 -90.806206 95.642639
v 2.177307 -6.916764 80.209328
v -2.860444 -10.502879 80.371040
v -14.085789 -20.627956 77.147247
v 101.642441 -31.306387 59.665699
v 86.891151 -32.575283 76.307381
v 91.975403 -31.784746 57.628925
v 5.616270 28.198509 52.360928
v 9.486017 19.838764 59.202431
v -6.623179 21.056936 47.536205
v 10.688363 -105.659668 107.411156
v 11.975887 -98.511765 101.858765
v -5.954401 -97.104012 100.031601
v 12.267042 -94.182243 140.308685
v 19.473570 -99.313271 145.744400
v 25.409210 -88.794312 156.258209
v -6.688582 -22.069929 111.375229
v -23.457218 -30.217295 100.358093
v -15.441916 -40.162842 106.423409
v 105.703552 -55.109573 61.651924
v 111.113747 -48.118191 68.307747
v 105.957916 -61.040848 78.299850
v 39.788528 4.365480 63.712254
v 60.029167 3.507501 60.413387
v 38.475216 16.910765 57.457039
v 45.077251 -41.904221 140.658020
v 62.370323 -35.576664 115.365662
v 41.051331 -35.748196 130.338684
v -49.593819 7.660925 55.713997
v -49.566498 -5.132092 55.278316
v -54.249706 0.295722 63.866611
v -15.287656 45.519825 84.036026
v -8.810958 48.590298 84.170464
v 2.000780 43.701839 80.368980
v -11.623983 17.264864 158.199677
v -23.478674 25.502239 143.145218
v -17.924818 10.124386 154.966522
v -2.219191 -21.505272 51.572056
v 6.915541 -19.742851 37.263885
v 6.216459 -39.563911 37.767548
v -67.406410 -30.757015 103.265625
v -44.257763 -30.833055 87.382263
v -66.858231 -30.582735 118.992950
v 20.698444 -62.580925 41.829586
v 20.745453 -76.744179 35.280251
v 26.113266 -89.328140 42.935432
v -34.604511 -96.845154 97.065277
v -53.721039 -93.495712 77.626511
v -34.164658 -101.552650 94.426552
v -28.192675 -44.955776 71.283257
v -53.187492 -45.906281 71.561813
v -40.084480 -35.797680 68.472404
v 24.447872 -33.258720 62.170750
v 33.665264 -40.905903 35.417393
v 20.706755 -30.139553 68.226051
v 60.982174 -5.579991 160.739914
v 57.922314 2.752162 158.086761
v 42.453537 1.029668 165.835022
v -48.607296 17.616129 80.153481
v -34.604511 32.523884 97.065277
v -55.367184 11.778671 75.496674
v -13.118571 -72.302582 51.696468
v 9.486017 -84.160027 59.202431
v -21.038347 -71.674515 44.528034
v 22.864645 24.993944 41.080254
v 21.246742 5.105142 33.937824
v 21.436945 2.555453 43.132996
v -33.104645 12.023693 52.124710
v -31.406893 25.448883 54.942970
v -22.873541 20.079195 55.047474
v -28.915672 36.846764 66.338326
v -14.544471 40.865177 69.528702
v -26.529102 33.764053 57.662563
v 32.669930 -11.321093 172.057953
v 25.619675 -3.363842 167.024231
v 20.467009 -11.470609 175.109131
v -25.628691 19.016024 145.665848
v -26.521597 24.007193 132.290100
v -34.342205 24.387716 142.741119
v 59.966972 -102.917572 69.024597
v 68.187775 -92.778824 68.823814
v 74.595810 -96.583885 74.700325
v 52.156441 -39.842625 23.597895
v 41.677769 -35.401741 35.988575
v 52.204536 -34.286827 31.429316
v 53.714146 -34.830162 139.723541
v 61.197674 -35.165539 145.616196
v 84.473709 -33.835567 136.010361
v 61.286507 -36.614166 92.328232
v 74.426720 -34.244431 94.381851
v 63.628071 -37.705444 82.735855
v 43.611946 -35.786518 2.499416
v 38.880470 -43.413082 5.640380
v 34.431671 -35.523716 0.000000
v 59.193909 26.594196 54.967228
v 75.651581 21.692934 53.888870
v 71.670601 14.539222 54.442566
v -3.919770 -26.915052 84.823868
v -17.153421 -30.139553 75.734741
v -4.770561 -33.640800 85.149734
v -25.003910 -59.774803 75.609802
v -45.490925 -56.183483 69.751289
v -32.525978 -66.412720 72.232887
v 54.705647 -81.899315 152.730438
v 73.496002 -77.726685 141.423981
v 67.536240 -68.771614 148.915558
v 51.201324 39.539337 121.875755
v 46.822063 48.400219 111.990028
v 45.407001 47.164520 129.767303
v -58.524376 -20.653389 161.854279
v -63.884098 -23.384996 163.717224
v -50.262150 -20.713976 170.543945
v 45.964146 -86.564598 26.995758
v 61.167645 -61.329502 24.117418
v 71.724846 -62.517647 26.945251
v 18.089005 4.049920 169.383804
v 12.880909 17.703472 159.225128
v 5.158086 15.690725 157.253586
v 48.580643 37.578728 132.708939
v 51.201324 39.539337 121.875755
v 45.407001 47.164520 129.767303
v -94.535583 -36.431919 112.123680
v -86.795593 -33.132301 124.881493
v -86.631844 -33.480381 107.477684
v 47.997345 47.219856 82.040268
v 51.442738 43.261818 71.496681
v 31.277229 47.016537 77.420113
v -3.573397 -31.197050 134.281906
v 6.906194 -41.470192 136.391891
v 7.827678 -31.157541 134.168243
v 13.413879 -83.765488 82.746773
v 36.482201 -73.400162 96.273972
v 34.545128 -79.026108 96.495697
v 20.472441 -85.004494 154.508072
v 6.885769 -95.992340 145.195221
v 12.267042 -94.182243 140.308685
v 69.493965 -64.907043 140.392792
v 67.536240 -68.771614 148.915558
v 78.855919 -74.021683 136.670776
v -5.954401 -97.104012 100.031601
v -17.760139 -102.093475 99.411377
v -9.430904 -110.599838 93.805069
v 50.589054 -61.281231 75.207741
v 65.131020 -42.801620 76.016579
v 61.871056 -58.077122 72.953964
v -45.381405 -4.460287 165.516037
v -43.990032 -1.978890 157.702194
v -56.163010 -1.578485 153.687119
v 105.247444 -25.950819 63.665543
v 100.930847 -28.175634 52.294235
v 105.703552 -9.211691 61.651924
v -78.045311 -83.854713 111.527824
v -59.732773 -94.911293 100.013123
v -67.007629 -90.363525 111.044548
v 84.958923 -45.857452 38.558384
v 81.126282 -36.587711 51.864063
v 87.430679 -49.336750 45.588814
v -25.628691 -83.337288 145.665848
v -52.872417 -67.556862 157.064896
v -40.445087 -78.497063 150.749878
v -18.707033 -56.683468 79.534531
v -29.394621 -69.902039 82.874069
v -33.890678 -59.528103 84.203812
v -89.443565 -56.566467 86.787827
v -80.887604 -70.263550 88.054123
v -92.251205 -72.080933 94.202240
v 32.656574 -32.726379 106.667030
v 28.697481 -31.303268 98.783005
v 26.100779 -31.293392 101.849113
v 7.526095 -27.374989 139.269089
v -20.082294 -28.048294 136.990738
v -4.081824 -23.488548 136.463608
v 83.587967 24.902128 72.307030
v 74.595810 32.262623 74.700325
v 77.764977 34.048626 90.298363
v 26.546675 -3.161200 72.884438
v 7.264646 9.631026 57.604591
v 38.133472 4.863400 66.478050
v 44.552475 -40.022308 116.670898
v 38.902134 -40.343559 123.818512
v 54.462234 -34.633766 109.322319
v 13.271416 -112.751457 75.789162
v -9.322674 -109.011497 73.155525
v 5.475913 -107.491409 63.377739
v 83.587967 -89.223396 72.307030
v 76.860832 -92.044472 64.295364
v 91.203056 -79.579323 64.143967
v 54.333015 -42.720238 90.167168
v 54.462234 -34.633766 109.322319
v 61.286507 -36.614166 92.328232
v -67.735466 25.261820 100.145424
v -59.732773 30.590029 100.013123
v -68.399529 25.147856 88.083649
v -23.651251 -27.745735 104.473022
v -18.993708 -25.939865 125.573303
v -25.617926 -28.361193 105.324715
v -25.003910 -4.546461 75.609802
v -27.430527 -14.572128 70.687187
v -15.522696 -18.470722 85.206566
v 58.379959 -37.773445 75.351791
v 55.470303 -16.645632 77.642906
v 45.953243 -18.453625 81.745583
v -1.757187 -19.302937 65.775314
v -0.560821 -29.028347 62.951656
v 7.662344 -26.985743 68.800537
v 60.547649 -81.802292 55.893429
v 42.676476 -77.535545 56.994591
v 50.421673 -91.570686 54.573162
v 60.982174 -5.579991 160.739914
v 42.453537 1.029668 165.835022
v 49.324764 -12.654477 167.640335
v 17.312113 -27.085752 114.857399
v 19.559393 -33.092155 115.959267
v 13.502470 -30.510187 118.889519
v 67.548584 7.469031 64.677292
v 47.087864 17.056089 62.973053
v 71.670601 14.539222 54.442566
v -30.742029 -36.926571 129.350494
v -37.289406 -35.874092 125.160179
v -20.082294 -36.272972 136.990738
v -8.209353 -98.802628 60.527325
v -14.544471 -105.186440 69.528702
v -26.529102 -98.085320 57.662563
v -34.604511 32.523884 97.065277
v -53.721039 29.174444 77.626511
v -55.367184 11.778671 75.496674
v -85.962700 13.574472 97.280190
v -81.688019 19.838268 95.425781
v -80.887604 5.942285 88.054123
v 18.029577 -40.733944 133.753250
v 41.051331 -35.748196 130.338684
v 26.985182 -40.699295 130.781052
v 58.245766 -66.732735 150.029861
v 69.493965 -64.907043 140.392792
v 72.099525 -58.743954 151.359283
v 39.776497 -24.909069 94.182549
v 38.737946 -28.970980 95.202965
v 36.163914 -28.570715 95.136253
v -21.718304 -107.477676 107.574867
v -22.727526 -98.163033 124.010162
v -36.041801 -98.673538 122.013802
v 18.029577 -23.587320 133.753250
v 26.985182 -23.621971 130.781052
v 41.051331 -28.573071 130.338684
v -37.289406 -28.447170 125.160179
v -43.397007 -28.380461 120.228600
v -41.646496 -32.901901 119.346619
v -40.872040 -14.434908 94.563927
v -18.655926 -22.095375 83.240784
v -24.066437 -21.792440 94.315765
v 18.724709 -49.921391 58.502216
v 30.495157 -45.928902 38.088356
v 26.638447 -42.456406 70.405350
v 27.268019 -33.017544 175.367920
v 21.708805 -40.676861 179.386841
v 35.463017 -39.175549 176.779770
v 13.005220 -52.196625 129.521896
v 1.427690 -34.661823 119.303680
v 23.204109 -46.215488 116.904793
v 50.421673 -91.570686 54.573162
v 27.040470 -76.749451 55.002190
v 19.775286 -75.290344 51.386963
v 92.581711 -32.152149 89.255890
v 70.607536 -37.522205 109.699394
v 78.102562 -32.709389 112.978653
v 62.370323 -28.744602 115.365662
v 65.498215 -30.025541 131.005875
v 53.714146 -29.491104 139.723541
v -68.399529 25.147856 88.083649
v -59.732773 30.590029 100.013123
v -45.017490 27.957027 88.806450
v 27.268019 -33.017544 175.367920
v 44.806538 -34.586941 170.967819
v 39.957123 -35.523865 162.230896
v 38.626217 -39.456261 14.250034
v 36.079208 -28.535933 27.853050
v 33.665264 -40.905903 35.417393
v 90.695946 -78.971924 102.588158
v 89.549614 -90.457039 101.549126
v 96.970039 -76.925453 90.179039
v 11.554228 -1.238726 79.606506
v 30.735689 3.512078 83.768158
v -0.241139 3.356844 77.256897
v 26.143465 -23.663881 13.944988
v 38.225986 -16.940760 7.541865
v 33.847904 -25.551056 0.589524
v 30.549753 -89.347069 104.373611
v 10.688363 -105.659668 107.411156
v 25.374077 -111.995186 108.255760
v -10.999996 -30.223589 123.494835
v -2.712309 -30.616405 124.591843
v -2.806384 -33.074829 125.525795
v -14.544471 -105.186440 69.528702
v -9.322674 -109.011497 73.155525
v -13.738136 -103.017799 78.631432
v 29.756325 38.128181 143.206161
v 52.758839 37.899929 141.230164
v 34.771748 38.255718 137.002716
v -34.505104 -35.334682 146.972687
v -38.807186 -40.350567 149.817719
v -18.562792 -38.895870 154.583481
v 43.611076 -34.455841 109.236526
v 44.552475 -40.022308 116.670898
v 43.760365 -35.056240 103.818214
v -49.593819 -71.982193 55.713997
v -54.249706 -64.616989 63.866611
v -49.566498 -59.189175 55.278316
v 76.873062 -73.285629 36.461372
v 58.863010 -93.427559 40.804157
v 60.383072 -86.993111 34.115902
v -10.790077 15.165689 111.142853
v -12.856099 10.714901 111.433800
v 10.258285 12.546812 118.445908
v 76.333725 -80.024757 52.293720
v 60.547649 -81.802292 55.893429
v 60.274879 -94.348442 50.634029
v -13.869533 -33.082279 133.058929
v -7.435662 -33.082279 129.362793
v -4.081824 -23.488548 136.463608
v -89.080490 -61.227230 126.754372
v -79.294029 -68.742577 135.688354
v -91.250549 -58.263031 131.651627
v 33.099102 -24.417480 127.675270
v 26.985182 -23.621971 130.781052
v 27.234861 -33.193356 128.287979
v 33.847904 -25.551056 0.589524
v 38.225986 -16.940760 7.541865
v 42.726349 -18.798475 0.830270
v 3.772339 -79.766975 59.305298
v 9.486017 -84.160027 59.202431
v -13.118571 -72.302582 51.696468
v -0.873423 -30.270315 104.312538
v -4.150558 -27.449392 106.457993
v -6.324617 -26.000120 97.321564
v 32.212448 4.093629 27.732815
v 26.949535 -0.761486 32.826885
v 21.246742 5.105142 33.937824
v -52.231861 -49.696980 108.685310
v -54.749306 -60.876461 109.069397
v -52.828754 -52.159130 94.741150
v -42.420174 17.331554 132.676132
v -50.873009 17.997553 128.309631
v -49.511925 19.712393 136.510254
v 65.131020 -42.801620 76.016579
v 50.589054 -61.281231 75.207741
v 50.401409 -50.542282 78.627846
v -60.049248 4.035470 150.045135
v -52.872417 3.235598 157.064896
v -52.654682 13.267906 147.337692
v -2.219191 -21.505272 51.572056
v 6.710088 -9.655027 49.482052
v 6.915541 -19.742851 37.263885
v 32.619717 -7.751044 25.559700
v 43.973328 -19.179956 27.215174
v 37.059322 -15.854183 41.857822
v -15.782459 43.624210 118.673561
v -22.727526 33.841770 124.010162
v -26.521597 24.007193 132.290100
v 64.041794 45.138783 103.459618
v 64.780540 44.412243 91.860855
v 47.997345 47.219856 82.040268
v 67.988403 24.440144 140.395660
v 53.692669 28.820179 139.107193
v 67.302338 18.295059 139.217880
v 33.775753 -62.668812 27.276817
v 27.252590 -55.790253 32.226688
v 31.609743 -50.412064 26.232695
v -67.735466 -89.583084 100.145424
v -59.732773 -94.911293 100.013123
v -78.045311 -83.854713 111.527824
v 58.214077 0.750826 105.939545
v 61.643639 3.257804 98.573380
v 44.065456 -6.640262 109.329300
v -24.379444 -46.932423 64.612358
v -30.167145 -49.484406 53.545765
v -40.475494 -49.568844 64.879448
v 35.463017 -39.175549 176.779770
v 21.708805 -40.676861 179.386841
v 32.669930 -53.000172 172.057953
v -41.353024 -100.787437 81.427795
v -53.721039 -93.495712 77.626511
v -38.592983 -97.948921 70.179413
v 30.646671 -108.896729 116.358788
v 12.058797 -106.515724 112.593506
v 18.126854 -98.676918 106.999878
v 20.704803 9.800755 57.484623
v 18.918865 14.679367 53.544552
v 13.771319 -6.714472 60.724808
v -3.573397 -33.124214 134.281906
v 7.827678 -33.163723 134.168243
v 6.906194 -22.851072 136.391891
v -63.206783 14.088110 137.220306
v -50.873009 17.997553 128.309631
v -57.382740 23.099039 127.948364
v -62.113045 19.918102 82.327805
v -71.009361 14.099762 86.863350
v -68.399529 25.147856 88.083649
v 42.948013 -31.197050 108.300148
v 43.611076 -34.455841 109.236526
v 43.760365 -35.056240 103.818214
v 11.467428 -26.410095 103.927528
v -4.150558 -27.449392 106.457993
v -0.873423 -30.270315 104.312538
v -56.534565 -30.613588 141.450699
v -87.016800 -29.326954 137.768738
v -78.083405 -30.744085 128.274826
v -16.314030 -37.746967 123.010155
v -20.621687 -50.950024 130.627075
v -35.408283 -39.146461 118.077782
v 84.473709 -30.485697 136.010361
v 91.435051 -26.112156 127.059021
v 84.714417 -26.721607 147.359772
v 76.333725 -80.024757 52.293720
v 82.909927 -68.641853 50.738003
v 71.445343 -73.842957 56.240070
v 41.051331 -28.573071 130.338684
v 37.348656 -28.887556 138.014099
v 4.468407 -29.104832 146.209595
v 37.348656 -35.433708 138.014099
v 45.077251 -41.904221 140.658020
v 41.051331 -35.748196 130.338684
v -46.361275 -49.931274 107.057793
v -41.331627 -60.259529 106.388779
v -28.908590 -55.209858 125.690849
v 7.662344 -26.985743 68.800537
v 3.706789 -29.240606 78.524658
v -1.757187 -19.302937 65.775314
v -89.080490 -3.094034 126.754372
v -91.250549 -6.058233 131.651627
v -79.294029 4.421309 135.688354
v -98.975281 -20.000877 98.927490
v -94.275513 9.043687 104.169708
v -96.714043 -10.605494 92.247696
v -23.061541 -31.384552 104.169586
v -25.629583 -31.663054 105.401146
v -16.897678 -33.296288 111.901161
v 75.025162 -28.723038 149.856461
v 84.714417 -26.721607 147.359772
v 74.390602 -19.090130 151.373199
v -35.408283 -25.174805 118.077782
v -31.601822 -28.845007 99.002892
v -42.953274 -24.252909 105.442940
v 91.435051 -26.112156 127.059021
v 91.780960 -24.149740 136.985992
v 84.714417 -26.721607 147.359772
v 1.074094 -77.524734 152.509628
v -7.587675 -89.464523 139.484253
v 5.158086 -80.011993 157.253586
v 52.775593 46.262669 94.958275
v 39.629158 45.512810 84.559052
v 32.615406 52.686058 91.232201
v 86.891151 -31.745983 76.307381
v 74.426720 -34.244431 94.381851
v 94.224510 -35.710464 80.837250
v 54.016174 8.950567 63.025806
v 45.123890 1.953712 71.580025
v 38.133472 4.863400 66.478050
v 73.929443 -35.809517 114.690544
v 78.102562 -32.709389 112.978653
v 70.607536 -37.522205 109.699394
v 70.607536 -26.799061 109.699394
v 73.929443 -28.511749 114.690544
v 62.370323 -28.744602 115.365662
v 21.122335 -79.138794 106.652809
v 32.758808 -68.777351 117.287086
v 12.137462 -73.157211 118.508598
v 52.775593 -110.583931 94.958275
v 32.615406 -117.007324 91.232201
v 39.629158 -109.834076 84.559052
v -14.443376 -30.139553 72.102882
v -17.605663 -30.670811 66.897987
v -15.871344 -30.662554 68.366432
v -40.292271 -85.808365 53.614803
v -38.592983 -97.948921 70.179413
v -49.816528 -83.801857 59.177311
v 18.086536 -67.562263 130.098572
v 4.630093 -63.953194 133.627441
v 13.005220 -52.196625 129.521896
v 42.295319 -31.155113 115.398376
v 32.656574 -32.726379 106.667030
v 24.762352 -31.258904 108.231010
v -101.686760 -50.772778 110.655014
v -98.090836 -49.250832 104.268494
v -92.678268 -59.430130 112.883392
v 32.818710 16.751879 25.793356
v 21.246742 5.105142 33.937824
v 20.946947 17.001423 33.381184
v 59.966972 38.596306 69.024597
v 74.595810 32.262623 74.700325
v 68.187775 28.457561 68.823814
v 20.946947 17.001423 33.381184
v 22.864645 24.993944 41.080254
v 26.771124 32.072002 36.220295
v -11.894536 -6.151328 78.470970
v 4.626236 1.722527 86.749603
v -2.598414 -6.309608 83.948242
v 111.113747 -48.118191 68.307747
v 109.574883 -56.846813 87.405891
v 105.957916 -61.040848 78.299850
v -44.257763 -30.833055 87.382263
v -42.599716 -29.521992 94.679161
v -48.086357 -27.498486 101.041138
v 35.501163 -34.088383 52.073540
v 29.830334 -40.085655 57.813686
v 35.990150 -22.861996 51.412495
v 32.615406 -117.007324 91.232201
v 17.063072 -110.571022 84.454346
v 26.095896 -108.117050 85.694283
v 39.776497 -24.909069 94.182549
v 42.392632 -26.744911 97.265984
v 37.699234 -33.032730 96.220955
v 83.587967 24.902128 72.307030
v 91.203056 15.258055 64.143967
v 76.860832 27.723209 64.295364
v -52.872417 -67.556862 157.064896
v -23.919796 -76.163628 158.961823
v -43.990032 -62.342373 157.702194
v -33.104645 -76.344955 52.124710
v -40.292271 -85.808365 53.614803
v -49.593819 -71.982193 55.713997
v -20.449455 -31.271210 131.396179
v -29.275038 -31.323023 128.070679
v -21.926809 -38.589321 133.046631
v 62.370323 -35.576664 115.365662
v 54.462234 -34.633766 109.322319
v 41.051331 -35.748196 130.338684
v 87.762642 -86.854553 112.976723
v 95.233681 -76.271332 111.521614
v 77.286858 -91.938652 123.546844
v -4.081824 -40.832718 136.463608
v -7.435662 -31.238987 129.362793
v -13.869533 -31.238987 133.058929
v 10.177036 -6.046121 49.585789
v 6.710088 -9.655027 49.482052
v 18.312498 -10.053285 58.350750
v -0.241139 3.356844 77.256897
v 5.871824 -8.736445 79.640869
v 11.554228 -1.238726 79.606506
v 49.378017 -40.179173 80.728355
v 37.658066 -57.099152 66.780891
v 51.961067 -63.589069 60.834019
v -45.017490 -92.278290 88.806450
v -41.212818 -80.093872 92.731476
v -45.296562 -90.111870 94.455475
v -66.858231 -30.582735 118.992950
v -78.133774 -26.392733 113.395546
v -67.406410 -30.757015 103.265625
v -5.954401 32.782749 100.031601
v -4.921579 25.711353 103.615372
v 11.975887 34.190498 101.858765
v 32.669930 -53.000172 172.057953
v 37.979736 -53.371616 165.602158
v 35.463017 -39.175549 176.779770
v -33.448837 -31.552786 92.902740
v -27.991989 -35.258961 92.875534
v -33.679897 -35.234188 92.779198
v 83.086227 -45.680553 54.927097
v 71.445343 -73.842957 56.240070
v 82.909927 -68.641853 50.738003
v 80.505753 28.546171 110.284653
v 74.097328 29.145729 97.192825
v 75.997681 38.836727 100.985428
v 80.505753 -92.867439 110.284653
v 87.762642 -86.854553 112.976723
v 77.286858 -91.938652 123.546844
v 44.614799 1.971371 109.591652
v 35.942425 -4.805074 120.039688
v 30.531641 6.658536 121.163094
v 27.463280 -95.803436 108.696297
v 25.011822 -79.310226 112.434982
v 30.549753 -89.347069 104.373611
v 60.982174 -58.741276 160.739914
v 57.922314 -67.073425 158.086761
v 58.245766 -66.732735 150.029861
v -78.292404 -52.583652 84.365311
v -89.443565 -56.566467 86.787827
v -88.462311 -46.038837 78.124298
v -14.766792 14.514029 97.460175
v -10.492297 17.052660 102.285149
v 1.253929 14.417847 99.668335
v 71.724846 -62.517647 26.945251
v 61.167645 -61.329502 24.117418
v 68.914383 -45.964615 26.547880
v -66.858231 -33.738529 118.992950
v -44.257763 -33.488209 87.382263
v -67.406410 -33.564251 103.265625
v -17.680632 -76.823402 93.088043
v 7.594957 -79.071770 97.896713
v 1.232852 -74.693169 99.653175
v -55.073784 -84.183762 69.914993
v -54.249706 -64.616989 63.866611
v -49.537155 -87.234436 65.180496
v 25.161369 -10.362272 37.781971
v 30.486971 -19.176540 61.073975
v 14.956869 -4.717025 53.353325
v 66.399719 -23.879808 36.149517
v 53.830532 -23.391954 31.652260
v 57.497360 -11.091337 28.280764
v 59.193909 26.594196 54.967228
v 56.430321 34.128769 60.234650
v 75.651581 21.692934 53.888870
v -58.436157 -38.511143 123.209030
v -66.858231 -33.738529 118.992950
v -56.534565 -33.707676 141.450699
v 19.969231 -71.972656 87.085739
v 13.413879 -83.765488 82.746773
v 4.626835 -62.003139 86.749809
v 105.957916 -3.280417 78.299850
v 97.337067 9.428760 71.427856
v 96.970039 12.604186 90.179039
v -52.828754 -52.159130 94.741150
v -52.900398 -68.863930 95.562714
v -48.014786 -62.230156 86.867455
v 3.081453 -115.573441 103.649857
v 25.374077 -111.995186 108.255760
v 10.688363 -105.659668 107.411156
v -46.228493 -31.471342 113.481247
v -31.081089 -31.508421 98.777985
v -28.362461 -31.535624 92.890434
v 93.253609 -75.710510 86.343399
v 82.618111 -86.245216 85.760361
v 83.587967 -89.223396 72.307030
v -53.721039 -93.495712 77.626511
v -41.353024 -100.787437 81.427795
v -34.164658 -101.552650 94.426552
v 1.036221 -57.483482 61.249237
v -18.464617 -50.485962 58.455959
v -3.304064 -49.616161 67.477905
v -34.604511 -96.845154 97.065277
v -34.164658 -101.552650 94.426552
v -17.760139 -102.093475 99.411377
v -20.449455 -33.050056 131.396179
v -21.926809 -25.731943 133.046631
v -29.275038 -32.998241 128.070679
v -30.503946 -89.112190 97.314804
v -41.212818 -80.093872 92.731476
v -33.337570 -77.206406 103.519028
v -57.382740 -87.420303 127.948364
v -55.574829 -89.722878 116.672699
v -50.873009 -82.318817 128.309631
v 19.423117 -11.787266 68.094223
v 30.486971 -19.176540 61.073975
v 30.710608 -20.742014 68.188423
v 91.435051 -38.209106 127.059021
v 73.929443 -35.809517 114.690544
v 84.473709 -33.835567 136.010361
v -52.872417 3.235598 157.064896
v -40.445087 14.175797 150.749878
v -52.654682 13.267906 147.337692
v -67.406410 -30.757015 103.265625
v -86.631844 -30.840885 107.477684
v -92.326958 -29.777153 94.348938
v -71.009361 14.099762 86.863350
v -64.846802 -0.790102 87.818932
v -78.292404 -11.737615 84.365311
v -86.795593 -33.132301 124.881493
v -99.119576 -42.954021 118.164665
v -90.386322 -43.809349 134.727188
v -40.911434 -51.076855 122.931763
v -39.931641 -59.641712 124.183380
v -54.749306 -60.876461 109.069397
v 58.214077 0.750826 105.939545
v 44.065456 -6.640262 109.329300
v 44.614799 1.971371 109.591652
v -75.165314 -69.161865 130.685211
v -66.554420 -62.044731 142.257004
v -79.294029 -68.742577 135.688354
v -21.038347 -71.674515 44.528034
v -6.623179 -85.378204 47.536205
v -16.158897 -90.969078 50.324059
v -26.521597 -88.328461 132.290100
v -15.782459 -107.945473 118.673561
v -23.478674 -89.823502 143.145218
v -94.275513 -73.364952 104.169708
v -85.962700 -77.895737 97.280190
v -82.502602 -74.842117 106.565140
v -11.298090 -33.037750 124.441093
v -2.806384 -33.074829 125.525795
v -3.573397 -33.124214 134.281906
v 30.549753 25.025801 104.373611
v 25.374077 47.673916 108.255760
v 10.688363 41.338406 107.411156
v -85.126625 -47.071495 145.241058
v -94.716110 -50.884014 132.811050
v -91.250549 -58.263031 131.651627
v -17.508026 -29.944441 121.029129
v -10.999996 -30.223589 123.494835
v -11.298090 -33.037750 124.441093
v -90.386322 -20.511915 134.727188
v -85.126625 -17.249771 145.241058
v -94.716110 -13.437249 132.811050
v 44.065456 -57.681004 109.329300
v 23.204109 -46.215488 116.904793
v 29.989792 -44.960560 107.212547
v 17.699648 -24.240290 93.350464
v 28.868509 -16.009445 92.014557
v 11.467428 -26.410095 103.927528
v 42.295319 -33.166153 115.398376
v 44.154964 -29.316841 112.426178
v 43.423897 -28.733768 116.035851
v -30.637081 -72.672073 76.331757
v -44.761753 -49.903236 86.925552
v -48.014786 -62.230156 86.867455
v 17.312113 -27.085752 114.857399
v 23.204109 -18.105778 116.904793
v 22.395737 -27.189543 110.212418
v 69.493965 -64.907043 140.392792
v 78.855919 -74.021683 136.670776
v 85.223335 -57.102222 138.640381
v -49.593819 -71.982193 55.713997
v -49.566498 -59.189175 55.278316
v -34.938427 -73.186729 47.829174
v 28.697481 -31.303268 98.783005
v 27.387877 -35.859196 102.209869
v 26.100779 -31.293392 101.849113
v 7.278771 -33.768978 119.586258
v 9.907696 -31.224253 122.039665
v 11.917117 -36.145794 118.634987
v -21.038347 -71.674515 44.528034
v -16.158897 -90.969078 50.324059
v -34.938427 -73.186729 47.829174
v -50.262150 -20.713976 170.543945
v -37.892857 -6.067725 169.272614
v -58.524376 -20.653389 161.854279
v 44.165539 37.296642 35.728619
v 43.512081 33.935200 29.721672
v 26.771124 32.072002 36.220295
v -17.143120 -102.005173 99.947586
v -30.503946 -89.112190 97.314804
v -17.285221 -91.769272 98.708305
v 56.430321 34.128769 60.234650
v 35.218201 39.400627 59.945370
v 43.850182 39.905018 68.616447
v 91.975403 -32.536518 57.628925
v 100.930847 -36.145630 52.294235
v 90.910210 -38.766190 52.045269
v -96.714043 -53.715771 92.247696
v -94.275513 -73.364952 104.169708
v -98.975281 -44.320389 98.927490
v 74.501022 -35.522053 155.222656
v 50.650898 -35.929714 169.201736
v 63.402645 -44.156826 166.184082
vt 0.031250 0.500000
vt 0.031250 0.500000
vt 0.031250 0.500000
vt 0.031250 0.500000
vt 0.031250 0.500000
vt 0.031250 0.500000
vt 0.031250 0.500000
vt 0.031250 0.500000
vt 0.031250 0.500000
vt 0.031250 0.500000
vt 0.031250 0.500000
vt 0.031250 0.500000
vt 0.031250 0.500000
vt 0.031250 0.500000
vt 0.031250 0.500000
vt 0.031250 0.500000
vt 0.031250 0.500000
vt 0.031250 0.500000
vt 0.031250 0.500000
vt 0.031250 0.500000
vt 0.031250 0.500000
vt 0.031250 0.500000
vt 0.031250 0.500000
vt 0.031250 0.500000
vt 0.031250 0.500000
vt 0.031250 0.500000
vt 0.031250 0.500000
vt 0.031250 0.500000
vt 0.031250 0.500000
vt 0.031250 0.500000
vt 0.031250 0.500000
vt 0.031250 0.500000
vt 0.031250 0.500000
vt 0.031250 0.500000
vt 0.031250 0.500000
vt 0.031250 0.500000
vt 0.031250 0.500000
vt 0.031250 0.500000
vt 0.031250 0.500000
vt 0.031250 0.500000
vt 0.031250 0.500000
vt 0.031250 0.500000
vt 0.031250 0.500000
vt 0.031250 0.500000
vt 0.031250 0.500000
vt 0.031250 0.500000
vt 0.031250 0.500000
vt 0.031250 0.500000
vt 0.031250 0.500000
vt 0.031250 0.500000
vt 0.031250 0.500000
vt 0.031250 0.500000
vt 0.031250 0.500000
vt 0.031250 0.500000
vt 0.031250 0.500000
vt 0.031250 0.500000
vt 0.031250 0.500000
vt 0.031250 0.500000
vt 0.031250 0.500000
vt 0.031250 0.500000
vt 0.031250 0.500000
vt 0.031250 0.500000
vt 0.031250 0.500000
vt 0.031250 0.500000
vt 0.031250 0.500000
vt 0.031250 0.500000
vt 0.031250 0.500000
vt 0.031250 0.500000
vt 0.031250 0.500000
vt 0.031250 0.500000
vt 0.031250 0.500000
vt 0.031250 0.500000
vt 0.031250 0.500000
vt 0.031250 0.500000
vt 0.031250 0.500000
vt 0.031250 0.500000
vt 0.031250 0.500000
vt 0.031250 0.500000
vt 0.031250 0.500000
vt 0.031250 0.500000
vt 0.031250 0.500000
vt 0.031250 0.500000
vt 0.031250 0.500000
vt 0.031250 0.500000
vt 0.031250 0.500000
vt 0.031250 0.500000
vt 0.031250 0.500000
vt 0.031250 0.500000
vt 0.031250 0.500000
vt 0.031250 0.500000
vt 0.031250 0.500000
vt 0.031250 0.500000
vt 0.031250 0.500000
vt 0.031250 0.500000
vt 0.031250 0.500000
vt 0.031250 0.500000
vt 0.031250 0.500000
vt 0.031250 0.500000
vt 0.031250 0.500000
vt 0.031250 0.500000
vt 0.031250 0.500000
vt 0.031250 0.500000
vt 0.031250 0.500000
vt 0.031250 0.500000
vt 0.031250 0.500000
vt 0.031250 0.500000
vt 0.031250 0.500000
vt 0.031250 0.500000
vt 0.031250 0.500000
vt 0.031250 0.500000
vt 0.031250 0.500000
vt 0.031250 0.500000
vt 0.031250 0.500000
vt 0.031250 0.500000
vt 0.031250 0.500000
vt 0.031250 0.500000
vt 0.031250 0.500000
vt 0.031250 0.500000
vt 0.031250 0.500000
vt 0.031250 0.500000
vt 0.031250 0.500000
vt 0.031250 0.500000
vt 0.031250 0.500000
vt 0.031250 0.500000
vt 0.031250 0.500000
vt 0.031250 0.500000
vt 0.031250 0.500000
vt 0.031250 0.500000
vt 0.031250 0.500000
vt 0.031250 0.500000
vt 0.031250 0.500000
vt 0.031250 0.500000
vt 0.031250 0.500000
vt 0.031250 0.500000
vt 0.031250 0.500000
vt 0.031250 0.500000
vt 0.031250 0.500000
vt 0.031250 0.500000
vt 0.031250 0.500000
vt 0.031250 0.500000
vt 0.031250 0.500000
vt 0.031250 0.500000
vt 0.031250 0.500000
vt 0.031250 0.500000
vt 0.031250 0.500000
vt 0.031250 0.500000
vt 0.031250 0.500000
vt 0.031250 0.500000
vt 0.031250 0.500000
vt 0.031250 0.500000
vt 0.031250 0.500000
vt 0.031250 0.500000
vt 0.031250 0.500000
vt 0.031250 0.500000
vt 0.031250 0.500000
vt 0.031250 0.500000
vt 0.031250 0.500000
vt 0.031250 0.500000
vt 0.031250 0.500000
vt 0.031250 0.500000
vt 0.031250 0.500000
vt 0.031250 0.500000
vt 0.031250 0.500000
vt 0.031250 0.500000
vt 0.031250 0.500000
vt 0.031250 0.500000
vt 0.031250 0.500000
vt 0.031250 0.500000
vt 0.031250 0.500000
vt 0.031250 0.500000
vt 0.031250 0.500000
vt 0.031250 0.500000
vt 0.031250 0.500000
vt 0.031250 0.500000
vt 0.031250 0.500000
vt 0.031250 0.500000
vt 0.031250 0.500000
vt 0.031250 0.500000
vt 0.031250 0.500000
vt 0.031250 0.500000
vt 0.031250 0.500000
vt 0.031250 0.500000
vt 0.031250 0.500000
vt 0.031250 0.500000
vt 0.031250 0.500000
vt 0.031250 0.500000
vt 0.031250 0.500000
vt 0.031250 0.500000
vt 0.031250 0.500000
vt 0.031250 0.500000
vt 0.031250 0.500000
vt 0.031250 0.500000
vt 0.031250 0.500000
vt 0.031250 0.500000
vt 0.031250 0.500000
vt 0.031250 0.500000
vt 0.031250 0.500000
vt 0.031250 0.500000
vt 0.031250 0.500000
vt 0.031250 0.500000
vt 0.031250 0.500000
vt 0.031250 0.500000
vt 0.031250 0.500000
vt 0.031250 0.500000
vt 0.031250 0.500000
vt 0.031250 0.500000
vt 0.031250 0.500000
vt 0.031250 0.500000
vt 0.031250 0.500000
vt 0.031250 0.500000
vt 0.031250 0.500000
vt 0.031250 0.500000
vt 0.031250 0.500000
vt 0.031250 0.500000
vt 0.031250 0.500000
vt 0.031250 0.500000
vt 0.031250 0.500000
vt 0.031250 0.500000
vt 0.031250 0.500000
vt 0.031250 0.500000
vt 0.031250 0.500000
vt 0.031250 0.500000
vt 0.031250 0.500000
vt 0.031250 0.500000
vt 0.031250 0.500000
vt 0.031250 0.500000
vt 0.031250 0.500000
vt 0.031250 0.500000
vt 0.031250 0.500000
vt 0.031250 0.500000
vt 0.031250 0.500000
vt 0.031250 0.500000
vt 0.031250 0.500000
vt 0.031250 0.500000
vt 0.031250 0.500000
vt 0.031250 0.500000
vt 0.031250 0.500000
vt 0.031250 0.500000
vt 0.031250 0.500000
vt 0.031250 0.500000
vt 0.031250 0.500000
vt 0.031250 0.500000
vt 0.031250 0.500000
vt 0.031250 0.500000
vt 0.031250 0.500000
vt 0.031250 0.500000
vt 0.031250 0.500000
vt 0.031250 0.500000
vt 0.031250 0.500000
vt 0.031250 0.500000
vt 0.031250 0.500000
vt 0.031250 0.500000
vt 0.031250 0.500000
vt 0.031250 0.500000
vt 0.031250 0.500000
vt 0.031250 0.500000
vt 0.031250 0.500000
vt 0.031250 0.500000
vt 0.031250 0.500000
vt 0.031250 0.500000
vt 0.031250 0.500000
vt 0.031250 0.500000
vt 0.031250 0.500000
vt 0.031250 0.500000
vt 0.031250 0.500000
vt 0.031250 0.500000
vt 0.031250 0.500000
vt 0.031250 0.500000
vt 0.031250 0.500000
vt 0.031250 0.500000
vt 0.031250 0.500000
vt 0.031250 0.500000
vt 0.031250 0.500000
vt 0.031250 0.500000
vt 0.031250 0.500000
vt 0.031250 0.500000
vt 0.031250 0.500000
vt 0.031250 0.500000
vt 0.031250 0.500000
vt 0.031250 0.500000
vt 0.031250 0.500000
vt 0.031250 0.500000
vt 0.031250 0.500000
vt 0.031250 0.500000
vt 0.031250 0.500000
vt 0.031250 0.500000
vt 0.031250 0.500000
vt 0.031250 0.500000
vt 0.031250 0.500000
vt 0.031250 0.500000
vt 0.031250 0.500000
vt 0.031250 0.500000
vt 0.031250 0.500000
vt 0.031250 0.500000
vt 0.031250 0.500000
vt 0.031250 0.500000
vt 0.031250 0.500000
vt 0.031250 0.500000
vt 0.031250 0.500000
vt 0.031250 0.500000
vt 0.031250 0.500000
vt 0.031250 0.500000
vt 0.031250 0.500000
vt 0.031250 0.500000
vt 0.031250 0.500000
vt 0.031250 0.500000
vt 0.031250 0.500000
vt 0.031250 0.500000
vt 0.031250 0.500000
vt 0.031250 0.500000
vt 0.031250 0.500000
vt 0.031250 0.500000
vt 0.031250 0.500000
vt 0.031250 0.500000
vt 0.031250 0.500000
vt 0.031250 0.500000
vt 0.031250 0.500000
vt 0.031250 0.500000
vt 0.031250 0.500000
vt 0.031250 0.500000
vt 0.031250 0.500000
vt 0.031250 0.500000
vt 0.031250 0.500000
vt 0.031250 0.500000
vt 0.031250 0.500000
vt 0.031250 0.500000
vt 0.031250 0.500000
vt 0.031250 0.500000
vt 0.031250 0.500000
vt 0.031250 0.500000
vt 0.031250 0.500000
vt 0.031250 0.500000
vt 0.031250 0.500000
vt 0.031250 0.500000
vt 0.031250 0.500000
vt 0.031250 0.500000
vt 0.031250 0.500000
vt 0.031250 0.500000
vt 0.031250 0.500000
vt 0.031250 0.500000
vt 0.031250 0.500000
vt 0.031250 0.500000
vt 0.031250 0.500000
vt 0.031250 0.500000
vt 0.031250 0.500000
vt 0.031250 0.500000
vt 0.031250 0.500000
vt 0.031250 0.500000
vt 0.031250 0.500000
vt 0.031250 0.500000
vt 0.031250 0.500000
vt 0.031250 0.500000
vt 0.031250 0.500000
vt 0.031250 0.500000
vt 0.031250 0.500000
vt 0.031250 0.500000
vt 0.031250 0.500000
vt 0.031250 0.500000
vt 0.031250 0.500000
vt 0.031250 0.500000
vt 0.031250 0.500000
vt 0.031250 0.500000
vt 0.031250 0.500000
vt 0.031250 0.500000
vt 0.031250 0.500000
vt 0.031250 0.500000
vt 0.031250 0.500000
vt 0.031250 0.500000
vt 0.031250 0.500000
vt 0.031250 0.500000
vt 0.031250 0.500000
vt 0.031250 0.500000
vt 0.031250 0.500000
vt 0.031250 0.500000
vt 0.031250 0.500000
vt 0.031250 0.500000
vt 0.031250 0.500000
vt 0.031250 0.500000
vt 0.031250 0.500000
vt 0.031250 0.500000
vt 0.031250 0.500000
vt 0.031250 0.500000
vt 0.031250 0.500000
vt 0.031250 0.500000
vt 0.031250 0.500000
vt 0.031250 0.500000
vt 0.031250 0.500000
vt 0.031250 0.500000
vt 0.031250 0.500000
vt 0.031250 0.500000
vt 0.031250 0.500000
vt 0.031250 0.500000
vt 0.031250 0.500000
vt 0.031250 0.500000
vt 0.031250 0.500000
vt 0.031250 0.500000
vt 0.031250 0.500000
vt 0.031250 0.500000
vt 0.031250 0.500000
vt 0.031250 0.500000
vt 0.031250 0.500000
vt 0.031250 0.500000
vt 0.031250 0.500000
vt 0.031250 0.500000
vt 0.031250 0.500000
vt 0.031250 0.500000
vt 0.031250 0.500000
vt 0.031250 0.500000
vt 0.031250 0.500000
vt 0.031250 0.500000
vt 0.031250 0.500000
vt 0.031250 0.500000
vt 0.031250 0.500000
vt 0.031250 0.500000
vt 0.031250 0.500000
vt 0.031250 0.500000
vt 0.031250 0.500000
vt 0.031250 0.500000
vt 0.031250 0.500000
vt 0.031250 0.500000
vt 0.031250 0.500000
vt 0.031250 0.500000
vt 0.031250 0.500000
vt 0.031250 0.500000
vt 0.031250 0.500000
vt 0.031250 0.500000
vt 0.031250 0.500000
vt 0.031250 0.500000
vt 0.031250 0.500000
vt 0.031250 0.500000
vt 0.031250 0.500000
vt 0.031250 0.500000
vt 0.031250 0.500000
vt 0.031250 0.500000
vt 0.031250 0.500000
vt 0.031250 0.500000
vt 0.031250 0.500000
vt 0.031250 0.500000
vt 0.031250 0.500000
vt 0.031250 0.500000
vt 0.031250 0.500000
vt 0.031250 0.500000
vt 0.031250 0.500000
vt 0.031250 0.500000
vt 0.031250 0.500000
vt 0.031250 0.500000
vt 0.031250 0.500000
vt 0.031250 0.500000
vt 0.031250 0.500000
vt 0.031250 0.500000
vt 0.031250 0.500000
vt 0.031250 0.500000
vt 0.031250 0.500000
vt 0.031250 0.500000
vt 0.031250 0.500000
vt 0.031250 0.500000
vt 0.031250 0.500000
vt 0.031250 0.500000
vt 0.031250 0.500000
vt 0.031250 0.500000
vt 0.031250 0.500000
vt 0.031250 0.500000
vt 0.031250 0.500000
vt 0.031250 0.500000
vt 0.031250 0.500000
vt 0.031250 0.500000
vt 0.031250 0.500000
vt 0.031250 0.500000
vt 0.031250 0.500000
vt 0.031250 0.500000
vt 0.031250 0.500000
vt 0.031250 0.500000
vt 0.031250 0.500000
vt 0.031250 0.500000
vt 0.031250 0.500000
vt 0.031250 0.500000
vt 0.031250 0.500000
vt 0.031250 0.500000
vt 0.031250 0.500000
vt 0.031250 0.500000
vt 0.031250 0.500000
vt 0.031250 0.500000
vt 0.031250 0.500000
vt 0.031250 0.500000
vt 0.031250 0.500000
vt 0.031250 0.500000
vt 0.031250 0.500000
vt 0.031250 0.500000
vt 0.031250 0.500000
vt 0.031250 0.500000
vt 0.031250 0.500000
vt 0.031250 0.500000
vt 0.031250 0.500000
vt 0.031250 0.500000
vt 0.031250 0.500000
vt 0.031250 0.500000
vt 0.031250 0.500000
vt 0.031250 0.500000
vt 0.031250 0.500000
vt 0.031250 0.500000
vt 0.031250 0.500000
vt 0.031250 0.500000
vt 0.031250 0.500000
vt 0.031250 0.500000
vt 0.031250 0.500000
vt 0.031250 0.500000
vt 0.031250 0.500000
vt 0.031250 0.500000
vt 0.031250 0.500000
vt 0.031250 0.500000
vt 0.031250 0.500000
vt 0.031250 0.500000
vt 0.031250 0.500000
vt 0.031250 0.500000
vt 0.031250 0.500000
vt 0.031250 0.500000
vt 0.031250 0.500000
vt 0.031250 0.500000
vt 0.031250 0.500000
vt 0.031250 0.500000
vt 0.031250 0.500000
vt 0.031250 0.500000
vt 0.031250 0.500000
vt 0.031250 0.500000
vt 0.031250 0.500000
vt 0.031250 0.500000
vt 0.031250 0.500000
vt 0.031250 0.500000
vt 0.031250 0.500000
vt 0.031250 0.500000
vt 0.031250 0.500000
vt 0.031250 0.500000
vt 0.031250 0.500000
vt 0.031250 0.500000
vt 0.031250 0.500000
vt 0.031250 0.500000
vt 0.031250 0.500000
vt 0.031250 0.500000
vt 0.031250 0.500000
vt 0.031250 0.500000
vt 0.031250 0.500000
vt 0.031250 0.500000
vt 0.031250 0.500000
vt 0.031250 0.500000
vt 0.031250 0.500000
vt 0.031250 0.500000
vt 0.031250 0.500000
vt 0.031250 0.500000
vt 0.031250 0.500000
vt 0.031250 0.500000
vt 0.031250 0.500000
vt 0.031250 0.500000
vt 0.031250 0.500000
vt 0.031250 0.500000
vt 0.031250 0.500000
vt 0.031250 0.500000
vt 0.031250 0.500000
vt 0.031250 0.500000
vt 0.031250 0.500000
vt 0.031250 0.500000
vt 0.031250 0.500000
vt 0.031250 0.500000
vt 0.031250 0.500000
vt 0.031250 0.500000
vt 0.031250 0.500000
vt 0.031250 0.500000
vt 0.031250 0.500000
vt 0.031250 0.500000
vt 0.031250 0.500000
vt 0.031250 0.500000
vt 0.031250 0.500000
vt 0.031250 0.500000
vt 0.031250 0.500000
vt 0.031250 0.500000
vt 0.031250 0.500000
vt 0.031250 0.500000
vt 0.031250 0.500000
vt 0.031250 0.500000
vt 0.031250 0.500000
vt 0.031250 0.500000
vt 0.031250 0.500000
vt 0.031250 0.500000
vt 0.031250 0.500000
vt 0.031250 0.500000
vt 0.031250 0.500000
vt 0.031250 0.500000
vt 0.031250 0.500000
vt 0.031250 0.500000
vt 0.031250 0.500000
vt 0.031250 0.500000
vt 0.031250 0.500000
vt 0.031250 0.500000
vt 0.031250 0.500000
vt 0.031250 0.500000
vt 0.031250 0.500000
vt 0.031250 0.500000
vt 0.031250 0.500000
vt 0.031250 0.500000
vt 0.031250 0.500000
vt 0.031250 0.500000
vt 0.031250 0.500000
vt 0.031250 0.500000
vt 0.031250 0.500000
vt 0.031250 0.500000
vt 0.031250 0.500000
vt 0.031250 0.500000
vt 0.031250 0.500000
vt 0.031250 0.500000
vt 0.031250 0.500000
vt 0.031250 0.500000
vt 0.031250 0.500000
vt 0.031250 0.500000
vt 0.031250 0.500000
vt 0.031250 0.500000
vt 0.031250 0.500000
vt 0.031250 0.500000
vt 0.031250 0.500000
vt 0.031250 0.500000
vt 0.031250 0.500000
vt 0.031250 0.500000
vt 0.031250 0.500000
vt 0.031250 0.500000
vt 0.031250 0.500000
vt 0.031250 0.500000
vt 0.031250 0.500000
vt 0.031250 0.500000
vt 0.031250 0.500000
vt 0.031250 0.500000
vt 0.031250 0.500000
vt 0.031250 0.500000
vt 0.031250 0.500000
vt 0.031250 0.500000
vt 0.031250 0.500000
vt 0.031250 0.500000
vt 0.031250 0.500000
vt 0.031250 0.500000
vt 0.031250 0.500000
vt 0.031250 0.500000
vt 0.031250 0.500000
vt 0.031250 0.500000
vt 0.031250 0.500000
vt 0.031250 0.500000
vt 0.031250 0.500000
vt 0.031250 0.500000
vt 0.031250 0.500000
vt 0.031250 0.500000
vt 0.031250 0.500000
vt 0.031250 0.500000
vt 0.031250 0.500000
vt 0.031250 0.500000
vt 0.031250 0.500000
vt 0.031250 0.500000
vt 0.031250 0.500000
vt 0.031250 0.500000
vt 0.031250 0.500000
vt 0.031250 0.500000
vt 0.031250 0.500000
vt 0.031250 0.500000
vt 0.031250 0.500000
vt 0.031250 0.500000
vt 0.031250 0.500000
vt 0.031250 0.500000
vt 0.031250 0.500000
vt 0.031250 0.500000
vt 0.031250 0.500000
vt 0.031250 0.500000
vt 0.031250 0.500000
vt 0.031250 0.500000
vt 0.031250 0.500000
vt 0.031250 0.500000
vt 0.031250 0.500000
vt 0.031250 0.500000
vt 0.031250 0.500000
vt 0.031250 0.500000
vt 0.031250 0.500000
vt 0.031250 0.500000
vt 0.031250 0.500000
vt 0.031250 0.500000
vt 0.031250 0.500000
vt 0.031250 0.500000
vt 0.031250 0.500000
vt 0.031250 0.500000
vt 0.031250 0.500000
vt 0.031250 0.500000
vt 0.031250 0.500000
vt 0.031250 0.500000
vt 0.031250 0.500000
vt 0.031250 0.500000
vt 0.031250 0.500000
vt 0.031250 0.500000
vt 0.031250 0.500000
vt 0.031250 0.500000
vt 0.031250 0.500000
vt 0.031250 0.500000
vt 0.031250 0.500000
vt 0.031250 0.500000
vt 0.031250 0.500000
vt 0.031250 0.500000
vt 0.031250 0.500000
vt 0.031250 0.500000
vt 0.031250 0.500000
vt 0.031250 0.500000
vt 0.031250 0.500000
vt 0.031250 0.500000
vt 0.031250 0.500000
vt 0.031250 0.500000
vt 0.031250 0.500000
vt 0.031250 0.500000
vt 0.031250 0.500000
vt 0.031250 0.500000
vt 0.031250 0.500000
vt 0.031250 0.500000
vt 0.031250 0.500000
vt 0.031250 0.500000
vt 0.031250 0.500000
vt 0.031250 0.500000
vt 0.031250 0.500000
vt 0.031250 0.500000
vt 0.031250 0.500000
vt 0.031250 0.500000
vt 0.031250 0.500000
vt 0.031250 0.500000
vt 0.031250 0.500000
vt 0.031250 0.500000
vt 0.031250 0.500000
vt 0.031250 0.500000
vt 0.031250 0.500000
vt 0.031250 0.500000
vt 0.031250 0.500000
vt 0.031250 0.500000
vt 0.031250 0.500000
vt 0.031250 0.500000
vt 0.031250 0.500000
vt 0.031250 0.500000
vt 0.031250 0.500000
vt 0.031250 0.500000
vt 0.031250 0.500000
vt 0.031250 0.500000
vt 0.031250 0.500000
vt 0.031250 0.500000
vt 0.031250 0.500000
vt 0.031250 0.500000
vt 0.031250 0.500000
vt 0.031250 0.500000
vt 0.031250 0.500000
vt 0.031250 0.500000
vt 0.031250 0.500000
vt 0.031250 0.500000
vt 0.031250 0.500000
vt 0.031250 0.500000
vt 0.031250 0.500000
vt 0.031250 0.500000
vt 0.031250 0.500000
vt 0.031250 0.500000
vt 0.031250 0.500000
vt 0.031250 0.500000
vt 0.031250 0.500000
vt 0.031250 0.500000
vt 0.031250 0.500000
vt 0.031250 0.500000
vt 0.031250 0.500000
vt 0.031250 0.500000
vt 0.031250 0.500000
vt 0.031250 0.500000
vt 0.031250 0.500000
vt 0.031250 0.500000
vt 0.031250 0.500000
vt 0.031250 0.500000
vt 0.031250 0.500000
vt 0.031250 0.500000
vt 0.031250 0.500000
vt 0.031250 0.500000
vt 0.031250 0.500000
vt 0.031250 0.500000
vt 0.031250 0.500000
vt 0.031250 0.500000
vt 0.031250 0.500000
vt 0.031250 0.500000
vt 0.031250 0.500000
vt 0.031250 0.500000
vt 0.031250 0.500000
vt 0.031250 0.500000
vt 0.031250 0.500000
vt 0.031250 0.500000
vt 0.031250 0.500000
vt 0.031250 0.500000
vt 0.031250 0.500000
vt 0.031250 0.500000
vt 0.031250 0.500000
vt 0.031250 0.500000
vt 0.031250 0.500000
vt 0.031250 0.500000
vt 0.031250 0.500000
vt 0.031250 0.500000
vt 0.031250 0.500000
vt 0.031250 0.500000
vt 0.031250 0.500000
vt 0.031250 0.500000
vt 0.031250 0.500000
vt 0.031250 0.500000
vt 0.031250 0.500000
vt 0.031250 0.500000
vt 0.031250 0.500000
vt 0.031250 0.500000
vt 0.031250 0.500000
vt 0.031250 0.500000
vt 0.031250 0.500000
vt 0.031250 0.500000
vt 0.031250 0.500000
vt 0.031250 0.500000
vt 0.031250 0.500000
vt 0.031250 0.500000
vt 0.031250 0.500000
vt 0.031250 0.500000
vt 0.031250 0.500000
vt 0.031250 0.500000
vt 0.031250 0.500000
vt 0.031250 0.500000
vt 0.031250 0.500000
vt 0.031250 0.500000
vt 0.031250 0.500000
vt 0.031250 0.500000
vt 0.031250 0.500000
vt 0.031250 0.500000
vt 0.031250 0.500000
vt 0.031250 0.500000
vt 0.031250 0.500000
vt 0.031250 0.500000
vt 0.031250 0.500000
vt 0.031250 0.500000
vt 0.031250 0.500000
vt 0.031250 0.500000
vt 0.031250 0.500000
vt 0.031250 0.500000
vt 0.031250 0.500000
vt 0.031250 0.500000
vt 0.031250 0.500000
vt 0.031250 0.500000
vt 0.031250 0.500000
vt 0.031250 0.500000
vt 0.031250 0.500000
vt 0.031250 0.500000
vt 0.031250 0.500000
vt 0.031250 0.500000
vt 0.031250 0.500000
vt 0.031250 0.500000
vt 0.031250 0.500000
vt 0.031250 0.500000
vt 0.031250 0.500000
vt 0.031250 0.500000
vt 0.031250 0.500000
vt 0.031250 0.500000
vt 0.031250 0.500000
vt 0.031250 0.500000
vt 0.031250 0.500000
vt 0.031250 0.500000
vt 0.031250 0.500000
vt 0.031250 0.500000
vt 0.031250 0.500000
vt 0.031250 0.500000
vt 0.031250 0.500000
vt 0.031250 0.500000
vt 0.031250 0.500000
vt 0.031250 0.500000
vt 0.031250 0.500000
vt 0.031250 0.500000
vt 0.031250 0.500000
vt 0.031250 0.500000
vt 0.031250 0.500000
vt 0.031250 0.500000
vt 0.031250 0.500000
vt 0.031250 0.500000
vt 0.031250 0.500000
vt 0.031250 0.500000
vt 0.031250 0.500000
vt 0.031250 0.500000
vt 0.031250 0.500000
vt 0.031250 0.500000
vt 0.031250 0.500000
vt 0.031250 0.500000
vt 0.031250 0.500000
vt 0.031250 0.500000
vt 0.031250 0.500000
vt 0.031250 0.500000
vt 0.031250 0.500000
vt 0.031250 0.500000
vt 0.031250 0.500000
vt 0.031250 0.500000
vt 0.031250 0.500000
vt 0.031250 0.500000
vt 0.031250 0.500000
vt 0.031250 0.500000
vt 0.031250 0.500000
vt 0.031250 0.500000
vt 0.031250 0.500000
vt 0.031250 0.500000
vt 0.031250 0.500000
vt 0.031250 0.500000
vt 0.031250 0.500000
vt 0.031250 0.500000
vt 0.031250 0.500000
vt 0.031250 0.500000
vt 0.031250 0.500000
vt 0.031250 0.500000
vt 0.031250 0.500000
vt 0.031250 0.500000
vt 0.031250 0.500000
vt 0.031250 0.500000
vt 0.031250 0.500000
vt 0.031250 0.500000
vt 0.031250 0.500000
vt 0.031250 0.500000
vt 0.031250 0.500000
vt 0.031250 0.500000
vt 0.031250 0.500000
vt 0.031250 0.500000
vt 0.031250 0.500000
vt 0.031250 0.500000
vt 0.031250 0.500000
vt 0.031250 0.500000
vt 0.031250 0.500000
vt 0.031250 0.500000
vt 0.031250 0.500000
vt 0.031250 0.500000
vt 0.031250 0.500000
vt 0.031250 0.500000
vt 0.031250 0.500000
vt 0.031250 0.500000
vt 0.031250 0.500000
vt 0.031250 0.500000
vt 0.031250 0.500000
vt 0.031250 0.500000
vt 0.031250 0.500000
vt 0.031250 0.500000
vt 0.031250 0.500000
vt 0.031250 0.500000
vt 0.031250 0.500000
vt 0.031250 0.500000
vt 0.031250 0.500000
vt 0.031250 0.500000
vt 0.031250 0.500000
vt 0.031250 0.500000
vt 0.031250 0.500000
vt 0.031250 0.500000
vt 0.031250 0.500000
vt 0.031250 0.500000
vt 0.031250 0.500000
vt 0.031250 0.500000
vt 0.031250 0.500000
vt 0.031250 0.500000
vt 0.031250 0.500000
vt 0.031250 0.500000
vt 0.031250 0.500000
vt 0.031250 0.500000
vt 0.031250 0.500000
vt 0.031250 0.500000
vt 0.031250 0.500000
vt 0.031250 0.500000
vt 0.031250 0.500000
vt 0.031250 0.500000
vt 0.031250 0.500000
vt 0.031250 0.500000
vt 0.031250 0.500000
vt 0.031250 0.500000
vt 0.031250 0.500000
vt 0.031250 0.500000
vt 0.031250 0.500000
vt 0.031250 0.500000
vt 0.031250 0.500000
vt 0.031250 0.500000
vt 0.031250 0.500000
vt 0.031250 0.500000
vt 0.031250 0.500000
vt 0.031250 0.500000
vt 0.031250 0.500000
vt 0.031250 0.500000
vt 0.031250 0.500000
vt 0.031250 0.500000
vt 0.031250 0.500000
vt 0.031250 0.500000
vt 0.031250 0.500000
vt 0.031250 0.500000
vt 0.031250 0.500000
vt 0.031250 0.500000
vt 0.031250 0.500000
vt 0.031250 0.500000
vt 0.031250 0.500000
vt 0.031250 0.500000
vt 0.031250 0.500000
vt 0.031250 0.500000
vt 0.031250 0.500000
vt 0.031250 0.500000
vt 0.031250 0.500000
vt 0.031250 0.500000
vt 0.031250 0.500000
vt 0.031250 0.500000
vt 0.031250 0.500000
vt 0.031250 0.500000
vt 0.031250 0.500000
vt 0.031250 0.500000
vt 0.031250 0.500000
vt 0.031250 0.500000
vt 0.031250 0.500000
vt 0.031250 0.500000
vt 0.031250 0.500000
vt 0.031250 0.500000
vt 0.031250 0.500000
vt 0.031250 0.500000
vt 0.031250 0.500000
vt 0.031250 0.500000
vt 0.031250 0.500000
vt 0.031250 0.500000
vt 0.031250 0.500000
vt 0.031250 0.500000
vt 0.031250 0.500000
vt 0.031250 0.500000
vt 0.031250 0.500000
vt 0.031250 0.500000
vt 0.031250 0.500000
vt 0.031250 0.500000
vt 0.031250 0.500000
vt 0.031250 0.500000
vt 0.031250 0.500000
vt 0.031250 0.500000
vt 0.031250 0.500000
vt 0.031250 0.500000
vt 0.031250 0.500000
vt 0.031250 0.500000
vt 0.031250 0.500000
vt 0.031250 0.500000
vt 0.031250 0.500000
vt 0.031250 0.500000
vt 0.031250 0.500000
vt 0.031250 0.500000
vt 0.031250 0.500000
vt 0.031250 0.500000
vt 0.031250 0.500000
vt 0.031250 0.500000
vt 0.031250 0.500000
vt 0.031250 0.500000
vt 0.031250 0.500000
vt 0.031250 0.500000
vt 0.031250 0.500000
vt 0.031250 0.500000
vt 0.031250 0.500000
vt 0.031250 0.500000
vt 0.031250 0.500000
vt 0.031250 0.500000
vt 0.031250 0.500000
vt 0.031250 0.500000
vt 0.031250 0.500000
vt 0.031250 0.500000
vt 0.031250 0.500000
vt 0.031250 0.500000
vt 0.031250 0.500000
vt 0.031250 0.500000
vt 0.031250 0.500000
vt 0.031250 0.500000
vt 0.031250 0.500000
vt 0.031250 0.500000
vt 0.031250 0.500000
vt 0.031250 0.500000
vt 0.031250 0.500000
vt 0.031250 0.500000
vt 0.031250 0.500000
vt 0.031250 0.500000
vt 0.031250 0.500000
vt 0.031250 0.500000
vt 0.031250 0.500000
vt 0.031250 0.500000
vt 0.031250 0.500000
vt 0.031250 0.500000
vt 0.031250 0.500000
vt 0.031250 0.500000
vt 0.031250 0.500000
vt 0.031250 0.500000
vt 0.031250 0.500000
vt 0.031250 0.500000
vt 0.031250 0.500000
vt 0.031250 0.500000
vt 0.031250 0.500000
vt 0.031250 0.500000
vt 0.031250 0.500000
vt 0.031250 0.500000
vt 0.031250 0.500000
vt 0.031250 0.500000
vt 0.031250 0.500000
vt 0.031250 0.500000
vt 0.031250 0.500000
vt 0.031250 0.500000
vt 0.031250 0.500000
vt 0.031250 0.500000
vt 0.031250 0.500000
vt 0.031250 0.500000
vt 0.031250 0.500000
vt 0.031250 0.500000
vt 0.031250 0.500000
vt 0.031250 0.500000
vt 0.031250 0.500000
vt 0.031250 0.500000
vt 0.031250 0.500000
vt 0.031250 0.500000
vt 0.031250 0.500000
vt 0.031250 0.500000
vt 0.031250 0.500000
vt 0.031250 0.500000
vt 0.031250 0.500000
vt 0.031250 0.500000
vt 0.031250 0.500000
vt 0.031250 0.500000
vt 0.031250 0.500000
vt 0.031250 0.500000
vt 0.031250 0.500000
vt 0.031250 0.500000
vt 0.031250 0.500000
vt 0.031250 0.500000
vt 0.031250 0.500000
vt 0.031250 0.500000
vt 0.031250 0.500000
vt 0.031250 0.500000
vt 0.031250 0.500000
vt 0.031250 0.500000
vt 0.031250 0.500000
vt 0.031250 0.500000
vt 0.031250 0.500000
vt 0.031250 0.500000
vt 0.031250 0.500000
vt 0.031250 0.500000
vt 0.031250 0.500000
vt 0.031250 0.500000
vt 0.031250 0.500000
vt 0.031250 0.500000
vt 0.031250 0.500000
vt 0.031250 0.500000
vt 0.031250 0.500000
vt 0.031250 0.500000
vt 0.031250 0.500000
vt 0.031250 0.500000
vt 0.031250 0.500000
vt 0.031250 0.500000
vt 0.031250 0.500000
vt 0.031250 0.500000
vt 0.031250 0.500000
vt 0.031250 0.500000
vt 0.031250 0.500000
vt 0.031250 0.500000
vt 0.031250 0.500000
vt 0.031250 0.500000
vt 0.031250 0.500000
vt 0.031250 0.500000
vt 0.031250 0.500000
vt 0.031250 0.500000
vt 0.031250 0.500000
vt 0.031250 0.500000
vt 0.031250 0.500000
vt 0.031250 0.500000
vt 0.031250 0.500000
vt 0.031250 0.500000
vt 0.031250 0.500000
vt 0.031250 0.500000
vt 0.031250 0.500000
vt 0.031250 0.500000
vt 0.031250 0.500000
vt 0.031250 0.500000
vt 0.031250 0.500000
vt 0.031250 0.500000
vt 0.031250 0.500000
vt 0.031250 0.500000
vt 0.031250 0.500000
vt 0.031250 0.500000
vt 0.031250 0.500000
vt 0.031250 0.500000
vt 0.031250 0.500000
vt 0.031250 0.500000
vt 0.031250 0.500000
vt 0.031250 0.500000
vt 0.031250 0.500000
vt 0.031250 0.500000
vt 0.031250 0.500000
vt 0.031250 0.500000
vt 0.031250 0.500000
vt 0.031250 0.500000
vt 0.031250 0.500000
vt 0.031250 0.500000
vt 0.031250 0.500000
vt 0.031250 0.500000
vt 0.031250 0.500000
vt 0.031250 0.500000
vt 0.031250 0.500000
vt 0.031250 0.500000
vt 0.031250 0.500000
vt 0.031250 0.500000
vt 0.031250 0.500000
vt 0.031250 0.500000
vt 0.031250 0.500000
vt 0.031250 0.500000
vt 0.031250 0.500000
vt 0.031250 0.500000
vt 0.031250 0.500000
vt 0.031250 0.500000
vt 0.031250 0.500000
vt 0.031250 0.500000
vt 0.031250 0.500000
vt 0.031250 0.500000
vt 0.031250 0.500000
vt 0.031250 0.500000
vt 0.031250 0.500000
vt 0.031250 0.500000
vt 0.031250 0.500000
vt 0.031250 0.500000
vt 0.031250 0.500000
vt 0.031250 0.500000
vt 0.031250 0.500000
vt 0.031250 0.500000
vt 0.031250 0.500000
vt 0.031250 0.500000
vt 0.031250 0.500000
vt 0.031250 0.500000
vt 0.031250 0.500000
vt 0.031250 0.500000
vt 0.031250 0.500000
vt 0.031250 0.500000
vt 0.031250 0.500000
vt 0.031250 0.500000
vt 0.031250 0.500000
vt 0.031250 0.500000
vt 0.031250 0.500000
vt 0.031250 0.500000
vt 0.031250 0.500000
vt 0.031250 0.500000
vt 0.031250 0.500000
vt 0.031250 0.500000
vt 0.031250 0.500000
vt 0.031250 0.500000
vt 0.031250 0.500000
vt 0.031250 0.500000
vt 0.031250 0.500000
vt 0.031250 0.500000
vt 0.031250 0.500000
vt 0.031250 0.500000
vt 0.031250 0.500000
vt 0.031250 0.500000
vt 0.031250 0.500000
vt 0.031250 0.500000
vt 0.031250 0.500000
vt 0.031250 0.500000
vt 0.031250 0.500000
vt 0.031250 0.500000
vt 0.031250 0.500000
vt 0.031250 0.500000
vt 0.031250 0.500000
vt 0.031250 0.500000
vt 0.031250 0.500000
vt 0.031250 0.500000
vt 0.031250 0.500000
vt 0.031250 0.500000
vt 0.031250 0.500000
vt 0.031250 0.500000
vt 0.031250 0.500000
vt 0.031250 0.500000
vt 0.031250 0.500000
vt 0.031250 0.500000
vt 0.031250 0.500000
vt 0.031250 0.500000
vt 0.031250 0.500000
vt 0.031250 0.500000
vt 0.031250 0.500000
vt 0.031250 0.500000
vt 0.031250 0.500000
vt 0.031250 0.500000
vt 0.031250 0.500000
vt 0.031250 0.500000
vt 0.031250 0.500000
vt 0.031250 0.500000
vt 0.031250 0.500000
vt 0.031250 0.500000
vt 0.031250 0.500000
vt 0.031250 0.500000
vt 0.031250 0.500000
vt 0.031250 0.500000
vt 0.031250 0.500000
vt 0.031250 0.500000
vt 0.031250 0.500000
vt 0.031250 0.500000
vt 0.031250 0.500000
vt 0.031250 0.500000
vt 0.031250 0.500000
vt 0.031250 0.500000
vt 0.031250 0.500000
vt 0.031250 0.500000
vt 0.031250 0.500000
vt 0.031250 0.500000
vt 0.031250 0.500000
vt 0.031250 0.500000
vt 0.031250 0.500000
vt 0.031250 0.500000
vt 0.031250 0.500000
vt 0.031250 0.500000
vt 0.031250 0.500000
vt 0.031250 0.500000
vt 0.031250 0.500000
vt 0.031250 0.500000
vt 0.031250 0.500000
vt 0.031250 0.500000
vt 0.031250 0.500000
vt 0.031250 0.500000
vt 0.031250 0.500000
vt 0.031250 0.500000
vt 0.031250 0.500000
vt 0.031250 0.500000
vt 0.031250 0.500000
vt 0.031250 0.500000
vt 0.031250 0.500000
vt 0.031250 0.500000
vt 0.031250 0.500000
vt 0.031250 0.500000
vt 0.031250 0.500000
vt 0.031250 0.500000
vt 0.031250 0.500000
vt 0.031250 0.500000
vt 0.031250 0.500000
vt 0.031250 0.500000
vt 0.031250 0.500000
vt 0.031250 0.500000
vt 0.031250 0.500000
vt 0.031250 0.500000
vt 0.031250 0.500000
vt 0.031250 0.500000
vt 0.031250 0.500000
vt 0.031250 0.500000
vt 0.031250 0.500000
vt 0.031250 0.500000
vt 0.031250 0.500000
vt 0.031250 0.500000
vt 0.031250 0.500000
vt 0.031250 0.500000
vt 0.031250 0.500000
vt 0.031250 0.500000
vt 0.031250 0.500000
vt 0.031250 0.500000
vt 0.031250 0.500000
vt 0.031250 0.500000
vt 0.031250 0.500000
vt 0.031250 0.500000
vt 0.031250 0.500000
vt 0.031250 0.500000
vt 0.031250 0.500000
vt 0.031250 0.500000
vt 0.031250 0.500000
vt 0.031250 0.500000
vt 0.031250 0.500000
vt 0.031250 0.500000
vt 0.031250 0.500000
vt 0.031250 0.500000
vt 0.031250 0.500000
vt 0.031250 0.500000
vt 0.031250 0.500000
vt 0.031250 0.500000
vt 0.031250 0.500000
vt 0.031250 0.500000
vt 0.031250 0.500000
vt 0.031250 0.500000
vt 0.031250 0.500000
vt 0.031250 0.500000
vt 0.031250 0.500000
vt 0.031250 0.500000
vt 0.031250 0.500000
vt 0.031250 0.500000
vt 0.031250 0.500000
vt 0.031250 0.500000
vt 0.031250 0.500000
vt 0.031250 0.500000
vt 0.031250 0.500000
vt 0.031250 0.500000
vt 0.031250 0.500000
vt 0.031250 0.500000
vt 0.031250 0.500000
vt 0.031250 0.500000
vt 0.031250 0.500000
vt 0.031250 0.500000
vt 0.031250 0.500000
vt 0.031250 0.500000
vt 0.031250 0.500000
vt 0.031250 0.500000
vt 0.031250 0.500000
vt 0.031250 0.500000
vt 0.031250 0.500000
vt 0.031250 0.500000
vt 0.031250 0.500000
vt 0.031250 0.500000
vt 0.031250 0.500000
vt 0.031250 0.500000
vt 0.031250 0.500000
vt 0.031250 0.500000
vt 0.031250 0.500000
vt 0.031250 0.500000
vt 0.031250 0.500000
vt 0.031250 0.500000
vt 0.031250 0.500000
vt 0.031250 0.500000
vt 0.031250 0.500000
vt 0.031250 0.500000
vt 0.031250 0.500000
vt 0.031250 0.500000
vt 0.031250 0.500000
vt 0.031250 0.500000
vt 0.031250 0.500000
vt 0.031250 0.500000
vt 0.031250 0.500000
vt 0.031250 0.500000
vt 0.031250 0.500000
vt 0.031250 0.500000
vt 0.031250 0.500000
vt 0.031250 0.500000
vt 0.031250 0.500000
vt 0.031250 0.500000
vt 0.031250 0.500000
vt 0.031250 0.500000
vt 0.031250 0.500000
vt 0.031250 0.500000
vt 0.031250 0.500000
vt 0.031250 0.500000
vt 0.031250 0.500000
vt 0.031250 0.500000
vt 0.031250 0.500000
vt 0.031250 0.500000
vt 0.031250 0.500000
vt 0.031250 0.500000
vt 0.031250 0.500000
vt 0.031250 0.500000
vt 0.031250 0.500000
vt 0.031250 0.500000
vt 0.031250 0.500000
vt 0.031250 0.500000
vt 0.031250 0.500000
vt 0.031250 0.500000
vt 0.031250 0.500000
vt 0.031250 0.500000
vt 0.031250 0.500000
vt 0.031250 0.500000
vt 0.031250 0.500000
vt 0.031250 0.500000
vt 0.031250 0.500000
vt 0.031250 0.500000
vt 0.031250 0.500000
vt 0.031250 0.500000
vt 0.031250 0.500000
vt 0.031250 0.500000
vt 0.031250 0.500000
vt 0.031250 0.500000
vt 0.031250 0.500000
vt 0.031250 0.500000
vt 0.031250 0.500000
vt 0.031250 0.500000
vt 0.031250 0.500000
vt 0.031250 0.500000
vt 0.031250 0.500000
vt 0.031250 0.500000
vt 0.031250 0.500000
vt 0.031250 0.500000
vt 0.031250 0.500000
vt 0.031250 0.500000
vt 0.031250 0.500000
vt 0.031250 0.500000
vt 0.031250 0.500000
vt 0.031250 0.500000
vt 0.031250 0.500000
vt 0.031250 0.500000
vt 0.031250 0.500000
vt 0.031250 0.500000
vt 0.031250 0.500000
vt 0.031250 0.500000
vt 0.031250 0.500000
vt 0.031250 0.500000
vt 0.031250 0.500000
vt 0.031250 0.500000
vt 0.031250 0.500000
vt 0.031250 0.500000
vt 0.031250 0.500000
vt 0.031250 0.500000
vt 0.031250 0.500000
vt 0.031250 0.500000
vt 0.031250 0.500000
vt 0.031250 0.500000
vt 0.031250 0.500000
vt 0.031250 0.500000
vt 0.031250 0.500000
vt 0.031250 0.500000
vt 0.031250 0.500000
vt 0.031250 0.500000
vt 0.031250 0.500000
vt 0.031250 0.500000
vt 0.031250 0.500000
vt 0.031250 0.500000
vt 0.031250 0.500000
vt 0.031250 0.500000
vt 0.031250 0.500000
vt 0.031250 0.500000
vt 0.031250 0.500000
vt 0.031250 0.500000
vt 0.031250 0.500000
vt 0.031250 0.500000
vt 0.031250 0.500000
vt 0.031250 0.500000
vt 0.031250 0.500000
vt 0.031250 0.500000
vt 0.031250 0.500000
vt 0.031250 0.500000
vt 0.031250 0.500000
vt 0.031250 0.500000
vt 0.031250 0.500000
vt 0.031250 0.500000
vt 0.031250 0.500000
vt 0.031250 0.500000
vt 0.031250 0.500000
vt 0.031250 0.500000
vt 0.031250 0.500000
vt 0.031250 0.500000
vt 0.031250 0.500000
vt 0.031250 0.500000
vt 0.031250 0.500000
vt 0.031250 0.500000
vt 0.031250 0.500000
vt 0.031250 0.500000
vt 0.031250 0.500000
vt 0.031250 0.500000
vt 0.031250 0.500000
vt 0.031250 0.500000
vt 0.031250 0.500000
vt 0.031250 0.500000
vt 0.031250 0.500000
vt 0.031250 0.500000
vt 0.031250 0.500000
vt 0.031250 0.500000
vt 0.031250 0.500000
vt 0.031250 0.500000
vt 0.031250 0.500000
vt 0.031250 0.500000
vt 0.031250 0.500000
vt 0.031250 0.500000
vt 0.031250 0.500000
vt 0.031250 0.500000
vt 0.031250 0.500000
vt 0.031250 0.500000
vt 0.031250 0.500000
vt 0.031250 0.500000
vt 0.031250 0.500000
vt 0.031250 0.500000
vt 0.031250 0.500000
vt 0.031250 0.500000
vt 0.031250 0.500000
vt 0.031250 0.500000
vt 0.031250 0.500000
vt 0.031250 0.500000
vt 0.031250 0.500000
vt 0.031250 0.500000
vt 0.031250 0.500000
vt 0.031250 0.500000
vt 0.031250 0.500000
vt 0.031250 0.500000
vt 0.031250 0.500000
vt 0.031250 0.500000
vt 0.031250 0.500000
vt 0.031250 0.500000
vt 0.031250 0.500000
vt 0.031250 0.500000
vt 0.031250 0.500000
vt 0.031250 0.500000
vt 0.031250 0.500000
vt 0.031250 0.500000
vt 0.031250 0.500000
vt 0.031250 0.500000
vt 0.031250 0.500000
vt 0.031250 0.500000
vt 0.031250 0.500000
vt 0.031250 0.500000
vt 0.031250 0.500000
vt 0.031250 0.500000
vt 0.031250 0.500000
vt 0.031250 0.500000
vt 0.031250 0.500000
vt 0.031250 0.500000
vt 0.031250 0.500000
vt 0.031250 0.500000
vt 0.031250 0.500000
vt 0.031250 0.500000
vt 0.031250 0.500000
vt 0.031250 0.500000
vt 0.031250 0.500000
vt 0.031250 0.500000
vt 0.031250 0.500000
vt 0.031250 0.500000
vt 0.031250 0.500000
vt 0.031250 0.500000
vt 0.031250 0.500000
vt 0.031250 0.500000
vt 0.031250 0.500000
vt 0.031250 0.500000
vt 0.031250 0.500000
vt 0.031250 0.500000
vt 0.031250 0.500000
vt 0.031250 0.500000
vt 0.031250 0.500000
vt 0.031250 0.500000
vt 0.031250 0.500000
vt 0.031250 0.500000
vt 0.031250 0.500000
vt 0.031250 0.500000
vt 0.031250 0.500000
vt 0.031250 0.500000
vt 0.031250 0.500000
vt 0.031250 0.500000
vt 0.031250 0.500000
vt 0.031250 0.500000
vt 0.031250 0.500000
vt 0.031250 0.500000
vt 0.031250 0.500000
vt 0.031250 0.500000
vt 0.031250 0.500000
vt 0.031250 0.500000
vt 0.031250 0.500000
vt 0.031250 0.500000
vt 0.031250 0.500000
vt 0.031250 0.500000
vt 0.031250 0.500000
vt 0.031250 0.500000
vt 0.031250 0.500000
vt 0.031250 0.500000
vt 0.031250 0.500000
vt 0.031250 0.500000
vt 0.031250 0.500000
vt 0.031250 0.500000
vt 0.031250 0.500000
vt 0.031250 0.500000
vt 0.031250 0.500000
vt 0.031250 0.500000
vt 0.031250 0.500000
vt 0.031250 0.500000
vt 0.031250 0.500000
vt 0.031250 0.500000
vt 0.031250 0.500000
vt 0.031250 0.500000
vt 0.031250 0.500000
vt 0.031250 0.500000
vt 0.031250 0.500000
vt 0.031250 0.500000
vt 0.031250 0.500000
vt 0.031250 0.500000
vt 0.031250 0.500000
vt 0.031250 0.500000
vt 0.031250 0.500000
vt 0.031250 0.500000
vt 0.031250 0.500000
vt 0.031250 0.500000
vt 0.031250 0.500000
vt 0.031250 0.500000
vt 0.031250 0.500000
vt 0.031250 0.500000
vt 0.031250 0.500000
vt 0.031250 0.500000
vt 0.031250 0.500000
vt 0.031250 0.500000
vt 0.031250 0.500000
vt 0.031250 0.500000
vt 0.031250 0.500000
vt 0.031250 0.500000
vt 0.031250 0.500000
vt 0.031250 0.500000
vt 0.031250 0.500000
vt 0.031250 0.500000
vt 0.031250 0.500000
vt 0.031250 0.500000
vt 0.031250 0.500000
vt 0.031250 0.500000
vt 0.031250 0.500000
vt 0.031250 0.500000
vt 0.031250 0.500000
vt 0.031250 0.500000
vt 0.031250 0.500000
vt 0.031250 0.500000
vt 0.031250 0.500000
vt 0.031250 0.500000
vt 0.031250 0.500000
vt 0.031250 0.500000
vt 0.031250 0.500000
vt 0.031250 0.500000
vt 0.031250 0.500000
vt 0.031250 0.500000
vt 0.031250 0.500000
vt 0.031250 0.500000
vt 0.031250 0.500000
vt 0.031250 0.500000
vt 0.031250 0.500000
vt 0.031250 0.500000
vt 0.031250 0.500000
vt 0.031250 0.500000
vt 0.031250 0.500000
vt 0.031250 0.500000
vt 0.031250 0.500000
vt 0.031250 0.500000
vt 0.031250 0.500000
vt 0.031250 0.500000
vt 0.031250 0.500000
vt 0.031250 0.500000
vt 0.031250 0.500000
vt 0.031250 0.500000
vt 0.031250 0.500000
vt 0.031250 0.500000
vt 0.031250 0.500000
vt 0.031250 0.500000
vt 0.031250 0.500000
vt 0.031250 0.500000
vt 0.031250 0.500000
vt 0.031250 0.500000
vt 0.031250 0.500000
vt 0.031250 0.500000
vt 0.031250 0.500000
vt 0.031250 0.500000
vt 0.031250 0.500000
vt 0.031250 0.500000
vt 0.031250 0.500000
vt 0.031250 0.500000
vt 0.031250 0.500000
vt 0.031250 0.500000
vt 0.031250 0.500000
vt 0.031250 0.500000
vt 0.031250 0.500000
vt 0.031250 0.500000
vt 0.031250 0.500000
vt 0.031250 0.500000
vt 0.031250 0.500000
vt 0.031250 0.500000
vt 0.031250 0.500000
vt 0.031250 0.500000
vt 0.031250 0.500000
vt 0.031250 0.500000
vt 0.031250 0.500000
vt 0.031250 0.500000
vt 0.031250 0.500000
vt 0.031250 0.500000
vt 0.031250 0.500000
vt 0.031250 0.500000
vt 0.031250 0.500000
vt 0.031250 0.500000
vt 0.031250 0.500000
vt 0.031250 0.500000
vt 0.031250 0.500000
vt 0.031250 0.500000
vt 0.031250 0.500000
vt 0.031250 0.500000
vt 0.031250 0.500000
vt 0.031250 0.500000
vt 0.031250 0.500000
vt 0.031250 0.500000
vt 0.031250 0.500000
vt 0.031250 0.500000
vt 0.031250 0.500000
vt 0.031250 0.500000
vt 0.031250 0.500000
vt 0.031250 0.500000
vt 0.031250 0.500000
vt 0.031250 0.500000
vt 0.031250 0.500000
vt 0.031250 0.500000
vt 0.031250 0.500000
vt 0.031250 0.500000
vt 0.031250 0.500000
vt 0.031250 0.500000
vt 0.031250 0.500000
vt 0.031250 0.500000
vt 0.031250 0.500000
vt 0.031250 0.500000
vt 0.031250 0.500000
vt 0.031250 0.500000
vt 0.031250 0.500000
vt 0.031250 0.500000
vt 0.031250 0.500000
vt 0.031250 0.500000
vt 0.031250 0.500000
vt 0.031250 0.500000
vt 0.031250 0.500000
vt 0.031250 0.500000
vt 0.031250 0.500000
vt 0.031250 0.500000
vt 0.031250 0.500000
vt 0.031250 0.500000
vt 0.031250 0.500000
vt 0.031250 0.500000
vt 0.031250 0.500000
vt 0.031250 0.500000
vt 0.031250 0.500000
vt 0.031250 0.500000
vt 0.031250 0.500000
vt 0.031250 0.500000
vt 0.031250 0.500000
vt 0.031250 0.500000
vt 0.031250 0.500000
vt 0.031250 0.500000
vt 0.031250 0.500000
vt 0.031250 0.500000
vt 0.031250 0.500000
vt 0.031250 0.500000
vt 0.031250 0.500000
vt 0.031250 0.500000
vt 0.031250 0.500000
vt 0.031250 0.500000
vt 0.031250 0.500000
vt 0.031250 0.500000
vt 0.031250 0.500000
vt 0.031250 0.500000
vt 0.031250 0.500000
vt 0.031250 0.500000
vt 0.031250 0.500000
vt 0.031250 0.500000
vt 0.031250 0.500000
vt 0.031250 0.500000
vt 0.031250 0.500000
vt 0.031250 0.500000
vt 0.031250 0.500000
vt 0.031250 0.500000
vt 0.031250 0.500000
vt 0.031250 0.500000
vt 0.031250 0.500000
vt 0.031250 0.500000
vt 0.031250 0.500000
vt 0.031250 0.500000
vt 0.031250 0.500000
vt 0.031250 0.500000
vt 0.031250 0.500000
vt 0.031250 0.500000
vt 0.031250 0.500000
vt 0.031250 0.500000
vt 0.031250 0.500000
vt 0.031250 0.500000
vt 0.031250 0.500000
vt 0.031250 0.500000
vt 0.031250 0.500000
vt 0.031250 0.500000
vt 0.031250 0.500000
vt 0.031250 0.500000
vt 0.031250 0.500000
vt 0.031250 0.500000
vt 0.031250 0.500000
vt 0.031250 0.500000
vt 0.031250 0.500000
vt 0.031250 0.500000
vt 0.031250 0.500000
vt 0.031250 0.500000
vt 0.031250 0.500000
vt 0.031250 0.500000
vt 0.031250 0.500000
vt 0.031250 0.500000
vt 0.031250 0.500000
vt 0.031250 0.500000
vt 0.031250 0.500000
vt 0.031250 0.500000
vt 0.031250 0.500000
vt 0.031250 0.500000
vt 0.031250 0.500000
vt 0.031250 0.500000
vt 0.031250 0.500000
vt 0.031250 0.500000
vt 0.031250 0.500000
vt 0.031250 0.500000
vt 0.031250 0.500000
vt 0.031250 0.500000
vt 0.031250 0.500000
vt 0.031250 0.500000
vt 0.031250 0.500000
vt 0.031250 0.500000
vt 0.031250 0.500000
vt 0.031250 0.500000
vt 0.031250 0.500000
vt 0.031250 0.500000
vt 0.031250 0.500000
vt 0.031250 0.500000
vt 0.031250 0.500000
vt 0.031250 0.500000
vt 0.031250 0.500000
vt 0.031250 0.500000
vt 0.031250 0.500000
vt 0.031250 0.500000
vt 0.031250 0.500000
vt 0.031250 0.500000
vt 0.031250 0.500000
vt 0.031250 0.500000
vt 0.031250 0.500000
vt 0.031250 0.500000
vt 0.031250 0.500000
vt 0.031250 0.500000
vt 0.031250 0.500000
vt 0.031250 0.500000
vt 0.031250 0.500000
vt 0.031250 0.500000
vt 0.031250 0.500000
vt 0.031250 0.500000
vt 0.031250 0.500000
vt 0.031250 0.500000
vt 0.031250 0.500000
vt 0.031250 0.500000
vt 0.031250 0.500000
vt 0.031250 0.500000
vt 0.031250 0.500000
vt 0.031250 0.500000
vt 0.031250 0.500000
vt 0.031250 0.500000
vt 0.031250 0.500000
vt 0.031250 0.500000
vt 0.031250 0.500000
vt 0.031250 0.500000
vt 0.031250 0.500000
vt 0.031250 0.500000
vt 0.031250 0.500000
vt 0.031250 0.500000
vt 0.031250 0.500000
vt 0.031250 0.500000
vt 0.031250 0.500000
vt 0.031250 0.500000
vt 0.031250 0.500000
vt 0.031250 0.500000
vt 0.031250 0.500000
vt 0.031250 0.500000
vt 0.031250 0.500000
vt 0.031250 0.500000
vt 0.031250 0.500000
vt 0.031250 0.500000
vt 0.031250 0.500000
vt 0.031250 0.500000
vt 0.031250 0.500000
vt 0.031250 0.500000
vt 0.031250 0.500000
vt 0.031250 0.500000
vt 0.031250 0.500000
vt 0.031250 0.500000
vt 0.031250 0.500000
vt 0.031250 0.500000
vt 0.031250 0.500000
vt 0.031250 0.500000
vt 0.031250 0.500000
vt 0.031250 0.500000
vt 0.031250 0.500000
vt 0.031250 0.500000
vt 0.031250 0.500000
vt 0.031250 0.500000
vt 0.031250 0.500000
vt 0.031250 0.500000
vt 0.031250 0.500000
vt 0.031250 0.500000
vt 0.031250 0.500000
vt 0.031250 0.500000
vt 0.031250 0.500000
vt 0.031250 0.500000
vt 0.031250 0.500000
vt 0.031250 0.500000
vt 0.031250 0.500000
vt 0.031250 0.500000
vt 0.031250 0.500000
vt 0.031250 0.500000
vt 0.031250 0.500000
vt 0.031250 0.500000
vt 0.031250 0.500000
vt 0.031250 0.500000
vt 0.031250 0.500000
vt 0.031250 0.500000
vt 0.031250 0.500000
vt 0.031250 0.500000
vt 0.031250 0.500000
vt 0.031250 0.500000
vt 0.031250 0.500000
vt 0.031250 0.500000
vt 0.031250 0.500000
vt 0.031250 0.500000
vt 0.031250 0.500000
vt 0.031250 0.500000
vt 0.031250 0.500000
vt 0.031250 0.500000
vt 0.031250 0.500000
vt 0.031250 0.500000
vt 0.031250 0.500000
vt 0.031250 0.500000
vt 0.031250 0.500000
vt 0.031250 0.500000
vt 0.031250 0.500000
vt 0.031250 0.500000
vt 0.031250 0.500000
vt 0.031250 0.500000
vt 0.031250 0.500000
vt 0.031250 0.500000
vt 0.031250 0.500000
vt 0.031250 0.500000
vt 0.031250 0.500000
vt 0.031250 0.500000
vt 0.031250 0.500000
vt 0.031250 0.500000
vt 0.031250 0.500000
vt 0.031250 0.500000
vt 0.031250 0.500000
vt 0.031250 0.500000
vt 0.031250 0.500000
vt 0.031250 0.500000
vt 0.031250 0.500000
vt 0.031250 0.500000
vt 0.031250 0.500000
vt 0.031250 0.500000
vt 0.031250 0.500000
vt 0.031250 0.500000
vt 0.031250 0.500000
vt 0.031250 0.500000
vt 0.031250 0.500000
vt 0.031250 0.500000
vt 0.031250 0.500000
vt 0.031250 0.500000
vt 0.031250 0.500000
vt 0.031250 0.500000
vt 0.031250 0.500000
vt 0.031250 0.500000
vt 0.031250 0.500000
vt 0.031250 0.500000
vt 0.031250 0.500000
vt 0.031250 0.500000
vt 0.031250 0.500000
vt 0.031250 0.500000
vt 0.031250 0.500000
vt 0.031250 0.500000
vt 0.031250 0.500000
vt 0.031250 0.500000
vt 0.031250 0.500000
vt 0.031250 0.500000
vt 0.031250 0.500000
vt 0.031250 0.500000
vt 0.031250 0.500000
vt 0.031250 0.500000
vt 0.031250 0.500000
vt 0.031250 0.500000
vt 0.031250 0.500000
vt 0.031250 0.500000
vt 0.031250 0.500000
vt 0.031250 0.500000
vt 0.031250 0.500000
vt 0.031250 0.500000
vt 0.031250 0.500000
vt 0.031250 0.500000
vt 0.031250 0.500000
vt 0.031250 0.500000
vt 0.031250 0.500000
vt 0.031250 0.500000
vt 0.031250 0.500000
vt 0.031250 0.500000
vt 0.031250 0.500000
vt 0.031250 0.500000
vt 0.031250 0.500000
vt 0.031250 0.500000
vt 0.031250 0.500000
vt 0.031250 0.500000
vt 0.031250 0.500000
vt 0.031250 0.500000
vt 0.031250 0.500000
vt 0.031250 0.500000
vt 0.031250 0.500000
vt 0.031250 0.500000
vt 0.031250 0.500000
vt 0.031250 0.500000
vt 0.031250 0.500000
vt 0.031250 0.500000
vt 0.031250 0.500000
vt 0.031250 0.500000
vt 0.031250 0.500000
vt 0.031250 0.500000
vt 0.031250 0.500000
vt 0.031250 0.500000
vt 0.031250 0.500000
vt 0.031250 0.500000
vt 0.031250 0.500000
vt 0.031250 0.500000
vt 0.031250 0.500000
vt 0.031250 0.500000
vt 0.031250 0.500000
vt 0.031250 0.500000
vt 0.031250 0.500000
vt 0.031250 0.500000
vt 0.031250 0.500000
vt 0.031250 0.500000
vt 0.031250 0.500000
vt 0.031250 0.500000
vt 0.031250 0.500000
vt 0.031250 0.500000
vt 0.031250 0.500000
vt 0.031250 0.500000
vt 0.031250 0.500000
vt 0.031250 0.500000
vt 0.031250 0.500000
vt 0.031250 0.500000
vt 0.031250 0.500000
vt 0.031250 0.500000
vt 0.031250 0.500000
vt 0.031250 0.500000
vt 0.031250 0.500000
vt 0.031250 0.500000
vt 0.031250 0.500000
vt 0.031250 0.500000
vt 0.031250 0.500000
vt 0.031250 0.500000
vt 0.031250 0.500000
vt 0.031250 0.500000
vt 0.031250 0.500000
vt 0.031250 0.500000
vt 0.031250 0.500000
vt 0.031250 0.500000
vt 0.031250 0.500000
vt 0.031250 0.500000
vt 0.031250 0.500000
vt 0.031250 0.500000
vt 0.031250 0.500000
vt 0.031250 0.500000
vt 0.031250 0.500000
vt 0.031250 0.500000
vt 0.031250 0.500000
vt 0.031250 0.500000
vt 0.031250 0.500000
vt 0.031250 0.500000
vt 0.031250 0.500000
vt 0.031250 0.500000
vt 0.031250 0.500000
vt 0.031250 0.500000
vt 0.031250 0.500000
vt 0.031250 0.500000
vt 0.031250 0.500000
vt 0.031250 0.500000
vt 0.031250 0.500000
vt 0.031250 0.500000
vt 0.031250 0.500000
vt 0.031250 0.500000
vt 0.031250 0.500000
vt 0.031250 0.500000
vt 0.031250 0.500000
vt 0.031250 0.500000
vt 0.031250 0.500000
vt 0.031250 0.500000
vt 0.031250 0.500000
vt 0.031250 0.500000
vt 0.031250 0.500000
vt 0.031250 0.500000
vt 0.031250 0.500000
vt 0.031250 0.500000
vt 0.031250 0.500000
vt 0.031250 0.500000
vt 0.031250 0.500000
vt 0.031250 0.500000
vt 0.031250 0.500000
vt 0.031250 0.500000
vt 0.031250 0.500000
vt 0.031250 0.500000
vt 0.031250 0.500000
vt 0.031250 0.500000
vt 0.031250 0.500000
vt 0.031250 0.500000
vt 0.031250 0.500000
vt 0.031250 0.500000
vt 0.031250 0.500000
vt 0.031250 0.500000
vt 0.031250 0.500000
vt 0.031250 0.500000
vt 0.031250 0.500000
vt 0.031250 0.500000
vt 0.031250 0.500000
vt 0.031250 0.500000
vt 0.031250 0.500000
vt 0.031250 0.500000
vt 0.031250 0.500000
vt 0.031250 0.500000
vt 0.031250 0.500000
vt 0.031250 0.500000
vt 0.031250 0.500000
vt 0.031250 0.500000
vt 0.031250 0.500000
vt 0.031250 0.500000
vt 0.031250 0.500000
vt 0.031250 0.500000
vt 0.031250 0.500000
vt 0.031250 0.500000
vt 0.031250 0.500000
vt 0.031250 0.500000
vt 0.031250 0.500000
vt 0.031250 0.500000
vt 0.031250 0.500000
vt 0.031250 0.500000
vt 0.031250 0.500000
vt 0.031250 0.500000
vt 0.031250 0.500000
vt 0.031250 0.500000
vt 0.031250 0.500000
vt 0.031250 0.500000
vt 0.031250 0.500000
vt 0.031250 0.500000
vt 0.031250 0.500000
vt 0.031250 0.500000
vt 0.031250 0.500000
vt 0.031250 0.500000
vt 0.031250 0.500000
vt 0.031250 0.500000
vt 0.031250 0.500000
vt 0.031250 0.500000
vt 0.031250 0.500000
vt 0.031250 0.500000
vt 0.031250 0.500000
vt 0.031250 0.500000
vt 0.031250 0.500000
vt 0.031250 0.500000
vt 0.031250 0.500000
vt 0.031250 0.500000
vt 0.031250 0.500000
vt 0.031250 0.500000
vt 0.031250 0.500000
vt 0.031250 0.500000
vt 0.031250 0.500000
vt 0.031250 0.500000
vt 0.031250 0.500000
vt 0.031250 0.500000
vt 0.031250 0.500000
vt 0.031250 0.500000
vt 0.031250 0.500000
vt 0.031250 0.500000
vt 0.031250 0.500000
vt 0.031250 0.500000
vt 0.031250 0.500000
vt 0.031250 0.500000
vt 0.031250 0.500000
vt 0.031250 0.500000
vt 0.031250 0.500000
vt 0.031250 0.500000
vt 0.031250 0.500000
vt 0.031250 0.500000
vt 0.031250 0.500000
vt 0.031250 0.500000
vt 0.031250 0.500000
vt 0.031250 0.500000
vt 0.031250 0.500000
vt 0.031250 0.500000
vt 0.031250 0.500000
vt 0.031250 0.500000
vt 0.031250 0.500000
vt 0.031250 0.500000
vt 0.031250 0.500000
vt 0.031250 0.500000
vt 0.031250 0.500000
vt 0.031250 0.500000
vt 0.031250 0.500000
vt 0.031250 0.500000
vt 0.031250 0.500000
vt 0.031250 0.500000
vt 0.031250 0.500000
vt 0.031250 0.500000
vt 0.031250 0.500000
vt 0.031250 0.500000
vt 0.031250 0.500000
vt 0.031250 0.500000
vt 0.031250 0.500000
vt 0.031250 0.500000
vt 0.031250 0.500000
vt 0.031250 0.500000
vt 0.031250 0.500000
vt 0.031250 0.500000
vt 0.031250 0.500000
vt 0.031250 0.500000
vt 0.031250 0.500000
vt 0.031250 0.500000
vt 0.031250 0.500000
vt 0.031250 0.500000
vt 0.031250 0.500000
vt 0.031250 0.500000
vt 0.031250 0.500000
vt 0.031250 0.500000
vt 0.031250 0.500000
vt 0.031250 0.500000
vt 0.031250 0.500000
vt 0.031250 0.500000
vt 0.031250 0.500000
vt 0.031250 0.500000
vt 0.031250 0.500000
vt 0.031250 0.500000
vt 0.031250 0.500000
vt 0.031250 0.500000
vt 0.031250 0.500000
vt 0.031250 0.500000
vt 0.031250 0.500000
vt 0.031250 0.500000
vt 0.031250 0.500000
vt 0.031250 0.500000
vt 0.031250 0.500000
vt 0.031250 0.500000
vt 0.031250 0.500000
vt 0.031250 0.500000
vt 0.031250 0.500000
vt 0.031250 0.500000
vt 0.031250 0.500000
vt 0.031250 0.500000
vt 0.031250 0.500000
vt 0.031250 0.500000
vt 0.031250 0.500000
vt 0.031250 0.500000
vt 0.031250 0.500000
vt 0.031250 0.500000
vt 0.031250 0.500000
vt 0.031250 0.500000
vt 0.031250 0.500000
vt 0.031250 0.500000
vt 0.031250 0.500000
vt 0.031250 0.500000
vt 0.031250 0.500000
vt 0.031250 0.500000
vt 0.031250 0.500000
vt 0.031250 0.500000
vt 0.031250 0.500000
vt 0.031250 0.500000
vt 0.031250 0.500000
vt 0.031250 0.500000
vt 0.031250 0.500000
vt 0.031250 0.500000
vt 0.031250 0.500000
vt 0.031250 0.500000
vt 0.031250 0.500000
vt 0.031250 0.500000
vt 0.031250 0.500000
vt 0.031250 0.500000
vt 0.031250 0.500000
vt 0.031250 0.500000
vt 0.031250 0.500000
vt 0.031250 0.500000
vt 0.031250 0.500000
vt 0.031250 0.500000
vt 0.031250 0.500000
vt 0.031250 0.500000
vt 0.031250 0.500000
vt 0.031250 0.500000
vt 0.031250 0.500000
vt 0.031250 0.500000
vt 0.031250 0.500000
vt 0.031250 0.500000
vt 0.031250 0.500000
vt 0.031250 0.500000
vt 0.031250 0.500000
vt 0.031250 0.500000
vt 0.031250 0.500000
vt 0.031250 0.500000
vt 0.031250 0.500000
vt 0.031250 0.500000
vt 0.031250 0.500000
vt 0.031250 0.500000
vt 0.031250 0.500000
vt 0.031250 0.500000
vt 0.031250 0.500000
vt 0.031250 0.500000
vt 0.031250 0.500000
vt 0.031250 0.500000
vt 0.031250 0.500000
vt 0.031250 0.500000
vt 0.031250 0.500000
vt 0.031250 0.500000
vt 0.031250 0.500000
vt 0.031250 0.500000
vt 0.031250 0.500000
vt 0.031250 0.500000
vt 0.031250 0.500000
vt 0.031250 0.500000
vt 0.031250 0.500000
vt 0.031250 0.500000
vt 0.031250 0.500000
vt 0.031250 0.500000
vt 0.031250 0.500000
vt 0.031250 0.500000
vt 0.031250 0.500000
vt 0.031250 0.500000
vt 0.031250 0.500000
vt 0.031250 0.500000
vt 0.031250 0.500000
vt 0.031250 0.500000
vt 0.031250 0.500000
vt 0.031250 0.500000
vt 0.031250 0.500000
vt 0.031250 0.500000
vt 0.031250 0.500000
vt 0.031250 0.500000
vt 0.031250 0.500000
vt 0.031250 0.500000
vt 0.031250 0.500000
vt 0.031250 0.500000
vt 0.031250 0.500000
vt 0.031250 0.500000
vt 0.031250 0.500000
vt 0.031250 0.500000
vt 0.031250 0.500000
vt 0.031250 0.500000
vt 0.031250 0.500000
vt 0.031250 0.500000
vt 0.031250 0.500000
vt 0.031250 0.500000
vt 0.031250 0.500000
vt 0.031250 0.500000
vt 0.031250 0.500000
vt 0.031250 0.500000
vt 0.031250 0.500000
vt 0.031250 0.500000
vt 0.031250 0.500000
vt 0.031250 0.500000
vt 0.031250 0.500000
vt 0.031250 0.500000
vt 0.031250 0.500000
vt 0.031250 0.500000
vt 0.031250 0.500000
vt 0.031250 0.500000
vt 0.031250 0.500000
vt 0.031250 0.500000
vt 0.031250 0.500000
vt 0.031250 0.500000
vt 0.031250 0.500000
vt 0.031250 0.500000
vt 0.031250 0.500000
vt 0.031250 0.500000
vt 0.031250 0.500000
vt 0.031250 0.500000
vt 0.031250 0.500000
vt 0.031250 0.500000
vt 0.031250 0.500000
vt 0.031250 0.500000
vt 0.031250 0.500000
vt 0.031250 0.500000
vt 0.031250 0.500000
vt 0.031250 0.500000
vt 0.031250 0.500000
vt 0.031250 0.500000
vt 0.031250 0.500000
vt 0.031250 0.500000
vt 0.031250 0.500000
vt 0.031250 0.500000
vt 0.031250 0.500000
vt 0.031250 0.500000
vt 0.031250 0.500000
vt 0.031250 0.500000
vt 0.031250 0.500000
vt 0.031250 0.500000
vt 0.031250 0.500000
vt 0.031250 0.500000
vt 0.031250 0.500000
vt 0.031250 0.500000
vt 0.031250 0.500000
vt 0.031250 0.500000
vt 0.031250 0.500000
vt 0.031250 0.500000
vt 0.031250 0.500000
vt 0.031250 0.500000
vt 0.031250 0.500000
vt 0.031250 0.500000
vt 0.031250 0.500000
vt 0.031250 0.500000
vt 0.031250 0.500000
vt 0.031250 0.500000
vt 0.031250 0.500000
vt 0.031250 0.500000
vt 0.031250 0.500000
vt 0.031250 0.500000
vt 0.031250 0.500000
vt 0.031250 0.500000
vt 0.031250 0.500000
vt 0.031250 0.500000
vt 0.031250 0.500000
vt 0.031250 0.500000
vt 0.031250 0.500000
vt 0.031250 0.500000
vt 0.031250 0.500000
vt 0.031250 0.500000
vt 0.031250 0.500000
vt 0.031250 0.500000
vt 0.031250 0.500000
vt 0.031250 0.500000
vt 0.031250 0.500000
vt 0.031250 0.500000
vt 0.031250 0.500000
vt 0.031250 0.500000
vt 0.031250 0.500000
vt 0.031250 0.500000
vt 0.031250 0.500000
vt 0.031250 0.500000
vt 0.031250 0.500000
vt 0.031250 0.500000
vt 0.031250 0.500000
vt 0.031250 0.500000
vt 0.031250 0.500000
vt 0.031250 0.500000
vt 0.031250 0.500000
vt 0.031250 0.500000
vt 0.031250 0.500000
vt 0.031250 0.500000
vt 0.031250 0.500000
vt 0.031250 0.500000
vt 0.031250 0.500000
vt 0.031250 0.500000
vt 0.031250 0.500000
vt 0.031250 0.500000
vt 0.031250 0.500000
vt 0.031250 0.500000
vt 0.031250 0.500000
vt 0.031250 0.500000
vt 0.031250 0.500000
vt 0.031250 0.500000
vt 0.031250 0.500000
vt 0.031250 0.500000
vt 0.031250 0.500000
vt 0.031250 0.500000
vt 0.031250 0.500000
vt 0.031250 0.500000
vt 0.031250 0.500000
vt 0.031250 0.500000
vt 0.031250 0.500000
vt 0.031250 0.500000
vt 0.031250 0.500000
vt 0.031250 0.500000
vt 0.031250 0.500000
vt 0.031250 0.500000
vt 0.031250 0.500000
vt 0.031250 0.500000
vt 0.031250 0.500000
vt 0.031250 0.500000
vt 0.031250 0.500000
vt 0.031250 0.500000
vt 0.031250 0.500000
vt 0.031250 0.500000
vt 0.031250 0.500000
vt 0.031250 0.500000
vt 0.031250 0.500000
vt 0.031250 0.500000
vt 0.031250 0.500000
vt 0.031250 0.500000
vt 0.031250 0.500000
vt 0.031250 0.500000
vt 0.031250 0.500000
vt 0.031250 0.500000
vt 0.031250 0.500000
vt 0.031250 0.500000
vt 0.031250 0.500000
vt 0.031250 0.500000
vt 0.031250 0.500000
vt 0.031250 0.500000
vt 0.031250 0.500000
vt 0.031250 0.500000
vt 0.031250 0.500000
vt 0.031250 0.500000
vt 0.031250 0.500000
vt 0.031250 0.500000
vt 0.031250 0.500000
vt 0.031250 0.500000
vt 0.031250 0.500000
vt 0.031250 0.500000
vt 0.031250 0.500000
vt 0.031250 0.500000
vt 0.031250 0.500000
vt 0.031250 0.500000
vt 0.031250 0.500000
vt 0.031250 0.500000
vt 0.031250 0.500000
vt 0.031250 0.500000
vt 0.031250 0.500000
vt 0.031250 0.500000
vt 0.031250 0.500000
vt 0.031250 0.500000
vt 0.031250 0.500000
vt 0.031250 0.500000
vt 0.031250 0.500000
vt 0.031250 0.500000
vt 0.031250 0.500000
vt 0.031250 0.500000
vt 0.031250 0.500000
vt 0.031250 0.500000
vt 0.031250 0.500000
vt 0.031250 0.500000
vt 0.031250 0.500000
vt 0.031250 0.500000
vt 0.031250 0.500000
vt 0.031250 0.500000
vt 0.031250 0.500000
vt 0.031250 0.500000
vt 0.031250 0.500000
vt 0.031250 0.500000
vt 0.031250 0.500000
vt 0.031250 0.500000
vt 0.031250 0.500000
vt 0.031250 0.500000
vt 0.031250 0.500000
vt 0.031250 0.500000
vt 0.031250 0.500000
vt 0.031250 0.500000
vt 0.031250 0.500000
vt 0.031250 0.500000
vt 0.031250 0.500000
vt 0.031250 0.500000
vt 0.031250 0.500000
vt 0.031250 0.500000
vt 0.031250 0.500000
vt 0.031250 0.500000
vt 0.031250 0.500000
vt 0.031250 0.500000
vt 0.031250 0.500000
vt 0.031250 0.500000
vt 0.031250 0.500000
vt 0.031250 0.500000
vt 0.031250 0.500000
vt 0.031250 0.500000
vt 0.031250 0.500000
vt 0.031250 0.500000
vt 0.031250 0.500000
vt 0.031250 0.500000
vt 0.031250 0.500000
vt 0.031250 0.500000
vt 0.031250 0.500000
vt 0.031250 0.500000
vt 0.031250 0.500000
vt 0.031250 0.500000
vt 0.031250 0.500000
vt 0.031250 0.500000
vt 0.031250 0.500000
vt 0.031250 0.500000
vt 0.031250 0.500000
vt 0.031250 0.500000
vt 0.031250 0.500000
vt 0.031250 0.500000
vt 0.031250 0.500000
vt 0.031250 0.500000
vt 0.031250 0.500000
vt 0.031250 0.500000
vt 0.031250 0.500000
vt 0.031250 0.500000
vt 0.031250 0.500000
vt 0.031250 0.500000
vt 0.031250 0.500000
vt 0.031250 0.500000
vt 0.031250 0.500000
vt 0.031250 0.500000
vt 0.031250 0.500000
vt 0.031250 0.500000
vt 0.031250 0.500000
vt 0.031250 0.500000
vt 0.031250 0.500000
vt 0.031250 0.500000
vt 0.031250 0.500000
vt 0.031250 0.500000
vt 0.031250 0.500000
vt 0.031250 0.500000
vt 0.031250 0.500000
vt 0.031250 0.500000
vt 0.031250 0.500000
vt 0.031250 0.500000
vt 0.031250 0.500000
vt 0.031250 0.500000
vt 0.031250 0.500000
vt 0.031250 0.500000
vt 0.031250 0.500000
vt 0.031250 0.500000
vt 0.031250 0.500000
vt 0.031250 0.500000
vt 0.031250 0.500000
vt 0.031250 0.500000
vt 0.031250 0.500000
vt 0.031250 0.500000
vt 0.031250 0.500000
vt 0.031250 0.500000
vt 0.031250 0.500000
vt 0.031250 0.500000
vt 0.031250 0.500000
vt 0.031250 0.500000
vt 0.031250 0.500000
vt 0.031250 0.500000
vt 0.031250 0.500000
vt 0.031250 0.500000
vt 0.031250 0.500000
vt 0.031250 0.500000
vt 0.031250 0.500000
vt 0.031250 0.500000
vt 0.031250 0.500000
vt 0.031250 0.500000
vt 0.031250 0.500000
vt 0.031250 0.500000
vt 0.031250 0.500000
vt 0.031250 0.500000
vt 0.031250 0.500000
vt 0.031250 0.500000
vt 0.031250 0.500000
vt 0.031250 0.500000
vt 0.031250 0.500000
vt 0.031250 0.500000
vt 0.031250 0.500000
vt 0.031250 0.500000
vt 0.031250 0.500000
vt 0.031250 0.500000
vt 0.031250 0.500000
vt 0.031250 0.500000
vt 0.031250 0.500000
vt 0.031250 0.500000
vt 0.031250 0.500000
vt 0.031250 0.500000
vt 0.031250 0.500000
vt 0.031250 0.500000
vt 0.031250 0.500000
vt 0.031250 0.500000
vt 0.031250 0.500000
vt 0.031250 0.500000
vt 0.031250 0.500000
vt 0.031250 0.500000
vt 0.031250 0.500000
vt 0.031250 0.500000
vt 0.031250 0.500000
vt 0.031250 0.500000
vt 0.031250 0.500000
vt 0.031250 0.500000
vt 0.031250 0.500000
vt 0.031250 0.500000
vt 0.031250 0.500000
vt 0.031250 0.500000
vt 0.031250 0.500000
vt 0.031250 0.500000
vt 0.031250 0.500000
vt 0.031250 0.500000
vt 0.031250 0.500000
vt 0.031250 0.500000
vt 0.031250 0.500000
vt 0.031250 0.500000
vt 0.031250 0.500000
vt 0.031250 0.500000
vt 0.031250 0.500000
vt 0.031250 0.500000
vt 0.031250 0.500000
vt 0.031250 0.500000
vt 0.031250 0.500000
vt 0.031250 0.500000
vt 0.031250 0.500000
vt 0.031250 0.500000
vt 0.031250 0.500000
vt 0.031250 0.500000
vt 0.031250 0.500000
vt 0.031250 0.500000
vt 0.031250 0.500000
vt 0.031250 0.500000
vt 0.031250 0.500000
vt 0.031250 0.500000
vt 0.031250 0.500000
vt 0.031250 0.500000
vt 0.031250 0.500000
vt 0.031250 0.500000
vt 0.031250 0.500000
vt 0.031250 0.500000
vt 0.031250 0.500000
vt 0.031250 0.500000
vt 0.031250 0.500000
vt 0.031250 0.500000
vt 0.031250 0.500000
vt 0.031250 0.500000
vt 0.031250 0.500000
vt 0.031250 0.500000
vt 0.031250 0.500000
vt 0.031250 0.500000
vt 0.031250 0.500000
vt 0.031250 0.500000
vt 0.031250 0.500000
vt 0.031250 0.500000
vt 0.031250 0.500000
vt 0.031250 0.500000
vt 0.031250 0.500000
vt 0.031250 0.500000
vt 0.031250 0.500000
vt 0.031250 0.500000
vt 0.031250 0.500000
vt 0.031250 0.500000
vt 0.031250 0.500000
vt 0.031250 0.500000
vt 0.031250 0.500000
vt 0.031250 0.500000
vt 0.031250 0.500000
vt 0.031250 0.500000
vt 0.031250 0.500000
vt 0.031250 0.500000
vt 0.031250 0.500000
vt 0.031250 0.500000
vt 0.031250 0.500000
vt 0.031250 0.500000
vt 0.031250 0.500000
vt 0.031250 0.500000
vt 0.031250 0.500000
vt 0.031250 0.500000
vt 0.031250 0.500000
vt 0.031250 0.500000
vt 0.031250 0.500000
vt 0.031250 0.500000
vt 0.031250 0.500000
vt 0.031250 0.500000
vt 0.031250 0.500000
vt 0.031250 0.500000
vt 0.031250 0.500000
vt 0.031250 0.500000
vt 0.031250 0.500000
vt 0.031250 0.500000
vt 0.031250 0.500000
vt 0.031250 0.500000
vt 0.031250 0.500000
vt 0.031250 0.500000
vt 0.031250 0.500000
vt 0.031250 0.500000
vt 0.031250 0.500000
vt 0.031250 0.500000
vt 0.031250 0.500000
vt 0.031250 0.500000
vt 0.031250 0.500000
vt 0.031250 0.500000
vt 0.031250 0.500000
vt 0.031250 0.500000
vt 0.031250 0.500000
vt 0.031250 0.500000
vt 0.031250 0.500000
vt 0.031250 0.500000
vt 0.031250 0.500000
vt 0.031250 0.500000
vt 0.031250 0.500000
vt 0.031250 0.500000
vt 0.031250 0.500000
vt 0.031250 0.500000
vt 0.031250 0.500000
vt 0.031250 0.500000
vt 0.031250 0.500000
vt 0.031250 0.500000
vt 0.031250 0.500000
vt 0.031250 0.500000
vt 0.031250 0.500000
vt 0.031250 0.500000
vt 0.031250 0.500000
vt 0.031250 0.500000
vt 0.031250 0.500000
vt 0.031250 0.500000
vt 0.031250 0.500000
vt 0.031250 0.500000
vt 0.031250 0.500000
vt 0.031250 0.500000
vt 0.031250 0.500000
vt 0.031250 0.500000
vt 0.031250 0.500000
vt 0.031250 0.500000
vt 0.031250 0.500000
vt 0.031250 0.500000
vt 0.031250 0.500000
vt 0.031250 0.500000
vt 0.031250 0.500000
vt 0.031250 0.500000
vt 0.031250 0.500000
vt 0.031250 0.500000
vt 0.031250 0.500000
vt 0.031250 0.500000
vt 0.031250 0.500000
vt 0.031250 0.500000
vt 0.031250 0.500000
vt 0.031250 0.500000
vt 0.031250 0.500000
vt 0.031250 0.500000
vt 0.031250 0.500000
vt 0.031250 0.500000
vt 0.031250 0.500000
vt 0.031250 0.500000
vt 0.031250 0.500000
vt 0.031250 0.500000
vt 0.031250 0.500000
vt 0.031250 0.500000
vt 0.031250 0.500000
vt 0.031250 0.500000
vt 0.031250 0.500000
vt 0.031250 0.500000
vt 0.031250 0.500000
vt 0.031250 0.500000
vt 0.031250 0.500000
vt 0.031250 0.500000
vt 0.031250 0.500000
vt 0.031250 0.500000
vt 0.031250 0.500000
vt 0.031250 0.500000
vt 0.031250 0.500000
vt 0.031250 0.500000
vt 0.031250 0.500000
vt 0.031250 0.500000
vt 0.031250 0.500000
vt 0.031250 0.500000
vt 0.031250 0.500000
vt 0.031250 0.500000
vt 0.031250 0.500000
vt 0.031250 0.500000
vt 0.031250 0.500000
vt 0.031250 0.500000
vt 0.031250 0.500000
vt 0.031250 0.500000
vt 0.031250 0.500000
vt 0.031250 0.500000
vt 0.031250 0.500000
vt 0.031250 0.500000
vt 0.031250 0.500000
vt 0.031250 0.500000
vt 0.031250 0.500000
vt 0.031250 0.500000
vt 0.031250 0.500000
vt 0.031250 0.500000
vt 0.031250 0.500000
vt 0.031250 0.500000
vt 0.031250 0.500000
vt 0.031250 0.500000
vt 0.031250 0.500000
vt 0.031250 0.500000
vt 0.031250 0.500000
vt 0.031250 0.500000
vt 0.031250 0.500000
vt 0.031250 0.500000
vt 0.031250 0.500000
vt 0.031250 0.500000
vt 0.031250 0.500000
vt 0.031250 0.500000
vt 0.031250 0.500000
vt 0.031250 0.500000
vt 0.031250 0.500000
vt 0.031250 0.500000
vt 0.031250 0.500000
vt 0.031250 0.500000
vt 0.031250 0.500000
vt 0.031250 0.500000
vt 0.031250 0.500000
vt 0.031250 0.500000
vt 0.031250 0.500000
vt 0.031250 0.500000
vt 0.031250 0.500000
vt 0.031250 0.500000
vt 0.031250 0.500000
vt 0.031250 0.500000
vt 0.031250 0.500000
vt 0.031250 0.500000
vt 0.031250 0.500000
vt 0.031250 0.500000
vt 0.031250 0.500000
vt 0.031250 0.500000
vt 0.031250 0.500000
vt 0.031250 0.500000
vt 0.031250 0.500000
vt 0.031250 0.500000
vt 0.031250 0.500000
vt 0.031250 0.500000
vt 0.031250 0.500000
vt 0.031250 0.500000
vt 0.031250 0.500000
vt 0.031250 0.500000
vt 0.031250 0.500000
vt 0.031250 0.500000
vt 0.031250 0.500000
vt 0.031250 0.500000
vt 0.031250 0.500000
vt 0.031250 0.500000
vt 0.031250 0.500000
vt 0.031250 0.500000
vt 0.031250 0.500000
vt 0.031250 0.500000
vt 0.031250 0.500000
vt 0.031250 0.500000
vt 0.031250 0.500000
vt 0.031250 0.500000
vt 0.031250 0.500000
vt 0.031250 0.500000
vt 0.031250 0.500000
vt 0.031250 0.500000
vt 0.031250 0.500000
vt 0.031250 0.500000
vt 0.031250 0.500000
vt 0.031250 0.500000
vt 0.031250 0.500000
vt 0.031250 0.500000
vt 0.031250 0.500000
vt 0.031250 0.500000
vt 0.031250 0.500000
vt 0.031250 0.500000
vt 0.031250 0.500000
vt 0.031250 0.500000
vt 0.031250 0.500000
vt 0.031250 0.500000
vt 0.031250 0.500000
vt 0.031250 0.500000
vt 0.031250 0.500000
vt 0.031250 0.500000
vt 0.031250 0.500000
vt 0.031250 0.500000
vt 0.031250 0.500000
vt 0.031250 0.500000
vt 0.031250 0.500000
vt 0.031250 0.500000
vt 0.031250 0.500000
vt 0.031250 0.500000
vt 0.031250 0.500000
vt 0.031250 0.500000
vt 0.031250 0.500000
vt 0.031250 0.500000
vt 0.031250 0.500000
vt 0.031250 0.500000
vt 0.031250 0.500000
vt 0.031250 0.500000
vt 0.031250 0.500000
vt 0.031250 0.500000
vt 0.031250 0.500000
vt 0.031250 0.500000
vt 0.031250 0.500000
vt 0.031250 0.500000
vt 0.031250 0.500000
vt 0.031250 0.500000
vt 0.031250 0.500000
vt 0.031250 0.500000
vt 0.031250 0.500000
vt 0.031250 0.500000
vt 0.031250 0.500000
vt 0.031250 0.500000
vt 0.031250 0.500000
vt 0.031250 0.500000
vt 0.031250 0.500000
vt 0.031250 0.500000
vt 0.031250 0.500000
vt 0.031250 0.500000
vt 0.031250 0.500000
vt 0.031250 0.500000
vt 0.031250 0.500000
vt 0.031250 0.500000
vt 0.031250 0.500000
vt 0.031250 0.500000
vt 0.031250 0.500000
vt 0.031250 0.500000
vt 0.031250 0.500000
vt 0.031250 0.500000
vt 0.031250 0.500000
vt 0.031250 0.500000
vt 0.031250 0.500000
vt 0.031250 0.500000
vt 0.031250 0.500000
vt 0.031250 0.500000
vt 0.031250 0.500000
vt 0.031250 0.500000
vt 0.031250 0.500000
vt 0.031250 0.500000
vt 0.031250 0.500000
vt 0.031250 0.500000
vt 0.031250 0.500000
vt 0.031250 0.500000
vt 0.031250 0.500000
vt 0.031250 0.500000
vt 0.031250 0.500000
vt 0.031250 0.500000
vt 0.031250 0.500000
vt 0.031250 0.500000
vt 0.031250 0.500000
vt 0.031250 0.500000
vt 0.031250 0.500000
vt 0.031250 0.500000
vt 0.031250 0.500000
vt 0.031250 0.500000
vt 0.031250 0.500000
vt 0.031250 0.500000
vt 0.031250 0.500000
vt 0.031250 0.500000
vt 0.031250 0.500000
vt 0.031250 0.500000
vt 0.031250 0.500000
vt 0.031250 0.500000
vt 0.031250 0.500000
vt 0.031250 0.500000
vt 0.031250 0.500000
vt 0.031250 0.500000
vt 0.031250 0.500000
vt 0.031250 0.500000
vt 0.031250 0.500000
vt 0.031250 0.500000
vt 0.031250 0.500000
vt 0.031250 0.500000
vt 0.031250 0.500000
vt 0.031250 0.500000
vt 0.031250 0.500000
vt 0.031250 0.500000
vt 0.031250 0.500000
vt 0.031250 0.500000
vt 0.031250 0.500000
vt 0.031250 0.500000
vt 0.031250 0.500000
vt 0.031250 0.500000
vt 0.031250 0.500000
vt 0.031250 0.500000
vt 0.031250 0.500000
vt 0.031250 0.500000
vt 0.031250 0.500000
vt 0.031250 0.500000
vt 0.031250 0.500000
vt 0.031250 0.500000
vt 0.031250 0.500000
vt 0.031250 0.500000
vt 0.031250 0.500000
vt 0.031250 0.500000
vt 0.031250 0.500000
vt 0.031250 0.500000
vt 0.031250 0.500000
vt 0.031250 0.500000
vt 0.031250 0.500000
vt 0.031250 0.500000
vt 0.031250 0.500000
vt 0.031250 0.500000
vt 0.031250 0.500000
vt 0.031250 0.500000
vt 0.031250 0.500000
vt 0.031250 0.500000
vt 0.031250 0.500000
vt 0.031250 0.500000
vt 0.031250 0.500000
vt 0.031250 0.500000
vt 0.031250 0.500000
vt 0.031250 0.500000
vt 0.031250 0.500000
vt 0.031250 0.500000
vt 0.031250 0.500000
vt 0.031250 0.500000
vt 0.031250 0.500000
vt 0.031250 0.500000
vt 0.031250 0.500000
vt 0.031250 0.500000
vt 0.031250 0.500000
vt 0.031250 0.500000
vt 0.031250 0.500000
vt 0.031250 0.500000
vt 0.031250 0.500000
vt 0.031250 0.500000
vt 0.031250 0.500000
vt 0.031250 0.500000
vt 0.031250 0.500000
vt 0.031250 0.500000
vt 0.031250 0.500000
vt 0.031250 0.500000
vt 0.031250 0.500000
vt 0.031250 0.500000
vt 0.031250 0.500000
vt 0.031250 0.500000
vt 0.031250 0.500000
vt 0.031250 0.500000
vt 0.031250 0.500000
vt 0.031250 0.500000
vt 0.031250 0.500000
vt 0.031250 0.500000
vt 0.031250 0.500000
vt 0.031250 0.500000
vt 0.031250 0.500000
vt 0.031250 0.500000
vt 0.031250 0.500000
vt 0.031250 0.500000
vt 0.031250 0.500000
vt 0.031250 0.500000
vt 0.031250 0.500000
vt 0.031250 0.500000
vt 0.031250 0.500000
vt 0.031250 0.500000
vt 0.031250 0.500000
vt 0.031250 0.500000
vt 0.031250 0.500000
vt 0.031250 0.500000
vt 0.031250 0.500000
vt 0.031250 0.500000
vt 0.031250 0.500000
vt 0.031250 0.500000
vt 0.031250 0.500000
vt 0.031250 0.500000
vt 0.031250 0.500000
vt 0.031250 0.500000
vt 0.031250 0.500000
vt 0.031250 0.500000
vt 0.031250 0.500000
vt 0.031250 0.500000
vt 0.031250 0.500000
vt 0.031250 0.500000
vt 0.031250 0.500000
vt 0.031250 0.500000
vt 0.031250 0.500000
vt 0.031250 0.500000
vt 0.031250 0.500000
vt 0.031250 0.500000
vt 0.031250 0.500000
vt 0.031250 0.500000
vt 0.031250 0.500000
vt 0.031250 0.500000
vt 0.031250 0.500000
vt 0.031250 0.500000
vt 0.031250 0.500000
vt 0.031250 0.500000
vt 0.031250 0.500000
vt 0.031250 0.500000
vt 0.031250 0.500000
vt 0.031250 0.500000
vt 0.031250 0.500000
vt 0.031250 0.500000
vt 0.031250 0.500000
vt 0.031250 0.500000
vt 0.031250 0.500000
vt 0.031250 0.500000
vt 0.031250 0.500000
vt 0.031250 0.500000
vt 0.031250 0.500000
vt 0.031250 0.500000
vt 0.031250 0.500000
vt 0.031250 0.500000
vt 0.031250 0.500000
vt 0.031250 0.500000
vt 0.031250 0.500000
vt 0.031250 0.500000
vt 0.031250 0.500000
vt 0.031250 0.500000
vt 0.031250 0.500000
vt 0.031250 0.500000
vt 0.031250 0.500000
vt 0.031250 0.500000
vt 0.031250 0.500000
vt 0.031250 0.500000
vt 0.031250 0.500000
vt 0.031250 0.500000
vt 0.031250 0.500000
vt 0.031250 0.500000
vt 0.031250 0.500000
vt 0.031250 0.500000
vt 0.031250 0.500000
vt 0.031250 0.500000
vt 0.031250 0.500000
vt 0.031250 0.500000
vt 0.031250 0.500000
vt 0.031250 0.500000
vt 0.031250 0.500000
vt 0.031250 0.500000
vt 0.031250 0.500000
vt 0.031250 0.500000
vt 0.031250 0.500000
vt 0.031250 0.500000
vt 0.031250 0.500000
vt 0.031250 0.500000
vt 0.031250 0.500000
vt 0.031250 0.500000
vt 0.031250 0.500000
vt 0.031250 0.500000
vt 0.031250 0.500000
vt 0.031250 0.500000
vt 0.031250 0.500000
vt 0.031250 0.500000
vt 0.031250 0.500000
vt 0.031250 0.500000
vt 0.031250 0.500000
vt 0.031250 0.500000
vt 0.031250 0.500000
vt 0.031250 0.500000
vt 0.031250 0.500000
vt 0.031250 0.500000
vt 0.031250 0.500000
vt 0.031250 0.500000
vt 0.031250 0.500000
vt 0.031250 0.500000
vt 0.031250 0.500000
vt 0.031250 0.500000
vt 0.031250 0.500000
vt 0.031250 0.500000
vt 0.031250 0.500000
vt 0.031250 0.500000
vt 0.031250 0.500000
vt 0.031250 0.500000
vt 0.031250 0.500000
vt 0.031250 0.500000
vt 0.031250 0.500000
vt 0.031250 0.500000
vt 0.031250 0.500000
vt 0.031250 0.500000
vt 0.031250 0.500000
vt 0.031250 0.500000
vt 0.031250 0.500000
vt 0.031250 0.500000
vt 0.031250 0.500000
vt 0.031250 0.500000
vt 0.031250 0.500000
vt 0.031250 0.500000
vt 0.031250 0.500000
vt 0.031250 0.500000
vt 0.031250 0.500000
vt 0.031250 0.500000
vt 0.031250 0.500000
vt 0.031250 0.500000
vt 0.031250 0.500000
vt 0.031250 0.500000
vt 0.031250 0.500000
vt 0.031250 0.500000
vt 0.031250 0.500000
vt 0.031250 0.500000
vt 0.031250 0.500000
vt 0.031250 0.500000
vt 0.031250 0.500000
vt 0.031250 0.500000
vt 0.031250 0.500000
vt 0.031250 0.500000
vt 0.031250 0.500000
vt 0.031250 0.500000
vt 0.031250 0.500000
vt 0.031250 0.500000
vt 0.031250 0.500000
vt 0.031250 0.500000
vt 0.031250 0.500000
vt 0.031250 0.500000
vt 0.031250 0.500000
vt 0.031250 0.500000
vt 0.031250 0.500000
vt 0.031250 0.500000
vt 0.031250 0.500000
vt 0.031250 0.500000
vt 0.031250 0.500000
vt 0.031250 0.500000
vt 0.031250 0.500000
vt 0.031250 0.500000
vt 0.031250 0.500000
vt 0.031250 0.500000
vt 0.031250 0.500000
vt 0.031250 0.500000
vt 0.031250 0.500000
vt 0.031250 0.500000
vt 0.031250 0.500000
vt 0.031250 0.500000
vt 0.031250 0.500000
vt 0.031250 0.500000
vt 0.031250 0.500000
vt 0.031250 0.500000
vt 0.031250 0.500000
vt 0.031250 0.500000
vt 0.031250 0.500000
vt 0.031250 0.500000
vt 0.031250 0.500000
vt 0.031250 0.500000
vt 0.031250 0.500000
vt 0.031250 0.500000
vt 0.031250 0.500000
vt 0.031250 0.500000
vt 0.031250 0.500000
vt 0.031250 0.500000
vt 0.031250 0.500000
vt 0.031250 0.500000
vt 0.031250 0.500000
vt 0.031250 0.500000
vt 0.031250 0.500000
vt 0.031250 0.500000
vt 0.031250 0.500000
vt 0.031250 0.500000
vt 0.031250 0.500000
vt 0.031250 0.500000
vt 0.031250 0.500000
vt 0.031250 0.500000
vt 0.031250 0.500000
vt 0.031250 0.500000
vt 0.031250 0.500000
vt 0.031250 0.500000
vt 0.031250 0.500000
vt 0.031250 0.500000
vt 0.031250 0.500000
vt 0.031250 0.500000
vt 0.031250 0.500000
vt 0.031250 0.500000
vt 0.031250 0.500000
vt 0.031250 0.500000
vt 0.031250 0.500000
vt 0.031250 0.500000
vt 0.031250 0.500000
vt 0.031250 0.500000
vt 0.031250 0.500000
vt 0.031250 0.500000
vt 0.031250 0.500000
vt 0.031250 0.500000
vt 0.031250 0.500000
vt 0.031250 0.500000
vt 0.031250 0.500000
vt 0.031250 0.500000
vt 0.031250 0.500000
vt 0.031250 0.500000
vt 0.031250 0.500000
vt 0.031250 0.500000
vt 0.031250 0.500000
vt 0.031250 0.500000
vt 0.031250 0.500000
vt 0.031250 0.500000
vt 0.031250 0.500000
vt 0.031250 0.500000
vt 0.031250 0.500000
vt 0.031250 0.500000
vt 0.031250 0.500000
vt 0.031250 0.500000
vt 0.031250 0.500000
vt 0.031250 0.500000
vt 0.031250 0.500000
vt 0.031250 0.500000
vt 0.031250 0.500000
vt 0.031250 0.500000
vt 0.031250 0.500000
vt 0.031250 0.500000
vt 0.031250 0.500000
vt 0.031250 0.500000
vt 0.031250 0.500000
vt 0.031250 0.500000
vt 0.031250 0.500000
vt 0.031250 0.500000
vt 0.031250 0.500000
vt 0.031250 0.500000
vt 0.031250 0.500000
vt 0.031250 0.500000
vt 0.031250 0.500000
vt 0.031250 0.500000
vt 0.031250 0.500000
vt 0.031250 0.500000
vt 0.031250 0.500000
vt 0.031250 0.500000
vt 0.031250 0.500000
vt 0.031250 0.500000
vt 0.031250 0.500000
vt 0.031250 0.500000
vt 0.031250 0.500000
vt 0.031250 0.500000
vt 0.031250 0.500000
vt 0.031250 0.500000
vt 0.031250 0.500000
vt 0.031250 0.500000
vt 0.031250 0.500000
vt 0.031250 0.500000
vt 0.031250 0.500000
vt 0.031250 0.500000
vt 0.031250 0.500000
vt 0.031250 0.500000
vt 0.031250 0.500000
vt 0.031250 0.500000
vt 0.031250 0.500000
vt 0.031250 0.500000
vt 0.031250 0.500000
vt 0.031250 0.500000
vt 0.031250 0.500000
vt 0.031250 0.500000
vt 0.031250 0.500000
vt 0.031250 0.500000
vt 0.031250 0.500000
vt 0.031250 0.500000
vt 0.031250 0.500000
vt 0.031250 0.500000
vt 0.031250 0.500000
vt 0.031250 0.500000
vt 0.031250 0.500000
vt 0.031250 0.500000
vt 0.031250 0.500000
vt 0.031250 0.500000
vt 0.031250 0.500000
vt 0.031250 0.500000
vt 0.031250 0.500000
vt 0.031250 0.500000
vt 0.031250 0.500000
vt 0.031250 0.500000
vt 0.031250 0.500000
vt 0.031250 0.500000
vt 0.031250 0.500000
vt 0.031250 0.500000
vt 0.031250 0.500000
vt 0.031250 0.500000
vt 0.031250 0.500000
vt 0.031250 0.500000
vt 0.031250 0.500000
vt 0.031250 0.500000
vt 0.031250 0.500000
vt 0.031250 0.500000
vt 0.031250 0.500000
vt 0.031250 0.500000
vt 0.031250 0.500000
vt 0.031250 0.500000
vt 0.031250 0.500000
vt 0.031250 0.500000
vt 0.031250 0.500000
vt 0.031250 0.500000
vt 0.031250 0.500000
vt 0.031250 0.500000
vt 0.031250 0.500000
vt 0.031250 0.500000
vt 0.031250 0.500000
vt 0.031250 0.500000
vt 0.031250 0.500000
vt 0.031250 0.500000
vt 0.031250 0.500000
vt 0.031250 0.500000
vt 0.031250 0.500000
vt 0.031250 0.500000
vt 0.031250 0.500000
vt 0.031250 0.500000
vt 0.031250 0.500000
vt 0.031250 0.500000
vt 0.031250 0.500000
vt 0.031250 0.500000
vt 0.031250 0.500000
vt 0.031250 0.500000
vt 0.031250 0.500000
vt 0.031250 0.500000
vt 0.031250 0.500000
vt 0.031250 0.500000
vt 0.031250 0.500000
vt 0.031250 0.500000
vt 0.031250 0.500000
vt 0.031250 0.500000
vt 0.031250 0.500000
vt 0.031250 0.500000
vt 0.031250 0.500000
vt 0.031250 0.500000
vt 0.031250 0.500000
vt 0.031250 0.500000
vt 0.031250 0.500000
vt 0.031250 0.500000
vt 0.031250 0.500000
vt 0.031250 0.500000
vt 0.031250 0.500000
vt 0.031250 0.500000
vt 0.031250 0.500000
vt 0.031250 0.500000
vt 0.031250 0.500000
vt 0.031250 0.500000
vt 0.031250 0.500000
vt 0.031250 0.500000
vt 0.031250 0.500000
vt 0.031250 0.500000
vt 0.031250 0.500000
vt 0.031250 0.500000
vt 0.031250 0.500000
vt 0.031250 0.500000
vt 0.031250 0.500000
vt 0.031250 0.500000
vt 0.031250 0.500000
vt 0.031250 0.500000
vt 0.031250 0.500000
vt 0.031250 0.500000
vt 0.031250 0.500000
vt 0.031250 0.500000
vt 0.031250 0.500000
vt 0.031250 0.500000
vt 0.031250 0.500000
vt 0.031250 0.500000
vt 0.031250 0.500000
vt 0.031250 0.500000
vt 0.031250 0.500000
vt 0.031250 0.500000
vt 0.031250 0.500000
vt 0.031250 0.500000
vt 0.031250 0.500000
vt 0.031250 0.500000
vt 0.031250 0.500000
vt 0.031250 0.500000
vt 0.031250 0.500000
vt 0.031250 0.500000
vt 0.031250 0.500000
vt 0.031250 0.500000
vt 0.031250 0.500000
vt 0.031250 0.500000
vt 0.031250 0.500000
vt 0.031250 0.500000
vt 0.031250 0.500000
vt 0.031250 0.500000
vt 0.031250 0.500000
vt 0.031250 0.500000
vt 0.031250 0.500000
vt 0.031250 0.500000
vt 0.031250 0.500000
vt 0.031250 0.500000
vt 0.031250 0.500000
vt 0.031250 0.500000
vt 0.031250 0.500000
vt 0.031250 0.500000
vt 0.031250 0.500000
vt 0.031250 0.500000
vt 0.031250 0.500000
vt 0.031250 0.500000
vt 0.031250 0.500000
vt 0.031250 0.500000
vt 0.031250 0.500000
vt 0.031250 0.500000
vt 0.031250 0.500000
vt 0.031250 0.500000
vt 0.031250 0.500000
vt 0.031250 0.500000
vt 0.031250 0.500000
vt 0.031250 0.500000
vt 0.031250 0.500000
vt 0.031250 0.500000
vt 0.031250 0.500000
vt 0.031250 0.500000
vt 0.031250 0.500000
vt 0.031250 0.500000
vt 0.031250 0.500000
vt 0.031250 0.500000
vt 0.031250 0.500000
vt 0.031250 0.500000
vt 0.031250 0.500000
vt 0.031250 0.500000
vt 0.031250 0.500000
vt 0.031250 0.500000
vt 0.031250 0.500000
vt 0.031250 0.500000
vt 0.031250 0.500000
vt 0.031250 0.500000
vt 0.031250 0.500000
vt 0.031250 0.500000
vt 0.031250 0.500000
vt 0.031250 0.500000
vt 0.031250 0.500000
vt 0.031250 0.500000
vt 0.031250 0.500000
vt 0.031250 0.500000
vt 0.031250 0.500000
vt 0.031250 0.500000
vt 0.031250 0.500000
vt 0.031250 0.500000
vt 0.031250 0.500000
vt 0.031250 0.500000
vt 0.031250 0.500000
vt 0.031250 0.500000
vt 0.031250 0.500000
vt 0.031250 0.500000
vt 0.031250 0.500000
vt 0.031250 0.500000
vt 0.031250 0.500000
vt 0.031250 0.500000
vt 0.031250 0.500000
vt 0.031250 0.500000
vt 0.031250 0.500000
vt 0.031250 0.500000
vt 0.031250 0.500000
vt 0.031250 0.500000
vt 0.031250 0.500000
vt 0.031250 0.500000
vt 0.031250 0.500000
vt 0.031250 0.500000
vt 0.031250 0.500000
vt 0.031250 0.500000
vt 0.031250 0.500000
vt 0.031250 0.500000
vt 0.031250 0.500000
vt 0.031250 0.500000
vt 0.031250 0.500000
vt 0.031250 0.500000
vt 0.031250 0.500000
vt 0.031250 0.500000
vt 0.031250 0.500000
vt 0.031250 0.500000
vt 0.031250 0.500000
vt 0.031250 0.500000
vt 0.031250 0.500000
vt 0.031250 0.500000
vt 0.031250 0.500000
vt 0.031250 0.500000
vt 0.031250 0.500000
vt 0.031250 0.500000
vt 0.031250 0.500000
vt 0.031250 0.500000
vt 0.031250 0.500000
vt 0.031250 0.500000
vt 0.031250 0.500000
vt 0.031250 0.500000
vt 0.031250 0.500000
vt 0.031250 0.500000
vt 0.031250 0.500000
vt 0.031250 0.500000
vt 0.031250 0.500000
vt 0.031250 0.500000
vt 0.031250 0.500000
vt 0.031250 0.500000
vt 0.031250 0.500000
vt 0.031250 0.500000
vt 0.031250 0.500000
vt 0.031250 0.500000
vt 0.031250 0.500000
vt 0.031250 0.500000
vt 0.031250 0.500000
vt 0.031250 0.500000
vt 0.031250 0.500000
vt 0.031250 0.500000
vt 0.031250 0.500000
vt 0.031250 0.500000
vt 0.031250 0.500000
vt 0.031250 0.500000
vt 0.031250 0.500000
vt 0.031250 0.500000
vt 0.031250 0.500000
vt 0.031250 0.500000
vt 0.031250 0.500000
vt 0.031250 0.500000
vt 0.031250 0.500000
vt 0.031250 0.500000
vt 0.031250 0.500000
vt 0.031250 0.500000
vt 0.031250 0.500000
vt 0.031250 0.500000
vt 0.031250 0.500000
vt 0.031250 0.500000
vt 0.031250 0.500000
vt 0.031250 0.500000
vt 0.031250 0.500000
vt 0.031250 0.500000
vt 0.031250 0.500000
vt 0.031250 0.500000
vt 0.031250 0.500000
vt 0.031250 0.500000
vt 0.031250 0.500000
vt 0.031250 0.500000
vt 0.031250 0.500000
vt 0.031250 0.500000
vt 0.031250 0.500000
vt 0.031250 0.500000
vt 0.031250 0.500000
vt 0.031250 0.500000
vt 0.031250 0.500000
vt 0.031250 0.500000
vt 0.031250 0.500000
vt 0.031250 0.500000
vt 0.031250 0.500000
vt 0.031250 0.500000
vt 0.031250 0.500000
vt 0.031250 0.500000
vt 0.031250 0.500000
vt 0.031250 0.500000
vt 0.031250 0.500000
vt 0.031250 0.500000
vt 0.031250 0.500000
vt 0.031250 0.500000
vt 0.031250 0.500000
vt 0.031250 0.500000
vt 0.031250 0.500000
vt 0.031250 0.500000
vt 0.031250 0.500000
vt 0.031250 0.500000
vt 0.031250 0.500000
vt 0.031250 0.500000
vt 0.031250 0.500000
vt 0.031250 0.500000
vt 0.031250 0.500000
vt 0.031250 0.500000
vt 0.031250 0.500000
vt 0.031250 0.500000
vt 0.031250 0.500000
vt 0.031250 0.500000
vt 0.031250 0.500000
vt 0.031250 0.500000
vt 0.031250 0.500000
vt 0.031250 0.500000
vt 0.031250 0.500000
vt 0.031250 0.500000
vt 0.031250 0.500000
vt 0.031250 0.500000
vt 0.031250 0.500000
vt 0.031250 0.500000
vt 0.031250 0.500000
vt 0.031250 0.500000
vt 0.031250 0.500000
vt 0.031250 0.500000
vt 0.031250 0.500000
vt 0.031250 0.500000
vt 0.031250 0.500000
vt 0.031250 0.500000
vt 0.031250 0.500000
vt 0.031250 0.500000
vt 0.031250 0.500000
vt 0.031250 0.500000
vt 0.031250 0.500000
vt 0.031250 0.500000
vt 0.031250 0.500000
vt 0.031250 0.500000
vt 0.031250 0.500000
vt 0.031250 0.500000
vt 0.031250 0.500000
vt 0.031250 0.500000
vt 0.031250 0.500000
vt 0.031250 0.500000
vt 0.031250 0.500000
vt 0.031250 0.500000
vt 0.031250 0.500000
vt 0.031250 0.500000
vt 0.031250 0.500000
vt 0.031250 0.500000
vt 0.031250 0.500000
vt 0.031250 0.500000
vt 0.031250 0.500000
vt 0.031250 0.500000
vt 0.031250 0.500000
vt 0.031250 0.500000
vt 0.031250 0.500000
vt 0.031250 0.500000
vt 0.031250 0.500000
vt 0.031250 0.500000
vt 0.031250 0.500000
vt 0.031250 0.500000
vt 0.031250 0.500000
vt 0.031250 0.500000
vt 0.031250 0.500000
vt 0.031250 0.500000
vt 0.031250 0.500000
vt 0.031250 0.500000
vt 0.031250 0.500000
vt 0.031250 0.500000
vt 0.031250 0.500000
vt 0.031250 0.500000
vt 0.031250 0.500000
vt 0.031250 0.500000
vt 0.031250 0.500000
vt 0.031250 0.500000
vt 0.031250 0.500000
vt 0.031250 0.500000
vt 0.031250 0.500000
vt 0.031250 0.500000
vt 0.031250 0.500000
vt 0.031250 0.500000
vt 0.031250 0.500000
vt 0.031250 0.500000
vt 0.031250 0.500000
vt 0.031250 0.500000
vt 0.031250 0.500000
vt 0.031250 0.500000
vt 0.031250 0.500000
vt 0.031250 0.500000
vt 0.031250 0.500000
vt 0.031250 0.500000
vt 0.031250 0.500000
vt 0.031250 0.500000
vt 0.031250 0.500000
vt 0.031250 0.500000
vt 0.031250 0.500000
vt 0.031250 0.500000
vt 0.031250 0.500000
vt 0.031250 0.500000
vt 0.031250 0.500000
vt 0.031250 0.500000
vt 0.031250 0.500000
vt 0.031250 0.500000
vt 0.031250 0.500000
vt 0.031250 0.500000
vt 0.031250 0.500000
vt 0.031250 0.500000
vt 0.031250 0.500000
vt 0.031250 0.500000
vt 0.031250 0.500000
vt 0.031250 0.500000
vt 0.031250 0.500000
vt 0.031250 0.500000
vt 0.031250 0.500000
vt 0.031250 0.500000
vt 0.031250 0.500000
vt 0.031250 0.500000
vt 0.031250 0.500000
vt 0.031250 0.500000
vt 0.031250 0.500000
vt 0.031250 0.500000
vt 0.031250 0.500000
vt 0.031250 0.500000
vt 0.031250 0.500000
vt 0.031250 0.500000
vt 0.031250 0.500000
vt 0.031250 0.500000
vt 0.031250 0.500000
vt 0.031250 0.500000
vt 0.031250 0.500000
vt 0.031250 0.500000
vt 0.031250 0.500000
vt 0.031250 0.500000
vt 0.031250 0.500000
vt 0.031250 0.500000
vt 0.031250 0.500000
vt 0.031250 0.500000
vt 0.031250 0.500000
vt 0.031250 0.500000
vt 0.031250 0.500000
vt 0.031250 0.500000
vt 0.031250 0.500000
vt 0.031250 0.500000
vt 0.031250 0.500000
vt 0.031250 0.500000
vt 0.031250 0.500000
vt 0.031250 0.500000
vt 0.031250 0.500000
vt 0.031250 0.500000
vt 0.031250 0.500000
vt 0.031250 0.500000
vt 0.031250 0.500000
vt 0.031250 0.500000
vt 0.031250 0.500000
vt 0.031250 0.500000
vt 0.031250 0.500000
vt 0.031250 0.500000
vt 0.031250 0.500000
vt 0.031250 0.500000
vt 0.031250 0.500000
vt 0.031250 0.500000
vt 0.031250 0.500000
vt 0.031250 0.500000
vt 0.031250 0.500000
vt 0.031250 0.500000
vt 0.031250 0.500000
vt 0.031250 0.500000
vt 0.031250 0.500000
vt 0.031250 0.500000
vt 0.031250 0.500000
vt 0.031250 0.500000
vt 0.031250 0.500000
vt 0.031250 0.500000
vt 0.031250 0.500000
vt 0.031250 0.500000
vt 0.031250 0.500000
vt 0.031250 0.500000
vt 0.031250 0.500000
vt 0.031250 0.500000
vt 0.031250 0.500000
vt 0.031250 0.500000
vt 0.031250 0.500000
vt 0.031250 0.500000
vt 0.031250 0.500000
vt 0.031250 0.500000
vt 0.031250 0.500000
vt 0.031250 0.500000
vt 0.031250 0.500000
vt 0.031250 0.500000
vt 0.031250 0.500000
vt 0.031250 0.500000
vt 0.031250 0.500000
vt 0.031250 0.500000
vt 0.031250 0.500000
vt 0.031250 0.500000
vt 0.031250 0.500000
vt 0.031250 0.500000
vt 0.031250 0.500000
vt 0.031250 0.500000
vt 0.031250 0.500000
vt 0.031250 0.500000
vt 0.031250 0.500000
vt 0.031250 0.500000
vt 0.031250 0.500000
vt 0.031250 0.500000
vt 0.031250 0.500000
vt 0.031250 0.500000
vt 0.031250 0.500000
vt 0.031250 0.500000
vt 0.031250 0.500000
vt 0.031250 0.500000
vt 0.031250 0.500000
vt 0.031250 0.500000
vt 0.031250 0.500000
vt 0.031250 0.500000
vt 0.031250 0.500000
vt 0.031250 0.500000
vt 0.031250 0.500000
vt 0.031250 0.500000
vt 0.031250 0.500000
vt 0.031250 0.500000
vt 0.031250 0.500000
vt 0.031250 0.500000
vt 0.031250 0.500000
vt 0.031250 0.500000
vt 0.031250 0.500000
vt 0.031250 0.500000
vt 0.031250 0.500000
vt 0.031250 0.500000
vt 0.031250 0.500000
vt 0.031250 0.500000
vt 0.031250 0.500000
vt 0.031250 0.500000
vt 0.031250 0.500000
vt 0.031250 0.500000
vt 0.031250 0.500000
vt 0.031250 0.500000
vt 0.031250 0.500000
vt 0.031250 0.500000
vt 0.031250 0.500000
vt 0.031250 0.500000
vt 0.031250 0.500000
vt 0.031250 0.500000
vt 0.031250 0.500000
vt 0.031250 0.500000
vt 0.031250 0.500000
vt 0.031250 0.500000
vt 0.031250 0.500000
vt 0.031250 0.500000
vt 0.031250 0.500000
vt 0.031250 0.500000
vt 0.031250 0.500000
vt 0.031250 0.500000
vt 0.031250 0.500000
vt 0.031250 0.500000
vt 0.031250 0.500000
vt 0.031250 0.500000
vt 0.031250 0.500000
vt 0.031250 0.500000
vt 0.031250 0.500000
vt 0.031250 0.500000
vt 0.031250 0.500000
vt 0.031250 0.500000
vt 0.031250 0.500000
vt 0.031250 0.500000
vt 0.031250 0.500000
vt 0.031250 0.500000
vt 0.031250 0.500000
vt 0.031250 0.500000
vt 0.031250 0.500000
vt 0.031250 0.500000
vt 0.031250 0.500000
vt 0.031250 0.500000
vt 0.031250 0.500000
vt 0.031250 0.500000
vt 0.031250 0.500000
vt 0.031250 0.500000
vt 0.031250 0.500000
vt 0.031250 0.500000
vt 0.031250 0.500000
vt 0.031250 0.500000
vt 0.031250 0.500000
vt 0.031250 0.500000
vt 0.031250 0.500000
vt 0.031250 0.500000
vt 0.031250 0.500000
vt 0.031250 0.500000
vt 0.031250 0.500000
vt 0.031250 0.500000
vt 0.031250 0.500000
vt 0.031250 0.500000
vt 0.031250 0.500000
vt 0.031250 0.500000
vt 0.031250 0.500000
vt 0.031250 0.500000
vt 0.031250 0.500000
vt 0.031250 0.500000
vt 0.031250 0.500000
vt 0.031250 0.500000
vt 0.031250 0.500000
vt 0.031250 0.500000
vt 0.031250 0.500000
vt 0.031250 0.500000
vt 0.031250 0.500000
vt 0.031250 0.500000
vt 0.031250 0.500000
vt 0.031250 0.500000
vt 0.031250 0.500000
vt 0.031250 0.500000
vt 0.031250 0.500000
vt 0.031250 0.500000
vt 0.031250 0.500000
vt 0.031250 0.500000
vt 0.031250 0.500000
vt 0.031250 0.500000
vt 0.031250 0.500000
vt 0.031250 0.500000
vt 0.031250 0.500000
vt 0.031250 0.500000
vt 0.031250 0.500000
vt 0.031250 0.500000
vt 0.031250 0.500000
vt 0.031250 0.500000
vt 0.031250 0.500000
vt 0.031250 0.500000
vt 0.031250 0.500000
vt 0.031250 0.500000
vt 0.031250 0.500000
vt 0.031250 0.500000
vt 0.031250 0.500000
vt 0.031250 0.500000
vt 0.031250 0.500000
vt 0.031250 0.500000
vt 0.031250 0.500000
vt 0.031250 0.500000
vt 0.031250 0.500000
vt 0.031250 0.500000
vt 0.031250 0.500000
vt 0.031250 0.500000
vt 0.031250 0.500000
vt 0.031250 0.500000
vt 0.031250 0.500000
vt 0.031250 0.500000
vt 0.031250 0.500000
vt 0.031250 0.500000
vt 0.031250 0.500000
vt 0.031250 0.500000
vt 0.031250 0.500000
vt 0.031250 0.500000
vt 0.031250 0.500000
vt 0.031250 0.500000
vt 0.031250 0.500000
vt 0.031250 0.500000
vt 0.031250 0.500000
vt 0.031250 0.500000
vt 0.031250 0.500000
vt 0.031250 0.500000
vt 0.031250 0.500000
vt 0.031250 0.500000
vt 0.031250 0.500000
vt 0.031250 0.500000
vt 0.031250 0.500000
vt 0.031250 0.500000
vt 0.031250 0.500000
vt 0.031250 0.500000
vt 0.031250 0.500000
vt 0.031250 0.500000
vt 0.031250 0.500000
vt 0.031250 0.500000
vt 0.031250 0.500000
vt 0.031250 0.500000
vt 0.031250 0.500000
vt 0.031250 0.500000
vt 0.031250 0.500000
vt 0.031250 0.500000
vt 0.031250 0.500000
vt 0.031250 0.500000
vt 0.031250 0.500000
vt 0.031250 0.500000
vt 0.031250 0.500000
vt 0.031250 0.500000
vt 0.031250 0.500000
vt 0.031250 0.500000
vt 0.031250 0.500000
vt 0.031250 0.500000
vt 0.031250 0.500000
vt 0.031250 0.500000
vt 0.031250 0.500000
vt 0.031250 0.500000
vt 0.031250 0.500000
vt 0.031250 0.500000
vt 0.031250 0.500000
vt 0.031250 0.500000
vt 0.031250 0.500000
vt 0.031250 0.500000
vt 0.031250 0.500000
vt 0.031250 0.500000
vt 0.031250 0.500000
vt 0.031250 0.500000
vt 0.031250 0.500000
vt 0.031250 0.500000
vt 0.031250 0.500000
vt 0.031250 0.500000
vt 0.031250 0.500000
vt 0.031250 0.500000
vt 0.031250 0.500000
vt 0.031250 0.500000
vt 0.031250 0.500000
vt 0.031250 0.500000
vt 0.031250 0.500000
vt 0.031250 0.500000
vt 0.031250 0.500000
vt 0.031250 0.500000
vt 0.031250 0.500000
vt 0.031250 0.500000
vt 0.031250 0.500000
vt 0.031250 0.500000
vt 0.031250 0.500000
vt 0.031250 0.500000
vt 0.031250 0.500000
vt 0.031250 0.500000
vt 0.031250 0.500000
vt 0.031250 0.500000
vt 0.031250 0.500000
vt 0.031250 0.500000
vt 0.031250 0.500000
vt 0.031250 0.500000
vt 0.031250 0.500000
vt 0.031250 0.500000
vt 0.031250 0.500000
vt 0.031250 0.500000
vt 0.031250 0.500000
vt 0.031250 0.500000
vt 0.031250 0.500000
vt 0.031250 0.500000
vt 0.031250 0.500000
vt 0.031250 0.500000
vt 0.031250 0.500000
vt 0.031250 0.500000
vt 0.031250 0.500000
vt 0.031250 0.500000
vt 0.031250 0.500000
vt 0.031250 0.500000
vt 0.031250 0.500000
vt 0.031250 0.500000
vt 0.031250 0.500000
vt 0.031250 0.500000
vt 0.031250 0.500000
vt 0.031250 0.500000
vt 0.031250 0.500000
vt 0.031250 0.500000
vt 0.031250 0.500000
vt 0.031250 0.500000
vt 0.031250 0.500000
vt 0.031250 0.500000
vt 0.031250 0.500000
vt 0.031250 0.500000
vt 0.031250 0.500000
vt 0.031250 0.500000
vt 0.031250 0.500000
vt 0.031250 0.500000
vt 0.031250 0.500000
vt 0.031250 0.500000
vt 0.031250 0.500000
vt 0.031250 0.500000
vt 0.031250 0.500000
vt 0.031250 0.500000
vt 0.031250 0.500000
vt 0.031250 0.500000
vt 0.031250 0.500000
vt 0.031250 0.500000
vt 0.031250 0.500000
vt 0.031250 0.500000
vt 0.031250 0.500000
vt 0.031250 0.500000
vt 0.031250 0.500000
vt 0.031250 0.500000
vt 0.031250 0.500000
vt 0.031250 0.500000
vt 0.031250 0.500000
vt 0.031250 0.500000
vt 0.031250 0.500000
vt 0.031250 0.500000
vt 0.031250 0.500000
vt 0.031250 0.500000
vt 0.031250 0.500000
vt 0.031250 0.500000
vt 0.031250 0.500000
vt 0.031250 0.500000
vt 0.031250 0.500000
vt 0.031250 0.500000
vt 0.031250 0.500000
vt 0.031250 0.500000
vt 0.031250 0.500000
vt 0.031250 0.500000
vt 0.031250 0.500000
vt 0.031250 0.500000
vt 0.031250 0.500000
vt 0.031250 0.500000
vt 0.031250 0.500000
vt 0.031250 0.500000
vt 0.031250 0.500000
vt 0.031250 0.500000
vt 0.031250 0.500000
vt 0.031250 0.500000
vt 0.031250 0.500000
vt 0.031250 0.500000
vt 0.031250 0.500000
vt 0.031250 0.500000
vt 0.031250 0.500000
vt 0.031250 0.500000
vt 0.031250 0.500000
vt 0.031250 0.500000
vt 0.031250 0.500000
vt 0.031250 0.500000
vt 0.031250 0.500000
vt 0.031250 0.500000
vt 0.031250 0.500000
vt 0.031250 0.500000
vt 0.031250 0.500000
vt 0.031250 0.500000
vt 0.031250 0.500000
vt 0.031250 0.500000
vt 0.031250 0.500000
vt 0.031250 0.500000
vt 0.031250 0.500000
vt 0.031250 0.500000
vt 0.031250 0.500000
vt 0.031250 0.500000
vt 0.031250 0.500000
vt 0.031250 0.500000
vt 0.031250 0.500000
vt 0.031250 0.500000
vt 0.031250 0.500000
vt 0.031250 0.500000
vt 0.031250 0.500000
vt 0.031250 0.500000
vt 0.031250 0.500000
vt 0.031250 0.500000
vt 0.031250 0.500000
vt 0.031250 0.500000
vt 0.031250 0.500000
vt 0.031250 0.500000
vt 0.031250 0.500000
vt 0.031250 0.500000
vt 0.031250 0.500000
vt 0.031250 0.500000
vt 0.031250 0.500000
vt 0.031250 0.500000
vt 0.031250 0.500000
vt 0.031250 0.500000
vt 0.031250 0.500000
vt 0.031250 0.500000
vt 0.031250 0.500000
vt 0.031250 0.500000
vt 0.031250 0.500000
vt 0.031250 0.500000
vt 0.031250 0.500000
vt 0.031250 0.500000
vt 0.031250 0.500000
vt 0.031250 0.500000
vt 0.031250 0.500000
vt 0.031250 0.500000
vt 0.031250 0.500000
vt 0.031250 0.500000
vt 0.031250 0.500000
vt 0.031250 0.500000
vt 0.031250 0.500000
vt 0.031250 0.500000
vt 0.031250 0.500000
vt 0.031250 0.500000
vt 0.031250 0.500000
vt 0.031250 0.500000
vt 0.031250 0.500000
vt 0.031250 0.500000
vt 0.031250 0.500000
vt 0.031250 0.500000
vt 0.031250 0.500000
vt 0.031250 0.500000
vt 0.031250 0.500000
vt 0.031250 0.500000
vt 0.031250 0.500000
vt 0.031250 0.500000
vt 0.031250 0.500000
vt 0.031250 0.500000
vt 0.031250 0.500000
vt 0.031250 0.500000
vt 0.031250 0.500000
vt 0.031250 0.500000
vt 0.031250 0.500000
vt 0.031250 0.500000
vt 0.031250 0.500000
vt 0.031250 0.500000
vt 0.031250 0.500000
vt 0.031250 0.500000
vt 0.031250 0.500000
vt 0.031250 0.500000
vt 0.031250 0.500000
vt 0.031250 0.500000
vt 0.031250 0.500000
vt 0.031250 0.500000
vt 0.031250 0.500000
vt 0.031250 0.500000
vt 0.031250 0.500000
vt 0.031250 0.500000
vt 0.031250 0.500000
vt 0.031250 0.500000
vt 0.031250 0.500000
vt 0.031250 0.500000
vt 0.031250 0.500000
vt 0.031250 0.500000
vt 0.031250 0.500000
vt 0.031250 0.500000
vt 0.031250 0.500000
vt 0.031250 0.500000
vt 0.031250 0.500000
vt 0.031250 0.500000
vt 0.031250 0.500000
vt 0.031250 0.500000
vt 0.031250 0.500000
vt 0.031250 0.500000
vt 0.031250 0.500000
vt 0.031250 0.500000
vt 0.031250 0.500000
vt 0.031250 0.500000
vt 0.031250 0.500000
vt 0.031250 0.500000
vt 0.031250 0.500000
vt 0.031250 0.500000
vt 0.031250 0.500000
vt 0.031250 0.500000
vt 0.031250 0.500000
vt 0.031250 0.500000
vt 0.031250 0.500000
vt 0.031250 0.500000
vt 0.031250 0.500000
vt 0.031250 0.500000
vt 0.031250 0.500000
vt 0.031250 0.500000
vt 0.031250 0.500000
vt 0.031250 0.500000
vt 0.031250 0.500000
vt 0.031250 0.500000
vt 0.031250 0.500000
vt 0.031250 0.500000
vt 0.031250 0.500000
vt 0.031250 0.500000
vt 0.031250 0.500000
vt 0.031250 0.500000
vt 0.031250 0.500000
vt 0.031250 0.500000
vt 0.031250 0.500000
vt 0.031250 0.500000
vt 0.031250 0.500000
vt 0.031250 0.500000
vt 0.031250 0.500000
vt 0.031250 0.500000
vt 0.031250 0.500000
vt 0.031250 0.500000
vt 0.031250 0.500000
vt 0.031250 0.500000
vt 0.031250 0.500000
vt 0.031250 0.500000
vt 0.031250 0.500000
vt 0.031250 0.500000
vt 0.031250 0.500000
vt 0.031250 0.500000
vt 0.031250 0.500000
vt 0.031250 0.500000
vt 0.031250 0.500000
vt 0.031250 0.500000
vt 0.031250 0.500000
vt 0.031250 0.500000
vt 0.031250 0.500000
vt 0.031250 0.500000
vt 0.031250 0.500000
vt 0.031250 0.500000
vt 0.031250 0.500000
vt 0.031250 0.500000
vt 0.031250 0.500000
vt 0.031250 0.500000
vt 0.031250 0.500000
vt 0.031250 0.500000
vt 0.031250 0.500000
vt 0.031250 0.500000
vt 0.031250 0.500000
vt 0.031250 0.500000
vt 0.031250 0.500000
vt 0.031250 0.500000
vt 0.031250 0.500000
vt 0.031250 0.500000
vt 0.031250 0.500000
vt 0.031250 0.500000
vt 0.031250 0.500000
vt 0.031250 0.500000
vt 0.031250 0.500000
vt 0.031250 0.500000
vt 0.031250 0.500000
vt 0.031250 0.500000
vt 0.031250 0.500000
vt 0.031250 0.500000
vt 0.031250 0.500000
vt 0.031250 0.500000
vt 0.031250 0.500000
vt 0.031250 0.500000
vt 0.031250 0.500000
vt 0.031250 0.500000
vt 0.031250 0.500000
vt 0.031250 0.500000
vt 0.031250 0.500000
vt 0.031250 0.500000
vt 0.031250 0.500000
vt 0.031250 0.500000
vt 0.031250 0.500000
vt 0.031250 0.500000
vt 0.031250 0.500000
vt 0.031250 0.500000
vt 0.031250 0.500000
vt 0.031250 0.500000
vt 0.031250 0.500000
vt 0.031250 0.500000
vt 0.031250 0.500000
vt 0.031250 0.500000
vt 0.031250 0.500000
vt 0.031250 0.500000
vt 0.031250 0.500000
vt 0.031250 0.500000
vt 0.031250 0.500000
vt 0.031250 0.500000
vt 0.031250 0.500000
vt 0.031250 0.500000
vt 0.031250 0.500000
vt 0.031250 0.500000
vt 0.031250 0.500000
vt 0.031250 0.500000
vt 0.031250 0.500000
vt 0.031250 0.500000
vt 0.031250 0.500000
vt 0.031250 0.500000
vt 0.031250 0.500000
vt 0.031250 0.500000
vt 0.031250 0.500000
vt 0.031250 0.500000
vt 0.031250 0.500000
vt 0.031250 0.500000
vt 0.031250 0.500000
vt 0.031250 0.500000
vt 0.031250 0.500000
vt 0.031250 0.500000
vt 0.031250 0.500000
vt 0.031250 0.500000
vt 0.031250 0.500000
vt 0.031250 0.500000
vt 0.031250 0.500000
vt 0.031250 0.500000
vt 0.031250 0.500000
vt 0.031250 0.500000
vt 0.031250 0.500000
vt 0.031250 0.500000
vt 0.031250 0.500000
vt 0.031250 0.500000
vt 0.031250 0.500000
vt 0.031250 0.500000
vt 0.031250 0.500000
vt 0.031250 0.500000
vt 0.031250 0.500000
vt 0.031250 0.500000
vt 0.031250 0.500000
vt 0.031250 0.500000
vt 0.031250 0.500000
vt 0.031250 0.500000
vt 0.031250 0.500000
vt 0.031250 0.500000
vt 0.031250 0.500000
vt 0.031250 0.500000
vt 0.031250 0.500000
vt 0.031250 0.500000
vt 0.031250 0.500000
vt 0.031250 0.500000
vt 0.031250 0.500000
vt 0.031250 0.500000
vt 0.031250 0.500000
vt 0.031250 0.500000
vt 0.031250 0.500000
vt 0.031250 0.500000
vt 0.031250 0.500000
vt 0.031250 0.500000
vt 0.031250 0.500000
vt 0.031250 0.500000
vt 0.031250 0.500000
vt 0.031250 0.500000
vt 0.031250 0.500000
vt 0.031250 0.500000
vt 0.031250 0.500000
vt 0.031250 0.500000
vt 0.031250 0.500000
vt 0.031250 0.500000
vt 0.031250 0.500000
vt 0.031250 0.500000
vt 0.031250 0.500000
vt 0.031250 0.500000
vt 0.031250 0.500000
vt 0.031250 0.500000
vt 0.031250 0.500000
vt 0.031250 0.500000
vt 0.031250 0.500000
vt 0.031250 0.500000
vt 0.031250 0.500000
vt 0.031250 0.500000
vt 0.031250 0.500000
vt 0.031250 0.500000
vt 0.031250 0.500000
vt 0.031250 0.500000
vt 0.031250 0.500000
vt 0.031250 0.500000
vt 0.031250 0.500000
vt 0.031250 0.500000
vt 0.031250 0.500000
vt 0.031250 0.500000
vt 0.031250 0.500000
vt 0.031250 0.500000
vt 0.031250 0.500000
vt 0.031250 0.500000
vt 0.031250 0.500000
vt 0.031250 0.500000
vt 0.031250 0.500000
vt 0.031250 0.500000
vt 0.031250 0.500000
vt 0.031250 0.500000
vt 0.031250 0.500000
vt 0.031250 0.500000
vt 0.031250 0.500000
vt 0.031250 0.500000
vt 0.031250 0.500000
vt 0.031250 0.500000
vt 0.031250 0.500000
vt 0.031250 0.500000
vt 0.031250 0.500000
vt 0.031250 0.500000
vt 0.031250 0.500000
vt 0.031250 0.500000
vt 0.031250 0.500000
vt 0.031250 0.500000
vt 0.031250 0.500000
vt 0.031250 0.500000
vt 0.031250 0.500000
vt 0.031250 0.500000
vt 0.031250 0.500000
vt 0.031250 0.500000
vt 0.031250 0.500000
vt 0.031250 0.500000
vt 0.031250 0.500000
vt 0.031250 0.500000
vt 0.031250 0.500000
vt 0.031250 0.500000
vt 0.031250 0.500000
vt 0.031250 0.500000
vt 0.031250 0.500000
vt 0.031250 0.500000
vt 0.031250 0.500000
vt 0.031250 0.500000
vt 0.031250 0.500000
vt 0.031250 0.500000
vt 0.031250 0.500000
vt 0.031250 0.500000
vt 0.031250 0.500000
vt 0.031250 0.500000
vt 0.031250 0.500000
vt 0.031250 0.500000
vt 0.031250 0.500000
vt 0.031250 0.500000
vt 0.031250 0.500000
vt 0.031250 0.500000
vt 0.031250 0.500000
vt 0.031250 0.500000
vt 0.031250 0.500000
vt 0.031250 0.500000
vt 0.031250 0.500000
vt 0.031250 0.500000
vt 0.031250 0.500000
vt 0.031250 0.500000
vt 0.031250 0.500000
vt 0.031250 0.500000
vt 0.031250 0.500000
vt 0.031250 0.500000
vt 0.031250 0.500000
vt 0.031250 0.500000
vt 0.031250 0.500000
vt 0.031250 0.500000
vt 0.031250 0.500000
vt 0.031250 0.500000
vt 0.031250 0.500000
vt 0.031250 0.500000
vt 0.031250 0.500000
vt 0.031250 0.500000
vt 0.031250 0.500000
vt 0.031250 0.500000
vt 0.031250 0.500000
vt 0.031250 0.500000
vt 0.031250 0.500000
vt 0.031250 0.500000
vt 0.031250 0.500000
vt 0.031250 0.500000
vt 0.031250 0.500000
vt 0.031250 0.500000
vt 0.031250 0.500000
vt 0.031250 0.500000
vt 0.031250 0.500000
vt 0.031250 0.500000
vt 0.031250 0.500000
vt 0.031250 0.500000
vt 0.031250 0.500000
vt 0.031250 0.500000
vt 0.031250 0.500000
vt 0.031250 0.500000
vt 0.031250 0.500000
vt 0.031250 0.500000
vt 0.031250 0.500000
vt 0.031250 0.500000
vt 0.031250 0.500000
vt 0.031250 0.500000
vt 0.031250 0.500000
vt 0.031250 0.500000
vt 0.031250 0.500000
vt 0.031250 0.500000
vt 0.031250 0.500000
vt 0.031250 0.500000
vt 0.031250 0.500000
vt 0.031250 0.500000
vt 0.031250 0.500000
vt 0.031250 0.500000
vt 0.031250 0.500000
vt 0.031250 0.500000
vt 0.031250 0.500000
vt 0.031250 0.500000
vt 0.031250 0.500000
vt 0.031250 0.500000
vt 0.031250 0.500000
vt 0.031250 0.500000
vt 0.031250 0.500000
vt 0.031250 0.500000
vt 0.031250 0.500000
vt 0.031250 0.500000
vt 0.031250 0.500000
vt 0.031250 0.500000
vt 0.031250 0.500000
vt 0.031250 0.500000
vt 0.031250 0.500000
vt 0.031250 0.500000
vt 0.031250 0.500000
vt 0.031250 0.500000
vt 0.031250 0.500000
vt 0.031250 0.500000
vt 0.031250 0.500000
vt 0.031250 0.500000
vt 0.031250 0.500000
vt 0.031250 0.500000
vt 0.031250 0.500000
vt 0.031250 0.500000
vt 0.031250 0.500000
vt 0.031250 0.500000
vt 0.031250 0.500000
vt 0.031250 0.500000
vt 0.031250 0.500000
vt 0.031250 0.500000
vt 0.031250 0.500000
vt 0.031250 0.500000
vt 0.031250 0.500000
vt 0.031250 0.500000
vt 0.031250 0.500000
vt 0.031250 0.500000
vt 0.031250 0.500000
vt 0.031250 0.500000
vt 0.031250 0.500000
vt 0.031250 0.500000
vt 0.031250 0.500000
vt 0.031250 0.500000
vt 0.031250 0.500000
vt 0.031250 0.500000
vt 0.031250 0.500000
vt 0.031250 0.500000
vt 0.031250 0.500000
vt 0.031250 0.500000
vt 0.031250 0.500000
vt 0.031250 0.500000
vt 0.031250 0.500000
vt 0.031250 0.500000
vt 0.031250 0.500000
vt 0.031250 0.500000
vt 0.031250 0.500000
vt 0.031250 0.500000
vt 0.031250 0.500000
vt 0.031250 0.500000
vt 0.031250 0.500000
vt 0.031250 0.500000
vt 0.031250 0.500000
vt 0.031250 0.500000
vt 0.031250 0.500000
vt 0.031250 0.500000
vt 0.031250 0.500000
vt 0.031250 0.500000
vt 0.031250 0.500000
vt 0.031250 0.500000
vt 0.031250 0.500000
vt 0.031250 0.500000
vt 0.031250 0.500000
vt 0.031250 0.500000
vt 0.031250 0.500000
vt 0.031250 0.500000
vt 0.031250 0.500000
vt 0.031250 0.500000
vt 0.031250 0.500000
vt 0.031250 0.500000
vt 0.031250 0.500000
vt 0.031250 0.500000
vt 0.031250 0.500000
vt 0.031250 0.500000
vt 0.031250 0.500000
vt 0.031250 0.500000
vt 0.031250 0.500000
vt 0.031250 0.500000
vt 0.031250 0.500000
vt 0.031250 0.500000
vt 0.031250 0.500000
vt 0.031250 0.500000
vt 0.031250 0.500000
vt 0.031250 0.500000
vt 0.031250 0.500000
vt 0.031250 0.500000
vt 0.031250 0.500000
vt 0.031250 0.500000
vt 0.031250 0.500000
vt 0.031250 0.500000
vt 0.031250 0.500000
vt 0.031250 0.500000
vt 0.031250 0.500000
vt 0.031250 0.500000
vt 0.031250 0.500000
vt 0.031250 0.500000
vt 0.031250 0.500000
vt 0.031250 0.500000
vt 0.031250 0.500000
vt 0.031250 0.500000
vt 0.031250 0.500000
vt 0.031250 0.500000
vt 0.031250 0.500000
vt 0.031250 0.500000
vt 0.031250 0.500000
vt 0.031250 0.500000
vt 0.031250 0.500000
vt 0.031250 0.500000
vt 0.031250 0.500000
vt 0.031250 0.500000
vt 0.031250 0.500000
vt 0.031250 0.500000
vt 0.031250 0.500000
vt 0.031250 0.500000
vt 0.031250 0.500000
vt 0.031250 0.500000
vt 0.031250 0.500000
vt 0.031250 0.500000
vt 0.031250 0.500000
vt 0.031250 0.500000
vt 0.031250 0.500000
vt 0.031250 0.500000
vt 0.031250 0.500000
vt 0.031250 0.500000
vt 0.031250 0.500000
vt 0.031250 0.500000
vt 0.031250 0.500000
vt 0.031250 0.500000
vt 0.031250 0.500000
vt 0.031250 0.500000
vt 0.031250 0.500000
vt 0.031250 0.500000
vt 0.031250 0.500000
vt 0.031250 0.500000
vt 0.031250 0.500000
vt 0.031250 0.500000
vt 0.031250 0.500000
vt 0.031250 0.500000
vt 0.031250 0.500000
vt 0.031250 0.500000
vt 0.031250 0.500000
vt 0.031250 0.500000
vt 0.031250 0.500000
vt 0.031250 0.500000
vt 0.031250 0.500000
vt 0.031250 0.500000
vt 0.031250 0.500000
vt 0.031250 0.500000
vt 0.031250 0.500000
vt 0.031250 0.500000
vt 0.031250 0.500000
vt 0.031250 0.500000
vt 0.031250 0.500000
vt 0.031250 0.500000
vt 0.031250 0.500000
vt 0.031250 0.500000
vt 0.031250 0.500000
vt 0.031250 0.500000
vt 0.031250 0.500000
vt 0.031250 0.500000
vt 0.031250 0.500000
vt 0.031250 0.500000
vt 0.031250 0.500000
vt 0.031250 0.500000
vt 0.031250 0.500000
vt 0.031250 0.500000
vt 0.031250 0.500000
vt 0.031250 0.500000
vt 0.031250 0.500000
vt 0.031250 0.500000
vt 0.031250 0.500000
vt 0.031250 0.500000
vt 0.031250 0.500000
vt 0.031250 0.500000
vt 0.031250 0.500000
vt 0.031250 0.500000
vt 0.031250 0.500000
vt 0.031250 0.500000
vt 0.031250 0.500000
vt 0.031250 0.500000
vt 0.031250 0.500000
vt 0.031250 0.500000
vt 0.031250 0.500000
vt 0.031250 0.500000
vt 0.031250 0.500000
vt 0.031250 0.500000
vt 0.031250 0.500000
vt 0.031250 0.500000
vt 0.031250 0.500000
vt 0.031250 0.500000
vt 0.031250 0.500000
vt 0.031250 0.500000
vt 0.031250 0.500000
vt 0.031250 0.500000
vt 0.031250 0.500000
vt 0.031250 0.500000
vt 0.031250 0.500000
vt 0.031250 0.500000
vt 0.031250 0.500000
vt 0.031250 0.500000
vt 0.031250 0.500000
vt 0.031250 0.500000
vt 0.031250 0.500000
vt 0.031250 0.500000
vt 0.031250 0.500000
vt 0.031250 0.500000
vt 0.031250 0.500000
vt 0.031250 0.500000
vt 0.031250 0.500000
vt 0.031250 0.500000
vt 0.031250 0.500000
vt 0.031250 0.500000
vt 0.031250 0.500000
vt 0.031250 0.500000
vt 0.031250 0.500000
vt 0.031250 0.500000
vt 0.031250 0.500000
vt 0.031250 0.500000
vt 0.031250 0.500000
vt 0.031250 0.500000
vt 0.031250 0.500000
vt 0.031250 0.500000
vt 0.031250 0.500000
vt 0.031250 0.500000
vt 0.031250 0.500000
vt 0.031250 0.500000
vt 0.031250 0.500000
vt 0.031250 0.500000
vt 0.031250 0.500000
vt 0.031250 0.500000
vt 0.031250 0.500000
vt 0.031250 0.500000
vt 0.031250 0.500000
vt 0.031250 0.500000
vt 0.031250 0.500000
vt 0.031250 0.500000
vt 0.031250 0.500000
vt 0.031250 0.500000
vt 0.031250 0.500000
vt 0.031250 0.500000
vt 0.031250 0.500000
vt 0.031250 0.500000
vt 0.031250 0.500000
vt 0.031250 0.500000
vt 0.031250 0.500000
vt 0.031250 0.500000
vt 0.031250 0.500000
vt 0.031250 0.500000
vt 0.031250 0.500000
vt 0.031250 0.500000
vt 0.031250 0.500000
vt 0.031250 0.500000
vt 0.031250 0.500000
vt 0.031250 0.500000
vt 0.031250 0.500000
vt 0.031250 0.500000
vt 0.031250 0.500000
vt 0.031250 0.500000
vt 0.031250 0.500000
vt 0.031250 0.500000
vt 0.031250 0.500000
vt 0.031250 0.500000
vt 0.031250 0.500000
vt 0.031250 0.500000
vt 0.031250 0.500000
vt 0.031250 0.500000
vt 0.031250 0.500000
vt 0.031250 0.500000
vt 0.031250 0.500000
vt 0.031250 0.500000
vt 0.031250 0.500000
vt 0.031250 0.500000
vt 0.031250 0.500000
vt 0.031250 0.500000
vt 0.031250 0.500000
vt 0.031250 0.500000
vt 0.031250 0.500000
vt 0.031250 0.500000
vt 0.031250 0.500000
vt 0.031250 0.500000
vt 0.031250 0.500000
vt 0.031250 0.500000
vt 0.031250 0.500000
vt 0.031250 0.500000
vt 0.031250 0.500000
vt 0.031250 0.500000
vt 0.031250 0.500000
vt 0.031250 0.500000
vt 0.031250 0.500000
vt 0.031250 0.500000
vt 0.031250 0.500000
vt 0.031250 0.500000
vt 0.031250 0.500000
vt 0.031250 0.500000
vt 0.031250 0.500000
vt 0.031250 0.500000
vt 0.031250 0.500000
vt 0.031250 0.500000
vt 0.031250 0.500000
vt 0.031250 0.500000
vt 0.031250 0.500000
vt 0.031250 0.500000
vt 0.031250 0.500000
vt 0.031250 0.500000
vt 0.031250 0.500000
vt 0.031250 0.500000
vt 0.031250 0.500000
vt 0.031250 0.500000
vt 0.031250 0.500000
vt 0.031250 0.500000
vt 0.031250 0.500000
vt 0.031250 0.500000
vt 0.031250 0.500000
vt 0.031250 0.500000
vt 0.031250 0.500000
vt 0.031250 0.500000
vt 0.031250 0.500000
vt 0.031250 0.500000
vt 0.031250 0.500000
vt 0.031250 0.500000
vt 0.031250 0.500000
vt 0.031250 0.500000
vt 0.031250 0.500000
vt 0.031250 0.500000
vt 0.031250 0.500000
vt 0.031250 0.500000
vt 0.031250 0.500000
vt 0.031250 0.500000
vt 0.031250 0.500000
vt 0.031250 0.500000
vt 0.031250 0.500000
vt 0.031250 0.500000
vt 0.031250 0.500000
vt 0.031250 0.500000
vt 0.031250 0.500000
vt 0.031250 0.500000
vt 0.031250 0.500000
vt 0.031250 0.500000
vt 0.031250 0.500000
vt 0.031250 0.500000
vt 0.031250 0.500000
vt 0.031250 0.500000
vt 0.031250 0.500000
vt 0.031250 0.500000
vt 0.031250 0.500000
vt 0.031250 0.500000
vt 0.031250 0.500000
vt 0.031250 0.500000
vt 0.031250 0.500000
vt 0.031250 0.500000
vt 0.031250 0.500000
vt 0.031250 0.500000
vt 0.031250 0.500000
vt 0.031250 0.500000
vt 0.031250 0.500000
vt 0.031250 0.500000
vt 0.031250 0.500000
vt 0.031250 0.500000
vt 0.031250 0.500000
vt 0.031250 0.500000
vt 0.031250 0.500000
vt 0.031250 0.500000
vt 0.031250 0.500000
vt 0.031250 0.500000
vt 0.031250 0.500000
vt 0.031250 0.500000
vt 0.031250 0.500000
vt 0.031250 0.500000
vt 0.031250 0.500000
vt 0.031250 0.500000
vt 0.031250 0.500000
vt 0.031250 0.500000
vt 0.031250 0.500000
vt 0.031250 0.500000
vt 0.031250 0.500000
vt 0.031250 0.500000
vt 0.031250 0.500000
vt 0.031250 0.500000
vt 0.031250 0.500000
vt 0.031250 0.500000
vt 0.031250 0.500000
vt 0.031250 0.500000
vt 0.031250 0.500000
vt 0.031250 0.500000
vt 0.031250 0.500000
vt 0.031250 0.500000
vt 0.031250 0.500000
vt 0.031250 0.500000
vt 0.031250 0.500000
vt 0.031250 0.500000
vt 0.031250 0.500000
vt 0.031250 0.500000
vt 0.031250 0.500000
vt 0.031250 0.500000
vt 0.031250 0.500000
vt 0.031250 0.500000
vt 0.031250 0.500000
vt 0.031250 0.500000
vt 0.031250 0.500000
vt 0.031250 0.500000
vt 0.031250 0.500000
vt 0.031250 0.500000
vt 0.031250 0.500000
vt 0.031250 0.500000
vt 0.031250 0.500000
vt 0.031250 0.500000
vt 0.031250 0.500000
vt 0.031250 0.500000
vt 0.031250 0.500000
vt 0.031250 0.500000
vt 0.031250 0.500000
vt 0.031250 0.500000
vt 0.031250 0.500000
vt 0.031250 0.500000
vt 0.031250 0.500000
vt 0.031250 0.500000
vt 0.031250 0.500000
vt 0.031250 0.500000
vt 0.031250 0.500000
vt 0.031250 0.500000
vt 0.031250 0.500000
vt 0.031250 0.500000
vt 0.031250 0.500000
vt 0.031250 0.500000
vt 0.031250 0.500000
vt 0.031250 0.500000
vt 0.031250 0.500000
vt 0.031250 0.500000
vt 0.031250 0.500000
vt 0.031250 0.500000
vt 0.031250 0.500000
vt 0.031250 0.500000
vt 0.031250 0.500000
vt 0.031250 0.500000
vt 0.031250 0.500000
vt 0.031250 0.500000
vt 0.031250 0.500000
vt 0.031250 0.500000
vt 0.031250 0.500000
vt 0.031250 0.500000
vt 0.031250 0.500000
vt 0.031250 0.500000
vt 0.031250 0.500000
vt 0.031250 0.500000
vt 0.031250 0.500000
vt 0.031250 0.500000
vt 0.031250 0.500000
vt 0.031250 0.500000
vt 0.031250 0.500000
vt 0.031250 0.500000
vt 0.031250 0.500000
vt 0.031250 0.500000
vt 0.031250 0.500000
vt 0.031250 0.500000
vt 0.031250 0.500000
vt 0.031250 0.500000
vt 0.031250 0.500000
vt 0.031250 0.500000
vt 0.031250 0.500000
vt 0.031250 0.500000
vt 0.031250 0.500000
vt 0.031250 0.500000
vt 0.031250 0.500000
vt 0.031250 0.500000
vt 0.031250 0.500000
vt 0.031250 0.500000
vt 0.031250 0.500000
vt 0.031250 0.500000
vt 0.031250 0.500000
vt 0.031250 0.500000
vt 0.031250 0.500000
vt 0.031250 0.500000
vt 0.031250 0.500000
vt 0.031250 0.500000
vt 0.031250 0.500000
vt 0.031250 0.500000
vt 0.031250 0.500000
vt 0.031250 0.500000
vt 0.031250 0.500000
vt 0.031250 0.500000
vt 0.031250 0.500000
vt 0.031250 0.500000
vt 0.031250 0.500000
vt 0.031250 0.500000
vt 0.031250 0.500000
vt 0.031250 0.500000
vt 0.031250 0.500000
vt 0.031250 0.500000
vt 0.031250 0.500000
vt 0.031250 0.500000
vt 0.031250 0.500000
vt 0.031250 0.500000
vt 0.031250 0.500000
vt 0.031250 0.500000
vt 0.031250 0.500000
vt 0.031250 0.500000
vt 0.031250 0.500000
vt 0.031250 0.500000
vt 0.031250 0.500000
vt 0.031250 0.500000
vt 0.031250 0.500000
vt 0.031250 0.500000
vt 0.031250 0.500000
vt 0.031250 0.500000
vt 0.031250 0.500000
vt 0.031250 0.500000
vt 0.031250 0.500000
vt 0.031250 0.500000
vt 0.031250 0.500000
vt 0.031250 0.500000
vt 0.031250 0.500000
vt 0.031250 0.500000
vt 0.031250 0.500000
vt 0.031250 0.500000
vt 0.031250 0.500000
vt 0.031250 0.500000
vt 0.031250 0.500000
vt 0.031250 0.500000
vt 0.031250 0.500000
vt 0.031250 0.500000
vt 0.031250 0.500000
vt 0.031250 0.500000
vt 0.031250 0.500000
vt 0.031250 0.500000
vt 0.031250 0.500000
vt 0.031250 0.500000
vt 0.031250 0.500000
vt 0.031250 0.500000
vt 0.031250 0.500000
vt 0.031250 0.500000
vt 0.031250 0.500000
vt 0.031250 0.500000
vt 0.031250 0.500000
vt 0.031250 0.500000
vt 0.031250 0.500000
vt 0.031250 0.500000
vt 0.031250 0.500000
vt 0.031250 0.500000
vt 0.031250 0.500000
vt 0.031250 0.500000
vt 0.031250 0.500000
vt 0.031250 0.500000
vt 0.031250 0.500000
vt 0.031250 0.500000
vt 0.031250 0.500000
vt 0.031250 0.500000
vt 0.031250 0.500000
vt 0.031250 0.500000
vt 0.031250 0.500000
vt 0.031250 0.500000
vt 0.031250 0.500000
vt 0.031250 0.500000
vt 0.031250 0.500000
vt 0.031250 0.500000
vt 0.031250 0.500000
vt 0.031250 0.500000
vt 0.031250 0.500000
vt 0.031250 0.500000
vt 0.031250 0.500000
vt 0.031250 0.500000
vt 0.031250 0.500000
vt 0.031250 0.500000
vt 0.031250 0.500000
vt 0.031250 0.500000
vt 0.031250 0.500000
vt 0.031250 0.500000
vt 0.031250 0.500000
vt 0.031250 0.500000
vt 0.031250 0.500000
vt 0.031250 0.500000
vt 0.031250 0.500000
vt 0.031250 0.500000
vt 0.031250 0.500000
vt 0.031250 0.500000
vt 0.031250 0.500000
vt 0.031250 0.500000
vt 0.031250 0.500000
vt 0.031250 0.500000
vt 0.031250 0.500000
vt 0.031250 0.500000
vt 0.031250 0.500000
vt 0.031250 0.500000
vt 0.031250 0.500000
vt 0.031250 0.500000
vt 0.031250 0.500000
vt 0.031250 0.500000
vt 0.031250 0.500000
vt 0.031250 0.500000
vt 0.031250 0.500000
vt 0.031250 0.500000
vt 0.031250 0.500000
vt 0.031250 0.500000
vt 0.031250 0.500000
vt 0.031250 0.500000
vt 0.031250 0.500000
vt 0.031250 0.500000
vt 0.031250 0.500000
vt 0.031250 0.500000
vt 0.031250 0.500000
vt 0.031250 0.500000
vt 0.031250 0.500000
vt 0.031250 0.500000
vt 0.031250 0.500000
vt 0.031250 0.500000
vt 0.031250 0.500000
vt 0.031250 0.500000
vt 0.031250 0.500000
vt 0.031250 0.500000
vt 0.031250 0.500000
vt 0.031250 0.500000
vt 0.031250 0.500000
vt 0.031250 0.500000
vt 0.031250 0.500000
vt 0.031250 0.500000
vt 0.031250 0.500000
vt 0.031250 0.500000
vt 0.031250 0.500000
vt 0.031250 0.500000
vt 0.031250 0.500000
vt 0.031250 0.500000
vt 0.031250 0.500000
vt 0.031250 0.500000
vt 0.031250 0.500000
vt 0.031250 0.500000
vt 0.031250 0.500000
vt 0.031250 0.500000
vt 0.031250 0.500000
vt 0.031250 0.500000
vt 0.031250 0.500000
vt 0.031250 0.500000
vt 0.031250 0.500000
vt 0.031250 0.500000
vt 0.031250 0.500000
vt 0.031250 0.500000
vt 0.031250 0.500000
vt 0.031250 0.500000
vt 0.031250 0.500000
vt 0.031250 0.500000
vt 0.031250 0.500000
vt 0.031250 0.500000
vt 0.031250 0.500000
vt 0.031250 0.500000
vt 0.031250 0.500000
vt 0.031250 0.500000
vt 0.031250 0.500000
vt 0.031250 0.500000
vt 0.031250 0.500000
vt 0.031250 0.500000
vt 0.031250 0.500000
vt 0.031250 0.500000
vt 0.031250 0.500000
vt 0.031250 0.500000
vt 0.031250 0.500000
vt 0.031250 0.500000
vt 0.031250 0.500000
vt 0.031250 0.500000
vt 0.031250 0.500000
vt 0.031250 0.500000
vt 0.031250 0.500000
vt 0.031250 0.500000
vt 0.031250 0.500000
vt 0.031250 0.500000
vt 0.031250 0.500000
vt 0.031250 0.500000
vt 0.031250 0.500000
vt 0.031250 0.500000
vt 0.031250 0.500000
vt 0.031250 0.500000
vt 0.031250 0.500000
vt 0.031250 0.500000
vt 0.031250 0.500000
vt 0.031250 0.500000
vt 0.031250 0.500000
vt 0.031250 0.500000
vt 0.031250 0.500000
vt 0.031250 0.500000
vt 0.031250 0.500000
vt 0.031250 0.500000
vt 0.031250 0.500000
vt 0.031250 0.500000
vt 0.031250 0.500000
vt 0.031250 0.500000
vt 0.031250 0.500000
vt 0.031250 0.500000
vt 0.031250 0.500000
vt 0.031250 0.500000
vt 0.031250 0.500000
vt 0.031250 0.500000
vt 0.031250 0.500000
vt 0.031250 0.500000
vt 0.031250 0.500000
vt 0.031250 0.500000
vt 0.031250 0.500000
vt 0.031250 0.500000
vt 0.031250 0.500000
vt 0.031250 0.500000
vt 0.031250 0.500000
vt 0.031250 0.500000
vt 0.031250 0.500000
vt 0.031250 0.500000
vt 0.031250 0.500000
vt 0.031250 0.500000
vt 0.031250 0.500000
vt 0.031250 0.500000
vt 0.031250 0.500000
vt 0.031250 0.500000
vt 0.031250 0.500000
vt 0.031250 0.500000
vt 0.031250 0.500000
vt 0.031250 0.500000
vt 0.031250 0.500000
vt 0.031250 0.500000
vt 0.031250 0.500000
vt 0.031250 0.500000
vt 0.031250 0.500000
vt 0.031250 0.500000
vt 0.031250 0.500000
vt 0.031250 0.500000
vt 0.031250 0.500000
vt 0.031250 0.500000
vt 0.031250 0.500000
vt 0.031250 0.500000
vt 0.031250 0.500000
vt 0.031250 0.500000
vt 0.031250 0.500000
vt 0.031250 0.500000
vt 0.031250 0.500000
vt 0.031250 0.500000
vt 0.031250 0.500000
vt 0.031250 0.500000
vt 0.031250 0.500000
vt 0.031250 0.500000
vt 0.031250 0.500000
vt 0.031250 0.500000
vt 0.031250 0.500000
vt 0.031250 0.500000
vt 0.031250 0.500000
vt 0.031250 0.500000
vt 0.031250 0.500000
vt 0.031250 0.500000
vt 0.031250 0.500000
vt 0.031250 0.500000
vt 0.031250 0.500000
vt 0.031250 0.500000
vt 0.031250 0.500000
vt 0.031250 0.500000
vt 0.031250 0.500000
vt 0.031250 0.500000
vt 0.031250 0.500000
vt 0.031250 0.500000
vt 0.031250 0.500000
vt 0.031250 0.500000
vt 0.031250 0.500000
vt 0.031250 0.500000
vt 0.031250 0.500000
vt 0.031250 0.500000
vt 0.031250 0.500000
vt 0.031250 0.500000
vt 0.031250 0.500000
vt 0.031250 0.500000
vt 0.031250 0.500000
vt 0.031250 0.500000
vt 0.031250 0.500000
vt 0.031250 0.500000
vt 0.031250 0.500000
vt 0.031250 0.500000
vt 0.031250 0.500000
vt 0.031250 0.500000
vt 0.031250 0.500000
vt 0.031250 0.500000
vt 0.031250 0.500000
vt 0.031250 0.500000
vt 0.031250 0.500000
vt 0.031250 0.500000
vt 0.031250 0.500000
vt 0.031250 0.500000
vt 0.031250 0.500000
vt 0.031250 0.500000
vt 0.031250 0.500000
vt 0.031250 0.500000
vt 0.031250 0.500000
vt 0.031250 0.500000
vt 0.031250 0.500000
vt 0.031250 0.500000
vt 0.031250 0.500000
vt 0.031250 0.500000
vt 0.031250 0.500000
vt 0.031250 0.500000
vt 0.031250 0.500000
vt 0.031250 0.500000
vt 0.031250 0.500000
vt 0.031250 0.500000
vt 0.031250 0.500000
vt 0.031250 0.500000
vt 0.031250 0.500000
vt 0.031250 0.500000
vt 0.031250 0.500000
vt 0.031250 0.500000
vt 0.031250 0.500000
vt 0.031250 0.500000
vt 0.031250 0.500000
vt 0.031250 0.500000
vt 0.031250 0.500000
vt 0.031250 0.500000
vt 0.031250 0.500000
vt 0.031250 0.500000
vt 0.031250 0.500000
vt 0.031250 0.500000
vt 0.031250 0.500000
vt 0.031250 0.500000
vt 0.031250 0.500000
vt 0.031250 0.500000
vt 0.031250 0.500000
vt 0.031250 0.500000
vt 0.031250 0.500000
vt 0.031250 0.500000
vt 0.031250 0.500000
vt 0.031250 0.500000
vt 0.031250 0.500000
vt 0.031250 0.500000
vt 0.031250 0.500000
vt 0.031250 0.500000
vt 0.031250 0.500000
vt 0.031250 0.500000
vt 0.031250 0.500000
vt 0.031250 0.500000
vt 0.031250 0.500000
vt 0.031250 0.500000
vt 0.031250 0.500000
vt 0.031250 0.500000
vt 0.031250 0.500000
vt 0.031250 0.500000
vt 0.031250 0.500000
vt 0.031250 0.500000
vt 0.031250 0.500000
vt 0.031250 0.500000
vt 0.031250 0.500000
vt 0.031250 0.500000
vt 0.031250 0.500000
vt 0.031250 0.500000
vt 0.031250 0.500000
vt 0.031250 0.500000
vt 0.031250 0.500000
vt 0.031250 0.500000
vt 0.031250 0.500000
vt 0.031250 0.500000
vt 0.031250 0.500000
vt 0.031250 0.500000
vt 0.031250 0.500000
vt 0.031250 0.500000
vt 0.031250 0.500000
vt 0.031250 0.500000
vt 0.031250 0.500000
vt 0.031250 0.500000
vt 0.031250 0.500000
vt 0.031250 0.500000
vt 0.031250 0.500000
vt 0.031250 0.500000
vt 0.031250 0.500000
vt 0.031250 0.500000
vt 0.031250 0.500000
vt 0.031250 0.500000
vt 0.031250 0.500000
vt 0.031250 0.500000
vt 0.031250 0.500000
vt 0.031250 0.500000
vt 0.031250 0.500000
vt 0.031250 0.500000
vt 0.031250 0.500000
vt 0.031250 0.500000
vt 0.031250 0.500000
vt 0.031250 0.500000
vt 0.031250 0.500000
vt 0.031250 0.500000
vt 0.031250 0.500000
vt 0.031250 0.500000
vt 0.031250 0.500000
vt 0.031250 0.500000
vt 0.031250 0.500000
vt 0.031250 0.500000
vt 0.031250 0.500000
vt 0.031250 0.500000
vt 0.031250 0.500000
vt 0.031250 0.500000
vt 0.031250 0.500000
vt 0.031250 0.500000
vt 0.031250 0.500000
vt 0.031250 0.500000
vt 0.031250 0.500000
vt 0.031250 0.500000
vt 0.031250 0.500000
vt 0.031250 0.500000
vt 0.031250 0.500000
vt 0.031250 0.500000
vt 0.031250 0.500000
vt 0.031250 0.500000
vt 0.031250 0.500000
vt 0.031250 0.500000
vt 0.031250 0.500000
vt 0.031250 0.500000
vt 0.031250 0.500000
vt 0.031250 0.500000
vt 0.031250 0.500000
vt 0.031250 0.500000
vt 0.031250 0.500000
vt 0.031250 0.500000
vt 0.031250 0.500000
vt 0.031250 0.500000
vt 0.031250 0.500000
vt 0.031250 0.500000
vt 0.031250 0.500000
vt 0.031250 0.500000
vt 0.031250 0.500000
vt 0.031250 0.500000
vt 0.031250 0.500000
vt 0.031250 0.500000
vt 0.031250 0.500000
vt 0.031250 0.500000
vt 0.031250 0.500000
vt 0.031250 0.500000
vt 0.031250 0.500000
vt 0.031250 0.500000
vt 0.031250 0.500000
vt 0.031250 0.500000
vt 0.031250 0.500000
vt 0.031250 0.500000
vt 0.031250 0.500000
vt 0.031250 0.500000
vt 0.031250 0.500000
vt 0.031250 0.500000
vt 0.031250 0.500000
vt 0.031250 0.500000
vt 0.031250 0.500000
vt 0.031250 0.500000
vt 0.031250 0.500000
vt 0.031250 0.500000
vt 0.031250 0.500000
vt 0.031250 0.500000
vt 0.031250 0.500000
vt 0.031250 0.500000
vt 0.031250 0.500000
vt 0.031250 0.500000
vt 0.031250 0.500000
vt 0.031250 0.500000
vt 0.031250 0.500000
vt 0.031250 0.500000
vt 0.031250 0.500000
vt 0.031250 0.500000
vt 0.031250 0.500000
vt 0.031250 0.500000
vt 0.031250 0.500000
vt 0.031250 0.500000
vt 0.031250 0.500000
vt 0.031250 0.500000
vt 0.031250 0.500000
vt 0.031250 0.500000
vt 0.031250 0.500000
vt 0.031250 0.500000
vt 0.031250 0.500000
vt 0.031250 0.500000
vt 0.031250 0.500000
vt 0.031250 0.500000
vt 0.031250 0.500000
vt 0.031250 0.500000
vt 0.031250 0.500000
vt 0.031250 0.500000
vt 0.031250 0.500000
vt 0.031250 0.500000
vt 0.031250 0.500000
vt 0.031250 0.500000
vt 0.031250 0.500000
vt 0.031250 0.500000
vt 0.031250 0.500000
vt 0.031250 0.500000
vt 0.031250 0.500000
vt 0.031250 0.500000
vt 0.031250 0.500000
vt 0.031250 0.500000
vt 0.031250 0.500000
vt 0.031250 0.500000
vt 0.031250 0.500000
vt 0.031250 0.500000
vt 0.031250 0.500000
vt 0.031250 0.500000
vt 0.031250 0.500000
vt 0.031250 0.500000
vt 0.031250 0.500000
vt 0.031250 0.500000
vt 0.031250 0.500000
vt 0.031250 0.500000
vt 0.031250 0.500000
vt 0.031250 0.500000
vt 0.031250 0.500000
vt 0.031250 0.500000
vt 0.031250 0.500000
vt 0.031250 0.500000
vt 0.031250 0.500000
vt 0.031250 0.500000
vt 0.031250 0.500000
vt 0.031250 0.500000
vt 0.031250 0.500000
vt 0.031250 0.500000
vt 0.031250 0.500000
vt 0.031250 0.500000
vt 0.031250 0.500000
vt 0.031250 0.500000
vt 0.031250 0.500000
vt 0.031250 0.500000
vt 0.031250 0.500000
vt 0.031250 0.500000
vt 0.031250 0.500000
vt 0.031250 0.500000
vt 0.031250 0.500000
vt 0.031250 0.500000
vt 0.031250 0.500000
vt 0.031250 0.500000
vt 0.031250 0.500000
vt 0.031250 0.500000
vt 0.031250 0.500000
vt 0.031250 0.500000
vt 0.031250 0.500000
vt 0.031250 0.500000
vt 0.031250 0.500000
vt 0.031250 0.500000
vt 0.031250 0.500000
vt 0.031250 0.500000
vt 0.031250 0.500000
vt 0.031250 0.500000
vt 0.031250 0.500000
vt 0.031250 0.500000
vt 0.031250 0.500000
vt 0.031250 0.500000
vt 0.031250 0.500000
vt 0.031250 0.500000
vt 0.031250 0.500000
vt 0.031250 0.500000
vt 0.031250 0.500000
vt 0.031250 0.500000
vt 0.031250 0.500000
vt 0.031250 0.500000
vt 0.031250 0.500000
vt 0.031250 0.500000
vt 0.031250 0.500000
vt 0.031250 0.500000
vt 0.031250 0.500000
vt 0.031250 0.500000
vt 0.031250 0.500000
vt 0.031250 0.500000
vt 0.031250 0.500000
vt 0.031250 0.500000
vt 0.031250 0.500000
vt 0.031250 0.500000
vt 0.031250 0.500000
vt 0.031250 0.500000
vt 0.031250 0.500000
vt 0.031250 0.500000
vt 0.031250 0.500000
vt 0.031250 0.500000
vt 0.031250 0.500000
vt 0.031250 0.500000
vt 0.031250 0.500000
vt 0.031250 0.500000
vt 0.031250 0.500000
vt 0.031250 0.500000
vt 0.031250 0.500000
vt 0.031250 0.500000
vt 0.031250 0.500000
vt 0.031250 0.500000
vt 0.031250 0.500000
vt 0.031250 0.500000
vt 0.031250 0.500000
vt 0.031250 0.500000
vt 0.031250 0.500000
vt 0.031250 0.500000
vt 0.031250 0.500000
vt 0.031250 0.500000
vt 0.031250 0.500000
vt 0.031250 0.500000
vt 0.031250 0.500000
vt 0.031250 0.500000
vt 0.031250 0.500000
vt 0.031250 0.500000
vt 0.031250 0.500000
vt 0.031250 0.500000
vt 0.031250 0.500000
vt 0.031250 0.500000
vt 0.031250 0.500000
vt 0.031250 0.500000
vt 0.031250 0.500000
vt 0.031250 0.500000
vt 0.031250 0.500000
vt 0.031250 0.500000
vt 0.031250 0.500000
vt 0.031250 0.500000
vt 0.031250 0.500000
vt 0.031250 0.500000
vt 0.031250 0.500000
vt 0.031250 0.500000
vt 0.031250 0.500000
vt 0.031250 0.500000
vt 0.031250 0.500000
vt 0.031250 0.500000
vt 0.031250 0.500000
vt 0.031250 0.500000
vt 0.031250 0.500000
vt 0.031250 0.500000
vt 0.031250 0.500000
vt 0.031250 0.500000
vt 0.031250 0.500000
vt 0.031250 0.500000
vt 0.031250 0.500000
vt 0.031250 0.500000
vt 0.031250 0.500000
vt 0.031250 0.500000
vt 0.031250 0.500000
vt 0.031250 0.500000
vt 0.031250 0.500000
vt 0.031250 0.500000
vt 0.031250 0.500000
vt 0.031250 0.500000
vt 0.031250 0.500000
vt 0.031250 0.500000
vt 0.031250 0.500000
vt 0.031250 0.500000
vt 0.031250 0.500000
vt 0.031250 0.500000
vt 0.031250 0.500000
vt 0.031250 0.500000
vt 0.031250 0.500000
vt 0.031250 0.500000
vt 0.031250 0.500000
vt 0.031250 0.500000
vt 0.031250 0.500000
vt 0.031250 0.500000
vt 0.031250 0.500000
vt 0.031250 0.500000
vt 0.031250 0.500000
vt 0.031250 0.500000
vt 0.031250 0.500000
vt 0.031250 0.500000
vt 0.031250 0.500000
vt 0.031250 0.500000
vt 0.031250 0.500000
vt 0.031250 0.500000
vt 0.031250 0.500000
vt 0.031250 0.500000
vt 0.031250 0.500000
vt 0.031250 0.500000
vt 0.031250 0.500000
vt 0.031250 0.500000
vt 0.031250 0.500000
vt 0.031250 0.500000
vt 0.031250 0.500000
vt 0.031250 0.500000
vt 0.031250 0.500000
vt 0.031250 0.500000
vt 0.031250 0.500000
vt 0.031250 0.500000
vt 0.031250 0.500000
vt 0.031250 0.500000
vt 0.031250 0.500000
vt 0.031250 0.500000
vt 0.031250 0.500000
vt 0.031250 0.500000
vt 0.031250 0.500000
vt 0.031250 0.500000
vt 0.031250 0.500000
vt 0.031250 0.500000
vt 0.031250 0.500000
vt 0.031250 0.500000
vt 0.031250 0.500000
vt 0.031250 0.500000
vt 0.031250 0.500000
vt 0.031250 0.500000
vt 0.031250 0.500000
vt 0.031250 0.500000
vt 0.031250 0.500000
vt 0.031250 0.500000
vt 0.031250 0.500000
vt 0.031250 0.500000
vt 0.031250 0.500000
vt 0.031250 0.500000
vt 0.031250 0.500000
vt 0.031250 0.500000
vt 0.031250 0.500000
vt 0.031250 0.500000
vt 0.031250 0.500000
vt 0.031250 0.500000
vt 0.031250 0.500000
vt 0.031250 0.500000
vt 0.031250 0.500000
vt 0.031250 0.500000
vt 0.031250 0.500000
vt 0.031250 0.500000
vt 0.031250 0.500000
vt 0.031250 0.500000
vt 0.031250 0.500000
vt 0.031250 0.500000
vt 0.031250 0.500000
vt 0.031250 0.500000
vt 0.031250 0.500000
vt 0.031250 0.500000
vt 0.031250 0.500000
vt 0.031250 0.500000
vt 0.031250 0.500000
vt 0.031250 0.500000
vt 0.031250 0.500000
vt 0.031250 0.500000
vt 0.031250 0.500000
vt 0.031250 0.500000
vt 0.031250 0.500000
vt 0.031250 0.500000
vt 0.031250 0.500000
vt 0.031250 0.500000
vt 0.031250 0.500000
vt 0.031250 0.500000
vt 0.031250 0.500000
vt 0.031250 0.500000
vt 0.031250 0.500000
vt 0.031250 0.500000
vt 0.031250 0.500000
vt 0.031250 0.500000
vt 0.031250 0.500000
vt 0.031250 0.500000
vt 0.031250 0.500000
vt 0.031250 0.500000
vt 0.031250 0.500000
vt 0.031250 0.500000
vt 0.031250 0.500000
vt 0.031250 0.500000
vt 0.031250 0.500000
vt 0.031250 0.500000
vt 0.031250 0.500000
vt 0.031250 0.500000
vt 0.031250 0.500000
vt 0.031250 0.500000
vt 0.031250 0.500000
vt 0.031250 0.500000
vt 0.031250 0.500000
vt 0.031250 0.500000
vt 0.031250 0.500000
vt 0.031250 0.500000
vt 0.031250 0.500000
vt 0.031250 0.500000
vt 0.031250 0.500000
vt 0.031250 0.500000
vt 0.031250 0.500000
vt 0.031250 0.500000
vt 0.031250 0.500000
vt 0.031250 0.500000
vt 0.031250 0.500000
vt 0.031250 0.500000
vt 0.031250 0.500000
vt 0.031250 0.500000
vt 0.031250 0.500000
vt 0.031250 0.500000
vt 0.031250 0.500000
vt 0.031250 0.500000
vt 0.031250 0.500000
vt 0.031250 0.500000
vt 0.031250 0.500000
vt 0.031250 0.500000
vt 0.031250 0.500000
vt 0.031250 0.500000
vt 0.031250 0.500000
vt 0.031250 0.500000
vt 0.031250 0.500000
vt 0.031250 0.500000
vt 0.031250 0.500000
vt 0.031250 0.500000
vt 0.031250 0.500000
vt 0.031250 0.500000
vt 0.031250 0.500000
vt 0.031250 0.500000
vt 0.031250 0.500000
vt 0.031250 0.500000
vt 0.031250 0.500000
vt 0.031250 0.500000
vt 0.031250 0.500000
vt 0.031250 0.500000
vt 0.031250 0.500000
vt 0.031250 0.500000
vt 0.031250 0.500000
vt 0.031250 0.500000
vt 0.031250 0.500000
vt 0.031250 0.500000
vt 0.031250 0.500000
vt 0.031250 0.500000
vt 0.031250 0.500000
vt 0.031250 0.500000
vt 0.031250 0.500000
vt 0.031250 0.500000
vt 0.031250 0.500000
vt 0.031250 0.500000
vt 0.031250 0.500000
vt 0.031250 0.500000
vt 0.031250 0.500000
vt 0.031250 0.500000
vt 0.031250 0.500000
vt 0.031250 0.500000
vt 0.031250 0.500000
vt 0.031250 0.500000
vt 0.031250 0.500000
vt 0.031250 0.500000
vt 0.031250 0.500000
vt 0.031250 0.500000
vt 0.031250 0.500000
vt 0.031250 0.500000
vt 0.031250 0.500000
vt 0.031250 0.500000
vt 0.031250 0.500000
vt 0.031250 0.500000
vt 0.031250 0.500000
vt 0.031250 0.500000
vt 0.031250 0.500000
vt 0.031250 0.500000
vt 0.031250 0.500000
vt 0.031250 0.500000
vt 0.031250 0.500000
vt 0.031250 0.500000
vt 0.031250 0.500000
vt 0.031250 0.500000
vt 0.031250 0.500000
vt 0.031250 0.500000
vt 0.031250 0.500000
vt 0.031250 0.500000
vt 0.031250 0.500000
vt 0.031250 0.500000
vt 0.031250 0.500000
vt 0.031250 0.500000
vt 0.031250 0.500000
vt 0.031250 0.500000
vt 0.031250 0.500000
vt 0.031250 0.500000
vt 0.031250 0.500000
vt 0.031250 0.500000
vt 0.031250 0.500000
vt 0.031250 0.500000
vt 0.031250 0.500000
vt 0.031250 0.500000
vt 0.031250 0.500000
vt 0.031250 0.500000
vt 0.031250 0.500000
vt 0.031250 0.500000
vt 0.031250 0.500000
vt 0.031250 0.500000
vt 0.031250 0.500000
vt 0.031250 0.500000
vt 0.031250 0.500000
vt 0.031250 0.500000
vt 0.031250 0.500000
vt 0.031250 0.500000
vt 0.031250 0.500000
vt 0.031250 0.500000
vt 0.031250 0.500000
vt 0.031250 0.500000
vt 0.031250 0.500000
vt 0.031250 0.500000
vt 0.031250 0.500000
vt 0.031250 0.500000
vt 0.031250 0.500000
vt 0.031250 0.500000
vt 0.031250 0.500000
vt 0.031250 0.500000
vt 0.031250 0.500000
vt 0.031250 0.500000
vt 0.031250 0.500000
vt 0.031250 0.500000
vt 0.031250 0.500000
vt 0.031250 0.500000
vt 0.031250 0.500000
vt 0.031250 0.500000
vt 0.031250 0.500000
vt 0.031250 0.500000
vt 0.031250 0.500000
vt 0.031250 0.500000
vt 0.031250 0.500000
vt 0.031250 0.500000
vt 0.031250 0.500000
vt 0.031250 0.500000
vt 0.031250 0.500000
vt 0.031250 0.500000
vt 0.031250 0.500000
vt 0.031250 0.500000
vt 0.031250 0.500000
vt 0.031250 0.500000
vt 0.031250 0.500000
vt 0.031250 0.500000
vt 0.031250 0.500000
vt 0.031250 0.500000
vt 0.031250 0.500000
vt 0.031250 0.500000
vt 0.031250 0.500000
vt 0.031250 0.500000
vt 0.031250 0.500000
vt 0.031250 0.500000
vt 0.031250 0.500000
vt 0.031250 0.500000
vt 0.031250 0.500000
vt 0.031250 0.500000
vt 0.031250 0.500000
vt 0.031250 0.500000
vt 0.031250 0.500000
vt 0.031250 0.500000
vt 0.031250 0.500000
vt 0.031250 0.500000
vt 0.031250 0.500000
vt 0.031250 0.500000
vt 0.031250 0.500000
vt 0.031250 0.500000
vt 0.031250 0.500000
vt 0.031250 0.500000
vt 0.031250 0.500000
vt 0.031250 0.500000
vt 0.031250 0.500000
vt 0.031250 0.500000
vt 0.031250 0.500000
vt 0.031250 0.500000
vt 0.031250 0.500000
vt 0.031250 0.500000
vt 0.031250 0.500000
vt 0.031250 0.500000
vt 0.031250 0.500000
vt 0.031250 0.500000
vt 0.031250 0.500000
vt 0.031250 0.500000
vt 0.031250 0.500000
vt 0.031250 0.500000
vt 0.031250 0.500000
vt 0.031250 0.500000
vt 0.031250 0.500000
vt 0.031250 0.500000
vt 0.031250 0.500000
vt 0.031250 0.500000
vt 0.031250 0.500000
vt 0.031250 0.500000
vt 0.031250 0.500000
vt 0.031250 0.500000
vt 0.031250 0.500000
vt 0.031250 0.500000
vt 0.031250 0.500000
vt 0.031250 0.500000
vt 0.031250 0.500000
vt 0.031250 0.500000
vt 0.031250 0.500000
vt 0.031250 0.500000
vt 0.031250 0.500000
vt 0.031250 0.500000
vt 0.031250 0.500000
vt 0.031250 0.500000
vt 0.031250 0.500000
vt 0.031250 0.500000
vt 0.031250 0.500000
vt 0.031250 0.500000
vt 0.031250 0.500000
vt 0.031250 0.500000
vt 0.031250 0.500000
vt 0.031250 0.500000
vt 0.031250 0.500000
vt 0.031250 0.500000
vt 0.031250 0.500000
vt 0.031250 0.500000
vt 0.031250 0.500000
vt 0.031250 0.500000
vt 0.031250 0.500000
vt 0.031250 0.500000
vt 0.031250 0.500000
vt 0.031250 0.500000
vt 0.031250 0.500000
vt 0.031250 0.500000
vt 0.031250 0.500000
vt 0.031250 0.500000
vt 0.031250 0.500000
vt 0.031250 0.500000
vt 0.031250 0.500000
vt 0.031250 0.500000
vt 0.031250 0.500000
vt 0.031250 0.500000
vt 0.031250 0.500000
vt 0.031250 0.500000
vt 0.031250 0.500000
vt 0.031250 0.500000
vt 0.031250 0.500000
vt 0.031250 0.500000
vt 0.031250 0.500000
vt 0.031250 0.500000
vt 0.031250 0.500000
vt 0.031250 0.500000
vt 0.031250 0.500000
vt 0.031250 0.500000
vt 0.031250 0.500000
vt 0.031250 0.500000
vt 0.031250 0.500000
vt 0.031250 0.500000
vt 0.031250 0.500000
vt 0.031250 0.500000
vt 0.031250 0.500000
vt 0.031250 0.500000
vt 0.031250 0.500000
vt 0.031250 0.500000
vt 0.031250 0.500000
vt 0.031250 0.500000
vt 0.031250 0.500000
vt 0.031250 0.500000
vt 0.031250 0.500000
vt 0.031250 0.500000
vt 0.031250 0.500000
vt 0.031250 0.500000
vt 0.031250 0.500000
vt 0.031250 0.500000
vt 0.031250 0.500000
vt 0.031250 0.500000
vt 0.031250 0.500000
vt 0.031250 0.500000
vt 0.031250 0.500000
vt 0.031250 0.500000
vt 0.031250 0.500000
vt 0.031250 0.500000
vt 0.031250 0.500000
vt 0.031250 0.500000
vt 0.031250 0.500000
vt 0.031250 0.500000
vt 0.031250 0.500000
vt 0.031250 0.500000
vt 0.031250 0.500000
vt 0.031250 0.500000
vt 0.031250 0.500000
vt 0.031250 0.500000
vt 0.031250 0.500000
vt 0.031250 0.500000
vt 0.031250 0.500000
vt 0.031250 0.500000
vt 0.031250 0.500000
vt 0.031250 0.500000
vt 0.031250 0.500000
vt 0.031250 0.500000
vt 0.031250 0.500000
vt 0.031250 0.500000
vt 0.031250 0.500000
vt 0.031250 0.500000
vt 0.031250 0.500000
vt 0.031250 0.500000
vt 0.031250 0.500000
vt 0.031250 0.500000
vt 0.031250 0.500000
vt 0.031250 0.500000
vt 0.031250 0.500000
vt 0.031250 0.500000
vt 0.031250 0.500000
vt 0.031250 0.500000
vt 0.031250 0.500000
vt 0.031250 0.500000
vt 0.031250 0.500000
vt 0.031250 0.500000
vt 0.031250 0.500000
vt 0.031250 0.500000
vt 0.031250 0.500000
vt 0.031250 0.500000
vt 0.031250 0.500000
vt 0.031250 0.500000
vt 0.031250 0.500000
vt 0.031250 0.500000
vt 0.031250 0.500000
vt 0.031250 0.500000
vt 0.031250 0.500000
vt 0.031250 0.500000
vt 0.031250 0.500000
vt 0.031250 0.500000
vt 0.031250 0.500000
vt 0.031250 0.500000
vt 0.031250 0.500000
vt 0.031250 0.500000
vt 0.031250 0.500000
vt 0.031250 0.500000
vt 0.031250 0.500000
vt 0.031250 0.500000
vt 0.031250 0.500000
vt 0.031250 0.500000
vt 0.031250 0.500000
vt 0.031250 0.500000
vt 0.031250 0.500000
vt 0.031250 0.500000
vt 0.031250 0.500000
vt 0.031250 0.500000
vt 0.031250 0.500000
vt 0.031250 0.500000
vt 0.031250 0.500000
vt 0.031250 0.500000
vt 0.031250 0.500000
vt 0.031250 0.500000
vt 0.031250 0.500000
vt 0.031250 0.500000
vt 0.031250 0.500000
vt 0.031250 0.500000
vt 0.031250 0.500000
vt 0.031250 0.500000
vt 0.031250 0.500000
vt 0.031250 0.500000
vt 0.031250 0.500000
vt 0.031250 0.500000
vt 0.031250 0.500000
vt 0.031250 0.500000
vt 0.031250 0.500000
vt 0.031250 0.500000
vt 0.031250 0.500000
vt 0.031250 0.500000
vt 0.031250 0.500000
vt 0.031250 0.500000
vt 0.031250 0.500000
vt 0.031250 0.500000
vt 0.031250 0.500000
vt 0.031250 0.500000
vt 0.031250 0.500000
vt 0.031250 0.500000
vt 0.031250 0.500000
vt 0.031250 0.500000
vt 0.031250 0.500000
vt 0.031250 0.500000
vt 0.031250 0.500000
vt 0.031250 0.500000
vt 0.031250 0.500000
vt 0.031250 0.500000
vt 0.031250 0.500000
vt 0.031250 0.500000
vt 0.031250 0.500000
vt 0.031250 0.500000
vt 0.031250 0.500000
vt 0.031250 0.500000
vt 0.031250 0.500000
vt 0.031250 0.500000
vt 0.031250 0.500000
vt 0.031250 0.500000
vt 0.031250 0.500000
vt 0.031250 0.500000
vt 0.031250 0.500000
vt 0.031250 0.500000
vt 0.031250 0.500000
vt 0.031250 0.500000
vt 0.031250 0.500000
vt 0.031250 0.500000
vt 0.031250 0.500000
vt 0.031250 0.500000
vt 0.031250 0.500000
vt 0.031250 0.500000
vt 0.031250 0.500000
vt 0.031250 0.500000
vt 0.031250 0.500000
vt 0.031250 0.500000
vt 0.031250 0.500000
vt 0.031250 0.500000
vt 0.031250 0.500000
vt 0.031250 0.500000
vt 0.031250 0.500000
vt 0.031250 0.500000
vt 0.031250 0.500000
vt 0.031250 0.500000
vt 0.031250 0.500000
vt 0.031250 0.500000
vt 0.031250 0.500000
vt 0.031250 0.500000
vt 0.031250 0.500000
vt 0.031250 0.500000
vt 0.031250 0.500000
vt 0.031250 0.500000
vt 0.031250 0.500000
vt 0.031250 0.500000
vt 0.031250 0.500000
vt 0.031250 0.500000
vt 0.031250 0.500000
vt 0.031250 0.500000
vt 0.031250 0.500000
vt 0.031250 0.500000
vt 0.031250 0.500000
vt 0.031250 0.500000
vt 0.031250 0.500000
vt 0.031250 0.500000
vt 0.031250 0.500000
vt 0.031250 0.500000
vt 0.031250 0.500000
vt 0.031250 0.500000
vt 0.031250 0.500000
vt 0.031250 0.500000
vt 0.031250 0.500000
vt 0.031250 0.500000
vt 0.031250 0.500000
vt 0.031250 0.500000
vt 0.031250 0.500000
vt 0.031250 0.500000
vt 0.031250 0.500000
vt 0.031250 0.500000
vt 0.031250 0.500000
vt 0.031250 0.500000
vt 0.031250 0.500000
vt 0.031250 0.500000
vt 0.031250 0.500000
vt 0.031250 0.500000
vt 0.031250 0.500000
vt 0.031250 0.500000
vt 0.031250 0.500000
vt 0.031250 0.500000
vt 0.031250 0.500000
vt 0.031250 0.500000
vt 0.031250 0.500000
vt 0.031250 0.500000
vt 0.031250 0.500000
vt 0.031250 0.500000
vt 0.031250 0.500000
vt 0.031250 0.500000
vt 0.031250 0.500000
vt 0.031250 0.500000
vt 0.031250 0.500000
vt 0.031250 0.500000
vt 0.031250 0.500000
vt 0.031250 0.500000
vt 0.031250 0.500000
vt 0.031250 0.500000
vt 0.031250 0.500000
vt 0.031250 0.500000
vt 0.031250 0.500000
vt 0.031250 0.500000
vt 0.031250 0.500000
vt 0.031250 0.500000
vt 0.031250 0.500000
vt 0.031250 0.500000
vt 0.031250 0.500000
vt 0.031250 0.500000
vt 0.031250 0.500000
vt 0.031250 0.500000
vt 0.031250 0.500000
vt 0.031250 0.500000
vt 0.031250 0.500000
vt 0.031250 0.500000
vt 0.031250 0.500000
vt 0.031250 0.500000
vt 0.031250 0.500000
vt 0.031250 0.500000
vt 0.031250 0.500000
vt 0.031250 0.500000
vt 0.031250 0.500000
vt 0.031250 0.500000
vt 0.031250 0.500000
vt 0.031250 0.500000
vt 0.031250 0.500000
vt 0.031250 0.500000
vt 0.031250 0.500000
vt 0.031250 0.500000
vt 0.031250 0.500000
vt 0.031250 0.500000
vt 0.031250 0.500000
vt 0.031250 0.500000
vt 0.031250 0.500000
vt 0.031250 0.500000
vt 0.031250 0.500000
vt 0.031250 0.500000
vt 0.031250 0.500000
vt 0.031250 0.500000
vt 0.031250 0.500000
vt 0.031250 0.500000
vt 0.031250 0.500000
vt 0.031250 0.500000
vt 0.031250 0.500000
vt 0.031250 0.500000
vt 0.031250 0.500000
vt 0.031250 0.500000
vt 0.031250 0.500000
vt 0.031250 0.500000
vt 0.031250 0.500000
vt 0.031250 0.500000
vt 0.031250 0.500000
vt 0.031250 0.500000
vt 0.031250 0.500000
vt 0.031250 0.500000
vt 0.031250 0.500000
vt 0.031250 0.500000
vt 0.031250 0.500000
vt 0.031250 0.500000
vt 0.031250 0.500000
vt 0.031250 0.500000
vt 0.031250 0.500000
vt 0.031250 0.500000
vt 0.031250 0.500000
vt 0.031250 0.500000
vt 0.031250 0.500000
vt 0.031250 0.500000
vt 0.031250 0.500000
vt 0.031250 0.500000
vt 0.031250 0.500000
vt 0.031250 0.500000
vt 0.031250 0.500000
vt 0.031250 0.500000
vt 0.031250 0.500000
vt 0.031250 0.500000
vt 0.031250 0.500000
vt 0.031250 0.500000
vt 0.031250 0.500000
vt 0.031250 0.500000
vt 0.031250 0.500000
vt 0.031250 0.500000
vt 0.031250 0.500000
vt 0.031250 0.500000
vt 0.031250 0.500000
vt 0.031250 0.500000
vt 0.031250 0.500000
vt 0.031250 0.500000
vt 0.031250 0.500000
vt 0.031250 0.500000
vt 0.031250 0.500000
vt 0.031250 0.500000
vt 0.031250 0.500000
vt 0.031250 0.500000
vt 0.031250 0.500000
vt 0.031250 0.500000
vt 0.031250 0.500000
vt 0.031250 0.500000
vt 0.031250 0.500000
vt 0.031250 0.500000
vt 0.031250 0.500000
vt 0.031250 0.500000
vt 0.031250 0.500000
vt 0.031250 0.500000
vt 0.031250 0.500000
vt 0.031250 0.500000
vt 0.031250 0.500000
vt 0.031250 0.500000
vt 0.031250 0.500000
vt 0.031250 0.500000
vt 0.031250 0.500000
vt 0.031250 0.500000
vt 0.031250 0.500000
vt 0.031250 0.500000
vt 0.031250 0.500000
vt 0.031250 0.500000
vt 0.031250 0.500000
vt 0.031250 0.500000
vt 0.031250 0.500000
vt 0.031250 0.500000
vt 0.031250 0.500000
vt 0.031250 0.500000
vt 0.031250 0.500000
vt 0.031250 0.500000
vt 0.031250 0.500000
vt 0.031250 0.500000
vt 0.031250 0.500000
vt 0.031250 0.500000
vt 0.031250 0.500000
vt 0.031250 0.500000
vt 0.031250 0.500000
vt 0.031250 0.500000
vt 0.031250 0.500000
vt 0.031250 0.500000
vt 0.031250 0.500000
vt 0.031250 0.500000
vt 0.031250 0.500000
vt 0.031250 0.500000
vt 0.031250 0.500000
vt 0.031250 0.500000
vt 0.031250 0.500000
vt 0.031250 0.500000
vt 0.031250 0.500000
vt 0.031250 0.500000
vt 0.031250 0.500000
vt 0.031250 0.500000
vt 0.031250 0.500000
vt 0.031250 0.500000
vt 0.031250 0.500000
vt 0.031250 0.500000
vt 0.031250 0.500000
vt 0.031250 0.500000
vt 0.031250 0.500000
vt 0.031250 0.500000
vt 0.031250 0.500000
vt 0.031250 0.500000
vt 0.031250 0.500000
vt 0.031250 0.500000
vt 0.031250 0.500000
vt 0.031250 0.500000
vt 0.031250 0.500000
vt 0.031250 0.500000
vt 0.031250 0.500000
vt 0.031250 0.500000
vt 0.031250 0.500000
vt 0.031250 0.500000
vt 0.031250 0.500000
vt 0.031250 0.500000
vt 0.031250 0.500000
vt 0.031250 0.500000
vt 0.031250 0.500000
vt 0.031250 0.500000
vt 0.031250 0.500000
vt 0.031250 0.500000
vt 0.031250 0.500000
vt 0.031250 0.500000
vt 0.031250 0.500000
vt 0.031250 0.500000
vt 0.031250 0.500000
vt 0.031250 0.500000
vt 0.031250 0.500000
vt 0.031250 0.500000
vt 0.031250 0.500000
vt 0.031250 0.500000
vt 0.031250 0.500000
vt 0.031250 0.500000
vt 0.031250 0.500000
vt 0.031250 0.500000
vt 0.031250 0.500000
vt 0.031250 0.500000
vt 0.031250 0.500000
vt 0.031250 0.500000
vt 0.031250 0.500000
vt 0.031250 0.500000
vt 0.031250 0.500000
vt 0.031250 0.500000
vt 0.031250 0.500000
vt 0.031250 0.500000
vt 0.031250 0.500000
vt 0.031250 0.500000
vt 0.031250 0.500000
vt 0.031250 0.500000
vt 0.031250 0.500000
vt 0.031250 0.500000
vt 0.031250 0.500000
vt 0.031250 0.500000
vt 0.031250 0.500000
vt 0.031250 0.500000
vt 0.031250 0.500000
vt 0.031250 0.500000
vt 0.031250 0.500000
vt 0.031250 0.500000
vt 0.031250 0.500000
vt 0.031250 0.500000
vt 0.031250 0.500000
vt 0.031250 0.500000
vt 0.031250 0.500000
vt 0.031250 0.500000
vt 0.031250 0.500000
vt 0.031250 0.500000
vt 0.031250 0.500000
vt 0.031250 0.500000
vt 0.031250 0.500000
vt 0.031250 0.500000
vt 0.031250 0.500000
vt 0.031250 0.500000
vt 0.031250 0.500000
vt 0.031250 0.500000
vt 0.031250 0.500000
vt 0.031250 0.500000
vt 0.031250 0.500000
vt 0.031250 0.500000
vt 0.031250 0.500000
vt 0.031250 0.500000
vt 0.031250 0.500000
vt 0.031250 0.500000
vt 0.031250 0.500000
vt 0.031250 0.500000
vt 0.031250 0.500000
vt 0.031250 0.500000
vt 0.031250 0.500000
vt 0.031250 0.500000
vt 0.031250 0.500000
vt 0.031250 0.500000
vt 0.031250 0.500000
vt 0.031250 0.500000
vt 0.031250 0.500000
vt 0.031250 0.500000
vt 0.031250 0.500000
vt 0.031250 0.500000
vt 0.031250 0.500000
vt 0.031250 0.500000
vt 0.031250 0.500000
vt 0.031250 0.500000
vt 0.031250 0.500000
vt 0.031250 0.500000
vt 0.031250 0.500000
vt 0.031250 0.500000
vt 0.031250 0.500000
vt 0.031250 0.500000
vt 0.031250 0.500000
vt 0.031250 0.500000
vt 0.031250 0.500000
vt 0.031250 0.500000
vt 0.031250 0.500000
vt 0.031250 0.500000
vt 0.031250 0.500000
vt 0.031250 0.500000
vt 0.031250 0.500000
vt 0.031250 0.500000
vt 0.031250 0.500000
vt 0.031250 0.500000
vt 0.031250 0.500000
vt 0.031250 0.500000
vt 0.031250 0.500000
vt 0.031250 0.500000
vt 0.031250 0.500000
vt 0.031250 0.500000
vt 0.031250 0.500000
vt 0.031250 0.500000
vt 0.031250 0.500000
vt 0.031250 0.500000
vt 0.031250 0.500000
vt 0.031250 0.500000
vt 0.031250 0.500000
vt 0.031250 0.500000
vt 0.031250 0.500000
vt 0.031250 0.500000
vt 0.031250 0.500000
vt 0.031250 0.500000
vt 0.031250 0.500000
vt 0.031250 0.500000
vt 0.031250 0.500000
vt 0.031250 0.500000
vt 0.031250 0.500000
vt 0.031250 0.500000
vt 0.031250 0.500000
vt 0.031250 0.500000
vt 0.031250 0.500000
vt 0.031250 0.500000
vt 0.031250 0.500000
vt 0.031250 0.500000
vt 0.031250 0.500000
vt 0.031250 0.500000
vt 0.031250 0.500000
vt 0.031250 0.500000
vt 0.031250 0.500000
vt 0.031250 0.500000
vt 0.031250 0.500000
vt 0.031250 0.500000
vt 0.031250 0.500000
vt 0.031250 0.500000
vt 0.031250 0.500000
vt 0.031250 0.500000
vt 0.031250 0.500000
vt 0.031250 0.500000
vt 0.031250 0.500000
vt 0.031250 0.500000
vt 0.031250 0.500000
vt 0.031250 0.500000
vt 0.031250 0.500000
vt 0.031250 0.500000
vt 0.031250 0.500000
vt 0.031250 0.500000
vt 0.031250 0.500000
vt 0.031250 0.500000
vt 0.031250 0.500000
vt 0.031250 0.500000
vt 0.031250 0.500000
vt 0.031250 0.500000
vt 0.031250 0.500000
vt 0.031250 0.500000
vt 0.031250 0.500000
vt 0.031250 0.500000
vt 0.031250 0.500000
vt 0.031250 0.500000
vt 0.031250 0.500000
vt 0.031250 0.500000
vt 0.031250 0.500000
vt 0.031250 0.500000
vt 0.031250 0.500000
vt 0.031250 0.500000
vt 0.031250 0.500000
vt 0.031250 0.500000
vt 0.031250 0.500000
vt 0.031250 0.500000
vt 0.031250 0.500000
vt 0.031250 0.500000
vt 0.031250 0.500000
vt 0.031250 0.500000
vt 0.031250 0.500000
vt 0.031250 0.500000
vt 0.031250 0.500000
vt 0.031250 0.500000
vt 0.031250 0.500000
vt 0.031250 0.500000
vt 0.031250 0.500000
vt 0.031250 0.500000
vt 0.031250 0.500000
vt 0.031250 0.500000
vt 0.031250 0.500000
vt 0.031250 0.500000
vt 0.031250 0.500000
vt 0.031250 0.500000
vt 0.031250 0.500000
vt 0.031250 0.500000
vt 0.031250 0.500000
vt 0.031250 0.500000
vt 0.031250 0.500000
vt 0.031250 0.500000
vt 0.031250 0.500000
vt 0.031250 0.500000
vt 0.031250 0.500000
vt 0.031250 0.500000
vt 0.031250 0.500000
vt 0.031250 0.500000
vt 0.031250 0.500000
vt 0.031250 0.500000
vt 0.031250 0.500000
vt 0.031250 0.500000
vt 0.031250 0.500000
vt 0.031250 0.500000
vt 0.031250 0.500000
vt 0.031250 0.500000
vt 0.031250 0.500000
vt 0.031250 0.500000
vt 0.031250 0.500000
vt 0.031250 0.500000
vt 0.031250 0.500000
vt 0.031250 0.500000
vt 0.031250 0.500000
vt 0.031250 0.500000
vt 0.031250 0.500000
vt 0.031250 0.500000
vt 0.031250 0.500000
vt 0.031250 0.500000
vt 0.031250 0.500000
vt 0.031250 0.500000
vt 0.031250 0.500000
vt 0.031250 0.500000
vt 0.031250 0.500000
vt 0.031250 0.500000
vt 0.031250 0.500000
vt 0.031250 0.500000
vt 0.031250 0.500000
vt 0.031250 0.500000
vt 0.031250 0.500000
vt 0.031250 0.500000
vt 0.031250 0.500000
vt 0.031250 0.500000
vt 0.031250 0.500000
vt 0.031250 0.500000
vt 0.031250 0.500000
vt 0.031250 0.500000
vt 0.031250 0.500000
vt 0.031250 0.500000
vt 0.031250 0.500000
vt 0.031250 0.500000
vt 0.031250 0.500000
vt 0.031250 0.500000
vt 0.031250 0.500000
vt 0.031250 0.500000
vt 0.031250 0.500000
vt 0.031250 0.500000
vt 0.031250 0.500000
vt 0.031250 0.500000
vt 0.031250 0.500000
vt 0.031250 0.500000
vt 0.031250 0.500000
vt 0.031250 0.500000
vt 0.031250 0.500000
vt 0.031250 0.500000
vt 0.031250 0.500000
vt 0.031250 0.500000
vt 0.031250 0.500000
vt 0.031250 0.500000
vt 0.031250 0.500000
vt 0.031250 0.500000
vt 0.031250 0.500000
vt 0.031250 0.500000
vt 0.031250 0.500000
vt 0.031250 0.500000
vt 0.031250 0.500000
vt 0.031250 0.500000
vt 0.031250 0.500000
vt 0.031250 0.500000
vt 0.031250 0.500000
vt 0.031250 0.500000
vt 0.031250 0.500000
vt 0.031250 0.500000
vt 0.031250 0.500000
vt 0.031250 0.500000
vt 0.031250 0.500000
vt 0.031250 0.500000
vt 0.031250 0.500000
vt 0.031250 0.500000
vt 0.031250 0.500000
vt 0.031250 0.500000
vt 0.031250 0.500000
vt 0.031250 0.500000
vt 0.031250 0.500000
vt 0.031250 0.500000
vt 0.031250 0.500000
vt 0.031250 0.500000
vt 0.031250 0.500000
vt 0.031250 0.500000
vt 0.031250 0.500000
vt 0.031250 0.500000
vt 0.031250 0.500000
vt 0.031250 0.500000
vt 0.031250 0.500000
vt 0.031250 0.500000
vt 0.031250 0.500000
vt 0.031250 0.500000
vt 0.031250 0.500000
vt 0.031250 0.500000
vt 0.031250 0.500000
vt 0.031250 0.500000
vt 0.031250 0.500000
vt 0.031250 0.500000
vt 0.031250 0.500000
vt 0.031250 0.500000
vt 0.031250 0.500000
vt 0.031250 0.500000
vt 0.031250 0.500000
vt 0.031250 0.500000
vt 0.031250 0.500000
vt 0.031250 0.500000
vt 0.031250 0.500000
vt 0.031250 0.500000
vt 0.031250 0.500000
vt 0.031250 0.500000
vt 0.031250 0.500000
vt 0.031250 0.500000
vt 0.031250 0.500000
vt 0.031250 0.500000
vt 0.031250 0.500000
vt 0.031250 0.500000
vt 0.031250 0.500000
vt 0.031250 0.500000
vt 0.031250 0.500000
vt 0.031250 0.500000
vt 0.031250 0.500000
vt 0.031250 0.500000
vt 0.031250 0.500000
vt 0.031250 0.500000
vt 0.031250 0.500000
vt 0.031250 0.500000
vt 0.031250 0.500000
vt 0.031250 0.500000
vt 0.031250 0.500000
vt 0.031250 0.500000
vt 0.031250 0.500000
vt 0.031250 0.500000
vt 0.031250 0.500000
vt 0.031250 0.500000
vt 0.031250 0.500000
vt 0.031250 0.500000
vt 0.031250 0.500000
vt 0.031250 0.500000
vt 0.031250 0.500000
vt 0.031250 0.500000
vt 0.031250 0.500000
vt 0.031250 0.500000
vt 0.031250 0.500000
vt 0.031250 0.500000
vt 0.031250 0.500000
vt 0.031250 0.500000
vt 0.031250 0.500000
vt 0.031250 0.500000
vt 0.031250 0.500000
vt 0.031250 0.500000
vt 0.031250 0.500000
vt 0.031250 0.500000
vt 0.031250 0.500000
vt 0.031250 0.500000
vt 0.031250 0.500000
vt 0.031250 0.500000
vt 0.031250 0.500000
vt 0.031250 0.500000
vt 0.031250 0.500000
vt 0.031250 0.500000
vt 0.031250 0.500000
vt 0.031250 0.500000
vt 0.031250 0.500000
vt 0.031250 0.500000
vt 0.031250 0.500000
vt 0.031250 0.500000
vt 0.031250 0.500000
vt 0.031250 0.500000
vt 0.031250 0.500000
vt 0.031250 0.500000
vt 0.031250 0.500000
vt 0.031250 0.500000
vt 0.031250 0.500000
vt 0.031250 0.500000
vt 0.031250 0.500000
vt 0.031250 0.500000
vt 0.031250 0.500000
vt 0.031250 0.500000
vt 0.031250 0.500000
vt 0.031250 0.500000
vt 0.031250 0.500000
vt 0.031250 0.500000
vt 0.031250 0.500000
vt 0.031250 0.500000
vt 0.031250 0.500000
vt 0.031250 0.500000
vt 0.031250 0.500000
vt 0.031250 0.500000
vt 0.031250 0.500000
vt 0.031250 0.500000
vt 0.031250 0.500000
vt 0.031250 0.500000
vt 0.031250 0.500000
vt 0.031250 0.500000
vt 0.031250 0.500000
vt 0.031250 0.500000
vt 0.031250 0.500000
vt 0.031250 0.500000
vt 0.031250 0.500000
vt 0.031250 0.500000
vt 0.031250 0.500000
vt 0.031250 0.500000
vt 0.031250 0.500000
vt 0.031250 0.500000
vt 0.031250 0.500000
vt 0.031250 0.500000
vt 0.031250 0.500000
vt 0.031250 0.500000
vt 0.031250 0.500000
vt 0.031250 0.500000
vt 0.031250 0.500000
vt 0.031250 0.500000
vt 0.031250 0.500000
vt 0.031250 0.500000
vt 0.031250 0.500000
vt 0.031250 0.500000
vt 0.031250 0.500000
vt 0.031250 0.500000
vt 0.031250 0.500000
vt 0.031250 0.500000
vt 0.031250 0.500000
vt 0.031250 0.500000
vt 0.031250 0.500000
vt 0.031250 0.500000
vt 0.031250 0.500000
vt 0.031250 0.500000
vt 0.031250 0.500000
vt 0.031250 0.500000
vt 0.031250 0.500000
vt 0.031250 0.500000
vt 0.031250 0.500000
vt 0.031250 0.500000
vt 0.031250 0.500000
vt 0.031250 0.500000
vt 0.031250 0.500000
vt 0.031250 0.500000
vt 0.031250 0.500000
vt 0.031250 0.500000
vt 0.031250 0.500000
vt 0.031250 0.500000
vt 0.031250 0.500000
vt 0.031250 0.500000
vt 0.031250 0.500000
vt 0.031250 0.500000
vt 0.031250 0.500000
vt 0.031250 0.500000
vt 0.031250 0.500000
vt 0.031250 0.500000
vt 0.031250 0.500000
vt 0.031250 0.500000
vt 0.031250 0.500000
vt 0.031250 0.500000
vt 0.031250 0.500000
vt 0.031250 0.500000
vt 0.031250 0.500000
vt 0.031250 0.500000
vt 0.031250 0.500000
vt 0.031250 0.500000
vt 0.031250 0.500000
vt 0.031250 0.500000
vt 0.031250 0.500000
vt 0.031250 0.500000
vt 0.031250 0.500000
vt 0.031250 0.500000
vt 0.031250 0.500000
vt 0.031250 0.500000
vt 0.031250 0.500000
vt 0.031250 0.500000
vt 0.031250 0.500000
vt 0.031250 0.500000
vt 0.031250 0.500000
vt 0.031250 0.500000
vt 0.031250 0.500000
vt 0.031250 0.500000
vt 0.031250 0.500000
vt 0.031250 0.500000
vt 0.031250 0.500000
vt 0.031250 0.500000
vt 0.031250 0.500000
vt 0.031250 0.500000
vt 0.031250 0.500000
vt 0.031250 0.500000
vt 0.031250 0.500000
vt 0.031250 0.500000
vt 0.031250 0.500000
vt 0.031250 0.500000
vt 0.031250 0.500000
vt 0.031250 0.500000
vt 0.031250 0.500000
vt 0.031250 0.500000
vt 0.031250 0.500000
vt 0.031250 0.500000
vt 0.031250 0.500000
vt 0.031250 0.500000
vt 0.031250 0.500000
vt 0.031250 0.500000
vt 0.031250 0.500000
vt 0.031250 0.500000
vt 0.031250 0.500000
vt 0.031250 0.500000
vt 0.031250 0.500000
vt 0.031250 0.500000
vt 0.031250 0.500000
vt 0.031250 0.500000
vt 0.031250 0.500000
vt 0.031250 0.500000
vt 0.031250 0.500000
vt 0.031250 0.500000
vt 0.031250 0.500000
vt 0.031250 0.500000
vt 0.031250 0.500000
vt 0.031250 0.500000
vt 0.031250 0.500000
vt 0.031250 0.500000
vt 0.031250 0.500000
vt 0.031250 0.500000
vt 0.031250 0.500000
vt 0.031250 0.500000
vt 0.031250 0.500000
vt 0.031250 0.500000
vt 0.031250 0.500000
vt 0.031250 0.500000
vt 0.031250 0.500000
vt 0.031250 0.500000
vt 0.031250 0.500000
vt 0.031250 0.500000
vt 0.031250 0.500000
vt 0.031250 0.500000
vt 0.031250 0.500000
vt 0.031250 0.500000
vt 0.031250 0.500000
vt 0.031250 0.500000
vt 0.031250 0.500000
vt 0.031250 0.500000
vt 0.031250 0.500000
vt 0.031250 0.500000
vt 0.031250 0.500000
vt 0.031250 0.500000
vt 0.031250 0.500000
vt 0.031250 0.500000
vt 0.031250 0.500000
vt 0.031250 0.500000
vt 0.031250 0.500000
vt 0.031250 0.500000
vt 0.031250 0.500000
vt 0.031250 0.500000
vt 0.031250 0.500000
vt 0.031250 0.500000
vt 0.031250 0.500000
vt 0.031250 0.500000
vt 0.031250 0.500000
vt 0.031250 0.500000
vt 0.031250 0.500000
vt 0.031250 0.500000
vt 0.031250 0.500000
vt 0.031250 0.500000
vt 0.031250 0.500000
vt 0.031250 0.500000
vt 0.031250 0.500000
vt 0.031250 0.500000
vt 0.031250 0.500000
vt 0.031250 0.500000
vt 0.031250 0.500000
vt 0.031250 0.500000
vt 0.031250 0.500000
vt 0.031250 0.500000
vt 0.031250 0.500000
vt 0.031250 0.500000
vt 0.031250 0.500000
vt 0.031250 0.500000
vt 0.031250 0.500000
vt 0.031250 0.500000
vt 0.031250 0.500000
vt 0.031250 0.500000
vt 0.031250 0.500000
vt 0.031250 0.500000
vt 0.031250 0.500000
vt 0.031250 0.500000
vt 0.031250 0.500000
vt 0.031250 0.500000
vt 0.031250 0.500000
vt 0.031250 0.500000
vt 0.031250 0.500000
vt 0.031250 0.500000
vt 0.031250 0.500000
vt 0.031250 0.500000
vt 0.031250 0.500000
vt 0.031250 0.500000
vt 0.031250 0.500000
vt 0.031250 0.500000
vt 0.031250 0.500000
vt 0.031250 0.500000
vt 0.031250 0.500000
vt 0.031250 0.500000
vt 0.031250 0.500000
vt 0.031250 0.500000
vt 0.031250 0.500000
vt 0.031250 0.500000
vt 0.031250 0.500000
vt 0.031250 0.500000
vt 0.031250 0.500000
vt 0.031250 0.500000
vt 0.031250 0.500000
vt 0.031250 0.500000
vt 0.031250 0.500000
vt 0.031250 0.500000
vt 0.031250 0.500000
vt 0.031250 0.500000
vt 0.031250 0.500000
vt 0.031250 0.500000
vt 0.031250 0.500000
vt 0.031250 0.500000
vt 0.031250 0.500000
vt 0.031250 0.500000
vt 0.031250 0.500000
vt 0.031250 0.500000
vt 0.031250 0.500000
vt 0.031250 0.500000
vt 0.031250 0.500000
vt 0.031250 0.500000
vt 0.031250 0.500000
vt 0.031250 0.500000
vt 0.031250 0.500000
vt 0.031250 0.500000
vt 0.031250 0.500000
vt 0.031250 0.500000
vt 0.031250 0.500000
vt 0.031250 0.500000
vt 0.031250 0.500000
vt 0.031250 0.500000
vt 0.031250 0.500000
vt 0.031250 0.500000
vt 0.031250 0.500000
vt 0.031250 0.500000
vt 0.031250 0.500000
vt 0.031250 0.500000
vt 0.031250 0.500000
vt 0.031250 0.500000
vt 0.031250 0.500000
vt 0.031250 0.500000
vt 0.031250 0.500000
vt 0.031250 0.500000
vt 0.031250 0.500000
vt 0.031250 0.500000
vt 0.031250 0.500000
vt 0.031250 0.500000
vt 0.031250 0.500000
vt 0.031250 0.500000
vt 0.031250 0.500000
vt 0.031250 0.500000
vt 0.031250 0.500000
vt 0.031250 0.500000
vt 0.031250 0.500000
vt 0.031250 0.500000
vt 0.031250 0.500000
vt 0.031250 0.500000
vt 0.031250 0.500000
vt 0.031250 0.500000
vt 0.031250 0.500000
vt 0.031250 0.500000
vt 0.031250 0.500000
vt 0.031250 0.500000
vt 0.031250 0.500000
vt 0.031250 0.500000
vt 0.031250 0.500000
vt 0.031250 0.500000
vt 0.031250 0.500000
vt 0.031250 0.500000
vt 0.031250 0.500000
vt 0.031250 0.500000
vt 0.031250 0.500000
vt 0.031250 0.500000
vt 0.031250 0.500000
vt 0.031250 0.500000
vt 0.031250 0.500000
vt 0.031250 0.500000
vt 0.031250 0.500000
vt 0.031250 0.500000
vt 0.031250 0.500000
vt 0.031250 0.500000
vt 0.031250 0.500000
vt 0.031250 0.500000
vt 0.031250 0.500000
vt 0.031250 0.500000
vt 0.031250 0.500000
vt 0.031250 0.500000
vt 0.031250 0.500000
vt 0.031250 0.500000
vt 0.031250 0.500000
vt 0.031250 0.500000
vt 0.031250 0.500000
vt 0.031250 0.500000
vt 0.031250 0.500000
vt 0.031250 0.500000
vt 0.031250 0.500000
vt 0.031250 0.500000
vt 0.031250 0.500000
vt 0.031250 0.500000
vt 0.031250 0.500000
vt 0.031250 0.500000
vt 0.031250 0.500000
vt 0.031250 0.500000
vt 0.031250 0.500000
vt 0.031250 0.500000
vt 0.031250 0.500000
vt 0.031250 0.500000
vt 0.031250 0.500000
vt 0.031250 0.500000
vt 0.031250 0.500000
vt 0.031250 0.500000
vt 0.031250 0.500000
vt 0.031250 0.500000
vt 0.031250 0.500000
vt 0.031250 0.500000
vt 0.031250 0.500000
vt 0.031250 0.500000
vt 0.031250 0.500000
vt 0.031250 0.500000
vt 0.031250 0.500000
vt 0.031250 0.500000
vt 0.031250 0.500000
vt 0.031250 0.500000
vt 0.031250 0.500000
vt 0.031250 0.500000
vt 0.031250 0.500000
vt 0.031250 0.500000
vt 0.031250 0.500000
vt 0.031250 0.500000
vt 0.031250 0.500000
vt 0.031250 0.500000
vt 0.031250 0.500000
vt 0.031250 0.500000
vt 0.031250 0.500000
vt 0.031250 0.500000
vt 0.031250 0.500000
vt 0.031250 0.500000
vt 0.031250 0.500000
vt 0.031250 0.500000
vt 0.031250 0.500000
vt 0.031250 0.500000
vt 0.031250 0.500000
vt 0.031250 0.500000
vt 0.031250 0.500000
vt 0.031250 0.500000
vt 0.031250 0.500000
vt 0.031250 0.500000
vt 0.031250 0.500000
vt 0.031250 0.500000
vt 0.031250 0.500000
vt 0.031250 0.500000
vt 0.031250 0.500000
vt 0.031250 0.500000
vt 0.031250 0.500000
vt 0.031250 0.500000
vt 0.031250 0.500000
vt 0.031250 0.500000
vt 0.031250 0.500000
vt 0.031250 0.500000
vt 0.031250 0.500000
vt 0.031250 0.500000
vt 0.031250 0.500000
vt 0.031250 0.500000
vt 0.031250 0.500000
vt 0.031250 0.500000
vt 0.031250 0.500000
vt 0.031250 0.500000
vt 0.031250 0.500000
vt 0.031250 0.500000
vt 0.031250 0.500000
vt 0.031250 0.500000
vt 0.031250 0.500000
vt 0.031250 0.500000
vt 0.031250 0.500000
vt 0.031250 0.500000
vt 0.031250 0.500000
vt 0.031250 0.500000
vt 0.031250 0.500000
vt 0.031250 0.500000
vt 0.031250 0.500000
vt 0.031250 0.500000
vt 0.031250 0.500000
vt 0.031250 0.500000
vt 0.031250 0.500000
vt 0.031250 0.500000
vt 0.031250 0.500000
vt 0.031250 0.500000
vt 0.031250 0.500000
vt 0.031250 0.500000
vt 0.031250 0.500000
vt 0.031250 0.500000
vt 0.031250 0.500000
vt 0.031250 0.500000
vt 0.031250 0.500000
vt 0.031250 0.500000
vt 0.031250 0.500000
vt 0.031250 0.500000
vt 0.031250 0.500000
vt 0.031250 0.500000
vt 0.031250 0.500000
vt 0.031250 0.500000
vt 0.031250 0.500000
vt 0.031250 0.500000
vt 0.031250 0.500000
vt 0.031250 0.500000
vt 0.031250 0.500000
vt 0.031250 0.500000
vt 0.031250 0.500000
vt 0.031250 0.500000
vt 0.031250 0.500000
vt 0.031250 0.500000
vt 0.031250 0.500000
vt 0.031250 0.500000
vt 0.031250 0.500000
vt 0.031250 0.500000
vt 0.031250 0.500000
vt 0.031250 0.500000
vt 0.031250 0.500000
vt 0.031250 0.500000
vt 0.031250 0.500000
vt 0.031250 0.500000
vt 0.031250 0.500000
vt 0.031250 0.500000
vt 0.031250 0.500000
vt 0.031250 0.500000
vt 0.031250 0.500000
vt 0.031250 0.500000
vt 0.031250 0.500000
vt 0.031250 0.500000
vt 0.031250 0.500000
vt 0.031250 0.500000
vt 0.031250 0.500000
vt 0.031250 0.500000
vt 0.031250 0.500000
vt 0.031250 0.500000
vt 0.031250 0.500000
vt 0.031250 0.500000
vt 0.031250 0.500000
vt 0.031250 0.500000
vt 0.031250 0.500000
vt 0.031250 0.500000
vt 0.031250 0.500000
vt 0.031250 0.500000
vt 0.031250 0.500000
vt 0.031250 0.500000
vt 0.031250 0.500000
vt 0.031250 0.500000
vt 0.031250 0.500000
vt 0.031250 0.500000
vt 0.031250 0.500000
vt 0.031250 0.500000
vt 0.031250 0.500000
vt 0.031250 0.500000
vt 0.031250 0.500000
vt 0.031250 0.500000
vt 0.031250 0.500000
vt 0.031250 0.500000
vt 0.031250 0.500000
vt 0.031250 0.500000
vt 0.031250 0.500000
vt 0.031250 0.500000
vt 0.031250 0.500000
vt 0.031250 0.500000
vt 0.031250 0.500000
vt 0.031250 0.500000
vt 0.031250 0.500000
vt 0.031250 0.500000
vt 0.031250 0.500000
vt 0.031250 0.500000
vt 0.031250 0.500000
vt 0.031250 0.500000
vt 0.031250 0.500000
vt 0.031250 0.500000
vt 0.031250 0.500000
vt 0.031250 0.500000
vt 0.031250 0.500000
vt 0.031250 0.500000
vt 0.031250 0.500000
vt 0.031250 0.500000
vt 0.031250 0.500000
vt 0.031250 0.500000
vt 0.031250 0.500000
vt 0.031250 0.500000
vt 0.031250 0.500000
vt 0.031250 0.500000
vt 0.031250 0.500000
vt 0.031250 0.500000
vt 0.031250 0.500000
vt 0.031250 0.500000
vt 0.031250 0.500000
vt 0.031250 0.500000
vt 0.031250 0.500000
vt 0.031250 0.500000
vt 0.031250 0.500000
vt 0.031250 0.500000
vt 0.031250 0.500000
vt 0.031250 0.500000
vt 0.031250 0.500000
vt 0.031250 0.500000
vt 0.031250 0.500000
vt 0.031250 0.500000
vt 0.031250 0.500000
vt 0.031250 0.500000
vt 0.031250 0.500000
vt 0.031250 0.500000
vt 0.031250 0.500000
vt 0.031250 0.500000
vt 0.031250 0.500000
vt 0.031250 0.500000
vt 0.031250 0.500000
vt 0.031250 0.500000
vt 0.031250 0.500000
vt 0.031250 0.500000
vt 0.031250 0.500000
vt 0.031250 0.500000
vt 0.031250 0.500000
vt 0.031250 0.500000
vt 0.031250 0.500000
vt 0.031250 0.500000
vt 0.031250 0.500000
vt 0.031250 0.500000
vt 0.031250 0.500000
vt 0.031250 0.500000
vt 0.031250 0.500000
vt 0.031250 0.500000
vt 0.031250 0.500000
vt 0.031250 0.500000
vt 0.031250 0.500000
vt 0.031250 0.500000
vt 0.031250 0.500000
vt 0.031250 0.500000
vt 0.031250 0.500000
vt 0.031250 0.500000
vt 0.031250 0.500000
vt 0.031250 0.500000
vt 0.031250 0.500000
vt 0.031250 0.500000
vt 0.031250 0.500000
vt 0.031250 0.500000
vt 0.031250 0.500000
vt 0.031250 0.500000
vt 0.031250 0.500000
vt 0.031250 0.500000
vt 0.031250 0.500000
vt 0.031250 0.500000
vt 0.031250 0.500000
vt 0.031250 0.500000
vt 0.031250 0.500000
vt 0.031250 0.500000
vt 0.031250 0.500000
vt 0.031250 0.500000
vt 0.031250 0.500000
vt 0.031250 0.500000
vt 0.031250 0.500000
vt 0.031250 0.500000
vt 0.031250 0.500000
vt 0.031250 0.500000
vt 0.031250 0.500000
vt 0.031250 0.500000
vt 0.031250 0.500000
vt 0.031250 0.500000
vt 0.031250 0.500000
vt 0.031250 0.500000
vt 0.031250 0.500000
vt 0.031250 0.500000
vt 0.031250 0.500000
vt 0.031250 0.500000
vt 0.031250 0.500000
vt 0.031250 0.500000
vt 0.031250 0.500000
vt 0.031250 0.500000
vt 0.031250 0.500000
vt 0.031250 0.500000
vt 0.031250 0.500000
vt 0.031250 0.500000
vt 0.031250 0.500000
vt 0.031250 0.500000
vt 0.031250 0.500000
vt 0.031250 0.500000
vt 0.031250 0.500000
vt 0.031250 0.500000
vt 0.031250 0.500000
vt 0.031250 0.500000
vt 0.031250 0.500000
vt 0.031250 0.500000
vt 0.031250 0.500000
vt 0.031250 0.500000
vt 0.031250 0.500000
vt 0.031250 0.500000
vt 0.031250 0.500000
vt 0.031250 0.500000
vt 0.031250 0.500000
vt 0.031250 0.500000
vt 0.031250 0.500000
vt 0.031250 0.500000
vt 0.031250 0.500000
vt 0.031250 0.500000
vt 0.031250 0.500000
vt 0.031250 0.500000
vt 0.031250 0.500000
vt 0.031250 0.500000
vt 0.031250 0.500000
vt 0.031250 0.500000
vt 0.031250 0.500000
vt 0.031250 0.500000
vt 0.031250 0.500000
vt 0.031250 0.500000
vt 0.031250 0.500000
vt 0.031250 0.500000
vt 0.031250 0.500000
vt 0.031250 0.500000
vt 0.031250 0.500000
vt 0.031250 0.500000
vt 0.031250 0.500000
vt 0.031250 0.500000
vt 0.031250 0.500000
vt 0.031250 0.500000
vt 0.031250 0.500000
vt 0.031250 0.500000
vt 0.031250 0.500000
vt 0.031250 0.500000
vt 0.031250 0.500000
vt 0.031250 0.500000
vt 0.031250 0.500000
vt 0.031250 0.500000
vt 0.031250 0.500000
vt 0.031250 0.500000
vt 0.031250 0.500000
vt 0.031250 0.500000
vt 0.031250 0.500000
vt 0.031250 0.500000
vt 0.031250 0.500000
vt 0.031250 0.500000
vt 0.031250 0.500000
vt 0.031250 0.500000
vt 0.031250 0.500000
vt 0.031250 0.500000
vt 0.031250 0.500000
vt 0.031250 0.500000
vt 0.031250 0.500000
vt 0.031250 0.500000
vt 0.031250 0.500000
vt 0.031250 0.500000
vt 0.031250 0.500000
vt 0.031250 0.500000
vt 0.031250 0.500000
vt 0.031250 0.500000
vt 0.031250 0.500000
vt 0.031250 0.500000
vt 0.031250 0.500000
vt 0.031250 0.500000
vt 0.031250 0.500000
vt 0.031250 0.500000
vt 0.031250 0.500000
vt 0.031250 0.500000
vt 0.031250 0.500000
vt 0.031250 0.500000
vt 0.031250 0.500000
vt 0.031250 0.500000
vt 0.031250 0.500000
vt 0.031250 0.500000
vt 0.031250 0.500000
vt 0.031250 0.500000
vt 0.031250 0.500000
vt 0.031250 0.500000
vt 0.031250 0.500000
vt 0.031250 0.500000
vt 0.031250 0.500000
vt 0.031250 0.500000
vt 0.031250 0.500000
vt 0.031250 0.500000
vt 0.031250 0.500000
vt 0.031250 0.500000
vt 0.031250 0.500000
vt 0.031250 0.500000
vt 0.031250 0.500000
vt 0.031250 0.500000
vt 0.031250 0.500000
vt 0.031250 0.500000
vt 0.031250 0.500000
vt 0.031250 0.500000
vt 0.031250 0.500000
vt 0.031250 0.500000
vt 0.031250 0.500000
vt 0.031250 0.500000
vt 0.031250 0.500000
vt 0.031250 0.500000
vt 0.031250 0.500000
vt 0.031250 0.500000
vt 0.031250 0.500000
vt 0.031250 0.500000
vt 0.031250 0.500000
vt 0.031250 0.500000
vt 0.031250 0.500000
vt 0.031250 0.500000
vt 0.031250 0.500000
vt 0.031250 0.500000
vt 0.031250 0.500000
vt 0.031250 0.500000
vt 0.031250 0.500000
vt 0.031250 0.500000
vt 0.031250 0.500000
vt 0.031250 0.500000
vt 0.031250 0.500000
vt 0.031250 0.500000
vt 0.031250 0.500000
vt 0.031250 0.500000
vt 0.031250 0.500000
vt 0.031250 0.500000
vt 0.031250 0.500000
vt 0.031250 0.500000
vt 0.031250 0.500000
vt 0.031250 0.500000
vt 0.031250 0.500000
vt 0.031250 0.500000
vt 0.031250 0.500000
vt 0.031250 0.500000
vt 0.031250 0.500000
vt 0.031250 0.500000
vt 0.031250 0.500000
vt 0.031250 0.500000
vt 0.031250 0.500000
vt 0.031250 0.500000
vt 0.031250 0.500000
vt 0.031250 0.500000
vt 0.031250 0.500000
vt 0.031250 0.500000
vt 0.031250 0.500000
vt 0.031250 0.500000
vt 0.031250 0.500000
vt 0.031250 0.500000
vt 0.031250 0.500000
vt 0.031250 0.500000
vt 0.031250 0.500000
vt 0.031250 0.500000
vt 0.031250 0.500000
vt 0.031250 0.500000
vt 0.031250 0.500000
vt 0.031250 0.500000
vt 0.031250 0.500000
vt 0.031250 0.500000
vt 0.031250 0.500000
vt 0.031250 0.500000
vt 0.031250 0.500000
vt 0.031250 0.500000
vt 0.031250 0.500000
vt 0.031250 0.500000
vt 0.031250 0.500000
vt 0.031250 0.500000
vt 0.031250 0.500000
vt 0.031250 0.500000
vt 0.031250 0.500000
vt 0.031250 0.500000
vt 0.031250 0.500000
vt 0.031250 0.500000
vt 0.031250 0.500000
vt 0.031250 0.500000
vt 0.031250 0.500000
vt 0.031250 0.500000
vt 0.031250 0.500000
vt 0.031250 0.500000
vt 0.031250 0.500000
vt 0.031250 0.500000
vt 0.031250 0.500000
vt 0.031250 0.500000
vt 0.031250 0.500000
vt 0.031250 0.500000
vt 0.031250 0.500000
vt 0.031250 0.500000
vt 0.031250 0.500000
vt 0.031250 0.500000
vt 0.031250 0.500000
vt 0.031250 0.500000
vt 0.031250 0.500000
vt 0.031250 0.500000
vt 0.031250 0.500000
vt 0.031250 0.500000
vt 0.031250 0.500000
vt 0.031250 0.500000
vt 0.031250 0.500000
vt 0.031250 0.500000
vt 0.031250 0.500000
vt 0.031250 0.500000
vt 0.031250 0.500000
vt 0.031250 0.500000
vt 0.031250 0.500000
vt 0.031250 0.500000
vt 0.031250 0.500000
vt 0.031250 0.500000
vt 0.031250 0.500000
vt 0.031250 0.500000
vt 0.031250 0.500000
vt 0.031250 0.500000
vt 0.031250 0.500000
vt 0.031250 0.500000
vt 0.031250 0.500000
vt 0.031250 0.500000
vt 0.031250 0.500000
vt 0.031250 0.500000
vt 0.031250 0.500000
vt 0.031250 0.500000
vt 0.031250 0.500000
vt 0.031250 0.500000
vt 0.031250 0.500000
vt 0.031250 0.500000
vt 0.031250 0.500000
vt 0.031250 0.500000
vt 0.031250 0.500000
vt 0.031250 0.500000
vt 0.031250 0.500000
vt 0.031250 0.500000
vt 0.031250 0.500000
vt 0.031250 0.500000
vt 0.031250 0.500000
vt 0.031250 0.500000
vt 0.031250 0.500000
vt 0.031250 0.500000
vt 0.031250 0.500000
vt 0.031250 0.500000
vt 0.031250 0.500000
vt 0.031250 0.500000
vt 0.031250 0.500000
vt 0.031250 0.500000
vt 0.031250 0.500000
vt 0.031250 0.500000
vt 0.031250 0.500000
vt 0.031250 0.500000
vt 0.031250 0.500000
vt 0.031250 0.500000
vt 0.031250 0.500000
vt 0.031250 0.500000
vt 0.031250 0.500000
vt 0.031250 0.500000
vt 0.031250 0.500000
vt 0.031250 0.500000
vt 0.031250 0.500000
vt 0.031250 0.500000
vt 0.031250 0.500000
vt 0.031250 0.500000
vt 0.031250 0.500000
vt 0.031250 0.500000
vt 0.031250 0.500000
vt 0.031250 0.500000
vt 0.031250 0.500000
vt 0.031250 0.500000
vt 0.031250 0.500000
vt 0.031250 0.500000
vt 0.031250 0.500000
vt 0.031250 0.500000
vt 0.031250 0.500000
vt 0.031250 0.500000
vt 0.031250 0.500000
vt 0.031250 0.500000
vt 0.031250 0.500000
vt 0.031250 0.500000
vt 0.031250 0.500000
vt 0.031250 0.500000
vt 0.031250 0.500000
vt 0.031250 0.500000
vt 0.031250 0.500000
vt 0.031250 0.500000
vt 0.031250 0.500000
vt 0.031250 0.500000
vt 0.031250 0.500000
vt 0.031250 0.500000
vt 0.031250 0.500000
vt 0.031250 0.500000
vt 0.031250 0.500000
vt 0.031250 0.500000
vt 0.031250 0.500000
vt 0.031250 0.500000
vt 0.031250 0.500000
vt 0.031250 0.500000
vt 0.031250 0.500000
vt 0.031250 0.500000
vt 0.031250 0.500000
vt 0.031250 0.500000
vt 0.031250 0.500000
vt 0.031250 0.500000
vt 0.031250 0.500000
vt 0.031250 0.500000
vt 0.031250 0.500000
vt 0.031250 0.500000
vt 0.031250 0.500000
vt 0.031250 0.500000
vt 0.031250 0.500000
vt 0.031250 0.500000
vt 0.031250 0.500000
vt 0.031250 0.500000
vt 0.031250 0.500000
vt 0.031250 0.500000
vt 0.031250 0.500000
vt 0.031250 0.500000
vt 0.031250 0.500000
vt 0.031250 0.500000
vt 0.031250 0.500000
vt 0.031250 0.500000
vt 0.031250 0.500000
vt 0.031250 0.500000
vt 0.031250 0.500000
vt 0.031250 0.500000
vt 0.031250 0.500000
vt 0.031250 0.500000
vt 0.031250 0.500000
vt 0.031250 0.500000
vt 0.031250 0.500000
vt 0.031250 0.500000
vt 0.031250 0.500000
vt 0.031250 0.500000
vt 0.031250 0.500000
vt 0.031250 0.500000
vt 0.031250 0.500000
vt 0.031250 0.500000
vt 0.031250 0.500000
vt 0.031250 0.500000
vt 0.031250 0.500000
vt 0.031250 0.500000
vt 0.031250 0.500000
vt 0.031250 0.500000
vt 0.031250 0.500000
vt 0.031250 0.500000
vt 0.031250 0.500000
vt 0.031250 0.500000
vt 0.031250 0.500000
vt 0.031250 0.500000
vt 0.031250 0.500000
vt 0.031250 0.500000
vt 0.031250 0.500000
vt 0.031250 0.500000
vt 0.031250 0.500000
vt 0.031250 0.500000
vt 0.031250 0.500000
vt 0.031250 0.500000
vt 0.031250 0.500000
vt 0.031250 0.500000
vt 0.031250 0.500000
vt 0.031250 0.500000
vt 0.031250 0.500000
vt 0.031250 0.500000
vt 0.031250 0.500000
vt 0.031250 0.500000
vt 0.031250 0.500000
vt 0.031250 0.500000
vt 0.031250 0.500000
vt 0.031250 0.500000
vt 0.031250 0.500000
vt 0.031250 0.500000
vt 0.031250 0.500000
vt 0.031250 0.500000
vt 0.031250 0.500000
vt 0.031250 0.500000
vt 0.031250 0.500000
vt 0.031250 0.500000
vt 0.031250 0.500000
vt 0.031250 0.500000
vt 0.031250 0.500000
vt 0.031250 0.500000
vt 0.031250 0.500000
vt 0.031250 0.500000
vt 0.031250 0.500000
vt 0.031250 0.500000
vt 0.031250 0.500000
vt 0.031250 0.500000
vt 0.031250 0.500000
vt 0.031250 0.500000
vt 0.031250 0.500000
vt 0.031250 0.500000
vt 0.031250 0.500000
vt 0.031250 0.500000
vt 0.031250 0.500000
vt 0.031250 0.500000
vt 0.031250 0.500000
vt 0.031250 0.500000
vt 0.031250 0.500000
vt 0.031250 0.500000
vt 0.031250 0.500000
vt 0.031250 0.500000
vt 0.031250 0.500000
vt 0.031250 0.500000
vt 0.031250 0.500000
vt 0.031250 0.500000
vt 0.031250 0.500000
vt 0.031250 0.500000
vt 0.031250 0.500000
vt 0.031250 0.500000
vt 0.031250 0.500000
vt 0.031250 0.500000
vt 0.031250 0.500000
vt 0.031250 0.500000
vt 0.031250 0.500000
vt 0.031250 0.500000
vt 0.031250 0.500000
vt 0.031250 0.500000
vt 0.031250 0.500000
vt 0.031250 0.500000
vt 0.031250 0.500000
vt 0.031250 0.500000
vt 0.031250 0.500000
vt 0.031250 0.500000
vt 0.031250 0.500000
vt 0.031250 0.500000
vt 0.031250 0.500000
vt 0.031250 0.500000
vt 0.031250 0.500000
vt 0.031250 0.500000
vt 0.031250 0.500000
vt 0.031250 0.500000
vt 0.031250 0.500000
vt 0.031250 0.500000
vt 0.031250 0.500000
vt 0.031250 0.500000
vt 0.031250 0.500000
vt 0.031250 0.500000
vt 0.031250 0.500000
vt 0.031250 0.500000
vt 0.031250 0.500000
vt 0.031250 0.500000
vt 0.031250 0.500000
vt 0.031250 0.500000
vt 0.031250 0.500000
vt 0.031250 0.500000
vt 0.031250 0.500000
vt 0.031250 0.500000
vt 0.031250 0.500000
vt 0.031250 0.500000
vt 0.031250 0.500000
vt 0.031250 0.500000
vt 0.031250 0.500000
vt 0.031250 0.500000
vt 0.031250 0.500000
vt 0.031250 0.500000
vt 0.031250 0.500000
vt 0.031250 0.500000
vt 0.031250 0.500000
vt 0.031250 0.500000
vt 0.031250 0.500000
vt 0.031250 0.500000
vt 0.031250 0.500000
vt 0.031250 0.500000
vt 0.031250 0.500000
vt 0.031250 0.500000
vt 0.031250 0.500000
vt 0.031250 0.500000
vt 0.031250 0.500000
vt 0.031250 0.500000
vt 0.031250 0.500000
vt 0.031250 0.500000
vt 0.031250 0.500000
vt 0.031250 0.500000
vt 0.031250 0.500000
vt 0.031250 0.500000
vt 0.031250 0.500000
vt 0.031250 0.500000
vt 0.031250 0.500000
vt 0.031250 0.500000
vt 0.031250 0.500000
vt 0.031250 0.500000
vt 0.031250 0.500000
vt 0.031250 0.500000
vt 0.031250 0.500000
vt 0.031250 0.500000
vt 0.031250 0.500000
vt 0.031250 0.500000
vt 0.031250 0.500000
vt 0.031250 0.500000
vt 0.031250 0.500000
vt 0.031250 0.500000
vt 0.031250 0.500000
vt 0.031250 0.500000
vt 0.031250 0.500000
vt 0.031250 0.500000
vt 0.031250 0.500000
vt 0.031250 0.500000
vt 0.031250 0.500000
vt 0.031250 0.500000
vt 0.031250 0.500000
vt 0.031250 0.500000
vt 0.031250 0.500000
vt 0.031250 0.500000
vt 0.031250 0.500000
vt 0.031250 0.500000
vt 0.031250 0.500000
vt 0.031250 0.500000
vt 0.031250 0.500000
vt 0.031250 0.500000
vt 0.031250 0.500000
vt 0.031250 0.500000
vt 0.031250 0.500000
vt 0.031250 0.500000
vt 0.031250 0.500000
vt 0.031250 0.500000
vt 0.031250 0.500000
vt 0.031250 0.500000
vt 0.031250 0.500000
vt 0.031250 0.500000
vt 0.031250 0.500000
vt 0.031250 0.500000
vt 0.031250 0.500000
vt 0.031250 0.500000
vt 0.031250 0.500000
vt 0.031250 0.500000
vt 0.031250 0.500000
vt 0.031250 0.500000
vt 0.031250 0.500000
vt 0.031250 0.500000
vt 0.031250 0.500000
vt 0.031250 0.500000
vt 0.031250 0.500000
vt 0.031250 0.500000
vt 0.031250 0.500000
vt 0.031250 0.500000
vt 0.031250 0.500000
vt 0.031250 0.500000
vt 0.031250 0.500000
vt 0.031250 0.500000
vt 0.031250 0.500000
vt 0.031250 0.500000
vt 0.031250 0.500000
vt 0.031250 0.500000
vt 0.031250 0.500000
vt 0.031250 0.500000
vt 0.031250 0.500000
vt 0.031250 0.500000
vt 0.031250 0.500000
vt 0.031250 0.500000
vt 0.031250 0.500000
vt 0.031250 0.500000
vt 0.031250 0.500000
vt 0.031250 0.500000
vt 0.031250 0.500000
vt 0.031250 0.500000
vt 0.031250 0.500000
vt 0.031250 0.500000
vt 0.031250 0.500000
vt 0.031250 0.500000
vt 0.031250 0.500000
vt 0.031250 0.500000
vt 0.031250 0.500000
vt 0.031250 0.500000
vt 0.031250 0.500000
vt 0.031250 0.500000
vt 0.031250 0.500000
vt 0.031250 0.500000
vt 0.031250 0.500000
vt 0.031250 0.500000
vt 0.031250 0.500000
vt 0.031250 0.500000
vt 0.031250 0.500000
vt 0.031250 0.500000
vt 0.031250 0.500000
vt 0.031250 0.500000
vt 0.031250 0.500000
vt 0.031250 0.500000
vt 0.031250 0.500000
vt 0.031250 0.500000
vt 0.031250 0.500000
vt 0.031250 0.500000
vt 0.031250 0.500000
vt 0.031250 0.500000
vt 0.031250 0.500000
vt 0.031250 0.500000
vt 0.031250 0.500000
vt 0.031250 0.500000
vt 0.031250 0.500000
vt 0.031250 0.500000
vt 0.031250 0.500000
vt 0.031250 0.500000
vt 0.031250 0.500000
vt 0.031250 0.500000
vt 0.031250 0.500000
vt 0.031250 0.500000
vt 0.031250 0.500000
vt 0.031250 0.500000
vt 0.031250 0.500000
vt 0.031250 0.500000
vt 0.031250 0.500000
vt 0.031250 0.500000
vt 0.031250 0.500000
vt 0.031250 0.500000
vt 0.031250 0.500000
vt 0.031250 0.500000
vt 0.031250 0.500000
vt 0.031250 0.500000
vt 0.031250 0.500000
vt 0.031250 0.500000
vt 0.031250 0.500000
vt 0.031250 0.500000
vt 0.031250 0.500000
vt 0.031250 0.500000
vt 0.031250 0.500000
vt 0.031250 0.500000
vt 0.031250 0.500000
vt 0.031250 0.500000
vt 0.031250 0.500000
vt 0.031250 0.500000
vt 0.031250 0.500000
vt 0.031250 0.500000
vt 0.031250 0.500000
vt 0.031250 0.500000
vt 0.031250 0.500000
vt 0.031250 0.500000
vt 0.031250 0.500000
vt 0.031250 0.500000
vt 0.031250 0.500000
vt 0.031250 0.500000
vt 0.031250 0.500000
vt 0.031250 0.500000
vt 0.031250 0.500000
vt 0.031250 0.500000
vt 0.031250 0.500000
vt 0.031250 0.500000
vt 0.031250 0.500000
vt 0.031250 0.500000
vt 0.031250 0.500000
vt 0.031250 0.500000
vt 0.031250 0.500000
vt 0.031250 0.500000
vt 0.031250 0.500000
vt 0.031250 0.500000
vt 0.031250 0.500000
vt 0.031250 0.500000
vt 0.031250 0.500000
vt 0.031250 0.500000
vt 0.031250 0.500000
vt 0.031250 0.500000
vt 0.031250 0.500000
vt 0.031250 0.500000
vt 0.031250 0.500000
vt 0.031250 0.500000
vt 0.031250 0.500000
vt 0.031250 0.500000
vt 0.031250 0.500000
vt 0.031250 0.500000
vt 0.031250 0.500000
vt 0.031250 0.500000
vt 0.031250 0.500000
vt 0.031250 0.500000
vt 0.031250 0.500000
vt 0.031250 0.500000
vt 0.031250 0.500000
vt 0.031250 0.500000
vt 0.031250 0.500000
vt 0.031250 0.500000
vt 0.031250 0.500000
vt 0.031250 0.500000
vt 0.031250 0.500000
vt 0.031250 0.500000
vt 0.031250 0.500000
vt 0.031250 0.500000
vt 0.031250 0.500000
vt 0.031250 0.500000
vt 0.031250 0.500000
vt 0.031250 0.500000
vt 0.031250 0.500000
vt 0.031250 0.500000
vt 0.031250 0.500000
vt 0.031250 0.500000
vt 0.031250 0.500000
vt 0.031250 0.500000
vt 0.031250 0.500000
vt 0.031250 0.500000
vt 0.031250 0.500000
vt 0.031250 0.500000
vt 0.031250 0.500000
vt 0.031250 0.500000
vt 0.031250 0.500000
vt 0.031250 0.500000
vt 0.031250 0.500000
vt 0.031250 0.500000
vt 0.031250 0.500000
vt 0.031250 0.500000
vt 0.031250 0.500000
vt 0.031250 0.500000
vt 0.031250 0.500000
vt 0.031250 0.500000
vt 0.031250 0.500000
vt 0.031250 0.500000
vt 0.031250 0.500000
vt 0.031250 0.500000
vt 0.031250 0.500000
vt 0.031250 0.500000
vt 0.031250 0.500000
vt 0.031250 0.500000
vt 0.031250 0.500000
vt 0.031250 0.500000
vt 0.031250 0.500000
vt 0.031250 0.500000
vt 0.031250 0.500000
vt 0.031250 0.500000
vt 0.031250 0.500000
vt 0.031250 0.500000
vt 0.031250 0.500000
vt 0.031250 0.500000
vt 0.031250 0.500000
vt 0.031250 0.500000
vt 0.031250 0.500000
vt 0.031250 0.500000
vt 0.031250 0.500000
vt 0.031250 0.500000
vt 0.031250 0.500000
vt 0.031250 0.500000
vt 0.031250 0.500000
vt 0.031250 0.500000
vt 0.031250 0.500000
vt 0.031250 0.500000
vt 0.031250 0.500000
vt 0.031250 0.500000
vt 0.031250 0.500000
vt 0.031250 0.500000
vt 0.031250 0.500000
vt 0.031250 0.500000
vt 0.031250 0.500000
vt 0.031250 0.500000
vt 0.031250 0.500000
vt 0.031250 0.500000
vt 0.031250 0.500000
vt 0.031250 0.500000
vt 0.031250 0.500000
vt 0.031250 0.500000
vt 0.031250 0.500000
vt 0.031250 0.500000
vt 0.031250 0.500000
vt 0.031250 0.500000
vt 0.031250 0.500000
vt 0.031250 0.500000
vt 0.031250 0.500000
vt 0.031250 0.500000
vt 0.031250 0.500000
vt 0.031250 0.500000
vt 0.031250 0.500000
vt 0.031250 0.500000
vt 0.031250 0.500000
vt 0.031250 0.500000
vt 0.031250 0.500000
vt 0.031250 0.500000
vt 0.031250 0.500000
vt 0.031250 0.500000
vt 0.031250 0.500000
vt 0.031250 0.500000
vt 0.031250 0.500000
vt 0.031250 0.500000
vt 0.031250 0.500000
vt 0.031250 0.500000
vt 0.031250 0.500000
vt 0.031250 0.500000
vt 0.031250 0.500000
vt 0.031250 0.500000
vt 0.031250 0.500000
vt 0.031250 0.500000
vt 0.031250 0.500000
vt 0.031250 0.500000
vt 0.031250 0.500000
vt 0.031250 0.500000
vt 0.031250 0.500000
vt 0.031250 0.500000
vt 0.031250 0.500000
vt 0.031250 0.500000
vt 0.031250 0.500000
vt 0.031250 0.500000
vt 0.031250 0.500000
vt 0.031250 0.500000
vt 0.031250 0.500000
vt 0.031250 0.500000
vt 0.031250 0.500000
vt 0.031250 0.500000
vt 0.031250 0.500000
vt 0.031250 0.500000
vt 0.031250 0.500000
vt 0.031250 0.500000
vt 0.031250 0.500000
vt 0.031250 0.500000
vt 0.031250 0.500000
vt 0.031250 0.500000
vt 0.031250 0.500000
vt 0.031250 0.500000
vt 0.031250 0.500000
vt 0.031250 0.500000
vt 0.031250 0.500000
vt 0.031250 0.500000
vt 0.031250 0.500000
vt 0.031250 0.500000
vt 0.031250 0.500000
vt 0.031250 0.500000
vt 0.031250 0.500000
vt 0.031250 0.500000
vt 0.031250 0.500000
vt 0.031250 0.500000
vt 0.031250 0.500000
vt 0.031250 0.500000
vt 0.031250 0.500000
vt 0.031250 0.500000
vt 0.031250 0.500000
vt 0.031250 0.500000
vt 0.031250 0.500000
vt 0.031250 0.500000
vt 0.031250 0.500000
vt 0.031250 0.500000
vt 0.031250 0.500000
vt 0.031250 0.500000
vt 0.031250 0.500000
vt 0.031250 0.500000
vt 0.031250 0.500000
vt 0.031250 0.500000
vt 0.031250 0.500000
vt 0.031250 0.500000
vt 0.031250 0.500000
vt 0.031250 0.500000
vt 0.031250 0.500000
vt 0.031250 0.500000
vt 0.031250 0.500000
vt 0.031250 0.500000
vt 0.031250 0.500000
vt 0.031250 0.500000
vt 0.031250 0.500000
vt 0.031250 0.500000
vt 0.031250 0.500000
vt 0.031250 0.500000
vt 0.031250 0.500000
vt 0.031250 0.500000
vt 0.031250 0.500000
vt 0.031250 0.500000
vt 0.031250 0.500000
vt 0.031250 0.500000
vt 0.031250 0.500000
vt 0.031250 0.500000
vt 0.031250 0.500000
vt 0.031250 0.500000
vt 0.031250 0.500000
vt 0.031250 0.500000
vt 0.031250 0.500000
vt 0.031250 0.500000
vt 0.031250 0.500000
vt 0.031250 0.500000
vt 0.031250 0.500000
vt 0.031250 0.500000
vt 0.031250 0.500000
vt 0.031250 0.500000
vt 0.031250 0.500000
vt 0.031250 0.500000
vt 0.031250 0.500000
vt 0.031250 0.500000
vt 0.031250 0.500000
vt 0.031250 0.500000
vt 0.031250 0.500000
vt 0.031250 0.500000
vt 0.031250 0.500000
vt 0.031250 0.500000
vt 0.031250 0.500000
vt 0.031250 0.500000
vt 0.031250 0.500000
vt 0.031250 0.500000
vt 0.031250 0.500000
vt 0.031250 0.500000
vt 0.031250 0.500000
vt 0.031250 0.500000
vt 0.031250 0.500000
vt 0.031250 0.500000
vt 0.031250 0.500000
vt 0.031250 0.500000
vt 0.031250 0.500000
vt 0.031250 0.500000
vt 0.031250 0.500000
vt 0.031250 0.500000
vt 0.031250 0.500000
vt 0.031250 0.500000
vt 0.031250 0.500000
vt 0.031250 0.500000
vt 0.031250 0.500000
vt 0.031250 0.500000
vt 0.031250 0.500000
vt 0.031250 0.500000
vt 0.031250 0.500000
vt 0.031250 0.500000
vt 0.031250 0.500000
vt 0.031250 0.500000
vt 0.031250 0.500000
vt 0.031250 0.500000
vt 0.031250 0.500000
vt 0.031250 0.500000
vt 0.031250 0.500000
vt 0.031250 0.500000
vt 0.031250 0.500000
vt 0.031250 0.500000
vt 0.031250 0.500000
vt 0.031250 0.500000
vt 0.031250 0.500000
vt 0.031250 0.500000
vt 0.031250 0.500000
vt 0.031250 0.500000
vt 0.031250 0.500000
vt 0.031250 0.500000
vt 0.031250 0.500000
vt 0.031250 0.500000
vt 0.031250 0.500000
vt 0.031250 0.500000
vt 0.031250 0.500000
vt 0.031250 0.500000
vt 0.031250 0.500000
vt 0.031250 0.500000
vt 0.031250 0.500000
vt 0.031250 0.500000
vt 0.031250 0.500000
vt 0.031250 0.500000
vt 0.031250 0.500000
vt 0.031250 0.500000
vt 0.031250 0.500000
vt 0.031250 0.500000
vt 0.031250 0.500000
vt 0.031250 0.500000
vt 0.031250 0.500000
vt 0.031250 0.500000
vt 0.031250 0.500000
vt 0.031250 0.500000
vt 0.031250 0.500000
vt 0.031250 0.500000
vt 0.031250 0.500000
vt 0.031250 0.500000
vt 0.031250 0.500000
vt 0.031250 0.500000
vt 0.031250 0.500000
vt 0.031250 0.500000
vt 0.031250 0.500000
vt 0.031250 0.500000
vt 0.031250 0.500000
vt 0.031250 0.500000
vt 0.031250 0.500000
vt 0.031250 0.500000
vt 0.031250 0.500000
vt 0.031250 0.500000
vt 0.031250 0.500000
vt 0.031250 0.500000
vt 0.031250 0.500000
vt 0.031250 0.500000
vt 0.031250 0.500000
vt 0.031250 0.500000
vt 0.031250 0.500000
vt 0.031250 0.500000
vt 0.031250 0.500000
vt 0.031250 0.500000
vt 0.031250 0.500000
vt 0.031250 0.500000
vt 0.031250 0.500000
vt 0.031250 0.500000
vt 0.031250 0.500000
vt 0.031250 0.500000
vt 0.031250 0.500000
vt 0.031250 0.500000
vt 0.031250 0.500000
vt 0.031250 0.500000
vt 0.031250 0.500000
vt 0.031250 0.500000
vt 0.031250 0.500000
vt 0.031250 0.500000
vt 0.031250 0.500000
vt 0.031250 0.500000
vt 0.031250 0.500000
vt 0.031250 0.500000
vt 0.031250 0.500000
vt 0.031250 0.500000
vt 0.031250 0.500000
vt 0.031250 0.500000
vt 0.031250 0.500000
vt 0.031250 0.500000
vt 0.031250 0.500000
vt 0.031250 0.500000
vt 0.031250 0.500000
vt 0.031250 0.500000
vt 0.031250 0.500000
vt 0.031250 0.500000
vt 0.031250 0.500000
vt 0.031250 0.500000
vt 0.031250 0.500000
vt 0.031250 0.500000
vt 0.031250 0.500000
vt 0.031250 0.500000
vt 0.031250 0.500000
vt 0.031250 0.500000
vt 0.031250 0.500000
vt 0.031250 0.500000
vt 0.031250 0.500000
vt 0.031250 0.500000
vt 0.031250 0.500000
vt 0.031250 0.500000
vt 0.031250 0.500000
vt 0.031250 0.500000
vt 0.031250 0.500000
vt 0.031250 0.500000
vt 0.031250 0.500000
vt 0.031250 0.500000
vt 0.031250 0.500000
vt 0.031250 0.500000
vt 0.031250 0.500000
vt 0.031250 0.500000
vt 0.031250 0.500000
vt 0.031250 0.500000
vt 0.031250 0.500000
vt 0.031250 0.500000
vt 0.031250 0.500000
vt 0.031250 0.500000
vt 0.031250 0.500000
vt 0.031250 0.500000
vt 0.031250 0.500000
vt 0.031250 0.500000
vt 0.031250 0.500000
vt 0.031250 0.500000
vt 0.031250 0.500000
vt 0.031250 0.500000
vt 0.031250 0.500000
vt 0.031250 0.500000
vt 0.031250 0.500000
vt 0.031250 0.500000
vt 0.031250 0.500000
vt 0.031250 0.500000
vt 0.031250 0.500000
vt 0.031250 0.500000
vt 0.031250 0.500000
vt 0.031250 0.500000
vt 0.031250 0.500000
vt 0.031250 0.500000
vt 0.031250 0.500000
vt 0.031250 0.500000
vt 0.031250 0.500000
vt 0.031250 0.500000
vt 0.031250 0.500000
vt 0.031250 0.500000
vt 0.031250 0.500000
vt 0.031250 0.500000
vt 0.031250 0.500000
vt 0.031250 0.500000
vt 0.031250 0.500000
vt 0.031250 0.500000
vt 0.031250 0.500000
vt 0.031250 0.500000
vt 0.031250 0.500000
vt 0.031250 0.500000
vt 0.031250 0.500000
vt 0.031250 0.500000
vt 0.031250 0.500000
vt 0.031250 0.500000
vt 0.031250 0.500000
vt 0.031250 0.500000
vt 0.031250 0.500000
vt 0.031250 0.500000
vt 0.031250 0.500000
vt 0.031250 0.500000
vt 0.031250 0.500000
vt 0.031250 0.500000
vt 0.031250 0.500000
vt 0.031250 0.500000
vt 0.031250 0.500000
vt 0.031250 0.500000
vt 0.031250 0.500000
vt 0.031250 0.500000
vt 0.031250 0.500000
vt 0.031250 0.500000
vt 0.031250 0.500000
vt 0.031250 0.500000
vt 0.031250 0.500000
vt 0.031250 0.500000
vt 0.031250 0.500000
vt 0.031250 0.500000
vt 0.031250 0.500000
vt 0.031250 0.500000
vt 0.031250 0.500000
vt 0.031250 0.500000
vt 0.031250 0.500000
vt 0.031250 0.500000
vt 0.031250 0.500000
vt 0.031250 0.500000
vt 0.031250 0.500000
vt 0.031250 0.500000
vt 0.031250 0.500000
vt 0.031250 0.500000
vt 0.031250 0.500000
vt 0.031250 0.500000
vt 0.031250 0.500000
vt 0.031250 0.500000
vt 0.031250 0.500000
vt 0.031250 0.500000
vt 0.031250 0.500000
vt 0.031250 0.500000
vt 0.031250 0.500000
vt 0.031250 0.500000
vt 0.031250 0.500000
vt 0.031250 0.500000
vt 0.031250 0.500000
vt 0.031250 0.500000
vt 0.031250 0.500000
vt 0.031250 0.500000
vt 0.031250 0.500000
vt 0.031250 0.500000
vt 0.031250 0.500000
vt 0.031250 0.500000
vt 0.031250 0.500000
vt 0.031250 0.500000
vt 0.031250 0.500000
vt 0.031250 0.500000
vt 0.031250 0.500000
vt 0.031250 0.500000
vt 0.031250 0.500000
vt 0.031250 0.500000
vt 0.031250 0.500000
vt 0.031250 0.500000
vt 0.031250 0.500000
vt 0.031250 0.500000
vt 0.031250 0.500000
vt 0.031250 0.500000
vt 0.031250 0.500000
vt 0.031250 0.500000
vt 0.031250 0.500000
vt 0.031250 0.500000
vt 0.031250 0.500000
vt 0.031250 0.500000
vt 0.031250 0.500000
vt 0.031250 0.500000
vt 0.031250 0.500000
vt 0.031250 0.500000
vt 0.031250 0.500000
vt 0.031250 0.500000
vt 0.031250 0.500000
vt 0.031250 0.500000
vt 0.031250 0.500000
vt 0.031250 0.500000
vt 0.031250 0.500000
vt 0.031250 0.500000
vt 0.031250 0.500000
vt 0.031250 0.500000
vt 0.031250 0.500000
vt 0.031250 0.500000
vt 0.031250 0.500000
vt 0.031250 0.500000
vt 0.031250 0.500000
vt 0.031250 0.500000
vt 0.031250 0.500000
vt 0.031250 0.500000
vt 0.031250 0.500000
vt 0.031250 0.500000
vt 0.031250 0.500000
vt 0.031250 0.500000
vt 0.031250 0.500000
vt 0.031250 0.500000
vt 0.031250 0.500000
vt 0.031250 0.500000
vt 0.031250 0.500000
vt 0.031250 0.500000
vt 0.031250 0.500000
vt 0.031250 0.500000
vt 0.031250 0.500000
vt 0.031250 0.500000
vt 0.031250 0.500000
vt 0.031250 0.500000
vt 0.031250 0.500000
vt 0.031250 0.500000
vt 0.031250 0.500000
vt 0.031250 0.500000
vt 0.031250 0.500000
vt 0.031250 0.500000
vt 0.031250 0.500000
vt 0.031250 0.500000
vt 0.031250 0.500000
vt 0.031250 0.500000
vt 0.031250 0.500000
vt 0.031250 0.500000
vt 0.031250 0.500000
vt 0.031250 0.500000
vt 0.031250 0.500000
vt 0.031250 0.500000
vt 0.031250 0.500000
vt 0.031250 0.500000
vt 0.031250 0.500000
vt 0.031250 0.500000
vt 0.031250 0.500000
vt 0.031250 0.500000
vt 0.031250 0.500000
vt 0.031250 0.500000
vt 0.031250 0.500000
vt 0.031250 0.500000
vt 0.031250 0.500000
vt 0.031250 0.500000
vt 0.031250 0.500000
vt 0.031250 0.500000
vt 0.031250 0.500000
vt 0.031250 0.500000
vt 0.031250 0.500000
vt 0.031250 0.500000
vt 0.031250 0.500000
vt 0.031250 0.500000
vt 0.031250 0.500000
vt 0.031250 0.500000
vt 0.031250 0.500000
vt 0.031250 0.500000
vt 0.031250 0.500000
vt 0.031250 0.500000
vt 0.031250 0.500000
vt 0.031250 0.500000
vt 0.031250 0.500000
vt 0.031250 0.500000
vt 0.031250 0.500000
vt 0.031250 0.500000
vt 0.031250 0.500000
vt 0.031250 0.500000
vt 0.031250 0.500000
vt 0.031250 0.500000
vt 0.031250 0.500000
vt 0.031250 0.500000
vt 0.031250 0.500000
vt 0.031250 0.500000
vt 0.031250 0.500000
vt 0.031250 0.500000
vt 0.031250 0.500000
vt 0.031250 0.500000
vt 0.031250 0.500000
vt 0.031250 0.500000
vt 0.031250 0.500000
vt 0.031250 0.500000
vt 0.031250 0.500000
vt 0.031250 0.500000
vt 0.031250 0.500000
vt 0.031250 0.500000
vt 0.031250 0.500000
vt 0.031250 0.500000
vt 0.031250 0.500000
vt 0.031250 0.500000
vt 0.031250 0.500000
vt 0.031250 0.500000
vt 0.031250 0.500000
vt 0.031250 0.500000
vt 0.031250 0.500000
vt 0.031250 0.500000
vt 0.031250 0.500000
vt 0.031250 0.500000
vt 0.031250 0.500000
vt 0.031250 0.500000
vt 0.031250 0.500000
vt 0.031250 0.500000
vt 0.031250 0.500000
vt 0.031250 0.500000
vt 0.031250 0.500000
vt 0.031250 0.500000
vt 0.031250 0.500000
vt 0.031250 0.500000
vt 0.031250 0.500000
vt 0.031250 0.500000
vt 0.031250 0.500000
vt 0.031250 0.500000
vt 0.031250 0.500000
vt 0.031250 0.500000
vt 0.031250 0.500000
vt 0.031250 0.500000
vt 0.031250 0.500000
vt 0.031250 0.500000
vt 0.031250 0.500000
vt 0.031250 0.500000
vt 0.031250 0.500000
vt 0.031250 0.500000
vt 0.031250 0.500000
vt 0.031250 0.500000
vt 0.031250 0.500000
vt 0.031250 0.500000
vt 0.031250 0.500000
vt 0.031250 0.500000
vt 0.031250 0.500000
vt 0.031250 0.500000
vt 0.031250 0.500000
vt 0.031250 0.500000
vt 0.031250 0.500000
vt 0.031250 0.500000
vt 0.031250 0.500000
vt 0.031250 0.500000
vt 0.031250 0.500000
vt 0.031250 0.500000
vt 0.031250 0.500000
vt 0.031250 0.500000
vt 0.031250 0.500000
vt 0.031250 0.500000
vt 0.031250 0.500000
vt 0.031250 0.500000
vt 0.031250 0.500000
vt 0.031250 0.500000
vt 0.031250 0.500000
vt 0.031250 0.500000
vt 0.031250 0.500000
vt 0.031250 0.500000
vt 0.031250 0.500000
vt 0.031250 0.500000
vt 0.031250 0.500000
vt 0.031250 0.500000
vt 0.031250 0.500000
vt 0.031250 0.500000
vt 0.031250 0.500000
vt 0.031250 0.500000
vt 0.031250 0.500000
vt 0.031250 0.500000
vt 0.031250 0.500000
vt 0.031250 0.500000
vt 0.031250 0.500000
vt 0.031250 0.500000
vt 0.031250 0.500000
vt 0.031250 0.500000
vt 0.031250 0.500000
vt 0.031250 0.500000
vt 0.031250 0.500000
vt 0.031250 0.500000
vt 0.031250 0.500000
vt 0.031250 0.500000
vt 0.031250 0.500000
vt 0.031250 0.500000
vt 0.031250 0.500000
vt 0.031250 0.500000
vt 0.031250 0.500000
vt 0.031250 0.500000
vt 0.031250 0.500000
vt 0.031250 0.500000
vt 0.031250 0.500000
vt 0.031250 0.500000
vt 0.031250 0.500000
vt 0.031250 0.500000
vt 0.031250 0.500000
vt 0.031250 0.500000
vt 0.031250 0.500000
vt 0.031250 0.500000
vt 0.031250 0.500000
vt 0.031250 0.500000
vt 0.031250 0.500000
vt 0.031250 0.500000
vt 0.031250 0.500000
vt 0.031250 0.500000
vt 0.031250 0.500000
vt 0.031250 0.500000
vt 0.031250 0.500000
vt 0.031250 0.500000
vt 0.031250 0.500000
vt 0.031250 0.500000
vt 0.031250 0.500000
vt 0.031250 0.500000
vt 0.031250 0.500000
vt 0.031250 0.500000
vt 0.031250 0.500000
vt 0.031250 0.500000
vt 0.031250 0.500000
vt 0.031250 0.500000
vt 0.031250 0.500000
vt 0.031250 0.500000
vt 0.031250 0.500000
vt 0.031250 0.500000
vt 0.031250 0.500000
vt 0.031250 0.500000
vt 0.031250 0.500000
vt 0.031250 0.500000
vt 0.031250 0.500000
vt 0.031250 0.500000
vt 0.031250 0.500000
vt 0.031250 0.500000
vt 0.031250 0.500000
vt 0.031250 0.500000
vt 0.031250 0.500000
vt 0.031250 0.500000
vt 0.031250 0.500000
vt 0.031250 0.500000
vt 0.031250 0.500000
vt 0.031250 0.500000
vt 0.031250 0.500000
vt 0.031250 0.500000
vt 0.031250 0.500000
vt 0.031250 0.500000
vt 0.031250 0.500000
vt 0.031250 0.500000
vt 0.031250 0.500000
vt 0.031250 0.500000
vt 0.031250 0.500000
vt 0.031250 0.500000
vt 0.031250 0.500000
vt 0.031250 0.500000
vt 0.031250 0.500000
vt 0.031250 0.500000
vt 0.031250 0.500000
vt 0.031250 0.500000
vt 0.031250 0.500000
vt 0.031250 0.500000
vt 0.031250 0.500000
vt 0.031250 0.500000
vt 0.031250 0.500000
vt 0.031250 0.500000
vt 0.031250 0.500000
vt 0.031250 0.500000
vt 0.031250 0.500000
vt 0.031250 0.500000
vt 0.031250 0.500000
vt 0.031250 0.500000
vt 0.031250 0.500000
vt 0.031250 0.500000
vt 0.031250 0.500000
vt 0.031250 0.500000
vt 0.031250 0.500000
vt 0.031250 0.500000
vt 0.031250 0.500000
vt 0.031250 0.500000
vt 0.031250 0.500000
vt 0.031250 0.500000
vt 0.031250 0.500000
vt 0.031250 0.500000
vt 0.031250 0.500000
vt 0.031250 0.500000
vt 0.031250 0.500000
vt 0.031250 0.500000
vt 0.031250 0.500000
vt 0.031250 0.500000
vt 0.031250 0.500000
vt 0.031250 0.500000
vt 0.031250 0.500000
vt 0.031250 0.500000
vt 0.031250 0.500000
vt 0.031250 0.500000
vt 0.031250 0.500000
vt 0.031250 0.500000
vt 0.031250 0.500000
vt 0.031250 0.500000
vt 0.031250 0.500000
vt 0.031250 0.500000
vt 0.031250 0.500000
vt 0.031250 0.500000
vt 0.031250 0.500000
vt 0.031250 0.500000
vt 0.031250 0.500000
vt 0.031250 0.500000
vt 0.031250 0.500000
vt 0.031250 0.500000
vt 0.031250 0.500000
vt 0.031250 0.500000
vt 0.031250 0.500000
vt 0.031250 0.500000
vt 0.031250 0.500000
vt 0.031250 0.500000
vt 0.031250 0.500000
vt 0.031250 0.500000
vt 0.031250 0.500000
vt 0.031250 0.500000
vt 0.031250 0.500000
vt 0.031250 0.500000
vt 0.031250 0.500000
vt 0.031250 0.500000
vt 0.031250 0.500000
vt 0.031250 0.500000
vt 0.031250 0.500000
vt 0.031250 0.500000
vt 0.031250 0.500000
vt 0.031250 0.500000
vt 0.031250 0.500000
vt 0.031250 0.500000
vt 0.031250 0.500000
vt 0.031250 0.500000
vt 0.031250 0.500000
vt 0.031250 0.500000
vt 0.031250 0.500000
vt 0.031250 0.500000
vt 0.031250 0.500000
vt 0.031250 0.500000
vt 0.031250 0.500000
vt 0.031250 0.500000
vt 0.031250 0.500000
vt 0.031250 0.500000
vt 0.031250 0.500000
vt 0.031250 0.500000
vt 0.031250 0.500000
vt 0.031250 0.500000
vt 0.031250 0.500000
vt 0.031250 0.500000
vt 0.031250 0.500000
vt 0.031250 0.500000
vt 0.031250 0.500000
vt 0.031250 0.500000
vt 0.031250 0.500000
vt 0.031250 0.500000
vt 0.031250 0.500000
vt 0.031250 0.500000
vt 0.031250 0.500000
vt 0.031250 0.500000
vt 0.031250 0.500000
vt 0.031250 0.500000
vt 0.031250 0.500000
vt 0.031250 0.500000
vt 0.031250 0.500000
vt 0.031250 0.500000
vt 0.031250 0.500000
vt 0.031250 0.500000
vt 0.031250 0.500000
vt 0.031250 0.500000
vt 0.031250 0.500000
vt 0.031250 0.500000
vt 0.031250 0.500000
vt 0.031250 0.500000
vt 0.031250 0.500000
vt 0.031250 0.500000
vt 0.031250 0.500000
vt 0.031250 0.500000
vt 0.031250 0.500000
vt 0.031250 0.500000
vt 0.031250 0.500000
vt 0.031250 0.500000
vt 0.031250 0.500000
vt 0.031250 0.500000
vt 0.031250 0.500000
vt 0.031250 0.500000
vt 0.031250 0.500000
vt 0.031250 0.500000
vt 0.031250 0.500000
vt 0.031250 0.500000
vt 0.031250 0.500000
vt 0.031250 0.500000
vt 0.031250 0.500000
vt 0.031250 0.500000
vt 0.031250 0.500000
vt 0.031250 0.500000
vt 0.031250 0.500000
vt 0.031250 0.500000
vt 0.031250 0.500000
vt 0.031250 0.500000
vt 0.031250 0.500000
vt 0.031250 0.500000
vt 0.031250 0.500000
vt 0.031250 0.500000
vt 0.031250 0.500000
vt 0.031250 0.500000
vt 0.031250 0.500000
vt 0.031250 0.500000
vt 0.031250 0.500000
vt 0.031250 0.500000
vt 0.031250 0.500000
vt 0.031250 0.500000
vt 0.031250 0.500000
vt 0.031250 0.500000
vt 0.031250 0.500000
vt 0.031250 0.500000
vt 0.031250 0.500000
vt 0.031250 0.500000
vt 0.031250 0.500000
vt 0.031250 0.500000
vt 0.031250 0.500000
vt 0.031250 0.500000
vt 0.031250 0.500000
vt 0.031250 0.500000
vt 0.031250 0.500000
vt 0.031250 0.500000
vt 0.031250 0.500000
vt 0.031250 0.500000
vt 0.031250 0.500000
vt 0.031250 0.500000
vt 0.031250 0.500000
vt 0.031250 0.500000
vt 0.031250 0.500000
vt 0.031250 0.500000
vt 0.031250 0.500000
vt 0.031250 0.500000
vt 0.031250 0.500000
vt 0.031250 0.500000
vt 0.031250 0.500000
vt 0.031250 0.500000
vt 0.031250 0.500000
vt 0.031250 0.500000
vt 0.031250 0.500000
vt 0.031250 0.500000
vt 0.031250 0.500000
vt 0.031250 0.500000
vt 0.031250 0.500000
vt 0.031250 0.500000
vt 0.031250 0.500000
vt 0.031250 0.500000
vt 0.031250 0.500000
vt 0.031250 0.500000
vt 0.031250 0.500000
vt 0.031250 0.500000
vt 0.031250 0.500000
vt 0.031250 0.500000
vt 0.031250 0.500000
vt 0.031250 0.500000
vt 0.031250 0.500000
vt 0.031250 0.500000
vt 0.031250 0.500000
vt 0.031250 0.500000
vt 0.031250 0.500000
vt 0.031250 0.500000
vt 0.031250 0.500000
vt 0.031250 0.500000
vt 0.031250 0.500000
vt 0.031250 0.500000
vt 0.031250 0.500000
vt 0.031250 0.500000
vt 0.031250 0.500000
vt 0.031250 0.500000
vt 0.031250 0.500000
vt 0.031250 0.500000
vt 0.031250 0.500000
vt 0.031250 0.500000
vt 0.031250 0.500000
vt 0.031250 0.500000
vt 0.031250 0.500000
vt 0.031250 0.500000
vt 0.031250 0.500000
vt 0.031250 0.500000
vt 0.031250 0.500000
vt 0.031250 0.500000
vt 0.031250 0.500000
vt 0.031250 0.500000
vt 0.031250 0.500000
vt 0.031250 0.500000
vt 0.031250 0.500000
vt 0.031250 0.500000
vt 0.031250 0.500000
vt 0.031250 0.500000
vt 0.031250 0.500000
vt 0.031250 0.500000
vt 0.031250 0.500000
vt 0.031250 0.500000
vt 0.031250 0.500000
vt 0.031250 0.500000
vt 0.031250 0.500000
vt 0.031250 0.500000
vt 0.031250 0.500000
vt 0.031250 0.500000
vt 0.031250 0.500000
vt 0.031250 0.500000
vt 0.031250 0.500000
vt 0.031250 0.500000
vt 0.031250 0.500000
vt 0.031250 0.500000
vt 0.031250 0.500000
vt 0.031250 0.500000
vt 0.031250 0.500000
vt 0.031250 0.500000
vt 0.031250 0.500000
vt 0.031250 0.500000
vt 0.031250 0.500000
vt 0.031250 0.500000
vt 0.031250 0.500000
vt 0.031250 0.500000
vt 0.031250 0.500000
vt 0.031250 0.500000
vn -0.122600 0.229989 -0.965440
vn -0.122600 0.229989 -0.965440
vn -0.122600 0.229989 -0.965440
vn -0.638676 0.691160 0.338217
vn -0.638676 0.691160 0.338217
vn -0.638676 0.691160 0.338217
vn -0.970274 -0.129966 -0.204149
vn -0.970274 -0.129966 -0.204149
vn -0.970274 -0.129966 -0.204149
vn -0.868182 0.266468 -0.418633
vn -0.868182 0.266468 -0.418633
vn -0.868182 0.266468 -0.418633
vn 0.314006 0.478480 -0.820035
vn 0.314006 0.478480 -0.820035
vn 0.314006 0.478480 -0.820035
vn 0.663329 -0.241159 0.708404
vn 0.663329 -0.241159 0.708404
vn 0.663329 -0.241159 0.708404
vn 0.052637 -0.994874 0.086344
vn 0.052637 -0.994874 0.086344
vn 0.052637 -0.994874 0.086344
vn -0.826916 -0.044266 0.560580
vn -0.826916 -0.044266 0.560580
vn -0.826916 -0.044266 0.560580
vn -0.880517 0.473917 -0.009572
vn -0.880517 0.473917 -0.009572
vn -0.880517 0.473917 -0.009572
vn -0.015020 -0.485341 -0.874196
vn -0.015020 -0.485341 -0.874196
vn -0.015020 -0.485341 -0.874196
vn 0.240814 0.838431 0.488919
vn 0.240814 0.838431 0.488919
vn 0.240814 0.838431 0.488919
vn 0.015858 0.674299 -0.738288
vn 0.015858 0.674299 -0.738288
vn 0.015858 0.674299 -0.738288
vn 0.321679 0.332211 -0.886656
vn 0.321679 0.332211 -0.886656
vn 0.321679 0.332211 -0.886656
vn -0.866445 -0.416261 -0.275681
vn -0.866445 -0.416261 -0.275681
vn -0.866445 -0.416261 -0.275681
vn -0.251597 -0.967653 0.018589
vn -0.251597 -0.967653 0.018589
vn -0.251597 -0.967653 0.018589
vn 0.080017 0.863627 -0.497741
vn 0.080017 0.863627 -0.497741
vn 0.080017 0.863627 -0.497741
vn 0.260253 -0.236756 0.936063
vn 0.260253 -0.236756 0.936063
vn 0.260253 -0.236756 0.936063
vn 0.980472 -0.015523 0.196044
vn 0.980472 -0.015523 0.196044
vn 0.980472 -0.015523 0.196044
vn 0.692733 0.667142 -0.273940
vn 0.692733 0.667142 -0.273940
vn 0.692733 0.667142 -0.273940
vn 0.304963 0.226887 0.924943
vn 0.304963 0.226887 0.924943
vn 0.304963 0.226887 0.924943
vn -0.444964 -0.883886 0.144062
vn -0.444964 -0.883886 0.144062
vn -0.444964 -0.883886 0.144062
vn 0.366129 0.873079 0.321998
vn 0.366129 0.873079 0.321998
vn 0.366129 0.873079 0.321998
vn -0.540031 -0.149259 0.828304
vn -0.540031 -0.149259 0.828304
vn -0.540031 -0.149259 0.828304
vn 0.951307 0.090214 -0.294747
vn 0.951307 0.090214 -0.294747
vn 0.951307 0.090214 -0.294747
vn -0.351900 0.074508 -0.933067
vn -0.351900 0.074508 -0.933067
vn -0.351900 0.074508 -0.933067
vn -0.068291 -0.147900 -0.986642
vn -0.068291 -0.147900 -0.986642
vn -0.068291 -0.147900 -0.986642
vn 0.331697 0.641307 0.691883
vn 0.331697 0.641307 0.691883
vn 0.331697 0.641307 0.691883
vn 0.416271 0.227717 -0.880263
vn 0.416271 0.227717 -0.880263
vn 0.416271 0.227717 -0.880263
vn 0.564676 0.471274 -0.677526
vn 0.564676 0.471274 -0.677526
vn 0.564676 0.471274 -0.677526
vn 0.446954 -0.821011 0.355209
vn 0.446954 -0.821011 0.355209
vn 0.446954 -0.821011 0.355209
vn -0.185807 -0.200439 -0.961925
vn -0.185807 -0.200439 -0.961925
vn -0.185807 -0.200439 -0.961925
vn 0.605997 0.784949 0.128929
vn 0.605997 0.784949 0.128929
vn 0.605997 0.784949 0.128929
vn -0.110147 -0.951942 -0.285787
vn -0.110147 -0.951942 -0.285787
vn -0.110147 -0.951942 -0.285787
vn 0.016577 -0.002385 -0.999860
vn 0.016577 -0.002385 -0.999860
vn 0.016577 -0.002385 -0.999860
vn -0.473116 0.563468 0.677247
vn -0.473116 0.563468 0.677247
vn -0.473116 0.563468 0.677247
vn 0.464183 0.446759 -0.764814
vn 0.464183 0.446759 -0.764814
vn 0.464183 0.446759 -0.764814
vn -0.984051 0.031046 0.175157
vn -0.984051 0.031046 0.175157
vn -0.984051 0.031046 0.175157
vn -0.153453 0.758561 -0.633275
vn -0.153453 0.758561 -0.633275
vn -0.153453 0.758561 -0.633275
vn 0.854767 0.058683 0.515684
vn 0.854767 0.058683 0.515684
vn 0.854767 0.058683 0.515684
vn 0.846268 0.119901 0.519089
vn 0.846268 0.119901 0.519089
vn 0.846268 0.119901 0.519089
vn 0.473948 -0.641445 -0.603259
vn 0.473948 -0.641445 -0.603259
vn 0.473948 -0.641445 -0.603259
vn -0.145432 0.137295 -0.979796
vn -0.145432 0.137295 -0.979796
vn -0.145432 0.137295 -0.979796
vn -0.392515 -0.049636 -0.918405
vn -0.392515 -0.049636 -0.918405
vn -0.392515 -0.049636 -0.918405
vn 0.950275 0.224867 -0.215436
vn 0.950275 0.224867 -0.215436
vn 0.950275 0.224867 -0.215436
vn 0.460304 -0.714255 -0.527219
vn 0.460304 -0.714255 -0.527219
vn 0.460304 -0.714255 -0.527219
vn 0.448984 -0.682040 0.577265
vn 0.448984 -0.682040 0.577265
vn 0.448984 -0.682040 0.577265
vn -0.274502 0.943297 0.186653
vn -0.274502 0.943297 0.186653
vn -0.274502 0.943297 0.186653
vn 0.552963 0.197264 0.809517
vn 0.552963 0.197264 0.809517
vn 0.552963 0.197264 0.809517
vn -0.710655 -0.280899 -0.645031
vn -0.710655 -0.280899 -0.645031
vn -0.710655 -0.280899 -0.645031
vn 0.247070 0.543441 -0.802265
vn 0.247070 0.543441 -0.802265
vn 0.247070 0.543441 -0.802265
vn 0.092829 0.231561 -0.968381
vn 0.092829 0.231561 -0.968381
vn 0.092829 0.231561 -0.968381
vn -0.719531 -0.499867 0.482087
vn -0.719531 -0.499867 0.482087
vn -0.719531 -0.499867 0.482087
vn -0.601350 0.077476 0.795220
vn -0.601350 0.077476 0.795220
vn -0.601350 0.077476 0.795220
vn -0.657560 0.709632 -0.253057
vn -0.657560 0.709632 -0.253057
vn -0.657560 0.709632 -0.253057
vn 0.720023 -0.689358 0.079706
vn 0.720023 -0.689358 0.079706
vn 0.720023 -0.689358 0.079706
vn 0.050182 -0.459865 -0.886570
vn 0.050182 -0.459865 -0.886570
vn 0.050182 -0.459865 -0.886570
vn -0.812240 0.289041 0.506676
vn -0.812240 0.289041 0.506676
vn -0.812240 0.289041 0.506676
vn -0.567524 -0.817604 0.097164
vn -0.567524 -0.817604 0.097164
vn -0.567524 -0.817604 0.097164
vn 0.125990 0.726714 -0.675287
vn 0.125990 0.726714 -0.675287
vn 0.125990 0.726714 -0.675287
vn 0.850088 -0.170740 0.498195
vn 0.850088 -0.170740 0.498195
vn 0.850088 -0.170740 0.498195
vn 0.926525 0.017947 0.375805
vn 0.926525 0.017947 0.375805
vn 0.926525 0.017947 0.375805
vn 0.057942 0.198077 -0.978472
vn 0.057942 0.198077 -0.978472
vn 0.057942 0.198077 -0.978472
vn 0.100955 0.994056 0.040752
vn 0.100955 0.994056 0.040752
vn 0.100955 0.994056 0.040752
vn -0.560964 0.258408 0.786476
vn -0.560964 0.258408 0.786476
vn -0.560964 0.258408 0.786476
vn -0.030410 0.019801 0.999341
vn -0.030410 0.019801 0.999341
vn -0.030410 0.019801 0.999341
vn -0.486303 0.863647 -0.132749
vn -0.486303 0.863647 -0.132749
vn -0.486303 0.863647 -0.132749
vn 0.835992 -0.139921 0.530602
vn 0.835992 -0.139921 0.530602
vn 0.835992 -0.139921 0.530602
vn 0.678253 -0.714130 0.173178
vn 0.678253 -0.714130 0.173178
vn 0.678253 -0.714130 0.173178
vn -0.689211 0.724052 0.027144
vn -0.689211 0.724052 0.027144
vn -0.689211 0.724052 0.027144
vn -0.147940 0.541587 0.827525
vn -0.147940 0.541587 0.827525
vn -0.147940 0.541587 0.827525
vn -0.599540 -0.355830 -0.716894
vn -0.599540 -0.355830 -0.716894
vn -0.599540 -0.355830 -0.716894
vn 0.974829 -0.114415 0.191358
vn 0.974829 -0.114415 0.191358
vn 0.974829 -0.114415 0.191358
vn 0.367706 0.692716 0.620434
vn 0.367706 0.692716 0.620434
vn 0.367706 0.692716 0.620434
vn 0.171381 -0.713206 -0.679681
vn 0.171381 -0.713206 -0.679681
vn 0.171381 -0.713206 -0.679681
vn -0.174753 0.794060 -0.582177
vn -0.174753 0.794060 -0.582177
vn -0.174753 0.794060 -0.582177
vn -0.003200 -0.999977 -0.005945
vn -0.003200 -0.999977 -0.005945
vn -0.003200 -0.999977 -0.005945
vn -0.040219 0.870346 0.490796
vn -0.040219 0.870346 0.490796
vn -0.040219 0.870346 0.490796
vn 0.333261 0.409439 0.849292
vn 0.333261 0.409439 0.849292
vn 0.333261 0.409439 0.849292
vn -0.623449 0.765083 0.161121
vn -0.623449 0.765083 0.161121
vn -0.623449 0.765083 0.161121
vn 0.548393 -0.302523 -0.779580
vn 0.548393 -0.302523 -0.779580
vn 0.548393 -0.302523 -0.779580
vn -0.632572 0.163278 -0.757095
vn -0.632572 0.163278 -0.757095
vn -0.632572 0.163278 -0.757095
vn -0.159093 0.241150 0.957359
vn -0.159093 0.241150 0.957359
vn -0.159093 0.241150 0.957359
vn -0.182478 0.947477 0.262659
vn -0.182478 0.947477 0.262659
vn -0.182478 0.947477 0.262659
vn 0.409322 0.451327 0.792944
vn 0.409322 0.451327 0.792944
vn 0.409322 0.451327 0.792944
vn -0.578536 0.772855 0.260750
vn -0.578536 0.772855 0.260750
vn -0.578536 0.772855 0.260750
vn -0.918886 0.226381 -0.323110
vn -0.918886 0.226381 -0.323110
vn -0.918886 0.226381 -0.323110
vn 0.943901 0.221824 0.244631
vn 0.943901 0.221824 0.244631
vn 0.943901 0.221824 0.244631
vn -0.700905 -0.429650 -0.569327
vn -0.700905 -0.429650 -0.569327
vn -0.700905 -0.429650 -0.569327
vn 0.187840 -0.897065 -0.399987
vn 0.187840 -0.897065 -0.399987
vn 0.187840 -0.897065 -0.399987
vn -0.012277 -0.831240 0.555778
vn -0.012277 -0.831240 0.555778
vn -0.012277 -0.831240 0.555778
vn -0.603682 0.771387 -0.201322
vn -0.603682 0.771387 -0.201322
vn -0.603682 0.771387 -0.201322
vn 0.938622 -0.319923 -0.128988
vn 0.938622 -0.319923 -0.128988
vn 0.938622 -0.319923 -0.128988
vn -0.676448 0.728945 -0.105155
vn -0.676448 0.728945 -0.105155
vn -0.676448 0.728945 -0.105155
vn -0.042503 -0.126525 -0.991052
vn -0.042503 -0.126525 -0.991052
vn -0.042503 -0.126525 -0.991052
vn 0.658258 -0.370523 -0.655294
vn 0.658258 -0.370523 -0.655294
vn 0.658258 -0.370523 -0.655294
vn -0.006055 -0.871347 0.490630
vn -0.006055 -0.871347 0.490630
vn -0.006055 -0.871347 0.490630
vn 0.076184 -0.198482 -0.977139
vn 0.076184 -0.198482 -0.977139
vn 0.076184 -0.198482 -0.977139
vn -0.003373 0.999975 -0.006201
vn -0.003373 0.999975 -0.006201
vn -0.003373 0.999975 -0.006201
vn 0.929255 -0.188323 0.317837
vn 0.929255 -0.188323 0.317837
vn 0.929255 -0.188323 0.317837
vn 0.291495 0.887273 0.357459
vn 0.291495 0.887273 0.357459
vn 0.291495 0.887273 0.357459
vn -0.946294 -0.307294 -0.100486
vn -0.946294 -0.307294 -0.100486
vn -0.946294 -0.307294 -0.100486
vn -0.680634 -0.694480 0.233314
vn -0.680634 -0.694480 0.233314
vn -0.680634 -0.694480 0.233314
vn 0.896470 -0.298339 -0.327621
vn 0.896470 -0.298339 -0.327621
vn 0.896470 -0.298339 -0.327621
vn -0.455232 -0.484799 -0.746816
vn -0.455232 -0.484799 -0.746816
vn -0.455232 -0.484799 -0.746816
vn -0.045573 -0.401429 -0.914755
vn -0.045573 -0.401429 -0.914755
vn -0.045573 -0.401429 -0.914755
vn 0.477978 -0.855487 -0.199198
vn 0.477978 -0.855487 -0.199198
vn 0.477978 -0.855487 -0.199198
vn -0.163056 0.958726 0.232931
vn -0.163056 0.958726 0.232931
vn -0.163056 0.958726 0.232931
vn 0.015128 -0.996298 -0.084623
vn 0.015128 -0.996298 -0.084623
vn 0.015128 -0.996298 -0.084623
vn 0.514886 0.647729 -0.561551
vn 0.514886 0.647729 -0.561551
vn 0.514886 0.647729 -0.561551
vn -0.790927 0.347675 0.503544
vn -0.790927 0.347675 0.503544
vn -0.790927 0.347675 0.503544
vn -0.868628 -0.063590 0.491366
vn -0.868628 -0.063590 0.491366
vn -0.868628 -0.063590 0.491366
vn 0.847434 -0.190932 -0.495379
vn 0.847434 -0.190932 -0.495379
vn 0.847434 -0.190932 -0.495379
vn -0.311288 -0.725156 0.614206
vn -0.311288 -0.725156 0.614206
vn -0.311288 -0.725156 0.614206
vn -0.526643 0.350499 -0.774466
vn -0.526643 0.350499 -0.774466
vn -0.526643 0.350499 -0.774466
vn -0.192973 0.866758 0.459882
vn -0.192973 0.866758 0.459882
vn -0.192973 0.866758 0.459882
vn -0.321756 0.796667 0.511660
vn -0.321756 0.796667 0.511660
vn -0.321756 0.796667 0.511660
vn -0.153862 0.611612 0.776052
vn -0.153862 0.611612 0.776052
vn -0.153862 0.611612 0.776052
vn -0.340620 0.589504 0.732437
vn -0.340620 0.589504 0.732437
vn -0.340620 0.589504 0.732437
vn -0.574339 -0.817521 -0.042360
vn -0.574339 -0.817521 -0.042360
vn -0.574339 -0.817521 -0.042360
vn 0.478114 -0.812935 0.332480
vn 0.478114 -0.812935 0.332480
vn 0.478114 -0.812935 0.332480
vn -0.173156 0.149386 -0.973499
vn -0.173156 0.149386 -0.973499
vn -0.173156 0.149386 -0.973499
vn 0.794404 0.033767 0.606450
vn 0.794404 0.033767 0.606450
vn 0.794404 0.033767 0.606450
vn 0.909844 0.414911 0.005679
vn 0.909844 0.414911 0.005679
vn 0.909844 0.414911 0.005679
vn 0.481005 -0.366922 -0.796243
vn 0.481005 -0.366922 -0.796243
vn 0.481005 -0.366922 -0.796243
vn -0.700210 -0.141728 0.699728
vn -0.700210 -0.141728 0.699728
vn -0.700210 -0.141728 0.699728
vn 0.015128 0.996298 -0.084623
vn 0.015128 0.996298 -0.084623
vn 0.015128 0.996298 -0.084623
vn -0.010486 0.242334 -0.970136
vn -0.010486 0.242334 -0.970136
vn -0.010486 0.242334 -0.970136
vn -0.538587 0.738295 -0.406010
vn -0.538587 0.738295 -0.406010
vn -0.538587 0.738295 -0.406010
vn 0.078845 -0.558761 0.825572
vn 0.078845 -0.558761 0.825572
vn 0.078845 -0.558761 0.825572
vn -0.220859 0.262291 0.939375
vn -0.220859 0.262291 0.939375
vn -0.220859 0.262291 0.939375
vn 0.430697 -0.078826 -0.899047
vn 0.430697 -0.078826 -0.899047
vn 0.430697 -0.078826 -0.899047
vn 0.950275 -0.224867 -0.215436
vn 0.950275 -0.224867 -0.215436
vn 0.950275 -0.224867 -0.215436
vn 0.688057 -0.725650 -0.003062
vn 0.688057 -0.725650 -0.003062
vn 0.688057 -0.725650 -0.003062
vn -0.448910 0.889520 0.085056
vn -0.448910 0.889520 0.085056
vn -0.448910 0.889520 0.085056
vn -0.286656 -0.674645 -0.680208
vn -0.286656 -0.674645 -0.680208
vn -0.286656 -0.674645 -0.680208
vn -0.526477 0.229914 -0.818512
vn -0.526477 0.229914 -0.818512
vn -0.526477 0.229914 -0.818512
vn 0.277815 -0.347088 0.895739
vn 0.277815 -0.347088 0.895739
vn 0.277815 -0.347088 0.895739
vn -0.003570 0.999975 -0.006107
vn -0.003570 0.999975 -0.006107
vn -0.003570 0.999975 -0.006107
vn 0.242567 -0.861379 0.446303
vn 0.242567 -0.861379 0.446303
vn 0.242567 -0.861379 0.446303
vn -0.147940 -0.541587 0.827525
vn -0.147940 -0.541587 0.827525
vn -0.147940 -0.541587 0.827525
vn -0.728281 -0.557537 -0.398446
vn -0.728281 -0.557537 -0.398446
vn -0.728281 -0.557537 -0.398446
vn 0.411447 -0.213068 0.886179
vn 0.411447 -0.213068 0.886179
vn 0.411447 -0.213068 0.886179
vn 0.948796 0.304696 -0.083341
vn 0.948796 0.304696 -0.083341
vn 0.948796 0.304696 -0.083341
vn 0.502088 0.829156 0.245782
vn 0.502088 0.829156 0.245782
vn 0.502088 0.829156 0.245782
vn 0.014772 0.840884 0.541014
vn 0.014772 0.840884 0.541014
vn 0.014772 0.840884 0.541014
vn 0.772624 0.634185 -0.029351
vn 0.772624 0.634185 -0.029351
vn 0.772624 0.634185 -0.029351
vn 0.223976 0.972961 -0.056409
vn 0.223976 0.972961 -0.056409
vn 0.223976 0.972961 -0.056409
vn -0.182650 -0.657591 0.730899
vn -0.182650 -0.657591 0.730899
vn -0.182650 -0.657591 0.730899
vn -0.403073 0.336214 0.851171
vn -0.403073 0.336214 0.851171
vn -0.403073 0.336214 0.851171
vn 0.299748 -0.090692 0.949698
vn 0.299748 -0.090692 0.949698
vn 0.299748 -0.090692 0.949698
vn 0.512280 -0.232086 0.826865
vn 0.512280 -0.232086 0.826865
vn 0.512280 -0.232086 0.826865
vn 0.935120 0.214071 -0.282355
vn 0.935120 0.214071 -0.282355
vn 0.935120 0.214071 -0.282355
vn 0.539863 0.298983 0.786866
vn 0.539863 0.298983 0.786866
vn 0.539863 0.298983 0.786866
vn 0.096277 -0.923791 -0.370594
vn 0.096277 -0.923791 -0.370594
vn 0.096277 -0.923791 -0.370594
vn -0.874568 -0.275807 0.398824
vn -0.874568 -0.275807 0.398824
vn -0.874568 -0.275807 0.398824
vn -0.516280 0.851587 0.090853
vn -0.516280 0.851587 0.090853
vn -0.516280 0.851587 0.090853
vn 0.128536 0.986484 0.101624
vn 0.128536 0.986484 0.101624
vn 0.128536 0.986484 0.101624
vn -0.015970 0.617073 -0.786744
vn -0.015970 0.617073 -0.786744
vn -0.015970 0.617073 -0.786744
vn 0.651280 -0.185560 -0.735800
vn 0.651280 -0.185560 -0.735800
vn 0.651280 -0.185560 -0.735800
vn 0.470975 0.535436 0.701064
vn 0.470975 0.535436 0.701064
vn 0.470975 0.535436 0.701064
vn -0.041330 -0.113592 -0.992667
vn -0.041330 -0.113592 -0.992667
vn -0.041330 -0.113592 -0.992667
vn -0.206382 0.494547 0.844293
vn -0.206382 0.494547 0.844293
vn -0.206382 0.494547 0.844293
vn 0.000480 0.292846 -0.956160
vn 0.000480 0.292846 -0.956160
vn 0.000480 0.292846 -0.956160
vn -0.067457 0.007029 0.997697
vn -0.067457 0.007029 0.997697
vn -0.067457 0.007029 0.997697
vn -0.837841 0.101836 -0.536332
vn -0.837841 0.101836 -0.536332
vn -0.837841 0.101836 -0.536332
vn 0.280150 0.364703 -0.887979
vn 0.280150 0.364703 -0.887979
vn 0.280150 0.364703 -0.887979
vn 0.524548 0.821367 0.224064
vn 0.524548 0.821367 0.224064
vn 0.524548 0.821367 0.224064
vn -0.261722 -0.581284 0.770461
vn -0.261722 -0.581284 0.770461
vn -0.261722 -0.581284 0.770461
vn -0.169959 0.270353 0.947641
vn -0.169959 0.270353 0.947641
vn -0.169959 0.270353 0.947641
vn -0.651214 0.487271 0.581796
vn -0.651214 0.487271 0.581796
vn -0.651214 0.487271 0.581796
vn 0.770665 0.242421 0.589328
vn 0.770665 0.242421 0.589328
vn 0.770665 0.242421 0.589328
vn -0.751514 0.308590 -0.583094
vn -0.751514 0.308590 -0.583094
vn -0.751514 0.308590 -0.583094
vn 0.853848 0.422051 -0.304657
vn 0.853848 0.422051 -0.304657
vn 0.853848 0.422051 -0.304657
vn 0.898451 0.348619 0.266928
vn 0.898451 0.348619 0.266928
vn 0.898451 0.348619 0.266928
vn 0.559190 -0.783603 0.270691
vn 0.559190 -0.783603 0.270691
vn 0.559190 -0.783603 0.270691
vn 0.148122 -0.602837 -0.783994
vn 0.148122 -0.602837 -0.783994
vn 0.148122 -0.602837 -0.783994
vn -0.290067 -0.024697 0.956688
vn -0.290067 -0.024697 0.956688
vn -0.290067 -0.024697 0.956688
vn -0.430532 0.403497 -0.807361
vn -0.430532 0.403497 -0.807361
vn -0.430532 0.403497 -0.807361
vn 0.745263 -0.547208 0.380982
vn 0.745263 -0.547208 0.380982
vn 0.745263 -0.547208 0.380982
vn 0.346513 -0.380444 0.857433
vn 0.346513 -0.380444 0.857433
vn 0.346513 -0.380444 0.857433
vn 0.153950 0.548984 -0.821532
vn 0.153950 0.548984 -0.821532
vn 0.153950 0.548984 -0.821532
vn 0.154707 -0.561664 -0.812773
vn 0.154707 -0.561664 -0.812773
vn 0.154707 -0.561664 -0.812773
vn 0.583432 -0.076569 -0.808544
vn 0.583432 -0.076569 -0.808544
vn 0.583432 -0.076569 -0.808544
vn -0.383807 0.606926 -0.695941
vn -0.383807 0.606926 -0.695941
vn -0.383807 0.606926 -0.695941
vn -0.003141 -0.999968 -0.007295
vn -0.003141 -0.999968 -0.007295
vn -0.003141 -0.999968 -0.007295
vn 0.066250 0.480511 0.874483
vn 0.066250 0.480511 0.874483
vn 0.066250 0.480511 0.874483
vn -0.053754 0.993758 0.097756
vn -0.053754 0.993758 0.097756
vn -0.053754 0.993758 0.097756
vn -0.025570 0.605388 -0.795519
vn -0.025570 0.605388 -0.795519
vn -0.025570 0.605388 -0.795519
vn -0.059496 0.054041 -0.996765
vn -0.059496 0.054041 -0.996765
vn -0.059496 0.054041 -0.996765
vn 0.588381 -0.183500 -0.787487
vn 0.588381 -0.183500 -0.787487
vn 0.588381 -0.183500 -0.787487
vn -0.003606 0.999976 -0.005956
vn -0.003606 0.999976 -0.005956
vn -0.003606 0.999976 -0.005956
vn -0.200311 0.979674 -0.010699
vn -0.200311 0.979674 -0.010699
vn -0.200311 0.979674 -0.010699
vn 0.402379 0.869523 0.286394
vn 0.402379 0.869523 0.286394
vn 0.402379 0.869523 0.286394
vn -0.444964 0.883885 0.144062
vn -0.444964 0.883885 0.144062
vn -0.444964 0.883885 0.144062
vn 0.626430 0.141289 0.766565
vn 0.626430 0.141289 0.766565
vn 0.626430 0.141289 0.766565
vn -0.331650 0.438974 0.835051
vn -0.331650 0.438974 0.835051
vn -0.331650 0.438974 0.835051
vn -0.553220 -0.219446 -0.803611
vn -0.553220 -0.219446 -0.803611
vn -0.553220 -0.219446 -0.803611
vn 0.883473 0.307666 0.353295
vn 0.883473 0.307666 0.353295
vn 0.883473 0.307666 0.353295
vn 0.256191 0.905458 -0.338397
vn 0.256191 0.905458 -0.338397
vn 0.256191 0.905458 -0.338397
vn 0.762062 0.273484 0.586914
vn 0.762062 0.273484 0.586914
vn 0.762062 0.273484 0.586914
vn -0.046731 -0.487682 -0.871769
vn -0.046731 -0.487682 -0.871769
vn -0.046731 -0.487682 -0.871769
vn 0.186563 0.188182 0.964252
vn 0.186563 0.188182 0.964252
vn 0.186563 0.188182 0.964252
vn -0.974520 -0.132147 -0.181240
vn -0.974520 -0.132147 -0.181240
vn -0.974520 -0.132147 -0.181240
vn 0.053715 0.070327 0.996077
vn 0.053715 0.070327 0.996077
vn 0.053715 0.070327 0.996077
vn -0.773480 0.078387 -0.628955
vn -0.773480 0.078387 -0.628955
vn -0.773480 0.078387 -0.628955
vn 0.746824 -0.434300 0.503624
vn 0.746824 -0.434300 0.503624
vn 0.746824 -0.434300 0.503624
vn 0.525682 -0.671754 -0.521924
vn 0.525682 -0.671754 -0.521924
vn 0.525682 -0.671754 -0.521924
vn 0.280151 -0.868544 0.408836
vn 0.280151 -0.868544 0.408836
vn 0.280151 -0.868544 0.408836
vn 0.526966 0.783462 0.329385
vn 0.526966 0.783462 0.329385
vn 0.526966 0.783462 0.329385
vn -0.551560 0.127584 0.824320
vn -0.551560 0.127584 0.824320
vn -0.551560 0.127584 0.824320
vn 0.242567 0.861379 0.446304
vn 0.242567 0.861379 0.446304
vn 0.242567 0.861379 0.446304
vn -0.304219 0.754915 0.580993
vn -0.304219 0.754915 0.580993
vn -0.304219 0.754915 0.580993
vn -0.250860 -0.202062 0.946700
vn -0.250860 -0.202062 0.946700
vn -0.250860 -0.202062 0.946700
vn 0.921573 0.345063 0.177860
vn 0.921573 0.345063 0.177860
vn 0.921573 0.345063 0.177860
vn 0.053774 0.831978 -0.552197
vn 0.053774 0.831978 -0.552197
vn 0.053774 0.831978 -0.552197
vn -0.861896 -0.502940 0.064707
vn -0.861896 -0.502940 0.064707
vn -0.861896 -0.502940 0.064707
vn -0.136078 0.344488 -0.928876
vn -0.136078 0.344488 -0.928876
vn -0.136078 0.344488 -0.928876
vn -0.337320 0.647538 -0.683308
vn -0.337320 0.647538 -0.683308
vn -0.337320 0.647538 -0.683308
vn -0.050678 -0.646464 -0.761260
vn -0.050678 -0.646464 -0.761260
vn -0.050678 -0.646464 -0.761260
vn -0.538108 -0.462980 -0.704335
vn -0.538108 -0.462980 -0.704335
vn -0.538108 -0.462980 -0.704335
vn 0.099657 0.853994 -0.510649
vn 0.099657 0.853994 -0.510649
vn 0.099657 0.853994 -0.510649
vn 0.543283 -0.189392 0.817909
vn 0.543283 -0.189392 0.817909
vn 0.543283 -0.189392 0.817909
vn -0.491792 -0.514256 -0.702624
vn -0.491792 -0.514256 -0.702624
vn -0.491792 -0.514256 -0.702624
vn 0.304506 0.140308 -0.942120
vn 0.304506 0.140308 -0.942120
vn 0.304506 0.140308 -0.942120
vn -0.936181 0.333274 0.111777
vn -0.936181 0.333274 0.111777
vn -0.936181 0.333274 0.111777
vn 0.058046 -0.800147 -0.596989
vn 0.058046 -0.800147 -0.596989
vn 0.058046 -0.800147 -0.596989
vn -0.098196 -0.944396 0.313805
vn -0.098196 -0.944396 0.313805
vn -0.098196 -0.944396 0.313805
vn 0.793531 0.178237 0.581842
vn 0.793531 0.178237 0.581842
vn 0.793531 0.178237 0.581842
vn 0.287804 -0.901542 0.323095
vn 0.287804 -0.901542 0.323095
vn 0.287804 -0.901542 0.323095
vn 0.021925 -0.997866 0.061508
vn 0.021925 -0.997866 0.061508
vn 0.021925 -0.997866 0.061508
vn -0.901660 0.105867 -0.419288
vn -0.901660 0.105867 -0.419288
vn -0.901660 0.105867 -0.419288
vn 0.233602 0.906494 0.351709
vn 0.233602 0.906494 0.351709
vn 0.233602 0.906494 0.351709
vn -0.430532 -0.403497 -0.807361
vn -0.430532 -0.403497 -0.807361
vn -0.430532 -0.403497 -0.807361
vn 0.132671 -0.975277 -0.176731
vn 0.132671 -0.975277 -0.176731
vn 0.132671 -0.975277 -0.176731
vn 0.303199 0.895695 0.325271
vn 0.303199 0.895695 0.325271
vn 0.303199 0.895695 0.325271
vn -0.444904 0.308500 0.840766
vn -0.444904 0.308500 0.840766
vn -0.444904 0.308500 0.840766
vn 0.627830 -0.011508 0.778266
vn 0.627830 -0.011508 0.778266
vn 0.627830 -0.011508 0.778266
vn -0.021484 0.935240 -0.353363
vn -0.021484 0.935240 -0.353363
vn -0.021484 0.935240 -0.353363
vn 0.658258 0.370522 -0.655294
vn 0.658258 0.370522 -0.655294
vn 0.658258 0.370522 -0.655294
vn -0.005270 0.041222 0.999136
vn -0.005270 0.041222 0.999136
vn -0.005270 0.041222 0.999136
vn 0.866602 -0.443207 0.229280
vn 0.866602 -0.443207 0.229280
vn 0.866602 -0.443207 0.229280
vn 0.351749 0.290149 0.889992
vn 0.351749 0.290149 0.889992
vn 0.351749 0.290149 0.889992
vn 0.664888 0.357630 0.655763
vn 0.664888 0.357630 0.655763
vn 0.664888 0.357630 0.655763
vn -0.566173 0.715198 0.409804
vn -0.566173 0.715198 0.409804
vn -0.566173 0.715198 0.409804
vn -0.992267 0.122250 0.021453
vn -0.992267 0.122250 0.021453
vn -0.992267 0.122250 0.021453
vn -0.091714 0.993787 -0.063050
vn -0.091714 0.993787 -0.063050
vn -0.091714 0.993787 -0.063050
vn -0.236951 0.275992 -0.931495
vn -0.236951 0.275992 -0.931495
vn -0.236951 0.275992 -0.931495
vn -0.313050 0.745983 0.587800
vn -0.313050 0.745983 0.587800
vn -0.313050 0.745983 0.587800
vn 0.682123 0.537543 -0.495738
vn 0.682123 0.537543 -0.495738
vn 0.682123 0.537543 -0.495738
vn -0.600482 0.171147 -0.781108
vn -0.600482 0.171147 -0.781108
vn -0.600482 0.171147 -0.781108
vn 0.116218 0.506582 -0.854323
vn 0.116218 0.506582 -0.854323
vn 0.116218 0.506582 -0.854323
vn -0.773480 -0.078387 -0.628955
vn -0.773480 -0.078387 -0.628955
vn -0.773480 -0.078387 -0.628955
vn 0.333261 -0.409439 0.849292
vn 0.333261 -0.409439 0.849292
vn 0.333261 -0.409439 0.849292
vn 0.099657 -0.853995 -0.510648
vn 0.099657 -0.853995 -0.510648
vn 0.099657 -0.853995 -0.510648
vn 0.266207 -0.916583 0.298344
vn 0.266207 -0.916583 0.298344
vn 0.266207 -0.916583 0.298344
vn -0.975487 0.207507 -0.073254
vn -0.975487 0.207507 -0.073254
vn -0.975487 0.207507 -0.073254
vn 0.650710 0.603898 -0.460308
vn 0.650710 0.603898 -0.460308
vn 0.650710 0.603898 -0.460308
vn 0.977187 -0.212304 -0.005690
vn 0.977187 -0.212304 -0.005690
vn 0.977187 -0.212304 -0.005690
vn 0.030551 0.133222 0.990615
vn 0.030551 0.133222 0.990615
vn 0.030551 0.133222 0.990615
vn -0.988892 0.081826 -0.124083
vn -0.988892 0.081826 -0.124083
vn -0.988892 0.081826 -0.124083
vn 0.649939 -0.467094 -0.599501
vn 0.649939 -0.467094 -0.599501
vn 0.649939 -0.467094 -0.599501
vn -0.466515 0.778411 -0.420047
vn -0.466515 0.778411 -0.420047
vn -0.466515 0.778411 -0.420047
vn -0.225961 -0.455424 0.861121
vn -0.225961 -0.455424 0.861121
vn -0.225961 -0.455424 0.861121
vn -0.097113 0.991146 0.090543
vn -0.097113 0.991146 0.090543
vn -0.097113 0.991146 0.090543
vn 0.700189 0.681965 0.211327
vn 0.700189 0.681965 0.211327
vn 0.700189 0.681965 0.211327
vn -0.548646 -0.352510 -0.758106
vn -0.548646 -0.352510 -0.758106
vn -0.548646 -0.352510 -0.758106
vn -0.187643 -0.395943 0.898899
vn -0.187643 -0.395943 0.898899
vn -0.187643 -0.395943 0.898899
vn 0.264427 -0.962343 0.063037
vn 0.264427 -0.962343 0.063037
vn 0.264427 -0.962343 0.063037
vn -0.734916 -0.237070 -0.635371
vn -0.734916 -0.237070 -0.635371
vn -0.734916 -0.237070 -0.635371
vn 0.056497 0.973791 0.220315
vn 0.056497 0.973791 0.220315
vn 0.056497 0.973791 0.220315
vn 0.057142 0.301797 0.951658
vn 0.057142 0.301797 0.951658
vn 0.057142 0.301797 0.951658
vn 0.132672 0.975277 -0.176731
vn 0.132672 0.975277 -0.176731
vn 0.132672 0.975277 -0.176731
vn 0.345487 -0.796310 -0.496517
vn 0.345487 -0.796310 -0.496517
vn 0.345487 -0.796310 -0.496517
vn -0.291312 -0.447434 -0.845542
vn -0.291312 -0.447434 -0.845542
vn -0.291312 -0.447434 -0.845542
vn 0.141128 -0.983890 -0.109745
vn 0.141128 -0.983890 -0.109745
vn 0.141128 -0.983890 -0.109745
vn -0.003447 -0.999976 -0.005999
vn -0.003447 -0.999976 -0.005999
vn -0.003447 -0.999976 -0.005999
vn 0.934931 0.012965 -0.354592
vn 0.934931 0.012965 -0.354592
vn 0.934931 0.012965 -0.354592
vn -0.676448 -0.728945 -0.105155
vn -0.676448 -0.728945 -0.105155
vn -0.676448 -0.728945 -0.105155
vn -0.775453 0.340070 0.532001
vn -0.775453 0.340070 0.532001
vn -0.775453 0.340070 0.532001
vn 0.870491 -0.467435 0.154111
vn 0.870491 -0.467435 0.154111
vn 0.870491 -0.467435 0.154111
vn -0.005124 -0.989722 0.142912
vn -0.005124 -0.989722 0.142912
vn -0.005124 -0.989722 0.142912
vn -0.139992 0.955586 0.259343
vn -0.139992 0.955586 0.259343
vn -0.139992 0.955586 0.259343
vn 0.349153 0.254035 -0.901974
vn 0.349153 0.254035 -0.901974
vn 0.349153 0.254035 -0.901974
vn -0.133227 -0.179631 0.974671
vn -0.133227 -0.179631 0.974671
vn -0.133227 -0.179631 0.974671
vn -0.137570 -0.704343 0.696401
vn -0.137570 -0.704343 0.696401
vn -0.137570 -0.704343 0.696401
vn 0.391498 -0.421117 -0.818162
vn 0.391498 -0.421117 -0.818162
vn 0.391498 -0.421117 -0.818162
vn -0.953066 0.144695 0.265948
vn -0.953066 0.144695 0.265948
vn -0.953066 0.144695 0.265948
vn -0.238208 -0.047504 -0.970052
vn -0.238208 -0.047504 -0.970052
vn -0.238208 -0.047504 -0.970052
vn 0.464926 -0.844389 0.266178
vn 0.464926 -0.844389 0.266178
vn 0.464926 -0.844389 0.266178
vn 0.333160 -0.924446 -0.185485
vn 0.333160 -0.924446 -0.185485
vn 0.333160 -0.924446 -0.185485
vn -0.741173 -0.351276 0.572073
vn -0.741173 -0.351276 0.572073
vn -0.741173 -0.351276 0.572073
vn 0.510278 -0.433697 -0.742646
vn 0.510278 -0.433697 -0.742646
vn 0.510278 -0.433697 -0.742646
vn -0.918886 -0.226381 -0.323110
vn -0.918886 -0.226381 -0.323110
vn -0.918886 -0.226381 -0.323110
vn -0.005270 -0.041222 0.999136
vn -0.005270 -0.041222 0.999136
vn -0.005270 -0.041222 0.999136
vn -0.235049 0.807069 0.541656
vn -0.235049 0.807069 0.541656
vn -0.235049 0.807069 0.541656
vn 0.384446 -0.907034 0.171728
vn 0.384446 -0.907034 0.171728
vn 0.384446 -0.907034 0.171728
vn -0.736291 -0.581838 -0.345455
vn -0.736291 -0.581838 -0.345455
vn -0.736291 -0.581838 -0.345455
vn -0.700210 0.141728 0.699728
vn -0.700210 0.141728 0.699728
vn -0.700210 0.141728 0.699728
vn -0.466038 0.717537 -0.517639
vn -0.466038 0.717537 -0.517639
vn -0.466038 0.717537 -0.517639
vn 0.566787 0.234768 -0.789706
vn 0.566787 0.234768 -0.789706
vn 0.566787 0.234768 -0.789706
vn 0.731920 0.675687 0.087977
vn 0.731920 0.675687 0.087977
vn 0.731920 0.675687 0.087977
vn 0.243558 0.967319 0.070523
vn 0.243558 0.967319 0.070523
vn 0.243558 0.967319 0.070523
vn 0.334595 -0.000739 -0.942362
vn 0.334595 -0.000739 -0.942362
vn 0.334595 -0.000739 -0.942362
vn -0.394615 0.510019 0.764304
vn -0.394615 0.510019 0.764304
vn -0.394615 0.510019 0.764304
vn -0.210473 0.578056 0.788386
vn -0.210473 0.578056 0.788386
vn -0.210473 0.578056 0.788386
vn 0.616311 0.501532 -0.607146
vn 0.616311 0.501532 -0.607146
vn 0.616311 0.501532 -0.607146
vn -0.429319 -0.900775 0.065499
vn -0.429319 -0.900775 0.065499
vn -0.429319 -0.900775 0.065499
vn -0.094102 0.946262 0.309409
vn -0.094102 0.946262 0.309409
vn -0.094102 0.946262 0.309409
vn 0.290771 0.354473 -0.888708
vn 0.290771 0.354473 -0.888708
vn 0.290771 0.354473 -0.888708
vn -0.390223 -0.146396 -0.909007
vn -0.390223 -0.146396 -0.909007
vn -0.390223 -0.146396 -0.909007
vn -0.974520 0.132147 -0.181240
vn -0.974520 0.132147 -0.181240
vn -0.974520 0.132147 -0.181240
vn -0.551560 -0.127584 0.824320
vn -0.551560 -0.127584 0.824320
vn -0.551560 -0.127584 0.824320
vn 0.849042 0.526388 -0.045192
vn 0.849042 0.526388 -0.045192
vn 0.849042 0.526388 -0.045192
vn -0.599540 0.355830 -0.716894
vn -0.599540 0.355830 -0.716894
vn -0.599540 0.355830 -0.716894
vn 0.026973 0.999563 0.012104
vn 0.026973 0.999563 0.012104
vn 0.026973 0.999563 0.012104
vn -0.331744 -0.796016 0.506265
vn -0.331744 -0.796016 0.506265
vn -0.331744 -0.796016 0.506265
vn -0.342158 -0.911387 -0.228698
vn -0.342158 -0.911387 -0.228698
vn -0.342158 -0.911387 -0.228698
vn 0.357059 -0.914461 -0.190447
vn 0.357059 -0.914461 -0.190447
vn 0.357059 -0.914461 -0.190447
vn -0.200465 -0.618940 0.759426
vn -0.200465 -0.618940 0.759426
vn -0.200465 -0.618940 0.759426
vn -0.192973 -0.866758 0.459882
vn -0.192973 -0.866758 0.459882
vn -0.192973 -0.866758 0.459882
vn -0.587417 -0.798533 -0.131478
vn -0.587417 -0.798533 -0.131478
vn -0.587417 -0.798533 -0.131478
vn 0.094853 0.701139 -0.706688
vn 0.094853 0.701139 -0.706688
vn 0.094853 0.701139 -0.706688
vn 0.194081 0.707358 -0.679690
vn 0.194081 0.707358 -0.679690
vn 0.194081 0.707358 -0.679690
vn -0.542144 0.824937 0.159872
vn -0.542144 0.824937 0.159872
vn -0.542144 0.824937 0.159872
vn -0.733084 -0.372008 0.569384
vn -0.733084 -0.372008 0.569384
vn -0.733084 -0.372008 0.569384
vn -0.249794 0.768111 0.589584
vn -0.249794 0.768111 0.589584
vn -0.249794 0.768111 0.589584
vn 0.979643 -0.200693 0.004753
vn 0.979643 -0.200693 0.004753
vn 0.979643 -0.200693 0.004753
vn -0.194979 -0.020750 0.980588
vn -0.194979 -0.020750 0.980588
vn -0.194979 -0.020750 0.980588
vn -0.027317 -0.031984 -0.999115
vn -0.027317 -0.031984 -0.999115
vn -0.027317 -0.031984 -0.999115
vn -0.662828 0.243462 -0.708085
vn -0.662828 0.243462 -0.708085
vn -0.662828 0.243462 -0.708085
vn -0.120293 0.142760 -0.982420
vn -0.120293 0.142760 -0.982420
vn -0.120293 0.142760 -0.982420
vn 0.787569 0.360411 0.499839
vn 0.787569 0.360411 0.499839
vn 0.787569 0.360411 0.499839
vn 0.758956 -0.649456 -0.046820
vn 0.758956 -0.649456 -0.046820
vn 0.758956 -0.649456 -0.046820
vn -0.104388 0.602836 -0.791007
vn -0.104388 0.602836 -0.791007
vn -0.104388 0.602836 -0.791007
vn 0.901522 -0.344250 0.262201
vn 0.901522 -0.344250 0.262201
vn 0.901522 -0.344250 0.262201
vn 0.682400 0.327470 0.653524
vn 0.682400 0.327470 0.653524
vn 0.682400 0.327470 0.653524
vn -0.039711 0.872030 0.487839
vn -0.039711 0.872030 0.487839
vn -0.039711 0.872030 0.487839
vn 0.141178 0.924705 -0.353538
vn 0.141178 0.924705 -0.353538
vn 0.141178 0.924705 -0.353538
vn -0.131655 0.932503 -0.336311
vn -0.131655 0.932503 -0.336311
vn -0.131655 0.932503 -0.336311
vn -0.420877 0.856819 0.297865
vn -0.420877 0.856819 0.297865
vn -0.420877 0.856819 0.297865
vn -0.982872 -0.151410 0.105059
vn -0.982872 -0.151410 0.105059
vn -0.982872 -0.151410 0.105059
vn 0.256191 -0.905458 -0.338397
vn 0.256191 -0.905458 -0.338397
vn 0.256191 -0.905458 -0.338397
vn -0.064768 -0.954364 0.291539
vn -0.064768 -0.954364 0.291539
vn -0.064768 -0.954364 0.291539
vn -0.325871 -0.302801 0.895612
vn -0.325871 -0.302801 0.895612
vn -0.325871 -0.302801 0.895612
vn -0.698221 -0.540313 -0.469626
vn -0.698221 -0.540313 -0.469626
vn -0.698221 -0.540313 -0.469626
vn -0.003129 -0.999976 -0.006228
vn -0.003129 -0.999976 -0.006228
vn -0.003129 -0.999976 -0.006228
vn 0.672232 -0.270721 0.689067
vn 0.672232 -0.270721 0.689067
vn 0.672232 -0.270721 0.689067
vn 0.564677 -0.471274 -0.677526
vn 0.564677 -0.471274 -0.677526
vn 0.564677 -0.471274 -0.677526
vn 0.898089 0.003995 -0.439796
vn 0.898089 0.003995 -0.439796
vn 0.898089 0.003995 -0.439796
vn 0.321651 -0.714985 -0.620756
vn 0.321651 -0.714985 -0.620756
vn 0.321651 -0.714985 -0.620756
vn 0.517004 -0.800748 0.302506
vn 0.517004 -0.800748 0.302506
vn 0.517004 -0.800748 0.302506
vn 0.011411 0.997662 0.067384
vn 0.011411 0.997662 0.067384
vn 0.011411 0.997662 0.067384
vn -0.652081 0.727007 -0.215060
vn -0.652081 0.727007 -0.215060
vn -0.652081 0.727007 -0.215060
vn 0.175317 -0.965048 -0.194799
vn 0.175317 -0.965048 -0.194799
vn 0.175317 -0.965048 -0.194799
vn 0.116218 -0.506582 -0.854323
vn 0.116218 -0.506582 -0.854323
vn 0.116218 -0.506582 -0.854323
vn -0.329671 -0.845471 0.420113
vn -0.329671 -0.845471 0.420113
vn -0.329671 -0.845471 0.420113
vn -0.362498 -0.574805 -0.733617
vn -0.362498 -0.574805 -0.733617
vn -0.362498 -0.574805 -0.733617
vn -0.143884 0.983382 0.110712
vn -0.143884 0.983382 0.110712
vn -0.143884 0.983382 0.110712
vn -0.019581 -0.998384 0.053344
vn -0.019581 -0.998384 0.053344
vn -0.019581 -0.998384 0.053344
vn -0.003404 0.401031 0.916058
vn -0.003404 0.401031 0.916058
vn -0.003404 0.401031 0.916058
vn -0.095797 0.308517 -0.946383
vn -0.095797 0.308517 -0.946383
vn -0.095797 0.308517 -0.946383
vn -0.769658 -0.609372 0.190507
vn -0.769658 -0.609372 0.190507
vn -0.769658 -0.609372 0.190507
vn -0.505348 0.812706 0.290056
vn -0.505348 0.812706 0.290056
vn -0.505348 0.812706 0.290056
vn -0.452719 -0.658764 -0.600896
vn -0.452719 -0.658764 -0.600896
vn -0.452719 -0.658764 -0.600896
vn -0.266263 0.797306 -0.541671
vn -0.266263 0.797306 -0.541671
vn -0.266263 0.797306 -0.541671
vn 0.337913 0.036368 -0.940474
vn 0.337913 0.036368 -0.940474
vn 0.337913 0.036368 -0.940474
vn -0.500241 0.684991 -0.529667
vn -0.500241 0.684991 -0.529667
vn -0.500241 0.684991 -0.529667
vn -0.335736 0.872221 -0.355684
vn -0.335736 0.872221 -0.355684
vn -0.335736 0.872221 -0.355684
vn 0.157858 -0.965944 -0.205021
vn 0.157858 -0.965944 -0.205021
vn 0.157858 -0.965944 -0.205021
vn 0.903594 -0.309352 0.296342
vn 0.903594 -0.309352 0.296342
vn 0.903594 -0.309352 0.296342
vn -0.159509 -0.787442 -0.595393
vn -0.159509 -0.787442 -0.595393
vn -0.159509 -0.787442 -0.595393
vn 0.383124 -0.269798 0.883417
vn 0.383124 -0.269798 0.883417
vn 0.383124 -0.269798 0.883417
vn -0.174537 0.155516 -0.972292
vn -0.174537 0.155516 -0.972292
vn -0.174537 0.155516 -0.972292
vn -0.607577 0.765889 -0.210390
vn -0.607577 0.765889 -0.210390
vn -0.607577 0.765889 -0.210390
vn 0.952076 -0.160398 -0.260432
vn 0.952076 -0.160398 -0.260432
vn 0.952076 -0.160398 -0.260432
vn -0.439183 0.807668 -0.393434
vn -0.439183 0.807668 -0.393434
vn -0.439183 0.807668 -0.393434
vn -0.339803 0.313093 -0.886852
vn -0.339803 0.313093 -0.886852
vn -0.339803 0.313093 -0.886852
vn 0.448984 0.682040 0.577265
vn 0.448984 0.682040 0.577265
vn 0.448984 0.682040 0.577265
vn -0.149618 -0.117893 0.981690
vn -0.149618 -0.117893 0.981690
vn -0.149618 -0.117893 0.981690
vn -0.448910 0.133666 -0.883523
vn -0.448910 0.133666 -0.883523
vn -0.448910 0.133666 -0.883523
vn -0.498957 0.580270 0.643684
vn -0.498957 0.580270 0.643684
vn -0.498957 0.580270 0.643684
vn 0.430182 0.431637 -0.792864
vn 0.430182 0.431637 -0.792864
vn 0.430182 0.431637 -0.792864
vn 0.247936 -0.932834 0.261434
vn 0.247936 -0.932834 0.261434
vn 0.247936 -0.932834 0.261434
vn 0.290483 0.363638 -0.885091
vn 0.290483 0.363638 -0.885091
vn 0.290483 0.363638 -0.885091
vn 0.680209 -0.066690 -0.729978
vn 0.680209 -0.066690 -0.729978
vn 0.680209 -0.066690 -0.729978
vn -0.039711 -0.872030 0.487839
vn -0.039711 -0.872030 0.487839
vn -0.039711 -0.872030 0.487839
vn -0.095336 -0.185091 0.978086
vn -0.095336 -0.185091 0.978086
vn -0.095336 -0.185091 0.978086
vn -0.061118 0.043171 -0.997197
vn -0.061118 0.043171 -0.997197
vn -0.061118 0.043171 -0.997197
vn 0.100305 -0.507447 -0.855825
vn 0.100305 -0.507447 -0.855825
vn 0.100305 -0.507447 -0.855825
vn 0.291860 -0.376626 0.879188
vn 0.291860 -0.376626 0.879188
vn 0.291860 -0.376626 0.879188
vn 0.679789 -0.682577 0.268283
vn 0.679789 -0.682577 0.268283
vn 0.679789 -0.682577 0.268283
vn 0.535546 -0.503132 -0.678269
vn 0.535546 -0.503132 -0.678269
vn 0.535546 -0.503132 -0.678269
vn -0.571549 -0.000693 -0.820567
vn -0.571549 -0.000693 -0.820567
vn -0.571549 -0.000693 -0.820567
vn 0.228146 0.388744 -0.892652
vn 0.228146 0.388744 -0.892652
vn 0.228146 0.388744 -0.892652
vn 0.132478 0.989988 -0.048719
vn 0.132478 0.989988 -0.048719
vn 0.132478 0.989988 -0.048719
vn 0.192374 -0.658118 -0.727924
vn 0.192374 -0.658118 -0.727924
vn 0.192374 -0.658118 -0.727924
vn 0.489646 0.395787 -0.776917
vn 0.489646 0.395787 -0.776917
vn 0.489646 0.395787 -0.776917
vn -0.128487 -0.955518 0.265472
vn -0.128487 -0.955518 0.265472
vn -0.128487 -0.955518 0.265472
vn -0.295507 0.145476 0.944199
vn -0.295507 0.145476 0.944199
vn -0.295507 0.145476 0.944199
vn -0.185807 0.200439 -0.961925
vn -0.185807 0.200439 -0.961925
vn -0.185807 0.200439 -0.961925
vn 0.016577 0.002385 -0.999860
vn 0.016577 0.002385 -0.999860
vn 0.016577 0.002385 -0.999860
vn -0.626231 -0.467496 0.623925
vn -0.626231 -0.467496 0.623925
vn -0.626231 -0.467496 0.623925
vn 0.236045 0.954841 0.180448
vn 0.236045 0.954841 0.180448
vn 0.236045 0.954841 0.180448
vn -0.374698 -0.631915 -0.678443
vn -0.374698 -0.631915 -0.678443
vn -0.374698 -0.631915 -0.678443
vn -0.640274 0.453226 -0.620190
vn -0.640274 0.453226 -0.620190
vn -0.640274 0.453226 -0.620190
vn -0.281283 -0.356985 0.890754
vn -0.281283 -0.356985 0.890754
vn -0.281283 -0.356985 0.890754
vn -0.490987 -0.258209 0.832022
vn -0.490987 -0.258209 0.832022
vn -0.490987 -0.258209 0.832022
vn 0.416268 0.013733 -0.909138
vn 0.416268 0.013733 -0.909138
vn 0.416268 0.013733 -0.909138
vn 0.523062 0.381572 -0.762108
vn 0.523062 0.381572 -0.762108
vn 0.523062 0.381572 -0.762108
vn 0.313394 -0.806602 0.501176
vn 0.313394 -0.806602 0.501176
vn 0.313394 -0.806602 0.501176
vn 0.732223 0.663947 -0.151738
vn 0.732223 0.663947 -0.151738
vn 0.732223 0.663947 -0.151738
vn -0.268849 -0.853714 -0.445974
vn -0.268849 -0.853714 -0.445974
vn -0.268849 -0.853714 -0.445974
vn 0.135268 -0.594483 0.792649
vn 0.135268 -0.594483 0.792649
vn 0.135268 -0.594483 0.792649
vn 0.968588 0.068134 0.239153
vn 0.968588 0.068134 0.239153
vn 0.968588 0.068134 0.239153
vn -0.084202 0.994000 -0.069817
vn -0.084202 0.994000 -0.069817
vn -0.084202 0.994000 -0.069817
vn 0.207001 0.961708 0.179632
vn 0.207001 0.961708 0.179632
vn 0.207001 0.961708 0.179632
vn 0.137294 -0.878091 -0.458374
vn 0.137294 -0.878091 -0.458374
vn 0.137294 -0.878091 -0.458374
vn -0.581621 -0.742734 -0.331758
vn -0.581621 -0.742734 -0.331758
vn -0.581621 -0.742734 -0.331758
vn -0.035532 -0.998251 0.047252
vn -0.035532 -0.998251 0.047252
vn -0.035532 -0.998251 0.047252
vn -0.035469 0.696406 0.716771
vn -0.035469 0.696406 0.716771
vn -0.035469 0.696406 0.716771
vn 0.585973 0.645706 -0.489591
vn 0.585973 0.645706 -0.489591
vn 0.585973 0.645706 -0.489591
vn -0.623449 -0.765083 0.161121
vn -0.623449 -0.765083 0.161121
vn -0.623449 -0.765083 0.161121
vn -0.888954 -0.217790 0.402901
vn -0.888954 -0.217790 0.402901
vn -0.888954 -0.217790 0.402901
vn -0.439183 -0.807668 -0.393434
vn -0.439183 -0.807668 -0.393434
vn -0.439183 -0.807668 -0.393434
vn 0.588357 0.768566 0.251283
vn 0.588357 0.768566 0.251283
vn 0.588357 0.768566 0.251283
vn -0.053939 0.258087 0.964615
vn -0.053939 0.258087 0.964615
vn -0.053939 0.258087 0.964615
vn -0.055269 0.881533 0.468876
vn -0.055269 0.881533 0.468876
vn -0.055269 0.881533 0.468876
vn 0.194953 0.093192 0.976375
vn 0.194953 0.093192 0.976375
vn 0.194953 0.093192 0.976375
vn 0.933134 0.261412 0.246828
vn 0.933134 0.261412 0.246828
vn 0.933134 0.261412 0.246828
vn 0.376983 -0.534610 0.756357
vn 0.376983 -0.534610 0.756357
vn 0.376983 -0.534610 0.756357
vn 0.731920 -0.675687 0.087977
vn 0.731920 -0.675687 0.087977
vn 0.731920 -0.675687 0.087977
vn 0.131565 -0.928976 -0.345967
vn 0.131565 -0.928976 -0.345967
vn 0.131565 -0.928976 -0.345967
vn -0.247983 -0.475562 0.844005
vn -0.247983 -0.475562 0.844005
vn -0.247983 -0.475562 0.844005
vn -0.015246 -0.146112 -0.989151
vn -0.015246 -0.146112 -0.989151
vn -0.015246 -0.146112 -0.989151
vn -0.574671 -0.546630 0.609056
vn -0.574671 -0.546630 0.609056
vn -0.574671 -0.546630 0.609056
vn 0.091390 0.266892 0.959383
vn 0.091390 0.266892 0.959383
vn 0.091390 0.266892 0.959383
vn 0.712963 -0.258593 0.651778
vn 0.712963 -0.258593 0.651778
vn 0.712963 -0.258593 0.651778
vn -0.567288 -0.538914 -0.622701
vn -0.567288 -0.538914 -0.622701
vn -0.567288 -0.538914 -0.622701
vn -0.594235 0.474012 0.649767
vn -0.594235 0.474012 0.649767
vn -0.594235 0.474012 0.649767
vn 0.801304 0.397605 0.447014
vn 0.801304 0.397605 0.447014
vn 0.801304 0.397605 0.447014
vn 0.603861 0.180446 -0.776397
vn 0.603861 0.180446 -0.776397
vn 0.603861 0.180446 -0.776397
vn -0.224545 0.059309 -0.972657
vn -0.224545 0.059309 -0.972657
vn -0.224545 0.059309 -0.972657
vn 0.773299 0.598918 -0.208099
vn 0.773299 0.598918 -0.208099
vn 0.773299 0.598918 -0.208099
vn -0.012278 0.831240 0.555778
vn -0.012278 0.831240 0.555778
vn -0.012278 0.831240 0.555778
vn -0.893088 0.009400 0.449783
vn -0.893088 0.009400 0.449783
vn -0.893088 0.009400 0.449783
vn -0.282940 0.698585 0.657209
vn -0.282940 0.698585 0.657209
vn -0.282940 0.698585 0.657209
vn 0.251251 -0.521338 0.815524
vn 0.251251 -0.521338 0.815524
vn 0.251251 -0.521338 0.815524
vn -0.737820 0.257298 -0.624035
vn -0.737820 0.257298 -0.624035
vn -0.737820 0.257298 -0.624035
vn 0.704168 -0.563232 -0.432339
vn 0.704168 -0.563232 -0.432339
vn 0.704168 -0.563232 -0.432339
vn -0.194307 0.242458 0.950505
vn -0.194307 0.242458 0.950505
vn -0.194307 0.242458 0.950505
vn -0.551197 -0.821750 -0.144600
vn -0.551197 -0.821750 -0.144600
vn -0.551197 -0.821750 -0.144600
vn 0.069470 0.614650 0.785735
vn 0.069470 0.614650 0.785735
vn 0.069470 0.614650 0.785735
vn -0.224545 -0.059309 -0.972657
vn -0.224545 -0.059309 -0.972657
vn -0.224545 -0.059309 -0.972657
vn -0.143997 -0.989394 -0.019086
vn -0.143997 -0.989394 -0.019086
vn -0.143997 -0.989394 -0.019086
vn 0.277154 -0.168864 0.945870
vn 0.277154 -0.168864 0.945870
vn 0.277154 -0.168864 0.945870
vn -0.003455 0.999976 -0.006028
vn -0.003455 0.999976 -0.006028
vn -0.003455 0.999976 -0.006028
vn 0.356004 -0.240909 -0.902898
vn 0.356004 -0.240909 -0.902898
vn 0.356004 -0.240909 -0.902898
vn 0.982988 -0.121182 0.138023
vn 0.982988 -0.121182 0.138023
vn 0.982988 -0.121182 0.138023
vn -0.268197 0.489993 0.829444
vn -0.268197 0.489993 0.829444
vn -0.268197 0.489993 0.829444
vn 0.931138 -0.111239 0.347287
vn 0.931138 -0.111239 0.347287
vn 0.931138 -0.111239 0.347287
vn 0.434983 0.545156 0.716655
vn 0.434983 0.545156 0.716655
vn 0.434983 0.545156 0.716655
vn 0.612555 -0.180999 -0.769426
vn 0.612555 -0.180999 -0.769426
vn 0.612555 -0.180999 -0.769426
vn 0.990841 0.126933 -0.046075
vn 0.990841 0.126933 -0.046075
vn 0.990841 0.126933 -0.046075
vn -0.204794 -0.939514 0.274541
vn -0.204794 -0.939514 0.274541
vn -0.204794 -0.939514 0.274541
vn 0.403685 -0.779703 0.478645
vn 0.403685 -0.779703 0.478645
vn 0.403685 -0.779703 0.478645
vn 0.601818 -0.374889 -0.705176
vn 0.601818 -0.374889 -0.705176
vn 0.601818 -0.374889 -0.705176
vn -0.142694 0.397699 -0.906352
vn -0.142694 0.397699 -0.906352
vn -0.142694 0.397699 -0.906352
vn 0.666873 -0.068886 0.741981
vn 0.666873 -0.068886 0.741981
vn 0.666873 -0.068886 0.741981
vn -0.486303 -0.863647 -0.132749
vn -0.486303 -0.863647 -0.132749
vn -0.486303 -0.863647 -0.132749
vn -0.703691 -0.511021 -0.493636
vn -0.703691 -0.511021 -0.493636
vn -0.703691 -0.511021 -0.493636
vn 0.240907 -0.613895 -0.751729
vn 0.240907 -0.613895 -0.751729
vn 0.240907 -0.613895 -0.751729
vn 0.393877 -0.917931 0.047580
vn 0.393877 -0.917931 0.047580
vn 0.393877 -0.917931 0.047580
vn -0.265335 -0.946550 0.183416
vn -0.265335 -0.946550 0.183416
vn -0.265335 -0.946550 0.183416
vn -0.184096 -0.924080 0.334940
vn -0.184096 -0.924080 0.334940
vn -0.184096 -0.924080 0.334940
vn 0.980816 0.074635 -0.180082
vn 0.980816 0.074635 -0.180082
vn 0.980816 0.074635 -0.180082
vn -0.012191 0.997071 -0.075498
vn -0.012191 0.997071 -0.075498
vn -0.012191 0.997071 -0.075498
vn 0.114072 0.906615 0.406248
vn 0.114072 0.906615 0.406248
vn 0.114072 0.906615 0.406248
vn -0.488276 -0.844389 0.220440
vn -0.488276 -0.844389 0.220440
vn -0.488276 -0.844389 0.220440
vn -0.389129 -0.711744 0.584806
vn -0.389129 -0.711744 0.584806
vn -0.389129 -0.711744 0.584806
vn -0.939852 -0.280038 -0.195595
vn -0.939852 -0.280038 -0.195595
vn -0.939852 -0.280038 -0.195595
vn -0.597997 0.760193 -0.253979
vn -0.597997 0.760193 -0.253979
vn -0.597997 0.760193 -0.253979
vn -0.003912 0.999974 -0.006104
vn -0.003912 0.999974 -0.006104
vn -0.003912 0.999974 -0.006104
vn 0.374227 0.571509 0.730295
vn 0.374227 0.571509 0.730295
vn 0.374227 0.571509 0.730295
vn 0.107616 -0.361114 0.926291
vn 0.107616 -0.361114 0.926291
vn 0.107616 -0.361114 0.926291
vn 0.225924 -0.396008 -0.890020
vn 0.225924 -0.396008 -0.890020
vn 0.225924 -0.396008 -0.890020
vn -0.323166 0.793605 0.515514
vn -0.323166 0.793605 0.515514
vn -0.323166 0.793605 0.515514
vn -0.389314 -0.428863 -0.815175
vn -0.389314 -0.428863 -0.815175
vn -0.389314 -0.428863 -0.815175
vn 0.552963 -0.197264 0.809517
vn 0.552963 -0.197264 0.809517
vn 0.552963 -0.197264 0.809517
vn -0.241523 -0.284506 0.927752
vn -0.241523 -0.284506 0.927752
vn -0.241523 -0.284506 0.927752
vn -0.673829 0.659812 0.332569
vn -0.673829 0.659812 0.332569
vn -0.673829 0.659812 0.332569
vn 0.787569 -0.360411 0.499839
vn 0.787569 -0.360411 0.499839
vn 0.787569 -0.360411 0.499839
vn -0.238654 0.245102 0.939665
vn -0.238654 0.245102 0.939665
vn -0.238654 0.245102 0.939665
vn 0.373553 -0.403193 0.835400
vn 0.373553 -0.403193 0.835400
vn 0.373553 -0.403193 0.835400
vn -0.901127 0.037713 -0.431911
vn -0.901127 0.037713 -0.431911
vn -0.901127 0.037713 -0.431911
vn 0.076184 0.198482 -0.977139
vn 0.076184 0.198482 -0.977139
vn 0.076184 0.198482 -0.977139
vn 0.021973 -0.229015 -0.973175
vn 0.021973 -0.229015 -0.973175
vn 0.021973 -0.229015 -0.973175
vn 0.732952 0.205709 0.648433
vn 0.732952 0.205709 0.648433
vn 0.732952 0.205709 0.648433
vn 0.228710 -0.092372 -0.969102
vn 0.228710 -0.092372 -0.969102
vn 0.228710 -0.092372 -0.969102
vn 0.128833 -0.908220 -0.398169
vn 0.128833 -0.908220 -0.398169
vn 0.128833 -0.908220 -0.398169
vn -0.129762 -0.970814 -0.201696
vn -0.129762 -0.970814 -0.201696
vn -0.129762 -0.970814 -0.201696
vn -0.170441 -0.063665 -0.983309
vn -0.170441 -0.063665 -0.983309
vn -0.170441 -0.063665 -0.983309
vn -0.391158 -0.914222 0.105797
vn -0.391158 -0.914222 0.105797
vn -0.391158 -0.914222 0.105797
vn -0.863193 -0.020709 -0.504449
vn -0.863193 -0.020709 -0.504449
vn -0.863193 -0.020709 -0.504449
vn -0.112414 0.667783 0.735819
vn -0.112414 0.667783 0.735819
vn -0.112414 0.667783 0.735819
vn -0.578536 -0.772855 0.260750
vn -0.578536 -0.772855 0.260750
vn -0.578536 -0.772855 0.260750
vn -0.468584 0.403843 -0.785709
vn -0.468584 0.403843 -0.785709
vn -0.468584 0.403843 -0.785709
vn 0.737216 0.663010 -0.130119
vn 0.737216 0.663010 -0.130119
vn 0.737216 0.663010 -0.130119
vn -0.774674 0.178249 0.606719
vn -0.774674 0.178249 0.606719
vn -0.774674 0.178249 0.606719
vn -0.003276 0.999974 -0.006445
vn -0.003276 0.999974 -0.006445
vn -0.003276 0.999974 -0.006445
vn -0.935630 0.088631 -0.341673
vn -0.935630 0.088631 -0.341673
vn -0.935630 0.088631 -0.341673
vn -0.135091 0.887068 -0.441431
vn -0.135091 0.887068 -0.441431
vn -0.135091 0.887068 -0.441431
vn 0.460304 0.714255 -0.527219
vn 0.460304 0.714255 -0.527219
vn 0.460304 0.714255 -0.527219
vn 0.042236 0.973658 -0.224066
vn 0.042236 0.973658 -0.224066
vn 0.042236 0.973658 -0.224066
vn -0.249649 0.335528 -0.908348
vn -0.249649 0.335528 -0.908348
vn -0.249649 0.335528 -0.908348
vn -0.439765 0.582917 0.683238
vn -0.439765 0.582917 0.683238
vn -0.439765 0.582917 0.683238
vn 0.781981 0.183061 0.595813
vn 0.781981 0.183061 0.595813
vn 0.781981 0.183061 0.595813
vn 0.109133 0.021734 -0.993790
vn 0.109133 0.021734 -0.993790
vn 0.109133 0.021734 -0.993790
vn -0.740538 0.035320 0.671085
vn -0.740538 0.035320 0.671085
vn -0.740538 0.035320 0.671085
vn -0.340605 0.400820 0.850489
vn -0.340605 0.400820 0.850489
vn -0.340605 0.400820 0.850489
vn 0.160283 -0.746759 -0.645492
vn 0.160283 -0.746759 -0.645492
vn 0.160283 -0.746759 -0.645492
vn -0.099075 -0.580478 -0.808226
vn -0.099075 -0.580478 -0.808226
vn -0.099075 -0.580478 -0.808226
vn -0.526588 0.466200 0.710889
vn -0.526588 0.466200 0.710889
vn -0.526588 0.466200 0.710889
vn -0.874122 0.453657 -0.173510
vn -0.874122 0.453657 -0.173510
vn -0.874122 0.453657 -0.173510
vn 0.446955 0.821010 0.355209
vn 0.446955 0.821010 0.355209
vn 0.446955 0.821010 0.355209
vn -0.464469 -0.615096 -0.637122
vn -0.464469 -0.615096 -0.637122
vn -0.464469 -0.615096 -0.637122
vn 0.110402 -0.987064 -0.116257
vn 0.110402 -0.987064 -0.116257
vn 0.110402 -0.987064 -0.116257
vn -0.337602 -0.932012 0.131829
vn -0.337602 -0.932012 0.131829
vn -0.337602 -0.932012 0.131829
vn -0.646058 0.289689 0.706180
vn -0.646058 0.289689 0.706180
vn -0.646058 0.289689 0.706180
vn -0.250860 0.202062 0.946700
vn -0.250860 0.202062 0.946700
vn -0.250860 0.202062 0.946700
vn -0.446581 -0.590844 -0.671914
vn -0.446581 -0.590844 -0.671914
vn -0.446581 -0.590844 -0.671914
vn -0.176135 -0.152159 -0.972535
vn -0.176135 -0.152159 -0.972535
vn -0.176135 -0.152159 -0.972535
vn -0.237734 0.395069 -0.887357
vn -0.237734 0.395069 -0.887357
vn -0.237734 0.395069 -0.887357
vn 0.080512 -0.716730 -0.692688
vn 0.080512 -0.716730 -0.692688
vn 0.080512 -0.716730 -0.692688
vn -0.376544 0.900185 0.218817
vn -0.376544 0.900185 0.218817
vn -0.376544 0.900185 0.218817
vn -0.148534 -0.973638 -0.173109
vn -0.148534 -0.973638 -0.173109
vn -0.148534 -0.973638 -0.173109
vn 0.100306 0.507447 -0.855825
vn 0.100306 0.507447 -0.855825
vn 0.100306 0.507447 -0.855825
vn -0.321487 0.149923 -0.934970
vn -0.321487 0.149923 -0.934970
vn -0.321487 0.149923 -0.934970
vn 0.904848 0.297595 0.304446
vn 0.904848 0.297595 0.304446
vn 0.904848 0.297595 0.304446
vn 0.743766 -0.338579 0.576347
vn 0.743766 -0.338579 0.576347
vn 0.743766 -0.338579 0.576347
vn 0.516722 0.358489 -0.777486
vn 0.516722 0.358489 -0.777486
vn 0.516722 0.358489 -0.777486
vn -0.211654 -0.929656 -0.301567
vn -0.211654 -0.929656 -0.301567
vn -0.211654 -0.929656 -0.301567
vn 0.710045 0.190573 0.677878
vn 0.710045 0.190573 0.677878
vn 0.710045 0.190573 0.677878
vn 0.558347 0.019599 0.829376
vn 0.558347 0.019599 0.829376
vn 0.558347 0.019599 0.829376
vn -0.330960 -0.210940 -0.919766
vn -0.330960 -0.210940 -0.919766
vn -0.330960 -0.210940 -0.919766
vn -0.694231 0.383084 -0.609335
vn -0.694231 0.383084 -0.609335
vn -0.694231 0.383084 -0.609335
vn 0.018931 0.831873 0.554644
vn 0.018931 0.831873 0.554644
vn 0.018931 0.831873 0.554644
vn -0.137570 0.704343 0.696401
vn -0.137570 0.704343 0.696401
vn -0.137570 0.704343 0.696401
vn 0.664888 -0.357630 0.655763
vn 0.664888 -0.357630 0.655763
vn 0.664888 -0.357630 0.655763
vn -0.400148 -0.664927 0.630677
vn -0.400148 -0.664927 0.630677
vn -0.400148 -0.664927 0.630677
vn -0.858101 0.471351 0.203691
vn -0.858101 0.471351 0.203691
vn -0.858101 0.471351 0.203691
vn -0.111383 -0.895798 0.430278
vn -0.111383 -0.895798 0.430278
vn -0.111383 -0.895798 0.430278
vn 0.366129 -0.873079 0.321998
vn 0.366129 -0.873079 0.321998
vn 0.366129 -0.873079 0.321998
vn -0.003525 -0.999976 -0.005949
vn -0.003525 -0.999976 -0.005949
vn -0.003525 -0.999976 -0.005949
vn -0.080776 -0.541119 -0.837057
vn -0.080776 -0.541119 -0.837057
vn -0.080776 -0.541119 -0.837057
vn 0.087343 -0.581911 0.808549
vn 0.087343 -0.581911 0.808549
vn 0.087343 -0.581911 0.808549
vn 0.546608 0.830782 0.104985
vn 0.546608 0.830782 0.104985
vn 0.546608 0.830782 0.104985
vn 0.080511 0.716730 -0.692687
vn 0.080511 0.716730 -0.692687
vn 0.080511 0.716730 -0.692687
vn 0.679789 0.682577 0.268283
vn 0.679789 0.682577 0.268283
vn 0.679789 0.682577 0.268283
vn -0.659857 -0.681447 -0.316574
vn -0.659857 -0.681447 -0.316574
vn -0.659857 -0.681447 -0.316574
vn 0.440410 -0.132901 -0.887906
vn 0.440410 -0.132901 -0.887906
vn 0.440410 -0.132901 -0.887906
vn 0.079688 -0.603160 -0.793629
vn 0.079688 -0.603160 -0.793629
vn 0.079688 -0.603160 -0.793629
vn 0.520749 0.844885 -0.122435
vn 0.520749 0.844885 -0.122435
vn 0.520749 0.844885 -0.122435
vn -0.133667 0.357325 -0.924366
vn -0.133667 0.357325 -0.924366
vn -0.133667 0.357325 -0.924366
vn 0.025464 -0.533995 -0.845104
vn 0.025464 -0.533995 -0.845104
vn 0.025464 -0.533995 -0.845104
vn -0.559036 -0.514959 -0.649843
vn -0.559036 -0.514959 -0.649843
vn -0.559036 -0.514959 -0.649843
vn -0.016859 -0.985016 -0.171638
vn -0.016859 -0.985016 -0.171638
vn -0.016859 -0.985016 -0.171638
vn -0.241523 0.284506 0.927752
vn -0.241523 0.284506 0.927752
vn -0.241523 0.284506 0.927752
vn -0.299074 0.055536 -0.952612
vn -0.299074 0.055536 -0.952612
vn -0.299074 0.055536 -0.952612
vn 0.150375 0.464305 0.872816
vn 0.150375 0.464305 0.872816
vn 0.150375 0.464305 0.872816
vn 0.331027 -0.703203 0.629227
vn 0.331027 -0.703203 0.629227
vn 0.331027 -0.703203 0.629227
vn 0.037008 0.799494 -0.599533
vn 0.037008 0.799494 -0.599533
vn 0.037008 0.799494 -0.599533
vn -0.057763 -0.888728 0.454781
vn -0.057763 -0.888728 0.454781
vn -0.057763 -0.888728 0.454781
vn -0.416156 -0.025532 0.908935
vn -0.416156 -0.025532 0.908935
vn -0.416156 -0.025532 0.908935
vn -0.314164 -0.001268 -0.949368
vn -0.314164 -0.001268 -0.949368
vn -0.314164 -0.001268 -0.949368
vn -0.374698 0.631915 -0.678443
vn -0.374698 0.631915 -0.678443
vn -0.374698 0.631915 -0.678443
vn 0.909844 -0.414911 0.005679
vn 0.909844 -0.414911 0.005679
vn 0.909844 -0.414911 0.005679
vn -0.100971 -0.930811 -0.351277
vn -0.100971 -0.930811 -0.351277
vn -0.100971 -0.930811 -0.351277
vn -0.152412 0.982010 0.111476
vn -0.152412 0.982010 0.111476
vn -0.152412 0.982010 0.111476
vn 0.252020 0.220775 0.942202
vn 0.252020 0.220775 0.942202
vn 0.252020 0.220775 0.942202
vn -0.147665 0.894910 -0.421107
vn -0.147665 0.894910 -0.421107
vn -0.147665 0.894910 -0.421107
vn 0.543283 0.189392 0.817909
vn 0.543283 0.189392 0.817909
vn 0.543283 0.189392 0.817909
vn -0.131655 -0.932503 -0.336310
vn -0.131655 -0.932503 -0.336310
vn -0.131655 -0.932503 -0.336310
vn 0.455692 -0.646010 0.612385
vn 0.455692 -0.646010 0.612385
vn 0.455692 -0.646010 0.612385
vn -0.782851 0.111113 0.612208
vn -0.782851 0.111113 0.612208
vn -0.782851 0.111113 0.612208
vn 0.049754 -0.991438 -0.120725
vn 0.049754 -0.991438 -0.120725
vn 0.049754 -0.991438 -0.120725
vn -0.626231 0.467496 0.623925
vn -0.626231 0.467496 0.623925
vn -0.626231 0.467496 0.623925
vn -0.381922 0.273157 -0.882905
vn -0.381922 0.273157 -0.882905
vn -0.381922 0.273157 -0.882905
vn 0.373336 -0.713096 -0.593393
vn 0.373336 -0.713096 -0.593393
vn 0.373336 -0.713096 -0.593393
vn -0.235749 0.531271 -0.813741
vn -0.235749 0.531271 -0.813741
vn -0.235749 0.531271 -0.813741
vn -0.192948 0.959123 -0.207015
vn -0.192948 0.959123 -0.207015
vn -0.192948 0.959123 -0.207015
vn 0.572137 -0.783047 0.243919
vn 0.572137 -0.783047 0.243919
vn 0.572137 -0.783047 0.243919
vn 0.603968 0.780151 0.163058
vn 0.603968 0.780151 0.163058
vn 0.603968 0.780151 0.163058
vn 0.245769 0.811645 0.529934
vn 0.245769 0.811645 0.529934
vn 0.245769 0.811645 0.529934
vn -0.331650 -0.438974 0.835051
vn -0.331650 -0.438974 0.835051
vn -0.331650 -0.438974 0.835051
vn 0.247632 -0.955850 -0.158206
vn 0.247632 -0.955850 -0.158206
vn 0.247632 -0.955850 -0.158206
vn 0.501651 0.851952 -0.150081
vn 0.501651 0.851952 -0.150081
vn 0.501651 0.851952 -0.150081
vn 0.265425 0.764449 -0.587510
vn 0.265425 0.764449 -0.587510
vn 0.265425 0.764449 -0.587510
vn -0.084202 -0.994000 -0.069817
vn -0.084202 -0.994000 -0.069817
vn -0.084202 -0.994000 -0.069817
vn -0.244982 0.909429 0.336039
vn -0.244982 0.909429 0.336039
vn -0.244982 0.909429 0.336039
vn -0.629918 0.736529 -0.246430
vn -0.629918 0.736529 -0.246430
vn -0.629918 0.736529 -0.246430
vn 0.988253 0.120526 0.093967
vn 0.988253 0.120526 0.093967
vn 0.988253 0.120526 0.093967
vn -0.057918 0.968487 -0.242237
vn -0.057918 0.968487 -0.242237
vn -0.057918 0.968487 -0.242237
vn -0.448087 0.582225 0.678404
vn -0.448087 0.582225 0.678404
vn -0.448087 0.582225 0.678404
vn -0.492073 -0.147422 0.857981
vn -0.492073 -0.147422 0.857981
vn -0.492073 -0.147422 0.857981
vn 0.978659 0.072168 -0.192402
vn 0.978659 0.072168 -0.192402
vn 0.978659 0.072168 -0.192402
vn -0.259400 -0.829354 0.494858
vn -0.259400 -0.829354 0.494858
vn -0.259400 -0.829354 0.494858
vn -0.719531 0.499868 0.482087
vn -0.719531 0.499868 0.482087
vn -0.719531 0.499868 0.482087
vn 0.625399 0.710956 -0.321587
vn 0.625399 0.710956 -0.321587
vn 0.625399 0.710956 -0.321587
vn -0.794961 -0.258605 0.548781
vn -0.794961 -0.258605 0.548781
vn -0.794961 -0.258605 0.548781
vn -0.422975 -0.173255 -0.889424
vn -0.422975 -0.173255 -0.889424
vn -0.422975 -0.173255 -0.889424
vn -0.003389 0.999976 -0.006062
vn -0.003389 0.999976 -0.006062
vn -0.003389 0.999976 -0.006062
vn -0.260602 0.015170 -0.965327
vn -0.260602 0.015170 -0.965327
vn -0.260602 0.015170 -0.965327
vn 0.019119 0.219829 0.975351
vn 0.019119 0.219829 0.975351
vn 0.019119 0.219829 0.975351
vn 0.051401 -0.984906 0.165282
vn 0.051401 -0.984906 0.165282
vn 0.051401 -0.984906 0.165282
vn 0.510335 0.195706 0.837411
vn 0.510335 0.195706 0.837411
vn 0.510335 0.195706 0.837411
vn 0.498327 -0.470761 -0.728049
vn 0.498327 -0.470761 -0.728049
vn 0.498327 -0.470761 -0.728049
vn 0.095137 0.137208 -0.985963
vn 0.095137 0.137208 -0.985963
vn 0.095137 0.137208 -0.985963
vn -0.703270 0.078907 -0.706531
vn -0.703270 0.078907 -0.706531
vn -0.703270 0.078907 -0.706531
vn 0.349216 -0.292784 0.890127
vn 0.349216 -0.292784 0.890127
vn 0.349216 -0.292784 0.890127
vn 0.666351 -0.728831 -0.157425
vn 0.666351 -0.728831 -0.157425
vn 0.666351 -0.728831 -0.157425
vn -0.999508 -0.012883 0.028584
vn -0.999508 -0.012883 0.028584
vn -0.999508 -0.012883 0.028584
vn -0.452719 0.658764 -0.600896
vn -0.452719 0.658764 -0.600896
vn -0.452719 0.658764 -0.600896
vn -0.472009 0.292360 0.831705
vn -0.472009 0.292360 0.831705
vn -0.472009 0.292360 0.831705
vn 0.856075 0.503344 -0.117387
vn 0.856075 0.503344 -0.117387
vn 0.856075 0.503344 -0.117387
vn 0.878490 0.220239 0.423969
vn 0.878490 0.220239 0.423969
vn 0.878490 0.220239 0.423969
vn -0.789388 0.544965 -0.282630
vn -0.789388 0.544965 -0.282630
vn -0.789388 0.544965 -0.282630
vn 0.154890 0.948297 -0.277023
vn 0.154890 0.948297 -0.277023
vn 0.154890 0.948297 -0.277023
vn 0.155039 0.964029 0.215896
vn 0.155039 0.964029 0.215896
vn 0.155039 0.964029 0.215896
vn 0.112015 -0.867420 -0.484805
vn 0.112015 -0.867420 -0.484805
vn 0.112015 -0.867420 -0.484805
vn 0.187206 -0.430900 -0.882768
vn 0.187206 -0.430900 -0.882768
vn 0.187206 -0.430900 -0.882768
vn -0.363754 -0.479458 -0.798626
vn -0.363754 -0.479458 -0.798626
vn -0.363754 -0.479458 -0.798626
vn 0.443586 0.700233 0.559379
vn 0.443586 0.700233 0.559379
vn 0.443586 0.700233 0.559379
vn 0.223861 0.343349 0.912139
vn 0.223861 0.343349 0.912139
vn 0.223861 0.343349 0.912139
vn -0.887636 -0.297509 -0.351554
vn -0.887636 -0.297509 -0.351554
vn -0.887636 -0.297509 -0.351554
vn -0.328001 0.850561 0.411048
vn -0.328001 0.850561 0.411048
vn -0.328001 0.850561 0.411048
vn -0.855490 0.443722 0.266923
vn -0.855490 0.443722 0.266923
vn -0.855490 0.443722 0.266923
vn -0.625285 0.593452 0.506787
vn -0.625285 0.593452 0.506787
vn -0.625285 0.593452 0.506787
vn -0.309914 -0.283597 -0.907483
vn -0.309914 -0.283597 -0.907483
vn -0.309914 -0.283597 -0.907483
vn 0.892214 -0.289992 -0.346207
vn 0.892214 -0.289992 -0.346207
vn 0.892214 -0.289992 -0.346207
vn 0.766190 -0.586567 -0.262474
vn 0.766190 -0.586567 -0.262474
vn 0.766190 -0.586567 -0.262474
vn -0.612102 -0.743947 -0.268093
vn -0.612102 -0.743947 -0.268093
vn -0.612102 -0.743947 -0.268093
vn -0.139703 -0.569566 -0.809986
vn -0.139703 -0.569566 -0.809986
vn -0.139703 -0.569566 -0.809986
vn 0.310670 -0.674498 -0.669729
vn 0.310670 -0.674498 -0.669729
vn 0.310670 -0.674498 -0.669729
vn 0.618491 -0.008534 0.785746
vn 0.618491 -0.008534 0.785746
vn 0.618491 -0.008534 0.785746
vn -0.282897 0.061807 -0.957157
vn -0.282897 0.061807 -0.957157
vn -0.282897 0.061807 -0.957157
vn -0.786918 0.239052 -0.568870
vn -0.786918 0.239052 -0.568870
vn -0.786918 0.239052 -0.568870
vn 0.835363 0.170425 0.522613
vn 0.835363 0.170425 0.522613
vn 0.835363 0.170425 0.522613
vn 0.270330 0.710723 -0.649457
vn 0.270330 0.710723 -0.649457
vn 0.270330 0.710723 -0.649457
vn -0.610608 0.338890 -0.715760
vn -0.610608 0.338890 -0.715760
vn -0.610608 0.338890 -0.715760
vn -0.385220 -0.889427 0.246021
vn -0.385220 -0.889427 0.246021
vn -0.385220 -0.889427 0.246021
vn -0.003413 -0.999976 -0.006086
vn -0.003413 -0.999976 -0.006086
vn -0.003413 -0.999976 -0.006086
vn -0.007109 0.345123 0.938531
vn -0.007109 0.345123 0.938531
vn -0.007109 0.345123 0.938531
vn 0.493261 0.431289 0.755436
vn 0.493261 0.431289 0.755436
vn 0.493261 0.431289 0.755436
vn 0.703353 -0.118286 0.700930
vn 0.703353 -0.118286 0.700930
vn 0.703353 -0.118286 0.700930
vn -0.483067 -0.005924 0.875564
vn -0.483067 -0.005924 0.875564
vn -0.483067 -0.005924 0.875564
vn -0.765930 -0.066124 -0.639515
vn -0.765930 -0.066124 -0.639515
vn -0.765930 -0.066124 -0.639515
vn -0.243396 0.067704 0.967561
vn -0.243396 0.067704 0.967561
vn -0.243396 0.067704 0.967561
vn 0.384447 0.907034 0.171728
vn 0.384447 0.907034 0.171728
vn 0.384447 0.907034 0.171728
vn 0.302742 0.274875 0.912574
vn 0.302742 0.274875 0.912574
vn 0.302742 0.274875 0.912574
vn -0.512414 0.331771 -0.792061
vn -0.512414 0.331771 -0.792061
vn -0.512414 0.331771 -0.792061
vn -0.602007 0.389138 -0.697251
vn -0.602007 0.389138 -0.697251
vn -0.602007 0.389138 -0.697251
vn 0.500120 0.034030 0.865287
vn 0.500120 0.034030 0.865287
vn 0.500120 0.034030 0.865287
vn -0.123380 0.971462 0.202582
vn -0.123380 0.971462 0.202582
vn -0.123380 0.971462 0.202582
vn 0.234939 0.161757 0.958456
vn 0.234939 0.161757 0.958456
vn 0.234939 0.161757 0.958456
vn 0.179041 0.959128 0.219129
vn 0.179041 0.959128 0.219129
vn 0.179041 0.959128 0.219129
vn -0.003445 0.999975 -0.006097
vn -0.003445 0.999975 -0.006097
vn -0.003445 0.999975 -0.006097
vn 0.338886 0.936269 0.092502
vn 0.338886 0.936269 0.092502
vn 0.338886 0.936269 0.092502
vn -0.080776 0.541119 -0.837058
vn -0.080776 0.541119 -0.837058
vn -0.080776 0.541119 -0.837058
vn -0.471600 0.092207 -0.876978
vn -0.471600 0.092207 -0.876978
vn -0.471600 0.092207 -0.876978
vn -0.162307 -0.976708 -0.140347
vn -0.162307 -0.976708 -0.140347
vn -0.162307 -0.976708 -0.140347
vn -0.396304 -0.504779 -0.766904
vn -0.396304 -0.504779 -0.766904
vn -0.396304 -0.504779 -0.766904
vn -0.391222 -0.601430 0.696582
vn -0.391222 -0.601430 0.696582
vn -0.391222 -0.601430 0.696582
vn 0.517004 0.800748 0.302506
vn 0.517004 0.800748 0.302506
vn 0.517004 0.800748 0.302506
vn 0.993946 -0.050077 0.097794
vn 0.993946 -0.050077 0.097794
vn 0.993946 -0.050077 0.097794
vn 0.467776 0.654039 0.594490
vn 0.467776 0.654039 0.594490
vn 0.467776 0.654039 0.594490
vn -0.339906 -0.929309 0.144387
vn -0.339906 -0.929309 0.144387
vn -0.339906 -0.929309 0.144387
vn -0.937152 -0.280572 -0.207428
vn -0.937152 -0.280572 -0.207428
vn -0.937152 -0.280572 -0.207428
vn -0.033950 -0.669706 -0.741850
vn -0.033950 -0.669706 -0.741850
vn -0.033950 -0.669706 -0.741850
vn 0.341003 -0.214327 0.915304
vn 0.341003 -0.214327 0.915304
vn 0.341003 -0.214327 0.915304
vn 0.640995 0.109462 0.759700
vn 0.640995 0.109462 0.759700
vn 0.640995 0.109462 0.759700
vn 0.118667 -0.655758 -0.745587
vn 0.118667 -0.655758 -0.745587
vn 0.118667 -0.655758 -0.745587
vn 0.212113 0.371838 -0.903739
vn 0.212113 0.371838 -0.903739
vn 0.212113 0.371838 -0.903739
vn -0.003637 0.999976 -0.005944
vn -0.003637 0.999976 -0.005944
vn -0.003637 0.999976 -0.005944
vn -0.599445 0.102433 -0.793835
vn -0.599445 0.102433 -0.793835
vn -0.599445 0.102433 -0.793835
vn 0.218877 0.343633 -0.913241
vn 0.218877 0.343633 -0.913241
vn 0.218877 0.343633 -0.913241
vn 0.037008 -0.799494 -0.599533
vn 0.037008 -0.799494 -0.599533
vn 0.037008 -0.799494 -0.599533
vn 0.382630 0.707341 -0.594359
vn 0.382630 0.707341 -0.594359
vn 0.382630 0.707341 -0.594359
vn -0.325871 0.302801 0.895612
vn -0.325871 0.302801 0.895612
vn -0.325871 0.302801 0.895612
vn -0.176994 -0.795777 -0.579148
vn -0.176994 -0.795777 -0.579148
vn -0.176994 -0.795777 -0.579148
vn 0.412781 -0.843432 0.343851
vn 0.412781 -0.843432 0.343851
vn 0.412781 -0.843432 0.343851
vn -0.698289 0.481667 0.529518
vn -0.698289 0.481667 0.529518
vn -0.698289 0.481667 0.529518
vn 0.970884 0.222819 0.087958
vn 0.970884 0.222819 0.087958
vn 0.970884 0.222819 0.087958
vn 0.194953 -0.093192 0.976375
vn 0.194953 -0.093192 0.976375
vn 0.194953 -0.093192 0.976375
vn -0.057631 0.995189 -0.079228
vn -0.057631 0.995189 -0.079228
vn -0.057631 0.995189 -0.079228
vn -0.542611 -0.739829 -0.397777
vn -0.542611 -0.739829 -0.397777
vn -0.542611 -0.739829 -0.397777
vn -0.111115 -0.990201 0.084592
vn -0.111115 -0.990201 0.084592
vn -0.111115 -0.990201 0.084592
vn 0.167173 -0.968852 -0.182698
vn 0.167173 -0.968852 -0.182698
vn 0.167173 -0.968852 -0.182698
vn -0.339906 0.929309 0.144387
vn -0.339906 0.929309 0.144387
vn -0.339906 0.929309 0.144387
vn -0.387440 0.891842 0.233469
vn -0.387440 0.891842 0.233469
vn -0.387440 0.891842 0.233469
vn -0.218257 -0.814684 0.537265
vn -0.218257 -0.814684 0.537265
vn -0.218257 -0.814684 0.537265
vn 0.717739 -0.674900 -0.171352
vn 0.717739 -0.674900 -0.171352
vn 0.717739 -0.674900 -0.171352
vn -0.197422 -0.892951 0.404552
vn -0.197422 -0.892951 0.404552
vn -0.197422 -0.892951 0.404552
vn -0.046494 -0.118314 -0.991887
vn -0.046494 -0.118314 -0.991887
vn -0.046494 -0.118314 -0.991887
vn 0.892021 -0.045918 0.449656
vn 0.892021 -0.045918 0.449656
vn 0.892021 -0.045918 0.449656
vn -0.003342 -0.999975 -0.006252
vn -0.003342 -0.999975 -0.006252
vn -0.003342 -0.999975 -0.006252
vn 0.573347 -0.748069 0.334165
vn 0.573347 -0.748069 0.334165
vn 0.573347 -0.748069 0.334165
vn -0.382777 -0.473784 -0.793102
vn -0.382777 -0.473784 -0.793102
vn -0.382777 -0.473784 -0.793102
vn 0.095040 0.125095 -0.987582
vn 0.095040 0.125095 -0.987582
vn 0.095040 0.125095 -0.987582
vn 0.891110 -0.050085 0.451016
vn 0.891110 -0.050085 0.451016
vn 0.891110 -0.050085 0.451016
vn -0.650644 -0.173484 0.739300
vn -0.650644 -0.173484 0.739300
vn -0.650644 -0.173484 0.739300
vn -0.322943 -0.290283 0.900801
vn -0.322943 -0.290283 0.900801
vn -0.322943 -0.290283 0.900801
vn -0.466515 -0.778412 -0.420047
vn -0.466515 -0.778412 -0.420047
vn -0.466515 -0.778412 -0.420047
vn -0.132034 0.991242 -0.002482
vn -0.132034 0.991242 -0.002482
vn -0.132034 0.991242 -0.002482
vn -0.845283 -0.350419 -0.403365
vn -0.845283 -0.350419 -0.403365
vn -0.845283 -0.350419 -0.403365
vn 0.182794 -0.659947 0.728736
vn 0.182794 -0.659947 0.728736
vn 0.182794 -0.659947 0.728736
vn -0.652072 0.087191 0.753127
vn -0.652072 0.087191 0.753127
vn -0.652072 0.087191 0.753127
vn -0.128812 -0.843880 0.520840
vn -0.128812 -0.843880 0.520840
vn -0.128812 -0.843880 0.520840
vn -0.303494 0.723847 -0.619626
vn -0.303494 0.723847 -0.619626
vn -0.303494 0.723847 -0.619626
vn 0.571590 0.051524 0.818920
vn 0.571590 0.051524 0.818920
vn 0.571590 0.051524 0.818920
vn 0.302343 -0.006773 -0.953175
vn 0.302343 -0.006773 -0.953175
vn 0.302343 -0.006773 -0.953175
vn 0.170826 -0.285431 0.943052
vn 0.170826 -0.285431 0.943052
vn 0.170826 -0.285431 0.943052
vn -0.311938 -0.190670 -0.930774
vn -0.311938 -0.190670 -0.930774
vn -0.311938 -0.190670 -0.930774
vn -0.393090 -0.607185 0.690512
vn -0.393090 -0.607185 0.690512
vn -0.393090 -0.607185 0.690512
vn -0.405851 -0.713443 -0.571213
vn -0.405851 -0.713443 -0.571213
vn -0.405851 -0.713443 -0.571213
vn 0.195258 -0.531197 -0.824442
vn 0.195258 -0.531197 -0.824442
vn 0.195258 -0.531197 -0.824442
vn 0.716446 0.102533 -0.690066
vn 0.716446 0.102533 -0.690066
vn 0.716446 0.102533 -0.690066
vn 0.016317 -0.999770 0.013939
vn 0.016317 -0.999770 0.013939
vn 0.016317 -0.999770 0.013939
vn 0.184067 0.635640 -0.749721
vn 0.184067 0.635640 -0.749721
vn 0.184067 0.635640 -0.749721
vn -0.146588 -0.989077 -0.015422
vn -0.146588 -0.989077 -0.015422
vn -0.146588 -0.989077 -0.015422
vn 0.239946 -0.726268 -0.644174
vn 0.239946 -0.726268 -0.644174
vn 0.239946 -0.726268 -0.644174
vn -0.046731 0.487682 -0.871769
vn -0.046731 0.487682 -0.871769
vn -0.046731 0.487682 -0.871769
vn -0.954750 0.193825 -0.225574
vn -0.954750 0.193825 -0.225574
vn -0.954750 0.193825 -0.225574
vn 0.942489 0.323582 0.083715
vn 0.942489 0.323582 0.083715
vn 0.942489 0.323582 0.083715
vn 0.227625 0.574263 0.786390
vn 0.227625 0.574263 0.786390
vn 0.227625 0.574263 0.786390
vn -0.387258 -0.892367 0.231761
vn -0.387258 -0.892367 0.231761
vn -0.387258 -0.892367 0.231761
vn 0.974829 0.114415 0.191358
vn 0.974829 0.114415 0.191358
vn 0.974829 0.114415 0.191358
vn 0.290330 0.614077 -0.733906
vn 0.290330 0.614077 -0.733906
vn 0.290330 0.614077 -0.733906
vn 0.121396 -0.978616 0.166055
vn 0.121396 -0.978616 0.166055
vn 0.121396 -0.978616 0.166055
vn 0.396376 0.821936 -0.409032
vn 0.396376 0.821936 -0.409032
vn 0.396376 0.821936 -0.409032
vn -0.422975 0.173255 -0.889424
vn -0.422975 0.173255 -0.889424
vn -0.422975 0.173255 -0.889424
vn -0.525277 -0.598186 0.605192
vn -0.525277 -0.598186 0.605192
vn -0.525277 -0.598186 0.605192
vn 0.243976 0.160396 -0.956425
vn 0.243976 0.160396 -0.956425
vn 0.243976 0.160396 -0.956425
vn -0.128812 0.843880 0.520840
vn -0.128812 0.843880 0.520840
vn -0.128812 0.843880 0.520840
vn 0.335938 0.299880 -0.892870
vn 0.335938 0.299880 -0.892870
vn 0.335938 0.299880 -0.892870
vn 0.921885 -0.012444 0.387265
vn 0.921885 -0.012444 0.387265
vn 0.921885 -0.012444 0.387265
vn 0.195258 0.531196 -0.824442
vn 0.195258 0.531196 -0.824442
vn 0.195258 0.531196 -0.824442
vn -0.209911 -0.964254 0.161717
vn -0.209911 -0.964254 0.161717
vn -0.209911 -0.964254 0.161717
vn 0.316931 0.946364 -0.062846
vn 0.316931 0.946364 -0.062846
vn 0.316931 0.946364 -0.062846
vn 0.417218 -0.639765 0.645469
vn 0.417218 -0.639765 0.645469
vn 0.417218 -0.639765 0.645469
vn -0.232712 0.683714 0.691650
vn -0.232712 0.683714 0.691650
vn -0.232712 0.683714 0.691650
vn 0.233391 0.410147 0.881651
vn 0.233391 0.410147 0.881651
vn 0.233391 0.410147 0.881651
vn 0.140989 0.675845 -0.723433
vn 0.140989 0.675845 -0.723433
vn 0.140989 0.675845 -0.723433
vn -0.134574 -0.240125 0.961369
vn -0.134574 -0.240125 0.961369
vn -0.134574 -0.240125 0.961369
vn -0.122478 -0.664306 -0.737358
vn -0.122478 -0.664306 -0.737358
vn -0.122478 -0.664306 -0.737358
vn 0.535546 0.503132 -0.678269
vn 0.535546 0.503132 -0.678269
vn 0.535546 0.503132 -0.678269
vn -0.332180 -0.478196 0.813010
vn -0.332180 -0.478196 0.813010
vn -0.332180 -0.478196 0.813010
vn 0.526966 -0.783461 0.329385
vn 0.526966 -0.783461 0.329385
vn 0.526966 -0.783461 0.329385
vn -0.099138 -0.520444 -0.848122
vn -0.099138 -0.520444 -0.848122
vn -0.099138 -0.520444 -0.848122
vn 0.445577 0.770258 0.456249
vn 0.445577 0.770258 0.456249
vn 0.445577 0.770258 0.456249
vn -0.049747 -0.998595 0.018249
vn -0.049747 -0.998595 0.018249
vn -0.049747 -0.998595 0.018249
vn 0.275206 0.758201 -0.591094
vn 0.275206 0.758201 -0.591094
vn 0.275206 0.758201 -0.591094
vn 0.573737 0.480991 -0.662928
vn 0.573737 0.480991 -0.662928
vn 0.573737 0.480991 -0.662928
vn 0.083459 0.812112 -0.577503
vn 0.083459 0.812112 -0.577503
vn 0.083459 0.812112 -0.577503
vn 0.273221 -0.928343 0.252051
vn 0.273221 -0.928343 0.252051
vn 0.273221 -0.928343 0.252051
vn 0.988011 -0.141231 -0.062347
vn 0.988011 -0.141231 -0.062347
vn 0.988011 -0.141231 -0.062347
vn 0.486106 0.814846 0.315796
vn 0.486106 0.814846 0.315796
vn 0.486106 0.814846 0.315796
vn -0.097469 -0.988541 -0.115265
vn -0.097469 -0.988541 -0.115265
vn -0.097469 -0.988541 -0.115265
vn 0.641437 -0.523896 -0.560438
vn 0.641437 -0.523896 -0.560438
vn 0.641437 -0.523896 -0.560438
vn -0.937400 0.346592 0.033987
vn -0.937400 0.346592 0.033987
vn -0.937400 0.346592 0.033987
vn 0.005356 0.909997 0.414579
vn 0.005356 0.909997 0.414579
vn 0.005356 0.909997 0.414579
vn 0.304749 -0.684467 0.662294
vn 0.304749 -0.684467 0.662294
vn 0.304749 -0.684467 0.662294
vn -0.077137 0.990270 0.115824
vn -0.077137 0.990270 0.115824
vn -0.077137 0.990270 0.115824
vn -0.003445 -0.999975 -0.006097
vn -0.003445 -0.999975 -0.006097
vn -0.003445 -0.999975 -0.006097
vn -0.513593 -0.781126 -0.355056
vn -0.513593 -0.781126 -0.355056
vn -0.513593 -0.781126 -0.355056
vn 0.045070 0.140684 -0.989028
vn 0.045070 0.140684 -0.989028
vn 0.045070 0.140684 -0.989028
vn -0.154593 0.677261 0.719318
vn -0.154593 0.677261 0.719318
vn -0.154593 0.677261 0.719318
vn 0.129645 0.875188 -0.466089
vn 0.129645 0.875188 -0.466089
vn 0.129645 0.875188 -0.466089
vn 0.329409 -0.885352 0.328089
vn 0.329409 -0.885352 0.328089
vn 0.329409 -0.885352 0.328089
vn -0.561876 -0.476620 0.676113
vn -0.561876 -0.476620 0.676113
vn -0.561876 -0.476620 0.676113
vn -0.043344 -0.992765 -0.111980
vn -0.043344 -0.992765 -0.111980
vn -0.043344 -0.992765 -0.111980
vn -0.479738 -0.859700 0.175407
vn -0.479738 -0.859700 0.175407
vn -0.479738 -0.859700 0.175407
vn -0.713764 -0.469090 0.520091
vn -0.713764 -0.469090 0.520091
vn -0.713764 -0.469090 0.520091
vn -0.391158 0.914222 0.105797
vn -0.391158 0.914222 0.105797
vn -0.391158 0.914222 0.105797
vn -0.594235 -0.474012 0.649767
vn -0.594235 -0.474012 0.649767
vn -0.594235 -0.474012 0.649767
vn 0.434983 -0.545156 0.716655
vn 0.434983 -0.545156 0.716655
vn 0.434983 -0.545156 0.716655
vn 0.034585 -0.999343 -0.010808
vn 0.034585 -0.999343 -0.010808
vn 0.034585 -0.999343 -0.010808
vn -0.431944 -0.054872 -0.900230
vn -0.431944 -0.054872 -0.900230
vn -0.431944 -0.054872 -0.900230
vn 0.572680 0.531140 0.624442
vn 0.572680 0.531140 0.624442
vn 0.572680 0.531140 0.624442
vn 0.950752 -0.010527 -0.309775
vn 0.950752 -0.010527 -0.309775
vn 0.950752 -0.010527 -0.309775
vn -0.420877 -0.856819 0.297865
vn -0.420877 -0.856819 0.297865
vn -0.420877 -0.856819 0.297865
vn 0.330502 0.842885 0.424633
vn 0.330502 0.842885 0.424633
vn 0.330502 0.842885 0.424633
vn -0.572457 0.070149 0.816928
vn -0.572457 0.070149 0.816928
vn -0.572457 0.070149 0.816928
vn 0.703353 0.118286 0.700930
vn 0.703353 0.118286 0.700930
vn 0.703353 0.118286 0.700930
vn 0.935828 0.107532 0.335653
vn 0.935828 0.107532 0.335653
vn 0.935828 0.107532 0.335653
vn -0.034342 0.356520 -0.933656
vn -0.034342 0.356520 -0.933656
vn -0.034342 0.356520 -0.933656
vn 0.218266 0.700900 -0.679043
vn 0.218266 0.700900 -0.679043
vn 0.218266 0.700900 -0.679043
vn 0.454609 0.194887 -0.869109
vn 0.454609 0.194887 -0.869109
vn 0.454609 0.194887 -0.869109
vn 0.339326 -0.831844 0.439197
vn 0.339326 -0.831844 0.439197
vn 0.339326 -0.831844 0.439197
vn 0.028117 -0.691845 -0.721498
vn 0.028117 -0.691845 -0.721498
vn 0.028117 -0.691845 -0.721498
vn 0.710045 -0.190573 0.677878
vn 0.710045 -0.190573 0.677878
vn 0.710045 -0.190573 0.677878
vn -0.978375 -0.087482 -0.187430
vn -0.978375 -0.087482 -0.187430
vn -0.978375 -0.087482 -0.187430
vn 0.021925 0.997866 0.061508
vn 0.021925 0.997866 0.061508
vn 0.021925 0.997866 0.061508
vn -0.054761 0.146090 0.987754
vn -0.054761 0.146090 0.987754
vn -0.054761 0.146090 0.987754
vn 0.234692 -0.928536 -0.287646
vn 0.234692 -0.928536 -0.287646
vn 0.234692 -0.928536 -0.287646
vn -0.381678 0.627182 -0.678944
vn -0.381678 0.627182 -0.678944
vn -0.381678 0.627182 -0.678944
vn 0.867767 0.295004 -0.399941
vn 0.867767 0.295004 -0.399941
vn 0.867767 0.295004 -0.399941
vn -0.974003 -0.144593 0.174388
vn -0.974003 -0.144593 0.174388
vn -0.974003 -0.144593 0.174388
vn -0.729939 -0.330873 0.598091
vn -0.729939 -0.330873 0.598091
vn -0.729939 -0.330873 0.598091
vn 0.650710 -0.603898 -0.460308
vn 0.650710 -0.603898 -0.460308
vn 0.650710 -0.603898 -0.460308
vn 0.109133 -0.021734 -0.993790
vn 0.109133 -0.021734 -0.993790
vn 0.109133 -0.021734 -0.993790
vn 0.345498 0.668152 0.658941
vn 0.345498 0.668152 0.658941
vn 0.345498 0.668152 0.658941
vn 0.466914 0.132252 -0.874357
vn 0.466914 0.132252 -0.874357
vn 0.466914 0.132252 -0.874357
vn -0.140627 0.645812 -0.750434
vn -0.140627 0.645812 -0.750434
vn -0.140627 0.645812 -0.750434
vn 0.998284 -0.057907 0.008712
vn 0.998284 -0.057907 0.008712
vn 0.998284 -0.057907 0.008712
vn -0.445009 -0.126742 -0.886512
vn -0.445009 -0.126742 -0.886512
vn -0.445009 -0.126742 -0.886512
vn 0.928206 0.032245 0.370667
vn 0.928206 0.032245 0.370667
vn 0.928206 0.032245 0.370667
vn 0.512280 0.232087 0.826865
vn 0.512280 0.232087 0.826865
vn 0.512280 0.232087 0.826865
vn 0.442899 -0.769303 0.460449
vn 0.442899 -0.769303 0.460449
vn 0.442899 -0.769303 0.460449
vn 0.898295 -0.261813 -0.352873
vn 0.898295 -0.261813 -0.352873
vn 0.898295 -0.261813 -0.352873
vn -0.723440 -0.474019 0.501937
vn -0.723440 -0.474019 0.501937
vn -0.723440 -0.474019 0.501937
vn -0.599627 -0.765470 -0.233457
vn -0.599627 -0.765470 -0.233457
vn -0.599627 -0.765470 -0.233457
vn -0.405850 0.713443 -0.571213
vn -0.405850 0.713443 -0.571213
vn -0.405850 0.713443 -0.571213
vn -0.212750 0.938020 -0.273598
vn -0.212750 0.938020 -0.273598
vn -0.212750 0.938020 -0.273598
vn -0.646302 0.482572 -0.591116
vn -0.646302 0.482572 -0.591116
vn -0.646302 0.482572 -0.591116
vn -0.371710 -0.810123 0.453357
vn -0.371710 -0.810123 0.453357
vn -0.371710 -0.810123 0.453357
vn 0.046985 -0.992918 0.109119
vn 0.046985 -0.992918 0.109119
vn 0.046985 -0.992918 0.109119
vn 0.938866 -0.343429 0.024222
vn 0.938866 -0.343429 0.024222
vn 0.938866 -0.343429 0.024222
vn -0.447266 0.538793 0.713902
vn -0.447266 0.538793 0.713902
vn -0.447266 0.538793 0.713902
vn 0.236045 -0.954841 0.180448
vn 0.236045 -0.954841 0.180448
vn 0.236045 -0.954841 0.180448
vn -0.098196 0.944396 0.313805
vn -0.098196 0.944396 0.313805
vn -0.098196 0.944396 0.313805
vn 0.302889 0.824653 0.477709
vn 0.302889 0.824653 0.477709
vn 0.302889 0.824653 0.477709
vn -0.549006 0.520125 0.654264
vn -0.549006 0.520125 0.654264
vn -0.549006 0.520125 0.654264
vn 0.044688 0.353369 -0.934416
vn 0.044688 0.353369 -0.934416
vn 0.044688 0.353369 -0.934416
vn 0.581735 0.665142 -0.468157
vn 0.581735 0.665142 -0.468157
vn 0.581735 0.665142 -0.468157
vn -0.055269 -0.881533 0.468876
vn -0.055269 -0.881533 0.468876
vn -0.055269 -0.881533 0.468876
vn 0.472084 0.223239 -0.852820
vn 0.472084 0.223239 -0.852820
vn 0.472084 0.223239 -0.852820
vn 0.829179 -0.554041 -0.074176
vn 0.829179 -0.554041 -0.074176
vn 0.829179 -0.554041 -0.074176
vn -0.561876 0.476619 0.676113
vn -0.561876 0.476619 0.676113
vn -0.561876 0.476619 0.676113
vn -0.033468 -0.934034 0.355613
vn -0.033468 -0.934034 0.355613
vn -0.033468 -0.934034 0.355613
vn -0.736291 0.581838 -0.345455
vn -0.736291 0.581838 -0.345455
vn -0.736291 0.581838 -0.345455
vn -0.135092 -0.887068 -0.441431
vn -0.135092 -0.887068 -0.441431
vn -0.135092 -0.887068 -0.441431
vn 0.896454 -0.049638 -0.440347
vn 0.896454 -0.049638 -0.440347
vn 0.896454 -0.049638 -0.440347
vn 0.773299 -0.598918 -0.208099
vn 0.773299 -0.598918 -0.208099
vn 0.773299 -0.598918 -0.208099
vn -0.309533 0.801382 0.511835
vn -0.309533 0.801382 0.511835
vn -0.309533 0.801382 0.511835
vn 0.060913 0.637632 -0.767929
vn 0.060913 0.637632 -0.767929
vn 0.060913 0.637632 -0.767929
vn 0.500120 -0.034030 0.865287
vn 0.500120 -0.034030 0.865287
vn 0.500120 -0.034030 0.865287
vn -0.118992 0.944967 0.304759
vn -0.118992 0.944967 0.304759
vn -0.118992 0.944967 0.304759
vn -0.110244 0.842413 -0.527434
vn -0.110244 0.842413 -0.527434
vn -0.110244 0.842413 -0.527434
vn 0.419190 0.218590 0.881191
vn 0.419190 0.218590 0.881191
vn 0.419190 0.218590 0.881191
vn -0.700905 0.429650 -0.569327
vn -0.700905 0.429650 -0.569327
vn -0.700905 0.429650 -0.569327
vn -0.382443 0.915087 -0.127879
vn -0.382443 0.915087 -0.127879
vn -0.382443 0.915087 -0.127879
vn -0.056742 0.248727 -0.966910
vn -0.056742 0.248727 -0.966910
vn -0.056742 0.248727 -0.966910
vn 0.492912 -0.698007 0.519446
vn 0.492912 -0.698007 0.519446
vn 0.492912 -0.698007 0.519446
vn 0.549329 -0.272928 -0.789777
vn 0.549329 -0.272928 -0.789777
vn 0.549329 -0.272928 -0.789777
vn -0.042503 -0.302268 -0.952275
vn -0.042503 -0.302268 -0.952275
vn -0.042503 -0.302268 -0.952275
vn 0.876895 -0.475894 -0.067677
vn 0.876895 -0.475894 -0.067677
vn 0.876895 -0.475894 -0.067677
vn -0.020439 -0.967695 -0.251292
vn -0.020439 -0.967695 -0.251292
vn -0.020439 -0.967695 -0.251292
vn -0.430132 0.296670 -0.852627
vn -0.430132 0.296670 -0.852627
vn -0.430132 0.296670 -0.852627
vn 0.475197 0.798437 0.369710
vn 0.475197 0.798437 0.369710
vn 0.475197 0.798437 0.369710
vn -0.729939 0.330873 0.598091
vn -0.729939 0.330873 0.598091
vn -0.729939 0.330873 0.598091
vn -0.331878 -0.940476 -0.073222
vn -0.331878 -0.940476 -0.073222
vn -0.331878 -0.940476 -0.073222
vn 0.187206 0.430900 -0.882768
vn 0.187206 0.430900 -0.882768
vn 0.187206 0.430900 -0.882768
vn -0.040421 0.980230 0.193689
vn -0.040421 0.980230 0.193689
vn -0.040421 0.980230 0.193689
vn 0.272834 0.132073 0.952952
vn 0.272834 0.132073 0.952952
vn 0.272834 0.132073 0.952952
vn 0.504640 0.039170 0.862441
vn 0.504640 0.039170 0.862441
vn 0.504640 0.039170 0.862441
vn -0.903289 -0.424234 -0.063991
vn -0.903289 -0.424234 -0.063991
vn -0.903289 -0.424234 -0.063991
vn -0.544123 -0.223583 0.808666
vn -0.544123 -0.223583 0.808666
vn -0.544123 -0.223583 0.808666
vn 0.546608 -0.830782 0.104985
vn 0.546608 -0.830782 0.104985
vn 0.546608 -0.830782 0.104985
vn 0.626855 -0.568424 0.532866
vn 0.626855 -0.568424 0.532866
vn 0.626855 -0.568424 0.532866
vn -0.942753 -0.278125 0.184022
vn -0.942753 -0.278125 0.184022
vn -0.942753 -0.278125 0.184022
vn -0.021994 -0.996170 0.084629
vn -0.021994 -0.996170 0.084629
vn -0.021994 -0.996170 0.084629
vn 0.938067 0.336521 -0.082361
vn 0.938067 0.336521 -0.082361
vn 0.938067 0.336521 -0.082361
vn -0.003409 -0.999975 -0.006190
vn -0.003409 -0.999975 -0.006190
vn -0.003409 -0.999975 -0.006190
vn -0.043344 0.992765 -0.111980
vn -0.043344 0.992765 -0.111980
vn -0.043344 0.992765 -0.111980
vn 0.032307 -0.998047 -0.053461
vn 0.032307 -0.998047 -0.053461
vn 0.032307 -0.998047 -0.053461
vn -0.255755 -0.242222 -0.935905
vn -0.255755 -0.242222 -0.935905
vn -0.255755 -0.242222 -0.935905
vn -0.106249 -0.987097 0.119796
vn -0.106249 -0.987097 0.119796
vn -0.106249 -0.987097 0.119796
vn -0.341060 -0.873908 0.346358
vn -0.341060 -0.873908 0.346358
vn -0.341060 -0.873908 0.346358
vn -0.600097 -0.556668 0.574460
vn -0.600097 -0.556668 0.574460
vn -0.600097 -0.556668 0.574460
vn 0.153891 0.920009 0.360417
vn 0.153891 0.920009 0.360417
vn 0.153891 0.920009 0.360417
vn -0.933675 0.143511 -0.328109
vn -0.933675 0.143511 -0.328109
vn -0.933675 0.143511 -0.328109
vn -0.944466 -0.301530 0.130624
vn -0.944466 -0.301530 0.130624
vn -0.944466 -0.301530 0.130624
vn 0.877964 0.478579 -0.011897
vn 0.877964 0.478579 -0.011897
vn 0.877964 0.478579 -0.011897
vn 0.169439 -0.972999 -0.156725
vn 0.169439 -0.972999 -0.156725
vn 0.169439 -0.972999 -0.156725
vn -0.003455 -0.999976 -0.006028
vn -0.003455 -0.999976 -0.006028
vn -0.003455 -0.999976 -0.006028
vn -0.397492 -0.909701 0.120184
vn -0.397492 -0.909701 0.120184
vn -0.397492 -0.909701 0.120184
vn -0.596140 -0.727216 0.340255
vn -0.596140 -0.727216 0.340255
vn -0.596140 -0.727216 0.340255
vn -0.170178 0.044419 0.984412
vn -0.170178 0.044419 0.984412
vn -0.170178 0.044419 0.984412
vn -0.531848 0.201996 -0.822396
vn -0.531848 0.201996 -0.822396
vn -0.531848 0.201996 -0.822396
vn -0.173156 -0.149386 -0.973499
vn -0.173156 -0.149386 -0.973499
vn -0.173156 -0.149386 -0.973499
vn 0.236242 -0.858948 0.454310
vn 0.236242 -0.858948 0.454310
vn 0.236242 -0.858948 0.454310
vn 0.572932 0.786130 -0.231838
vn 0.572932 0.786130 -0.231838
vn 0.572932 0.786130 -0.231838
vn -0.203929 -0.816333 0.540383
vn -0.203929 -0.816333 0.540383
vn -0.203929 -0.816333 0.540383
vn -0.623653 0.396488 -0.673687
vn -0.623653 0.396488 -0.673687
vn -0.623653 0.396488 -0.673687
vn -0.118992 -0.944967 0.304759
vn -0.118992 -0.944967 0.304759
vn -0.118992 -0.944967 0.304759
vn 0.451601 -0.871419 -0.191534
vn 0.451601 -0.871419 -0.191534
vn 0.451601 -0.871419 -0.191534
vn 0.155039 -0.964029 0.215895
vn 0.155039 -0.964029 0.215895
vn 0.155039 -0.964029 0.215895
vn 0.195531 0.970958 0.137869
vn 0.195531 0.970958 0.137869
vn 0.195531 0.970958 0.137869
vn 0.065484 0.890169 -0.450900
vn 0.065484 0.890169 -0.450900
vn 0.065484 0.890169 -0.450900
vn 0.103985 -0.762333 -0.638777
vn 0.103985 -0.762333 -0.638777
vn 0.103985 -0.762333 -0.638777
vn -0.939870 0.280007 -0.195553
vn -0.939870 0.280007 -0.195553
vn -0.939870 0.280007 -0.195553
vn 0.052912 0.081049 0.995305
vn 0.052912 0.081049 0.995305
vn 0.052912 0.081049 0.995305
vn 0.440410 0.132901 -0.887906
vn 0.440410 0.132901 -0.887906
vn 0.440410 0.132901 -0.887906
vn 0.454607 -0.415687 0.787741
vn 0.454607 -0.415687 0.787741
vn 0.454607 -0.415687 0.787741
vn -0.452336 0.887107 0.091837
vn -0.452336 0.887107 0.091837
vn -0.452336 0.887107 0.091837
vn -0.152412 -0.982010 0.111476
vn -0.152412 -0.982010 0.111476
vn -0.152412 -0.982010 0.111476
vn -0.057651 -0.993658 -0.096545
vn -0.057651 -0.993658 -0.096545
vn -0.057651 -0.993658 -0.096545
vn -0.601587 -0.767610 -0.221061
vn -0.601587 -0.767610 -0.221061
vn -0.601587 -0.767610 -0.221061
vn -0.400148 0.664927 0.630677
vn -0.400148 0.664927 0.630677
vn -0.400148 0.664927 0.630677
vn -0.513484 -0.614548 0.598887
vn -0.513484 -0.614548 0.598887
vn -0.513484 -0.614548 0.598887
vn -0.703691 0.511021 -0.493636
vn -0.703691 0.511021 -0.493636
vn -0.703691 0.511021 -0.493636
vn -0.267866 -0.181941 0.946121
vn -0.267866 -0.181941 0.946121
vn -0.267866 -0.181941 0.946121
vn -0.003458 -0.999975 -0.006106
vn -0.003458 -0.999975 -0.006106
vn -0.003458 -0.999975 -0.006106
vn 0.429645 -0.855036 0.290376
vn 0.429645 -0.855036 0.290376
vn 0.429645 -0.855036 0.290376
vn -0.812240 -0.289041 0.506676
vn -0.812240 -0.289041 0.506676
vn -0.812240 -0.289041 0.506676
vn 0.737216 -0.663010 -0.130119
vn 0.737216 -0.663010 -0.130119
vn 0.737216 -0.663010 -0.130119
vn 0.381982 0.373055 0.845529
vn 0.381982 0.373055 0.845529
vn 0.381982 0.373055 0.845529
vn -0.144524 -0.895031 -0.421940
vn -0.144524 -0.895031 -0.421940
vn -0.144524 -0.895031 -0.421940
vn -0.118937 -0.579069 -0.806556
vn -0.118937 -0.579069 -0.806556
vn -0.118937 -0.579069 -0.806556
vn -0.002832 -0.145697 -0.989325
vn -0.002832 -0.145697 -0.989325
vn -0.002832 -0.145697 -0.989325
vn 0.434702 -0.684798 -0.584881
vn 0.434702 -0.684798 -0.584881
vn 0.434702 -0.684798 -0.584881
vn -0.755989 -0.650106 0.076434
vn -0.755989 -0.650106 0.076434
vn -0.755989 -0.650106 0.076434
vn -0.088097 0.773172 -0.628047
vn -0.088097 0.773172 -0.628047
vn -0.088097 0.773172 -0.628047
vn 0.380188 -0.450258 0.807914
vn 0.380188 -0.450258 0.807914
vn 0.380188 -0.450258 0.807914
vn 0.017067 -0.032465 -0.999327
vn 0.017067 -0.032465 -0.999327
vn 0.017067 -0.032465 -0.999327
vn 0.756598 0.020496 -0.653560
vn 0.756598 0.020496 -0.653560
vn 0.756598 0.020496 -0.653560
vn -0.719392 0.687728 0.097491
vn -0.719392 0.687728 0.097491
vn -0.719392 0.687728 0.097491
vn 0.243558 -0.967319 0.070523
vn 0.243558 -0.967319 0.070523
vn 0.243558 -0.967319 0.070523
vn -0.311938 0.190670 -0.930774
vn -0.311938 0.190670 -0.930774
vn -0.311938 0.190670 -0.930774
vn -0.145395 -0.975013 -0.167960
vn -0.145395 -0.975013 -0.167960
vn -0.145395 -0.975013 -0.167960
vn 0.976619 -0.134748 -0.167503
vn 0.976619 -0.134748 -0.167503
vn 0.976619 -0.134748 -0.167503
vn 0.057382 0.297055 -0.953135
vn 0.057382 0.297055 -0.953135
vn 0.057382 0.297055 -0.953135
vn 0.309943 -0.517709 0.797441
vn 0.309943 -0.517709 0.797441
vn 0.309943 -0.517709 0.797441
vn -0.159086 0.794264 -0.586376
vn -0.159086 0.794264 -0.586376
vn -0.159086 0.794264 -0.586376
vn 0.085020 0.403651 -0.910954
vn 0.085020 0.403651 -0.910954
vn 0.085020 0.403651 -0.910954
vn -0.003570 -0.999975 -0.006107
vn -0.003570 -0.999975 -0.006107
vn -0.003570 -0.999975 -0.006107
vn -0.342158 0.911387 -0.228697
vn -0.342158 0.911387 -0.228697
vn -0.342158 0.911387 -0.228697
vn -0.003552 -0.999976 -0.005997
vn -0.003552 -0.999976 -0.005997
vn -0.003552 -0.999976 -0.005997
vn 0.118667 0.655758 -0.745587
vn 0.118667 0.655758 -0.745587
vn 0.118667 0.655758 -0.745587
vn -0.254962 -0.232296 -0.938634
vn -0.254962 -0.232296 -0.938634
vn -0.254962 -0.232296 -0.938634
vn 0.536893 -0.624629 -0.567083
vn 0.536893 -0.624629 -0.567083
vn 0.536893 -0.624629 -0.567083
vn 0.878157 -0.192691 -0.437848
vn 0.878157 -0.192691 -0.437848
vn 0.878157 -0.192691 -0.437848
vn 0.651797 -0.432789 0.622779
vn 0.651797 -0.432789 0.622779
vn 0.651797 -0.432789 0.622779
vn -0.837841 -0.101836 -0.536332
vn -0.837841 -0.101836 -0.536332
vn -0.837841 -0.101836 -0.536332
vn -0.175163 0.825618 0.536351
vn -0.175163 0.825618 0.536351
vn -0.175163 0.825618 0.536351
vn 0.431057 -0.161194 -0.887810
vn 0.431057 -0.161194 -0.887810
vn 0.431057 -0.161194 -0.887810
vn 0.084572 -0.523392 -0.847885
vn 0.084572 -0.523392 -0.847885
vn 0.084572 -0.523392 -0.847885
vn -0.336892 0.932589 0.129541
vn -0.336892 0.932589 0.129541
vn -0.336892 0.932589 0.129541
vn 0.030875 0.989306 0.142550
vn 0.030875 0.989306 0.142550
vn 0.030875 0.989306 0.142550
vn -0.868628 0.063590 0.491366
vn -0.868628 0.063590 0.491366
vn -0.868628 0.063590 0.491366
vn 0.684985 0.370250 -0.627464
vn 0.684985 0.370250 -0.627464
vn 0.684985 0.370250 -0.627464
vn -0.907590 0.281085 0.311884
vn -0.907590 0.281085 0.311884
vn -0.907590 0.281085 0.311884
vn 0.513578 0.249230 -0.821050
vn 0.513578 0.249230 -0.821050
vn 0.513578 0.249230 -0.821050
vn 0.393388 0.471123 -0.789487
vn 0.393388 0.471123 -0.789487
vn 0.393388 0.471123 -0.789487
vn -0.616506 -0.278323 0.736516
vn -0.616506 -0.278323 0.736516
vn -0.616506 -0.278323 0.736516
vn 0.065484 -0.890169 -0.450900
vn 0.065484 -0.890169 -0.450900
vn 0.065484 -0.890169 -0.450900
vn -0.484049 0.726384 0.487917
vn -0.484049 0.726384 0.487917
vn -0.484049 0.726384 0.487917
vn -0.205495 0.027270 0.978278
vn -0.205495 0.027270 0.978278
vn -0.205495 0.027270 0.978278
vn 0.209194 -0.933894 -0.289965
vn 0.209194 -0.933894 -0.289965
vn 0.209194 -0.933894 -0.289965
vn -0.168792 -0.857292 0.486375
vn -0.168792 -0.857292 0.486375
vn -0.168792 -0.857292 0.486375
vn 0.655149 -0.052169 -0.753696
vn 0.655149 -0.052169 -0.753696
vn 0.655149 -0.052169 -0.753696
vn 0.468972 -0.337258 0.816286
vn 0.468972 -0.337258 0.816286
vn 0.468972 -0.337258 0.816286
vn 0.012555 -0.999450 0.030699
vn 0.012555 -0.999450 0.030699
vn 0.012555 -0.999450 0.030699
vn 0.050182 0.459865 -0.886570
vn 0.050182 0.459865 -0.886570
vn 0.050182 0.459865 -0.886570
vn -0.647609 0.398975 -0.649170
vn -0.647609 0.398975 -0.649170
vn -0.647609 0.398975 -0.649170
vn -0.122477 0.664307 -0.737357
vn -0.122477 0.664307 -0.737357
vn -0.122477 0.664307 -0.737357
vn 0.019667 -0.171817 0.984932
vn 0.019667 -0.171817 0.984932
vn 0.019667 -0.171817 0.984932
vn 0.290091 -0.505909 0.812345
vn 0.290091 -0.505909 0.812345
vn 0.290091 -0.505909 0.812345
vn -0.192948 -0.959123 -0.207014
vn -0.192948 -0.959123 -0.207014
vn -0.192948 -0.959123 -0.207014
vn 0.414687 0.048594 -0.908666
vn 0.414687 0.048594 -0.908666
vn 0.414687 0.048594 -0.908666
vn -0.003413 0.999976 -0.006086
vn -0.003413 0.999976 -0.006086
vn -0.003413 0.999976 -0.006086
vn 0.383438 -0.425550 0.819684
vn 0.383438 -0.425550 0.819684
vn 0.383438 -0.425550 0.819684
vn 0.118779 0.888210 -0.443818
vn 0.118779 0.888210 -0.443818
vn 0.118779 0.888210 -0.443818
vn 0.874945 0.174791 0.451574
vn 0.874945 0.174791 0.451574
vn 0.874945 0.174791 0.451574
vn -0.271168 0.388510 0.880641
vn -0.271168 0.388510 0.880641
vn -0.271168 0.388510 0.880641
vn 0.171381 0.713206 -0.679681
vn 0.171381 0.713206 -0.679681
vn 0.171381 0.713206 -0.679681
vn 0.759150 0.192313 -0.621858
vn 0.759150 0.192313 -0.621858
vn 0.759150 0.192313 -0.621858
vn -0.036792 -0.565243 0.824104
vn -0.036792 -0.565243 0.824104
vn -0.036792 -0.565243 0.824104
vn -0.541989 0.175272 -0.821905
vn -0.541989 0.175272 -0.821905
vn -0.541989 0.175272 -0.821905
vn -0.090119 0.780703 -0.618370
vn -0.090119 0.780703 -0.618370
vn -0.090119 0.780703 -0.618370
vn 0.352724 -0.259624 -0.898989
vn 0.352724 -0.259624 -0.898989
vn 0.352724 -0.259624 -0.898989
vn 0.489640 0.156110 -0.857836
vn 0.489640 0.156110 -0.857836
vn 0.489640 0.156110 -0.857836
vn -0.899403 -0.435749 -0.034606
vn -0.899403 -0.435749 -0.034606
vn -0.899403 -0.435749 -0.034606
vn -0.347367 -0.300782 -0.888182
vn -0.347367 -0.300782 -0.888182
vn -0.347367 -0.300782 -0.888182
vn 0.153891 -0.920009 0.360417
vn 0.153891 -0.920009 0.360417
vn 0.153891 -0.920009 0.360417
vn 0.079074 -0.941502 -0.327598
vn 0.079074 -0.941502 -0.327598
vn 0.079074 -0.941502 -0.327598
vn 0.050090 -0.655702 0.753356
vn 0.050090 -0.655702 0.753356
vn 0.050090 -0.655702 0.753356
vn 0.446373 -0.271103 -0.852792
vn 0.446373 -0.271103 -0.852792
vn 0.446373 -0.271103 -0.852792
vn 0.937085 0.066754 -0.342661
vn 0.937085 0.066754 -0.342661
vn 0.937085 0.066754 -0.342661
vn -0.466570 -0.080624 0.880802
vn -0.466570 -0.080624 0.880802
vn -0.466570 -0.080624 0.880802
vn 0.764251 0.574437 0.293159
vn 0.764251 0.574437 0.293159
vn 0.764251 0.574437 0.293159
vn 0.135268 0.594483 0.792649
vn 0.135268 0.594483 0.792649
vn 0.135268 0.594483 0.792649
vn 0.541740 0.052142 0.838927
vn 0.541740 0.052142 0.838927
vn 0.541740 0.052142 0.838927
vn -0.144677 -0.454899 -0.878712
vn -0.144677 -0.454899 -0.878712
vn -0.144677 -0.454899 -0.878712
vn 0.933462 0.036061 0.356858
vn 0.933462 0.036061 0.356858
vn 0.933462 0.036061 0.356858
vn -0.731150 0.675220 0.097453
vn -0.731150 0.675220 0.097453
vn -0.731150 0.675220 0.097453
vn -0.471600 -0.092207 -0.876978
vn -0.471600 -0.092207 -0.876978
vn -0.471600 -0.092207 -0.876978
vn 0.548393 0.302523 -0.779580
vn 0.548393 0.302523 -0.779580
vn 0.548393 0.302523 -0.779580
vn -0.713764 0.469090 0.520091
vn -0.713764 0.469090 0.520091
vn -0.713764 0.469090 0.520091
vn -0.003409 0.999975 -0.006190
vn -0.003409 0.999975 -0.006190
vn -0.003409 0.999975 -0.006190
vn -0.718524 0.431716 0.545293
vn -0.718524 0.431716 0.545293
vn -0.718524 0.431716 0.545293
vn 0.405823 0.069745 0.911287
vn 0.405823 0.069745 0.911287
vn 0.405823 0.069745 0.911287
vn 0.207001 -0.961708 0.179632
vn 0.207001 -0.961708 0.179632
vn 0.207001 -0.961708 0.179632
vn 0.228204 -0.854906 -0.465896
vn 0.228204 -0.854906 -0.465896
vn 0.228204 -0.854906 -0.465896
vn -0.387009 -0.687969 0.613940
vn -0.387009 -0.687969 0.613940
vn -0.387009 -0.687969 0.613940
vn -0.476633 -0.035511 0.878385
vn -0.476633 -0.035511 0.878385
vn -0.476633 -0.035511 0.878385
vn -0.691158 -0.202388 0.693787
vn -0.691158 -0.202388 0.693787
vn -0.691158 -0.202388 0.693787
vn 0.902922 0.393938 -0.171888
vn 0.902922 0.393938 -0.171888
vn 0.902922 0.393938 -0.171888
vn 0.589462 0.551156 0.590560
vn 0.589462 0.551156 0.590560
vn 0.589462 0.551156 0.590560
vn 0.238747 0.384747 0.891611
vn 0.238747 0.384747 0.891611
vn 0.238747 0.384747 0.891611
vn -0.291460 -0.404305 0.866942
vn -0.291460 -0.404305 0.866942
vn -0.291460 -0.404305 0.866942
vn 0.287944 0.430583 -0.855387
vn 0.287944 0.430583 -0.855387
vn 0.287944 0.430583 -0.855387
vn -0.361010 0.932256 0.023872
vn -0.361010 0.932256 0.023872
vn -0.361010 0.932256 0.023872
vn -0.794481 -0.328980 0.510463
vn -0.794481 -0.328980 0.510463
vn -0.794481 -0.328980 0.510463
vn 0.047684 0.909071 -0.413905
vn 0.047684 0.909071 -0.413905
vn 0.047684 0.909071 -0.413905
vn -0.010486 -0.242334 -0.970136
vn -0.010486 -0.242334 -0.970136
vn -0.010486 -0.242334 -0.970136
vn -0.530720 -0.491314 0.690614
vn -0.530720 -0.491314 0.690614
vn -0.530720 -0.491314 0.690614
vn 0.285532 -0.798207 -0.530412
vn 0.285532 -0.798207 -0.530412
vn 0.285532 -0.798207 -0.530412
vn -0.012272 0.240674 -0.970528
vn -0.012272 0.240674 -0.970528
vn -0.012272 0.240674 -0.970528
vn -0.702033 0.705469 0.097274
vn -0.702033 0.705469 0.097274
vn -0.702033 0.705469 0.097274
vn 0.746824 0.434300 0.503625
vn 0.746824 0.434300 0.503625
vn 0.746824 0.434300 0.503625
vn 0.832984 0.132342 0.537236
vn 0.832984 0.132342 0.537236
vn 0.832984 0.132342 0.537236
vn -0.016859 0.985016 -0.171638
vn -0.016859 0.985016 -0.171638
vn -0.016859 0.985016 -0.171638
vn 0.901373 -0.273619 0.335647
vn 0.901373 -0.273619 0.335647
vn 0.901373 -0.273619 0.335647
vn -0.328001 -0.850561 0.411049
vn -0.328001 -0.850561 0.411049
vn -0.328001 -0.850561 0.411049
vn -0.821175 -0.445952 -0.356088
vn -0.821175 -0.445952 -0.356088
vn -0.821175 -0.445952 -0.356088
vn -0.416156 0.025532 0.908935
vn -0.416156 0.025532 0.908935
vn -0.416156 0.025532 0.908935
vn -0.085243 -0.996064 0.024292
vn -0.085243 -0.996064 0.024292
vn -0.085243 -0.996064 0.024292
vn -0.888954 0.217790 0.402901
vn -0.888954 0.217790 0.402901
vn -0.888954 0.217790 0.402901
vn 0.063255 -0.725276 -0.685546
vn 0.063255 -0.725276 -0.685546
vn 0.063255 -0.725276 -0.685546
vn 0.355110 0.283476 -0.890808
vn 0.355110 0.283476 -0.890808
vn 0.355110 0.283476 -0.890808
vn -0.836019 -0.496378 -0.233840
vn -0.836019 -0.496378 -0.233840
vn -0.836019 -0.496378 -0.233840
vn 0.466914 -0.132252 -0.874357
vn 0.466914 -0.132252 -0.874357
vn 0.466914 -0.132252 -0.874357
vn -0.812268 -0.452290 0.368313
vn -0.812268 -0.452290 0.368313
vn -0.812268 -0.452290 0.368313
vn -0.278380 -0.829881 0.483530
vn -0.278380 -0.829881 0.483530
vn -0.278380 -0.829881 0.483530
vn 0.605022 0.394434 0.691644
vn 0.605022 0.394434 0.691644
vn 0.605022 0.394434 0.691644
vn 0.682743 0.099043 0.723915
vn 0.682743 0.099043 0.723915
vn 0.682743 0.099043 0.723915
vn 0.052131 0.107806 0.992804
vn 0.052131 0.107806 0.992804
vn 0.052131 0.107806 0.992804
vn 0.181849 -0.650535 0.737384
vn 0.181849 -0.650535 0.737384
vn 0.181849 -0.650535 0.737384
vn 0.886551 0.002256 0.462624
vn 0.886551 0.002256 0.462624
vn 0.886551 0.002256 0.462624
vn -0.431066 -0.259678 0.864146
vn -0.431066 -0.259678 0.864146
vn -0.431066 -0.259678 0.864146
vn 0.418768 -0.110509 0.901344
vn 0.418768 -0.110509 0.901344
vn 0.418768 -0.110509 0.901344
vn -0.319890 0.823349 -0.468793
vn -0.319890 0.823349 -0.468793
vn -0.319890 0.823349 -0.468793
vn -0.538108 0.462980 -0.704335
vn -0.538108 0.462980 -0.704335
vn -0.538108 0.462980 -0.704335
vn -0.376778 0.059926 -0.924363
vn -0.376778 0.059926 -0.924363
vn -0.376778 0.059926 -0.924363
vn 0.100955 -0.994056 0.040753
vn 0.100955 -0.994056 0.040753
vn 0.100955 -0.994056 0.040753
vn 0.536893 0.624629 -0.567083
vn 0.536893 0.624629 -0.567083
vn 0.536893 0.624629 -0.567083
vn -0.672854 0.720785 -0.166544
vn -0.672854 0.720785 -0.166544
vn -0.672854 0.720785 -0.166544
vn -0.163401 -0.796030 -0.582783
vn -0.163401 -0.796030 -0.582783
vn -0.163401 -0.796030 -0.582783
vn 0.210423 -0.967251 0.141944
vn 0.210423 -0.967251 0.141944
vn 0.210423 -0.967251 0.141944
vn -0.686193 0.403413 0.605307
vn -0.686193 0.403413 0.605307
vn -0.686193 0.403413 0.605307
vn 0.243976 -0.160396 -0.956425
vn 0.243976 -0.160396 -0.956425
vn 0.243976 -0.160396 -0.956425
vn 0.458319 0.125096 0.879940
vn 0.458319 0.125096 0.879940
vn 0.458319 0.125096 0.879940
vn -0.141932 0.596273 -0.790135
vn -0.141932 0.596273 -0.790135
vn -0.141932 0.596273 -0.790135
vn 0.233601 -0.906494 0.351709
vn 0.233601 -0.906494 0.351709
vn 0.233601 -0.906494 0.351709
vn -0.023819 0.998361 -0.052037
vn -0.023819 0.998361 -0.052037
vn -0.023819 0.998361 -0.052037
vn -0.379286 0.911836 0.157151
vn -0.379286 0.911836 0.157151
vn -0.379286 0.911836 0.157151
vn 0.058527 -0.998097 -0.019411
vn 0.058527 -0.998097 -0.019411
vn 0.058527 -0.998097 -0.019411
vn 0.022272 -0.461119 -0.887059
vn 0.022272 -0.461119 -0.887059
vn 0.022272 -0.461119 -0.887059
vn -0.790445 -0.177000 0.586403
vn -0.790445 -0.177000 0.586403
vn -0.790445 -0.177000 0.586403
vn -0.382777 0.473784 -0.793102
vn -0.382777 0.473784 -0.793102
vn -0.382777 0.473784 -0.793102
vn -0.215612 -0.711737 0.668537
vn -0.215612 -0.711737 0.668537
vn -0.215612 -0.711737 0.668537
vn 0.655149 0.052169 -0.753696
vn 0.655149 0.052169 -0.753696
vn 0.655149 0.052169 -0.753696
vn -0.358175 0.933375 0.022827
vn -0.358175 0.933375 0.022827
vn -0.358175 0.933375 0.022827
vn -0.667824 -0.221757 -0.710517
vn -0.667824 -0.221757 -0.710517
vn -0.667824 -0.221757 -0.710517
vn -0.050678 0.646463 -0.761260
vn -0.050678 0.646463 -0.761260
vn -0.050678 0.646463 -0.761260
vn -0.289860 0.728880 -0.620254
vn -0.289860 0.728880 -0.620254
vn -0.289860 0.728880 -0.620254
vn 0.421526 0.852861 0.308129
vn 0.421526 0.852861 0.308129
vn 0.421526 0.852861 0.308129
vn -0.303951 -0.761687 0.572229
vn -0.303951 -0.761687 0.572229
vn -0.303951 -0.761687 0.572229
vn -0.129762 0.970815 -0.201695
vn -0.129762 0.970815 -0.201695
vn -0.129762 0.970815 -0.201695
vn 0.745021 -0.132222 0.653805
vn 0.745021 -0.132222 0.653805
vn 0.745021 -0.132222 0.653805
vn -0.861187 -0.163077 0.481418
vn -0.861187 -0.163077 0.481418
vn -0.861187 -0.163077 0.481418
vn -0.765077 -0.240542 -0.597324
vn -0.765077 -0.240542 -0.597324
vn -0.765077 -0.240542 -0.597324
vn -0.217788 0.771134 -0.598265
vn -0.217788 0.771134 -0.598265
vn -0.217788 0.771134 -0.598265
vn 0.367705 -0.692716 0.620433
vn 0.367705 -0.692716 0.620433
vn 0.367705 -0.692716 0.620433
vn -0.888289 0.302916 -0.345231
vn -0.888289 0.302916 -0.345231
vn -0.888289 0.302916 -0.345231
vn 0.048875 -0.994630 0.091229
vn 0.048875 -0.994630 0.091229
vn 0.048875 -0.994630 0.091229
vn 0.993946 0.050077 0.097794
vn 0.993946 0.050077 0.097794
vn 0.993946 0.050077 0.097794
vn -0.369294 -0.513999 0.774226
vn -0.369294 -0.513999 0.774226
vn -0.369294 -0.513999 0.774226
vn 0.287944 -0.430583 -0.855387
vn 0.287944 -0.430583 -0.855387
vn 0.287944 -0.430583 -0.855387
vn -0.097113 -0.991146 0.090543
vn -0.097113 -0.991146 0.090543
vn -0.097113 -0.991146 0.090543
vn 0.429539 -0.826321 0.364267
vn 0.429539 -0.826321 0.364267
vn 0.429539 -0.826321 0.364267
vn 0.329024 -0.271948 -0.904316
vn 0.329024 -0.271948 -0.904316
vn 0.329024 -0.271948 -0.904316
vn 0.167173 0.968852 -0.182698
vn 0.167173 0.968852 -0.182698
vn 0.167173 0.968852 -0.182698
vn -0.379286 -0.911836 0.157151
vn -0.379286 -0.911836 0.157151
vn -0.379286 -0.911836 0.157151
vn -0.003464 -0.999975 -0.006121
vn -0.003464 -0.999975 -0.006121
vn -0.003464 -0.999975 -0.006121
vn 0.047684 -0.909071 -0.413904
vn 0.047684 -0.909071 -0.413904
vn 0.047684 -0.909071 -0.413904
vn -0.154593 -0.677261 0.719318
vn -0.154593 -0.677261 0.719318
vn -0.154593 -0.677261 0.719318
vn -0.004957 0.182223 -0.983245
vn -0.004957 0.182223 -0.983245
vn -0.004957 0.182223 -0.983245
vn -0.452494 0.455510 -0.766655
vn -0.452494 0.455510 -0.766655
vn -0.452494 0.455510 -0.766655
vn 0.000094 0.945843 -0.324624
vn 0.000094 0.945843 -0.324624
vn 0.000094 0.945843 -0.324624
vn -0.180070 -0.974644 0.132832
vn -0.180070 -0.974644 0.132832
vn -0.180070 -0.974644 0.132832
vn 0.951275 -0.226696 0.209009
vn 0.951275 -0.226696 0.209009
vn 0.951275 -0.226696 0.209009
vn 0.568532 0.407529 0.714627
vn 0.568532 0.407529 0.714627
vn 0.568532 0.407529 0.714627
vn 0.780804 -0.156707 -0.604804
vn 0.780804 -0.156707 -0.604804
vn 0.780804 -0.156707 -0.604804
vn 0.266964 0.412446 0.870987
vn 0.266964 0.412446 0.870987
vn 0.266964 0.412446 0.870987
vn -0.993799 -0.085311 0.071315
vn -0.993799 -0.085311 0.071315
vn -0.993799 -0.085311 0.071315
vn -0.935630 -0.088631 -0.341673
vn -0.935630 -0.088631 -0.341673
vn -0.935630 -0.088631 -0.341673
vn -0.348787 -0.776042 0.525458
vn -0.348787 -0.776042 0.525458
vn -0.348787 -0.776042 0.525458
vn -0.321756 -0.796667 0.511660
vn -0.321756 -0.796667 0.511660
vn -0.321756 -0.796667 0.511660
vn 0.026566 0.128921 0.991299
vn 0.026566 0.128921 0.991299
vn 0.026566 0.128921 0.991299
vn 0.167572 0.975524 0.142382
vn 0.167572 0.975524 0.142382
vn 0.167572 0.975524 0.142382
vn -0.382105 0.471171 -0.794980
vn -0.382105 0.471171 -0.794980
vn -0.382105 0.471171 -0.794980
vn -0.335737 -0.872221 -0.355684
vn -0.335737 -0.872221 -0.355684
vn -0.335737 -0.872221 -0.355684
vn 0.018931 -0.831873 0.554643
vn 0.018931 -0.831873 0.554643
vn 0.018931 -0.831873 0.554643
vn 0.078845 0.558761 0.825572
vn 0.078845 0.558761 0.825572
vn 0.078845 0.558761 0.825572
vn 0.933961 0.271031 0.232935
vn 0.933961 0.271031 0.232935
vn 0.933961 0.271031 0.232935
vn -0.646301 -0.482572 -0.591116
vn -0.646301 -0.482572 -0.591116
vn -0.646301 -0.482572 -0.591116
vn 0.581688 -0.358472 0.730163
vn 0.581688 -0.358472 0.730163
vn 0.581688 -0.358472 0.730163
vn -0.008352 -0.999965 -0.000100
vn -0.008352 -0.999965 -0.000100
vn -0.008352 -0.999965 -0.000100
vn 0.955267 0.077832 0.285319
vn 0.955267 0.077832 0.285319
vn 0.955267 0.077832 0.285319
vn -0.389314 0.428863 -0.815175
vn -0.389314 0.428863 -0.815175
vn -0.389314 0.428863 -0.815175
vn 0.585089 0.691386 -0.423859
vn 0.585089 0.691386 -0.423859
vn 0.585089 0.691386 -0.423859
vn -0.187471 0.377550 -0.906814
vn -0.187471 0.377550 -0.906814
vn -0.187471 0.377550 -0.906814
vn -0.029489 -0.688477 -0.724658
vn -0.029489 -0.688477 -0.724658
vn -0.029489 -0.688477 -0.724658
vn -0.430284 -0.447326 0.784063
vn -0.430284 -0.447326 0.784063
vn -0.430284 -0.447326 0.784063
vn 0.732223 -0.663947 -0.151738
vn 0.732223 -0.663947 -0.151738
vn 0.732223 -0.663947 -0.151738
vn 0.338886 -0.936269 0.092502
vn 0.338886 -0.936269 0.092502
vn 0.338886 -0.936269 0.092502
vn -0.319807 0.811437 0.489177
vn -0.319807 0.811437 0.489177
vn -0.319807 0.811437 0.489177
vn -0.457426 -0.640034 0.617347
vn -0.457426 -0.640034 0.617347
vn -0.457426 -0.640034 0.617347
vn -0.457426 0.640034 0.617347
vn -0.457426 0.640034 0.617347
vn -0.457426 0.640034 0.617347
vn -0.221669 -0.252362 -0.941900
vn -0.221669 -0.252362 -0.941900
vn -0.221669 -0.252362 -0.941900
vn 0.029052 -0.356083 -0.934002
vn 0.029052 -0.356083 -0.934002
vn 0.029052 -0.356083 -0.934002
vn -0.657866 0.408395 0.632792
vn -0.657866 0.408395 0.632792
vn -0.657866 0.408395 0.632792
vn -0.177874 -0.271540 0.945847
vn -0.177874 -0.271540 0.945847
vn -0.177874 -0.271540 0.945847
vn 0.630479 -0.721358 -0.286599
vn 0.630479 -0.721358 -0.286599
vn 0.630479 -0.721358 -0.286599
vn 0.849042 -0.526389 -0.045192
vn 0.849042 -0.526389 -0.045192
vn 0.849042 -0.526389 -0.045192
vn -0.548263 0.649309 -0.527073
vn -0.548263 0.649309 -0.527073
vn -0.548263 0.649309 -0.527073
vn 0.520750 -0.844884 -0.122434
vn 0.520750 -0.844884 -0.122434
vn 0.520750 -0.844884 -0.122434
vn -0.135732 0.818288 -0.558553
vn -0.135732 0.818288 -0.558553
vn -0.135732 0.818288 -0.558553
vn 0.576078 -0.805645 0.138097
vn 0.576078 -0.805645 0.138097
vn 0.576078 -0.805645 0.138097
vn 0.580650 -0.759261 0.293883
vn 0.580650 -0.759261 0.293883
vn 0.580650 -0.759261 0.293883
vn -0.785822 -0.231886 -0.573334
vn -0.785822 -0.231886 -0.573334
vn -0.785822 -0.231886 -0.573334
vn -0.066691 0.796045 -0.601551
vn -0.066691 0.796045 -0.601551
vn -0.066691 0.796045 -0.601551
vn -0.199483 0.143418 -0.969349
vn -0.199483 0.143418 -0.969349
vn -0.199483 0.143418 -0.969349
vn -0.818222 0.554157 0.153043
vn -0.818222 0.554157 0.153043
vn -0.818222 0.554157 0.153043
vn -0.003404 -0.401031 0.916058
vn -0.003404 -0.401031 0.916058
vn -0.003404 -0.401031 0.916058
vn 0.190310 0.729703 -0.656747
vn 0.190310 0.729703 -0.656747
vn 0.190310 0.729703 -0.656747
vn -0.794961 0.258605 0.548781
vn -0.794961 0.258605 0.548781
vn -0.794961 0.258605 0.548781
vn -0.029489 0.688478 -0.724658
vn -0.029489 0.688478 -0.724658
vn -0.029489 0.688478 -0.724658
vn -0.236420 0.878954 -0.414181
vn -0.236420 0.878954 -0.414181
vn -0.236420 0.878954 -0.414181
vn 0.745263 0.547208 0.380982
vn 0.745263 0.547208 0.380982
vn 0.745263 0.547208 0.380982
vn -0.131733 0.749713 0.648519
vn -0.131733 0.749713 0.648519
vn -0.131733 0.749713 0.648519
vn 0.030875 -0.989306 0.142550
vn 0.030875 -0.989306 0.142550
vn 0.030875 -0.989306 0.142550
vn 0.778584 0.589702 -0.214615
vn 0.778584 0.589702 -0.214615
vn 0.778584 0.589702 -0.214615
vn -0.327970 -0.763289 -0.556620
vn -0.327970 -0.763289 -0.556620
vn -0.327970 -0.763289 -0.556620
vn -0.025569 -0.605388 -0.795519
vn -0.025569 -0.605388 -0.795519
vn -0.025569 -0.605388 -0.795519
vn 0.603896 -0.386604 0.697027
vn 0.603896 -0.386604 0.697027
vn 0.603896 -0.386604 0.697027
vn -0.600482 -0.171147 -0.781108
vn -0.600482 -0.171147 -0.781108
vn -0.600482 -0.171147 -0.781108
vn -0.417564 -0.867005 -0.271925
vn -0.417564 -0.867005 -0.271925
vn -0.417564 -0.867005 -0.271925
vn -0.415823 0.763775 0.493699
vn -0.415823 0.763775 0.493699
vn -0.415823 0.763775 0.493699
vn -0.470076 -0.621128 -0.627080
vn -0.470076 -0.621128 -0.627080
vn -0.470076 -0.621128 -0.627080
vn -0.069549 -0.748560 -0.659410
vn -0.069549 -0.748560 -0.659410
vn -0.069549 -0.748560 -0.659410
vn 0.402379 -0.869523 0.286394
vn 0.402379 -0.869523 0.286394
vn 0.402379 -0.869523 0.286394
vn 0.114571 0.979514 -0.165605
vn 0.114571 0.979514 -0.165605
vn 0.114571 0.979514 -0.165605
vn -0.209326 0.975276 0.070845
vn -0.209326 0.975276 0.070845
vn -0.209326 0.975276 0.070845
vn 0.138168 -0.494377 0.858196
vn 0.138168 -0.494377 0.858196
vn 0.138168 -0.494377 0.858196
vn -0.013220 -0.849571 -0.527308
vn -0.013220 -0.849571 -0.527308
vn -0.013220 -0.849571 -0.527308
vn 0.111320 0.772705 -0.624928
vn 0.111320 0.772705 -0.624928
vn 0.111320 0.772705 -0.624928
vn 0.672768 0.624615 0.396534
vn 0.672768 0.624615 0.396534
vn 0.672768 0.624615 0.396534
vn -0.694548 -0.599858 0.397207
vn -0.694548 -0.599858 0.397207
vn -0.694548 -0.599858 0.397207
vn -0.604968 0.660853 -0.444170
vn -0.604968 0.660853 -0.444170
vn -0.604968 0.660853 -0.444170
vn -0.961461 -0.270610 -0.048615
vn -0.961461 -0.270610 -0.048615
vn -0.961461 -0.270610 -0.048615
vn -0.005124 0.989722 0.142912
vn -0.005124 0.989722 0.142912
vn -0.005124 0.989722 0.142912
vn -0.059334 0.989686 0.130387
vn -0.059334 0.989686 0.130387
vn -0.059334 0.989686 0.130387
vn -0.261919 0.340146 0.903160
vn -0.261919 0.340146 0.903160
vn -0.261919 0.340146 0.903160
vn -0.650127 0.418513 -0.634178
vn -0.650127 0.418513 -0.634178
vn -0.650127 0.418513 -0.634178
vn -0.815640 -0.058183 0.575627
vn -0.815640 -0.058183 0.575627
vn -0.815640 -0.058183 0.575627
vn -0.190161 0.901969 0.387675
vn -0.190161 0.901969 0.387675
vn -0.190161 0.901969 0.387675
vn 0.985170 -0.077889 0.152886
vn 0.985170 -0.077889 0.152886
vn 0.985170 -0.077889 0.152886
vn 0.358044 0.846178 -0.394700
vn 0.358044 0.846178 -0.394700
vn 0.358044 0.846178 -0.394700
vn 0.429540 0.826320 0.364267
vn 0.429540 0.826320 0.364267
vn 0.429540 0.826320 0.364267
vn -0.016247 -0.885668 -0.464034
vn -0.016247 -0.885668 -0.464034
vn -0.016247 -0.885668 -0.464034
vn 0.321651 0.714984 -0.620756
vn 0.321651 0.714984 -0.620756
vn 0.321651 0.714984 -0.620756
vn 0.549913 -0.703683 -0.449917
vn 0.549913 -0.703683 -0.449917
vn 0.549913 -0.703683 -0.449917
vn 0.043808 0.939369 0.340098
vn 0.043808 0.939369 0.340098
vn 0.043808 0.939369 0.340098
vn -0.003509 0.999975 -0.006107
vn -0.003509 0.999975 -0.006107
vn -0.003509 0.999975 -0.006107
vn 0.822985 -0.364707 -0.435528
vn 0.822985 -0.364707 -0.435528
vn 0.822985 -0.364707 -0.435528
vn -0.580260 0.485818 0.653666
vn -0.580260 0.485818 0.653666
vn -0.580260 0.485818 0.653666
vn 0.187560 -0.980922 -0.051111
vn 0.187560 -0.980922 -0.051111
vn 0.187560 -0.980922 -0.051111
vn 0.138168 0.494377 0.858196
vn 0.138168 0.494377 0.858196
vn 0.138168 0.494377 0.858196
vn -0.223801 0.416036 0.881378
vn -0.223801 0.416036 0.881378
vn -0.223801 0.416036 0.881378
vn -0.224327 -0.695779 0.682326
vn -0.224327 -0.695779 0.682326
vn -0.224327 -0.695779 0.682326
vn 0.423416 -0.285968 -0.859617
vn 0.423416 -0.285968 -0.859617
vn 0.423416 -0.285968 -0.859617
vn 0.240906 0.613895 -0.751729
vn 0.240906 0.613895 -0.751729
vn 0.240906 0.613895 -0.751729
vn -0.534608 0.460638 -0.708525
vn -0.534608 0.460638 -0.708525
vn -0.534608 0.460638 -0.708525
vn -0.033473 -0.923711 0.381624
vn -0.033473 -0.923711 0.381624
vn -0.033473 -0.923711 0.381624
vn -0.249794 -0.768111 0.589583
vn -0.249794 -0.768111 0.589583
vn -0.249794 -0.768111 0.589583
vn 0.395141 -0.917237 0.050399
vn 0.395141 -0.917237 0.050399
vn 0.395141 -0.917237 0.050399
vn -0.733839 -0.392296 0.554603
vn -0.733839 -0.392296 0.554603
vn -0.733839 -0.392296 0.554603
vn -0.261464 -0.871332 0.415233
vn -0.261464 -0.871332 0.415233
vn -0.261464 -0.871332 0.415233
vn -0.008312 0.993537 0.113205
vn -0.008312 0.993537 0.113205
vn -0.008312 0.993537 0.113205
vn 0.603860 -0.180447 -0.776397
vn 0.603860 -0.180447 -0.776397
vn 0.603860 -0.180447 -0.776397
vn -0.022187 -0.361235 -0.932211
vn -0.022187 -0.361235 -0.932211
vn -0.022187 -0.361235 -0.932211
vn -0.711415 -0.296925 -0.636965
vn -0.711415 -0.296925 -0.636965
vn -0.711415 -0.296925 -0.636965
vn -0.811662 0.375578 0.447377
vn -0.811662 0.375578 0.447377
vn -0.811662 0.375578 0.447377
vn 0.694905 0.715728 0.069572
vn 0.694905 0.715728 0.069572
vn 0.694905 0.715728 0.069572
vn 0.049754 0.991438 -0.120725
vn 0.049754 0.991438 -0.120725
vn 0.049754 0.991438 -0.120725
vn 0.107616 0.361114 0.926291
vn 0.107616 0.361114 0.926291
vn 0.107616 0.361114 0.926291
vn 0.933354 0.335385 -0.127934
vn 0.933354 0.335385 -0.127934
vn 0.933354 0.335385 -0.127934
vn -0.431066 0.259678 0.864146
vn -0.431066 0.259678 0.864146
vn -0.431066 0.259678 0.864146
vn 0.313786 -0.942052 -0.118643
vn 0.313786 -0.942052 -0.118643
vn 0.313786 -0.942052 -0.118643
vn 0.583502 -0.808020 0.081417
vn 0.583502 -0.808020 0.081417
vn 0.583502 -0.808020 0.081417
vn -0.710655 0.280899 -0.645031
vn -0.710655 0.280899 -0.645031
vn -0.710655 0.280899 -0.645031
vn 0.804749 -0.005930 0.593585
vn 0.804749 -0.005930 0.593585
vn 0.804749 -0.005930 0.593585
vn 0.696136 0.715795 0.055069
vn 0.696136 0.715795 0.055069
vn 0.696136 0.715795 0.055069
vn -0.099138 0.520443 -0.848122
vn -0.099138 0.520443 -0.848122
vn -0.099138 0.520443 -0.848122
vn 0.881716 -0.378387 0.281779
vn 0.881716 -0.378387 0.281779
vn 0.881716 -0.378387 0.281779
vn 0.801304 -0.397605 0.447014
vn 0.801304 -0.397605 0.447014
vn 0.801304 -0.397605 0.447014
vn -0.304735 -0.822912 -0.479534
vn -0.304735 -0.822912 -0.479534
vn -0.304735 -0.822912 -0.479534
vn 0.445577 -0.770258 0.456249
vn 0.445577 -0.770258 0.456249
vn 0.445577 -0.770258 0.456249
vn -0.104388 -0.602836 -0.791007
vn -0.104388 -0.602836 -0.791007
vn -0.104388 -0.602836 -0.791007
vn 0.225153 -0.030688 -0.973840
vn 0.225153 -0.030688 -0.973840
vn 0.225153 -0.030688 -0.973840
vn -0.922065 0.282210 -0.264865
vn -0.922065 0.282210 -0.264865
vn -0.922065 0.282210 -0.264865
vn 0.940071 0.190506 0.282795
vn 0.940071 0.190506 0.282795
vn 0.940071 0.190506 0.282795
vn -0.854116 -0.330022 0.401959
vn -0.854116 -0.330022 0.401959
vn -0.854116 -0.330022 0.401959
vn -0.221344 0.332419 0.916790
vn -0.221344 0.332419 0.916790
vn -0.221344 0.332419 0.916790
vn 0.603896 0.386604 0.697028
vn 0.603896 0.386604 0.697028
vn 0.603896 0.386604 0.697028
vn -0.034947 0.714078 -0.699194
vn -0.034947 0.714078 -0.699194
vn -0.034947 0.714078 -0.699194
vn 0.346665 -0.164837 0.923392
vn 0.346665 -0.164837 0.923392
vn 0.346665 -0.164837 0.923392
vn -0.488276 0.844389 0.220440
vn -0.488276 0.844389 0.220440
vn -0.488276 0.844389 0.220440
vn -0.194979 0.020750 0.980588
vn -0.194979 0.020750 0.980588
vn -0.194979 0.020750 0.980588
vn 0.160284 0.746759 -0.645492
vn 0.160284 0.746759 -0.645492
vn 0.160284 0.746759 -0.645492
vn -0.061118 -0.043171 -0.997197
vn -0.061118 -0.043171 -0.997197
vn -0.061118 -0.043171 -0.997197
vn -0.973182 0.224206 0.051460
vn -0.973182 0.224206 0.051460
vn -0.973182 0.224206 0.051460
vn -0.243193 -0.053310 0.968512
vn -0.243193 -0.053310 0.968512
vn -0.243193 -0.053310 0.968512
vn 0.039862 -0.607170 -0.793572
vn 0.039862 -0.607170 -0.793572
vn 0.039862 -0.607170 -0.793572
vn 0.583432 0.076569 -0.808544
vn 0.583432 0.076569 -0.808544
vn 0.583432 0.076569 -0.808544
vn 0.244198 0.942026 -0.230118
vn 0.244198 0.942026 -0.230118
vn 0.244198 0.942026 -0.230118
vn 0.878513 0.081664 -0.470686
vn 0.878513 0.081664 -0.470686
vn 0.878513 0.081664 -0.470686
vn -0.685614 0.201950 0.699392
vn -0.685614 0.201950 0.699392
vn -0.685614 0.201950 0.699392
vn 0.334595 0.000739 -0.942362
vn 0.334595 0.000739 -0.942362
vn 0.334595 0.000739 -0.942362
vn 0.372177 0.424437 -0.825432
vn 0.372177 0.424437 -0.825432
vn 0.372177 0.424437 -0.825432
vn -0.261464 0.871332 0.415232
vn -0.261464 0.871332 0.415232
vn -0.261464 0.871332 0.415232
vn -0.034947 -0.714078 -0.699193
vn -0.034947 -0.714078 -0.699193
vn -0.034947 -0.714078 -0.699193
vn 0.304749 0.684467 0.662294
vn 0.304749 0.684467 0.662294
vn 0.304749 0.684467 0.662294
vn 0.626430 -0.141288 0.766565
vn 0.626430 -0.141288 0.766565
vn 0.626430 -0.141288 0.766565
vn 0.149157 0.802233 0.578079
vn 0.149157 0.802233 0.578079
vn 0.149157 0.802233 0.578079
vn 0.889386 -0.088650 0.448478
vn 0.889386 -0.088650 0.448478
vn 0.889386 -0.088650 0.448478
vn 0.572932 -0.786130 -0.231838
vn 0.572932 -0.786130 -0.231838
vn 0.572932 -0.786130 -0.231838
vn 0.052131 -0.107806 0.992804
vn 0.052131 -0.107806 0.992804
vn 0.052131 -0.107806 0.992804
vn -0.059112 -0.324215 0.944135
vn -0.059112 -0.324215 0.944135
vn -0.059112 -0.324215 0.944135
vn -0.934577 -0.275587 -0.224983
vn -0.934577 -0.275587 -0.224983
vn -0.934577 -0.275587 -0.224983
vn -0.107857 -0.967752 0.227646
vn -0.107857 -0.967752 0.227646
vn -0.107857 -0.967752 0.227646
vn -0.305800 -0.714779 -0.628949
vn -0.305800 -0.714779 -0.628949
vn -0.305800 -0.714779 -0.628949
vn 0.064742 -0.835746 0.545286
vn 0.064742 -0.835746 0.545286
vn 0.064742 -0.835746 0.545286
vn -0.374660 -0.714423 0.590956
vn -0.374660 -0.714423 0.590956
vn -0.374660 -0.714423 0.590956
vn -0.695444 0.272256 0.665007
vn -0.695444 0.272256 0.665007
vn -0.695444 0.272256 0.665007
vn 0.064390 0.745445 0.663450
vn 0.064390 0.745445 0.663450
vn 0.064390 0.745445 0.663450
vn 0.847994 -0.183301 -0.497300
vn 0.847994 -0.183301 -0.497300
vn 0.847994 -0.183301 -0.497300
vn 0.279482 -0.022068 -0.959897
vn 0.279482 -0.022068 -0.959897
vn 0.279482 -0.022068 -0.959897
vn 0.248665 0.135423 0.959076
vn 0.248665 0.135423 0.959076
vn 0.248665 0.135423 0.959076
vn 0.274390 -0.277955 -0.920571
vn 0.274390 -0.277955 -0.920571
vn 0.274390 -0.277955 -0.920571
vn 0.944442 0.285662 0.162561
vn 0.854125 0.520068 0.000112
vn 0.854125 0.520068 0.000112
vn -0.290067 0.024697 0.956688
vn -0.290067 0.024697 0.956688
vn -0.290067 0.024697 0.956688
vn -0.313050 -0.745983 0.587800
vn -0.313050 -0.745983 0.587800
vn -0.313050 -0.745983 0.587800
vn -0.563276 0.106196 0.819416
vn -0.563276 0.106196 0.819416
vn -0.563276 0.106196 0.819416
vn 0.726407 0.540331 -0.424706
vn 0.726407 0.540331 -0.424706
vn 0.726407 0.540331 -0.424706
vn -0.078646 -0.985887 0.147792
vn -0.078646 -0.985887 0.147792
vn -0.078646 -0.985887 0.147792
vn 0.878490 -0.220239 0.423969
vn 0.878490 -0.220239 0.423969
vn 0.025464 0.533995 -0.845104
vn 0.025464 0.533995 -0.845104
vn 0.025464 0.533995 -0.845104
vn 0.048875 0.994630 0.091229
vn 0.048875 0.994630 0.091229
vn 0.048875 0.994630 0.091229
vn -0.210473 -0.578056 0.788386
vn -0.210473 -0.578056 0.788386
vn -0.210473 -0.578056 0.788386
vn -0.009200 0.356031 -0.934429
vn -0.009200 0.356031 -0.934429
vn -0.009200 0.356031 -0.934429
vn 0.196402 -0.948373 0.249026
vn 0.196402 -0.948373 0.249026
vn 0.196402 -0.948373 0.249026
vn -0.330960 0.210940 -0.919766
vn -0.330960 0.210940 -0.919766
vn -0.330960 0.210940 -0.919766
vn -0.041330 0.113592 -0.992667
vn -0.041330 0.113592 -0.992667
vn -0.041330 0.113592 -0.992667
vn -0.597766 0.660282 -0.454647
vn -0.597766 0.660282 -0.454647
vn -0.597766 0.660282 -0.454647
vn 0.374227 -0.571509 0.730295
vn 0.374227 -0.571509 0.730295
vn 0.374227 -0.571509 0.730295
vn -0.084957 0.607024 0.790129
vn -0.084957 0.607024 0.790129
vn -0.084957 0.607024 0.790129
vn 0.896454 0.049638 -0.440347
vn 0.896454 0.049638 -0.440347
vn 0.896454 0.049638 -0.440347
vn 0.879600 -0.401359 -0.255373
vn 0.879600 -0.401359 -0.255373
vn 0.879600 -0.401359 -0.255373
vn -0.334062 -0.786959 0.518746
vn -0.334062 -0.786959 0.518746
vn -0.334062 -0.786959 0.518746
vn -0.774674 -0.178249 0.606719
vn -0.774674 -0.178249 0.606719
vn -0.774674 -0.178249 0.606719
vn -0.852910 -0.344612 0.392158
vn -0.852910 -0.344612 0.392158
vn -0.852910 -0.344612 0.392158
vn 0.296920 0.882333 -0.365141
vn 0.296920 0.882333 -0.365141
vn 0.296920 0.882333 -0.365141
vn -0.276358 -0.954076 -0.115604
vn -0.276358 -0.954076 -0.115604
vn -0.276358 -0.954076 -0.115604
vn -0.029776 -0.999336 0.021015
vn -0.029776 -0.999336 0.021015
vn -0.029776 -0.999336 0.021015
vn -0.652072 -0.087191 0.753127
vn -0.652072 -0.087191 0.753127
vn -0.652072 -0.087191 0.753127
vn -0.001524 -0.983807 -0.179226
vn -0.001524 -0.983807 -0.179226
vn -0.001524 -0.983807 -0.179226
vn 0.651280 0.185560 -0.735800
vn 0.651280 0.185560 -0.735800
vn 0.651280 0.185560 -0.735800
vn 0.524548 -0.821367 0.224065
vn 0.524548 -0.821367 0.224065
vn 0.524548 -0.821367 0.224065
vn -0.784269 0.591057 0.188611
vn -0.784269 0.591057 0.188611
vn -0.784269 0.591057 0.188611
vn -0.987113 0.064454 -0.146470
vn -0.987113 0.064454 -0.146470
vn -0.987113 0.064454 -0.146470
vn -0.715393 -0.673931 0.184469
vn -0.715393 -0.673931 0.184469
vn -0.715393 -0.673931 0.184469
vn -0.203929 0.816333 0.540383
vn -0.203929 0.816333 0.540383
vn -0.203929 0.816333 0.540383
vn -0.682956 0.363901 -0.633362
vn -0.682956 0.363901 -0.633362
vn -0.682956 0.363901 -0.633362
vn -0.574671 0.546630 0.609056
vn -0.574671 0.546630 0.609056
vn -0.574671 0.546630 0.609056
vn 0.005356 -0.909997 0.414579
vn 0.005356 -0.909997 0.414579
vn 0.005356 -0.909997 0.414579
vn 0.323223 0.812386 -0.485341
vn 0.323223 0.812386 -0.485341
vn 0.323223 0.812386 -0.485341
vn -0.009200 -0.356031 -0.934429
vn -0.009200 -0.356031 -0.934429
vn -0.009200 -0.356031 -0.934429
vn 0.266207 0.916583 0.298344
vn 0.266207 0.916583 0.298344
vn 0.266207 0.916583 0.298344
vn 0.170826 0.285431 0.943052
vn 0.170826 0.285431 0.943052
vn 0.170826 0.285431 0.943052
vn -0.829757 -0.000146 -0.558124
vn -0.829757 -0.000146 -0.558124
vn -0.829757 -0.000146 -0.558124
vn -0.045574 0.401429 -0.914755
vn -0.045574 0.401429 -0.914755
vn -0.045574 0.401429 -0.914755
vn -0.632572 -0.163278 -0.757095
vn -0.632572 -0.163278 -0.757095
vn -0.632572 -0.163278 -0.757095
vn -0.182478 -0.947477 0.262659
vn -0.182478 -0.947477 0.262659
vn -0.182478 -0.947477 0.262659
vn -0.933675 -0.143511 -0.328109
vn -0.933675 -0.143511 -0.328109
vn -0.933675 -0.143511 -0.328109
vn -0.939870 -0.280007 -0.195553
vn -0.939870 -0.280007 -0.195553
vn -0.939870 -0.280007 -0.195553
vn 0.910250 -0.325849 0.255474
vn 0.910250 -0.325849 0.255474
vn 0.910250 -0.325849 0.255474
vn 0.603335 0.693178 -0.394324
vn 0.603335 0.693178 -0.394324
vn 0.603335 0.693178 -0.394324
vn 0.560487 -0.271204 0.782498
vn 0.560487 -0.271204 0.782498
vn 0.560487 -0.271204 0.782498
vn 0.208267 0.815152 -0.540510
vn 0.208267 0.815152 -0.540510
vn 0.208267 0.815152 -0.540510
vn 0.030194 0.991190 0.128960
vn 0.030194 0.991190 0.128960
vn 0.030194 0.991190 0.128960
vn 0.782664 0.622409 0.006688
vn 0.782664 0.622409 0.006688
vn 0.782664 0.622409 0.006688
vn -0.027317 0.031984 -0.999115
vn -0.027317 0.031984 -0.999115
vn -0.027317 0.031984 -0.999115
vn 0.833479 -0.455591 -0.312648
vn 0.833479 -0.455591 -0.312648
vn 0.833479 -0.455591 -0.312648
vn 0.682246 0.304605 0.664647
vn 0.682246 0.304605 0.664647
vn 0.682246 0.304605 0.664647
vn 0.663872 0.102066 0.740848
vn 0.663872 0.102066 0.740848
vn 0.663872 0.102066 0.740848
vn 0.155100 0.870803 -0.466526
vn 0.155100 0.870803 -0.466526
vn 0.155100 0.870803 -0.466526
vn -0.020439 0.967696 -0.251292
vn -0.020439 0.967696 -0.251292
vn -0.020439 0.967696 -0.251292
vn -0.117624 0.938730 -0.323961
vn -0.117624 0.938730 -0.323961
vn -0.117624 0.938730 -0.323961
vn 0.382071 0.151119 -0.911693
vn 0.382071 0.151119 -0.911693
vn 0.382071 0.151119 -0.911693
vn -0.695746 -0.465154 -0.547329
vn -0.695746 -0.465154 -0.547329
vn -0.695746 -0.465154 -0.547329
vn -0.292067 0.166462 0.941800
vn -0.292067 0.166462 0.941800
vn -0.292067 0.166462 0.941800
vn -0.048640 0.806526 -0.589195
vn -0.048640 0.806526 -0.589195
vn -0.048640 0.806526 -0.589195
vn 0.437743 0.871052 -0.222821
vn 0.437743 0.871052 -0.222821
vn 0.437743 0.871052 -0.222821
vn -0.625617 -0.655356 -0.423216
vn -0.625617 -0.655356 -0.423216
vn -0.625617 -0.655356 -0.423216
vn 0.039517 -0.862216 0.504996
vn 0.039517 -0.862216 0.504996
vn 0.039517 -0.862216 0.504996
vn -0.003692 -0.999973 -0.006325
vn -0.003692 -0.999973 -0.006325
vn -0.003692 -0.999973 -0.006325
vn -0.416041 -0.048462 -0.908054
vn -0.416041 -0.048462 -0.908054
vn -0.416041 -0.048462 -0.908054
vn 0.454311 -0.136849 -0.880269
vn 0.454311 -0.136849 -0.880269
vn 0.454311 -0.136849 -0.880269
vn 0.710530 0.670048 -0.214903
vn 0.710530 0.670048 -0.214903
vn 0.710530 0.670048 -0.214903
vn 0.503051 -0.734172 0.455995
vn 0.503051 -0.734172 0.455995
vn 0.503051 -0.734172 0.455995
vn -0.144677 0.454899 -0.878712
vn -0.144677 0.454899 -0.878712
vn -0.144677 0.454899 -0.878712
vn -0.483843 0.430774 0.761793
vn -0.483843 0.430774 0.761793
vn -0.483843 0.430774 0.761793
vn -0.347367 0.300782 -0.888182
vn -0.347367 0.300782 -0.888182
vn -0.347367 0.300782 -0.888182
vn -0.309533 -0.801383 0.511835
vn -0.309533 -0.801383 0.511835
vn -0.309533 -0.801383 0.511835
vn 0.162287 -0.665797 0.728270
vn 0.162287 -0.665797 0.728270
vn 0.162287 -0.665797 0.728270
vn -0.987519 0.156323 0.019222
vn -0.987519 0.156323 0.019222
vn -0.987519 0.156323 0.019222
vn 0.938866 0.343429 0.024222
vn 0.938866 0.343429 0.024222
vn 0.938866 0.343429 0.024222
vn 0.251281 -0.961818 0.108460
vn 0.251281 -0.961818 0.108460
vn 0.251281 -0.961818 0.108460
vn 0.099111 0.894300 -0.436353
vn 0.099111 0.894300 -0.436353
vn 0.099111 0.894300 -0.436353
vn 0.367729 -0.667492 -0.647480
vn 0.367729 -0.667492 -0.647480
vn 0.367729 -0.667492 -0.647480
vn -0.311952 -0.942708 0.118273
vn -0.311952 -0.942708 0.118273
vn -0.311952 -0.942708 0.118273
vn -0.981462 0.156842 0.110148
vn -0.981462 0.156842 0.110148
vn -0.981462 0.156842 0.110148
vn 0.128833 0.908220 -0.398169
vn 0.128833 0.908220 -0.398169
vn 0.128833 0.908220 -0.398169
vn -0.490987 0.258209 0.832022
vn -0.490987 0.258209 0.832022
vn -0.490987 0.258209 0.832022
vn 0.646522 -0.487064 0.587178
vn 0.646522 -0.487064 0.587178
vn 0.646522 -0.487064 0.587178
vn 0.218877 -0.343633 -0.913241
vn 0.218877 -0.343633 -0.913241
vn 0.218877 -0.343633 -0.913241
vn 0.718422 0.623077 0.309265
vn 0.718422 0.623077 0.309265
vn 0.718422 0.623077 0.309265
vn -0.120843 0.695370 0.708419
vn -0.120843 0.695370 0.708419
vn -0.120843 0.695370 0.708419
vn 0.182782 -0.983140 0.005194
vn 0.182782 -0.983140 0.005194
vn 0.182782 -0.983140 0.005194
vn 0.196710 -0.554220 -0.808792
vn 0.196710 -0.554220 -0.808792
vn 0.196710 -0.554220 -0.808792
vn -0.711252 0.018728 0.702688
vn -0.711252 0.018728 0.702688
vn -0.711252 0.018728 0.702688
vn -0.155657 -0.368462 -0.916519
vn -0.155657 -0.368462 -0.916519
vn -0.155657 -0.368462 -0.916519
vn 0.171212 -0.446162 -0.878422
vn 0.171212 -0.446162 -0.878422
vn 0.171212 -0.446162 -0.878422
vn 0.252720 -0.409563 0.876579
vn 0.252720 -0.409563 0.876579
vn 0.252720 -0.409563 0.876579
vn -0.003912 -0.999974 -0.006104
vn -0.003912 -0.999974 -0.006104
vn -0.003912 -0.999974 -0.006104
vn -0.228723 -0.406604 0.884510
vn -0.228723 -0.406604 0.884510
vn -0.228723 -0.406604 0.884510
vn 0.477978 0.855487 -0.199198
vn 0.477978 0.855487 -0.199198
vn 0.477978 0.855487 -0.199198
vn -0.152988 -0.977008 -0.148495
vn -0.152988 -0.977008 -0.148495
vn -0.152988 -0.977008 -0.148495
vn -0.799210 -0.311958 0.513756
vn -0.799210 -0.311958 0.513756
vn -0.799210 -0.311958 0.513756
vn -0.253020 -0.624527 -0.738882
vn -0.253020 -0.624527 -0.738882
vn -0.253020 -0.624527 -0.738882
vn -0.199483 -0.143418 -0.969349
vn -0.199483 -0.143418 -0.969349
vn -0.199483 -0.143418 -0.969349
vn 0.260253 0.236756 0.936063
vn 0.260253 0.236756 0.936063
vn 0.260253 0.236756 0.936063
vn -0.321194 0.192370 -0.927269
vn -0.321194 0.192370 -0.927269
vn -0.321194 0.192370 -0.927269
vn 0.813790 -0.559848 -0.155934
vn 0.813790 -0.559848 -0.155934
vn 0.813790 -0.559848 -0.155934
vn 0.336209 0.330344 0.881950
vn 0.336209 0.330344 0.881950
vn 0.336209 0.330344 0.881950
vn -0.866827 -0.011085 -0.498485
vn -0.866827 -0.011085 -0.498485
vn -0.866827 -0.011085 -0.498485
vn 0.973710 -0.185791 -0.131796
vn 0.973710 -0.185791 -0.131796
vn 0.973710 -0.185791 -0.131796
vn 0.140999 -0.986787 0.079815
vn 0.140999 -0.986787 0.079815
vn 0.140999 -0.986787 0.079815
vn 0.175872 -0.875137 0.450782
vn 0.175872 -0.875137 0.450782
vn 0.175872 -0.875137 0.450782
vn -0.776329 -0.051097 0.628253
vn -0.776329 -0.051097 0.628253
vn -0.776329 -0.051097 0.628253
vn 0.238747 -0.384747 0.891611
vn 0.238747 -0.384747 0.891611
vn 0.238747 -0.384747 0.891611
vn -0.808580 0.579810 -0.100095
vn -0.808580 0.579810 -0.100095
vn -0.808580 0.579810 -0.100095
vn 0.704778 0.690209 0.164012
vn 0.704778 0.690209 0.164012
vn 0.704778 0.690209 0.164012
vn -0.336892 -0.932589 0.129541
vn -0.336892 -0.932589 0.129541
vn -0.336892 -0.932589 0.129541
vn 0.053715 -0.070327 0.996077
vn 0.053715 -0.070327 0.996077
vn 0.053715 -0.070327 0.996077
vn 0.197732 -0.974136 0.109363
vn 0.197732 -0.974136 0.109363
vn 0.197732 -0.974136 0.109363
vn 0.743660 0.226573 0.628995
vn 0.743660 0.226573 0.628995
vn 0.743660 0.226573 0.628995
vn -0.190342 0.727747 0.658904
vn -0.190342 0.727747 0.658904
vn -0.190342 0.727747 0.658904
vn -0.152316 0.464659 0.872291
vn -0.152316 0.464659 0.872291
vn -0.152316 0.464659 0.872291
vn 0.085941 0.573550 -0.814650
vn 0.085941 0.573550 -0.814650
vn 0.085941 0.573550 -0.814650
vn 0.659466 0.681256 0.317797
vn 0.659466 0.681256 0.317797
vn 0.659466 0.681256 0.317797
vn 0.130951 0.928607 -0.347190
vn 0.130951 0.928607 -0.347190
vn 0.130951 0.928607 -0.347190
vn -0.517220 0.110653 -0.848669
vn -0.517220 0.110653 -0.848669
vn -0.517220 0.110653 -0.848669
vn 0.384089 0.873257 -0.299829
vn 0.384089 0.873257 -0.299829
vn 0.384089 0.873257 -0.299829
vn 0.250032 -0.910866 -0.328341
vn 0.250032 -0.910866 -0.328341
vn 0.250032 -0.910866 -0.328341
vn -0.874122 -0.453657 -0.173510
vn -0.874122 -0.453657 -0.173510
vn -0.874122 -0.453657 -0.173510
vn 0.064742 0.835746 0.545286
vn 0.064742 0.835746 0.545286
vn 0.064742 0.835746 0.545286
vn 0.893411 0.128125 0.430582
vn 0.893411 0.128125 0.430582
vn 0.893411 0.128125 0.430582
vn -0.055313 0.992506 -0.108957
vn -0.055313 0.992506 -0.108957
vn -0.055313 0.992506 -0.108957
vn 0.903594 0.309352 0.296342
vn 0.903594 0.309352 0.296342
vn 0.903594 0.309352 0.296342
vn 0.923702 0.296739 0.242322
vn 0.923702 0.296739 0.242322
vn 0.923702 0.296739 0.242322
vn -0.318870 -0.005280 -0.947784
vn -0.318870 -0.005280 -0.947784
vn -0.318870 -0.005280 -0.947784
vn 0.103486 0.474770 0.874005
vn 0.103486 0.474770 0.874005
vn 0.103486 0.474770 0.874005
vn 0.650655 -0.362102 -0.667481
vn 0.650655 -0.362102 -0.667481
vn 0.650655 -0.362102 -0.667481
vn 0.407651 -0.004765 0.913126
vn 0.407651 -0.004765 0.913126
vn 0.407651 -0.004765 0.913126
vn -0.190161 -0.901969 0.387675
vn -0.190161 -0.901969 0.387675
vn -0.190161 -0.901969 0.387675
vn 0.649321 -0.384832 -0.655962
vn 0.649321 -0.384832 -0.655962
vn 0.649321 -0.384832 -0.655962
vn 0.239102 0.184202 0.953362
vn 0.239102 0.184202 0.953362
vn 0.239102 0.184202 0.953362
vn -0.845656 0.012851 -0.533574
vn -0.845656 0.012851 -0.533574
vn -0.845656 0.012851 -0.533574
vn 0.847255 -0.301673 -0.437210
vn 0.847255 -0.301673 -0.437210
vn 0.847255 -0.301673 -0.437210
vn -0.996779 -0.017811 -0.078190
vn -0.996779 -0.017811 -0.078190
vn -0.996779 -0.017811 -0.078190
vn -0.163967 -0.577775 0.799557
vn -0.163967 -0.577775 0.799557
vn -0.163967 -0.577775 0.799557
vn 0.501287 -0.822461 -0.268830
vn 0.501287 -0.822461 -0.268830
vn 0.501287 -0.822461 -0.268830
vn -0.232712 -0.683714 0.691651
vn -0.232712 -0.683714 0.691651
vn -0.232712 -0.683714 0.691651
vn 0.832984 -0.132342 0.537236
vn 0.832984 -0.132342 0.537236
vn 0.832984 -0.132342 0.537236
vn 0.160646 -0.836621 -0.523697
vn 0.160646 -0.836621 -0.523697
vn 0.160646 -0.836621 -0.523697
vn 0.393293 0.387752 0.833648
vn 0.393293 0.387752 0.833648
vn 0.393293 0.387752 0.833648
vn -0.391784 -0.258640 0.882956
vn -0.391784 -0.258640 0.882956
vn -0.391784 -0.258640 0.882956
vn 0.434396 -0.893093 0.116979
vn 0.434396 -0.893093 0.116979
vn 0.434396 -0.893093 0.116979
vn -0.610608 -0.338890 -0.715760
vn -0.610608 -0.338890 -0.715760
vn -0.610608 -0.338890 -0.715760
vn 0.741666 -0.664299 -0.092943
vn 0.741666 -0.664299 -0.092943
vn 0.741666 -0.664299 -0.092943
vn -0.369608 0.668551 -0.645314
vn -0.369608 0.668551 -0.645314
vn -0.369608 0.668551 -0.645314
vn -0.330711 -0.587383 0.738655
vn -0.330711 -0.587383 0.738655
vn -0.330711 -0.587383 0.738655
vn 0.762062 -0.273484 0.586913
vn 0.762062 -0.273484 0.586913
vn 0.762062 -0.273484 0.586913
vn 0.086763 -0.844864 -0.527898
vn 0.086763 -0.844864 -0.527898
vn 0.086763 -0.844864 -0.527898
vn 0.316931 -0.946364 -0.062846
vn 0.316931 -0.946364 -0.062846
vn 0.316931 -0.946364 -0.062846
vn 0.892214 0.289991 -0.346207
vn 0.892214 0.289991 -0.346207
vn 0.892214 0.289991 -0.346207
vn 0.290483 -0.363638 -0.885091
vn 0.290483 -0.363638 -0.885091
vn 0.290483 -0.363638 -0.885091
vn 0.603071 0.768138 -0.215103
vn 0.603071 0.768138 -0.215103
vn 0.603071 0.768138 -0.215103
vn 0.302742 -0.274875 0.912574
vn 0.302742 -0.274875 0.912574
vn 0.302742 -0.274875 0.912574
vn 0.153950 -0.548984 -0.821532
vn 0.153950 -0.548984 -0.821532
vn 0.153950 -0.548984 -0.821532
vn 0.344957 -0.908332 0.236513
vn 0.344957 -0.908332 0.236513
vn 0.344957 -0.908332 0.236513
vn 0.770665 -0.242421 0.589328
vn 0.770665 -0.242421 0.589328
vn 0.770665 -0.242421 0.589328
vn 0.581688 0.358472 0.730163
vn 0.581688 0.358472 0.730163
vn 0.581688 0.358472 0.730163
vn -0.776329 0.051097 0.628253
vn -0.776329 0.051097 0.628253
vn -0.776329 0.051097 0.628253
vn -0.217102 0.168925 -0.961421
vn -0.217102 0.168925 -0.961421
vn -0.217102 0.168925 -0.961421
vn -0.420433 0.641893 -0.641256
vn -0.420433 0.641893 -0.641256
vn -0.420433 0.641893 -0.641256
vn 0.294813 -0.410020 0.863116
vn 0.294813 -0.410020 0.863116
vn 0.294813 -0.410020 0.863116
vn -0.811662 -0.375578 0.447377
vn -0.811662 -0.375578 0.447377
vn -0.811662 -0.375578 0.447377
vn -0.004019 0.903760 0.428021
vn -0.004019 0.903760 0.428021
vn -0.004019 0.903760 0.428021
vn -0.559726 -0.718482 -0.412905
vn -0.559726 -0.718482 -0.412905
vn -0.559726 -0.718482 -0.412905
vn 0.167208 -0.833888 0.525997
vn 0.167208 -0.833888 0.525997
vn 0.167208 -0.833888 0.525997
vn -0.192652 0.943089 0.271049
vn -0.192652 0.943089 0.271049
vn -0.192652 0.943089 0.271049
vn 0.451600 0.871419 -0.191534
vn 0.451600 0.871419 -0.191534
vn 0.451600 0.871419 -0.191534
vn 0.039862 0.607170 -0.793572
vn 0.039862 0.607170 -0.793572
vn 0.039862 0.607170 -0.793572
vn -0.602237 -0.565434 -0.563555
vn -0.602237 -0.565434 -0.563555
vn -0.602237 -0.565434 -0.563555
vn 0.359449 -0.932620 0.031877
vn 0.359449 -0.932620 0.031877
vn 0.359449 -0.932620 0.031877
vn -0.175851 -0.304854 0.936024
vn -0.175851 -0.304854 0.936024
vn -0.175851 -0.304854 0.936024
vn 0.210316 -0.635361 -0.743023
vn 0.210316 -0.635361 -0.743023
vn 0.210316 -0.635361 -0.743023
vn -0.002802 0.388591 0.921406
vn -0.002802 0.388591 0.921406
vn -0.002802 0.388591 0.921406
vn -0.509504 0.552712 0.659481
vn -0.509504 0.552712 0.659481
vn -0.509504 0.552712 0.659481
vn 0.874945 -0.174791 0.451574
vn 0.874945 -0.174791 0.451574
vn 0.874945 -0.174791 0.451574
vn -0.099170 0.060667 0.993219
vn -0.099170 0.060667 0.993219
vn -0.099170 0.060667 0.993219
vn -0.410997 -0.775114 -0.479875
vn -0.410997 -0.775114 -0.479875
vn -0.410997 -0.775114 -0.479875
vn 0.067907 0.997197 0.031409
vn 0.067907 0.997197 0.031409
vn 0.067907 0.997197 0.031409
vn -0.414764 0.905944 -0.085067
vn -0.414764 0.905944 -0.085067
vn -0.414764 0.905944 -0.085067
vn 0.243584 0.815965 0.524278
vn 0.243584 0.815965 0.524278
vn 0.243584 0.815965 0.524278
vn -0.703270 -0.078907 -0.706531
vn -0.703270 -0.078907 -0.706531
vn -0.703270 -0.078907 -0.706531
vn 0.730509 -0.117133 -0.672783
vn 0.730509 -0.117133 -0.672783
vn 0.730509 -0.117133 -0.672783
vn -0.321487 -0.149923 -0.934970
vn -0.321487 -0.149923 -0.934970
vn -0.321487 -0.149923 -0.934970
vn -0.806309 0.581359 -0.109026
vn -0.806309 0.581359 -0.109026
vn -0.806309 0.581359 -0.109026
vn 0.788055 -0.522622 0.325324
vn 0.788055 -0.522622 0.325324
vn 0.788055 -0.522622 0.325324
vn 0.835363 -0.170425 0.522613
vn 0.835363 -0.170425 0.522613
vn 0.835363 -0.170425 0.522613
vn 0.332252 -0.281837 -0.900098
vn 0.332252 -0.281837 -0.900098
vn 0.332252 -0.281837 -0.900098
vn 0.014979 0.982503 0.185644
vn 0.014979 0.982503 0.185644
vn 0.014979 0.982503 0.185644
vn -0.276358 0.954076 -0.115604
vn -0.276358 0.954076 -0.115604
vn -0.276358 0.954076 -0.115604
vn 0.650655 0.362102 -0.667481
vn 0.650655 0.362102 -0.667481
vn 0.650655 0.362102 -0.667481
vn 0.995551 0.039856 0.085382
vn 0.995551 0.039856 0.085382
vn 0.995551 0.039856 0.085382
vn -0.003525 0.999976 -0.005949
vn -0.003525 0.999976 -0.005949
vn -0.003525 0.999976 -0.005949
vn -0.738009 0.430505 0.519623
vn -0.738009 0.430505 0.519623
vn -0.738009 0.430505 0.519623
vn 0.436921 -0.811618 0.387785
vn 0.436921 -0.811618 0.387785
vn 0.436921 -0.811618 0.387785
vn -0.359773 -0.599581 0.714889
vn -0.359773 -0.599581 0.714889
vn -0.359773 -0.599581 0.714889
vn -0.015020 0.485341 -0.874196
vn -0.015020 0.485341 -0.874196
vn -0.015020 0.485341 -0.874196
vn -0.417564 0.867005 -0.271924
vn -0.417564 0.867005 -0.271924
vn -0.417564 0.867005 -0.271924
vn -0.220381 -0.605845 0.764450
vn -0.220381 -0.605845 0.764450
vn -0.220381 -0.605845 0.764450
vn -0.207709 0.242895 -0.947554
vn -0.207709 0.242895 -0.947554
vn -0.207709 0.242895 -0.947554
vn 0.455971 -0.884658 -0.097318
vn 0.455971 -0.884658 -0.097318
vn 0.455971 -0.884658 -0.097318
vn -0.491792 0.514256 -0.702624
vn -0.491792 0.514256 -0.702624
vn -0.491792 0.514256 -0.702624
vn -0.470688 0.546227 0.692884
vn -0.470688 0.546227 0.692884
vn -0.470688 0.546227 0.692884
vn 0.043424 -0.139007 -0.989339
vn 0.043424 -0.139007 -0.989339
vn 0.043424 -0.139007 -0.989339
vn 0.291860 0.376626 0.879188
vn 0.291860 0.376626 0.879188
vn 0.291860 0.376626 0.879188
vn -0.446581 0.590844 -0.671914
vn -0.446581 0.590844 -0.671914
vn -0.446581 0.590844 -0.671914
vn -0.233519 0.867534 -0.439152
vn -0.233519 0.867534 -0.439152
vn -0.233519 0.867534 -0.439152
vn 0.314713 0.897893 0.307805
vn 0.314713 0.897893 0.307805
vn 0.314713 0.897893 0.307805
vn -0.618177 0.758981 -0.204464
vn -0.618177 0.758981 -0.204464
vn -0.618177 0.758981 -0.204464
vn -0.355718 -0.276022 -0.892903
vn -0.355718 -0.276022 -0.892903
vn -0.355718 -0.276022 -0.892903
vn 0.759731 0.348650 0.548864
vn 0.759731 0.348650 0.548864
vn 0.759731 0.348650 0.548864
vn 0.867767 -0.295004 -0.399941
vn 0.867767 -0.295004 -0.399941
vn 0.867767 -0.295004 -0.399941
vn 0.184067 -0.635640 -0.749721
vn 0.184067 -0.635640 -0.749721
vn 0.184067 -0.635640 -0.749721
vn -0.044323 0.579408 -0.813831
vn -0.044323 0.579408 -0.813831
vn -0.044323 0.579408 -0.813831
vn -0.547249 -0.801686 -0.240453
vn -0.547249 -0.801686 -0.240453
vn -0.547249 -0.801686 -0.240453
vn 0.683189 0.701040 0.204441
vn 0.683189 0.701040 0.204441
vn 0.683189 0.701040 0.204441
vn 0.009591 0.999937 -0.005783
vn 0.009591 0.999937 -0.005783
vn 0.009591 0.999937 -0.005783
vn -0.728281 0.557537 -0.398446
vn -0.728281 0.557537 -0.398446
vn -0.728281 0.557537 -0.398446
vn -0.466570 0.080624 0.880802
vn -0.466570 0.080624 0.880802
vn -0.466570 0.080624 0.880802
vn 0.296275 0.357567 0.885645
vn 0.296275 0.357567 0.885645
vn 0.296275 0.357567 0.885645
vn -0.568379 -0.759358 -0.316734
vn -0.568379 -0.759358 -0.316734
vn -0.568379 -0.759358 -0.316734
vn -0.310165 0.188174 -0.931873
vn -0.310165 0.188174 -0.931873
vn -0.310165 0.188174 -0.931873
vn -0.225961 0.455425 0.861121
vn -0.225961 0.455425 0.861121
vn -0.225961 0.455425 0.861121
vn -0.238208 0.047504 -0.970052
vn -0.238208 0.047504 -0.970052
vn -0.238208 0.047504 -0.970052
vn 0.654054 0.085916 -0.751553
vn 0.654054 0.085916 -0.751553
vn 0.654054 0.085916 -0.751553
vn -0.132034 -0.991242 -0.002482
vn -0.132034 -0.991242 -0.002482
vn -0.132034 -0.991242 -0.002482
vn 0.336209 -0.330344 0.881950
vn 0.336209 -0.330344 0.881950
vn 0.336209 -0.330344 0.881950
vn -0.142427 0.224307 -0.964054
vn -0.142427 0.224307 -0.964054
vn -0.142427 0.224307 -0.964054
vn -0.059112 0.324215 0.944135
vn -0.059112 0.324215 0.944135
vn -0.059112 0.324215 0.944135
vn -0.107559 -0.318222 -0.941895
vn -0.107559 -0.318222 -0.941895
vn -0.107559 -0.318222 -0.941895
vn -0.250913 -0.824083 -0.507869
vn -0.250913 -0.824083 -0.507869
vn -0.250913 -0.824083 -0.507869
vn 0.229353 -0.946369 -0.227557
vn 0.229353 -0.946369 -0.227557
vn 0.229353 -0.946369 -0.227557
vn -0.131983 -0.952159 -0.275632
vn -0.131983 -0.952159 -0.275632
vn -0.131983 -0.952159 -0.275632
vn -0.901660 -0.105867 -0.419288
vn -0.901660 -0.105867 -0.419288
vn -0.901660 -0.105867 -0.419288
vn -0.750041 0.099197 -0.653910
vn -0.750041 0.099197 -0.653910
vn -0.750041 0.099197 -0.653910
vn 0.072492 -0.181167 -0.980777
vn 0.072492 -0.181167 -0.980777
vn 0.072492 -0.181167 -0.980777
vn -0.944142 0.000726 0.329538
vn -0.944142 0.000726 0.329538
vn -0.944142 0.000726 0.329538
vn 0.333522 -0.802172 -0.495261
vn 0.333522 -0.802172 -0.495261
vn 0.333522 -0.802172 -0.495261
vn -0.303951 0.761687 0.572229
vn -0.303951 0.761687 0.572229
vn -0.303951 0.761687 0.572229
vn -0.160461 0.004519 -0.987032
vn -0.160461 0.004519 -0.987032
vn -0.160461 0.004519 -0.987032
vn -0.489342 -0.582240 -0.649262
vn -0.489342 -0.582240 -0.649262
vn -0.489342 -0.582240 -0.649262
vn 0.672232 0.270721 0.689068
vn 0.672232 0.270721 0.689068
vn 0.672232 0.270721 0.689068
vn 0.743766 0.338579 0.576347
vn 0.743766 0.338579 0.576347
vn 0.743766 0.338579 0.576347
vn 0.332473 0.888883 0.315197
vn 0.332473 0.888883 0.315197
vn 0.332473 0.888883 0.315197
vn 0.874877 -0.183579 0.448205
vn 0.874877 -0.183579 0.448205
vn 0.874877 -0.183579 0.448205
vn 0.038523 -0.822699 -0.567171
vn 0.038523 -0.822699 -0.567171
vn 0.038523 -0.822699 -0.567171
vn -0.507168 0.861598 0.020738
vn -0.507168 0.861598 0.020738
vn -0.507168 0.861598 0.020738
vn 0.277503 0.437285 0.855438
vn 0.277503 0.437285 0.855438
vn 0.277503 0.437285 0.855438
vn -0.692844 0.344201 0.633635
vn -0.692844 0.344201 0.633635
vn -0.692844 0.344201 0.633635
vn -0.398513 0.911184 0.104554
vn -0.398513 0.911184 0.104554
vn -0.398513 0.911184 0.104554
vn 0.748594 -0.563648 0.349154
vn 0.748594 -0.563648 0.349154
vn 0.748594 -0.563648 0.349154
vn 0.938067 -0.336521 -0.082361
vn 0.938067 -0.336521 -0.082361
vn 0.938067 -0.336521 -0.082361
vn 0.751645 0.622733 -0.217335
vn 0.751645 0.622733 -0.217335
vn 0.751645 0.622733 -0.217335
vn 0.952076 0.160398 -0.260432
vn 0.952076 0.160398 -0.260432
vn 0.952076 0.160398 -0.260432
vn -0.553801 -0.832342 0.022626
vn -0.553801 -0.832342 0.022626
vn -0.553801 -0.832342 0.022626
vn -0.877275 -0.478504 0.037718
vn -0.877275 -0.478504 0.037718
vn -0.877275 -0.478504 0.037718
vn 0.659414 0.431580 0.615558
vn 0.659414 0.431580 0.615558
vn 0.659414 0.431580 0.615558
vn -0.901127 -0.037713 -0.431911
vn -0.901127 -0.037713 -0.431911
vn -0.901127 -0.037713 -0.431911
vn -0.673259 0.703613 0.227268
vn -0.673259 0.703613 0.227268
vn -0.673259 0.703613 0.227268
vn -0.667173 -0.290716 0.685831
vn -0.667173 -0.290716 0.685831
vn -0.667173 -0.290716 0.685831
vn -0.007109 -0.345123 0.938531
vn -0.007109 -0.345123 0.938531
vn -0.007109 -0.345123 0.938531
vn 0.028182 -0.996471 0.079062
vn 0.028182 -0.996471 0.079062
vn 0.028182 -0.996471 0.079062
vn 0.877964 -0.478579 -0.011897
vn 0.877964 -0.478579 -0.011897
vn 0.877964 -0.478579 -0.011897
vn 0.688057 0.725650 -0.003062
vn 0.688057 0.725650 -0.003062
vn 0.688057 0.725650 -0.003062
vn -0.000671 -0.999984 -0.005585
vn -0.000671 -0.999984 -0.005585
vn -0.000671 -0.999984 -0.005585
vn -0.268160 -0.901732 -0.339071
vn -0.268160 -0.901732 -0.339071
vn -0.268160 -0.901732 -0.339071
vn -0.453828 -0.066172 0.888629
vn -0.453828 -0.066172 0.888629
vn -0.453828 -0.066172 0.888629
vn 0.335602 -0.692806 0.638272
vn 0.335602 -0.692806 0.638272
vn 0.335602 -0.692806 0.638272
vn 0.102077 -0.801545 0.589157
vn 0.102077 -0.801545 0.589157
vn 0.102077 -0.801545 0.589157
vn 0.845389 0.227752 -0.483163
vn 0.845389 0.227752 -0.483163
vn 0.845389 0.227752 -0.483163
vn -0.750495 0.546488 0.371629
vn -0.750495 0.546488 0.371629
vn -0.750495 0.546488 0.371629
vn 0.058527 0.998097 -0.019411
vn 0.058527 0.998097 -0.019411
vn 0.058527 0.998097 -0.019411
vn -0.054720 -0.919950 0.388198
vn -0.054720 -0.919950 0.388198
vn -0.054720 -0.919950 0.388198
vn -0.182486 -0.812110 -0.554235
vn -0.182486 -0.812110 -0.554235
vn -0.182486 -0.812110 -0.554235
vn 0.055871 0.783379 -0.619028
vn 0.055871 0.783379 -0.619028
vn 0.055871 0.783379 -0.619028
vn -0.418608 0.483413 0.768816
vn -0.418608 0.483413 0.768816
vn -0.418608 0.483413 0.768816
vn 0.011768 0.850168 0.526381
vn 0.011768 0.850168 0.526381
vn 0.011768 0.850168 0.526381
vn -0.155096 -0.427255 -0.890729
vn -0.155096 -0.427255 -0.890729
vn -0.155096 -0.427255 -0.890729
vn 0.454609 -0.194887 -0.869109
vn 0.454609 -0.194887 -0.869109
vn 0.454609 -0.194887 -0.869109
vn -0.675449 0.678909 -0.287838
vn -0.675449 0.678909 -0.287838
vn -0.675449 0.678909 -0.287838
vn 0.002882 -0.019537 -0.999805
vn 0.002882 -0.019537 -0.999805
vn 0.002882 -0.019537 -0.999805
vn 0.160139 0.061307 -0.985189
vn 0.160139 0.061307 -0.985189
vn 0.160139 0.061307 -0.985189
vn 0.307428 -0.232336 0.922772
vn 0.307428 -0.232336 0.922772
vn 0.307428 -0.232336 0.922772
vn 0.973710 0.185791 -0.131796
vn 0.973710 0.185791 -0.131796
vn 0.973710 0.185791 -0.131796
vn -0.152782 -0.483077 0.862145
vn -0.152782 -0.483077 0.862145
vn -0.152782 -0.483077 0.862145
vn 0.102804 -0.977778 -0.182706
vn 0.102804 -0.977778 -0.182706
vn 0.102804 -0.977778 -0.182706
vn -0.003201 0.999977 -0.005945
vn -0.003201 0.999977 -0.005945
vn -0.003201 0.999977 -0.005945
vn 0.343456 0.391166 -0.853831
vn 0.343456 0.391166 -0.853831
vn 0.343456 0.391166 -0.853831
vn -0.733084 0.372008 0.569384
vn -0.733084 0.372008 0.569384
vn -0.733084 0.372008 0.569384
vn 0.124028 0.828621 0.545898
vn 0.124028 0.828621 0.545898
vn 0.124028 0.828621 0.545898
vn -0.169782 0.574951 -0.800378
vn -0.169782 0.574951 -0.800378
vn -0.169782 0.574951 -0.800378
vn 0.928206 -0.032245 0.370667
vn 0.928206 -0.032245 0.370667
vn 0.928206 -0.032245 0.370667
vn 0.335946 -0.299878 -0.892868
vn 0.335946 -0.299878 -0.892868
vn 0.335946 -0.299878 -0.892868
vn 0.252677 0.124477 -0.959510
vn 0.252677 0.124477 -0.959510
vn 0.252677 0.124477 -0.959510
vn -0.357293 -0.933450 0.031825
vn -0.357293 -0.933450 0.031825
vn -0.357293 -0.933450 0.031825
vn 0.765951 0.635875 0.094774
vn 0.765951 0.635875 0.094774
vn 0.765951 0.635875 0.094774
vn -0.641955 -0.454390 -0.617595
vn -0.641955 -0.454390 -0.617595
vn -0.641955 -0.454390 -0.617595
vn -0.905913 0.144963 0.397880
vn -0.905913 0.144963 0.397880
vn -0.905913 0.144963 0.397880
vn 0.197965 0.091263 -0.975951
vn 0.197965 0.091263 -0.975951
vn 0.197965 0.091263 -0.975951
vn -0.045982 0.783956 -0.619111
vn -0.045982 0.783956 -0.619111
vn -0.045982 0.783956 -0.619111
vn -0.001548 0.997149 0.075440
vn -0.001548 0.997149 0.075440
vn -0.001548 0.997149 0.075440
vn -0.015970 -0.617073 -0.786744
vn -0.015970 -0.617073 -0.786744
vn -0.015970 -0.617073 -0.786744
vn 0.447256 -0.633483 0.631396
vn 0.447256 -0.633483 0.631396
vn 0.447256 -0.633483 0.631396
vn 0.299748 0.090692 0.949698
vn 0.299748 0.090692 0.949698
vn 0.299748 0.090692 0.949698
vn -0.141010 -0.986729 0.080505
vn -0.141010 -0.986729 0.080505
vn -0.141010 -0.986729 0.080505
vn -0.650644 0.173484 0.739300
vn -0.650644 0.173484 0.739300
vn -0.650644 0.173484 0.739300
vn 0.124293 -0.987493 0.096998
vn 0.124293 -0.987493 0.096998
vn 0.124293 -0.987493 0.096998
vn -0.466709 -0.734560 0.492550
vn -0.466709 -0.734560 0.492550
vn -0.466709 -0.734560 0.492550
vn 0.979748 -0.199850 -0.012395
vn 0.979748 -0.199850 -0.012395
vn 0.979748 -0.199850 -0.012395
vn 0.223861 -0.343349 0.912139
vn 0.223861 -0.343349 0.912139
vn 0.223861 -0.343349 0.912139
vn 0.042236 -0.973658 -0.224066
vn 0.042236 -0.973658 -0.224066
vn 0.042236 -0.973658 -0.224066
vn -0.404741 -0.857978 -0.316320
vn -0.404741 -0.857978 -0.316320
vn -0.404741 -0.857978 -0.316320
vn -0.389129 0.711744 0.584806
vn -0.389129 0.711744 0.584806
vn -0.389129 0.711744 0.584806
vn 0.103486 -0.474770 0.874005
vn 0.103486 -0.474770 0.874005
vn 0.103486 -0.474770 0.874005
vn 0.928784 -0.253108 -0.270735
vn 0.928784 -0.253108 -0.270735
vn 0.928784 -0.253108 -0.270735
vn 0.331697 -0.641307 0.691883
vn 0.331697 -0.641307 0.691883
vn 0.331697 -0.641307 0.691883
vn -0.951683 -0.292825 -0.092484
vn -0.951683 -0.292825 -0.092484
vn -0.951683 -0.292825 -0.092484
vn -0.842544 -0.220012 0.491644
vn -0.842544 -0.220012 0.491644
vn -0.842544 -0.220012 0.491644
vn 0.155636 -0.178169 0.971614
vn 0.155636 -0.178169 0.971614
vn 0.155636 -0.178169 0.971614
vn -0.397361 0.443973 -0.803114
vn -0.397361 0.443973 -0.803114
vn -0.397361 0.443973 -0.803114
vn 0.271630 0.296355 -0.915637
vn 0.271630 0.296355 -0.915637
vn 0.271630 0.296355 -0.915637
vn -0.014814 -0.914514 0.404283
vn -0.014814 -0.914514 0.404283
vn -0.014814 -0.914514 0.404283
vn 0.475198 -0.798437 0.369710
vn 0.475198 -0.798437 0.369710
vn 0.475198 -0.798437 0.369710
vn -0.967157 -0.012494 0.253872
vn -0.967157 -0.012494 0.253872
vn -0.967157 -0.012494 0.253872
vn 0.322470 -0.232222 -0.917653
vn 0.322470 -0.232222 -0.917653
vn 0.322470 -0.232222 -0.917653
vn 0.074229 0.995509 -0.058760
vn 0.074229 0.995509 -0.058760
vn 0.074229 0.995509 -0.058760
vn 0.514432 -0.062865 -0.855224
vn 0.514432 -0.062865 -0.855224
vn 0.514432 -0.062865 -0.855224
vn -0.322943 0.290283 0.900801
vn -0.322943 0.290283 0.900801
vn -0.322943 0.290283 0.900801
vn -0.580259 -0.485819 0.653666
vn -0.580259 -0.485819 0.653666
vn -0.580259 -0.485819 0.653666
vn 0.514432 0.062865 -0.855224
vn 0.514432 0.062865 -0.855224
vn 0.514432 0.062865 -0.855224
vn 0.982306 0.100059 0.158312
vn 0.982306 0.100059 0.158312
vn 0.982306 0.100059 0.158312
vn -0.173364 0.240027 0.955161
vn -0.173364 0.240027 0.955161
vn -0.173364 0.240027 0.955161
vn -0.953574 0.024824 0.300134
vn -0.953574 0.024824 0.300134
vn -0.953574 0.024824 0.300134
vn 0.092829 -0.231561 -0.968381
vn 0.092829 -0.231561 -0.968381
vn 0.092829 -0.231561 -0.968381
vn 0.246047 -0.375792 0.893444
vn 0.246047 -0.375792 0.893444
vn 0.246047 -0.375792 0.893444
vn -0.318365 0.133764 -0.938483
vn -0.318365 0.133764 -0.938483
vn -0.318365 0.133764 -0.938483
vn -0.004094 0.999071 -0.042910
vn -0.004094 0.999071 -0.042910
vn -0.004094 0.999071 -0.042910
vn -0.902161 -0.120873 0.414119
vn -0.902161 -0.120873 0.414119
vn -0.902161 -0.120873 0.414119
vn 0.199928 -0.244769 -0.948745
vn 0.199928 -0.244769 -0.948745
vn 0.199928 -0.244769 -0.948745
vn 0.243709 0.888657 -0.388453
vn 0.243709 0.888657 -0.388453
vn 0.243709 0.888657 -0.388453
vn 0.473948 0.641445 -0.603259
vn 0.473948 0.641445 -0.603259
vn 0.473948 0.641445 -0.603259
vn -0.001524 0.983807 -0.179227
vn -0.001524 0.983807 -0.179227
vn -0.001524 0.983807 -0.179227
vn -0.303889 0.466951 -0.830426
vn -0.303889 0.466951 -0.830426
vn -0.303889 0.466951 -0.830426
vn 0.347417 0.287162 -0.892659
vn 0.347417 0.287162 -0.892659
vn 0.347417 0.287162 -0.892659
vn -0.135732 -0.818288 -0.558553
vn -0.135732 -0.818288 -0.558553
vn -0.135732 -0.818288 -0.558553
vn 0.212113 -0.371838 -0.903739
vn 0.212113 -0.371838 -0.903739
vn 0.212113 -0.371838 -0.903739
vn 0.579183 0.468713 -0.666974
vn 0.579183 0.468713 -0.666974
vn 0.579183 0.468713 -0.666974
vn -0.769658 0.609372 0.190507
vn -0.769658 0.609372 0.190507
vn -0.769658 0.609372 0.190507
vn -0.235049 -0.807069 0.541656
vn -0.235049 -0.807069 0.541656
vn -0.235049 -0.807069 0.541656
vn 0.466330 0.034141 -0.883952
vn 0.466330 0.034141 -0.883952
vn 0.466330 0.034141 -0.883952
vn -0.553206 0.828802 -0.083970
vn -0.553206 0.828802 -0.083970
vn -0.553206 0.828802 -0.083970
vn -0.023965 -0.924735 0.379857
vn -0.023965 -0.924735 0.379857
vn -0.023965 -0.924735 0.379857
vn 0.585608 -0.783275 -0.208669
vn 0.585608 -0.783275 -0.208669
vn 0.585608 -0.783275 -0.208669
vn 0.270330 -0.710723 -0.649457
vn 0.270330 -0.710723 -0.649457
vn 0.270330 -0.710723 -0.649457
vn 0.455971 0.884658 -0.097318
vn 0.455971 0.884658 -0.097318
vn 0.455971 0.884658 -0.097318
vn 0.503051 0.734172 0.455995
vn 0.503051 0.734172 0.455995
vn 0.503051 0.734172 0.455995
vn 0.331027 0.703203 0.629227
vn 0.331027 0.703203 0.629227
vn 0.331027 0.703203 0.629227
vn 0.936096 0.351008 0.022738
vn 0.936096 0.351008 0.022738
vn 0.936096 0.351008 0.022738
vn -0.234964 -0.049975 -0.970718
vn -0.234964 -0.049975 -0.970718
vn -0.234964 -0.049975 -0.970718
vn -0.143997 0.989394 -0.019086
vn -0.143997 0.989394 -0.019086
vn -0.143997 0.989394 -0.019086
vn -0.369093 -0.820448 0.436617
vn -0.369093 -0.820448 0.436617
vn -0.369093 -0.820448 0.436617
vn 0.290091 0.505909 0.812345
vn 0.290091 0.505909 0.812345
vn 0.290091 0.505909 0.812345
vn 0.277327 0.960766 0.004391
vn 0.277327 0.960766 0.004391
vn 0.277327 0.960766 0.004391
vn -0.513592 0.781126 -0.355057
vn -0.513592 0.781126 -0.355057
vn -0.513592 0.781126 -0.355057
vn -0.003300 0.999976 -0.006066
vn -0.003300 0.999976 -0.006066
vn -0.003300 0.999976 -0.006066
vn 0.169617 0.528065 0.832092
vn 0.169617 0.528065 0.832092
vn 0.169617 0.528065 0.832092
vn -0.583784 -0.807823 0.081357
vn -0.583784 -0.807823 0.081357
vn -0.583784 -0.807823 0.081357
vn 0.141178 -0.924705 -0.353538
vn 0.141178 -0.924705 -0.353538
vn 0.141178 -0.924705 -0.353538
vn -0.383807 -0.606926 -0.695941
vn -0.383807 -0.606926 -0.695941
vn -0.383807 -0.606926 -0.695941
vn 0.051401 0.984906 0.165282
vn 0.051401 0.984906 0.165282
vn 0.051401 0.984906 0.165282
vn -0.134522 -0.746062 0.652146
vn -0.134522 -0.746062 0.652146
vn -0.134522 -0.746062 0.652146
vn 0.754267 -0.383161 0.533169
vn 0.754267 -0.383161 0.533169
vn 0.754267 -0.383161 0.533169
vn 0.472093 0.218901 -0.853939
vn 0.472093 0.218901 -0.853939
vn 0.472093 0.218901 -0.853939
vn 0.188218 -0.370243 -0.909667
vn 0.188218 -0.370243 -0.909667
vn 0.188218 -0.370243 -0.909667
vn -0.331878 0.940476 -0.073222
vn -0.331878 0.940476 -0.073222
vn -0.331878 0.940476 -0.073222
vn 0.014772 -0.840884 0.541014
vn 0.014772 -0.840884 0.541014
vn 0.014772 -0.840884 0.541014
vn 0.299844 -0.947506 0.111019
vn 0.299844 -0.947506 0.111019
vn 0.299844 -0.947506 0.111019
vn 0.753006 -0.649850 0.103334
vn 0.753006 -0.649850 0.103334
vn 0.753006 -0.649850 0.103334
vn -0.260231 0.267906 -0.927635
vn -0.260231 0.267906 -0.927635
vn -0.260231 0.267906 -0.927635
vn 0.102077 0.801545 0.589157
vn 0.102077 0.801545 0.589157
vn 0.102077 0.801545 0.589157
vn -0.148534 0.973638 -0.173109
vn -0.148534 0.973638 -0.173109
vn -0.148534 0.973638 -0.173109
vn 0.954683 -0.164500 -0.248032
vn 0.954683 -0.164500 -0.248032
vn 0.954683 -0.164500 -0.248032
vn 0.933880 0.271290 0.232960
vn 0.933880 0.271290 0.232960
vn 0.933880 0.271290 0.232960
vn 0.850088 0.170740 0.498195
vn 0.850088 0.170740 0.498195
vn 0.850088 0.170740 0.498195
vn -0.268160 0.901732 -0.339071
vn -0.268160 0.901732 -0.339071
vn -0.268160 0.901732 -0.339071
vn 0.904490 -0.088327 0.417248
vn 0.904490 -0.088327 0.417248
vn 0.904490 -0.088327 0.417248
vn -0.076491 0.997065 0.003330
vn -0.076491 0.997065 0.003330
vn -0.076491 0.997065 0.003330
vn 0.753057 -0.012161 0.657843
vn 0.753057 -0.012161 0.657843
vn 0.753057 -0.012161 0.657843
vn -0.271477 0.662924 -0.697733
vn -0.271477 0.662924 -0.697733
vn -0.271477 0.662924 -0.697733
vn -0.698221 0.540313 -0.469626
vn -0.698221 0.540313 -0.469626
vn -0.698221 0.540313 -0.469626
vn -0.206781 -0.829399 -0.518980
vn -0.206781 -0.829399 -0.518980
vn -0.206781 -0.829399 -0.518980
vn 0.055871 -0.783379 -0.619028
vn 0.055871 -0.783379 -0.619028
vn 0.055871 -0.783379 -0.619028
vn 0.160646 0.836621 -0.523697
vn 0.160646 0.836621 -0.523697
vn 0.160646 0.836621 -0.523697
vn 0.329024 0.271948 -0.904316
vn 0.329024 0.271948 -0.904316
vn 0.329024 0.271948 -0.904316
vn -0.652081 -0.727007 -0.215060
vn -0.652081 -0.727007 -0.215060
vn -0.652081 -0.727007 -0.215060
vn 0.041592 -0.738875 -0.672557
vn 0.041592 -0.738875 -0.672557
vn 0.041592 -0.738875 -0.672557
vn -0.375788 0.730898 0.569711
vn -0.375788 0.730898 0.569711
vn -0.375788 0.730898 0.569711
vn -0.854116 0.330022 0.401959
vn -0.854116 0.330022 0.401959
vn -0.854116 0.330022 0.401959
vn -0.244982 -0.909429 0.336039
vn -0.244982 -0.909429 0.336039
vn -0.244982 -0.909429 0.336039
vn 0.131280 -0.384226 0.913858
vn 0.131280 -0.384226 0.913858
vn 0.131280 -0.384226 0.913858
vn 0.080469 0.118703 -0.989664
vn 0.080469 0.118703 -0.989664
vn 0.080469 0.118703 -0.989664
vn -0.003337 -0.999975 -0.006173
vn -0.003337 -0.999975 -0.006173
vn -0.003337 -0.999975 -0.006173
vn -0.601350 -0.077476 0.795220
vn -0.601350 -0.077476 0.795220
vn -0.601350 -0.077476 0.795220
vn -0.978375 0.087482 -0.187430
vn -0.978375 0.087482 -0.187430
vn -0.978375 0.087482 -0.187430
vn -0.973442 0.209492 -0.092324
vn -0.973442 0.209492 -0.092324
vn -0.973442 0.209492 -0.092324
vn 0.233688 -0.616315 -0.752027
vn 0.233688 -0.616315 -0.752027
vn 0.233688 -0.616315 -0.752027
vn -0.670278 -0.543370 -0.505447
vn -0.670278 -0.543370 -0.505447
vn -0.670278 -0.543370 -0.505447
vn -0.272941 -0.867904 0.415025
vn -0.272941 -0.867904 0.415025
vn -0.272941 -0.867904 0.415025
vn -0.461728 -0.596861 -0.656174
vn -0.461728 -0.596861 -0.656174
vn -0.461728 -0.596861 -0.656174
vn -0.925547 0.174492 -0.336030
vn -0.925547 0.174492 -0.336030
vn -0.925547 0.174492 -0.336030
vn -0.428506 -0.062596 -0.901368
vn -0.428506 -0.062596 -0.901368
vn -0.428506 -0.062596 -0.901368
vn 0.796474 -0.422516 -0.432561
vn 0.796474 -0.422516 -0.432561
vn 0.796474 -0.422516 -0.432561
vn -0.828285 -0.365525 -0.424659
vn -0.828285 -0.365525 -0.424659
vn -0.828285 -0.365525 -0.424659
vn 0.585973 -0.645706 -0.489591
vn 0.585973 -0.645706 -0.489591
vn 0.585973 -0.645706 -0.489591
vn -0.682956 -0.363901 -0.633362
vn -0.682956 -0.363901 -0.633362
vn -0.682956 -0.363901 -0.633362
vn -0.237734 -0.395069 -0.887357
vn -0.237734 -0.395069 -0.887357
vn -0.237734 -0.395069 -0.887357
vn -0.953066 -0.144695 0.265948
vn -0.953066 -0.144695 0.265948
vn -0.953066 -0.144695 0.265948
vn -0.045982 -0.783956 -0.619111
vn -0.045982 -0.783956 -0.619111
vn -0.045982 -0.783956 -0.619111
vn 0.184214 0.115616 -0.976063
vn 0.184214 0.115616 -0.976063
vn 0.184214 0.115616 -0.976063
vn -0.106249 0.987097 0.119796
vn -0.106249 0.987097 0.119796
vn -0.106249 0.987097 0.119796
vn -0.283891 0.129537 -0.950066
vn -0.283891 0.129537 -0.950066
vn -0.283891 0.129537 -0.950066
vn 0.346665 0.164837 0.923392
vn 0.346665 0.164837 0.923392
vn 0.346665 0.164837 0.923392
vn 0.182782 0.983140 0.005195
vn 0.182782 0.983140 0.005195
vn 0.182782 0.983140 0.005195
vn 0.057942 -0.198077 -0.978472
vn 0.057942 -0.198077 -0.978472
vn 0.057942 -0.198077 -0.978472
vn -0.184137 -0.470005 0.863243
vn -0.184137 -0.470005 0.863243
vn -0.184137 -0.470005 0.863243
vn 0.287489 0.957630 0.017146
vn 0.287489 0.957630 0.017146
vn 0.287489 0.957630 0.017146
vn 0.710770 0.700509 0.063974
vn 0.710770 0.700509 0.063974
vn 0.710770 0.700509 0.063974
vn -0.674867 0.175985 0.716648
vn -0.674867 0.175985 0.716648
vn -0.674867 0.175985 0.716648
vn 0.086763 0.844864 -0.527898
vn 0.086763 0.844864 -0.527898
vn 0.086763 0.844864 -0.527898
vn -0.698289 -0.481667 0.529518
vn -0.698289 -0.481667 0.529518
vn -0.698289 -0.481667 0.529518
vn -0.775453 -0.340070 0.532001
vn -0.775453 -0.340070 0.532001
vn -0.775453 -0.340070 0.532001
vn -0.543983 0.555013 -0.629320
vn -0.543983 0.555013 -0.629320
vn -0.543983 0.555013 -0.629320
vn -0.525090 -0.498105 0.690052
vn -0.525090 -0.498105 0.690052
vn -0.525090 -0.498105 0.690052
vn -0.091619 -0.389588 0.916421
vn -0.091619 -0.389588 0.916421
vn -0.091619 -0.389588 0.916421
vn 0.118302 -0.327711 -0.937342
vn 0.118302 -0.327711 -0.937342
vn 0.118302 -0.327711 -0.937342
vn 0.641437 0.523896 -0.560438
vn 0.641437 0.523896 -0.560438
vn 0.641437 0.523896 -0.560438
vn 0.429606 0.767304 -0.476112
vn 0.429606 0.767304 -0.476112
vn 0.429606 0.767304 -0.476112
vn 0.449169 0.069389 0.890748
vn 0.449169 0.069389 0.890748
vn 0.449169 0.069389 0.890748
vn -0.623653 -0.396488 -0.673687
vn -0.623653 -0.396488 -0.673687
vn -0.623653 -0.396488 -0.673687
vn -0.259761 -0.964586 -0.045799
vn -0.259761 -0.964586 -0.045799
vn -0.259761 -0.964586 -0.045799
vn -0.003500 -0.999975 -0.006128
vn -0.003500 -0.999975 -0.006128
vn -0.003500 -0.999975 -0.006128
vn 0.983493 0.161921 -0.080771
vn 0.983493 0.161921 -0.080771
vn 0.983493 0.161921 -0.080771
vn -0.505342 0.723375 0.470487
vn -0.505342 0.723375 0.470487
vn -0.505342 0.723375 0.470487
vn 0.000000 -1.000000 0.000000
vn 0.000000 -1.000000 0.000000
vn 0.000000 -1.000000 0.000000
vn 0.233688 0.616315 -0.752027
vn 0.233688 0.616315 -0.752027
vn 0.233688 0.616315 -0.752027
vn -0.271168 -0.388510 0.880641
vn -0.271168 -0.388510 0.880641
vn -0.271168 -0.388510 0.880641
vn -0.023819 -0.998361 -0.052037
vn -0.023819 -0.998361 -0.052037
vn -0.023819 -0.998361 -0.052037
vn 0.243584 -0.815965 0.524278
vn 0.243584 -0.815965 0.524278
vn 0.243584 -0.815965 0.524278
vn 0.333289 0.884863 0.325477
vn 0.333289 0.884863 0.325477
vn 0.333289 0.884863 0.325477
vn -0.336491 -0.574163 0.746399
vn -0.336491 -0.574163 0.746399
vn -0.336491 -0.574163 0.746399
vn -0.069550 0.748559 -0.659410
vn -0.069550 0.748559 -0.659410
vn -0.069550 0.748559 -0.659410
vn -0.003500 0.999975 -0.006127
vn -0.003500 0.999975 -0.006127
vn -0.003500 0.999975 -0.006127
vn -0.133667 -0.357325 -0.924366
vn -0.133667 -0.357325 -0.924366
vn -0.133667 -0.357325 -0.924366
vn -0.406984 0.332865 -0.850626
vn -0.406984 0.332865 -0.850626
vn -0.406984 0.332865 -0.850626
vn -0.392488 -0.587071 0.708026
vn -0.392488 -0.587071 0.708026
vn -0.392488 -0.587071 0.708026
vn 0.878157 0.192691 -0.437848
vn 0.878157 0.192691 -0.437848
vn 0.878157 0.192691 -0.437848
vn -0.013219 0.849572 -0.527308
vn -0.013219 0.849572 -0.527308
vn -0.013219 0.849572 -0.527308
vn -0.065066 0.978280 0.196813
vn -0.065066 0.978280 0.196813
vn -0.065066 0.978280 0.196813
vn 0.147701 -0.595691 0.789517
vn 0.147701 -0.595691 0.789517
vn 0.147701 -0.595691 0.789517
vn 0.605997 -0.784949 0.128929
vn 0.605997 -0.784949 0.128929
vn 0.605997 -0.784949 0.128929
vn -0.587760 -0.399631 0.703444
vn -0.587760 -0.399631 0.703444
vn -0.587760 -0.399631 0.703444
vn 0.511822 -0.648183 0.563823
vn 0.511822 -0.648183 0.563823
vn 0.511822 -0.648183 0.563823
vn -0.243754 -0.969232 0.034248
vn -0.243754 -0.969232 0.034248
vn -0.243754 -0.969232 0.034248
vn 0.933961 -0.271031 0.232935
vn 0.933961 -0.271031 0.232935
vn 0.933961 -0.271031 0.232935
vn -0.340605 -0.400820 0.850489
vn -0.340605 -0.400820 0.850489
vn -0.340605 -0.400820 0.850489
vn -0.478299 0.395293 0.784203
vn -0.478299 0.395293 0.784203
vn -0.478299 0.395293 0.784203
vn -0.195948 0.882061 0.428453
vn -0.195948 0.882061 0.428453
vn -0.195948 0.882061 0.428453
vn 0.904490 0.088327 0.417248
vn 0.904490 0.088327 0.417248
vn 0.904490 0.088327 0.417248
vn -0.361099 -0.932267 -0.022043
vn -0.361099 -0.932267 -0.022043
vn -0.361099 -0.932267 -0.022043
vn -0.007487 0.981833 0.189597
vn -0.007487 0.981833 0.189597
vn -0.007487 0.981833 0.189597
vn -0.003411 -0.893877 -0.448300
vn -0.003411 -0.893877 -0.448300
vn -0.003411 -0.893877 -0.448300
vn -0.613414 0.603914 -0.508931
vn -0.613414 0.603914 -0.508931
vn -0.613414 0.603914 -0.508931
vn -0.361233 0.781245 0.509085
vn -0.361233 0.781245 0.509085
vn -0.361233 0.781245 0.509085
vn -0.566304 -0.767979 -0.299177
vn -0.566304 -0.767979 -0.299177
vn -0.566304 -0.767979 -0.299177
vn -0.548263 -0.649309 -0.527073
vn -0.548263 -0.649309 -0.527073
vn -0.548263 -0.649309 -0.527073
vn 0.975545 0.219779 -0.002952
vn 0.975545 0.219779 -0.002952
vn 0.975545 0.219779 -0.002952
vn 0.056498 -0.973791 0.220315
vn 0.056498 -0.973791 0.220315
vn 0.056498 -0.973791 0.220315
vn -0.513484 0.614548 0.598887
vn -0.513484 0.614548 0.598887
vn -0.513484 0.614548 0.598887
vn 0.045070 -0.140684 -0.989028
vn 0.045070 -0.140684 -0.989028
vn 0.045070 -0.140684 -0.989028
vn 0.327288 -0.590678 0.737552
vn 0.327288 -0.590678 0.737552
vn 0.327288 -0.590678 0.737552
vn -0.030410 -0.019801 0.999341
vn -0.030410 -0.019801 0.999341
vn -0.030410 -0.019801 0.999341
vn -0.057918 -0.968487 -0.242238
vn -0.057918 -0.968487 -0.242238
vn -0.057918 -0.968487 -0.242238
vn 0.696036 -0.294804 0.654694
vn 0.696036 -0.294804 0.654694
vn 0.696036 -0.294804 0.654694
vn 0.484211 -0.027953 0.874505
vn 0.484211 -0.027953 0.874505
vn 0.484211 -0.027953 0.874505
vn -0.303494 -0.723847 -0.619626
vn -0.303494 -0.723847 -0.619626
vn -0.303494 -0.723847 -0.619626
vn 0.472092 -0.218901 -0.853939
vn 0.472092 -0.218901 -0.853939
vn 0.472092 -0.218901 -0.853939
vn -0.168414 -0.966862 0.191871
vn -0.168414 -0.966862 0.191871
vn -0.168414 -0.966862 0.191871
vn 0.384717 -0.757351 0.527648
vn 0.384717 -0.757351 0.527648
vn 0.384717 -0.757351 0.527648
vn -0.376778 -0.059926 -0.924363
vn -0.376778 -0.059926 -0.924363
vn -0.376778 -0.059926 -0.924363
vn -0.621011 0.730658 -0.283697
vn -0.621011 0.730658 -0.283697
vn -0.621011 0.730658 -0.283697
vn 0.758681 -0.186853 0.624091
vn 0.758681 -0.186853 0.624091
vn 0.758681 -0.186853 0.624091
vn 0.572195 -0.776430 -0.264101
vn 0.572195 -0.776430 -0.264101
vn 0.572195 -0.776430 -0.264101
vn 0.483747 -0.100927 -0.869369
vn 0.483747 -0.100927 -0.869369
vn 0.483747 -0.100927 -0.869369
vn -0.411699 0.398785 -0.819435
vn -0.411699 0.398785 -0.819435
vn -0.411699 0.398785 -0.819435
vn 0.934931 -0.012965 -0.354592
vn 0.934931 -0.012965 -0.354592
vn 0.934931 -0.012965 -0.354592
vn -0.667824 0.221757 -0.710517
vn -0.667824 0.221757 -0.710517
vn -0.667824 0.221757 -0.710517
vn 0.712963 0.258593 0.651778
vn 0.712963 0.258593 0.651778
vn 0.712963 0.258593 0.651778
vn 0.612555 0.180999 -0.769426
vn 0.612555 0.180999 -0.769426
vn 0.612555 0.180999 -0.769426
vn -0.145359 0.923434 0.355162
vn -0.145359 0.923434 0.355162
vn -0.145359 0.923434 0.355162
vn 0.743696 -0.668516 0.001250
vn 0.743696 -0.668516 0.001250
vn 0.743696 -0.668516 0.001250
vn 0.713085 0.351294 0.606715
vn 0.713085 0.351294 0.606715
vn 0.713085 0.351294 0.606715
vn 0.125990 -0.726714 -0.675287
vn 0.125990 -0.726714 -0.675287
vn 0.125990 -0.726714 -0.675287
vn 0.896891 -0.258671 -0.358716
vn 0.896891 -0.258671 -0.358716
vn 0.896891 -0.258671 -0.358716
vn -0.442372 -0.891521 0.097457
vn -0.442372 -0.891521 0.097457
vn -0.442372 -0.891521 0.097457
vn -0.089985 -0.458305 -0.884228
vn -0.089985 -0.458305 -0.884228
vn -0.089985 -0.458305 -0.884228
vn 0.073813 -0.994847 0.069500
vn 0.073813 -0.994847 0.069500
vn 0.073813 -0.994847 0.069500
vn 0.948796 -0.304697 -0.083341
vn 0.948796 -0.304697 -0.083341
vn 0.948796 -0.304697 -0.083341
vn -0.341060 0.873908 0.346358
vn -0.341060 0.873908 0.346358
vn -0.341060 0.873908 0.346358
vn 0.341463 -0.893766 0.290837
vn 0.341463 -0.893766 0.290837
vn 0.341463 -0.893766 0.290837
vn 0.282438 0.333200 0.899559
vn 0.282438 0.333200 0.899559
vn 0.282438 0.333200 0.899559
vn 0.000000 1.000000 0.000000
vn 0.000000 1.000000 0.000000
vn 0.000000 1.000000 0.000000
vn -0.489509 0.306801 0.816244
vn -0.489509 0.306801 0.816244
vn -0.489509 0.306801 0.816244
vn -0.319889 -0.823349 -0.468793
vn -0.319889 -0.823349 -0.468793
vn -0.319889 -0.823349 -0.468793
vn 0.180279 0.221520 0.958347
vn 0.180279 0.221520 0.958347
vn 0.180279 0.221520 0.958347
vn 0.461902 -0.886546 -0.026113
vn 0.461902 -0.886546 -0.026113
vn 0.461902 -0.886546 -0.026113
vn -0.315192 -0.933327 0.171917
vn -0.315192 -0.933327 0.171917
vn -0.315192 -0.933327 0.171917
vn -0.220347 0.256714 0.941034
vn -0.220347 0.256714 0.941034
vn -0.220347 0.256714 0.941034
vn -0.946294 0.307294 -0.100486
vn -0.946294 0.307294 -0.100486
vn -0.946294 0.307294 -0.100486
vn -0.211072 -0.006405 -0.977450
vn -0.211072 -0.006405 -0.977450
vn -0.211072 -0.006405 -0.977450
vn -0.199458 0.979831 -0.012123
vn -0.199458 0.979831 -0.012123
vn -0.199458 0.979831 -0.012123
vn 0.422621 -0.759509 -0.494507
vn 0.422621 -0.759509 -0.494507
vn 0.422621 -0.759509 -0.494507
vn 0.754267 0.383161 0.533169
vn 0.754267 0.383161 0.533169
vn 0.754267 0.383161 0.533169
vn 0.929255 0.188323 0.317837
vn 0.929255 0.188323 0.317837
vn 0.929255 0.188323 0.317837
vn 0.251281 0.961818 0.108460
vn 0.251281 0.961818 0.108460
vn 0.251281 0.961818 0.108460
vn 0.055129 0.998108 -0.027237
vn 0.055129 0.998108 -0.027237
vn 0.055129 0.998108 -0.027237
vn 0.672768 -0.624615 0.396534
vn 0.672768 -0.624615 0.396534
vn 0.672768 -0.624615 0.396534
vn 0.269808 0.959272 -0.083675
vn 0.269808 0.959272 -0.083675
vn 0.269808 0.959272 -0.083675
vn -0.206381 -0.494546 0.844293
vn -0.206381 -0.494546 0.844293
vn -0.206381 -0.494546 0.844293
vn 0.044583 -0.505661 -0.861580
vn 0.044583 -0.505661 -0.861580
vn 0.044583 -0.505661 -0.861580
vn 0.835992 0.139921 0.530602
vn 0.835992 0.139921 0.530602
vn 0.835992 0.139921 0.530602
vn -0.549006 -0.520125 0.654264
vn -0.549006 -0.520125 0.654264
vn -0.549006 -0.520125 0.654264
vn 0.572680 -0.531140 0.624442
vn 0.572680 -0.531140 0.624442
vn 0.572680 -0.531140 0.624442
vn 0.405823 -0.069745 0.911287
vn 0.405823 -0.069745 0.911287
vn 0.405823 -0.069745 0.911287
vn -0.741173 0.351276 0.572073
vn -0.741173 0.351276 0.572073
vn -0.741173 0.351276 0.572073
vn 0.019996 0.315834 -0.948604
vn 0.019996 0.315834 -0.948604
vn 0.019996 0.315834 -0.948604
vn -0.003349 0.999976 -0.006093
vn -0.003349 0.999976 -0.006093
vn -0.003349 0.999976 -0.006093
vn 0.623325 0.158314 0.765769
vn 0.623325 0.158314 0.765769
vn 0.623325 0.158314 0.765769
vn 0.086085 -0.995114 -0.048346
vn 0.086085 -0.995114 -0.048346
vn 0.086085 -0.995114 -0.048346
vn 0.793531 -0.178237 0.581842
vn 0.793531 -0.178237 0.581842
vn 0.793531 -0.178237 0.581842
vn -0.003560 0.097358 -0.995243
vn -0.003560 0.097358 -0.995243
vn -0.003560 0.097358 -0.995243
vn 0.549913 0.703683 -0.449917
vn 0.549913 0.703683 -0.449917
vn 0.549913 0.703683 -0.449917
vn -0.370207 -0.538247 -0.757124
vn -0.370207 -0.538247 -0.757124
vn -0.370207 -0.538247 -0.757124
vn -0.080089 -0.996631 0.017685
vn -0.080089 -0.996631 0.017685
vn -0.080089 -0.996631 0.017685
vn -0.003588 0.999977 -0.005781
vn -0.003588 0.999977 -0.005781
vn -0.003588 0.999977 -0.005781
vn -0.110245 -0.842413 -0.527434
vn -0.110245 -0.842413 -0.527434
vn -0.110245 -0.842413 -0.527434
vn 0.558347 -0.019599 0.829376
vn 0.558347 -0.019599 0.829376
vn 0.558347 -0.019599 0.829376
vn -0.036445 0.998977 -0.026776
vn -0.036445 0.998977 -0.026776
vn -0.036445 0.998977 -0.026776
vn -0.784269 -0.591057 0.188611
vn -0.784269 -0.591057 0.188611
vn -0.784269 -0.591057 0.188611
vn -0.937153 0.280572 -0.207423
vn -0.937153 0.280572 -0.207423
vn -0.937153 0.280572 -0.207423
vn -0.376544 -0.900185 0.218817
vn -0.376544 -0.900185 0.218817
vn -0.376544 -0.900185 0.218817
vn 0.277503 -0.437285 0.855438
vn 0.277503 -0.437285 0.855438
vn 0.277503 -0.437285 0.855438
vn 0.275961 -0.630209 -0.725729
vn 0.275961 -0.630209 -0.725729
vn 0.275961 -0.630209 -0.725729
vn 0.467776 -0.654039 0.594491
vn 0.467776 -0.654039 0.594491
vn 0.467776 -0.654039 0.594491
vn -0.663426 -0.169997 -0.728675
vn -0.663426 -0.169997 -0.728675
vn -0.663426 -0.169997 -0.728675
vn 0.605022 -0.394433 0.691644
vn 0.605022 -0.394433 0.691644
vn 0.605022 -0.394433 0.691644
vn 0.630479 0.721358 -0.286599
vn 0.630479 0.721358 -0.286599
vn 0.630479 0.721358 -0.286599
vn -0.567287 0.538914 -0.622701
vn -0.567287 0.538914 -0.622701
vn -0.567287 0.538914 -0.622701
vn -0.542611 0.739829 -0.397777
vn -0.542611 0.739829 -0.397777
vn -0.542611 0.739829 -0.397777
vn 0.114571 -0.979514 -0.165605
vn 0.114571 -0.979514 -0.165605
vn 0.114571 -0.979514 -0.165605
vn 0.681040 0.435475 0.588681
vn 0.681040 0.435475 0.588681
vn 0.681040 0.435475 0.588681
vn -0.457884 0.482771 0.746508
vn -0.457884 0.482771 0.746508
vn -0.457884 0.482771 0.746508
vn 0.009591 -0.999937 -0.005783
vn 0.009591 -0.999937 -0.005783
vn 0.009591 -0.999937 -0.005783
vn -0.171042 -0.721813 0.670620
vn -0.171042 -0.721813 0.670620
vn -0.171042 -0.721813 0.670620
vn -0.534608 -0.460638 -0.708525
vn -0.534608 -0.460638 -0.708525
vn -0.534608 -0.460638 -0.708525
vn -0.292208 -0.139185 0.946172
vn -0.292208 -0.139185 0.946172
vn -0.292208 -0.139185 0.946172
vn 0.373336 0.713096 -0.593392
vn 0.373336 0.713096 -0.593392
vn 0.373336 0.713096 -0.593392
vn -0.057652 0.993658 -0.096545
vn -0.057652 0.993658 -0.096545
vn -0.057652 0.993658 -0.096545
vn 0.126298 -0.215099 0.968391
vn 0.126298 -0.215099 0.968391
vn 0.126298 -0.215099 0.968391
vn 0.102861 -0.444898 -0.889655
vn 0.102861 -0.444898 -0.889655
vn 0.102861 -0.444898 -0.889655
vn 0.984263 -0.176549 0.007556
vn 0.984263 -0.176549 0.007556
vn 0.984263 -0.176549 0.007556
vn 0.124572 -0.631671 0.765163
vn 0.124572 -0.631671 0.765163
vn 0.124572 -0.631671 0.765163
vn 0.228677 -0.189823 -0.954816
vn 0.228677 -0.189823 -0.954816
vn 0.228677 -0.189823 -0.954816
vn -0.319582 0.795786 0.514386
vn -0.319582 0.795786 0.514386
vn -0.319582 0.795786 0.514386
vn 0.971929 -0.115950 0.204719
vn 0.971929 -0.115950 0.204719
vn 0.971929 -0.115950 0.204719
vn 0.341003 0.214327 0.915304
vn 0.341003 0.214327 0.915304
vn 0.341003 0.214327 0.915304
vn -0.548646 0.352510 -0.758106
vn -0.548646 0.352510 -0.758106
vn -0.548646 0.352510 -0.758106
vn 0.070383 -0.763984 -0.641385
vn 0.070383 -0.763984 -0.641385
vn 0.070383 -0.763984 -0.641385
vn -0.196092 -0.942793 0.269609
vn -0.196092 -0.942793 0.269609
vn -0.196092 -0.942793 0.269609
vn -0.535131 -0.674504 0.508605
vn -0.535131 -0.674504 0.508605
vn -0.535131 -0.674504 0.508605
vn -0.603682 -0.771387 -0.201322
vn -0.603682 -0.771387 -0.201322
vn -0.603682 -0.771387 -0.201322
vn -0.861187 0.163077 0.481418
vn -0.861187 0.163077 0.481418
vn -0.861187 0.163077 0.481418
vn -0.890238 0.245749 -0.383515
vn -0.890238 0.245749 -0.383515
vn -0.890238 0.245749 -0.383515
vn 0.010298 -0.831784 0.555004
vn 0.010298 -0.831784 0.555004
vn 0.010298 -0.831784 0.555004
vn 0.440403 0.823310 0.358058
vn 0.440403 0.823310 0.358058
vn 0.440403 0.823310 0.358058
vn 0.883410 -0.308643 -0.352600
vn 0.883410 -0.308643 -0.352600
vn 0.883410 -0.308643 -0.352600
vn 0.682246 -0.304605 0.664647
vn 0.682246 -0.304605 0.664647
vn 0.682246 -0.304605 0.664647
vn -0.002868 -0.147638 -0.989037
vn -0.002868 -0.147638 -0.989037
vn -0.002868 -0.147638 -0.989037
vn -0.003509 -0.999975 -0.006108
vn -0.003509 -0.999975 -0.006108
vn -0.003509 -0.999975 -0.006108
vn 0.843372 -0.532262 -0.073628
vn 0.843372 -0.532262 -0.073628
vn 0.843372 -0.532262 -0.073628
vn -0.292112 -0.009484 -0.956337
vn -0.292112 -0.009484 -0.956337
vn -0.292112 -0.009484 -0.956337
vn -0.650127 -0.418514 -0.634178
vn -0.650127 -0.418514 -0.634178
vn -0.650127 -0.418514 -0.634178
vn 0.927863 0.226936 -0.295922
vn 0.927863 0.226936 -0.295922
vn 0.927863 0.226936 -0.295922
vn -0.424091 0.886438 0.185403
vn -0.424091 0.886438 0.185403
vn -0.424091 0.886438 0.185403
vn 0.175872 0.875137 0.450782
vn 0.175872 0.875137 0.450782
vn 0.175872 0.875137 0.450782
vn 0.167207 0.833888 0.525997
vn 0.167207 0.833888 0.525997
vn 0.167207 0.833888 0.525997
vn 0.720023 0.689358 0.079706
vn 0.720023 0.689358 0.079706
vn 0.720023 0.689358 0.079706
vn 0.080017 -0.863627 -0.497741
vn 0.080017 -0.863627 -0.497741
vn 0.080017 -0.863627 -0.497741
vn 0.130404 -0.729931 0.670966
vn 0.130404 -0.729931 0.670966
vn 0.130404 -0.729931 0.670966
vn -0.145359 -0.923434 0.355162
vn -0.145359 -0.923434 0.355162
vn -0.145359 -0.923434 0.355162
vn 0.355110 -0.283476 -0.890808
vn 0.355110 -0.283476 -0.890808
vn 0.355110 -0.283476 -0.890808
vn -0.005505 -0.801689 0.597717
vn -0.005505 -0.801689 0.597717
vn -0.005505 -0.801689 0.597717
vn 0.427785 0.903812 0.011130
vn 0.427785 0.903812 0.011130
vn 0.427785 0.903812 0.011130
vn 0.346513 0.380444 0.857433
vn 0.346513 0.380444 0.857433
vn 0.346513 0.380444 0.857433
vn -0.424092 -0.886438 0.185404
vn -0.424092 -0.886438 0.185404
vn -0.424092 -0.886438 0.185404
vn -0.059496 -0.054041 -0.996765
vn -0.059496 -0.054041 -0.996765
vn -0.059496 -0.054041 -0.996765
vn -0.819487 -0.008093 -0.573040
vn -0.819487 -0.008093 -0.573040
vn -0.819487 -0.008093 -0.573040
vn 0.978742 -0.045386 -0.200013
vn 0.978742 -0.045386 -0.200013
vn 0.978742 -0.045386 -0.200013
vn -0.484499 0.873254 0.051840
vn -0.484499 0.873254 0.051840
vn -0.484499 0.873254 0.051840
vn -0.684861 -0.719436 -0.115662
vn -0.684861 -0.719436 -0.115662
vn -0.684861 -0.719436 -0.115662
vn 0.512767 -0.819442 0.256096
vn 0.512767 -0.819442 0.256096
vn 0.512767 -0.819442 0.256096
vn -0.381678 -0.627182 -0.678944
vn -0.381678 -0.627182 -0.678944
vn -0.381678 -0.627182 -0.678944
vn 0.416271 -0.227717 -0.880263
vn 0.416271 -0.227717 -0.880263
vn 0.416271 -0.227717 -0.880263
vn 0.747705 0.276940 0.603524
vn 0.747705 0.276940 0.603524
vn 0.747705 0.276940 0.603524
vn 0.476173 0.112377 -0.872141
vn 0.476173 0.112377 -0.872141
vn 0.476173 0.112377 -0.872141
vn -0.335861 -0.693364 0.637530
vn -0.335861 -0.693364 0.637530
vn -0.335861 -0.693364 0.637530
vn 0.363049 0.548354 -0.753328
vn 0.363049 0.548354 -0.753328
vn 0.363049 0.548354 -0.753328
vn -0.981462 -0.156842 0.110148
vn -0.981462 -0.156842 0.110148
vn -0.981462 -0.156842 0.110148
vn 0.211324 0.353884 0.911103
vn 0.211324 0.353884 0.911103
vn 0.211324 0.353884 0.911103
vn 0.034786 -0.998982 0.028722
vn 0.034786 -0.998982 0.028722
vn 0.034786 -0.998982 0.028722
vn -0.001548 -0.997149 0.075440
vn -0.001548 -0.997149 0.075440
vn -0.001548 -0.997149 0.075440
vn 0.637483 0.756283 0.147145
vn 0.637483 0.756283 0.147145
vn 0.637483 0.756283 0.147145
vn -0.139704 0.569566 -0.809986
vn -0.139704 0.569566 -0.809986
vn -0.139704 0.569566 -0.809986
vn -0.510786 -0.279715 -0.812931
vn -0.510786 -0.279715 -0.812931
vn -0.510786 -0.279715 -0.812931
vn 0.130404 0.729931 0.670966
vn 0.130404 0.729931 0.670966
vn 0.130404 0.729931 0.670966
vn -0.003732 0.999973 -0.006267
vn -0.003732 0.999973 -0.006267
vn -0.003732 0.999973 -0.006267
vn -0.315362 -0.941700 -0.117249
vn -0.315362 -0.941700 -0.117249
vn -0.315362 -0.941700 -0.117249
vn -0.190424 -0.169206 0.967010
vn -0.190424 -0.169206 0.967010
vn -0.190424 -0.169206 0.967010
vn -0.204108 -0.962533 -0.178520
vn -0.204108 -0.962533 -0.178520
vn -0.204108 -0.962533 -0.178520
vn 0.550560 0.580509 0.599911
vn 0.550560 0.580509 0.599911
vn 0.550560 0.580509 0.599911
vn -0.405362 -0.910516 0.081500
vn -0.405362 -0.910516 0.081500
vn -0.405362 -0.910516 0.081500
vn -0.719392 -0.687728 0.097491
vn -0.719392 -0.687728 0.097491
vn -0.719392 -0.687728 0.097491
vn -0.382443 -0.915087 -0.127880
vn -0.382443 -0.915087 -0.127880
vn -0.382443 -0.915087 -0.127880
vn 0.152849 0.694606 0.702965
vn 0.152849 0.694606 0.702965
vn 0.152849 0.694606 0.702965
vn -0.046494 0.118313 -0.991887
vn -0.046494 0.118313 -0.991887
vn -0.046494 0.118313 -0.991887
vn -0.195410 -0.520414 0.831255
vn -0.195410 -0.520414 0.831255
vn -0.195410 -0.520414 0.831255
vn -0.581621 0.742734 -0.331758
vn -0.581621 0.742734 -0.331758
vn -0.581621 0.742734 -0.331758
vn 0.631048 0.094732 0.769938
vn 0.631048 0.094732 0.769938
vn 0.631048 0.094732 0.769938
vn 0.296921 -0.882332 -0.365141
vn 0.296921 -0.882332 -0.365141
vn 0.296921 -0.882332 -0.365141
vn 0.631138 0.002805 0.775666
vn 0.631138 0.002805 0.775666
vn 0.631138 0.002805 0.775666
vn -0.003211 0.999974 -0.006527
vn -0.003211 0.999974 -0.006527
vn -0.003211 0.999974 -0.006527
vn -0.836019 0.496378 -0.233840
vn -0.836019 0.496378 -0.233840
vn -0.836019 0.496378 -0.233840
vn -0.180070 0.974644 0.132832
vn -0.180070 0.974644 0.132832
vn -0.180070 0.974644 0.132832
vn 0.249281 0.150775 0.956622
vn 0.249281 0.150775 0.956622
vn 0.249281 0.150775 0.956622
vn -0.238654 -0.245102 0.939665
vn -0.238654 -0.245102 0.939665
vn -0.238654 -0.245102 0.939665
vn 0.423416 0.285968 -0.859617
vn 0.423416 0.285968 -0.859617
vn 0.423416 0.285968 -0.859617
vn -0.003337 0.999975 -0.006172
vn -0.003337 0.999975 -0.006172
vn -0.003337 0.999975 -0.006172
vn 0.277327 -0.960766 0.004391
vn 0.277327 -0.960766 0.004391
vn 0.277327 -0.960766 0.004391
vn 0.878272 -0.226729 -0.420989
vn 0.878272 -0.226729 -0.420989
vn 0.878272 -0.226729 -0.420989
vn -0.397492 0.909701 0.120184
vn -0.397492 0.909701 0.120184
vn -0.397492 0.909701 0.120184
vn -0.003588 -0.999977 -0.005781
vn -0.003588 -0.999977 -0.005781
vn -0.003588 -0.999977 -0.005781
vn -0.249649 -0.335527 -0.908348
vn -0.249649 -0.335527 -0.908348
vn -0.249649 -0.335527 -0.908348
vn -0.006358 -0.992508 0.122011
vn -0.006358 -0.992508 0.122011
vn -0.006358 -0.992508 0.122011
vn -0.140357 0.171235 0.975181
vn -0.140357 0.171235 0.975181
vn -0.140357 0.171235 0.975181
vn 0.290330 -0.614077 -0.733906
vn 0.290330 -0.614077 -0.733906
vn 0.290330 -0.614077 -0.733906
vn -0.398514 -0.911184 0.104554
vn -0.398514 -0.911184 0.104554
vn -0.398514 -0.911184 0.104554
vn 0.437687 0.080004 -0.895561
vn 0.437687 0.080004 -0.895561
vn 0.437687 0.080004 -0.895561
vn -0.884646 -0.408973 -0.223927
vn -0.884646 -0.408973 -0.223927
vn -0.884646 -0.408973 -0.223927
vn -0.133118 0.976923 -0.167036
vn -0.133118 0.976923 -0.167036
vn -0.133118 0.976923 -0.167036
vn 0.463214 0.260846 -0.846990
vn 0.463214 0.260846 -0.846990
vn 0.463214 0.260846 -0.846990
vn 0.155637 0.178169 0.971614
vn 0.155637 0.178169 0.971614
vn 0.155637 0.178169 0.971614
vn -0.804498 0.591488 -0.054085
vn -0.804498 0.591488 -0.054085
vn -0.804498 0.591488 -0.054085
vn 0.936233 -0.322743 0.138940
vn 0.936233 -0.322743 0.138940
vn 0.936233 -0.322743 0.138940
vn 0.299288 -0.921350 -0.248073
vn 0.299288 -0.921350 -0.248073
vn 0.299288 -0.921350 -0.248073
vn -0.942753 0.278125 0.184022
vn -0.942753 0.278125 0.184022
vn -0.942753 0.278125 0.184022
vn 0.111163 -0.864506 0.490175
vn 0.111163 -0.864506 0.490175
vn 0.111163 -0.864506 0.490175
vn -0.737563 0.070642 -0.671573
vn -0.737563 0.070642 -0.671573
vn -0.737563 0.070642 -0.671573
vn -0.401180 -0.687453 0.605362
vn -0.401180 -0.687453 0.605362
vn -0.401180 -0.687453 0.605362
vn -0.530720 0.491314 0.690614
vn -0.530720 0.491314 0.690614
vn -0.530720 0.491314 0.690614
vn -0.189362 0.909639 0.369728
vn -0.189362 0.909639 0.369728
vn -0.189362 0.909639 0.369728
vn 0.581369 0.789580 0.196401
vn 0.581369 0.789580 0.196401
vn 0.581369 0.789580 0.196401
vn -0.987519 -0.156323 0.019222
vn -0.987519 -0.156323 0.019222
vn -0.987519 -0.156323 0.019222
vn -0.733794 0.624397 0.267722
vn -0.733794 0.624397 0.267722
vn -0.733794 0.624397 0.267722
vn -0.078646 0.985887 0.147792
vn -0.078646 0.985887 0.147792
vn -0.078646 0.985887 0.147792
vn -0.391474 -0.881358 -0.264492
vn -0.391474 -0.881358 -0.264492
vn -0.391474 -0.881358 -0.264492
vn 0.350477 -0.148864 0.924665
vn 0.350477 -0.148864 0.924665
vn 0.350477 -0.148864 0.924665
vn -0.280202 -0.941314 0.188188
vn -0.280202 -0.941314 0.188188
vn -0.280202 -0.941314 0.188188
vn 0.063255 0.725276 -0.685546
vn 0.063255 0.725276 -0.685546
vn 0.063255 0.725276 -0.685546
vn 0.400699 -0.915729 -0.029662
vn 0.400699 -0.915729 -0.029662
vn 0.400699 -0.915729 -0.029662
vn -0.983994 -0.009012 -0.177973
vn -0.983994 -0.009012 -0.177973
vn -0.983994 -0.009012 -0.177973
vn 0.200335 0.123147 -0.971957
vn 0.200335 0.123147 -0.971957
vn 0.200335 0.123147 -0.971957
vn 0.182794 0.659947 0.728736
vn 0.182794 0.659947 0.728736
vn 0.182794 0.659947 0.728736
vn -0.007487 -0.981833 0.189598
vn -0.007487 -0.981833 0.189598
vn -0.007487 -0.981833 0.189598
vn -0.583784 0.807823 0.081358
vn -0.583784 0.807823 0.081358
vn -0.583784 0.807823 0.081358
vn 0.154609 0.159228 -0.975060
vn 0.154609 0.159228 -0.975060
vn 0.154609 0.159228 -0.975060
vn -0.630967 -0.578021 -0.517468
vn -0.630967 -0.578021 -0.517468
vn -0.630967 -0.578021 -0.517468
vn 0.194749 -0.953111 -0.231630
vn 0.194749 -0.953111 -0.231630
vn 0.194749 -0.953111 -0.231630
vn 0.262264 -0.956565 -0.127282
vn 0.262264 -0.956565 -0.127282
vn 0.262264 -0.956565 -0.127282
vn 0.854500 -0.517462 -0.045419
vn 0.854500 -0.517462 -0.045419
vn 0.854500 -0.517462 -0.045419
vn -0.996779 0.017811 -0.078190
vn -0.996779 0.017811 -0.078190
vn -0.996779 0.017811 -0.078190
vn -0.053938 -0.258087 0.964615
vn -0.053938 -0.258087 0.964615
vn -0.053938 -0.258087 0.964615
vn 0.403395 -0.909422 -0.101113
vn 0.403395 -0.909422 -0.101113
vn 0.403395 -0.909422 -0.101113
vn 0.314006 -0.478480 -0.820035
vn 0.314006 -0.478480 -0.820035
vn 0.314006 -0.478480 -0.820035
vn 0.305682 0.230761 0.923747
vn 0.305682 0.230761 0.923747
vn 0.305682 0.230761 0.923747
vn 0.971929 0.115950 0.204719
vn 0.971929 0.115950 0.204719
vn 0.971929 0.115950 0.204719
vn -0.812268 0.452290 0.368313
vn -0.812268 0.452290 0.368313
vn -0.812268 0.452290 0.368313
vn 0.232732 0.098690 0.967521
vn 0.232732 0.098690 0.967521
vn 0.232732 0.098690 0.967521
vn -0.046647 0.623046 0.780793
vn -0.046647 0.623046 0.780793
vn -0.046647 0.623046 0.780793
vn 0.175148 -0.710047 -0.682024
vn 0.175148 -0.710047 -0.682024
vn 0.175148 -0.710047 -0.682024
vn 0.131917 0.106344 -0.985540
vn 0.131917 0.106344 -0.985540
vn 0.131917 0.106344 -0.985540
vn 0.149157 -0.802233 0.578079
vn 0.149157 -0.802233 0.578079
vn 0.149157 -0.802233 0.578079
vn -0.769596 -0.054702 -0.636184
vn -0.769596 -0.054702 -0.636184
vn -0.769596 -0.054702 -0.636184
vn 0.977187 0.212304 -0.005690
vn 0.977187 0.212304 -0.005690
vn 0.977187 0.212304 -0.005690
vn 0.057382 -0.297055 -0.953135
vn 0.057382 -0.297055 -0.953135
vn 0.057382 -0.297055 -0.953135
vn -0.396885 0.277737 0.874839
vn -0.396885 0.277737 0.874839
vn -0.396885 0.277737 0.874839
vn -0.213469 -0.331459 -0.919003
vn -0.213469 -0.331459 -0.919003
vn -0.213469 -0.331459 -0.919003
vn -0.249344 0.162586 -0.954669
vn -0.249344 0.162586 -0.954669
vn -0.249344 0.162586 -0.954669
vn -0.050745 0.992529 0.110958
vn -0.050745 0.992529 0.110958
vn -0.050745 0.992529 0.110958
vn 0.571590 -0.051524 0.818920
vn 0.571590 -0.051524 0.818920
vn 0.571590 -0.051524 0.818920
vn 0.358710 -0.204057 -0.910872
vn 0.358710 -0.204057 -0.910872
vn 0.358710 -0.204057 -0.910872
vn 0.716446 -0.102533 -0.690066
vn 0.716446 -0.102533 -0.690066
vn 0.716446 -0.102533 -0.690066
vn 0.692733 -0.667141 -0.273941
vn 0.692733 -0.667141 -0.273941
vn 0.692733 -0.667141 -0.273941
vn 0.854125 -0.520068 0.000112
vn 0.854125 -0.520068 0.000112
vn 0.854125 -0.520068 0.000112
vn 0.548840 0.833246 0.066902
vn 0.548840 0.833246 0.066902
vn 0.548840 0.833246 0.066902
vn 0.995551 -0.039856 0.085382
vn 0.995551 -0.039856 0.085382
vn 0.995551 -0.039856 0.085382
vn 0.732952 -0.205709 0.648433
vn 0.732952 -0.205709 0.648433
vn 0.732952 -0.205709 0.648433
vn -0.689211 -0.724052 0.027144
vn -0.689211 -0.724052 0.027144
vn -0.689211 -0.724052 0.027144
vn 0.515008 -0.783368 0.347995
vn 0.515008 -0.783368 0.347995
vn 0.515008 -0.783368 0.347995
vn -0.570605 -0.519416 -0.636095
vn -0.570605 -0.519416 -0.636095
vn -0.570605 -0.519416 -0.636095
vn -0.396571 0.905642 -0.150144
vn -0.396571 0.905642 -0.150144
vn -0.396571 0.905642 -0.150144
vn 0.021973 0.229015 -0.973175
vn 0.021973 0.229015 -0.973175
vn 0.021973 0.229015 -0.973175
vn -0.019581 0.998384 0.053344
vn -0.019581 0.998384 0.053344
vn -0.019581 0.998384 0.053344
vn 0.515008 0.783369 0.347995
vn 0.515008 0.783369 0.347995
vn 0.515008 0.783369 0.347995
vn -0.405362 0.910516 0.081501
vn -0.405362 0.910516 0.081501
vn -0.405362 0.910516 0.081501
vn -0.807145 0.544207 -0.228813
vn -0.807145 0.544207 -0.228813
vn -0.807145 0.544207 -0.228813
vn -0.194307 -0.242458 0.950504
vn -0.194307 -0.242458 0.950504
vn -0.194307 -0.242458 0.950504
vn -0.003447 0.999976 -0.005999
vn -0.003447 0.999976 -0.005999
vn -0.003447 0.999976 -0.005999
vn -0.197137 0.133000 0.971312
vn -0.197137 0.133000 0.971312
vn -0.197137 0.133000 0.971312
vn 0.282648 -0.778547 0.560335
vn 0.282648 -0.778547 0.560335
vn 0.282648 -0.778547 0.560335
vn 0.352050 0.136480 -0.925978
vn 0.352050 0.136480 -0.925978
vn 0.352050 0.136480 -0.925978
vn -0.544123 0.223583 0.808666
vn -0.544123 0.223583 0.808666
vn -0.544123 0.223583 0.808666
vn -0.153391 -0.758618 -0.633222
vn -0.153391 -0.758618 -0.633222
vn -0.153391 -0.758618 -0.633222
vn 0.042701 0.197774 0.979317
vn 0.042701 0.197774 0.979317
vn 0.042701 0.197774 0.979317
vn 0.079688 0.603160 -0.793629
vn 0.079688 0.603160 -0.793629
vn 0.079688 0.603160 -0.793629
vn 0.044688 -0.353369 -0.934416
vn 0.044688 -0.353369 -0.934416
vn 0.044688 -0.353369 -0.934416
vn -0.396980 0.827282 -0.397506
vn -0.396980 0.827282 -0.397506
vn -0.396980 0.827282 -0.397506
vn 0.492912 0.698007 0.519446
vn 0.492912 0.698007 0.519446
vn 0.492912 0.698007 0.519446
vn -0.540031 0.149259 0.828304
vn -0.540031 0.149259 0.828304
vn -0.540031 0.149259 0.828304
vn 0.747897 0.347315 0.565705
vn 0.747897 0.347315 0.565705
vn 0.747897 0.347315 0.565705
vn 0.102368 -0.610820 0.785124
vn 0.102368 -0.610820 0.785124
vn 0.102368 -0.610820 0.785124
vn -0.255263 -0.045706 -0.965791
vn -0.255263 -0.045706 -0.965791
vn -0.255263 -0.045706 -0.965791
vn 0.089910 0.995222 0.038066
vn 0.089910 0.995222 0.038066
vn 0.089910 0.995222 0.038066
vn 0.794504 0.054833 0.604779
vn 0.794504 0.054833 0.604779
vn 0.794504 0.054833 0.604779
vn 0.766815 -0.403405 0.499258
vn 0.766815 -0.403405 0.499258
vn 0.766815 -0.403405 0.499258
vn -0.769596 0.054702 -0.636184
vn -0.769596 0.054702 -0.636184
vn -0.769596 0.054702 -0.636184
vn -0.749481 0.215079 0.626114
vn -0.749481 0.215079 0.626114
vn -0.749481 0.215079 0.626114
vn 0.297956 -0.454336 0.839524
vn 0.297956 -0.454336 0.839524
vn 0.297956 -0.454336 0.839524
vn -0.170178 -0.044419 0.984412
vn -0.170178 -0.044419 0.984412
vn -0.170178 -0.044419 0.984412
vn 0.855414 0.047999 0.515717
vn 0.855414 0.047999 0.515717
vn 0.855414 0.047999 0.515717
vn -0.374265 -0.873308 -0.311864
vn -0.374265 -0.873308 -0.311864
vn -0.374265 -0.873308 -0.311864
vn -0.136608 0.570784 0.809657
vn -0.136608 0.570784 0.809657
vn -0.136608 0.570784 0.809657
vn -0.003473 0.999975 -0.006160
vn -0.003473 0.999975 -0.006160
vn -0.003473 0.999975 -0.006160
vn 0.943901 -0.221824 0.244631
vn 0.943901 -0.221824 0.244631
vn 0.943901 -0.221824 0.244631
vn 0.745631 0.655841 0.117930
vn 0.745631 0.655841 0.117930
vn 0.748033 0.662046 0.046283
vn -0.802218 -0.010303 -0.596942
vn -0.802218 -0.010303 -0.596942
vn -0.802218 -0.010303 -0.596942
vn 0.549624 0.233910 0.801997
vn 0.549624 0.233910 0.801997
vn 0.549624 0.233910 0.801997
vn 0.741666 0.664299 -0.092943
vn 0.741666 0.664299 -0.092943
vn 0.157858 0.965944 -0.205021
vn 0.157858 0.965944 -0.205021
vn 0.157858 0.965944 -0.205021
vn 0.175834 0.972100 -0.155252
vn 0.175834 0.972100 -0.155252
vn 0.175834 0.972100 -0.155252
vn 0.239102 -0.184202 0.953362
vn 0.239102 -0.184202 0.953362
vn 0.239102 -0.184202 0.953362
vn -0.455232 0.484799 -0.746816
vn -0.455232 0.484799 -0.746816
vn -0.455232 0.484799 -0.746816
vn -0.298611 0.402919 0.865152
vn -0.298611 0.402919 0.865152
vn -0.298611 0.402919 0.865152
vn 0.352050 -0.136480 -0.925978
vn 0.352050 -0.136480 -0.925978
vn 0.352050 -0.136480 -0.925978
vn 0.443586 -0.700233 0.559379
vn 0.443586 -0.700233 0.559379
vn 0.443586 -0.700233 0.559379
vn 0.119808 -0.226232 -0.966677
vn 0.119808 -0.226232 -0.966677
vn 0.119808 -0.226232 -0.966677
vn -0.176700 0.659397 0.730735
vn -0.176700 0.659397 0.730735
vn -0.176700 0.659397 0.730735
vn 0.806410 0.498676 -0.317846
vn 0.806410 0.498676 -0.317846
vn 0.806410 0.498676 -0.317846
vn -0.003439 0.999976 -0.006005
vn -0.003439 0.999976 -0.006005
vn -0.003439 0.999976 -0.006005
vn -0.646058 -0.289689 0.706180
vn -0.646058 -0.289689 0.706180
vn -0.646058 -0.289689 0.706180
vn 0.646522 0.487064 0.587178
vn 0.646522 0.487064 0.587178
vn 0.646522 0.487064 0.587178
vn -0.003473 -0.999975 -0.006160
vn -0.003473 -0.999975 -0.006160
vn -0.003473 -0.999975 -0.006160
vn -0.173742 -0.896261 -0.408082
vn -0.173742 -0.896261 -0.408082
vn -0.173742 -0.896261 -0.408082
vn 0.730509 0.117133 -0.672783
vn 0.730509 0.117133 -0.672783
vn 0.730509 0.117133 -0.672783
vn 0.502369 -0.047619 0.863341
vn 0.502369 -0.047619 0.863341
vn 0.502369 -0.047619 0.863341
vn -0.172573 -0.912211 -0.371603
vn -0.172573 -0.912211 -0.371603
vn -0.172573 -0.912211 -0.371603
vn -0.005505 0.801689 0.597717
vn -0.005505 0.801689 0.597717
vn -0.005505 0.801689 0.597717
vn 0.988011 0.141232 -0.062347
vn 0.988011 0.141232 -0.062347
vn 0.988011 0.141232 -0.062347
vn -0.004501 0.735017 -0.678034
vn -0.004501 0.735017 -0.678034
vn -0.004501 0.735017 -0.678034
vn -0.145395 0.975013 -0.167960
vn -0.145395 0.975013 -0.167960
vn -0.145395 0.975013 -0.167960
vn -0.519989 0.330884 -0.787481
vn -0.519989 0.330884 -0.787481
vn -0.519989 0.330884 -0.787481
vn 0.883410 0.308643 -0.352600
vn 0.883410 0.308643 -0.352600
vn 0.883410 0.308643 -0.352600
vn 0.766815 0.403405 0.499258
vn 0.766815 0.403405 0.499258
vn 0.766815 0.403405 0.499258
vn -0.339803 -0.313093 -0.886852
vn -0.339803 -0.313093 -0.886852
vn -0.339803 -0.313093 -0.886852
vn -0.999306 -0.031924 -0.019195
vn -0.999306 -0.031924 -0.019195
vn -0.999306 -0.031924 -0.019195
vn 0.305682 -0.230761 0.923747
vn 0.305682 -0.230761 0.923747
vn 0.305682 -0.230761 0.923747
vn 0.898295 0.261813 -0.352873
vn 0.898295 0.261813 -0.352873
vn 0.898295 0.261813 -0.352873
vn 0.141128 0.983890 -0.109745
vn 0.141128 0.983890 -0.109745
vn 0.141128 0.983890 -0.109745
vn 0.689617 -0.083704 0.719321
vn 0.689617 -0.083704 0.719321
vn 0.689617 -0.083704 0.719321
vn 0.809423 -0.547446 -0.212453
vn 0.809423 -0.547446 -0.212453
vn 0.809423 -0.547446 -0.212453
vn 0.087343 0.581911 0.808549
vn 0.087343 0.581911 0.808549
vn 0.087343 0.581911 0.808549
vn 0.040234 0.974396 0.221211
vn 0.040234 0.974396 0.221211
vn 0.040234 0.974396 0.221211
vn 0.026566 -0.128921 0.991299
vn 0.026566 -0.128921 0.991299
vn 0.026566 -0.128921 0.991299
vn 0.011769 -0.850168 0.526380
vn 0.011769 -0.850168 0.526380
vn 0.011769 -0.850168 0.526380
vn 0.225924 0.396008 -0.890020
vn 0.225924 0.396008 -0.890020
vn 0.225924 0.396008 -0.890020
vn 0.117013 -0.069376 -0.990704
vn 0.117013 -0.069376 -0.990704
vn 0.117013 -0.069376 -0.990704
vn -0.924123 0.329772 -0.192992
vn -0.924123 0.329772 -0.192992
vn -0.924123 0.329772 -0.192992
vn 0.131917 -0.106344 -0.985540
vn 0.131917 -0.106344 -0.985540
vn 0.131917 -0.106344 -0.985540
vn -0.528311 0.168652 -0.832132
vn -0.528311 0.168652 -0.832132
vn -0.528311 0.168652 -0.832132
vn -0.187471 -0.377550 -0.906814
vn -0.187471 -0.377550 -0.906814
vn -0.187471 -0.377550 -0.906814
vn 0.383124 0.269798 0.883417
vn 0.383124 0.269798 0.883417
vn 0.383124 0.269798 0.883417
vn 0.635735 0.475494 -0.608068
vn 0.635735 0.475494 -0.608068
vn 0.635735 0.475494 -0.608068
vn -0.146468 0.181395 -0.972442
vn -0.146468 0.181395 -0.972442
vn -0.146468 0.181395 -0.972442
vn 0.030194 -0.991190 0.128960
vn 0.030194 -0.991190 0.128960
vn 0.030194 -0.991190 0.128960
vn -0.746826 -0.261443 0.611473
vn -0.746826 -0.261443 0.611473
vn -0.746826 -0.261443 0.611473
vn -0.184847 0.325322 -0.927360
vn -0.184847 0.325322 -0.927360
vn -0.184847 0.325322 -0.927360
vn -0.396980 -0.827282 -0.397506
vn -0.396980 -0.827282 -0.397506
vn -0.396980 -0.827282 -0.397506
vn -0.489342 0.582239 -0.649262
vn -0.489342 0.582239 -0.649262
vn -0.489342 0.582239 -0.649262
vn -0.114649 -0.893470 0.434243
vn -0.114649 -0.893470 0.434243
vn -0.114649 -0.893470 0.434243
vn -0.232014 -0.448084 -0.863360
vn -0.232014 -0.448084 -0.863360
vn -0.232014 -0.448084 -0.863360
vn -0.546141 0.490122 0.679345
vn -0.546141 0.490122 0.679345
vn -0.546141 0.490122 0.679345
vn -0.390416 0.227034 -0.892206
vn -0.390416 0.227034 -0.892206
vn -0.390416 0.227034 -0.892206
vn 0.745631 -0.655841 0.117930
vn 0.745631 -0.655841 0.117930
vn 0.745631 -0.655841 0.117930
vn -0.535131 0.674503 0.508605
vn -0.535131 0.674503 0.508605
vn -0.535131 0.674503 0.508605
vn -0.210458 -0.170396 0.962639
vn -0.210458 -0.170396 0.962639
vn -0.210458 -0.170396 0.962639
vn -0.029776 0.999336 0.021015
vn -0.029776 0.999336 0.021015
vn -0.029776 0.999336 0.021015
vn 0.089910 -0.995222 0.038066
vn 0.089910 -0.995222 0.038066
vn 0.089910 -0.995222 0.038066
vn 0.152849 -0.694606 0.702965
vn 0.152849 -0.694606 0.702965
vn 0.152849 -0.694606 0.702965
vn -0.749481 -0.215079 0.626114
vn -0.749481 -0.215079 0.626114
vn -0.749481 -0.215079 0.626114
vn 0.625399 -0.710956 -0.321587
vn 0.625399 -0.710956 -0.321587
vn 0.625399 -0.710956 -0.321587
vn -0.479738 0.859700 0.175407
vn -0.479738 0.859700 0.175407
vn -0.479738 0.859700 0.175407
vn -0.212750 -0.938020 -0.273598
vn -0.212750 -0.938020 -0.273598
vn -0.212750 -0.938020 -0.273598
vn 0.227234 0.768390 -0.598282
vn 0.227234 0.768390 -0.598282
vn 0.227234 0.768390 -0.598282
vn -0.059334 -0.989686 0.130387
vn -0.106251 -0.987120 0.119605
vn -0.059334 -0.989686 0.130387
vn 0.667501 0.560919 -0.489706
vn 0.667501 0.560919 -0.489706
vn 0.667501 0.560919 -0.489706
vn 0.095040 -0.125095 -0.987582
vn 0.095040 -0.125095 -0.987582
vn 0.095040 -0.125095 -0.987582
vn -0.015246 0.146112 -0.989151
vn -0.015246 0.146112 -0.989151
vn -0.015246 0.146112 -0.989151
vn -0.571352 -0.691116 0.442624
vn -0.571352 -0.691116 0.442624
vn -0.571352 -0.691116 0.442624
vn -0.143884 -0.983382 0.110712
vn -0.143884 -0.983382 0.110712
vn 0.307428 0.232336 0.922772
vn 0.307428 0.232336 0.922772
vn 0.307428 0.232336 0.922772
vn 0.076699 -0.853803 -0.514915
vn 0.076699 -0.853803 -0.514915
vn 0.076699 -0.853803 -0.514915
vn 0.743660 -0.226573 0.628995
vn 0.743660 -0.226573 0.628995
vn 0.743660 -0.226573 0.628995
vn 0.332252 0.281837 -0.900098
vn 0.332252 0.281837 -0.900098
vn 0.332252 0.281837 -0.900098
vn -0.473116 -0.563469 0.677247
vn -0.473116 -0.563469 0.677247
vn -0.473116 -0.563469 0.677247
vn 0.396376 -0.821936 -0.409032
vn 0.396376 -0.821936 -0.409032
vn 0.396376 -0.821936 -0.409032
vn -0.184096 0.924080 0.334940
vn -0.184096 0.924080 0.334940
vn -0.184096 0.924080 0.334940
vn -0.300798 -0.560793 -0.771383
vn -0.300798 -0.560793 -0.771383
vn -0.300798 -0.560793 -0.771383
vn -0.374660 0.714424 0.590956
vn -0.374660 0.714424 0.590956
vn -0.374660 0.714424 0.590956
vn 0.074230 -0.995509 -0.058760
vn 0.074230 -0.995509 -0.058760
vn 0.074230 -0.995509 -0.058760
vn -0.975487 -0.207507 -0.073254
vn -0.975487 -0.207507 -0.073254
vn -0.975487 -0.207507 -0.073254
vn 0.541740 -0.052142 0.838927
vn 0.541740 -0.052142 0.838927
vn 0.541740 -0.052142 0.838927
vn -0.057631 -0.995189 -0.079228
vn -0.057631 -0.995189 -0.079228
vn -0.057631 -0.995189 -0.079228
vn 0.345498 -0.668152 0.658941
vn 0.345498 -0.668152 0.658941
vn 0.345498 -0.668152 0.658941
vn -0.109504 0.769795 -0.628827
vn -0.109504 0.769795 -0.628827
vn -0.109504 0.769795 -0.628827
vn 0.097077 -0.092308 -0.990987
vn 0.097077 -0.092308 -0.990987
vn 0.097077 -0.092308 -0.990987
vn -0.175851 0.975686 0.130817
vn -0.175851 0.975686 0.130817
vn -0.175851 0.975686 0.130817
vn -0.390210 -0.289092 -0.874164
vn -0.390210 -0.289092 -0.874164
vn -0.390210 -0.289092 -0.874164
vn -0.155096 0.427255 -0.890729
vn -0.155096 0.427255 -0.890729
vn -0.155096 0.427255 -0.890729
vn -0.559036 0.514959 -0.649843
vn -0.559036 0.514959 -0.649843
vn -0.559036 0.514959 -0.649843
vn 0.349153 -0.254035 -0.901974
vn 0.349153 -0.254035 -0.901974
vn 0.349153 -0.254035 -0.901974
vn -0.264676 0.530008 0.805629
vn -0.264676 0.530008 0.805629
vn -0.264676 0.530008 0.805629
vn -0.447489 0.742571 -0.498340
vn -0.447489 0.742571 -0.498340
vn -0.447489 0.742571 -0.498340
vn -0.254962 0.232296 -0.938634
vn -0.254962 0.232296 -0.938634
vn -0.254962 0.232296 -0.938634
vn -0.253020 0.624527 -0.738882
vn -0.253020 0.624527 -0.738882
vn -0.253020 0.624527 -0.738882
vn -0.233000 0.794759 0.560419
vn -0.233000 0.794759 0.560419
vn -0.233000 0.794759 0.560419
vn 0.005446 -0.235116 -0.971952
vn 0.005446 -0.235116 -0.971952
vn 0.005446 -0.235116 -0.971952
vn 0.522560 0.839696 0.147787
vn 0.522560 0.839696 0.147787
vn 0.522560 0.839696 0.147787
vn 0.227234 -0.768390 -0.598282
vn 0.227234 -0.768390 -0.598282
vn 0.227234 -0.768390 -0.598282
vn -0.334080 -0.904008 0.266759
vn -0.334080 -0.904008 0.266759
vn -0.334080 -0.904008 0.266759
vn -0.211808 0.913380 0.347669
vn -0.211808 0.913380 0.347669
vn -0.211808 0.913380 0.347669
vn -0.789148 0.068934 -0.610322
vn -0.789148 0.068934 -0.610322
vn -0.789148 0.068934 -0.610322
vn 0.359670 0.928958 0.087608
vn 0.359670 0.928958 0.087608
vn 0.359670 0.928958 0.087608
vn -0.647609 -0.398975 -0.649170
vn -0.647609 -0.398975 -0.649170
vn -0.647609 -0.398975 -0.649170
vn -0.497127 -0.108098 -0.860918
vn -0.497127 -0.108098 -0.860918
vn -0.497127 -0.108098 -0.860918
vn -0.315362 0.941700 -0.117249
vn -0.315362 0.941700 -0.117249
vn -0.315362 0.941700 -0.117249
vn 0.654054 -0.085916 -0.751553
vn 0.654054 -0.085916 -0.751553
vn 0.654054 -0.085916 -0.751553
vn 0.442899 0.769303 0.460449
vn 0.442899 0.769303 0.460449
vn 0.442899 0.769303 0.460449
vn -0.506152 -0.661335 0.553576
vn -0.506152 -0.661335 0.553576
vn -0.506152 -0.661335 0.553576
vn -0.444904 -0.308500 0.840766
vn -0.444904 -0.308500 0.840766
vn -0.444904 -0.308500 0.840766
vn 0.384089 -0.873257 -0.299829
vn 0.384089 -0.873257 -0.299829
vn 0.384089 -0.873257 -0.299829
vn -0.852910 0.344612 0.392158
vn -0.852910 0.344612 0.392158
vn -0.852910 0.344612 0.392158
vn -0.104444 -0.236283 0.966055
vn -0.104444 -0.236283 0.966055
vn -0.104444 -0.236283 0.966055
vn 0.025125 0.154861 0.987617
vn 0.025125 0.154861 0.987617
vn 0.025125 0.154861 0.987617
vn 0.010298 0.831784 0.555004
vn 0.010298 0.831784 0.555004
vn 0.010298 0.831784 0.555004
vn -0.655062 0.681007 -0.327298
vn -0.655062 0.681007 -0.327298
vn -0.655062 0.681007 -0.327298
vn 0.218266 -0.700900 -0.679043
vn 0.218266 -0.700900 -0.679043
vn 0.218266 -0.700900 -0.679043
vn 0.200055 0.187243 0.961727
vn 0.200055 0.187243 0.961727
vn 0.200055 0.187243 0.961727
vn -0.554142 -0.470900 -0.686425
vn -0.554142 -0.470900 -0.686425
vn -0.554142 -0.470900 -0.686425
vn -0.177874 0.271540 0.945847
vn -0.177874 0.271540 0.945847
vn -0.177874 0.271540 0.945847
vn 0.215138 -0.920957 -0.324890
vn 0.215138 -0.920957 -0.324890
vn 0.215138 -0.920957 -0.324890
vn 0.815198 0.579179 -0.001851
vn 0.815198 0.579179 -0.001851
vn 0.815198 0.579179 -0.001851
vn 0.693835 0.046407 0.718637
vn 0.693835 0.046407 0.718637
vn 0.693835 0.046407 0.718637
vn -0.104444 0.236283 0.966055
vn -0.104444 0.236283 0.966055
vn -0.104444 0.236283 0.966055
vn -0.040421 -0.980230 0.193689
vn -0.040421 -0.980230 0.193689
vn -0.040421 -0.980230 0.193689
vn 0.000000 -1.000000 0.000000
vn 0.000000 -1.000000 0.000000
vn 0.000000 -1.000000 0.000000
vn -0.892743 -0.140922 -0.427962
vn -0.892743 -0.140922 -0.427962
vn -0.892743 -0.140922 -0.427962
vn 0.464926 0.844389 0.266178
vn 0.464926 0.844389 0.266178
vn 0.464926 0.844389 0.266178
vn 0.632912 -0.320314 -0.704856
vn 0.632912 -0.320314 -0.704856
vn 0.632912 -0.320314 -0.704856
vn -0.045610 0.460282 0.886600
vn -0.045610 0.460282 0.886600
vn -0.045610 0.460282 0.886600
vn 0.581735 -0.665142 -0.468157
vn 0.581735 -0.665142 -0.468157
vn 0.581735 -0.665142 -0.468157
vn -0.163967 0.577775 0.799557
vn -0.163967 0.577775 0.799557
vn -0.163967 0.577775 0.799557
vn -0.719744 -0.306899 0.622721
vn -0.719744 -0.306899 0.622721
vn -0.719744 -0.306899 0.622721
vn -0.374265 0.873308 -0.311864
vn -0.374265 0.873308 -0.311864
vn -0.374265 0.873308 -0.311864
vn 0.271630 -0.296355 -0.915637
vn 0.271630 -0.296355 -0.915637
vn 0.271630 -0.296355 -0.915637
vn 0.215138 0.920957 -0.324890
vn 0.215138 0.920957 -0.324890
vn 0.215138 0.920957 -0.324890
vn -0.788749 0.345674 -0.508316
vn -0.788749 0.345674 -0.508316
vn -0.788749 0.345674 -0.508316
vn 0.228204 0.854906 -0.465896
vn 0.228204 0.854906 -0.465896
vn 0.228204 0.854906 -0.465896
vn 0.681040 -0.435475 0.588681
vn 0.681040 -0.435475 0.588681
vn 0.681040 -0.435475 0.588681
vn 0.878452 0.457389 -0.138263
vn 0.878452 0.457389 -0.138263
vn 0.878452 0.457389 -0.138263
vn 0.589618 -0.754259 -0.288868
vn 0.589618 -0.754259 -0.288868
vn 0.589618 -0.754259 -0.288868
vn 0.253456 0.288589 -0.923297
vn 0.253456 0.288589 -0.923297
vn 0.253456 0.288589 -0.923297
vn -0.566173 -0.715198 0.409804
vn -0.566173 -0.715198 0.409804
vn -0.566173 -0.715198 0.409804
vn -0.484499 -0.873254 0.051841
vn -0.484499 -0.873254 0.051841
vn -0.484499 -0.873254 0.051841
vn -0.046174 0.998616 0.025165
vn -0.046174 0.998616 0.025165
vn -0.046174 0.998616 0.025165
vn -0.780403 0.106092 0.616211
vn -0.780403 0.106092 0.616211
vn -0.780403 0.106092 0.616211
vn 0.162287 0.665797 0.728270
vn 0.162287 0.665797 0.728270
vn 0.162287 0.665797 0.728270
vn 0.126627 -0.599134 -0.790572
vn 0.126627 -0.599134 -0.790572
vn 0.126627 -0.599134 -0.790572
vn -0.369093 0.820449 0.436617
vn -0.369093 0.820449 0.436617
vn -0.369093 0.820449 0.436617
vn -0.541989 -0.175272 -0.821905
vn -0.541989 -0.175272 -0.821905
vn -0.541989 -0.175272 -0.821905
vn -0.065066 -0.978280 0.196813
vn -0.065066 -0.978280 0.196813
vn -0.065066 -0.978280 0.196813
vn -0.006055 0.871347 0.490630
vn -0.006055 0.871347 0.490630
vn -0.006055 0.871347 0.490630
vn -0.260231 -0.267906 -0.927635
vn -0.260231 -0.267906 -0.927635
vn -0.260231 -0.267906 -0.927635
vn 0.421527 -0.852861 0.308130
vn 0.421527 -0.852861 0.308130
vn 0.421527 -0.852861 0.308130
vn 0.411447 0.213068 0.886179
vn 0.411447 0.213068 0.886179
vn 0.411447 0.213068 0.886179
vn -0.587760 0.399631 0.703444
vn -0.587760 0.399631 0.703444
vn -0.587760 0.399631 0.703444
vn -0.131983 0.952159 -0.275633
vn -0.131983 0.952159 -0.275633
vn -0.131983 0.952159 -0.275633
vn -0.298611 -0.402919 0.865152
vn -0.298611 -0.402919 0.865152
vn -0.298611 -0.402919 0.865152
vn -0.579815 0.600294 0.550873
vn -0.579815 0.600294 0.550873
vn -0.579815 0.600294 0.550873
vn 0.714756 0.020393 -0.699077
vn 0.714756 0.020393 -0.699077
vn 0.714756 0.020393 -0.699077
vn 0.633053 0.769569 -0.083712
vn 0.633053 0.769569 -0.083712
vn 0.633053 0.769569 -0.083712
vn 0.253455 -0.288589 -0.923297
vn 0.253455 -0.288589 -0.923297
vn 0.253455 -0.288589 -0.923297
vn -0.141010 0.986729 0.080505
vn -0.141010 0.986729 0.080505
vn -0.141010 0.986729 0.080505
vn 0.461902 0.886546 -0.026113
vn 0.461902 0.886546 -0.026113
vn 0.461902 0.886546 -0.026113
vn -0.890238 -0.245749 -0.383516
vn -0.890238 -0.245749 -0.383516
vn -0.890238 -0.245749 -0.383516
vn -0.522895 0.339104 -0.782041
vn -0.522895 0.339104 -0.782041
vn -0.522895 0.339104 -0.782041
vn 0.095859 -0.549354 0.830073
vn 0.095859 -0.549354 0.830073
vn 0.095859 -0.549354 0.830073
vn 0.501651 -0.851952 -0.150081
vn 0.501651 -0.851952 -0.150081
vn 0.501651 -0.851952 -0.150081
vn 0.704778 -0.690209 0.164013
vn 0.704778 -0.690209 0.164013
vn 0.704778 -0.690209 0.164013
vn -0.972840 -0.210302 -0.096727
vn -0.972840 -0.210302 -0.096727
vn -0.972840 -0.210302 -0.096727
vn -0.144524 0.895031 -0.421940
vn -0.144524 0.895031 -0.421940
vn -0.144524 0.895031 -0.421940
vn 0.372177 -0.424437 -0.825432
vn 0.372177 -0.424437 -0.825432
vn 0.372177 -0.424437 -0.825432
vn -0.265335 0.946550 0.183416
vn -0.265335 0.946550 0.183416
vn -0.265335 0.946550 0.183416
vn -0.563276 -0.106196 0.819416
vn -0.563276 -0.106196 0.819416
vn -0.563276 -0.106196 0.819416
vn 0.232392 -0.361860 -0.902802
vn 0.232392 -0.361860 -0.902802
vn 0.232392 -0.361860 -0.902802
vn -0.701005 0.658096 0.274775
vn -0.701005 0.658096 0.274775
vn -0.701005 0.658096 0.274775
vn -0.621012 -0.730658 -0.283696
vn -0.621012 -0.730658 -0.283696
vn -0.621012 -0.730658 -0.283696
vn 0.874877 0.183579 0.448205
vn 0.874877 0.183579 0.448205
vn 0.874877 0.183579 0.448205
vn -0.197137 -0.133000 0.971312
vn -0.197137 -0.133000 0.971312
vn -0.197137 -0.133000 0.971312
vn -0.874568 0.275807 0.398824
vn -0.874568 0.275807 0.398824
vn -0.874568 0.275807 0.398824
vn -0.894199 -0.385529 -0.227544
vn -0.894199 -0.385529 -0.227544
vn -0.894199 -0.385529 -0.227544
vn -0.393090 0.607185 0.690512
vn -0.393090 0.607185 0.690512
vn -0.393090 0.607185 0.690512
vn 0.472064 0.399120 -0.786040
vn 0.472064 0.399120 -0.786040
vn 0.472064 0.399120 -0.786040
vn 0.379524 0.890720 0.250157
vn 0.379524 0.890720 0.250157
vn 0.379524 0.890720 0.250157
vn -0.259761 0.964586 -0.045800
vn -0.259761 0.964586 -0.045800
vn -0.259761 0.964586 -0.045800
vn 0.150375 -0.464305 0.872816
vn 0.150375 -0.464305 0.872816
vn 0.150375 -0.464305 0.872816
vn -0.243193 0.053310 0.968512
vn -0.243193 0.053310 0.968512
vn -0.243193 0.053310 0.968512
vn -0.456689 0.533518 0.711895
vn -0.456689 0.533518 0.711895
vn -0.456689 0.533518 0.711895
vn 0.935217 -0.277620 -0.219763
vn 0.935217 -0.277620 -0.219763
vn 0.935217 -0.277620 -0.219763
vn -0.088097 -0.773172 -0.628047
vn -0.088097 -0.773172 -0.628047
vn -0.088097 -0.773172 -0.628047
vn -0.109707 -0.401371 0.909322
vn -0.109707 -0.401371 0.909322
vn -0.109707 -0.401371 0.909322
vn -0.475440 0.028929 -0.879273
vn -0.475440 0.028929 -0.879273
vn -0.475440 0.028929 -0.879273
vn 0.171212 0.446162 -0.878422
vn 0.171212 0.446162 -0.878422
vn 0.171212 0.446162 -0.878422
vn 0.800069 0.524845 0.290564
vn 0.800069 0.524845 0.290564
vn 0.800069 0.524845 0.290564
vn 0.492234 0.524887 -0.694406
vn 0.492234 0.524887 -0.694406
vn 0.492234 0.524887 -0.694406
vn -0.261722 0.581284 0.770461
vn -0.261722 0.581284 0.770461
vn -0.261722 0.581284 0.770461
vn -0.055313 -0.992506 -0.108957
vn -0.055313 -0.992506 -0.108957
vn -0.055313 -0.992506 -0.108957
vn 0.123557 -0.843908 0.522067
vn 0.123557 -0.843908 0.522067
vn 0.123557 -0.843908 0.522067
vn -0.136608 -0.570783 0.809657
vn -0.136608 -0.570783 0.809657
vn -0.136608 -0.570783 0.809657
vn 0.961333 0.269343 0.057387
vn 0.961333 0.269343 0.057387
vn 0.961333 0.269343 0.057387
vn 0.054336 -0.989185 -0.136237
vn 0.054336 -0.989185 -0.136237
vn 0.054336 -0.989185 -0.136237
vn -0.044323 -0.579408 -0.813832
vn -0.044323 -0.579408 -0.813832
vn -0.044323 -0.579408 -0.813832
vn -0.453828 0.066172 0.888629
vn -0.453828 0.066172 0.888629
vn -0.453828 0.066172 0.888629
vn -0.271006 -0.799960 0.535369
vn -0.271006 -0.799960 0.535369
vn -0.271006 -0.799960 0.535369
vn -0.206781 0.829399 -0.518980
vn -0.206781 0.829399 -0.518980
vn -0.206781 0.829399 -0.518980
vn -0.261060 -0.870163 0.417929
vn -0.261060 -0.870163 0.417929
vn -0.261060 -0.870163 0.417929
vn 0.810724 0.143944 0.567456
vn 0.810724 0.143944 0.567456
vn 0.810724 0.143944 0.567456
vn -0.199458 -0.979831 -0.012123
vn -0.199458 -0.979831 -0.012123
vn -0.199458 -0.979831 -0.012123
vn -0.718524 -0.431714 0.545295
vn -0.718524 -0.431714 0.545295
vn -0.718524 -0.431714 0.545295
vn 0.239542 0.928510 0.283704
vn 0.239542 0.928510 0.283704
vn 0.239542 0.928510 0.283704
vn 0.829179 0.554041 -0.074175
vn 0.829179 0.554041 -0.074175
vn 0.829179 0.554041 -0.074175
vn 0.014979 -0.982503 0.185644
vn 0.014979 -0.982503 0.185644
vn 0.014979 -0.982503 0.185644
vn -0.702033 -0.705469 0.097274
vn -0.702033 -0.705469 0.097274
vn -0.702033 -0.705469 0.097274
vn 0.422090 -0.046130 0.905379
vn 0.422090 -0.046130 0.905379
vn 0.422090 -0.046130 0.905379
vn 0.016821 -0.846837 -0.531586
vn 0.016821 -0.846837 -0.531586
vn 0.016821 -0.846837 -0.531586
vn -0.035469 -0.696406 0.716771
vn -0.035469 -0.696406 0.716771
vn -0.035469 -0.696406 0.716771
vn -0.247983 0.475562 0.844005
vn -0.247983 0.475562 0.844005
vn -0.247983 0.475562 0.844005
vn -0.855490 -0.443722 0.266923
vn -0.855490 -0.443722 0.266923
vn -0.855490 -0.443722 0.266923
vn -0.773344 0.514965 0.369798
vn -0.773344 0.514965 0.369798
vn -0.773344 0.514965 0.369798
vn 0.867717 -0.494717 0.048184
vn 0.867717 -0.494717 0.048184
vn 0.867717 -0.494717 0.048184
vn 0.079037 0.618858 -0.781516
vn 0.079037 0.618858 -0.781516
vn 0.079037 0.618858 -0.781516
vn 0.382630 -0.707341 -0.594359
vn 0.382630 -0.707341 -0.594359
vn 0.382630 -0.707341 -0.594359
vn 0.300439 0.643940 -0.703618
vn 0.300439 0.643940 -0.703618
vn 0.300439 0.643940 -0.703618
vn 0.069469 -0.614650 0.785735
vn 0.069469 -0.614650 0.785735
vn 0.069469 -0.614650 0.785735
vn 0.430697 0.078826 -0.899047
vn 0.430697 0.078826 -0.899047
vn 0.430697 0.078826 -0.899047
vn -0.391474 0.881358 -0.264492
vn -0.391474 0.881358 -0.264492
vn -0.391474 0.881358 -0.264492
vn -0.113281 -0.207076 -0.971744
vn -0.113281 -0.207076 -0.971744
vn -0.113281 -0.207076 -0.971744
vn 0.511823 0.648183 0.563823
vn 0.511823 0.648183 0.563823
vn 0.511823 0.648183 0.563823
vn -0.983234 0.032259 -0.179472
vn -0.983234 0.032259 -0.179472
vn -0.983234 0.032259 -0.179472
vn -0.575767 0.791337 0.205617
vn -0.575767 0.791337 0.205617
vn -0.575767 0.791337 0.205617
vn -0.109504 -0.769795 -0.628828
vn -0.109504 -0.769795 -0.628828
vn -0.109504 -0.769795 -0.628828
vn 0.476446 -0.443237 -0.759303
vn 0.476446 -0.443237 -0.759303
vn 0.476446 -0.443237 -0.759303
vn -0.953574 -0.024824 0.300134
vn -0.953574 -0.024824 0.300134
vn -0.953574 -0.024824 0.300134
vn -0.195410 0.520414 0.831255
vn -0.195410 0.520414 0.831255
vn -0.195410 0.520414 0.831255
vn -0.829788 -0.548444 0.103251
vn -0.829788 -0.548444 0.103251
vn -0.829788 -0.548444 0.103251
vn 0.192686 -0.980030 -0.049116
vn 0.192686 -0.980030 -0.049116
vn 0.192686 -0.980030 -0.049116
vn -0.329671 0.845472 0.420113
vn -0.329671 0.845472 0.420113
vn -0.329671 0.845472 0.420113
vn 0.766190 0.586567 -0.262474
vn 0.766190 0.586567 -0.262474
vn 0.766190 0.586567 -0.262474
vn 0.034585 0.999343 -0.010807
vn 0.034585 0.999343 -0.010807
vn 0.034585 0.999343 -0.010807
vn -0.695625 0.185262 -0.694106
vn -0.695625 0.185262 -0.694106
vn -0.695625 0.185262 -0.694106
vn -0.003141 0.999968 -0.007295
vn -0.003141 0.999968 -0.007295
vn -0.003141 0.999968 -0.007295
vn -0.062373 -0.998045 0.004037
vn -0.062373 -0.998045 0.004037
vn -0.062373 -0.998045 0.004037
vn 0.180086 -0.634858 0.751348
vn 0.180086 -0.634858 0.751348
vn 0.180086 -0.634858 0.751348
vn -0.004501 -0.735017 -0.678034
vn -0.004501 -0.735017 -0.678034
vn -0.004501 -0.735017 -0.678034
vn 0.478115 0.812935 0.332480
vn 0.478115 0.812935 0.332480
vn 0.478115 0.812935 0.332480
vn -0.407809 0.856562 -0.316218
vn -0.407809 0.856562 -0.316218
vn -0.407809 0.856562 -0.316218
vn -0.142694 -0.397699 -0.906352
vn -0.142694 -0.397699 -0.906352
vn -0.142694 -0.397699 -0.906352
vn -0.984077 -0.145863 -0.101567
vn -0.984077 -0.145863 -0.101567
vn -0.984077 -0.145863 -0.101567
vn -0.459820 -0.536782 0.707411
vn -0.459820 -0.536782 0.707411
vn -0.459820 -0.536782 0.707411
vn -0.221669 0.252362 -0.941900
vn -0.221669 0.252362 -0.941900
vn -0.221669 0.252362 -0.941900
vn -0.746826 0.261443 0.611473
vn -0.746826 0.261443 0.611473
vn -0.746826 0.261443 0.611473
vn 0.141398 0.444521 0.884538
vn 0.141398 0.444521 0.884538
vn 0.141398 0.444521 0.884538
vn -0.625285 -0.593452 0.506787
vn -0.625285 -0.593452 0.506787
vn -0.625285 -0.593452 0.506787
vn 0.422090 0.046130 0.905379
vn 0.422090 0.046130 0.905379
vn 0.422090 0.046130 0.905379
vn 0.923702 -0.296739 0.242322
vn 0.923702 -0.296739 0.242322
vn 0.923702 -0.296739 0.242322
vn -0.124991 -0.433928 0.892235
vn -0.124991 -0.433928 0.892235
vn -0.124991 -0.433928 0.892235
vn 0.105956 0.356677 -0.928200
vn 0.105956 0.356677 -0.928200
vn 0.105956 0.356677 -0.928200
vn -0.182650 0.657591 0.730899
vn -0.182650 0.657591 0.730899
vn -0.182650 0.657591 0.730899
vn 0.664512 -0.729116 -0.163749
vn 0.664512 -0.729116 -0.163749
vn 0.664512 -0.729116 -0.163749
vn 0.242997 -0.093641 0.965497
vn 0.242997 -0.093641 0.965497
vn 0.242997 -0.093641 0.965497
vn 0.192374 0.658118 -0.727924
vn 0.192374 0.658118 -0.727924
vn 0.192374 0.658118 -0.727924
vn 0.447256 0.633483 0.631396
vn 0.447256 0.633483 0.631396
vn 0.447256 0.633483 0.631396
vn -0.049747 0.998595 0.018250
vn -0.049747 0.998595 0.018250
vn -0.049747 0.998595 0.018250
vn -0.973182 -0.224206 0.051460
vn -0.973182 -0.224206 0.051460
vn -0.973182 -0.224206 0.051460
vn 0.747897 -0.347315 0.565705
vn 0.747897 -0.347315 0.565705
vn 0.747897 -0.347315 0.565705
vn 0.345486 0.796310 -0.496517
vn 0.345486 0.796310 -0.496517
vn 0.345486 0.796310 -0.496517
vn -0.443215 -0.860763 -0.250296
vn -0.443215 -0.860763 -0.250296
vn -0.443215 -0.860763 -0.250296
vn -0.629918 -0.736529 -0.246430
vn -0.629918 -0.736529 -0.246430
vn -0.629918 -0.736529 -0.246430
vn -0.733794 -0.624397 0.267722
vn -0.733794 -0.624397 0.267722
vn -0.733794 -0.624397 0.267722
vn -0.330711 0.587383 0.738655
vn -0.330711 0.587383 0.738655
vn -0.330711 0.587383 0.738655
vn 0.329409 0.885352 0.328089
vn 0.329409 0.885352 0.328089
vn 0.329409 0.885352 0.328089
vn -0.012188 0.240157 -0.970657
vn -0.012188 0.240157 -0.970657
vn -0.012188 0.240157 -0.970657
vn 0.636942 0.756932 0.146146
vn 0.636942 0.756932 0.146146
vn 0.636942 0.756932 0.146146
vn 0.116744 -0.946992 -0.299294
vn 0.116744 -0.946992 -0.299294
vn 0.116744 -0.946992 -0.299294
vn -0.907590 -0.281085 0.311884
vn -0.907590 -0.281085 0.311884
vn -0.907590 -0.281085 0.311884
vn -0.003732 -0.999973 -0.006268
vn -0.003732 -0.999973 -0.006268
vn -0.003732 -0.999973 -0.006268
vn 0.190883 -0.693019 -0.695189
vn 0.190883 -0.693019 -0.695189
vn 0.190883 -0.693019 -0.695189
vn 0.311928 0.137658 -0.940081
vn 0.311928 0.137658 -0.940081
vn 0.311928 0.137658 -0.940081
vn -0.267866 0.181941 0.946121
vn -0.267866 0.181941 0.946121
vn -0.267866 0.181941 0.946121
vn 0.883473 -0.307666 0.353294
vn 0.883473 -0.307666 0.353294
vn 0.883473 -0.307666 0.353294
vn -0.766799 0.066367 0.638447
vn -0.766799 0.066367 0.638447
vn -0.766799 0.066367 0.638447
vn -0.763247 -0.576834 -0.291059
vn -0.763247 -0.576834 -0.291059
vn -0.763247 -0.576834 -0.291059
vn 0.682400 -0.327470 0.653524
vn 0.682400 -0.327470 0.653524
vn 0.682400 -0.327470 0.653524
vn -0.834809 -0.342613 0.430941
vn -0.834809 -0.342613 0.430941
vn -0.834809 -0.342613 0.430941
vn -0.448910 -0.889520 0.085056
vn -0.448910 -0.889520 0.085056
vn -0.448910 -0.889520 0.085056
vn -0.259399 0.829354 0.494858
vn -0.259399 0.829354 0.494858
vn -0.259399 0.829354 0.494858
vn 0.291495 -0.887273 0.357460
vn 0.291495 -0.887273 0.357460
vn 0.291495 -0.887273 0.357460
vn -0.418608 -0.483413 0.768816
vn -0.418608 -0.483413 0.768816
vn -0.418608 -0.483413 0.768816
vn 0.666120 -0.149377 -0.730733
vn 0.666120 -0.149377 -0.730733
vn 0.666120 -0.149377 -0.730733
vn 0.000193 0.995732 -0.092288
vn 0.000193 0.995732 -0.092288
vn 0.000193 0.995732 -0.092288
vn -0.089985 0.458305 -0.884228
vn -0.089985 0.458305 -0.884228
vn -0.089985 0.458305 -0.884228
vn 0.609991 0.336046 -0.717624
vn 0.609991 0.336046 -0.717624
vn 0.609991 0.336046 -0.717624
vn 0.488859 0.048725 -0.871001
vn 0.488859 0.048725 -0.871001
vn 0.488859 0.048725 -0.871001
vn 0.678253 0.714131 0.173178
vn 0.678253 0.714131 0.173178
vn 0.678253 0.714131 0.173178
vn 0.107864 -0.852326 0.511767
vn 0.107864 -0.852326 0.511767
vn 0.107864 -0.852326 0.511767
vn -0.003211 -0.999974 -0.006527
vn -0.003211 -0.999974 -0.006527
vn -0.003211 -0.999974 -0.006527
vn -0.526643 -0.350499 -0.774466
vn -0.526643 -0.350499 -0.774466
vn -0.526643 -0.350499 -0.774466
vn 0.140999 0.986787 0.079815
vn 0.140999 0.986787 0.079815
vn 0.140999 0.986787 0.079815
vn -0.602007 -0.389138 -0.697251
vn -0.602007 -0.389138 -0.697251
vn -0.602007 -0.389138 -0.697251
vn -0.292112 0.009484 -0.956337
vn -0.292112 0.009484 -0.956337
vn -0.292112 0.009484 -0.956337
vn -0.062373 0.998045 0.004037
vn -0.062373 0.998045 0.004037
vn -0.062373 0.998045 0.004037
vn -0.937400 -0.346592 0.033987
vn -0.937400 -0.346592 0.033987
vn -0.937400 -0.346592 0.033987
vn 0.102804 0.977778 -0.182706
vn 0.102804 0.977778 -0.182706
vn 0.102804 0.977778 -0.182706
vn -0.003300 -0.999976 -0.006066
vn -0.003300 -0.999976 -0.006066
vn -0.003300 -0.999976 -0.006066
vn 0.381982 -0.373055 0.845529
vn 0.381982 -0.373055 0.845529
vn 0.381982 -0.373055 0.845529
vn -0.320618 0.820348 0.473533
vn -0.320618 0.820348 0.473533
vn -0.320618 0.820348 0.473533
vn -0.187643 0.395943 0.898899
vn -0.187643 0.395943 0.898899
vn -0.187643 0.395943 0.898899
vn -0.235749 -0.531271 -0.813741
vn -0.235749 -0.531271 -0.813741
vn -0.235749 -0.531271 -0.813741
vn -0.281283 0.356985 0.890754
vn -0.281283 0.356985 0.890754
vn -0.281283 0.356985 0.890754
vn 0.876895 0.475894 -0.067677
vn 0.876895 0.475894 -0.067677
vn 0.876895 0.475894 -0.067677
vn 0.935647 0.331331 0.121592
vn 0.935647 0.331331 0.121592
vn 0.935647 0.331331 0.121592
vn -0.903740 0.377797 0.201305
vn -0.903740 0.377797 0.201305
vn -0.903740 0.377797 0.201305
vn -0.692844 -0.344201 0.633635
vn -0.692844 -0.344201 0.633635
vn -0.692844 -0.344201 0.633635
vn -0.340620 -0.589504 0.732437
vn -0.340620 -0.589504 0.732437
vn -0.340620 -0.589504 0.732437
vn -0.232122 0.302213 0.924546
vn -0.232122 0.302213 0.924546
vn -0.232122 0.302213 0.924546
vn -0.336491 0.574163 0.746399
vn -0.336491 0.574163 0.746399
vn -0.336491 0.574163 0.746399
vn 0.855697 0.407740 0.318638
vn 0.855697 0.407740 0.318638
vn 0.855697 0.407740 0.318638
vn -0.076492 -0.997065 0.003330
vn -0.076492 -0.997065 0.003330
vn -0.076492 -0.997065 0.003330
vn -0.489509 -0.306801 0.816244
vn -0.489509 -0.306801 0.816244
vn -0.489509 -0.306801 0.816244
vn -0.319897 -0.864259 -0.388230
vn -0.319897 -0.864259 -0.388230
vn -0.319897 -0.864259 -0.388230
vn 0.583840 -0.783016 -0.214515
vn 0.583840 -0.783016 -0.214515
vn 0.583840 -0.783016 -0.214515
vn 0.663192 0.739072 -0.118105
vn 0.663192 0.739072 -0.118105
vn 0.663192 0.739072 -0.118105
vn 0.517965 -0.795282 -0.315023
vn 0.517965 -0.795282 -0.315023
vn 0.517965 -0.795282 -0.315023
vn 0.182432 -0.979795 0.081978
vn 0.182432 -0.979795 0.081978
vn 0.182432 -0.979795 0.081978
vn 0.892021 0.045918 0.449656
vn 0.892021 0.045918 0.449656
vn 0.892021 0.045918 0.449656
vn 0.297956 0.454336 0.839524
vn 0.297956 0.454336 0.839524
vn 0.297956 0.454336 0.839524
vn 0.522743 0.382660 -0.761782
vn 0.522743 0.382660 -0.761782
vn 0.522743 0.382660 -0.761782
vn -0.264676 -0.530008 0.805629
vn -0.264676 -0.530008 0.805629
vn -0.264676 -0.530008 0.805629
vn -0.410997 0.775114 -0.479875
vn -0.410997 0.775114 -0.479875
vn -0.410997 0.775114 -0.479875
vn -0.526588 -0.466200 0.710889
vn -0.526588 -0.466200 0.710889
vn -0.526588 -0.466200 0.710889
vn -0.538762 0.840025 -0.063989
vn -0.538762 0.840025 -0.063989
vn -0.538762 0.840025 -0.063989
vn -0.221943 -0.618098 0.754119
vn -0.221943 -0.618098 0.754119
vn -0.221943 -0.618098 0.754119
vn 0.393293 -0.387752 0.833648
vn 0.393293 -0.387752 0.833648
vn 0.393293 -0.387752 0.833648
vn 0.184214 -0.115616 -0.976063
vn 0.184214 -0.115616 -0.976063
vn 0.184214 -0.115616 -0.976063
vn 0.418768 0.110509 0.901344
vn 0.418768 0.110509 0.901344
vn 0.418768 0.110509 0.901344
vn -0.737563 -0.070642 -0.671573
vn -0.737563 -0.070642 -0.671573
vn -0.737563 -0.070642 -0.671573
vn -0.003551 0.999976 -0.005997
vn -0.003551 0.999976 -0.005997
vn -0.003551 0.999976 -0.005997
vn 0.842888 0.227036 -0.487847
vn 0.842888 0.227036 -0.487847
vn 0.842888 0.227036 -0.487847
vn -0.519989 -0.330884 -0.787481
vn -0.519989 -0.330884 -0.787481
vn -0.519989 -0.330884 -0.787481
vn -0.454847 -0.713664 -0.532726
vn -0.454847 -0.713664 -0.532726
vn -0.454847 -0.713664 -0.532726
vn -0.547046 0.690895 -0.472658
vn -0.547046 0.690895 -0.472658
vn -0.547046 0.690895 -0.472658
vn 0.055035 0.638774 -0.767424
vn 0.055035 0.638774 -0.767424
vn 0.055035 0.638774 -0.767424
vn -0.157942 0.819594 0.550744
vn -0.157942 0.819594 0.550744
vn -0.157942 0.819594 0.550744
vn 0.357059 0.914461 -0.190447
vn 0.357059 0.914461 -0.190447
vn 0.357059 0.914461 -0.190447
vn 0.158050 0.533289 0.831037
vn 0.158050 0.533289 0.831037
vn 0.158050 0.533289 0.831037
vn -0.249344 -0.162586 -0.954669
vn -0.249344 -0.162586 -0.954669
vn -0.249344 -0.162586 -0.954669
vn 0.898451 -0.348619 0.266928
vn 0.898451 -0.348619 0.266928
vn 0.898451 -0.348619 0.266928
vn 0.680209 0.066690 -0.729978
vn 0.680209 0.066690 -0.729978
vn 0.680209 0.066690 -0.729978
vn -0.788889 -0.351122 -0.504349
vn -0.788889 -0.351122 -0.504349
vn -0.788889 -0.351122 -0.504349
vn -0.657967 0.637914 0.400180
vn -0.657967 0.637914 0.400180
vn -0.657967 0.637914 0.400180
vn -0.571352 0.691116 0.442624
vn -0.571352 0.691116 0.442624
vn -0.571352 0.691116 0.442624
vn 0.379196 -0.815052 -0.438064
vn 0.379196 -0.815052 -0.438064
vn 0.379196 -0.815052 -0.438064
vn 0.875428 0.305411 -0.374633
vn 0.875428 0.305411 -0.374633
vn 0.875428 0.305411 -0.374633
vn -0.593749 -0.799061 -0.094679
vn -0.593749 -0.799061 -0.094679
vn -0.593749 -0.799061 -0.094679
vn 0.568532 -0.407529 0.714627
vn 0.568532 -0.407529 0.714627
vn 0.568532 -0.407529 0.714627
vn -0.993782 -0.000192 -0.111346
vn -0.993782 -0.000192 -0.111346
vn -0.993782 -0.000192 -0.111346
vn 0.990944 -0.002353 0.134257
vn 0.990944 -0.002353 0.134257
vn 0.990944 -0.002353 0.134257
vn -0.572457 -0.070149 0.816928
vn -0.572457 -0.070149 0.816928
vn -0.572457 -0.070149 0.816928
vn -0.174537 -0.155516 -0.972292
vn -0.174537 -0.155516 -0.972292
vn -0.174537 -0.155516 -0.972292
vn -0.006358 0.992508 0.122011
vn -0.006358 0.992508 0.122011
vn -0.006358 0.992508 0.122011
vn 0.118779 -0.888210 -0.443818
vn 0.118779 -0.888210 -0.443818
vn 0.118779 -0.888210 -0.443818
vn 0.950242 0.214012 -0.226361
vn 0.950242 0.214012 -0.226361
vn 0.950242 0.214012 -0.226361
vn 0.155035 0.719671 0.676785
vn 0.155035 0.719671 0.676785
vn 0.155035 0.719671 0.676785
vn 0.898792 0.391190 0.197845
vn 0.898792 0.391190 0.197845
vn 0.898792 0.391190 0.197845
vn -0.396885 -0.277738 0.874839
vn -0.396885 -0.277738 0.874839
vn -0.396885 -0.277738 0.874839
vn -0.075716 0.034994 -0.996515
vn -0.075716 0.034994 -0.996515
vn -0.075716 0.034994 -0.996515
vn 0.161232 0.173538 0.971539
vn 0.161232 0.173538 0.971539
vn 0.161232 0.173538 0.971539
vn -0.363609 -0.003684 -0.931544
vn -0.363609 -0.003684 -0.931544
vn -0.363609 -0.003684 -0.931544
vn -0.223557 -0.974206 0.030734
vn -0.223557 -0.974206 0.030734
vn -0.223557 -0.974206 0.030734
vn -0.056742 -0.248727 -0.966910
vn -0.056742 -0.248727 -0.966910
vn -0.056742 -0.248727 -0.966910
vn -0.411699 -0.398785 -0.819435
vn -0.411699 -0.398785 -0.819435
vn -0.411699 -0.398785 -0.819435
vn 0.996027 0.082235 -0.034157
vn 0.996027 0.082235 -0.034157
vn 0.996027 0.082235 -0.034157
vn -0.601587 0.767610 -0.221062
vn -0.601587 0.767610 -0.221062
vn -0.601587 0.767610 -0.221062
vn 0.935647 -0.331331 0.121592
vn 0.935647 -0.331331 0.121592
vn 0.935647 -0.331331 0.121592
vn 0.502369 0.047619 0.863341
vn 0.502369 0.047619 0.863341
vn 0.502369 0.047619 0.863341
vn 0.003518 -0.276822 0.960915
vn 0.003518 -0.276822 0.960915
vn 0.003518 -0.276822 0.960915
vn 0.227624 -0.574263 0.786390
vn 0.227624 -0.574263 0.786390
vn 0.227624 -0.574263 0.786390
vn 0.277815 0.347088 0.895739
vn 0.277815 0.347088 0.895739
vn 0.277815 0.347088 0.895739
vn 0.800069 -0.524845 0.290564
vn 0.800069 -0.524845 0.290564
vn 0.800069 -0.524845 0.290564
vn -0.031734 -0.616702 0.786557
vn -0.031734 -0.616702 0.786557
vn -0.031734 -0.616702 0.786557
vn -0.018010 -0.981897 0.188556
vn -0.018010 -0.981897 0.188556
vn -0.018010 -0.981897 0.188556
vn 0.856075 -0.503344 -0.117388
vn 0.856075 -0.503344 -0.117388
vn 0.856075 -0.503344 -0.117388
vn 0.979748 0.199850 -0.012395
vn 0.979748 0.199850 -0.012395
vn 0.979748 0.199850 -0.012395
vn -0.576466 0.002148 -0.817118
vn -0.576466 0.002148 -0.817118
vn -0.576466 0.002148 -0.817118
vn -0.028962 0.928942 0.369090
vn -0.028962 0.928942 0.369090
vn -0.028962 0.928942 0.369090
vn -0.138376 0.970399 0.197935
vn -0.138376 0.970399 0.197935
vn -0.138376 0.970399 0.197935
vn -0.141932 -0.596273 -0.790135
vn -0.141932 -0.596273 -0.790135
vn -0.141932 -0.596273 -0.790135
vn 0.040234 -0.974396 0.221212
vn 0.040234 -0.974396 0.221212
vn 0.040234 -0.974396 0.221212
vn 0.854500 0.517462 -0.045419
vn 0.854500 0.517462 -0.045419
vn 0.854500 0.517462 -0.045419
vn 0.112015 0.867420 -0.484805
vn 0.112015 0.867420 -0.484805
vn 0.112015 0.867420 -0.484805
vn 0.501287 0.822461 -0.268830
vn 0.501287 0.822461 -0.268830
vn 0.501287 0.822461 -0.268830
vn 0.099111 -0.894300 -0.436353
vn 0.099111 -0.894300 -0.436353
vn 0.099111 -0.894300 -0.436353
vn 0.086085 0.995114 -0.048346
vn 0.086085 0.995114 -0.048346
vn 0.086085 0.995114 -0.048346
vn 0.455692 0.646010 0.612385
vn 0.455692 0.646010 0.612385
vn 0.455692 0.646010 0.612385
vn -0.539983 0.265709 -0.798635
vn -0.539983 0.265709 -0.798635
vn -0.539983 0.265709 -0.798635
vn 0.510278 0.433697 -0.742646
vn 0.510278 0.433697 -0.742646
vn 0.510278 0.433697 -0.742646
vn -0.277745 0.229163 0.932921
vn -0.277745 0.229163 0.932921
vn -0.277745 0.229163 0.932921
vn -0.994188 -0.097461 0.045727
vn -0.994188 -0.097461 0.045727
vn -0.994188 -0.097461 0.045727
vn -0.390416 -0.227034 -0.892206
vn -0.390416 -0.227034 -0.892206
vn -0.390416 -0.227034 -0.892206
vn 0.301682 0.010295 0.953353
vn 0.301682 0.010295 0.953353
vn 0.301682 0.010295 0.953353
vn -0.375177 -0.179444 -0.909419
vn -0.375177 -0.179444 -0.909419
vn -0.375177 -0.179444 -0.909419
vn -0.250912 0.824083 -0.507869
vn -0.250912 0.824083 -0.507869
vn -0.250912 0.824083 -0.507869
vn 0.224558 0.785284 0.576977
vn 0.224558 0.785284 0.576977
vn 0.224558 0.785284 0.576977
vn -0.430284 0.447326 0.784063
vn -0.430284 0.447326 0.784063
vn -0.430284 0.447326 0.784063
vn 0.516722 -0.358489 -0.777486
vn 0.516722 -0.358489 -0.777486
vn 0.516722 -0.358489 -0.777486
vn -0.209326 -0.975276 0.070846
vn -0.209326 -0.975276 0.070846
vn -0.209326 -0.975276 0.070846
vn 0.190310 -0.729703 -0.656747
vn 0.190310 -0.729703 -0.656747
vn 0.190310 -0.729703 -0.656747
vn 0.137294 0.878091 -0.458374
vn 0.137294 0.878091 -0.458374
vn 0.137294 0.878091 -0.458374
vn 0.312269 0.169459 0.934758
vn 0.312269 0.169459 0.934758
vn 0.312269 0.169459 0.934758
vn 0.356004 0.240909 -0.902898
vn 0.356004 0.240909 -0.902898
vn 0.356004 0.240909 -0.902898
vn 0.904640 -0.408366 0.121917
vn 0.904640 -0.408366 0.121917
vn 0.904640 -0.408366 0.121917
vn 0.164527 0.804431 0.570807
vn 0.164527 0.804431 0.570807
vn 0.164527 0.804431 0.570807
vn 0.187560 0.980922 -0.051112
vn 0.187560 0.980922 -0.051112
vn 0.187560 0.980922 -0.051112
vn -0.224483 0.121543 0.966869
vn -0.224483 0.121543 0.966869
vn -0.224483 0.121543 0.966869
vn -0.845545 0.108080 -0.522850
vn -0.845545 0.108080 -0.522850
vn -0.845545 0.108080 -0.522850
vn -0.195948 -0.882061 0.428454
vn -0.195948 -0.882061 0.428454
vn -0.195948 -0.882061 0.428454
vn -0.052692 -0.054992 0.997095
vn -0.052692 -0.054992 0.997095
vn -0.052692 -0.054992 0.997095
vn -0.002432 -0.003760 -0.999990
vn -0.002432 -0.003760 -0.999990
vn -0.002432 -0.003760 -0.999990
vn 0.117013 0.069377 -0.990704
vn 0.117013 0.069377 -0.990704
vn 0.117013 0.069377 -0.990704
vn 0.412781 0.843432 0.343852
vn 0.412781 0.843432 0.343852
vn 0.412781 0.843432 0.343852
vn 0.777161 -0.520404 0.353837
vn 0.777161 -0.520404 0.353837
vn 0.777161 -0.520404 0.353837
vn -0.371710 0.810123 0.453357
vn -0.371710 0.810123 0.453357
vn -0.371710 0.810123 0.453357
vn 0.901522 0.344250 0.262201
vn 0.901522 0.344250 0.262201
vn 0.901522 0.344250 0.262201
vn -0.672057 -0.283234 0.684191
vn -0.672057 -0.283234 0.684191
vn -0.672057 -0.283234 0.684191
vn -0.751514 -0.308591 -0.583094
vn -0.751514 -0.308591 -0.583094
vn -0.751514 -0.308591 -0.583094
vn -0.243396 -0.067704 0.967561
vn -0.243396 -0.067704 0.967561
vn -0.243396 -0.067704 0.967561
vn -0.248940 -0.790869 -0.559066
vn -0.248940 -0.790869 -0.559066
vn -0.248940 -0.790869 -0.559066
vn 0.830114 0.136585 -0.540606
vn 0.830114 0.136585 -0.540606
vn 0.830114 0.136585 -0.540606
vn -0.251375 -0.944344 0.212190
vn -0.251375 -0.944344 0.212190
vn -0.251375 -0.944344 0.212190
vn 0.038523 0.822699 -0.567171
vn 0.038523 0.822699 -0.567171
vn 0.038523 0.822699 -0.567171
vn 0.072492 0.181167 -0.980777
vn 0.072492 0.181167 -0.980777
vn 0.072492 0.181167 -0.980777
vn -0.361010 -0.932256 0.023872
vn -0.361010 -0.932256 0.023872
vn -0.361010 -0.932256 0.023872
vn -0.051071 -0.644877 0.762578
vn -0.051071 -0.644877 0.762578
vn -0.051071 -0.644877 0.762578
vn 0.896470 0.298339 -0.327621
vn 0.896470 0.298339 -0.327621
vn 0.896470 0.298339 -0.327621
vn 0.249421 -0.378997 0.891151
vn 0.249421 -0.378997 0.891151
vn 0.249421 -0.378997 0.891151
vn 0.114072 -0.906615 0.406248
vn 0.114072 -0.906615 0.406248
vn 0.114072 -0.906615 0.406248
vn -0.207439 0.373864 -0.903988
vn -0.207439 0.373864 -0.903988
vn -0.207439 0.373864 -0.903988
vn -0.401180 0.687453 0.605362
vn -0.401180 0.687453 0.605362
vn -0.401180 0.687453 0.605362
vn 0.321534 -0.859300 -0.397768
vn 0.321534 -0.859300 -0.397768
vn 0.321534 -0.859300 -0.397768
vn 0.641446 -0.658440 -0.393705
vn 0.641446 -0.658440 -0.393705
vn 0.641446 -0.658440 -0.393705
vn 0.289289 -0.929415 -0.229127
vn 0.289289 -0.929415 -0.229127
vn 0.289289 -0.929415 -0.229127
vn -0.112414 -0.667783 0.735819
vn -0.112414 -0.667783 0.735819
vn -0.112414 -0.667783 0.735819
vn 0.437687 -0.080004 -0.895561
vn 0.437687 -0.080004 -0.895561
vn 0.437687 -0.080004 -0.895561
vn -0.986374 0.005337 0.164432
vn -0.986374 0.005337 0.164432
vn -0.986374 0.005337 0.164432
vn -0.905913 -0.144963 0.397880
vn -0.905913 -0.144963 0.397880
vn -0.905913 -0.144963 0.397880
vn -0.809617 -0.015107 -0.586764
vn -0.809617 -0.015107 -0.586764
vn -0.809617 -0.015107 -0.586764
vn 0.926428 -0.146159 0.346942
vn 0.926428 -0.146159 0.346942
vn 0.926428 -0.146159 0.346942
vn 0.250032 0.910866 -0.328341
vn 0.250032 0.910866 -0.328341
vn 0.250032 0.910866 -0.328341
vn -0.733839 0.392296 0.554603
vn -0.733839 0.392296 0.554603
vn -0.733839 0.392296 0.554603
vn -0.271006 0.799960 0.535369
vn -0.271006 0.799960 0.535369
vn -0.271006 0.799960 0.535369
vn 0.110402 0.987064 -0.116257
vn 0.110402 0.987064 -0.116257
vn 0.110402 0.987064 -0.116257
vn 0.000193 -0.995732 -0.092288
vn 0.000193 -0.995732 -0.092288
vn 0.000193 -0.995732 -0.092288
vn 0.345962 -0.912792 -0.217074
vn 0.345962 -0.912792 -0.217074
vn 0.345962 -0.912792 -0.217074
vn 0.199928 0.244769 -0.948745
vn 0.199928 0.244769 -0.948745
vn 0.199928 0.244769 -0.948745
vn 0.373568 0.919836 0.119784
vn 0.373568 0.919836 0.119784
vn 0.373568 0.919836 0.119784
vn -0.215612 0.711737 0.668537
vn -0.215612 0.711737 0.668537
vn -0.215612 0.711737 0.668537
vn -0.128487 0.955518 0.265475
vn -0.128487 0.955518 0.265475
vn -0.128487 0.955518 0.265475
vn -0.202936 0.958371 -0.200853
vn -0.202936 0.958371 -0.200853
vn -0.202936 0.958371 -0.200853
vn -0.260602 -0.015170 -0.965327
vn -0.260602 -0.015170 -0.965327
vn -0.260602 -0.015170 -0.965327
vn -0.304219 -0.754915 0.580993
vn -0.304219 -0.754915 0.580993
vn -0.304219 -0.754915 0.580993
vn 0.039518 0.862216 0.504996
vn 0.039518 0.862216 0.504996
vn 0.039518 0.862216 0.504996
vn -0.260317 0.818475 -0.512184
vn -0.260317 0.818475 -0.512184
vn -0.260317 0.818475 -0.512184
vn 0.933354 -0.335386 -0.127935
vn 0.933354 -0.335386 -0.127935
vn 0.933354 -0.335386 -0.127935
vn -0.171556 -0.052154 0.983793
vn -0.171556 -0.052154 0.983793
vn -0.171556 -0.052154 0.983793
vn -0.468584 -0.403843 -0.785709
vn -0.468584 -0.403843 -0.785709
vn -0.468584 -0.403843 -0.785709
vn 0.162728 -0.908598 -0.384668
vn 0.162728 -0.908598 -0.384668
vn 0.162728 -0.908598 -0.384668
vn -0.903740 -0.377797 0.201305
vn -0.903740 -0.377797 0.201305
vn -0.903740 -0.377797 0.201305
vn 0.369380 0.925794 0.080403
vn 0.369380 0.925794 0.080403
vn 0.369380 0.925794 0.080403
vn 0.154707 0.561664 -0.812773
vn 0.154707 0.561664 -0.812773
vn 0.154707 0.561664 -0.812773
vn 0.976619 0.134748 -0.167503
vn 0.976619 0.134748 -0.167503
vn 0.976619 0.134748 -0.167503
vn 0.000000 1.000000 0.000000
vn 0.000000 1.000000 0.000000
vn 0.000000 1.000000 0.000000
vn 0.369755 0.092800 -0.924483
vn 0.369755 0.092800 -0.924483
vn 0.369755 0.092800 -0.924483
vn -0.903917 0.423502 0.059831
vn -0.903917 0.423502 0.059831
vn -0.903917 0.423502 0.059831
vn -0.268849 0.853714 -0.445974
vn -0.268849 0.853714 -0.445974
vn -0.268849 0.853714 -0.445974
vn -0.789148 -0.068934 -0.610322
vn -0.789148 -0.068934 -0.610322
vn -0.789148 -0.068934 -0.610322
vn 0.335602 0.692806 0.638272
vn 0.335602 0.692806 0.638272
vn 0.335602 0.692806 0.638272
vn -0.415823 -0.763775 0.493699
vn -0.415823 -0.763775 0.493699
vn -0.415823 -0.763775 0.493699
vn 0.589462 -0.551156 0.590560
vn 0.589462 -0.551156 0.590560
vn 0.589462 -0.551156 0.590560
vn -0.110147 0.951942 -0.285787
vn -0.110147 0.951942 -0.285787
vn -0.110147 0.951942 -0.285787
vn 0.111320 -0.772705 -0.624928
vn 0.111320 -0.772705 -0.624928
vn 0.111320 -0.772705 -0.624928
vn 0.973113 0.206887 0.101234
vn 0.973113 0.206887 0.101234
vn 0.973113 0.206887 0.101234
vn 0.123557 0.843908 0.522067
vn 0.123557 0.843908 0.522067
vn 0.123557 0.843908 0.522067
vn -0.282940 -0.698585 0.657209
vn -0.282940 -0.698585 0.657209
vn -0.282940 -0.698585 0.657209
vn 0.940071 -0.190506 0.282795
vn 0.940071 -0.190506 0.282795
vn 0.940071 -0.190506 0.282795
vn 0.998274 -0.049744 -0.031217
vn 0.998274 -0.049744 -0.031217
vn 0.998274 -0.049744 -0.031217
vn -0.602238 0.565434 -0.563555
vn -0.602238 0.565434 -0.563555
vn -0.602238 0.565434 -0.563555
vn -0.336728 -0.883248 0.326323
vn -0.336728 -0.883248 0.326323
vn -0.336728 -0.883248 0.326323
vn -0.175850 0.304854 0.936024
vn -0.175850 0.304854 0.936024
vn -0.175850 0.304854 0.936024
vn -0.305800 0.714779 -0.628949
vn -0.305800 0.714779 -0.628949
vn -0.305800 0.714779 -0.628949
vn 0.539955 0.554164 0.633523
vn 0.539955 0.554164 0.633523
vn 0.539955 0.554164 0.633523
vn -0.158305 -0.673898 -0.721666
vn -0.158305 -0.673898 -0.721666
vn -0.158305 -0.673898 -0.721666
vn -0.816935 -0.564977 -0.115836
vn -0.816935 -0.564977 -0.115836
vn -0.816935 -0.564977 -0.115836
vn -0.163055 -0.958727 0.232930
vn -0.163055 -0.958727 0.232930
vn -0.163055 -0.958727 0.232930
vn 0.400700 0.915729 -0.029662
vn 0.400700 0.915729 -0.029662
vn 0.400700 0.915729 -0.029662
vn 0.539954 -0.554164 0.633523
vn 0.539954 -0.554164 0.633523
vn 0.539954 -0.554164 0.633523
vn 0.028117 0.691845 -0.721499
vn 0.028117 0.691845 -0.721499
vn 0.028117 0.691845 -0.721499
vn 0.373568 -0.919836 0.119784
vn 0.373568 -0.919836 0.119784
vn 0.373568 -0.919836 0.119784
vn -0.773344 -0.514965 0.369797
vn -0.773344 -0.514965 0.369797
vn -0.773344 -0.514965 0.369797
vn -0.889686 0.026246 0.455818
vn -0.889686 0.026246 0.455818
vn -0.889686 0.026246 0.455818
vn 0.264427 0.962343 0.063037
vn 0.264427 0.962343 0.063037
vn 0.264427 0.962343 0.063037
vn -0.873450 0.023216 -0.486359
vn -0.873450 0.023216 -0.486359
vn -0.873450 0.023216 -0.486359
vn 0.847255 0.301673 -0.437210
vn 0.847255 0.301673 -0.437210
vn 0.847255 0.301673 -0.437210
vn -0.002432 0.003760 -0.999990
vn -0.002432 0.003760 -0.999990
vn -0.002432 0.003760 -0.999990
vn -0.452336 -0.887107 0.091837
vn -0.452336 -0.887107 0.091837
vn -0.452336 -0.887107 0.091837
vn 0.417833 -0.906421 0.061774
vn 0.417833 -0.906421 0.061774
vn 0.417833 -0.906421 0.061774
vn -0.261465 0.965077 0.016231
vn -0.261465 0.965077 0.016231
vn -0.261465 0.965077 0.016231
vn -0.616506 0.278323 0.736516
vn -0.616506 0.278323 0.736516
vn -0.616506 0.278323 0.736516
vn 0.066250 -0.480511 0.874483
vn 0.066250 -0.480511 0.874483
vn 0.066250 -0.480511 0.874483
vn 0.563289 0.261798 -0.783688
vn 0.563289 0.261798 -0.783688
vn 0.563289 0.261798 -0.783688
vn -0.033474 0.923711 0.381624
vn -0.033474 0.923711 0.381624
vn -0.033474 0.923711 0.381624
vn 0.864700 -0.020973 0.501851
vn 0.864700 -0.020973 0.501851
vn 0.864700 -0.020973 0.501851
vn 0.265425 -0.764449 -0.587510
vn 0.265425 -0.764449 -0.587510
vn 0.265425 -0.764449 -0.587510
vn -0.963018 0.001445 -0.269434
vn -0.963018 0.001445 -0.269434
vn -0.963018 0.001445 -0.269434
vn 0.118302 0.327711 -0.937342
vn 0.118302 0.327711 -0.937342
vn 0.118302 0.327711 -0.937342
vn -0.413669 0.646614 -0.640912
vn -0.413669 0.646614 -0.640912
vn -0.413669 0.646614 -0.640912
vn 0.111163 0.864507 0.490175
vn 0.111163 0.864507 0.490175
vn 0.111163 0.864507 0.490175
vn 0.229254 0.278031 0.932814
vn 0.229254 0.278031 0.932814
vn 0.229254 0.278031 0.932814
vn 0.674735 0.672059 -0.305073
vn 0.674735 0.672059 -0.305073
vn 0.674735 0.672059 -0.305073
vn -0.140627 -0.645812 -0.750434
vn -0.140627 -0.645812 -0.750434
vn -0.140627 -0.645812 -0.750434
vn 0.598496 0.326695 0.731487
vn 0.598496 0.326695 0.731487
vn 0.598496 0.326695 0.731487
vn 0.296275 -0.357567 0.885645
vn 0.296275 -0.357567 0.885645
vn 0.296275 -0.357567 0.885645
vn 0.155099 -0.870803 -0.466525
vn 0.155099 -0.870803 -0.466525
vn 0.155099 -0.870803 -0.466525
vn -0.850833 0.284321 -0.441865
vn -0.850833 0.284321 -0.441865
vn -0.850833 0.284321 -0.441865
vn 0.470451 -0.675629 0.567628
vn 0.470451 -0.675629 0.567628
vn 0.470451 -0.675629 0.567628
vn -0.691158 0.202388 0.693787
vn -0.691158 0.202388 0.693787
vn -0.691158 0.202388 0.693787
vn 0.407651 0.004765 0.913126
vn 0.407651 0.004765 0.913126
vn 0.407651 0.004765 0.913126
vn -0.517220 -0.110653 -0.848669
vn -0.517220 -0.110653 -0.848669
vn -0.517220 -0.110653 -0.848669
vn 0.003324 -0.999993 0.001697
vn 0.003324 -0.999993 0.001697
vn 0.003324 -0.999993 0.001697
vn 0.545778 -0.267642 0.794037
vn 0.545778 -0.267642 0.794037
vn 0.545778 -0.267642 0.794037
vn 0.996027 -0.082235 -0.034157
vn 0.996027 -0.082235 -0.034157
vn 0.996027 -0.082235 -0.034157
vn 0.124572 0.631671 0.765162
vn 0.124572 0.631671 0.765162
vn 0.124572 0.631671 0.765162
vn -0.796304 0.313457 0.517343
vn -0.796304 0.313457 0.517343
vn -0.796304 0.313457 0.517343
vn -0.765077 0.240542 -0.597324
vn -0.765077 0.240542 -0.597324
vn -0.765077 0.240542 -0.597324
vn 0.134117 -0.984795 0.110412
vn 0.134117 -0.984795 0.110412
vn 0.134117 -0.984795 0.110412
vn -0.209911 0.964254 0.161717
vn -0.209911 0.964254 0.161717
vn -0.209911 0.964254 0.161717
vn 0.014977 -0.985411 -0.169534
vn 0.014977 -0.985411 -0.169534
vn 0.014977 -0.985411 -0.169534
vn -0.719744 0.306899 0.622721
vn -0.719744 0.306899 0.622721
vn -0.719744 0.306899 0.622721
vn 0.070383 0.763984 -0.641385
vn 0.070383 0.763984 -0.641385
vn 0.070383 0.763984 -0.641385
vn -0.927168 -0.363053 -0.092478
vn -0.927168 -0.363053 -0.092478
vn -0.927168 -0.363053 -0.092478
vn -0.319807 -0.811437 0.489177
vn -0.319807 -0.811437 0.489177
vn -0.319807 -0.811437 0.489177
vn 0.363049 -0.548354 -0.753328
vn 0.363049 -0.548354 -0.753328
vn 0.363049 -0.548354 -0.753328
vn 0.510335 -0.195706 0.837411
vn 0.510335 -0.195706 0.837411
vn 0.510335 -0.195706 0.837411
vn -0.466038 -0.717536 -0.517639
vn -0.466038 -0.717536 -0.517639
vn -0.466038 -0.717536 -0.517639
vn -0.559726 0.718482 -0.412905
vn -0.559726 0.718482 -0.412905
vn -0.559726 0.718482 -0.412905
vn -0.271477 -0.662924 -0.697733
vn -0.271477 -0.662924 -0.697733
vn -0.271477 -0.662924 -0.697733
vn -0.438195 0.826825 -0.352626
vn -0.438195 0.826825 -0.352626
vn -0.438195 0.826825 -0.352626
vn -0.993799 0.085311 0.071315
vn -0.993799 0.085311 0.071315
vn -0.993799 0.085311 0.071315
vn -0.370207 0.538247 -0.757124
vn -0.370207 0.538247 -0.757124
vn -0.370207 0.538247 -0.757124
vn -0.205874 -0.941250 0.267701
vn -0.205874 -0.941250 0.267701
vn -0.205874 -0.941250 0.267701
vn 0.058046 0.800147 -0.596989
vn 0.058046 0.800147 -0.596989
vn 0.058046 0.800147 -0.596989
vn 0.273660 0.664985 0.694913
vn 0.273660 0.664985 0.694913
vn 0.273660 0.664985 0.694913
vn 0.313394 0.806603 0.501175
vn 0.313394 0.806603 0.501175
vn 0.313394 0.806603 0.501175
vn 0.715321 -0.182355 0.674583
vn 0.715321 -0.182355 0.674583
vn 0.715321 -0.182355 0.674583
vn -0.000671 0.999984 -0.005585
vn -0.000671 0.999984 -0.005585
vn -0.000671 0.999984 -0.005585
vn -0.003389 -0.999976 -0.006062
vn -0.003389 -0.999976 -0.006062
vn -0.003389 -0.999976 -0.006062
vn -0.368283 0.666426 -0.648262
vn -0.368283 0.666426 -0.648262
vn -0.368283 0.666426 -0.648262
vn -0.292541 -0.005057 -0.956240
vn -0.292541 -0.005057 -0.956240
vn -0.292541 -0.005057 -0.956240
vn -0.058057 -0.978572 -0.197553
vn -0.058057 -0.978572 -0.197553
vn -0.058057 -0.978572 -0.197553
vn -0.984077 0.145863 -0.101567
vn -0.984077 0.145863 -0.101567
vn -0.984077 0.145863 -0.101567
vn -0.003129 0.999976 -0.006228
vn -0.003129 0.999976 -0.006228
vn -0.003129 0.999976 -0.006228
vn 0.162728 0.908598 -0.384668
vn 0.162728 0.908598 -0.384668
vn 0.162728 0.908598 -0.384668
vn -0.054761 -0.146090 0.987754
vn -0.054761 -0.146090 0.987754
vn -0.054761 -0.146090 0.987754
vn 0.032306 0.998047 -0.053461
vn 0.032306 0.998047 -0.053461
vn 0.032306 0.998047 -0.053461
vn -0.825118 -0.011512 -0.564843
vn -0.825118 -0.011512 -0.564843
vn -0.825118 -0.011512 -0.564843
vn 0.753057 0.012161 0.657843
vn 0.753057 0.012161 0.657843
vn 0.753057 0.012161 0.657843
vn -0.019533 0.694074 0.719639
vn -0.019533 0.694074 0.719639
vn -0.019533 0.694074 0.719639
vn -0.293343 0.067782 -0.953601
vn -0.293343 0.067782 -0.953601
vn -0.293343 0.067782 -0.953601
vn 0.512767 0.819442 0.256096
vn 0.512767 0.819442 0.256096
vn 0.512767 0.819442 0.256096
vn 0.050517 0.051796 -0.997379
vn 0.050517 0.051796 -0.997379
vn 0.050517 0.051796 -0.997379
vn -0.414764 -0.905944 -0.085067
vn -0.414764 -0.905944 -0.085067
vn -0.414764 -0.905944 -0.085067
vn -0.765930 0.066124 -0.639515
vn -0.765930 0.066124 -0.639515
vn -0.765930 0.066124 -0.639515
vn 0.169303 -0.985193 0.027023
vn 0.169303 -0.985193 0.027023
vn 0.169303 -0.985193 0.027023
vn 0.747705 -0.276940 0.603524
vn 0.747705 -0.276940 0.603524
vn 0.747705 -0.276940 0.603524
vn 0.936233 0.322743 0.138939
vn 0.936233 0.322743 0.138939
vn 0.936233 0.322743 0.138939
vn -0.022186 0.361235 -0.932211
vn -0.022186 0.361235 -0.932211
vn -0.022186 0.361235 -0.932211
vn 0.251251 0.521338 0.815524
vn 0.251251 0.521338 0.815524
vn 0.251251 0.521338 0.815524
vn 0.980816 -0.074635 -0.180082
vn 0.980816 -0.074635 -0.180082
vn 0.980816 -0.074635 -0.180082
vn 0.377020 -0.876586 0.299086
vn 0.377020 -0.876586 0.299086
vn 0.377020 -0.876586 0.299086
vn 0.014977 0.985411 -0.169534
vn 0.014977 0.985411 -0.169534
vn 0.014977 0.985411 -0.169534
vn -0.003464 0.999975 -0.006121
vn -0.003464 0.999975 -0.006121
vn -0.003464 0.999975 -0.006121
vn 0.294813 0.410020 0.863116
vn 0.294813 0.410020 0.863116
vn 0.294813 0.410020 0.863116
vn -0.315192 0.933327 0.171916
vn -0.315192 0.933327 0.171916
vn -0.315192 0.933327 0.171916
vn -0.842544 0.220012 0.491644
vn -0.842544 0.220012 0.491644
vn -0.842544 0.220012 0.491644
vn -0.003349 -0.999976 -0.006093
vn -0.003349 -0.999976 -0.006093
vn -0.003349 -0.999976 -0.006093
vn -0.928418 0.052025 -0.367877
vn -0.928418 0.052025 -0.367877
vn -0.928418 0.052025 -0.367877
vn 0.938622 0.319923 -0.128988
vn 0.938622 0.319923 -0.128988
vn 0.938622 0.319923 -0.128988
vn -0.695746 0.465154 -0.547329
vn -0.695746 0.465154 -0.547329
vn -0.695746 0.465154 -0.547329
vn 0.659466 -0.681256 0.317797
vn 0.659466 -0.681256 0.317797
vn 0.659466 -0.681256 0.317797
vn 0.034786 0.998982 0.028722
vn 0.034786 0.998982 0.028722
vn 0.034786 0.998982 0.028722
vn 0.379524 -0.890720 0.250157
vn 0.379524 -0.890720 0.250157
vn 0.379524 -0.890720 0.250157
vn -0.019533 -0.694074 0.719639
vn -0.019533 -0.694074 0.719639
vn -0.019533 -0.694074 0.719639
vn 0.436921 0.811618 0.387785
vn 0.436921 0.811618 0.387785
vn 0.436921 0.811618 0.387785
vn -0.954750 -0.193825 -0.225574
vn -0.954750 -0.193825 -0.225574
vn -0.954750 -0.193825 -0.225574
vn -0.922065 -0.282210 -0.264865
vn -0.922065 -0.282210 -0.264865
vn -0.922065 -0.282210 -0.264865
vn -0.013515 0.454517 -0.890635
vn -0.013515 0.454517 -0.890635
vn -0.013515 0.454517 -0.890635
vn 0.005446 0.235116 -0.971952
vn 0.005446 0.235116 -0.971952
vn 0.005446 0.235116 -0.971952
vn -0.731368 -0.558812 -0.390934
vn -0.731368 -0.558812 -0.390934
vn -0.731368 -0.558812 -0.390934
vn -0.546141 -0.490122 0.679345
vn -0.546141 -0.490122 0.679345
vn -0.546141 -0.490122 0.679345
vn -0.680634 0.694480 0.233314
vn -0.680634 0.694480 0.233314
vn -0.680634 0.694480 0.233314
vn -0.550032 0.687525 -0.474104
vn -0.550032 0.687525 -0.474104
vn -0.550032 0.687525 -0.474104
vn -0.673829 -0.659812 0.332569
vn -0.673829 -0.659812 0.332569
vn -0.673829 -0.659812 0.332569
vn -0.244221 -0.677754 0.693546
vn -0.244221 -0.677754 0.693546
vn -0.244221 -0.677754 0.693546
vn -0.146469 -0.181395 -0.972442
vn -0.146469 -0.181395 -0.972442
vn -0.146469 -0.181395 -0.972442
vn 0.154609 -0.159228 -0.975060
vn 0.154609 -0.159228 -0.975060
vn 0.154609 -0.159228 -0.975060
vn 0.840740 -0.531385 0.103859
vn 0.840740 -0.531385 0.103859
vn 0.840740 -0.531385 0.103859
vn 0.209194 0.933894 -0.289965
vn 0.209194 0.933894 -0.289965
vn 0.209194 0.933894 -0.289965
vn 0.064390 -0.745445 0.663450
vn 0.064390 -0.745445 0.663450
vn 0.064390 -0.745445 0.663450
vn 0.806389 -0.068062 -0.587456
vn 0.806389 -0.068062 -0.587456
vn 0.806389 -0.068062 -0.587456
vn 0.467059 0.626410 -0.624073
vn 0.467059 0.626410 -0.624073
vn 0.467059 0.626410 -0.624073
vn 0.304478 -0.155488 -0.939743
vn 0.160139 -0.061307 -0.985189
vn 0.160139 -0.061307 -0.985189
vn -0.204794 0.939514 0.274541
vn -0.204794 0.939514 0.274541
vn -0.204794 0.939514 0.274541
vn 0.016318 0.999770 0.013939
vn 0.016318 0.999770 0.013939
vn 0.016318 0.999770 0.013939
vn 0.289899 -0.181763 0.939639
vn 0.289899 -0.181763 0.939639
vn 0.289899 -0.181763 0.939639
vn 0.463214 -0.260845 -0.846990
vn 0.463214 -0.260845 -0.846990
vn 0.379197 0.815052 -0.438064
vn 0.379197 0.815052 -0.438064
vn 0.379197 0.815052 -0.438064
vn 0.019119 -0.219830 0.975351
vn 0.019119 -0.219830 0.975351
vn 0.019119 -0.219830 0.975351
vn -0.844120 0.330360 -0.422283
vn -0.844120 0.330360 -0.422283
vn -0.844120 0.330360 -0.422283
vn 0.232392 0.361860 -0.902802
vn 0.232392 0.361860 -0.902802
vn 0.232392 0.361860 -0.902802
vn -0.242882 -0.307712 -0.919958
vn -0.242882 -0.307712 -0.919958
vn -0.242882 -0.307712 -0.919958
vn 0.130163 -0.187905 -0.973524
vn 0.130163 -0.187905 -0.973524
vn 0.130163 -0.187905 -0.973524
vn 0.985170 0.077889 0.152886
vn 0.985170 0.077889 0.152886
vn 0.985170 0.077889 0.152886
vn 0.000000 1.000000 0.000000
vn 0.000000 1.000000 0.000000
vn 0.000000 1.000000 0.000000
vn -0.702094 -0.421496 -0.573938
vn -0.702094 -0.421496 -0.573938
vn -0.702094 -0.421496 -0.573938
vn -0.526477 -0.229914 -0.818512
vn -0.526477 -0.229914 -0.818512
vn -0.526477 -0.229914 -0.818512
vn 0.616311 -0.501532 -0.607146
vn 0.616311 -0.501532 -0.607146
vn 0.616311 -0.501532 -0.607146
vn -0.286656 0.674645 -0.680208
vn -0.286656 0.674645 -0.680208
vn -0.286656 0.674645 -0.680208
vn 0.403685 0.779703 0.478646
vn 0.403685 0.779703 0.478646
vn 0.403685 0.779703 0.478646
vn -0.671715 0.471496 0.571394
vn -0.671715 0.471496 0.571394
vn -0.671715 0.471496 0.571394
vn -0.003458 0.999975 -0.006106
vn -0.003458 0.999975 -0.006106
vn -0.003458 0.999975 -0.006106
vn -0.243754 0.969232 0.034248
vn -0.243754 0.969232 0.034248
vn -0.243754 0.969232 0.034248
vn -0.058313 0.885155 0.461628
vn -0.058313 0.885155 0.461628
vn -0.058313 0.885155 0.461628
vn -0.337602 0.932012 0.131830
vn -0.337602 0.932012 0.131830
vn -0.337602 0.932012 0.131830
vn -0.291312 0.447434 -0.845541
vn -0.291312 0.447434 -0.845541
vn -0.291312 0.447434 -0.845541
vn -0.461728 0.596861 -0.656174
vn -0.461728 0.596861 -0.656174
vn -0.461728 0.596861 -0.656174
vn 0.777161 0.520404 0.353837
vn 0.777161 0.520404 0.353837
vn 0.777161 0.520404 0.353837
vn -0.850833 -0.284321 -0.441864
vn -0.850833 -0.284321 -0.441864
vn -0.850833 -0.284321 -0.441864
vn -0.318365 -0.133764 -0.938483
vn -0.318365 -0.133764 -0.938483
vn -0.318365 -0.133764 -0.938483
vn -0.484049 -0.726384 0.487917
vn -0.484049 -0.726384 0.487917
vn -0.484049 -0.726384 0.487917
vn -0.304735 0.822912 -0.479534
vn -0.304735 0.822912 -0.479534
vn -0.304735 0.822912 -0.479534
vn 0.280578 0.953489 -0.110159
vn 0.280578 0.953489 -0.110159
vn 0.280578 0.953489 -0.110159
vn -0.266263 -0.797306 -0.541671
vn -0.266263 -0.797306 -0.541671
vn -0.266263 -0.797306 -0.541671
vn 0.796475 0.422516 -0.432561
vn 0.796475 0.422516 -0.432561
vn 0.796475 0.422516 -0.432561
vn 0.309943 0.517709 0.797441
vn 0.309943 0.517709 0.797441
vn 0.309943 0.517709 0.797441
vn 0.282438 -0.333200 0.899559
vn 0.282438 -0.333200 0.899559
vn 0.282438 -0.333200 0.899559
vn -0.416041 0.048462 -0.908054
vn -0.416041 0.048462 -0.908054
vn -0.416041 0.048462 -0.908054
vn -0.190342 -0.727747 0.658904
vn -0.190342 -0.727747 0.658904
vn -0.190342 -0.727747 0.658904
vn -0.857856 0.332540 -0.391790
vn -0.857856 0.332540 -0.391790
vn -0.857856 0.332540 -0.391790
vn 0.726407 -0.540331 -0.424706
vn 0.726407 -0.540331 -0.424706
vn 0.726407 -0.540331 -0.424706
vn -0.220859 -0.262291 0.939375
vn -0.220859 -0.262291 0.939375
vn -0.220859 -0.262291 0.939375
vn -0.095841 0.202494 -0.974582
vn -0.095841 0.202494 -0.974582
vn -0.095841 0.202494 -0.974582
vn 0.247936 0.932834 0.261435
vn 0.247936 0.932834 0.261435
vn 0.247936 0.932834 0.261435
vn 0.275206 -0.758201 -0.591094
vn 0.275206 -0.758201 -0.591094
vn 0.275206 -0.758201 -0.591094
vn 0.674735 -0.672059 -0.305073
vn 0.674735 -0.672059 -0.305073
vn 0.674735 -0.672059 -0.305073
vn -0.107857 0.967752 0.227647
vn -0.107857 0.967752 0.227647
vn -0.107857 0.967752 0.227647
vn 0.733462 0.447418 0.511713
vn 0.733462 0.447418 0.511713
vn 0.733462 0.447418 0.511713
vn 0.321534 0.859300 -0.397768
vn 0.321534 0.859300 -0.397768
vn 0.321534 0.859300 -0.397768
vn 0.084572 0.523392 -0.847885
vn 0.084572 0.523392 -0.847885
vn 0.084572 0.523392 -0.847885
vn -0.839137 -0.342189 0.422795
vn -0.839137 -0.342189 0.422795
vn -0.839137 -0.342189 0.422795
vn -0.058057 0.978572 -0.197553
vn -0.058057 0.978572 -0.197553
vn -0.058057 0.978572 -0.197553
vn 0.176932 -0.979863 0.092539
vn 0.176932 -0.979863 0.092539
vn 0.176932 -0.979863 0.092539
vn -0.715788 -0.378983 -0.586532
vn -0.715788 -0.378983 -0.586532
vn -0.715788 -0.378983 -0.586532
vn -0.600695 0.207413 0.772105
vn -0.600695 0.207413 0.772105
vn -0.600695 0.207413 0.772105
vn 0.522743 -0.382660 -0.761781
vn 0.522743 -0.382660 -0.761781
vn 0.522743 -0.382660 -0.761781
vn -0.296511 -0.571106 0.765454
vn -0.296511 -0.571106 0.765454
vn -0.296511 -0.571106 0.765454
vn 0.846268 -0.119901 0.519089
vn 0.846268 -0.119901 0.519089
vn 0.846268 -0.119901 0.519089
vn 0.417833 0.906421 0.061774
vn 0.417833 0.906421 0.061774
vn 0.417833 0.906421 0.061774
vn -0.003373 -0.999975 -0.006201
vn -0.003373 -0.999975 -0.006201
vn -0.003373 -0.999975 -0.006201
vn 0.190883 0.693020 -0.695189
vn 0.190883 0.693020 -0.695189
vn 0.190883 0.693020 -0.695189
vn 0.242997 0.093641 0.965497
vn 0.242997 0.093641 0.965497
vn 0.242997 0.093641 0.965497
vn -0.277745 -0.229163 0.932921
vn -0.277745 -0.229163 0.932921
vn -0.277745 -0.229163 0.932921
vn -0.729404 0.445820 0.518859
vn -0.729404 0.445820 0.518859
vn -0.729404 0.445820 0.518859
vn 0.019996 -0.315834 -0.948604
vn 0.019996 -0.315834 -0.948604
vn 0.019996 -0.315834 -0.948604
vn -0.220347 -0.256714 0.941034
vn -0.220347 -0.256714 0.941034
vn -0.220347 -0.256714 0.941034
vn 0.275961 0.630209 -0.725729
vn 0.275961 0.630209 -0.725729
vn 0.275961 0.630209 -0.725729
vn -0.738009 -0.430505 0.519623
vn -0.738009 -0.430505 0.519623
vn -0.738009 -0.430505 0.519623
vn 0.854769 0.484640 -0.185726
vn 0.854769 0.484640 -0.185726
vn 0.854769 0.484640 -0.185726
vn 0.549624 -0.233910 0.801997
vn 0.549624 -0.233910 0.801997
vn 0.549624 -0.233910 0.801997
vn -0.531848 -0.201997 -0.822396
vn -0.531848 -0.201997 -0.822396
vn -0.531848 -0.201997 -0.822396
vn 0.467059 -0.626410 -0.624072
vn 0.467059 -0.626410 -0.624072
vn 0.467059 -0.626410 -0.624072
vn 0.096277 0.923791 -0.370594
vn 0.096277 0.923791 -0.370594
vn 0.096277 0.923791 -0.370594
vn -0.003276 -0.999974 -0.006445
vn -0.003276 -0.999974 -0.006445
vn -0.003276 -0.999974 -0.006445
vn 0.661476 -0.413310 -0.625799
vn 0.661476 -0.413310 -0.625799
vn 0.661476 -0.413310 -0.625799
vn -0.278924 -0.528337 -0.801911
vn -0.278924 -0.528337 -0.801911
vn -0.278924 -0.528337 -0.801911
vn -0.033468 0.934034 0.355613
vn -0.033468 0.934034 0.355613
vn -0.033468 0.934034 0.355613
vn 0.236242 0.858948 0.454310
vn 0.236242 0.858948 0.454310
vn 0.236242 0.858948 0.454310
vn -0.543983 -0.555013 -0.629320
vn -0.543983 -0.555013 -0.629320
vn -0.543983 -0.555013 -0.629320
vn -0.970274 0.129966 -0.204149
vn -0.970274 0.129966 -0.204149
vn -0.970274 0.129966 -0.204149
vn -0.217788 -0.771134 -0.598265
vn -0.217788 -0.771134 -0.598265
vn -0.217788 -0.771134 -0.598265
vn -0.170120 0.109632 -0.979306
vn -0.170120 0.109632 -0.979306
vn -0.170120 0.109632 -0.979306
vn -0.404578 -0.225448 -0.886279
vn -0.404578 -0.225448 -0.886279
vn -0.404578 -0.225448 -0.886279
vn 0.794404 -0.033767 0.606450
vn 0.794404 -0.033767 0.606450
vn 0.794404 -0.033767 0.606450
vn -0.548146 0.796158 0.256259
vn -0.548146 0.796158 0.256259
vn -0.548146 0.796158 0.256259
vn 0.041592 0.738875 -0.672558
vn 0.041592 0.738875 -0.672558
vn 0.041592 0.738875 -0.672558
vn -0.366379 -0.107748 0.924206
vn -0.366379 -0.107748 0.924206
vn -0.366379 -0.107748 0.924206
vn -0.994188 0.097461 0.045727
vn -0.994188 0.097461 0.045727
vn -0.994188 0.097461 0.045727
vn -0.355718 0.276022 -0.892903
vn -0.355718 0.276022 -0.892903
vn -0.355718 0.276022 -0.892903
vn -0.012188 -0.240157 -0.970657
vn -0.012188 -0.240157 -0.970657
vn -0.012188 -0.240157 -0.970657
vn -0.327970 0.763289 -0.556620
vn -0.327970 0.763289 -0.556620
vn -0.327970 0.763289 -0.556620
vn 0.210316 0.635361 -0.743023
vn 0.210316 0.635361 -0.743023
vn 0.210316 0.635361 -0.743023
vn 0.067907 -0.997197 0.031409
vn 0.067907 -0.997197 0.031409
vn 0.067907 -0.997197 0.031409
vn -0.171556 0.052154 0.983793
vn -0.171556 0.052154 0.983793
vn -0.171556 0.052154 0.983793
vn -0.586604 0.367851 0.721513
vn -0.586604 0.367851 0.721513
vn -0.586604 0.367851 0.721513
vn -0.500241 -0.684991 -0.529667
vn -0.500241 -0.684991 -0.529667
vn -0.500241 -0.684991 -0.529667
vn -0.884646 0.408973 -0.223927
vn -0.884646 0.408973 -0.223927
vn -0.884646 0.408973 -0.223927
vn 0.350477 0.148864 0.924665
vn 0.350477 0.148864 0.924665
vn 0.350477 0.148864 0.924665
vn -0.731849 0.252978 -0.632771
vn -0.731849 0.252978 -0.632771
vn -0.731849 0.252978 -0.632771
vn -0.582876 -0.730984 0.354849
vn -0.582876 -0.730984 0.354849
vn -0.582876 -0.730984 0.354849
vn 0.640995 -0.109462 0.759700
vn 0.640995 -0.109462 0.759700
vn 0.640995 -0.109462 0.759700
vn 0.527060 -0.696891 -0.486364
vn 0.527060 -0.696891 -0.486364
vn 0.527060 -0.696891 -0.486364
vn -0.740538 -0.035320 0.671085
vn -0.740538 -0.035320 0.671085
vn -0.740538 -0.035320 0.671085
vn 0.102368 0.610820 0.785124
vn 0.102368 0.610820 0.785124
vn 0.102368 0.610820 0.785124
vn 0.944391 -0.322668 0.063325
vn 0.944391 -0.322668 0.063325
vn 0.944391 -0.322668 0.063325
vn -0.244207 0.969208 0.031611
vn -0.244207 0.969208 0.031611
vn -0.244207 0.969208 0.031611
vn -0.407884 0.904504 -0.124510
vn -0.407884 0.904504 -0.124510
vn -0.407884 0.904504 -0.124510
vn 0.682743 -0.099043 0.723915
vn 0.682743 -0.099043 0.723915
vn 0.682743 -0.099043 0.723915
vn -0.380326 0.693337 -0.612075
vn -0.380326 0.693337 -0.612075
vn -0.380326 0.693337 -0.612075
vn 0.910250 0.325849 0.255474
vn 0.910250 0.325849 0.255474
vn 0.910250 0.325849 0.255474
vn -0.003439 -0.999976 -0.006005
vn -0.003439 -0.999976 -0.006005
vn -0.003439 -0.999976 -0.006005
vn 0.971926 -0.218534 0.087198
vn 0.971926 -0.218534 0.087198
vn 0.971926 -0.218534 0.087198
vn -0.671715 -0.471496 0.571394
vn -0.671715 -0.471496 0.571394
vn -0.671715 -0.471496 0.571394
vn -0.152782 0.483077 0.862145
vn -0.152782 0.483077 0.862145
vn -0.152782 0.483077 0.862145
vn 0.299288 0.921350 -0.248073
vn 0.299288 0.921350 -0.248073
vn 0.299288 0.921350 -0.248073
vn 0.434396 0.893093 0.116979
vn 0.434396 0.893093 0.116979
vn 0.434396 0.893093 0.116979
vn -0.251375 0.944344 0.212190
vn -0.251375 0.944344 0.212190
vn -0.251375 0.944344 0.212190
vn -0.939852 0.280037 -0.195595
vn -0.939852 0.280037 -0.195595
vn -0.939852 0.280037 -0.195595
vn 0.649321 0.384832 -0.655962
vn 0.649321 0.384832 -0.655962
vn 0.649321 0.384832 -0.655962
vn 0.546069 -0.722201 -0.424540
vn 0.546069 -0.722201 -0.424540
vn 0.546069 -0.722201 -0.424540
vn 0.764251 -0.574437 0.293160
vn 0.764251 -0.574437 0.293160
vn 0.764251 -0.574437 0.293160
vn -0.674867 -0.175985 0.716648
vn -0.674867 -0.175985 0.716648
vn -0.674867 -0.175985 0.716648
vn -0.244207 -0.969208 0.031612
vn -0.244207 -0.969208 0.031612
vn -0.244207 -0.969208 0.031612
vn -0.205871 0.941252 0.267697
vn -0.205871 0.941252 0.267697
vn -0.205871 0.941252 0.267697
vn -0.509504 -0.552712 0.659481
vn -0.509504 -0.552712 0.659481
vn -0.509504 -0.552712 0.659481
vn -0.171018 0.964800 0.199784
vn -0.171018 0.964800 0.199784
vn -0.171018 0.964800 0.199784
vn 0.748594 0.563648 0.349154
vn 0.748594 0.563648 0.349154
vn 0.748594 0.563648 0.349154
vn 0.347417 -0.287162 -0.892659
vn 0.347417 -0.287162 -0.892659
vn 0.347417 -0.287162 -0.892659
vn 0.879600 0.401359 -0.255373
vn 0.879600 0.401359 -0.255373
vn 0.879600 0.401359 -0.255373
vn -0.385220 0.889427 0.246021
vn -0.385220 0.889427 0.246021
vn -0.385220 0.889427 0.246021
vn -0.292067 -0.166462 0.941800
vn -0.292067 -0.166462 0.941800
vn -0.292067 -0.166462 0.941800
vn 0.128536 -0.986484 0.101624
vn 0.128536 -0.986484 0.101624
vn 0.128536 -0.986484 0.101624
vn 0.470451 0.675629 0.567628
vn 0.470451 0.675629 0.567628
vn 0.470451 0.675629 0.567628
vn -0.362688 -0.225991 0.904094
vn -0.362688 -0.225991 0.904094
vn -0.362688 -0.225991 0.904094
vn -0.438195 -0.826825 -0.352626
vn -0.438195 -0.826825 -0.352626
vn -0.438195 -0.826825 -0.352626
vn 0.044583 0.505661 -0.861580
vn 0.044583 0.505661 -0.861580
vn 0.044583 0.505661 -0.861580
vn 0.230723 0.963307 -0.137135
vn 0.230723 0.963307 -0.137135
vn 0.230723 0.963307 -0.137135
vn 0.304963 -0.226887 0.924943
vn 0.304963 -0.226887 0.924943
vn 0.304963 -0.226887 0.924943
vn 0.902922 -0.393938 -0.171888
vn 0.902922 -0.393938 -0.171888
vn 0.902922 -0.393938 -0.171888
vn 0.842474 0.196986 -0.501432
vn 0.842474 0.196986 -0.501432
vn 0.842474 0.196986 -0.501432
vn -0.551197 0.821750 -0.144600
vn -0.551197 0.821750 -0.144600
vn -0.551197 0.821750 -0.144600
vn -0.008312 -0.993537 0.113205
vn -0.008312 -0.993537 0.113205
vn -0.008312 -0.993537 0.113205
vn 0.344957 0.908332 0.236513
vn 0.344957 0.908332 0.236513
vn 0.344957 0.908332 0.236513
vn 0.369755 -0.092800 -0.924483
vn 0.369755 -0.092800 -0.924483
vn 0.369755 -0.092800 -0.924483
vn 0.446373 0.271103 -0.852792
vn 0.446373 0.271103 -0.852792
vn 0.446373 0.271103 -0.852792
vn 0.339530 -0.691833 -0.637249
vn 0.339530 -0.691833 -0.637249
vn 0.339530 -0.691833 -0.637249
vn -0.077137 -0.990270 0.115825
vn -0.077137 -0.990270 0.115825
vn -0.077137 -0.990270 0.115825
vn -0.599445 -0.102433 -0.793835
vn -0.599445 -0.102433 -0.793835
vn -0.599445 -0.102433 -0.793835
vn 0.696036 0.294804 0.654694
vn 0.696036 0.294804 0.654694
vn 0.696036 0.294804 0.654694
vn -0.638676 -0.691160 0.338217
vn -0.638676 -0.691160 0.338217
vn -0.638676 -0.691160 0.338217
vn -0.296511 0.571106 0.765454
vn -0.296511 0.571106 0.765454
vn -0.296511 0.571106 0.765454
vn 0.573347 0.748069 0.334165
vn 0.573347 0.748069 0.334165
vn 0.573347 0.748069 0.334165
vn -0.094102 -0.946262 0.309408
vn -0.094102 -0.946262 0.309408
vn -0.094102 -0.946262 0.309408
vn -0.984051 -0.031046 0.175157
vn -0.984051 -0.031046 0.175157
vn -0.984051 -0.031046 0.175157
vn 0.586743 0.804979 0.087980
vn 0.586743 0.804979 0.087980
vn 0.586743 0.804979 0.087980
vn -0.391784 0.258640 0.882956
vn -0.391784 0.258640 0.882956
vn -0.391784 0.258640 0.882956
vn -0.686647 -0.683394 0.247969
vn -0.686647 -0.683394 0.247969
vn -0.686647 -0.683394 0.247969
vn -0.278379 0.829881 0.483531
vn -0.278379 0.829881 0.483531
vn -0.278379 0.829881 0.483531
vn 0.753006 0.649850 0.103334
vn 0.753006 0.649850 0.103334
vn 0.753006 0.649850 0.103334
vn 0.263936 0.072307 -0.961826
vn 0.263936 0.072307 -0.961826
vn 0.263936 0.072307 -0.961826
vn -0.095336 0.185091 0.978086
vn -0.095336 0.185091 0.978086
vn -0.095336 0.185091 0.978086
vn -0.335861 0.693364 0.637530
vn -0.335861 0.693364 0.637530
vn -0.335861 0.693364 0.637530
vn 0.247631 0.955850 -0.158205
vn 0.247631 0.955850 -0.158205
vn 0.247631 0.955850 -0.158205
vn 0.188218 0.370243 -0.909667
vn 0.188218 0.370243 -0.909667
vn 0.188218 0.370243 -0.909667
vn 0.583840 0.783016 -0.214515
vn 0.583840 0.783016 -0.214515
vn 0.583840 0.783016 -0.214515
vn -0.003342 0.999975 -0.006252
vn -0.003342 0.999975 -0.006252
vn -0.003342 0.999975 -0.006252
vn 0.443683 -0.789041 -0.424923
vn 0.443683 -0.789041 -0.424923
vn 0.443683 -0.789041 -0.424923
vn 0.046985 0.992918 0.109119
vn 0.046985 0.992918 0.109119
vn 0.046985 0.992918 0.109119
vn -0.300799 0.560793 -0.771383
vn -0.300799 0.560793 -0.771383
vn -0.300799 0.560793 -0.771383
vn -0.706971 -0.042820 -0.705945
vn -0.706971 -0.042820 -0.705945
vn -0.706971 -0.042820 -0.705945
vn 0.765951 -0.635875 0.094774
vn 0.765951 -0.635875 0.094774
vn 0.765951 -0.635875 0.094774
vn -0.387009 0.687969 0.613940
vn -0.387009 0.687969 0.613940
vn -0.387009 0.687969 0.613940
vn -0.601283 0.777402 -0.184674
vn -0.601283 0.777402 -0.184674
vn -0.601283 0.777402 -0.184674
vn -0.046647 -0.623046 0.780793
vn -0.046647 -0.623046 0.780793
vn -0.046647 -0.623046 0.780793
vn 0.756598 -0.020496 -0.653560
vn 0.756598 -0.020496 -0.653560
vn 0.756598 -0.020496 -0.653560
vn -0.737093 0.097348 -0.668742
vn -0.737093 0.097348 -0.668742
vn -0.737093 0.097348 -0.668742
vn -0.702094 0.421496 -0.573938
vn -0.702094 0.421496 -0.573938
vn -0.702094 0.421496 -0.573938
vn 0.990944 0.002353 0.134257
vn 0.990944 0.002353 0.134257
vn 0.990944 0.002353 0.134257
vn -0.821175 0.445952 -0.356088
vn -0.821175 0.445952 -0.356088
vn -0.821175 0.445952 -0.356088
vn -0.042503 0.302268 -0.952275
vn -0.042503 0.302268 -0.952275
vn -0.042503 0.302268 -0.952275
vn -0.310165 -0.188174 -0.931873
vn -0.310165 -0.188174 -0.931873
vn -0.310165 -0.188174 -0.931873
vn -0.539962 -0.265727 -0.798643
vn -0.539962 -0.265727 -0.798643
vn -0.539962 -0.265727 -0.798643
vn 0.043808 -0.939369 0.340099
vn 0.043808 -0.939369 0.340099
vn 0.043808 -0.939369 0.340099
vn -0.641955 0.454390 -0.617595
vn -0.641955 0.454390 -0.617595
vn -0.641955 0.454390 -0.617595
vn 0.759150 -0.192313 -0.621858
vn 0.759150 -0.192313 -0.621858
vn 0.759150 -0.192313 -0.621858
vn -0.632541 0.763910 -0.127800
vn -0.632541 0.763910 -0.127800
vn -0.632541 0.763910 -0.127800
vn 0.952573 0.121594 -0.278962
vn 0.952573 0.121594 -0.278962
vn 0.952573 0.121594 -0.278962
vn -0.210458 0.170396 0.962639
vn -0.210458 0.170396 0.962639
vn -0.210458 0.170396 0.962639
vn -0.138376 -0.970399 0.197935
vn -0.138376 -0.970399 0.197935
vn -0.138376 -0.970399 0.197935
vn 0.384717 0.757351 0.527648
vn 0.384717 0.757351 0.527648
vn 0.384717 0.757351 0.527648
vn -0.080089 0.996631 0.017685
vn -0.080089 0.996631 0.017685
vn -0.080089 0.996631 0.017685
vn -0.866558 0.333203 0.371554
vn -0.866558 0.333203 0.371554
vn -0.866558 0.333203 0.371554
vn 0.713466 -0.561864 0.418659
vn 0.713466 -0.561864 0.418659
vn 0.713466 -0.561864 0.418659
vn -0.003637 -0.999976 -0.005944
vn -0.003637 -0.999976 -0.005944
vn -0.003637 -0.999976 -0.005944
vn -0.223556 0.974206 0.030734
vn -0.223556 0.974206 0.030734
vn -0.223556 0.974206 0.030734
vn 0.982988 0.121182 0.138023
vn 0.982988 0.121182 0.138023
vn 0.982988 0.121182 0.138023
vn -0.599627 0.765471 -0.233457
vn -0.599627 0.765471 -0.233457
vn -0.599627 0.765471 -0.233457
vn 0.970884 -0.222819 0.087958
vn 0.970884 -0.222819 0.087958
vn 0.970884 -0.222819 0.087958
vn -0.311952 0.942708 0.118274
vn -0.311952 0.942708 0.118274
vn -0.311952 0.942708 0.118274
vn 0.531849 -0.727600 0.433283
vn 0.531849 -0.727600 0.433283
vn 0.531849 -0.727600 0.433283
vn 0.055129 -0.998108 -0.027237
vn 0.055129 -0.998108 -0.027237
vn 0.055129 -0.998108 -0.027237
vn 0.523062 -0.381572 -0.762108
vn 0.523062 -0.381572 -0.762108
vn 0.523062 -0.381572 -0.762108
vn -0.031734 0.616702 0.786557
vn -0.031734 0.616702 0.786557
vn -0.031734 0.616702 0.786557
vn -0.695444 -0.272256 0.665007
vn -0.695444 -0.272256 0.665007
vn -0.695444 -0.272256 0.665007
vn -0.564524 0.047585 0.824044
vn -0.564524 0.047585 0.824044
vn -0.564524 0.047585 0.824044
vn 0.854769 -0.484640 -0.185726
vn 0.854769 -0.484640 -0.185726
vn 0.854769 -0.484640 -0.185726
vn 0.162046 0.453855 0.876217
vn 0.162046 0.453855 0.876217
vn 0.162046 0.453855 0.876217
vn 0.280151 0.868544 0.408836
vn 0.280151 0.868544 0.408836
vn 0.280151 0.868544 0.408836
vn -0.873929 0.014679 -0.485832
vn -0.873929 0.014679 -0.485832
vn -0.873929 0.014679 -0.485832
vn -0.155656 0.368463 -0.916519
vn -0.155656 0.368463 -0.916519
vn -0.155656 0.368463 -0.916519
vn -0.672057 0.283234 0.684191
vn -0.672057 0.283234 0.684191
vn -0.672057 0.283234 0.684191
vn -0.843662 0.016120 -0.536632
vn -0.843662 0.016120 -0.536632
vn -0.843662 0.016120 -0.536632
vn 0.004217 -0.999931 0.010934
vn 0.004217 -0.999931 0.010934
vn 0.004217 -0.999931 0.010934
vn -0.916361 -0.170536 0.362216
vn -0.916361 -0.170536 0.362216
vn -0.916361 -0.170536 0.362216
vn -0.686193 -0.403413 0.605307
vn -0.686193 -0.403413 0.605307
vn -0.686193 -0.403413 0.605307
vn 0.000480 -0.292846 -0.956160
vn 0.000480 -0.292846 -0.956160
vn 0.000480 -0.292846 -0.956160
vn 0.642709 0.766107 0.002450
vn 0.642709 0.766107 0.002450
vn 0.642709 0.766107 0.002450
vn 0.373553 0.403193 0.835400
vn 0.373553 0.403193 0.835400
vn 0.373553 0.403193 0.835400
vn 0.486107 -0.814846 0.315795
vn 0.486107 -0.814846 0.315795
vn 0.486107 -0.814846 0.315795
vn 0.525682 0.671754 -0.521924
vn 0.525682 0.671754 -0.521924
vn 0.525682 0.671754 -0.521924
vn -0.996981 0.067022 0.039207
vn -0.996981 0.067022 0.039207
vn -0.996981 0.067022 0.039207
vn 0.130163 0.187905 -0.973524
vn 0.130163 0.187905 -0.973524
vn 0.130163 0.187905 -0.973524
vn -0.172573 0.912211 -0.371603
vn -0.172573 0.912211 -0.371603
vn -0.172573 0.912211 -0.371603
vn 0.180086 0.634859 0.751348
vn 0.180086 0.634859 0.751348
vn 0.180086 0.634859 0.751348
vn 0.429645 0.855036 0.290376
vn 0.429645 0.855036 0.290376
vn 0.429645 0.855036 0.290376
vn 0.477328 -0.402501 -0.781122
vn 0.477328 -0.402501 -0.781122
vn 0.477328 -0.402501 -0.781122
vn -0.318921 0.773938 -0.547092
vn -0.318921 0.773938 -0.547092
vn -0.318921 0.773938 -0.547092
vn -0.021995 0.996170 0.084629
vn -0.021995 0.996170 0.084629
vn -0.021995 0.996170 0.084629
vn -0.152988 0.977008 -0.148495
vn -0.152988 0.977008 -0.148495
vn -0.152988 0.977008 -0.148495
vn 0.216986 -0.483801 -0.847852
vn 0.216986 -0.483801 -0.847852
vn 0.216986 -0.483801 -0.847852
vn -0.075716 -0.034994 -0.996515
vn -0.075716 -0.034994 -0.996515
vn -0.075716 -0.034994 -0.996515
vn -0.581039 0.112554 0.806055
vn -0.581039 0.112554 0.806055
vn -0.581039 0.112554 0.806055
vn -0.295507 -0.145476 0.944199
vn -0.295507 -0.145476 0.944199
vn -0.295507 -0.145476 0.944199
vn 0.539863 -0.298983 0.786866
vn 0.539863 -0.298983 0.786866
vn 0.539863 -0.298983 0.786866
vn 0.840740 0.531385 0.103859
vn 0.840740 0.531385 0.103859
vn 0.840740 0.531385 0.103859
vn -0.336728 0.883249 0.326323
vn -0.336728 0.883249 0.326323
vn -0.336728 0.883249 0.326323
vn 0.225312 -0.243350 -0.943406
vn 0.225312 -0.243350 -0.943406
vn 0.225312 -0.243350 -0.943406
vn -0.332180 0.478196 0.813010
vn -0.332180 0.478196 0.813010
vn -0.332180 0.478196 0.813010
vn 0.881716 0.378387 0.281779
vn 0.881716 0.378387 0.281779
vn 0.881716 0.378387 0.281779
vn -0.361099 0.932267 -0.022043
vn -0.361099 0.932267 -0.022043
vn -0.361099 0.932267 -0.022043
vn 0.079074 0.941502 -0.327598
vn 0.079074 0.941502 -0.327598
vn 0.079074 0.941502 -0.327598
vn 0.009019 0.210000 0.977660
vn 0.009019 0.210000 0.977660
vn 0.009019 0.210000 0.977660
vn 0.566371 -0.226240 -0.792490
vn 0.566371 -0.226240 -0.792490
vn 0.566371 -0.226240 -0.792490
vn 0.502088 -0.829156 0.245782
vn 0.502088 -0.829156 0.245782
vn 0.502088 -0.829156 0.245782
vn 0.713466 0.561863 0.418659
vn 0.713466 0.561863 0.418659
vn 0.713466 0.561863 0.418659
vn 0.141398 -0.444521 0.884538
vn 0.141398 -0.444521 0.884538
vn 0.141398 -0.444521 0.884538
vn -0.255755 0.242222 -0.935905
vn -0.255755 0.242222 -0.935905
vn -0.255755 0.242222 -0.935905
vn -0.064768 0.954364 0.291539
vn -0.064768 0.954364 0.291539
vn -0.064768 0.954364 0.291539
vn 0.937085 -0.066754 -0.342661
vn 0.937085 -0.066754 -0.342661
vn 0.937085 -0.066754 -0.342661
vn -0.507168 -0.861598 0.020738
vn -0.507168 -0.861598 0.020738
vn -0.507168 -0.861598 0.020738
vn 0.878570 0.471610 -0.075491
vn 0.878570 0.471610 -0.075491
vn 0.878570 0.471610 -0.075491
vn 0.229254 -0.278031 0.932814
vn 0.229254 -0.278031 0.932814
vn 0.229254 -0.278031 0.932814
vn -0.293161 -0.004508 -0.956052
vn -0.293161 -0.004508 -0.956052
vn -0.293161 -0.004508 -0.956052
vn -0.406984 -0.332865 -0.850626
vn -0.406984 -0.332865 -0.850626
vn -0.406984 -0.332865 -0.850626
vn 0.134117 0.984795 0.110412
vn 0.134117 0.984795 0.110412
vn 0.134117 0.984795 0.110412
vn 0.085020 -0.403651 -0.910954
vn 0.085020 -0.403651 -0.910954
vn 0.085020 -0.403651 -0.910954
vn 0.585609 0.783275 -0.208669
vn 0.585609 0.783275 -0.208669
vn 0.585609 0.783275 -0.208669
vn 0.094853 -0.701139 -0.706688
vn 0.094853 -0.701139 -0.706688
vn 0.094853 -0.701139 -0.706688
vn -0.670278 0.543370 -0.505447
vn -0.670278 0.543370 -0.505447
vn -0.670278 0.543370 -0.505447
vn -0.117624 -0.938730 -0.323961
vn -0.117624 -0.938730 -0.323961
vn -0.117624 -0.938730 -0.323961
vn 0.629545 -0.727653 -0.272386
vn 0.629545 -0.727653 -0.272386
vn 0.629545 -0.727653 -0.272386
vn -0.568379 0.759359 -0.316734
vn -0.568379 0.759359 -0.316734
vn -0.568379 0.759359 -0.316734
vn -0.553801 0.832342 0.022625
vn -0.553801 0.832342 0.022625
vn -0.553801 0.832342 0.022625
vn 0.304285 -0.952473 0.014352
vn 0.304285 -0.952473 0.014352
vn 0.304285 -0.952473 0.014352
vn -0.782851 -0.111113 0.612208
vn -0.782851 -0.111113 0.612208
vn -0.782851 -0.111113 0.612208
vn 0.402485 -0.043727 0.914382
vn 0.402485 -0.043727 0.914382
vn 0.402485 -0.043727 0.914382
vn -0.503202 -0.297469 0.811357
vn -0.503202 -0.297469 0.811357
vn -0.503202 -0.297469 0.811357
vn 0.023225 -0.157509 0.987244
vn 0.023225 -0.157509 0.987244
vn 0.023225 -0.157509 0.987244
vn 0.349216 0.292784 0.890127
vn 0.349216 0.292784 0.890127
vn 0.349216 0.292784 0.890127
vn -0.522895 -0.339104 -0.782041
vn -0.522895 -0.339104 -0.782041
vn -0.522895 -0.339104 -0.782041
vn -0.289860 -0.728880 -0.620254
vn -0.289860 -0.728880 -0.620254
vn -0.289860 -0.728880 -0.620254
vn 0.549329 0.272928 -0.789777
vn 0.549329 0.272928 -0.789777
vn 0.549329 0.272928 -0.789777
vn 0.053774 -0.831978 -0.552196
vn 0.053774 -0.831978 -0.552196
vn 0.053774 -0.831978 -0.552196
vn -0.711252 -0.018728 0.702688
vn -0.711252 -0.018728 0.702688
vn -0.711252 -0.018728 0.702688
vn -0.711415 0.296925 -0.636965
vn -0.711415 0.296925 -0.636965
vn -0.711415 0.296925 -0.636965
vn -0.245982 0.633277 -0.733793
vn -0.245982 0.633277 -0.733793
vn -0.245982 0.633277 -0.733793
vn 0.440403 -0.823310 0.358058
vn 0.440403 -0.823310 0.358058
vn 0.440403 -0.823310 0.358058
vn -0.012272 -0.240674 -0.970528
vn -0.012272 -0.240674 -0.970528
vn -0.012272 -0.240674 -0.970528
vn -0.040219 -0.870346 0.490796
vn -0.040219 -0.870346 0.490796
vn -0.040219 -0.870346 0.490796
vn -0.245982 -0.633278 -0.733793
vn -0.245982 -0.633278 -0.733793
vn -0.245982 -0.633278 -0.733793
vn -0.586604 -0.367851 0.721514
vn -0.586604 -0.367851 0.721514
vn -0.586604 -0.367851 0.721514
vn -0.397350 -0.901887 -0.169450
vn -0.397350 -0.901887 -0.169450
vn -0.397350 -0.901887 -0.169450
vn 0.545860 -0.823668 0.153647
vn 0.545860 -0.823668 0.153647
vn 0.545860 -0.823668 0.153647
vn 0.131280 0.384226 0.913858
vn 0.131280 0.384226 0.913858
vn 0.131280 0.384226 0.913858
vn -0.413669 -0.646614 -0.640912
vn -0.413669 -0.646614 -0.640912
vn -0.413669 -0.646614 -0.640912
vn -0.428128 -0.692210 0.580992
vn -0.428128 -0.692210 0.580992
vn -0.428128 -0.692210 0.580992
vn -0.443215 0.860763 -0.250296
vn -0.443215 0.860763 -0.250296
vn -0.443215 0.860763 -0.250296
vn -0.091714 -0.993787 -0.063050
vn -0.091714 -0.993787 -0.063050
vn -0.091714 -0.993787 -0.063050
vn -0.100971 0.930811 -0.351277
vn -0.100971 0.930811 -0.351277
vn -0.100971 0.930811 -0.351277
vn 0.054336 0.989185 -0.136237
vn 0.054336 0.989185 -0.136237
vn 0.054336 0.989185 -0.136237
vn 0.973063 -0.052636 0.224450
vn 0.973063 -0.052636 0.224450
vn 0.973063 -0.052636 0.224450
vn 0.893411 -0.128125 0.430582
vn 0.893411 -0.128125 0.430582
vn 0.893411 -0.128125 0.430582
vn -0.205495 -0.027270 0.978278
vn -0.205495 -0.027270 0.978278
vn -0.205495 -0.027270 0.978278
vn -0.603500 0.663693 -0.441926
vn -0.603500 0.663693 -0.441926
vn -0.603500 0.663693 -0.441926
vn 0.014753 0.165653 0.986074
vn 0.014753 0.165653 0.986074
vn 0.014753 0.165653 0.986074
vn 0.105956 -0.356677 -0.928200
vn 0.105956 -0.356677 -0.928200
vn 0.105956 -0.356677 -0.928200
vn -0.673259 -0.703613 0.227268
vn -0.673259 -0.703613 0.227268
vn -0.673259 -0.703613 0.227268
vn 0.012555 0.999450 0.030698
vn 0.012555 0.999450 0.030698
vn 0.012555 0.999450 0.030698
vn -0.221943 0.618098 0.754119
vn -0.221943 0.618098 0.754119
vn -0.221943 0.618098 0.754119
vn 0.984263 0.176549 0.007556
vn 0.984263 0.176549 0.007556
vn 0.984263 0.176549 0.007556
vn -0.873929 -0.014679 -0.485832
vn -0.873929 -0.014679 -0.485832
vn -0.873929 -0.014679 -0.485832
vn 0.600316 -0.640143 -0.479415
vn 0.600316 -0.640143 -0.479415
vn 0.600316 -0.640143 -0.479415
vn -0.298914 0.199753 0.933140
vn -0.298914 0.199753 0.933140
vn -0.298914 0.199753 0.933140
vn 0.246100 -0.379264 0.891960
vn 0.246100 -0.379264 0.891960
vn 0.246100 -0.379264 0.891960
vn 0.385960 -0.632190 0.671841
vn 0.385960 -0.632190 0.671841
vn 0.385960 -0.632190 0.671841
vn -0.678595 -0.721779 0.136179
vn -0.678595 -0.721779 0.136179
vn -0.678595 -0.721779 0.136179
vn 0.419190 -0.218590 0.881191
vn 0.419190 -0.218590 0.881191
vn 0.419190 -0.218590 0.881191
vn -0.505098 0.682929 -0.527716
vn -0.505098 0.682929 -0.527716
vn -0.505098 0.682929 -0.527716
vn 0.527060 0.696892 -0.486363
vn 0.527060 0.696892 -0.486363
vn 0.527060 0.696892 -0.486363
vn -0.640465 -0.767375 0.030677
vn -0.640465 -0.767375 0.030677
vn -0.640465 -0.767375 0.030677
vn -0.488634 -0.321386 -0.811140
vn -0.488634 -0.321386 -0.811140
vn -0.488634 -0.321386 -0.811140
vn 0.975545 -0.219779 -0.002952
vn 0.975545 -0.219779 -0.002952
vn 0.975545 -0.219779 -0.002952
vn 0.194749 0.953111 -0.231629
vn 0.194749 0.953111 -0.231629
vn 0.194749 0.953111 -0.231629
vn -0.309914 0.283597 -0.907483
vn -0.309914 0.283597 -0.907483
vn -0.309914 0.283597 -0.907483
vn -0.525277 0.598187 0.605191
vn -0.525277 0.598187 0.605191
vn -0.525277 0.598187 0.605191
vn -0.758038 0.496624 -0.422780
vn -0.758038 0.496624 -0.422780
vn -0.758038 0.496624 -0.422780
vn -0.687820 -0.707070 -0.164181
vn -0.687820 -0.707070 -0.164181
vn -0.687820 -0.707070 -0.164181
vn -0.506151 0.661335 0.553576
vn -0.506151 0.661335 0.553576
vn -0.506151 0.661335 0.553576
vn 0.192686 0.980030 -0.049116
vn 0.192686 0.980030 -0.049116
vn 0.192686 0.980030 -0.049116
vn -0.140357 -0.171235 0.975181
vn -0.140357 -0.171235 0.975181
vn -0.140357 -0.171235 0.975181
vn -0.709594 -0.183355 -0.680336
vn -0.709594 -0.183355 -0.680336
vn -0.709594 -0.183355 -0.680336
vn -0.553206 -0.828802 -0.083970
vn -0.553206 -0.828802 -0.083970
vn -0.553206 -0.828802 -0.083970
vn -0.442372 0.891521 0.097456
vn -0.442372 0.891521 0.097456
vn -0.442372 0.891521 0.097456
vn -0.162307 0.976708 -0.140347
vn -0.162307 0.976708 -0.140347
vn -0.162307 0.976708 -0.140347
vn 0.211324 -0.353884 0.911103
vn 0.211324 -0.353884 0.911103
vn 0.211324 -0.353884 0.911103
vn -0.407809 -0.856562 -0.316217
vn -0.407809 -0.856562 -0.316217
vn -0.407809 -0.856562 -0.316217
vn 0.079037 -0.618858 -0.781516
vn 0.079037 -0.618858 -0.781516
vn 0.079037 -0.618858 -0.781516
vn -0.567622 0.381443 0.729593
vn -0.567622 0.381443 0.729593
vn -0.567622 0.381443 0.729593
vn 0.009019 -0.210000 0.977660
vn 0.009019 -0.210000 0.977660
vn 0.009019 -0.210000 0.977660
vn 0.376983 0.534610 0.756357
vn 0.376983 0.534610 0.756357
vn 0.376983 0.534610 0.756357
vn -0.553221 0.219446 -0.803611
vn -0.553221 0.219446 -0.803611
vn -0.553221 0.219446 -0.803611
vn 0.979643 0.200693 0.004753
vn 0.979643 0.200693 0.004753
vn 0.979643 0.200693 0.004753
vn 0.171715 -0.462190 0.869996
vn 0.171715 -0.462190 0.869996
vn 0.171715 -0.462190 0.869996
vn -0.053754 -0.993758 0.097755
vn -0.053754 -0.993758 0.097755
vn -0.053754 -0.993758 0.097755
vn 0.247070 -0.543441 -0.802265
vn 0.247070 -0.543441 -0.802265
vn 0.247070 -0.543441 -0.802265
vn 0.700189 -0.681965 0.211327
vn 0.700189 -0.681965 0.211327
vn 0.700189 -0.681965 0.211327
vn 0.486171 -0.163552 0.858422
vn 0.486171 -0.163552 0.858422
vn 0.486171 -0.163552 0.858422
vn -0.004093 -0.999071 -0.042910
vn -0.004093 -0.999071 -0.042910
vn -0.004093 -0.999071 -0.042910
vn 0.572137 0.783047 0.243919
vn 0.572137 0.783047 0.243919
vn 0.572137 0.783047 0.243919
vn -0.724649 -0.389704 0.568344
vn -0.724649 -0.389704 0.568344
vn -0.724649 -0.389704 0.568344
vn -0.506006 -0.771923 -0.384828
vn -0.506006 -0.771923 -0.384828
vn -0.506006 -0.771923 -0.384828
vn -0.678595 0.721779 0.136179
vn -0.678595 0.721779 0.136179
vn -0.678595 0.721779 0.136179
vn -0.980849 0.174375 -0.086771
vn -0.980849 0.174375 -0.086771
vn -0.980849 0.174375 -0.086771
vn 0.007124 0.972048 0.234672
vn 0.007124 0.972048 0.234672
vn 0.007124 0.972048 0.234672
vn 0.272834 -0.132073 0.952952
vn 0.272834 -0.132073 0.952952
vn 0.272834 -0.132073 0.952952
vn 0.313786 0.942052 -0.118643
vn 0.313786 0.942052 -0.118643
vn 0.313786 0.942052 -0.118643
vn 0.522560 -0.839696 0.147787
vn 0.522560 -0.839696 0.147787
vn 0.522560 -0.839696 0.147787
vn -0.780403 -0.106092 0.616211
vn -0.780403 -0.106092 0.616211
vn -0.780403 -0.106092 0.616211
vn 0.345512 0.797674 -0.494306
vn 0.345512 0.797674 -0.494306
vn 0.345512 0.797674 -0.494306
vn 0.287804 0.901542 0.323095
vn 0.287804 0.901542 0.323095
vn 0.287804 0.901542 0.323095
vn 0.083459 -0.812112 -0.577503
vn 0.083459 -0.812112 -0.577503
vn 0.083459 -0.812112 -0.577503
vn -0.567524 0.817604 0.097164
vn -0.567524 0.817604 0.097164
vn -0.567524 0.817604 0.097164
vn 0.000094 -0.945843 -0.324624
vn 0.000094 -0.945843 -0.324624
vn 0.000094 -0.945843 -0.324624
vn 0.203762 -0.803262 0.559689
vn 0.203762 -0.803262 0.559689
vn 0.203762 -0.803262 0.559689
vn 0.345512 -0.797674 -0.494306
vn 0.345512 -0.797674 -0.494306
vn 0.345512 -0.797674 -0.494306
vn -0.162578 -0.966738 0.197449
vn -0.162578 -0.966738 0.197449
vn -0.162578 -0.966738 0.197449
vn -0.447488 -0.742571 -0.498340
vn -0.447488 -0.742571 -0.498340
vn -0.447488 -0.742571 -0.498340
vn -0.283891 -0.129537 -0.950066
vn -0.283891 -0.129537 -0.950066
vn -0.283891 -0.129537 -0.950066
vn 0.116743 0.946992 -0.299294
vn 0.116743 0.946992 -0.299294
vn 0.116743 0.946992 -0.299294
vn -0.547046 -0.690895 -0.472658
vn -0.547046 -0.690895 -0.472658
vn -0.547046 -0.690895 -0.472658
vn -0.538580 -0.052920 -0.840911
vn -0.538580 -0.052920 -0.840911
vn -0.538580 -0.052920 -0.840911
vn 0.477328 0.402501 -0.781122
vn 0.477328 0.402501 -0.781122
vn 0.477328 0.402501 -0.781122
vn -0.907627 0.383093 -0.171621
vn -0.907627 0.383093 -0.171621
vn -0.907627 0.383093 -0.171621
vn 0.499801 -0.152171 -0.852668
vn 0.499801 -0.152171 -0.852668
vn 0.499801 -0.152171 -0.852668
vn 0.878452 -0.457389 -0.138263
vn 0.878452 -0.457389 -0.138263
vn 0.878452 -0.457389 -0.138263
vn -0.123380 -0.971462 0.202582
vn -0.123380 -0.971462 0.202582
vn -0.123380 -0.971462 0.202582
vn -0.705583 -0.010988 -0.708543
vn -0.705583 -0.010988 -0.708543
vn -0.705583 -0.010988 -0.708543
vn 0.228146 -0.388744 -0.892652
vn 0.228146 -0.388744 -0.892652
vn 0.228146 -0.388744 -0.892652
vn 0.609991 -0.336046 -0.717624
vn 0.609991 -0.336046 -0.717624
vn 0.609991 -0.336046 -0.717624
vn 0.629545 0.727653 -0.272386
vn 0.629545 0.727653 -0.272386
vn 0.629545 0.727653 -0.272386
vn -0.067457 -0.007029 0.997697
vn -0.067457 -0.007029 0.997697
vn -0.067457 -0.007029 0.997697
vn -0.211072 0.006405 -0.977450
vn -0.211072 0.006405 -0.977450
vn -0.211072 0.006405 -0.977450
vn -0.340728 0.271768 0.900026
vn -0.340728 0.271768 0.900026
vn -0.340728 0.271768 0.900026
vn 0.052637 0.994874 0.086344
vn 0.052637 0.994874 0.086344
vn 0.052637 0.994874 0.086344
vn 0.733462 -0.447418 0.511713
vn 0.733462 -0.447418 0.511713
vn 0.733462 -0.447418 0.511713
vn 0.385960 0.632190 0.671841
vn 0.385960 0.632190 0.671841
vn 0.385960 0.632190 0.671841
vn -0.521898 0.481122 0.704375
vn -0.521898 0.481122 0.704375
vn -0.521898 0.481122 0.704375
vn -0.149618 0.117893 0.981690
vn -0.149618 0.117893 0.981690
vn -0.149618 0.117893 0.981690
vn 0.024239 -0.645827 0.763099
vn 0.024239 -0.645827 0.763099
vn 0.024239 -0.645827 0.763099
vn 0.921573 -0.345063 0.177860
vn 0.921573 -0.345063 0.177860
vn 0.921573 -0.345063 0.177860
vn -0.358175 -0.933375 0.022827
vn -0.358175 -0.933375 0.022827
vn -0.358175 -0.933375 0.022827
vn -0.124991 0.433928 0.892235
vn -0.124991 0.433928 0.892235
vn -0.124991 0.433928 0.892235
vn 0.713085 -0.351294 0.606715
vn 0.713085 -0.351294 0.606715
vn 0.713085 -0.351294 0.606715
vn 0.017067 0.032465 -0.999327
vn 0.017067 0.032465 -0.999327
vn 0.017067 0.032465 -0.999327
vn 0.485308 -0.160531 0.859480
vn 0.485308 -0.160531 0.859480
vn 0.485308 -0.160531 0.859480
vn 0.898089 -0.003995 -0.439796
vn 0.898089 -0.003995 -0.439796
vn 0.898089 -0.003995 -0.439796
vn 0.581369 -0.789580 0.196402
vn 0.581369 -0.789580 0.196402
vn 0.581369 -0.789580 0.196402
vn -0.662828 -0.243462 -0.708085
vn -0.662828 -0.243462 -0.708085
vn -0.662828 -0.243462 -0.708085
vn -0.819487 0.008093 -0.573040
vn -0.819487 0.008093 -0.573040
vn -0.819487 0.008093 -0.573040
vn 0.936096 -0.351008 0.022738
vn 0.936096 -0.351008 0.022738
vn 0.936096 -0.351008 0.022738
vn 0.060913 -0.637632 -0.767929
vn 0.060913 -0.637632 -0.767929
vn 0.060913 -0.637632 -0.767929
vn 0.076293 0.852961 -0.516369
vn 0.076293 0.852961 -0.516369
vn 0.076293 0.852961 -0.516369
vn 0.260897 0.021128 -0.965135
vn 0.260897 0.021128 -0.965135
vn 0.260897 0.021128 -0.965135
vn 0.004217 0.999931 0.010933
vn 0.004217 0.999931 0.010933
vn 0.004217 0.999931 0.010933
vn -0.200613 -0.601642 0.773163
vn -0.200613 -0.601642 0.773163
vn -0.200613 -0.601642 0.773163
vn -0.695625 -0.185262 -0.694106
vn -0.695625 -0.185262 -0.694106
vn -0.695625 -0.185262 -0.694106
vn -0.635907 -0.758647 -0.141694
vn -0.635907 -0.758647 -0.141694
vn -0.635907 -0.758647 -0.141694
vn 0.305805 -0.335394 -0.891064
vn 0.305805 -0.335394 -0.891064
vn 0.305805 -0.335394 -0.891064
vn 0.126628 0.599134 -0.790572
vn 0.126628 0.599134 -0.790572
vn 0.126628 0.599134 -0.790572
vn 0.572195 0.776430 -0.264101
vn 0.572195 0.776430 -0.264101
vn 0.572195 0.776430 -0.264101
vn 0.182384 0.248622 -0.951275
vn 0.182384 0.248622 -0.951275
vn 0.182384 0.248622 -0.951275
vn 0.843372 0.532262 -0.073628
vn 0.843372 0.532262 -0.073628
vn 0.843372 0.532262 -0.073628
vn 0.864700 0.020973 0.501851
vn 0.864700 0.020973 0.501851
vn 0.864700 0.020973 0.501851
vn -0.159093 -0.241150 0.957359
vn -0.159093 -0.241150 0.957359
vn -0.159093 -0.241150 0.957359
vn -0.003692 0.999973 -0.006325
vn -0.003692 0.999973 -0.006325
vn -0.003692 0.999973 -0.006325
vn 0.683189 -0.701040 0.204441
vn 0.683189 -0.701040 0.204441
vn 0.683189 -0.701040 0.204441
vn -0.548146 -0.796158 0.256259
vn -0.548146 -0.796158 0.256259
vn -0.548146 -0.796158 0.256259
vn 0.339530 0.691833 -0.637249
vn 0.339530 0.691833 -0.637249
vn 0.339530 0.691833 -0.637249
vn -0.268196 -0.489993 0.829444
vn -0.268196 -0.489993 0.829444
vn -0.268196 -0.489993 0.829444
vn -0.340728 -0.271767 0.900026
vn -0.340728 -0.271767 0.900026
vn -0.340728 -0.271767 0.900026
vn 0.649939 0.467094 -0.599501
vn 0.649939 0.467094 -0.599501
vn 0.649939 0.467094 -0.599501
vn 0.588357 -0.768566 0.251282
vn 0.588357 -0.768566 0.251282
vn 0.588357 -0.768566 0.251282
vn -0.613581 -0.775012 -0.151247
vn -0.613581 -0.775012 -0.151247
vn -0.613581 -0.775012 -0.151247
vn 0.289289 0.929415 -0.229127
vn 0.289289 0.929415 -0.229127
vn 0.289289 0.929415 -0.229127
vn -0.244221 0.677754 0.693546
vn -0.244221 0.677754 0.693546
vn -0.244221 0.677754 0.693546
vn -0.012191 -0.997071 -0.075498
vn -0.012191 -0.997071 -0.075498
vn -0.012191 -0.997071 -0.075498
vn 0.225153 0.030688 -0.973840
vn 0.225153 0.030688 -0.973840
vn 0.225153 0.030688 -0.973840
vn -0.694548 0.599858 0.397207
vn -0.694548 0.599858 0.397207
vn -0.694548 0.599858 0.397207
vn 0.714756 -0.020393 -0.699077
vn 0.714756 -0.020393 -0.699077
vn 0.714756 -0.020393 -0.699077
vn -0.255262 0.045706 -0.965791
vn -0.255262 0.045706 -0.965791
vn -0.255262 0.045706 -0.965791
vn 0.303199 -0.895695 0.325271
vn 0.303199 -0.895695 0.325271
vn 0.303199 -0.895695 0.325271
vn -0.095797 -0.308517 -0.946383
vn -0.095797 -0.308517 -0.946383
vn -0.095797 -0.308517 -0.946383
vn -0.818222 -0.554157 0.153043
vn -0.818222 -0.554157 0.153043
vn -0.818222 -0.554157 0.153043
vn -0.189362 -0.909639 0.369728
vn -0.189362 -0.909639 0.369728
vn -0.189362 -0.909639 0.369728
vn -0.003606 -0.999976 -0.005956
vn -0.003606 -0.999976 -0.005956
vn -0.003606 -0.999976 -0.005956
vn 0.014753 -0.165653 0.986074
vn 0.014753 -0.165653 0.986074
vn 0.014753 -0.165653 0.986074
vn -0.657866 -0.408395 0.632792
vn -0.657866 -0.408395 0.632792
vn -0.657866 -0.408395 0.632792
vn 0.321679 -0.332211 -0.886656
vn 0.321679 -0.332211 -0.886656
vn 0.321679 -0.332211 -0.886656
vn -0.790927 -0.347675 0.503544
vn -0.790927 -0.347675 0.503544
vn -0.790927 -0.347675 0.503544
vn -0.550032 -0.687525 -0.474104
vn -0.550032 -0.687525 -0.474104
vn -0.550032 -0.687525 -0.474104
vn 0.596996 -0.778938 0.191969
vn 0.596996 -0.778938 0.191969
vn 0.596996 -0.778938 0.191969
vn 0.933880 -0.271290 0.232960
vn 0.933880 -0.271290 0.232960
vn 0.933880 -0.271290 0.232960
vn 0.458319 -0.125096 0.879940
vn 0.458319 -0.125096 0.879940
vn 0.458319 -0.125096 0.879940
vn -0.570605 0.519416 -0.636095
vn -0.570605 0.519416 -0.636095
vn -0.570605 0.519416 -0.636095
vn 0.200055 -0.187243 0.961727
vn 0.200055 -0.187243 0.961727
vn 0.200055 -0.187243 0.961727
vn -0.475440 -0.028929 -0.879273
vn -0.475440 -0.028929 -0.879273
vn -0.475440 -0.028929 -0.879273
vn -0.737820 -0.257298 -0.624035
vn -0.737820 -0.257298 -0.624035
vn -0.737820 -0.257298 -0.624035
vn 0.148122 0.602837 -0.783994
vn 0.148122 0.602837 -0.783994
vn 0.148122 0.602837 -0.783994
vn -0.184847 -0.325322 -0.927360
vn -0.184847 -0.325322 -0.927360
vn -0.184847 -0.325322 -0.927360
vn -0.600097 0.556668 0.574460
vn -0.600097 0.556668 0.574460
vn -0.600097 0.556668 0.574460
vn -0.268784 0.852709 -0.447931
vn -0.268784 0.852709 -0.447931
vn -0.268784 0.852709 -0.447931
vn 0.080469 -0.118703 -0.989664
vn 0.080469 -0.118703 -0.989664
vn 0.080469 -0.118703 -0.989664
vn 0.234692 0.928536 -0.287646
vn 0.234692 0.928536 -0.287646
vn 0.234692 0.928536 -0.287646
vn -0.158305 0.673897 -0.721666
vn -0.158305 0.673897 -0.721666
vn -0.158305 0.673897 -0.721666
vn -0.980849 -0.174375 -0.086771
vn -0.980849 -0.174375 -0.086771
vn -0.980849 -0.174375 -0.086771
vn 0.454607 0.415687 0.787741
vn 0.454607 0.415687 0.787741
vn 0.454607 0.415687 0.787741
f 1/1/1 2/2/2 3/3/3
f 4/4/4 5/5/5 6/6/6
f 7/7/7 8/8/8 9/9/9
f 10/10/10 11/11/11 12/12/12
f 13/13/13 14/14/14 15/15/15
f 16/16/16 17/17/17 18/18/18
f 19/19/19 20/20/20 21/21/21
f 22/22/22 23/23/23 24/24/24
f 25/25/25 26/26/26 27/27/27
f 28/28/28 29/29/29 30/30/30
f 31/31/31 32/32/32 33/33/33
f 34/34/34 35/35/35 36/36/36
f 37/37/37 38/38/38 39/39/39
f 40/40/40 41/41/41 42/42/42
f 43/43/43 44/44/44 45/45/45
f 46/46/46 47/47/47 48/48/48
f 49/49/49 50/50/50 51/51/51
f 52/52/52 53/53/53 54/54/54
f 55/55/55 56/56/56 57/57/57
f 58/58/58 59/59/59 60/60/60
f 61/61/61 62/62/62 63/63/63
f 64/64/64 65/65/65 66/66/66
f 67/67/67 68/68/68 69/69/69
f 70/70/70 71/71/71 72/72/72
f 73/73/73 74/74/74 75/75/75
f 76/76/76 77/77/77 78/78/78
f 79/79/79 80/80/80 81/81/81
f 82/82/82 83/83/83 84/84/84
f 85/85/85 86/86/86 87/87/87
f 88/88/88 89/89/89 90/90/90
f 91/91/91 92/92/92 93/93/93
f 94/94/94 95/95/95 96/96/96
f 97/97/97 98/98/98 99/99/99
f 100/100/100 101/101/101 102/102/102
f 103/103/103 104/104/104 105/105/105
f 106/106/106 107/107/107 108/108/108
f 109/109/109 110/110/110 111/111/111
f 112/112/112 113/113/113 114/114/114
f 115/115/115 116/116/116 117/117/117
f 118/118/118 119/119/119 120/120/120
f 121/121/121 122/122/122 123/123/123
f 124/124/124 125/125/125 126/126/126
f 127/127/127 128/128/128 129/129/129
f 130/130/130 131/131/131 132/132/132
f 133/133/133 134/134/134 135/135/135
f 136/136/136 137/137/137 138/138/138
f 139/139/139 140/140/140 141/141/141
f 142/142/142 143/143/143 144/144/144
f 145/145/145 146/146/146 147/147/147
f 148/148/148 149/149/149 150/150/150
f 151/151/151 152/152/152 153/153/153
f 154/154/154 155/155/155 156/156/156
f 157/157/157 158/158/158 159/159/159
f 160/160/160 161/161/161 162/162/162
f 163/163/163 164/164/164 165/165/165
f 166/166/166 167/167/167 168/168/168
f 169/169/169 170/170/170 171/171/171
f 172/172/172 173/173/173 174/174/174
f 175/175/175 176/176/176 177/177/177
f 178/178/178 179/179/179 180/180/180
f 181/181/181 182/182/182 183/183/183
f 184/184/184 185/185/185 186/186/186
f 187/187/187 188/188/188 189/189/189
f 190/190/190 191/191/191 192/192/192
f 193/193/193 194/194/194 195/195/195
f 196/196/196 197/197/197 198/198/198
f 199/199/199 200/200/200 201/201/201
f 202/202/202 203/203/203 204/204/204
f 205/205/205 206/206/206 207/207/207
f 208/208/208 209/209/209 210/210/210
f 211/211/211 212/212/212 213/213/213
f 214/214/214 215/215/215 216/216/216
f 217/217/217 218/218/218 219/219/219
f 220/220/220 221/221/221 222/222/222
f 223/223/223 224/224/224 225/225/225
f 226/226/226 227/227/227 228/228/228
f 229/229/229 230/230/230 231/231/231
f 232/232/232 233/233/233 234/234/234
f 235/235/235 236/236/236 237/237/237
f 238/238/238 239/239/239 240/240/240
f 241/241/241 242/242/242 243/243/243
f 244/244/244 245/245/245 246/246/246
f 247/247/247 248/248/248 249/249/249
f 250/250/250 251/251/251 252/252/252
f 253/253/253 254/254/254 255/255/255
f 256/256/256 257/257/257 258/258/258
f 259/259/259 260/260/260 261/261/261
f 262/262/262 263/263/263 264/264/264
f 265/265/265 266/266/266 267/267/267
f 268/268/268 269/269/269 270/270/270
f 271/271/271 272/272/272 273/273/273
f 274/274/274 275/275/275 276/276/276
f 277/277/277 278/278/278 279/279/279
f 280/280/280 281/281/281 282/282/282
f 283/283/283 284/284/284 285/285/285
f 286/286/286 287/287/287 288/288/288
f 289/289/289 290/290/290 291/291/291
f 292/292/292 293/293/293 294/294/294
f 295/295/295 296/296/296 297/297/297
f 298/298/298 299/299/299 300/300/300
f 301/301/301 302/302/302 303/303/303
f 304/304/304 305/305/305 306/306/306
f 307/307/307 308/308/308 309/309/309
f 310/310/310 311/311/311 312/312/312
f 313/313/313 314/314/314 315/315/315
f 316/316/316 317/317/317 318/318/318
f 319/319/319 320/320/320 321/321/321
f 322/322/322 323/323/323 324/324/324
f 325/325/325 326/326/326 327/327/327
f 328/328/328 329/329/329 330/330/330
f 331/331/331 332/332/332 333/333/333
f 334/334/334 335/335/335 336/336/336
f 337/337/337 338/338/338 339/339/339
f 340/340/340 341/341/341 342/342/342
f 343/343/343 344/344/344 345/345/345
f 346/346/346 347/347/347 348/348/348
f 349/349/349 350/350/350 351/351/351
f 352/352/352 353/353/353 354/354/354
f 355/355/355 356/356/356 357/357/357
f 358/358/358 359/359/359 360/360/360
f 361/361/361 362/362/362 363/363/363
f 364/364/364 365/365/365 366/366/366
f 367/367/367 368/368/368 369/369/369
f 370/370/370 371/371/371 372/372/372
f 373/373/373 374/374/374 375/375/375
f 376/376/376 377/377/377 378/378/378
f 379/379/379 380/380/380 381/381/381
f 382/382/382 383/383/383 384/384/384
f 385/385/385 386/386/386 387/387/387
f 388/388/388 389/389/389 390/390/390
f 391/391/391 392/392/392 393/393/393
f 394/394/394 395/395/395 396/396/396
f 397/397/397 398/398/398 399/399/399
f 400/400/400 401/401/401 402/402/402
f 403/403/403 404/404/404 405/405/405
f 406/406/406 407/407/407 408/408/408
f 409/409/409 410/410/410 411/411/411
f 412/412/412 413/413/413 414/414/414
f 415/415/415 416/416/416 417/417/417
f 418/418/418 419/419/419 420/420/420
f 421/421/421 422/422/422 423/423/423
f 424/424/424 425/425/425 426/426/426
f 427/427/427 428/428/428 429/429/429
f 430/430/430 431/431/431 432/432/432
f 433/433/433 434/434/434 435/435/435
f 436/436/436 437/437/437 438/438/438
f 439/439/439 440/440/440 441/441/441
f 442/442/442 443/443/443 444/444/444
f 445/445/445 446/446/446 447/447/447
f 448/448/448 449/449/449 450/450/450
f 451/451/451 452/452/452 453/453/453
f 454/454/454 455/455/455 456/456/456
f 457/457/457 458/458/458 459/459/459
f 460/460/460 461/461/461 462/462/462
f 463/463/463 464/464/464 465/465/465
f 466/466/466 467/467/467 468/468/468
f 469/469/469 470/470/470 471/471/471
f 472/472/472 473/473/473 474/474/474
f 475/475/475 476/476/476 477/477/477
f 478/478/478 479/479/479 480/480/480
f 481/481/481 482/482/482 483/483/483
f 484/484/484 485/485/485 486/486/486
f 487/487/487 488/488/488 489/489/489
f 490/490/490 491/491/491 492/492/492
f 493/493/493 494/494/494 495/495/495
f 496/496/496 497/497/497 498/498/498
f 499/499/499 500/500/500 501/501/501
f 502/502/502 503/503/503 504/504/504
f 505/505/505 506/506/506 507/507/507
f 508/508/508 509/509/509 510/510/510
f 511/511/511 512/512/512 513/513/513
f 514/514/514 515/515/515 516/516/516
f 517/517/517 518/518/518 519/519/519
f 520/520/520 521/521/521 522/522/522
f 523/523/523 524/524/524 525/525/525
f 526/526/526 527/527/527 528/528/528
f 529/529/529 530/530/530 531/531/531
f 532/532/532 533/533/533 534/534/534
f 535/535/535 536/536/536 537/537/537
f 538/538/538 539/539/539 540/540/540
f 541/541/541 542/542/542 543/543/543
f 544/544/544 545/545/545 546/546/546
f 547/547/547 548/548/548 549/549/549
f 550/550/550 551/551/551 552/552/552
f 553/553/553 554/554/554 555/555/555
f 556/556/556 557/557/557 558/558/558
f 559/559/559 560/560/560 561/561/561
f 562/562/562 563/563/563 564/564/564
f 565/565/565 566/566/566 567/567/567
f 568/568/568 569/569/569 570/570/570
f 571/571/571 572/572/572 573/573/573
f 574/574/574 575/575/575 576/576/576
f 577/577/577 578/578/578 579/579/579
f 580/580/580 581/581/581 582/582/582
f 583/583/583 584/584/584 585/585/585
f 586/586/586 587/587/587 588/588/588
f 589/589/589 590/590/590 591/591/591
f 592/592/592 593/593/593 594/594/594
f 595/595/595 596/596/596 597/597/597
f 598/598/598 599/599/599 600/600/600
f 601/601/601 602/602/602 603/603/603
f 604/604/604 605/605/605 606/606/606
f 607/607/607 608/608/608 609/609/609
f 610/610/610 611/611/611 612/612/612
f 613/613/613 614/614/614 615/615/615
f 616/616/616 617/617/617 618/618/618
f 619/619/619 620/620/620 621/621/621
f 622/622/622 623/623/623 624/624/624
f 625/625/625 626/626/626 627/627/627
f 628/628/628 629/629/629 630/630/630
f 631/631/631 632/632/632 633/633/633
f 634/634/634 635/635/635 636/636/636
f 637/637/637 638/638/638 639/639/639
f 640/640/640 641/641/641 642/642/642
f 643/643/643 644/644/644 645/645/645
f 646/646/646 647/647/647 648/648/648
f 649/649/649 650/650/650 651/651/651
f 652/652/652 653/653/653 654/654/654
f 655/655/655 656/656/656 657/657/657
f 658/658/658 659/659/659 660/660/660
f 661/661/661 662/662/662 663/663/663
f 664/664/664 665/665/665 666/666/666
f 667/667/667 668/668/668 669/669/669
f 670/670/670 671/671/671 672/672/672
f 673/673/673 674/674/674 675/675/675
f 676/676/676 677/677/677 678/678/678
f 679/679/679 680/680/680 681/681/681
f 682/682/682 683/683/683 684/684/684
f 685/685/685 686/686/686 687/687/687
f 688/688/688 689/689/689 690/690/690
f 691/691/691 692/692/692 693/693/693
f 694/694/694 695/695/695 696/696/696
f 697/697/697 698/698/698 699/699/699
f 700/700/700 701/701/701 702/702/702
f 703/703/703 704/704/704 705/705/705
f 706/706/706 707/707/707 708/708/708
f 709/709/709 710/710/710 711/711/711
f 712/712/712 713/713/713 714/714/714
f 715/715/715 716/716/716 717/717/717
f 718/718/718 719/719/719 720/720/720
f 721/721/721 722/722/722 723/723/723
f 724/724/724 725/725/725 726/726/726
f 727/727/727 728/728/728 729/729/729
f 730/730/730 731/731/731 732/732/732
f 733/733/733 734/734/734 735/735/735
f 736/736/736 737/737/737 738/738/738
f 739/739/739 740/740/740 741/741/741
f 742/742/742 743/743/743 744/744/744
f 745/745/745 746/746/746 747/747/747
f 748/748/748 749/749/749 750/750/750
f 751/751/751 752/752/752 753/753/753
f 754/754/754 755/755/755 756/756/756
f 757/757/757 758/758/758 759/759/759
f 760/760/760 761/761/761 762/762/762
f 763/763/763 764/764/764 765/765/765
f 766/766/766 767/767/767 768/768/768
f 769/769/769 770/770/770 771/771/771
f 772/772/772 773/773/773 774/774/774
f 775/775/775 776/776/776 777/777/777
f 778/778/778 779/779/779 780/780/780
f 781/781/781 782/782/782 783/783/783
f 784/784/784 785/785/785 786/786/786
f 787/787/787 788/788/788 789/789/789
f 790/790/790 791/791/791 792/792/792
f 793/793/793 794/794/794 795/795/795
f 796/796/796 797/797/797 798/798/798
f 799/799/799 800/800/800 801/801/801
f 802/802/802 803/803/803 804/804/804
f 805/805/805 806/806/806 807/807/807
f 808/808/808 809/809/809 810/810/810
f 811/811/811 812/812/812 813/813/813
f 814/814/814 815/815/815 816/816/816
f 817/817/817 818/818/818 819/819/819
f 820/820/820 821/821/821 822/822/822
f 823/823/823 824/824/824 825/825/825
f 826/826/826 827/827/827 828/828/828
f 829/829/829 830/830/830 831/831/831
f 832/832/832 833/833/833 834/834/834
f 835/835/835 836/836/836 837/837/837
f 838/838/838 839/839/839 840/840/840
f 841/841/841 842/842/842 843/843/843
f 844/844/844 845/845/845 846/846/846
f 847/847/847 848/848/848 849/849/849
f 850/850/850 851/851/851 852/852/852
f 853/853/853 854/854/854 855/855/855
f 856/856/856 857/857/857 858/858/858
f 859/859/859 860/860/860 861/861/861
f 862/862/862 863/863/863 864/864/864
f 865/865/865 866/866/866 867/867/867
f 868/868/868 869/869/869 870/870/870
f 871/871/871 872/872/872 873/873/873
f 874/874/874 875/875/875 876/876/876
f 877/877/877 878/878/878 879/879/879
f 880/880/880 881/881/881 882/882/882
f 883/883/883 884/884/884 885/885/885
f 886/886/886 887/887/887 888/888/888
f 889/889/889 890/890/890 891/891/891
f 892/892/892 893/893/893 894/894/894
f 895/895/895 896/896/896 897/897/897
f 898/898/898 899/899/899 900/900/900
f 901/901/901 902/902/902 903/903/903
f 904/904/904 905/905/905 906/906/906
f 907/907/907 908/908/908 909/909/909
f 910/910/910 911/911/911 912/912/912
f 913/913/913 914/914/914 915/915/915
f 916/916/916 917/917/917 918/918/918
f 919/919/919 920/920/920 921/921/921
f 922/922/922 923/923/923 924/924/924
f 925/925/925 926/926/926 927/927/927
f 928/928/928 929/929/929 930/930/930
f 931/931/931 932/932/932 933/933/933
f 934/934/934 935/935/935 936/936/936
f 937/937/937 938/938/938 939/939/939
f 940/940/940 941/941/941 942/942/942
f 943/943/943 944/944/944 945/945/945
f 946/946/946 947/947/947 948/948/948
f 949/949/949 950/950/950 951/951/951
f 952/952/952 953/953/953 954/954/954
f 955/955/955 956/956/956 957/957/957
f 958/958/958 959/959/959 960/960/960
f 961/961/961 962/962/962 963/963/963
f 964/964/964 965/965/965 966/966/966
f 967/967/967 968/968/968 969/969/969
f 970/970/970 971/971/971 972/972/972
f 973/973/973 974/974/974 975/975/975
f 976/976/976 977/977/977 978/978/978
f 979/979/979 980/980/980 981/981/981
f 982/982/982 983/983/983 984/984/984
f 985/985/985 986/986/986 987/987/987
f 988/988/988 989/989/989 990/990/990
f 991/991/991 992/992/992 993/993/993
f 994/994/994 995/995/995 996/996/996
f 997/997/997 998/998/998 999/999/999
f 1000/1000/1000 1001/1001/1001 1002/1002/1002
f 1003/1003/1003 1004/1004/1004 1005/1005/1005
f 1006/1006/1006 1007/1007/1007 1008/1008/1008
f 1009/1009/1009 1010/1010/1010 1011/1011/1011
f 1012/1012/1012 1013/1013/1013 1014/1014/1014
f 1015/1015/1015 1016/1016/1016 1017/1017/1017
f 1018/1018/1018 1019/1019/1019 1020/1020/1020
f 1021/1021/1021 1022/1022/1022 1023/1023/1023
f 1024/1024/1024 1025/1025/1025 1026/1026/1026
f 1027/1027/1027 1028/1028/1028 1029/1029/1029
f 1030/1030/1030 1031/1031/1031 1032/1032/1032
f 1033/1033/1033 1034/1034/1034 1035/1035/1035
f 1036/1036/1036 1037/1037/1037 1038/1038/1038
f 1039/1039/1039 1040/1040/1040 1041/1041/1041
f 1042/1042/1042 1043/1043/1043 1044/1044/1044
f 1045/1045/1045 1046/1046/1046 1047/1047/1047
f 1048/1048/1048 1049/1049/1049 1050/1050/1050
f 1051/1051/1051 1052/1052/1052 1053/1053/1053
f 1054/1054/1054 1055/1055/1055 1056/1056/1056
f 1057/1057/1057 1058/1058/1058 1059/1059/1059
f 1060/1060/1060 1061/1061/1061 1062/1062/1062
f 1063/1063/1063 1064/1064/1064 1065/1065/1065
f 1066/1066/1066 1067/1067/1067 1068/1068/1068
f 1069/1069/1069 1070/1070/1070 1071/1071/1071
f 1072/1072/1072 1073/1073/1073 1074/1074/1074
f 1075/1075/1075 1076/1076/1076 1077/1077/1077
f 1078/1078/1078 1079/1079/1079 1080/1080/1080
f 1081/1081/1081 1082/1082/1082 1083/1083/1083
f 1084/1084/1084 1085/1085/1085 1086/1086/1086
f 1087/1087/1087 1088/1088/1088 1089/1089/1089
f 1090/1090/1090 1091/1091/1091 1092/1092/1092
f 1093/1093/1093 1094/1094/1094 1095/1095/1095
f 1096/1096/1096 1097/1097/1097 1098/1098/1098
f 1099/1099/1099 1100/1100/1100 1101/1101/1101
f 1102/1102/1102 1103/1103/1103 1104/1104/1104
f 1105/1105/1105 1106/1106/1106 1107/1107/1107
f 1108/1108/1108 1109/1109/1109 1110/1110/1110
f 1111/1111/1111 1112/1112/1112 1113/1113/1113
f 1114/1114/1114 1115/1115/1115 1116/1116/1116
f 1117/1117/1117 1118/1118/1118 1119/1119/1119
f 1120/1120/1120 1121/1121/1121 1122/1122/1122
f 1123/1123/1123 1124/1124/1124 1125/1125/1125
f 1126/1126/1126 1127/1127/1127 1128/1128/1128
f 1129/1129/1129 1130/1130/1130 1131/1131/1131
f 1132/1132/1132 1133/1133/1133 1134/1134/1134
f 1135/1135/1135 1136/1136/1136 1137/1137/1137
f 1138/1138/1138 1139/1139/1139 1140/1140/1140
f 1141/1141/1141 1142/1142/1142 1143/1143/1143
f 1144/1144/1144 1145/1145/1145 1146/1146/1146
f 1147/1147/1147 1148/1148/1148 1149/1149/1149
f 1150/1150/1150 1151/1151/1151 1152/1152/1152
f 1153/1153/1153 1154/1154/1154 1155/1155/1155
f 1156/1156/1156 1157/1157/1157 1158/1158/1158
f 1159/1159/1159 1160/1160/1160 1161/1161/1161
f 1162/1162/1162 1163/1163/1163 1164/1164/1164
f 1165/1165/1165 1166/1166/1166 1167/1167/1167
f 1168/1168/1168 1169/1169/1169 1170/1170/1170
f 1171/1171/1171 1172/1172/1172 1173/1173/1173
f 1174/1174/1174 1175/1175/1175 1176/1176/1176
f 1177/1177/1177 1178/1178/1178 1179/1179/1179
f 1180/1180/1180 1181/1181/1181 1182/1182/1182
f 1183/1183/1183 1184/1184/1184 1185/1185/1185
f 1186/1186/1186 1187/1187/1187 1188/1188/1188
f 1189/1189/1189 1190/1190/1190 1191/1191/1191
f 1192/1192/1192 1193/1193/1193 1194/1194/1194
f 1195/1195/1195 1196/1196/1196 1197/1197/1197
f 1198/1198/1198 1199/1199/1199 1200/1200/1200
f 1201/1201/1201 1202/1202/1202 1203/1203/1203
f 1204/1204/1204 1205/1205/1205 1206/1206/1206
f 1207/1207/1207 1208/1208/1208 1209/1209/1209
f 1210/1210/1210 1211/1211/1211 1212/1212/1212
f 1213/1213/1213 1214/1214/1214 1215/1215/1215
f 1216/1216/1216 1217/1217/1217 1218/1218/1218
f 1219/1219/1219 1220/1220/1220 1221/1221/1221
f 1222/1222/1222 1223/1223/1223 1224/1224/1224
f 1225/1225/1225 1226/1226/1226 1227/1227/1227
f 1228/1228/1228 1229/1229/1229 1230/1230/1230
f 1231/1231/1231 1232/1232/1232 1233/1233/1233
f 1234/1234/1234 1235/1235/1235 1236/1236/1236
f 1237/1237/1237 1238/1238/1238 1239/1239/1239
f 1240/1240/1240 1241/1241/1241 1242/1242/1242
f 1243/1243/1243 1244/1244/1244 1245/1245/1245
f 1246/1246/1246 1247/1247/1247 1248/1248/1248
f 1249/1249/1249 1250/1250/1250 1251/1251/1251
f 1252/1252/1252 1253/1253/1253 1254/1254/1254
f 1255/1255/1255 1256/1256/1256 1257/1257/1257
f 1258/1258/1258 1259/1259/1259 1260/1260/1260
f 1261/1261/1261 1262/1262/1262 1263/1263/1263
f 1264/1264/1264 1265/1265/1265 1266/1266/1266
f 1267/1267/1267 1268/1268/1268 1269/1269/1269
f 1270/1270/1270 1271/1271/1271 1272/1272/1272
f 1273/1273/1273 1274/1274/1274 1275/1275/1275
f 1276/1276/1276 1277/1277/1277 1278/1278/1278
f 1279/1279/1279 1280/1280/1280 1281/1281/1281
f 1282/1282/1282 1283/1283/1283 1284/1284/1284
f 1285/1285/1285 1286/1286/1286 1287/1287/1287
f 1288/1288/1288 1289/1289/1289 1290/1290/1290
f 1291/1291/1291 1292/1292/1292 1293/1293/1293
f 1294/1294/1294 1295/1295/1295 1296/1296/1296
f 1297/1297/1297 1298/1298/1298 1299/1299/1299
f 1300/1300/1300 1301/1301/1301 1302/1302/1302
f 1303/1303/1303 1304/1304/1304 1305/1305/1305
f 1306/1306/1306 1307/1307/1307 1308/1308/1308
f 1309/1309/1309 1310/1310/1310 1311/1311/1311
f 1312/1312/1312 1313/1313/1313 1314/1314/1314
f 1315/1315/1315 1316/1316/1316 1317/1317/1317
f 1318/1318/1318 1319/1319/1319 1320/1320/1320
f 1321/1321/1321 1322/1322/1322 1323/1323/1323
f 1324/1324/1324 1325/1325/1325 1326/1326/1326
f 1327/1327/1327 1328/1328/1328 1329/1329/1329
f 1330/1330/1330 1331/1331/1331 1332/1332/1332
f 1333/1333/1333 1334/1334/1334 1335/1335/1335
f 1336/1336/1336 1337/1337/1337 1338/1338/1338
f 1339/1339/1339 1340/1340/1340 1341/1341/1341
f 1342/1342/1342 1343/1343/1343 1344/1344/1344
f 1345/1345/1345 1346/1346/1346 1347/1347/1347
f 1348/1348/1348 1349/1349/1349 1350/1350/1350
f 1351/1351/1351 1352/1352/1352 1353/1353/1353
f 1354/1354/1354 1355/1355/1355 1356/1356/1356
f 1357/1357/1357 1358/1358/1358 1359/1359/1359
f 1360/1360/1360 1361/1361/1361 1362/1362/1362
f 1363/1363/1363 1364/1364/1364 1365/1365/1365
f 1366/1366/1366 1367/1367/1367 1368/1368/1368
f 1369/1369/1369 1370/1370/1370 1371/1371/1371
f 1372/1372/1372 1373/1373/1373 1374/1374/1374
f 1375/1375/1375 1376/1376/1376 1377/1377/1377
f 1378/1378/1378 1379/1379/1379 1380/1380/1380
f 1381/1381/1381 1382/1382/1382 1383/1383/1383
f 1384/1384/1384 1385/1385/1385 1386/1386/1386
f 1387/1387/1387 1388/1388/1388 1389/1389/1389
f 1390/1390/1390 1391/1391/1391 1392/1392/1392
f 1393/1393/1393 1394/1394/1394 1395/1395/1395
f 1396/1396/1396 1397/1397/1397 1398/1398/1398
f 1399/1399/1399 1400/1400/1400 1401/1401/1401
f 1402/1402/1402 1403/1403/1403 1404/1404/1404
f 1405/1405/1405 1406/1406/1406 1407/1407/1407
f 1408/1408/1408 1409/1409/1409 1410/1410/1410
f 1411/1411/1411 1412/1412/1412 1413/1413/1413
f 1414/1414/1414 1415/1415/1415 1416/1416/1416
f 1417/1417/1417 1418/1418/1418 1419/1419/1419
f 1420/1420/1420 1421/1421/1421 1422/1422/1422
f 1423/1423/1423 1424/1424/1424 1425/1425/1425
f 1426/1426/1426 1427/1427/1427 1428/1428/1428
f 1429/1429/1429 1430/1430/1430 1431/1431/1431
f 1432/1432/1432 1433/1433/1433 1434/1434/1434
f 1435/1435/1435 1436/1436/1436 1437/1437/1437
f 1438/1438/1438 1439/1439/1439 1440/1440/1440
f 1441/1441/1441 1442/1442/1442 1443/1443/1443
f 1444/1444/1444 1445/1445/1445 1446/1446/1446
f 1447/1447/1447 1448/1448/1448 1449/1449/1449
f 1450/1450/1450 1451/1451/1451 1452/1452/1452
f 1453/1453/1453 1454/1454/1454 1455/1455/1455
f 1456/1456/1456 1457/1457/1457 1458/1458/1458
f 1459/1459/1459 1460/1460/1460 1461/1461/1461
f 1462/1462/1462 1463/1463/1463 1464/1464/1464
f 1465/1465/1465 1466/1466/1466 1467/1467/1467
f 1468/1468/1468 1469/1469/1469 1470/1470/1470
f 1471/1471/1471 1472/1472/1472 1473/1473/1473
f 1474/1474/1474 1475/1475/1475 1476/1476/1476
f 1477/1477/1477 1478/1478/1478 1479/1479/1479
f 1480/1480/1480 1481/1481/1481 1482/1482/1482
f 1483/1483/1483 1484/1484/1484 1485/1485/1485
f 1486/1486/1486 1487/1487/1487 1488/1488/1488
f 1489/1489/1489 1490/1490/1490 1491/1491/1491
f 1492/1492/1492 1493/1493/1493 1494/1494/1494
f 1495/1495/1495 1496/1496/1496 1497/1497/1497
f 1498/1498/1498 1499/1499/1499 1500/1500/1500
f 1501/1501/1501 1502/1502/1502 1503/1503/1503
f 1504/1504/1504 1505/1505/1505 1506/1506/1506
f 1507/1507/1507 1508/1508/1508 1509/1509/1509
f 1510/1510/1510 1511/1511/1511 1512/1512/1512
f 1513/1513/1513 1514/1514/1514 1515/1515/1515
f 1516/1516/1516 1517/1517/1517 1518/1518/1518
f 1519/1519/1519 1520/1520/1520 1521/1521/1521
f 1522/1522/1522 1523/1523/1523 1524/1524/1524
f 1525/1525/1525 1526/1526/1526 1527/1527/1527
f 1528/1528/1528 1529/1529/1529 1530/1530/1530
f 1531/1531/1531 1532/1532/1532 1533/1533/1533
f 1534/1534/1534 1535/1535/1535 1536/1536/1536
f 1537/1537/1537 1538/1538/1538 1539/1539/1539
f 1540/1540/1540 1541/1541/1541 1542/1542/1542
f 1543/1543/1543 1544/1544/1544 1545/1545/1545
f 1546/1546/1546 1547/1547/1547 1548/1548/1548
f 1549/1549/1549 1550/1550/1550 1551/1551/1551
f 1552/1552/1552 1553/1553/1553 1554/1554/1554
f 1555/1555/1555 1556/1556/1556 1557/1557/1557
f 1558/1558/1558 1559/1559/1559 1560/1560/1560
f 1561/1561/1561 1562/1562/1562 1563/1563/1563
f 1564/1564/1564 1565/1565/1565 1566/1566/1566
f 1567/1567/1567 1568/1568/1568 1569/1569/1569
f 1570/1570/1570 1571/1571/1571 1572/1572/1572
f 1573/1573/1573 1574/1574/1574 1575/1575/1575
f 1576/1576/1576 1577/1577/1577 1578/1578/1578
f 1579/1579/1579 1580/1580/1580 1581/1581/1581
f 1582/1582/1582 1583/1583/1583 1584/1584/1584
f 1585/1585/1585 1586/1586/1586 1587/1587/1587
f 1588/1588/1588 1589/1589/1589 1590/1590/1590
f 1591/1591/1591 1592/1592/1592 1593/1593/1593
f 1594/1594/1594 1595/1595/1595 1596/1596/1596
f 1597/1597/1597 1598/1598/1598 1599/1599/1599
f 1600/1600/1600 1601/1601/1601 1602/1602/1602
f 1603/1603/1603 1604/1604/1604 1605/1605/1605
f 1606/1606/1606 1607/1607/1607 1608/1608/1608
f 1609/1609/1609 1610/1610/1610 1611/1611/1611
f 1612/1612/1612 1613/1613/1613 1614/1614/1614
f 1615/1615/1615 1616/1616/1616 1617/1617/1617
f 1618/1618/1618 1619/1619/1619 1620/1620/1620
f 1621/1621/1621 1622/1622/1622 1623/1623/1623
f 1624/1624/1624 1625/1625/1625 1626/1626/1626
f 1627/1627/1627 1628/1628/1628 1629/1629/1629
f 1630/1630/1630 1631/1631/1631 1632/1632/1632
f 1633/1633/1633 1634/1634/1634 1635/1635/1635
f 1636/1636/1636 1637/1637/1637 1638/1638/1638
f 1639/1639/1639 1640/1640/1640 1641/1641/1641
f 1642/1642/1642 1643/1643/1643 1644/1644/1644
f 1645/1645/1645 1646/1646/1646 1647/1647/1647
f 1648/1648/1648 1649/1649/1649 1650/1650/1650
f 1651/1651/1651 1652/1652/1652 1653/1653/1653
f 1654/1654/1654 1655/1655/1655 1656/1656/1656
f 1657/1657/1657 1658/1658/1658 1659/1659/1659
f 1660/1660/1660 1661/1661/1661 1662/1662/1662
f 1663/1663/1663 1664/1664/1664 1665/1665/1665
f 1666/1666/1666 1667/1667/1667 1668/1668/1668
f 1669/1669/1669 1670/1670/1670 1671/1671/1671
f 1672/1672/1672 1673/1673/1673 1674/1674/1674
f 1675/1675/1675 1676/1676/1676 1677/1677/1677
f 1678/1678/1678 1679/1679/1679 1680/1680/1680
f 1681/1681/1681 1682/1682/1682 1683/1683/1683
f 1684/1684/1684 1685/1685/1685 1686/1686/1686
f 1687/1687/1687 1688/1688/1688 1689/1689/1689
f 1690/1690/1690 1691/1691/1691 1692/1692/1692
f 1693/1693/1693 1694/1694/1694 1695/1695/1695
f 1696/1696/1696 1697/1697/1697 1698/1698/1698
f 1699/1699/1699 1700/1700/1700 1701/1701/1701
f 1702/1702/1702 1703/1703/1703 1704/1704/1704
f 1705/1705/1705 1706/1706/1706 1707/1707/1707
f 1708/1708/1708 1709/1709/1709 1710/1710/1710
f 1711/1711/1711 1712/1712/1712 1713/1713/1713
f 1714/1714/1714 1715/1715/1715 1716/1716/1716
f 1717/1717/1717 1718/1718/1718 1719/1719/1719
f 1720/1720/1720 1721/1721/1721 1722/1722/1722
f 1723/1723/1723 1724/1724/1724 1725/1725/1725
f 1726/1726/1726 1727/1727/1727 1728/1728/1728
f 1729/1729/1729 1730/1730/1730 1731/1731/1731
f 1732/1732/1732 1733/1733/1733 1734/1734/1734
f 1735/1735/1735 1736/1736/1736 1737/1737/1737
f 1738/1738/1738 1739/1739/1739 1740/1740/1740
f 1741/1741/1741 1742/1742/1742 1743/1743/1743
f 1744/1744/1744 1745/1745/1745 1746/1746/1746
f 1747/1747/1747 1748/1748/1748 1749/1749/1749
f 1750/1750/1750 1751/1751/1751 1752/1752/1752
f 1753/1753/1753 1754/1754/1754 1755/1755/1755
f 1756/1756/1756 1757/1757/1757 1758/1758/1758
f 1759/1759/1759 1760/1760/1760 1761/1761/1761
f 1762/1762/1762 1763/1763/1763 1764/1764/1764
f 1765/1765/1765 1766/1766/1766 1767/1767/1767
f 1768/1768/1768 1769/1769/1769 1770/1770/1770
f 1771/1771/1771 1772/1772/1772 1773/1773/1773
f 1774/1774/1774 1775/1775/1775 1776/1776/1776
f 1777/1777/1777 1778/1778/1778 1779/1779/1779
f 1780/1780/1780 1781/1781/1781 1782/1782/1782
f 1783/1783/1783 1784/1784/1784 1785/1785/1785
f 1786/1786/1786 1787/1787/1787 1788/1788/1788
f 1789/1789/1789 1790/1790/1790 1791/1791/1791
f 1792/1792/1792 1793/1793/1793 1794/1794/1794
f 1795/1795/1795 1796/1796/1796 1797/1797/1797
f 1798/1798/1798 1799/1799/1799 1800/1800/1800
f 1801/1801/1801 1802/1802/1802 1803/1803/1803
f 1804/1804/1804 1805/1805/1805 1806/1806/1806
f 1807/1807/1807 1808/1808/1808 1809/1809/1809
f 1810/1810/1810 1811/1811/1811 1812/1812/1812
f 1813/1813/1813 1814/1814/1814 1815/1815/1815
f 1816/1816/1816 1817/1817/1817 1818/1818/1818
f 1819/1819/1819 1820/1820/1820 1821/1821/1821
f 1822/1822/1822 1823/1823/1823 1824/1824/1824
f 1825/1825/1825 1826/1826/1826 1827/1827/1827
f 1828/1828/1828 1829/1829/1829 1830/1830/1830
f 1831/1831/1831 1832/1832/1832 1833/1833/1833
f 1834/1834/1834 1835/1835/1835 1836/1836/1836
f 1837/1837/1837 1838/1838/1838 1839/1839/1839
f 1840/1840/1840 1841/1841/1841 1842/1842/1842
f 1843/1843/1843 1844/1844/1844 1845/1845/1845
f 1846/1846/1846 1847/1847/1847 1848/1848/1848
f 1849/1849/1849 1850/1850/1850 1851/1851/1851
f 1852/1852/1852 1853/1853/1853 1854/1854/1854
f 1855/1855/1855 1856/1856/1856 1857/1857/1857
f 1858/1858/1858 1859/1859/1859 1860/1860/1860
f 1861/1861/1861 1862/1862/1862 1863/1863/1863
f 1864/1864/1864 1865/1865/1865 1866/1866/1866
f 1867/1867/1867 1868/1868/1868 1869/1869/1869
f 1870/1870/1870 1871/1871/1871 1872/1872/1872
f 1873/1873/1873 1874/1874/1874 1875/1875/1875
f 1876/1876/1876 1877/1877/1877 1878/1878/1878
f 1879/1879/1879 1880/1880/1880 1881/1881/1881
f 1882/1882/1882 1883/1883/1883 1884/1884/1884
f 1885/1885/1885 1886/1886/1886 1887/1887/1887
f 1888/1888/1888 1889/1889/1889 1890/1890/1890
f 1891/1891/1891 1892/1892/1892 1893/1893/1893
f 1894/1894/1894 1895/1895/1895 1896/1896/1896
f 1897/1897/1897 1898/1898/1898 1899/1899/1899
f 1900/1900/1900 1901/1901/1901 1902/1902/1902
f 1903/1903/1903 1904/1904/1904 1905/1905/1905
f 1906/1906/1906 1907/1907/1907 1908/1908/1908
f 1909/1909/1909 1910/1910/1910 1911/1911/1911
f 1912/1912/1912 1913/1913/1913 1914/1914/1914
f 1915/1915/1915 1916/1916/1916 1917/1917/1917
f 1918/1918/1918 1919/1919/1919 1920/1920/1920
f 1921/1921/1921 1922/1922/1922 1923/1923/1923
f 1924/1924/1924 1925/1925/1925 1926/1926/1926
f 1927/1927/1927 1928/1928/1928 1929/1929/1929
f 1930/1930/1930 1931/1931/1931 1932/1932/1932
f 1933/1933/1933 1934/1934/1934 1935/1935/1935
f 1936/1936/1936 1937/1937/1937 1938/1938/1938
f 1939/1939/1939 1940/1940/1940 1941/1941/1941
f 1942/1942/1942 1943/1943/1943 1944/1944/1944
f 1945/1945/1945 1946/1946/1946 1947/1947/1947
f 1948/1948/1948 1949/1949/1949 1950/1950/1950
f 1951/1951/1951 1952/1952/1952 1953/1953/1953
f 1954/1954/1954 1955/1955/1955 1956/1956/1956
f 1957/1957/1957 1958/1958/1958 1959/1959/1959
f 1960/1960/1960 1961/1961/1961 1962/1962/1962
f 1963/1963/1963 1964/1964/1964 1965/1965/1965
f 1966/1966/1966 1967/1967/1967 1968/1968/1968
f 1969/1969/1969 1970/1970/1970 1971/1971/1971
f 1972/1972/1972 1973/1973/1973 1974/1974/1974
f 1975/1975/1975 1976/1976/1976 1977/1977/1977
f 1978/1978/1978 1979/1979/1979 1980/1980/1980
f 1981/1981/1981 1982/1982/1982 1983/1983/1983
f 1984/1984/1984 1985/1985/1985 1986/1986/1986
f 1987/1987/1987 1988/1988/1988 1989/1989/1989
f 1990/1990/1990 1991/1991/1991 1992/1992/1992
f 1993/1993/1993 1994/1994/1994 1995/1995/1995
f 1996/1996/1996 1997/1997/1997 1998/1998/1998
f 1999/1999/1999 2000/2000/2000 2001/2001/2001
f 2002/2002/2002 2003/2003/2003 2004/2004/2004
f 2005/2005/2005 2006/2006/2006 2007/2007/2007
f 2008/2008/2008 2009/2009/2009 2010/2010/2010
f 2011/2011/2011 2012/2012/2012 2013/2013/2013
f 2014/2014/2014 2015/2015/2015 2016/2016/2016
f 2017/2017/2017 2018/2018/2018 2019/2019/2019
f 2020/2020/2020 2021/2021/2021 2022/2022/2022
f 2023/2023/2023 2024/2024/2024 2025/2025/2025
f 2026/2026/2026 2027/2027/2027 2028/2028/2028
f 2029/2029/2029 2030/2030/2030 2031/2031/2031
f 2032/2032/2032 2033/2033/2033 2034/2034/2034
f 2035/2035/2035 2036/2036/2036 2037/2037/2037
f 2038/2038/2038 2039/2039/2039 2040/2040/2040
f 2041/2041/2041 2042/2042/2042 2043/2043/2043
f 2044/2044/2044 2045/2045/2045 2046/2046/2046
f 2047/2047/2047 2048/2048/2048 2049/2049/2049
f 2050/2050/2050 2051/2051/2051 2052/2052/2052
f 2053/2053/2053 2054/2054/2054 2055/2055/2055
f 2056/2056/2056 2057/2057/2057 2058/2058/2058
f 2059/2059/2059 2060/2060/2060 2061/2061/2061
f 2062/2062/2062 2063/2063/2063 2064/2064/2064
f 2065/2065/2065 2066/2066/2066 2067/2067/2067
f 2068/2068/2068 2069/2069/2069 2070/2070/2070
f 2071/2071/2071 2072/2072/2072 2073/2073/2073
f 2074/2074/2074 2075/2075/2075 2076/2076/2076
f 2077/2077/2077 2078/2078/2078 2079/2079/2079
f 2080/2080/2080 2081/2081/2081 2082/2082/2082
f 2083/2083/2083 2084/2084/2084 2085/2085/2085
f 2086/2086/2086 2087/2087/2087 2088/2088/2088
f 2089/2089/2089 2090/2090/2090 2091/2091/2091
f 2092/2092/2092 2093/2093/2093 2094/2094/2094
f 2095/2095/2095 2096/2096/2096 2097/2097/2097
f 2098/2098/2098 2099/2099/2099 2100/2100/2100
f 2101/2101/2101 2102/2102/2102 2103/2103/2103
f 2104/2104/2104 2105/2105/2105 2106/2106/2106
f 2107/2107/2107 2108/2108/2108 2109/2109/2109
f 2110/2110/2110 2111/2111/2111 2112/2112/2112
f 2113/2113/2113 2114/2114/2114 2115/2115/2115
f 2116/2116/2116 2117/2117/2117 2118/2118/2118
f 2119/2119/2119 2120/2120/2120 2121/2121/2121
f 2122/2122/2122 2123/2123/2123 2124/2124/2124
f 2125/2125/2125 2126/2126/2126 2127/2127/2127
f 2128/2128/2128 2129/2129/2129 2130/2130/2130
f 2131/2131/2131 2132/2132/2132 2133/2133/2133
f 2134/2134/2134 2135/2135/2135 2136/2136/2136
f 2137/2137/2137 2138/2138/2138 2139/2139/2139
f 2140/2140/2140 2141/2141/2141 2142/2142/2142
f 2143/2143/2143 2144/2144/2144 2145/2145/2145
f 2146/2146/2146 2147/2147/2147 2148/2148/2148
f 2149/2149/2149 2150/2150/2150 2151/2151/2151
f 2152/2152/2152 2153/2153/2153 2154/2154/2154
f 2155/2155/2155 2156/2156/2156 2157/2157/2157
f 2158/2158/2158 2159/2159/2159 2160/2160/2160
f 2161/2161/2161 2162/2162/2162 2163/2163/2163
f 2164/2164/2164 2165/2165/2165 2166/2166/2166
f 2167/2167/2167 2168/2168/2168 2169/2169/2169
f 2170/2170/2170 2171/2171/2171 2172/2172/2172
f 2173/2173/2173 2174/2174/2174 2175/2175/2175
f 2176/2176/2176 2177/2177/2177 2178/2178/2178
f 2179/2179/2179 2180/2180/2180 2181/2181/2181
f 2182/2182/2182 2183/2183/2183 2184/2184/2184
f 2185/2185/2185 2186/2186/2186 2187/2187/2187
f 2188/2188/2188 2189/2189/2189 2190/2190/2190
f 2191/2191/2191 2192/2192/2192 2193/2193/2193
f 2194/2194/2194 2195/2195/2195 2196/2196/2196
f 2197/2197/2197 2198/2198/2198 2199/2199/2199
f 2200/2200/2200 2201/2201/2201 2202/2202/2202
f 2203/2203/2203 2204/2204/2204 2205/2205/2205
f 2206/2206/2206 2207/2207/2207 2208/2208/2208
f 2209/2209/2209 2210/2210/2210 2211/2211/2211
f 2212/2212/2212 2213/2213/2213 2214/2214/2214
f 2215/2215/2215 2216/2216/2216 2217/2217/2217
f 2218/2218/2218 2219/2219/2219 2220/2220/2220
f 2221/2221/2221 2222/2222/2222 2223/2223/2223
f 2224/2224/2224 2225/2225/2225 2226/2226/2226
f 2227/2227/2227 2228/2228/2228 2229/2229/2229
f 2230/2230/2230 2231/2231/2231 2232/2232/2232
f 2233/2233/2233 2234/2234/2234 2235/2235/2235
f 2236/2236/2236 2237/2237/2237 2238/2238/2238
f 2239/2239/2239 2240/2240/2240 2241/2241/2241
f 2242/2242/2242 2243/2243/2243 2244/2244/2244
f 2245/2245/2245 2246/2246/2246 2247/2247/2247
f 2248/2248/2248 2249/2249/2249 2250/2250/2250
f 2251/2251/2251 2252/2252/2252 2253/2253/2253
f 2254/2254/2254 2255/2255/2255 2256/2256/2256
f 2257/2257/2257 2258/2258/2258 2259/2259/2259
f 2260/2260/2260 2261/2261/2261 2262/2262/2262
f 2263/2263/2263 2264/2264/2264 2265/2265/2265
f 2266/2266/2266 2267/2267/2267 2268/2268/2268
f 2269/2269/2269 2270/2270/2270 2271/2271/2271
f 2272/2272/2272 2273/2273/2273 2274/2274/2274
f 2275/2275/2275 2276/2276/2276 2277/2277/2277
f 2278/2278/2278 2279/2279/2279 2280/2280/2280
f 2281/2281/2281 2282/2282/2282 2283/2283/2283
f 2284/2284/2284 2285/2285/2285 2286/2286/2286
f 2287/2287/2287 2288/2288/2288 2289/2289/2289
f 2290/2290/2290 2291/2291/2291 2292/2292/2292
f 2293/2293/2293 2294/2294/2294 2295/2295/2295
f 2296/2296/2296 2297/2297/2297 2298/2298/2298
f 2299/2299/2299 2300/2300/2300 2301/2301/2301
f 2302/2302/2302 2303/2303/2303 2304/2304/2304
f 2305/2305/2305 2306/2306/2306 2307/2307/2307
f 2308/2308/2308 2309/2309/2309 2310/2310/2310
f 2311/2311/2311 2312/2312/2312 2313/2313/2313
f 2314/2314/2314 2315/2315/2315 2316/2316/2316
f 2317/2317/2317 2318/2318/2318 2319/2319/2319
f 2320/2320/2320 2321/2321/2321 2322/2322/2322
f 2323/2323/2323 2324/2324/2324 2325/2325/2325
f 2326/2326/2326 2327/2327/2327 2328/2328/2328
f 2329/2329/2329 2330/2330/2330 2331/2331/2331
f 2332/2332/2332 2333/2333/2333 2334/2334/2334
f 2335/2335/2335 2336/2336/2336 2337/2337/2337
f 2338/2338/2338 2339/2339/2339 2340/2340/2340
f 2341/2341/2341 2342/2342/2342 2343/2343/2343
f 2344/2344/2344 2345/2345/2345 2346/2346/2346
f 2347/2347/2347 2348/2348/2348 2349/2349/2349
f 2350/2350/2350 2351/2351/2351 2352/2352/2352
f 2353/2353/2353 2354/2354/2354 2355/2355/2355
f 2356/2356/2356 2357/2357/2357 2358/2358/2358
f 2359/2359/2359 2360/2360/2360 2361/2361/2361
f 2362/2362/2362 2363/2363/2363 2364/2364/2364
f 2365/2365/2365 2366/2366/2366 2367/2367/2367
f 2368/2368/2368 2369/2369/2369 2370/2370/2370
f 2371/2371/2371 2372/2372/2372 2373/2373/2373
f 2374/2374/2374 2375/2375/2375 2376/2376/2376
f 2377/2377/2377 2378/2378/2378 2379/2379/2379
f 2380/2380/2380 2381/2381/2381 2382/2382/2382
f 2383/2383/2383 2384/2384/2384 2385/2385/2385
f 2386/2386/2386 2387/2387/2387 2388/2388/2388
f 2389/2389/2389 2390/2390/2390 2391/2391/2391
f 2392/2392/2392 2393/2393/2393 2394/2394/2394
f 2395/2395/2395 2396/2396/2396 2397/2397/2397
f 2398/2398/2398 2399/2399/2399 2400/2400/2400
f 2401/2401/2401 2402/2402/2402 2403/2403/2403
f 2404/2404/2404 2405/2405/2405 2406/2406/2406
f 2407/2407/2407 2408/2408/2408 2409/2409/2409
f 2410/2410/2410 2411/2411/2411 2412/2412/2412
f 2413/2413/2413 2414/2414/2414 2415/2415/2415
f 2416/2416/2416 2417/2417/2417 2418/2418/2418
f 2419/2419/2419 2420/2420/2420 2421/2421/2421
f 2422/2422/2422 2423/2423/2423 2424/2424/2424
f 2425/2425/2425 2426/2426/2426 2427/2427/2427
f 2428/2428/2428 2429/2429/2429 2430/2430/2430
f 2431/2431/2431 2432/2432/2432 2433/2433/2433
f 2434/2434/2434 2435/2435/2435 2436/2436/2436
f 2437/2437/2437 2438/2438/2438 2439/2439/2439
f 2440/2440/2440 2441/2441/2441 2442/2442/2442
f 2443/2443/2443 2444/2444/2444 2445/2445/2445
f 2446/2446/2446 2447/2447/2447 2448/2448/2448
f 2449/2449/2449 2450/2450/2450 2451/2451/2451
f 2452/2452/2452 2453/2453/2453 2454/2454/2454
f 2455/2455/2455 2456/2456/2456 2457/2457/2457
f 2458/2458/2458 2459/2459/2459 2460/2460/2460
f 2461/2461/2461 2462/2462/2462 2463/2463/2463
f 2464/2464/2464 2465/2465/2465 2466/2466/2466
f 2467/2467/2467 2468/2468/2468 2469/2469/2469
f 2470/2470/2470 2471/2471/2471 2472/2472/2472
f 2473/2473/2473 2474/2474/2474 2475/2475/2475
f 2476/2476/2476 2477/2477/2477 2478/2478/2478
f 2479/2479/2479 2480/2480/2480 2481/2481/2481
f 2482/2482/2482 2483/2483/2483 2484/2484/2484
f 2485/2485/2485 2486/2486/2486 2487/2487/2487
f 2488/2488/2488 2489/2489/2489 2490/2490/2490
f 2491/2491/2491 2492/2492/2492 2493/2493/2493
f 2494/2494/2494 2495/2495/2495 2496/2496/2496
f 2497/2497/2497 2498/2498/2498 2499/2499/2499
f 2500/2500/2500 2501/2501/2501 2502/2502/2502
f 2503/2503/2503 2504/2504/2504 2505/2505/2505
f 2506/2506/2506 2507/2507/2507 2508/2508/2508
f 2509/2509/2509 2510/2510/2510 2511/2511/2511
f 2512/2512/2512 2513/2513/2513 2514/2514/2514
f 2515/2515/2515 2516/2516/2516 2517/2517/2517
f 2518/2518/2518 2519/2519/2519 2520/2520/2520
f 2521/2521/2521 2522/2522/2522 2523/2523/2523
f 2524/2524/2524 2525/2525/2525 2526/2526/2526
f 2527/2527/2527 2528/2528/2528 2529/2529/2529
f 2530/2530/2530 2531/2531/2531 2532/2532/2532
f 2533/2533/2533 2534/2534/2534 2535/2535/2535
f 2536/2536/2536 2537/2537/2537 2538/2538/2538
f 2539/2539/2539 2540/2540/2540 2541/2541/2541
f 2542/2542/2542 2543/2543/2543 2544/2544/2544
f 2545/2545/2545 2546/2546/2546 2547/2547/2547
f 2548/2548/2548 2549/2549/2549 2550/2550/2550
f 2551/2551/2551 2552/2552/2552 2553/2553/2553
f 2554/2554/2554 2555/2555/2555 2556/2556/2556
f 2557/2557/2557 2558/2558/2558 2559/2559/2559
f 2560/2560/2560 2561/2561/2561 2562/2562/2562
f 2563/2563/2563 2564/2564/2564 2565/2565/2565
f 2566/2566/2566 2567/2567/2567 2568/2568/2568
f 2569/2569/2569 2570/2570/2570 2571/2571/2571
f 2572/2572/2572 2573/2573/2573 2574/2574/2574
f 2575/2575/2575 2576/2576/2576 2577/2577/2577
f 2578/2578/2578 2579/2579/2579 2580/2580/2580
f 2581/2581/2581 2582/2582/2582 2583/2583/2583
f 2584/2584/2584 2585/2585/2585 2586/2586/2586
f 2587/2587/2587 2588/2588/2588 2589/2589/2589
f 2590/2590/2590 2591/2591/2591 2592/2592/2592
f 2593/2593/2593 2594/2594/2594 2595/2595/2595
f 2596/2596/2596 2597/2597/2597 2598/2598/2598
f 2599/2599/2599 2600/2600/2600 2601/2601/2601
f 2602/2602/2602 2603/2603/2603 2604/2604/2604
f 2605/2605/2605 2606/2606/2606 2607/2607/2607
f 2608/2608/2608 2609/2609/2609 2610/2610/2610
f 2611/2611/2611 2612/2612/2612 2613/2613/2613
f 2614/2614/2614 2615/2615/2615 2616/2616/2616
f 2617/2617/2617 2618/2618/2618 2619/2619/2619
f 2620/2620/2620 2621/2621/2621 2622/2622/2622
f 2623/2623/2623 2624/2624/2624 2625/2625/2625
f 2626/2626/2626 2627/2627/2627 2628/2628/2628
f 2629/2629/2629 2630/2630/2630 2631/2631/2631
f 2632/2632/2632 2633/2633/2633 2634/2634/2634
f 2635/2635/2635 2636/2636/2636 2637/2637/2637
f 2638/2638/2638 2639/2639/2639 2640/2640/2640
f 2641/2641/2641 2642/2642/2642 2643/2643/2643
f 2644/2644/2644 2645/2645/2645 2646/2646/2646
f 2647/2647/2647 2648/2648/2648 2649/2649/2649
f 2650/2650/2650 2651/2651/2651 2652/2652/2652
f 2653/2653/2653 2654/2654/2654 2655/2655/2655
f 2656/2656/2656 2657/2657/2657 2658/2658/2658
f 2659/2659/2659 2660/2660/2660 2661/2661/2661
f 2662/2662/2662 2663/2663/2663 2664/2664/2664
f 2665/2665/2665 2666/2666/2666 2667/2667/2667
f 2668/2668/2668 2669/2669/2669 2670/2670/2670
f 2671/2671/2671 2672/2672/2672 2673/2673/2673
f 2674/2674/2674 2675/2675/2675 2676/2676/2676
f 2677/2677/2677 2678/2678/2678 2679/2679/2679
f 2680/2680/2680 2681/2681/2681 2682/2682/2682
f 2683/2683/2683 2684/2684/2684 2685/2685/2685
f 2686/2686/2686 2687/2687/2687 2688/2688/2688
f 2689/2689/2689 2690/2690/2690 2691/2691/2691
f 2692/2692/2692 2693/2693/2693 2694/2694/2694
f 2695/2695/2695 2696/2696/2696 2697/2697/2697
f 2698/2698/2698 2699/2699/2699 2700/2700/2700
f 2701/2701/2701 2702/2702/2702 2703/2703/2703
f 2704/2704/2704 2705/2705/2705 2706/2706/2706
f 2707/2707/2707 2708/2708/2708 2709/2709/2709
f 2710/2710/2710 2711/2711/2711 2712/2712/2712
f 2713/2713/2713 2714/2714/2714 2715/2715/2715
f 2716/2716/2716 2717/2717/2717 2718/2718/2718
f 2719/2719/2719 2720/2720/2720 2721/2721/2721
f 2722/2722/2722 2723/2723/2723 2724/2724/2724
f 2725/2725/2725 2726/2726/2726 2727/2727/2727
f 2728/2728/2728 2729/2729/2729 2730/2730/2730
f 2731/2731/2731 2732/2732/2732 2733/2733/2733
f 2734/2734/2734 2735/2735/2735 2736/2736/2736
f 2737/2737/2737 2738/2738/2738 2739/2739/2739
f 2740/2740/2740 2741/2741/2741 2742/2742/2742
f 2743/2743/2743 2744/2744/2744 2745/2745/2745
f 2746/2746/2746 2747/2747/2747 2748/2748/2748
f 2749/2749/2749 2750/2750/2750 2751/2751/2751
f 2752/2752/2752 2753/2753/2753 2754/2754/2754
f 2755/2755/2755 2756/2756/2756 2757/2757/2757
f 2758/2758/2758 2759/2759/2759 2760/2760/2760
f 2761/2761/2761 2762/2762/2762 2763/2763/2763
f 2764/2764/2764 2765/2765/2765 2766/2766/2766
f 2767/2767/2767 2768/2768/2768 2769/2769/2769
f 2770/2770/2770 2771/2771/2771 2772/2772/2772
f 2773/2773/2773 2774/2774/2774 2775/2775/2775
f 2776/2776/2776 2777/2777/2777 2778/2778/2778
f 2779/2779/2779 2780/2780/2780 2781/2781/2781
f 2782/2782/2782 2783/2783/2783 2784/2784/2784
f 2785/2785/2785 2786/2786/2786 2787/2787/2787
f 2788/2788/2788 2789/2789/2789 2790/2790/2790
f 2791/2791/2791 2792/2792/2792 2793/2793/2793
f 2794/2794/2794 2795/2795/2795 2796/2796/2796
f 2797/2797/2797 2798/2798/2798 2799/2799/2799
f 2800/2800/2800 2801/2801/2801 2802/2802/2802
f 2803/2803/2803 2804/2804/2804 2805/2805/2805
f 2806/2806/2806 2807/2807/2807 2808/2808/2808
f 2809/2809/2809 2810/2810/2810 2811/2811/2811
f 2812/2812/2812 2813/2813/2813 2814/2814/2814
f 2815/2815/2815 2816/2816/2816 2817/2817/2817
f 2818/2818/2818 2819/2819/2819 2820/2820/2820
f 2821/2821/2821 2822/2822/2822 2823/2823/2823
f 2824/2824/2824 2825/2825/2825 2826/2826/2826
f 2827/2827/2827 2828/2828/2828 2829/2829/2829
f 2830/2830/2830 2831/2831/2831 2832/2832/2832
f 2833/2833/2833 2834/2834/2834 2835/2835/2835
f 2836/2836/2836 2837/2837/2837 2838/2838/2838
f 2839/2839/2839 2840/2840/2840 2841/2841/2841
f 2842/2842/2842 2843/2843/2843 2844/2844/2844
f 2845/2845/2845 2846/2846/2846 2847/2847/2847
f 2848/2848/2848 2849/2849/2849 2850/2850/2850
f 2851/2851/2851 2852/2852/2852 2853/2853/2853
f 2854/2854/2854 2855/2855/2855 2856/2856/2856
f 2857/2857/2857 2858/2858/2858 2859/2859/2859
f 2860/2860/2860 2861/2861/2861 2862/2862/2862
f 2863/2863/2863 2864/2864/2864 2865/2865/2865
f 2866/2866/2866 2867/2867/2867 2868/2868/2868
f 2869/2869/2869 2870/2870/2870 2871/2871/2871
f 2872/2872/2872 2873/2873/2873 2874/2874/2874
f 2875/2875/2875 2876/2876/2876 2877/2877/2877
f 2878/2878/2878 2879/2879/2879 2880/2880/2880
f 2881/2881/2881 2882/2882/2882 2883/2883/2883
f 2884/2884/2884 2885/2885/2885 2886/2886/2886
f 2887/2887/2887 2888/2888/2888 2889/2889/2889
f 2890/2890/2890 2891/2891/2891 2892/2892/2892
f 2893/2893/2893 2894/2894/2894 2895/2895/2895
f 2896/2896/2896 2897/2897/2897 2898/2898/2898
f 2899/2899/2899 2900/2900/2900 2901/2901/2901
f 2902/2902/2902 2903/2903/2903 2904/2904/2904
f 2905/2905/2905 2906/2906/2906 2907/2907/2907
f 2908/2908/2908 2909/2909/2909 2910/2910/2910
f 2911/2911/2911 2912/2912/2912 2913/2913/2913
f 2914/2914/2914 2915/2915/2915 2916/2916/2916
f 2917/2917/2917 2918/2918/2918 2919/2919/2919
f 2920/2920/2920 2921/2921/2921 2922/2922/2922
f 2923/2923/2923 2924/2924/2924 2925/2925/2925
f 2926/2926/2926 2927/2927/2927 2928/2928/2928
f 2929/2929/2929 2930/2930/2930 2931/2931/2931
f 2932/2932/2932 2933/2933/2933 2934/2934/2934
f 2935/2935/2935 2936/2936/2936 2937/2937/2937
f 2938/2938/2938 2939/2939/2939 2940/2940/2940
f 2941/2941/2941 2942/2942/2942 2943/2943/2943
f 2944/2944/2944 2945/2945/2945 2946/2946/2946
f 2947/2947/2947 2948/2948/2948 2949/2949/2949
f 2950/2950/2950 2951/2951/2951 2952/2952/2952
f 2953/2953/2953 2954/2954/2954 2955/2955/2955
f 2956/2956/2956 2957/2957/2957 2958/2958/2958
f 2959/2959/2959 2960/2960/2960 2961/2961/2961
f 2962/2962/2962 2963/2963/2963 2964/2964/2964
f 2965/2965/2965 2966/2966/2966 2967/2967/2967
f 2968/2968/2968 2969/2969/2969 2970/2970/2970
f 2971/2971/2971 2972/2972/2972 2973/2973/2973
f 2974/2974/2974 2975/2975/2975 2976/2976/2976
f 2977/2977/2977 2978/2978/2978 2979/2979/2979
f 2980/2980/2980 2981/2981/2981 2982/2982/2982
f 2983/2983/2983 2984/2984/2984 2985/2985/2985
f 2986/2986/2986 2987/2987/2987 2988/2988/2988
f 2989/2989/2989 2990/2990/2990 2991/2991/2991
f 2992/2992/2992 2993/2993/2993 2994/2994/2994
f 2995/2995/2995 2996/2996/2996 2997/2997/2997
f 2998/2998/2998 2999/2999/2999 3000/3000/3000
f 3001/3001/3001 3002/3002/3002 3003/3003/3003
f 3004/3004/3004 3005/3005/3005 3006/3006/3006
f 3007/3007/3007 3008/3008/3008 3009/3009/3009
f 3010/3010/3010 3011/3011/3011 3012/3012/3012
f 3013/3013/3013 3014/3014/3014 3015/3015/3015
f 3016/3016/3016 3017/3017/3017 3018/3018/3018
f 3019/3019/3019 3020/3020/3020 3021/3021/3021
f 3022/3022/3022 3023/3023/3023 3024/3024/3024
f 3025/3025/3025 3026/3026/3026 3027/3027/3027
f 3028/3028/3028 3029/3029/3029 3030/3030/3030
f 3031/3031/3031 3032/3032/3032 3033/3033/3033
f 3034/3034/3034 3035/3035/3035 3036/3036/3036
f 3037/3037/3037 3038/3038/3038 3039/3039/3039
f 3040/3040/3040 3041/3041/3041 3042/3042/3042
f 3043/3043/3043 3044/3044/3044 3045/3045/3045
f 3046/3046/3046 3047/3047/3047 3048/3048/3048
f 3049/3049/3049 3050/3050/3050 3051/3051/3051
f 3052/3052/3052 3053/3053/3053 3054/3054/3054
f 3055/3055/3055 3056/3056/3056 3057/3057/3057
f 3058/3058/3058 3059/3059/3059 3060/3060/3060
f 3061/3061/3061 3062/3062/3062 3063/3063/3063
f 3064/3064/3064 3065/3065/3065 3066/3066/3066
f 3067/3067/3067 3068/3068/3068 3069/3069/3069
f 3070/3070/3070 3071/3071/3071 3072/3072/3072
f 3073/3073/3073 3074/3074/3074 3075/3075/3075
f 3076/3076/3076 3077/3077/3077 3078/3078/3078
f 3079/3079/3079 3080/3080/3080 3081/3081/3081
f 3082/3082/3082 3083/3083/3083 3084/3084/3084
f 3085/3085/3085 3086/3086/3086 3087/3087/3087
f 3088/3088/3088 3089/3089/3089 3090/3090/3090
f 3091/3091/3091 3092/3092/3092 3093/3093/3093
f 3094/3094/3094 3095/3095/3095 3096/3096/3096
f 3097/3097/3097 3098/3098/3098 3099/3099/3099
f 3100/3100/3100 3101/3101/3101 3102/3102/3102
f 3103/3103/3103 3104/3104/3104 3105/3105/3105
f 3106/3106/3106 3107/3107/3107 3108/3108/3108
f 3109/3109/3109 3110/3110/3110 3111/3111/3111
f 3112/3112/3112 3113/3113/3113 3114/3114/3114
f 3115/3115/3115 3116/3116/3116 3117/3117/3117
f 3118/3118/3118 3119/3119/3119 3120/3120/3120
f 3121/3121/3121 3122/3122/3122 3123/3123/3123
f 3124/3124/3124 3125/3125/3125 3126/3126/3126
f 3127/3127/3127 3128/3128/3128 3129/3129/3129
f 3130/3130/3130 3131/3131/3131 3132/3132/3132
f 3133/3133/3133 3134/3134/3134 3135/3135/3135
f 3136/3136/3136 3137/3137/3137 3138/3138/3138
f 3139/3139/3139 3140/3140/3140 3141/3141/3141
f 3142/3142/3142 3143/3143/3143 3144/3144/3144
f 3145/3145/3145 3146/3146/3146 3147/3147/3147
f 3148/3148/3148 3149/3149/3149 3150/3150/3150
f 3151/3151/3151 3152/3152/3152 3153/3153/3153
f 3154/3154/3154 3155/3155/3155 3156/3156/3156
f 3157/3157/3157 3158/3158/3158 3159/3159/3159
f 3160/3160/3160 3161/3161/3161 3162/3162/3162
f 3163/3163/3163 3164/3164/3164 3165/3165/3165
f 3166/3166/3166 3167/3167/3167 3168/3168/3168
f 3169/3169/3169 3170/3170/3170 3171/3171/3171
f 3172/3172/3172 3173/3173/3173 3174/3174/3174
f 3175/3175/3175 3176/3176/3176 3177/3177/3177
f 3178/3178/3178 3179/3179/3179 3180/3180/3180
f 3181/3181/3181 3182/3182/3182 3183/3183/3183
f 3184/3184/3184 3185/3185/3185 3186/3186/3186
f 3187/3187/3187 3188/3188/3188 3189/3189/3189
f 3190/3190/3190 3191/3191/3191 3192/3192/3192
f 3193/3193/3193 3194/3194/3194 3195/3195/3195
f 3196/3196/3196 3197/3197/3197 3198/3198/3198
f 3199/3199/3199 3200/3200/3200 3201/3201/3201
f 3202/3202/3202 3203/3203/3203 3204/3204/3204
f 3205/3205/3205 3206/3206/3206 3207/3207/3207
f 3208/3208/3208 3209/3209/3209 3210/3210/3210
f 3211/3211/3211 3212/3212/3212 3213/3213/3213
f 3214/3214/3214 3215/3215/3215 3216/3216/3216
f 3217/3217/3217 3218/3218/3218 3219/3219/3219
f 3220/3220/3220 3221/3221/3221 3222/3222/3222
f 3223/3223/3223 3224/3224/3224 3225/3225/3225
f 3226/3226/3226 3227/3227/3227 3228/3228/3228
f 3229/3229/3229 3230/3230/3230 3231/3231/3231
f 3232/3232/3232 3233/3233/3233 3234/3234/3234
f 3235/3235/3235 3236/3236/3236 3237/3237/3237
f 3238/3238/3238 3239/3239/3239 3240/3240/3240
f 3241/3241/3241 3242/3242/3242 3243/3243/3243
f 3244/3244/3244 3245/3245/3245 3246/3246/3246
f 3247/3247/3247 3248/3248/3248 3249/3249/3249
f 3250/3250/3250 3251/3251/3251 3252/3252/3252
f 3253/3253/3253 3254/3254/3254 3255/3255/3255
f 3256/3256/3256 3257/3257/3257 3258/3258/3258
f 3259/3259/3259 3260/3260/3260 3261/3261/3261
f 3262/3262/3262 3263/3263/3263 3264/3264/3264
f 3265/3265/3265 3266/3266/3266 3267/3267/3267
f 3268/3268/3268 3269/3269/3269 3270/3270/3270
f 3271/3271/3271 3272/3272/3272 3273/3273/3273
f 3274/3274/3274 3275/3275/3275 3276/3276/3276
f 3277/3277/3277 3278/3278/3278 3279/3279/3279
f 3280/3280/3280 3281/3281/3281 3282/3282/3282
f 3283/3283/3283 3284/3284/3284 3285/3285/3285
f 3286/3286/3286 3287/3287/3287 3288/3288/3288
f 3289/3289/3289 3290/3290/3290 3291/3291/3291
f 3292/3292/3292 3293/3293/3293 3294/3294/3294
f 3295/3295/3295 3296/3296/3296 3297/3297/3297
f 3298/3298/3298 3299/3299/3299 3300/3300/3300
f 3301/3301/3301 3302/3302/3302 3303/3303/3303
f 3304/3304/3304 3305/3305/3305 3306/3306/3306
f 3307/3307/3307 3308/3308/3308 3309/3309/3309
f 3310/3310/3310 3311/3311/3311 3312/3312/3312
f 3313/3313/3313 3314/3314/3314 3315/3315/3315
f 3316/3316/3316 3317/3317/3317 3318/3318/3318
f 3319/3319/3319 3320/3320/3320 3321/3321/3321
f 3322/3322/3322 3323/3323/3323 3324/3324/3324
f 3325/3325/3325 3326/3326/3326 3327/3327/3327
f 3328/3328/3328 3329/3329/3329 3330/3330/3330
f 3331/3331/3331 3332/3332/3332 3333/3333/3333
f 3334/3334/3334 3335/3335/3335 3336/3336/3336
f 3337/3337/3337 3338/3338/3338 3339/3339/3339
f 3340/3340/3340 3341/3341/3341 3342/3342/3342
f 3343/3343/3343 3344/3344/3344 3345/3345/3345
f 3346/3346/3346 3347/3347/3347 3348/3348/3348
f 3349/3349/3349 3350/3350/3350 3351/3351/3351
f 3352/3352/3352 3353/3353/3353 3354/3354/3354
f 3355/3355/3355 3356/3356/3356 3357/3357/3357
f 3358/3358/3358 3359/3359/3359 3360/3360/3360
f 3361/3361/3361 3362/3362/3362 3363/3363/3363
f 3364/3364/3364 3365/3365/3365 3366/3366/3366
f 3367/3367/3367 3368/3368/3368 3369/3369/3369
f 3370/3370/3370 3371/3371/3371 3372/3372/3372
f 3373/3373/3373 3374/3374/3374 3375/3375/3375
f 3376/3376/3376 3377/3377/3377 3378/3378/3378
f 3379/3379/3379 3380/3380/3380 3381/3381/3381
f 3382/3382/3382 3383/3383/3383 3384/3384/3384
f 3385/3385/3385 3386/3386/3386 3387/3387/3387
f 3388/3388/3388 3389/3389/3389 3390/3390/3390
f 3391/3391/3391 3392/3392/3392 3393/3393/3393
f 3394/3394/3394 3395/3395/3395 3396/3396/3396
f 3397/3397/3397 3398/3398/3398 3399/3399/3399
f 3400/3400/3400 3401/3401/3401 3402/3402/3402
f 3403/3403/3403 3404/3404/3404 3405/3405/3405
f 3406/3406/3406 3407/3407/3407 3408/3408/3408
f 3409/3409/3409 3410/3410/3410 3411/3411/3411
f 3412/3412/3412 3413/3413/3413 3414/3414/3414
f 3415/3415/3415 3416/3416/3416 3417/3417/3417
f 3418/3418/3418 3419/3419/3419 3420/3420/3420
f 3421/3421/3421 3422/3422/3422 3423/3423/3423
f 3424/3424/3424 3425/3425/3425 3426/3426/3426
f 3427/3427/3427 3428/3428/3428 3429/3429/3429
f 3430/3430/3430 3431/3431/3431 3432/3432/3432
f 3433/3433/3433 3434/3434/3434 3435/3435/3435
f 3436/3436/3436 3437/3437/3437 3438/3438/3438
f 3439/3439/3439 3440/3440/3440 3441/3441/3441
f 3442/3442/3442 3443/3443/3443 3444/3444/3444
f 3445/3445/3445 3446/3446/3446 3447/3447/3447
f 3448/3448/3448 3449/3449/3449 3450/3450/3450
f 3451/3451/3451 3452/3452/3452 3453/3453/3453
f 3454/3454/3454 3455/3455/3455 3456/3456/3456
f 3457/3457/3457 3458/3458/3458 3459/3459/3459
f 3460/3460/3460 3461/3461/3461 3462/3462/3462
f 3463/3463/3463 3464/3464/3464 3465/3465/3465
f 3466/3466/3466 3467/3467/3467 3468/3468/3468
f 3469/3469/3469 3470/3470/3470 3471/3471/3471
f 3472/3472/3472 3473/3473/3473 3474/3474/3474
f 3475/3475/3475 3476/3476/3476 3477/3477/3477
f 3478/3478/3478 3479/3479/3479 3480/3480/3480
f 3481/3481/3481 3482/3482/3482 3483/3483/3483
f 3484/3484/3484 3485/3485/3485 3486/3486/3486
f 3487/3487/3487 3488/3488/3488 3489/3489/3489
f 3490/3490/3490 3491/3491/3491 3492/3492/3492
f 3493/3493/3493 3494/3494/3494 3495/3495/3495
f 3496/3496/3496 3497/3497/3497 3498/3498/3498
f 3499/3499/3499 3500/3500/3500 3501/3501/3501
f 3502/3502/3502 3503/3503/3503 3504/3504/3504
f 3505/3505/3505 3506/3506/3506 3507/3507/3507
f 3508/3508/3508 3509/3509/3509 3510/3510/3510
f 3511/3511/3511 3512/3512/3512 3513/3513/3513
f 3514/3514/3514 3515/3515/3515 3516/3516/3516
f 3517/3517/3517 3518/3518/3518 3519/3519/3519
f 3520/3520/3520 3521/3521/3521 3522/3522/3522
f 3523/3523/3523 3524/3524/3524 3525/3525/3525
f 3526/3526/3526 3527/3527/3527 3528/3528/3528
f 3529/3529/3529 3530/3530/3530 3531/3531/3531
f 3532/3532/3532 3533/3533/3533 3534/3534/3534
f 3535/3535/3535 3536/3536/3536 3537/3537/3537
f 3538/3538/3538 3539/3539/3539 3540/3540/3540
f 3541/3541/3541 3542/3542/3542 3543/3543/3543
f 3544/3544/3544 3545/3545/3545 3546/3546/3546
f 3547/3547/3547 3548/3548/3548 3549/3549/3549
f 3550/3550/3550 3551/3551/3551 3552/3552/3552
f 3553/3553/3553 3554/3554/3554 3555/3555/3555
f 3556/3556/3556 3557/3557/3557 3558/3558/3558
f 3559/3559/3559 3560/3560/3560 3561/3561/3561
f 3562/3562/3562 3563/3563/3563 3564/3564/3564
f 3565/3565/3565 3566/3566/3566 3567/3567/3567
f 3568/3568/3568 3569/3569/3569 3570/3570/3570
f 3571/3571/3571 3572/3572/3572 3573/3573/3573
f 3574/3574/3574 3575/3575/3575 3576/3576/3576
f 3577/3577/3577 3578/3578/3578 3579/3579/3579
f 3580/3580/3580 3581/3581/3581 3582/3582/3582
f 3583/3583/3583 3584/3584/3584 3585/3585/3585
f 3586/3586/3586 3587/3587/3587 3588/3588/3588
f 3589/3589/3589 3590/3590/3590 3591/3591/3591
f 3592/3592/3592 3593/3593/3593 3594/3594/3594
f 3595/3595/3595 3596/3596/3596 3597/3597/3597
f 3598/3598/3598 3599/3599/3599 3600/3600/3600
f 3601/3601/3601 3602/3602/3602 3603/3603/3603
f 3604/3604/3604 3605/3605/3605 3606/3606/3606
f 3607/3607/3607 3608/3608/3608 3609/3609/3609
f 3610/3610/3610 3611/3611/3611 3612/3612/3612
f 3613/3613/3613 3614/3614/3614 3615/3615/3615
f 3616/3616/3616 3617/3617/3617 3618/3618/3618
f 3619/3619/3619 3620/3620/3620 3621/3621/3621
f 3622/3622/3622 3623/3623/3623 3624/3624/3624
f 3625/3625/3625 3626/3626/3626 3627/3627/3627
f 3628/3628/3628 3629/3629/3629 3630/3630/3630
f 3631/3631/3631 3632/3632/3632 3633/3633/3633
f 3634/3634/3634 3635/3635/3635 3636/3636/3636
f 3637/3637/3637 3638/3638/3638 3639/3639/3639
f 3640/3640/3640 3641/3641/3641 3642/3642/3642
f 3643/3643/3643 3644/3644/3644 3645/3645/3645
f 3646/3646/3646 3647/3647/3647 3648/3648/3648
f 3649/3649/3649 3650/3650/3650 3651/3651/3651
f 3652/3652/3652 3653/3653/3653 3654/3654/3654
f 3655/3655/3655 3656/3656/3656 3657/3657/3657
f 3658/3658/3658 3659/3659/3659 3660/3660/3660
f 3661/3661/3661 3662/3662/3662 3663/3663/3663
f 3664/3664/3664 3665/3665/3665 3666/3666/3666
f 3667/3667/3667 3668/3668/3668 3669/3669/3669
f 3670/3670/3670 3671/3671/3671 3672/3672/3672
f 3673/3673/3673 3674/3674/3674 3675/3675/3675
f 3676/3676/3676 3677/3677/3677 3678/3678/3678
f 3679/3679/3679 3680/3680/3680 3681/3681/3681
f 3682/3682/3682 3683/3683/3683 3684/3684/3684
f 3685/3685/3685 3686/3686/3686 3687/3687/3687
f 3688/3688/3688 3689/3689/3689 3690/3690/3690
f 3691/3691/3691 3692/3692/3692 3693/3693/3693
f 3694/3694/3694 3695/3695/3695 3696/3696/3696
f 3697/3697/3697 3698/3698/3698 3699/3699/3699
f 3700/3700/3700 3701/3701/3701 3702/3702/3702
f 3703/3703/3703 3704/3704/3704 3705/3705/3705
f 3706/3706/3706 3707/3707/3707 3708/3708/3708
f 3709/3709/3709 3710/3710/3710 3711/3711/3711
f 3712/3712/3712 3713/3713/3713 3714/3714/3714
f 3715/3715/3715 3716/3716/3716 3717/3717/3717
f 3718/3718/3718 3719/3719/3719 3720/3720/3720
f 3721/3721/3721 3722/3722/3722 3723/3723/3723
f 3724/3724/3724 3725/3725/3725 3726/3726/3726
f 3727/3727/3727 3728/3728/3728 3729/3729/3729
f 3730/3730/3730 3731/3731/3731 3732/3732/3732
f 3733/3733/3733 3734/3734/3734 3735/3735/3735
f 3736/3736/3736 3737/3737/3737 3738/3738/3738
f 3739/3739/3739 3740/3740/3740 3741/3741/3741
f 3742/3742/3742 3743/3743/3743 3744/3744/3744
f 3745/3745/3745 3746/3746/3746 3747/3747/3747
f 3748/3748/3748 3749/3749/3749 3750/3750/3750
f 3751/3751/3751 3752/3752/3752 3753/3753/3753
f 3754/3754/3754 3755/3755/3755 3756/3756/3756
f 3757/3757/3757 3758/3758/3758 3759/3759/3759
f 3760/3760/3760 3761/3761/3761 3762/3762/3762
f 3763/3763/3763 3764/3764/3764 3765/3765/3765
f 3766/3766/3766 3767/3767/3767 3768/3768/3768
f 3769/3769/3769 3770/3770/3770 3771/3771/3771
f 3772/3772/3772 3773/3773/3773 3774/3774/3774
f 3775/3775/3775 3776/3776/3776 3777/3777/3777
f 3760/3760/3760 3778/3778/3778 3779/3779/3779
f 3780/3780/3780 3781/3781/3781 3782/3782/3782
f 3783/3783/3783 3784/3784/3784 3785/3785/3785
f 3786/3786/3786 3787/3787/3787 3788/3788/3788
f 3789/3789/3789 3790/3790/3790 3791/3791/3791
f 3792/3792/3792 3793/3793/3793 3794/3794/3794
f 3795/3795/3795 3796/3796/3796 3797/3797/3797
f 3798/3798/3798 3799/3799/3799 3800/3800/3800
f 3801/3801/3801 3802/3802/3802 3803/3803/3803
f 3804/3804/3804 3805/3805/3805 3806/3806/3806
f 3807/3807/3807 3808/3808/3808 3809/3809/3809
f 3810/3810/3810 3811/3811/3811 3812/3812/3812
f 3813/3813/3813 3814/3814/3814 3815/3815/3815
f 3816/3816/3816 3817/3817/3817 3818/3818/3818
f 3819/3819/3819 3820/3820/3820 3821/3821/3821
f 3822/3822/3822 3823/3823/3823 3824/3824/3824
f 3825/3825/3825 3826/3826/3826 3827/3827/3827
f 3828/3828/3828 3829/3829/3829 3830/3830/3830
f 3831/3831/3831 3832/3832/3832 3833/3833/3833
f 3834/3834/3834 3835/3835/3835 3836/3836/3836
f 3837/3837/3837 3838/3838/3838 3839/3839/3839
f 3840/3840/3840 3841/3841/3841 3842/3842/3842
f 3843/3843/3843 3844/3844/3844 3845/3845/3845
f 3846/3846/3846 3847/3847/3847 3848/3848/3848
f 3849/3849/3849 3850/3850/3850 3851/3851/3851
f 3852/3852/3852 3853/3853/3853 3854/3854/3854
f 3855/3855/3855 3856/3856/3856 3857/3857/3857
f 3858/3858/3858 3859/3859/3859 3860/3860/3860
f 3861/3861/3861 3862/3862/3862 3863/3863/3863
f 3864/3864/3864 3865/3865/3865 3866/3866/3866
f 3867/3867/3867 3868/3868/3868 3869/3869/3869
f 3870/3870/3870 3871/3871/3871 3872/3872/3872
f 3873/3873/3873 3874/3874/3874 3875/3875/3875
f 3876/3876/3876 3877/3877/3877 3878/3878/3878
f 3879/3879/3879 3880/3880/3880 3881/3881/3881
f 3882/3882/3882 3883/3883/3883 3884/3884/3884
f 3885/3885/3885 3886/3886/3886 3887/3887/3887
f 3888/3888/3888 3889/3889/3889 3890/3890/3890
f 3891/3891/3891 3892/3892/3892 3893/3893/3893
f 3894/3894/3894 3895/3895/3895 3896/3896/3896
f 3897/3897/3897 3898/3898/3898 3899/3899/3899
f 3900/3900/3900 3901/3901/3901 3902/3902/3902
f 3903/3903/3903 3904/3904/3904 3905/3905/3905
f 3906/3906/3906 3907/3907/3907 3908/3908/3908
f 3909/3909/3909 3910/3910/3910 3911/3911/3911
f 3912/3912/3912 3913/3913/3913 3914/3914/3914
f 3915/3915/3915 3916/3916/3916 3917/3917/3917
f 3918/3918/3918 3919/3919/3919 3920/3920/3920
f 3921/3921/3921 3922/3922/3922 3923/3923/3923
f 3924/3924/3924 3925/3925/3925 3926/3926/3926
f 3927/3927/3927 3928/3928/3928 3929/3929/3929
f 3930/3930/3930 3931/3931/3931 3932/3932/3932
f 3933/3933/3933 3934/3934/3934 3935/3935/3935
f 3936/3936/3936 3937/3937/3937 3938/3938/3938
f 3939/3939/3939 3940/3940/3940 3941/3941/3941
f 3942/3942/3942 3943/3943/3943 3944/3944/3944
f 3945/3945/3945 3946/3946/3946 3947/3947/3947
f 3948/3948/3948 3949/3949/3949 3950/3950/3950
f 3951/3951/3951 3952/3952/3952 3953/3953/3953
f 3954/3954/3954 3955/3955/3955 3956/3956/3956
f 3957/3957/3957 3958/3958/3958 3959/3959/3959
f 3960/3960/3960 3961/3961/3961 3962/3962/3962
f 3963/3963/3963 3964/3964/3964 3965/3965/3965
f 3966/3966/3966 3967/3967/3967 3968/3968/3968
f 3969/3969/3969 3970/3970/3970 3971/3971/3971
f 3972/3972/3972 3973/3973/3973 3974/3974/3974
f 3975/3975/3975 3976/3976/3976 3977/3977/3977
f 3978/3978/3978 3979/3979/3979 3980/3980/3980
f 3981/3981/3981 3982/3982/3982 3983/3983/3983
f 3984/3984/3984 3985/3985/3985 3986/3986/3986
f 3987/3987/3987 3988/3988/3988 3989/3989/3989
f 3990/3990/3990 3991/3991/3991 3992/3992/3992
f 3993/3993/3993 3994/3994/3994 3995/3995/3995
f 3996/3996/3996 3997/3997/3997 3998/3998/3998
f 3999/3999/3999 4000/4000/4000 4001/4001/4001
f 4002/4002/4002 4003/4003/4003 4004/4004/4004
f 4005/4005/4005 4006/4006/4006 4007/4007/4007
f 4008/4008/4008 4009/4009/4009 4010/4010/4010
f 4011/4011/4011 4012/4012/4012 4013/4013/4013
f 4014/4014/4014 4015/4015/4015 4016/4016/4016
f 4017/4017/4017 4018/4018/4018 4019/4019/4019
f 4020/4020/4020 4021/4021/4021 4022/4022/4022
f 4023/4023/4023 4024/4024/4024 4025/4025/4025
f 4026/4026/4026 4027/4027/4027 4028/4028/4028
f 4029/4029/4029 4030/4030/4030 4031/4031/4031
f 4032/4032/4032 4033/4033/4033 4034/4034/4034
f 4035/4035/4035 4036/4036/4036 4037/4037/4037
f 4038/4038/4038 4039/4039/4039 4040/4040/4040
f 4041/4041/4041 4042/4042/4042 4043/4043/4043
f 4044/4044/4044 4045/4045/4045 4046/4046/4046
f 4047/4047/4047 4048/4048/4048 4049/4049/4049
f 4050/4050/4050 4051/4051/4051 4052/4052/4052
f 4053/4053/4053 4054/4054/4054 4055/4055/4055
f 4056/4056/4056 4057/4057/4057 4058/4058/4058
f 4059/4059/4059 4060/4060/4060 4061/4061/4061
f 4062/4062/4062 4063/4063/4063 4064/4064/4064
f 4065/4065/4065 4066/4066/4066 4067/4067/4067
f 4068/4068/4068 4069/4069/4069 4070/4070/4070
f 4071/4071/4071 4072/4072/4072 4073/4073/4073
f 4074/4074/4074 4075/4075/4075 4076/4076/4076
f 4077/4077/4077 4078/4078/4078 4079/4079/4079
f 4080/4080/4080 4081/4081/4081 4082/4082/4082
f 4083/4083/4083 4084/4084/4084 4085/4085/4085
f 4086/4086/4086 4087/4087/4087 4088/4088/4088
f 4089/4089/4089 4090/4090/4090 4091/4091/4091
f 4092/4092/4092 4093/4093/4093 4094/4094/4094
f 4095/4095/4095 4096/4096/4096 4097/4097/4097
f 4098/4098/4098 4099/4099/4099 4100/4100/4100
f 4101/4101/4101 4102/4102/4102 4103/4103/4103
f 4104/4104/4104 4105/4105/4105 4106/4106/4106
f 4107/4107/4107 4108/4108/4108 4109/4109/4109
f 4110/4110/4110 4111/4111/4111 4112/4112/4112
f 4113/4113/4113 4114/4114/4114 4115/4115/4115
f 4116/4116/4116 4117/4117/4117 4118/4118/4118
f 4119/4119/4119 4120/4120/4120 4121/4121/4121
f 4122/4122/4122 4123/4123/4123 4124/4124/4124
f 4125/4125/4125 4126/4126/4126 4127/4127/4127
f 4128/4128/4128 4129/4129/4129 4130/4130/4130
f 4131/4131/4131 4132/4132/4132 4133/4133/4133
f 4134/4134/4134 4135/4135/4135 4136/4136/4136
f 4137/4137/4137 4138/4138/4138 4139/4139/4139
f 4140/4140/4140 4141/4141/4141 4142/4142/4142
f 4143/4143/4143 4144/4144/4144 4145/4145/4145
f 4146/4146/4146 4147/4147/4147 4148/4148/4148
f 4149/4149/4149 4150/4150/4150 4151/4151/4151
f 4152/4152/4152 4153/4153/4153 4154/4154/4154
f 4155/4155/4155 4156/4156/4156 4157/4157/4157
f 4158/4158/4158 4159/4159/4159 4160/4160/4160
f 4161/4161/4161 4162/4162/4162 4163/4163/4163
f 4164/4164/4164 4165/4165/4165 4166/4166/4166
f 4167/4167/4167 4168/4168/4168 4169/4169/4169
f 4170/4170/4170 4171/4171/4171 4172/4172/4172
f 4173/4173/4173 4174/4174/4174 4175/4175/4175
f 4176/4176/4176 4177/4177/4177 4178/4178/4178
f 4179/4179/4179 4180/4180/4180 4181/4181/4181
f 4182/4182/4182 4183/4183/4183 4184/4184/4184
f 4185/4185/4185 4186/4186/4186 4187/4187/4187
f 4188/4188/4188 4189/4189/4189 4190/4190/4190
f 4191/4191/4191 4192/4192/4192 4193/4193/4193
f 4194/4194/4194 4195/4195/4195 4196/4196/4196
f 4197/4197/4197 4198/4198/4198 4199/4199/4199
f 4200/4200/4200 4201/4201/4201 4202/4202/4202
f 4203/4203/4203 4204/4204/4204 4205/4205/4205
f 4206/4206/4206 4207/4207/4207 4208/4208/4208
f 4209/4209/4209 4210/4210/4210 4211/4211/4211
f 4212/4212/4212 4213/4213/4213 4214/4214/4214
f 4215/4215/4215 4216/4216/4216 4217/4217/4217
f 4218/4218/4218 4219/4219/4219 4220/4220/4220
f 4221/4221/4221 4222/4222/4222 4223/4223/4223
f 4224/4224/4224 4225/4225/4225 4226/4226/4226
f 4227/4227/4227 4228/4228/4228 4229/4229/4229
f 4230/4230/4230 4231/4231/4231 4232/4232/4232
f 4233/4233/4233 4234/4234/4234 4235/4235/4235
f 4236/4236/4236 4237/4237/4237 4238/4238/4238
f 4239/4239/4239 4240/4240/4240 4241/4241/4241
f 4242/4242/4242 4243/4243/4243 4244/4244/4244
f 4245/4245/4245 4246/4246/4246 4247/4247/4247
f 4248/4248/4248 4249/4249/4249 4250/4250/4250
f 4251/4251/4251 4252/4252/4252 4253/4253/4253
f 4254/4254/4254 4255/4255/4255 4256/4256/4256
f 4257/4257/4257 4258/4258/4258 4259/4259/4259
f 4260/4260/4260 4261/4261/4261 4262/4262/4262
f 4263/4263/4263 4264/4264/4264 4265/4265/4265
f 4266/4266/4266 4267/4267/4267 4268/4268/4268
f 4269/4269/4269 4270/4270/4270 4271/4271/4271
f 4272/4272/4272 4273/4273/4273 4274/4274/4274
f 4275/4275/4275 4276/4276/4276 4277/4277/4277
f 4278/4278/4278 4279/4279/4279 4280/4280/4280
f 4281/4281/4281 4282/4282/4282 4283/4283/4283
f 4284/4284/4284 4285/4285/4285 4286/4286/4286
f 4287/4287/4287 4288/4288/4288 4289/4289/4289
f 4290/4290/4290 4291/4291/4291 4292/4292/4292
f 4293/4293/4293 4294/4294/4294 4295/4295/4295
f 4296/4296/4296 4297/4297/4297 4298/4298/4298
f 4299/4299/4299 4300/4300/4300 4301/4301/4301
f 4302/4302/4302 4303/4303/4303 4304/4304/4304
f 4305/4305/4305 4306/4306/4306 4307/4307/4307
f 4308/4308/4308 4309/4309/4309 4310/4310/4310
f 4311/4311/4311 4312/4312/4312 4313/4313/4313
f 4314/4314/4314 4315/4315/4315 4316/4316/4316
f 4317/4317/4317 4318/4318/4318 4319/4319/4319
f 4320/4320/4320 4321/4321/4321 4322/4322/4322
f 4323/4323/4323 4324/4324/4324 4325/4325/4325
f 4326/4326/4326 4327/4327/4327 4328/4328/4328
f 4329/4329/4329 4330/4330/4330 4331/4331/4331
f 4332/4332/4332 4333/4333/4333 4334/4334/4334
f 4335/4335/4335 4336/4336/4336 4337/4337/4337
f 4338/4338/4338 4339/4339/4339 4340/4340/4340
f 4341/4341/4341 4342/4342/4342 4343/4343/4343
f 4344/4344/4344 4345/4345/4345 4346/4346/4346
f 4347/4347/4347 4348/4348/4348 4349/4349/4349
f 4350/4350/4350 4351/4351/4351 4352/4352/4352
f 4353/4353/4353 4354/4354/4354 4355/4355/4355
f 4356/4356/4356 4357/4357/4357 4358/4358/4358
f 4359/4359/4359 4360/4360/4360 4361/4361/4361
f 4362/4362/4362 4363/4363/4363 4364/4364/4364
f 4365/4365/4365 4366/4366/4366 4367/4367/4367
f 4368/4368/4368 4369/4369/4369 4370/4370/4370
f 4371/4371/4371 4372/4372/4372 4373/4373/4373
f 4374/4374/4374 4375/4375/4375 4376/4376/4376
f 4377/4377/4377 4378/4378/4378 4379/4379/4379
f 4380/4380/4380 4381/4381/4381 4382/4382/4382
f 4383/4383/4383 4384/4384/4384 4385/4385/4385
f 4386/4386/4386 4387/4387/4387 4388/4388/4388
f 4389/4389/4389 4390/4390/4390 4391/4391/4391
f 4392/4392/4392 4393/4393/4393 4394/4394/4394
f 4395/4395/4395 4396/4396/4396 4397/4397/4397
f 4398/4398/4398 4399/4399/4399 4400/4400/4400
f 4401/4401/4401 4402/4402/4402 4403/4403/4403
f 4404/4404/4404 4405/4405/4405 4406/4406/4406
f 4407/4407/4407 4408/4408/4408 4409/4409/4409
f 4410/4410/4410 4411/4411/4411 4412/4412/4412
f 4413/4413/4413 4414/4414/4414 4415/4415/4415
f 4416/4416/4416 4417/4417/4417 4418/4418/4418
f 4419/4419/4419 4420/4420/4420 4421/4421/4421
f 4422/4422/4422 4423/4423/4423 4424/4424/4424
f 4425/4425/4425 4426/4426/4426 4427/4427/4427
f 4428/4428/4428 4429/4429/4429 4430/4430/4430
f 4431/4431/4431 4432/4432/4432 4433/4433/4433
f 4434/4434/4434 4435/4435/4435 4436/4436/4436
f 4437/4437/4437 4438/4438/4438 4439/4439/4439
f 4440/4440/4440 4441/4441/4441 4442/4442/4442
f 4443/4443/4443 4444/4444/4444 4445/4445/4445
f 4446/4446/4446 4447/4447/4447 4448/4448/4448
f 4449/4449/4449 4450/4450/4450 4451/4451/4451
f 4452/4452/4452 4453/4453/4453 4454/4454/4454
f 4455/4455/4455 4456/4456/4456 4457/4457/4457
f 4458/4458/4458 4459/4459/4459 4460/4460/4460
f 4461/4461/4461 4462/4462/4462 4463/4463/4463
f 4464/4464/4464 4465/4465/4465 4466/4466/4466
f 4467/4467/4467 4468/4468/4468 4469/4469/4469
f 4470/4470/4470 4471/4471/4471 4472/4472/4472
f 4473/4473/4473 4474/4474/4474 4475/4475/4475
f 4476/4476/4476 4477/4477/4477 4478/4478/4478
f 4479/4479/4479 4480/4480/4480 4481/4481/4481
f 4482/4482/4482 4483/4483/4483 4484/4484/4484
f 4485/4485/4485 4486/4486/4486 4487/4487/4487
f 4488/4488/4488 4489/4489/4489 4490/4490/4490
f 4491/4491/4491 4492/4492/4492 4493/4493/4493
f 4494/4494/4494 4495/4495/4495 4496/4496/4496
f 4497/4497/4497 4498/4498/4498 4499/4499/4499
f 4500/4500/4500 4501/4501/4501 4502/4502/4502
f 4503/4503/4503 4504/4504/4504 4505/4505/4505
f 4506/4506/4506 4507/4507/4507 4508/4508/4508
f 4509/4509/4509 4510/4510/4510 4511/4511/4511
f 4512/4512/4512 4513/4513/4513 4514/4514/4514
f 4515/4515/4515 4516/4516/4516 4517/4517/4517
f 4518/4518/4518 4519/4519/4519 4520/4520/4520
f 4521/4521/4521 4522/4522/4522 4523/4523/4523
f 4524/4524/4524 4525/4525/4525 4526/4526/4526
f 4527/4527/4527 4528/4528/4528 4529/4529/4529
f 4530/4530/4530 4531/4531/4531 4532/4532/4532
f 4533/4533/4533 4534/4534/4534 4535/4535/4535
f 4536/4536/4536 4537/4537/4537 4538/4538/4538
f 4539/4539/4539 4540/4540/4540 4541/4541/4541
f 4542/4542/4542 4543/4543/4543 4544/4544/4544
f 4545/4545/4545 4546/4546/4546 4547/4547/4547
f 4548/4548/4548 4549/4549/4549 4550/4550/4550
f 4551/4551/4551 4552/4552/4552 4553/4553/4553
f 4554/4554/4554 4555/4555/4555 4556/4556/4556
f 4557/4557/4557 4558/4558/4558 4559/4559/4559
f 4560/4560/4560 4561/4561/4561 4562/4562/4562
f 4563/4563/4563 4564/4564/4564 4565/4565/4565
f 4566/4566/4566 4567/4567/4567 4568/4568/4568
f 4569/4569/4569 4570/4570/4570 4571/4571/4571
f 4572/4572/4572 4573/4573/4573 4574/4574/4574
f 4575/4575/4575 4576/4576/4576 4577/4577/4577
f 4578/4578/4578 4579/4579/4579 4580/4580/4580
f 4581/4581/4581 4582/4582/4582 4583/4583/4583
f 4584/4584/4584 4585/4585/4585 4586/4586/4586
f 4587/4587/4587 4588/4588/4588 4589/4589/4589
f 4590/4590/4590 4591/4591/4591 4592/4592/4592
f 4593/4593/4593 4594/4594/4594 4595/4595/4595
f 4596/4596/4596 4597/4597/4597 4598/4598/4598
f 4599/4599/4599 4600/4600/4600 4601/4601/4601
f 4602/4602/4602 4603/4603/4603 4604/4604/4604
f 4605/4605/4605 4606/4606/4606 4607/4607/4607
f 4608/4608/4608 4609/4609/4609 4610/4610/4610
f 4611/4611/4611 4612/4612/4612 4613/4613/4613
f 4614/4614/4614 4615/4615/4615 4616/4616/4616
f 4617/4617/4617 4618/4618/4618 4619/4619/4619
f 4620/4620/4620 4621/4621/4621 4622/4622/4622
f 4623/4623/4623 4624/4624/4624 4625/4625/4625
f 4626/4626/4626 4627/4627/4627 4628/4628/4628
f 4629/4629/4629 4630/4630/4630 4631/4631/4631
f 4632/4632/4632 4633/4633/4633 4634/4634/4634
f 4635/4635/4635 4636/4636/4636 4637/4637/4637
f 4638/4638/4638 4639/4639/4639 4640/4640/4640
f 4641/4641/4641 4642/4642/4642 4643/4643/4643
f 4644/4644/4644 4645/4645/4645 4646/4646/4646
f 4647/4647/4647 4648/4648/4648 4649/4649/4649
f 4650/4650/4650 4651/4651/4651 4652/4652/4652
f 4653/4653/4653 4654/4654/4654 4655/4655/4655
f 4656/4656/4656 4657/4657/4657 4658/4658/4658
f 4659/4659/4659 4660/4660/4660 4661/4661/4661
f 4662/4662/4662 4663/4663/4663 4664/4664/4664
f 4665/4665/4665 4666/4666/4666 4667/4667/4667
f 4668/4668/4668 4669/4669/4669 4670/4670/4670
f 4671/4671/4671 4672/4672/4672 4673/4673/4673
f 4674/4674/4674 4675/4675/4675 4676/4676/4676
f 4677/4677/4677 4678/4678/4678 4679/4679/4679
f 4680/4680/4680 4681/4681/4681 4682/4682/4682
f 4683/4683/4683 4684/4684/4684 4685/4685/4685
f 4686/4686/4686 4687/4687/4687 4688/4688/4688
f 4689/4689/4689 4690/4690/4690 4691/4691/4691
f 4692/4692/4692 4693/4693/4693 4694/4694/4694
f 4695/4695/4695 4696/4696/4696 4697/4697/4697
f 4698/4698/4698 4699/4699/4699 4700/4700/4700
f 4701/4701/4701 4702/4702/4702 4703/4703/4703
f 4704/4704/4704 4705/4705/4705 4706/4706/4706
f 4707/4707/4707 4708/4708/4708 4709/4709/4709
f 4710/4710/4710 4711/4711/4711 4712/4712/4712
f 4713/4713/4713 4714/4714/4714 4715/4715/4715
f 4716/4716/4716 4717/4717/4717 4718/4718/4718
f 4719/4719/4719 4720/4720/4720 4721/4721/4721
f 4722/4722/4722 4723/4723/4723 4724/4724/4724
f 4725/4725/4725 4726/4726/4726 4727/4727/4727
f 4728/4728/4728 4729/4729/4729 4730/4730/4730
f 4731/4731/4731 4732/4732/4732 4733/4733/4733
f 4734/4734/4734 4735/4735/4735 4736/4736/4736
f 4737/4737/4737 4738/4738/4738 4739/4739/4739
f 4740/4740/4740 4741/4741/4741 4742/4742/4742
f 4743/4743/4743 4744/4744/4744 4745/4745/4745
f 4746/4746/4746 4747/4747/4747 4748/4748/4748
f 4749/4749/4749 4750/4750/4750 4751/4751/4751
f 4752/4752/4752 4753/4753/4753 4754/4754/4754
f 4755/4755/4755 4756/4756/4756 4757/4757/4757
f 4758/4758/4758 4759/4759/4759 4760/4760/4760
f 4761/4761/4761 4762/4762/4762 4763/4763/4763
f 4764/4764/4764 4765/4765/4765 4766/4766/4766
f 4767/4767/4767 4768/4768/4768 4769/4769/4769
f 4770/4770/4770 4771/4771/4771 4772/4772/4772
f 4773/4773/4773 4774/4774/4774 4775/4775/4775
f 4776/4776/4776 4777/4777/4777 4778/4778/4778
f 4779/4779/4779 4780/4780/4780 4781/4781/4781
f 4782/4782/4782 4783/4783/4783 4784/4784/4784
f 4785/4785/4785 4786/4786/4786 4787/4787/4787
f 4788/4788/4788 4789/4789/4789 4790/4790/4790
f 4791/4791/4791 4792/4792/4792 4793/4793/4793
f 4794/4794/4794 4795/4795/4795 4796/4796/4796
f 4797/4797/4797 4798/4798/4798 4799/4799/4799
f 4800/4800/4800 4801/4801/4801 4802/4802/4802
f 4803/4803/4803 4804/4804/4804 4805/4805/4805
f 4806/4806/4806 4807/4807/4807 4808/4808/4808
f 4809/4809/4809 4810/4810/4810 4811/4811/4811
f 4812/4812/4812 4813/4813/4813 4814/4814/4814
f 4815/4815/4815 4816/4816/4816 4817/4817/4817
f 4818/4818/4818 4819/4819/4819 4820/4820/4820
f 4821/4821/4821 4822/4822/4822 4823/4823/4823
f 4824/4824/4824 4825/4825/4825 4826/4826/4826
f 4827/4827/4827 4828/4828/4828 4829/4829/4829
f 4830/4830/4830 4831/4831/4831 4832/4832/4832
f 4833/4833/4833 4834/4834/4834 4835/4835/4835
f 4836/4836/4836 4837/4837/4837 4838/4838/4838
f 4839/4839/4839 4840/4840/4840 4841/4841/4841
f 4842/4842/4842 4843/4843/4843 4844/4844/4844
f 4845/4845/4845 4846/4846/4846 4847/4847/4847
f 4848/4848/4848 4849/4849/4849 4850/4850/4850
f 4851/4851/4851 4852/4852/4852 4853/4853/4853
f 4854/4854/4854 4855/4855/4855 4856/4856/4856
f 4857/4857/4857 4858/4858/4858 4859/4859/4859
f 4860/4860/4860 4861/4861/4861 4862/4862/4862
f 4863/4863/4863 4864/4864/4864 4865/4865/4865
f 4866/4866/4866 4867/4867/4867 4868/4868/4868
f 4869/4869/4869 4870/4870/4870 4871/4871/4871
f 4872/4872/4872 4873/4873/4873 4874/4874/4874
f 4875/4875/4875 4876/4876/4876 4877/4877/4877
f 4878/4878/4878 4879/4879/4879 4880/4880/4880
f 4881/4881/4881 4882/4882/4882 4883/4883/4883
f 4884/4884/4884 4885/4885/4885 4886/4886/4886
f 4887/4887/4887 4888/4888/4888 4889/4889/4889
f 4890/4890/4890 4891/4891/4891 4892/4892/4892
f 4893/4893/4893 4894/4894/4894 4895/4895/4895
f 4896/4896/4896 4897/4897/4897 4898/4898/4898
f 4899/4899/4899 4900/4900/4900 4901/4901/4901
f 4902/4902/4902 4903/4903/4903 4904/4904/4904
f 4905/4905/4905 4906/4906/4906 4907/4907/4907
f 4908/4908/4908 4909/4909/4909 4910/4910/4910
f 4911/4911/4911 4912/4912/4912 4913/4913/4913
f 4914/4914/4914 4915/4915/4915 4916/4916/4916
f 4917/4917/4917 4918/4918/4918 4919/4919/4919
f 4920/4920/4920 4921/4921/4921 4922/4922/4922
f 4923/4923/4923 4924/4924/4924 4925/4925/4925
f 4926/4926/4926 4927/4927/4927 4928/4928/4928
f 4929/4929/4929 4930/4930/4930 4931/4931/4931
f 4932/4932/4932 4933/4933/4933 4934/4934/4934
f 4935/4935/4935 4936/4936/4936 4937/4937/4937
f 4938/4938/4938 4939/4939/4939 4940/4940/4940
f 4941/4941/4941 4942/4942/4942 4943/4943/4943
f 4944/4944/4944 4945/4945/4945 4946/4946/4946
f 4947/4947/4947 4948/4948/4948 4949/4949/4949
f 4950/4950/4950 4951/4951/4951 4952/4952/4952
f 4953/4953/4953 4954/4954/4954 4955/4955/4955
f 4956/4956/4956 4957/4957/4957 4958/4958/4958
f 4959/4959/4959 4960/4960/4960 4961/4961/4961
f 4962/4962/4962 4963/4963/4963 4964/4964/4964
f 4965/4965/4965 4966/4966/4966 4967/4967/4967
f 4968/4968/4968 4969/4969/4969 4970/4970/4970
f 4971/4971/4971 4972/4972/4972 4973/4973/4973
f 4974/4974/4974 4975/4975/4975 4976/4976/4976
f 4977/4977/4977 4978/4978/4978 4979/4979/4979
f 4980/4980/4980 4981/4981/4981 4982/4982/4982
f 4983/4983/4983 4984/4984/4984 4985/4985/4985
f 4986/4986/4986 4987/4987/4987 4988/4988/4988
f 4989/4989/4989 4990/4990/4990 4991/4991/4991
f 4992/4992/4992 4993/4993/4993 4994/4994/4994
f 4995/4995/4995 4996/4996/4996 4997/4997/4997
f 4998/4998/4998 4999/4999/4999 5000/5000/5000
f 5001/5001/5001 5002/5002/5002 5003/5003/5003
f 5004/5004/5004 5005/5005/5005 5006/5006/5006
f 5007/5007/5007 5008/5008/5008 5009/5009/5009
f 5010/5010/5010 5011/5011/5011 5012/5012/5012
f 5013/5013/5013 5014/5014/5014 5015/5015/5015
f 5016/5016/5016 5017/5017/5017 5018/5018/5018
f 5019/5019/5019 5020/5020/5020 5021/5021/5021
f 5022/5022/5022 5023/5023/5023 5024/5024/5024
f 5025/5025/5025 5026/5026/5026 5027/5027/5027
f 5028/5028/5028 5029/5029/5029 5030/5030/5030
f 5031/5031/5031 5032/5032/5032 5033/5033/5033
f 5034/5034/5034 5035/5035/5035 5036/5036/5036
f 5037/5037/5037 5038/5038/5038 5039/5039/5039
f 5040/5040/5040 5041/5041/5041 5042/5042/5042
f 5043/5043/5043 5044/5044/5044 5045/5045/5045
f 5046/5046/5046 5047/5047/5047 5048/5048/5048
f 5049/5049/5049 5050/5050/5050 5051/5051/5051
f 5052/5052/5052 5053/5053/5053 5054/5054/5054
f 5055/5055/5055 5056/5056/5056 5057/5057/5057
f 5058/5058/5058 5059/5059/5059 5060/5060/5060
f 5061/5061/5061 5062/5062/5062 5063/5063/5063
f 5064/5064/5064 5065/5065/5065 5066/5066/5066
f 5067/5067/5067 5068/5068/5068 5069/5069/5069
f 5070/5070/5070 5071/5071/5071 5072/5072/5072
f 5073/5073/5073 5074/5074/5074 5075/5075/5075
f 5076/5076/5076 5077/5077/5077 5078/5078/5078
f 5079/5079/5079 5080/5080/5080 5081/5081/5081
f 5082/5082/5082 5083/5083/5083 5084/5084/5084
f 5085/5085/5085 5086/5086/5086 5087/5087/5087
f 5088/5088/5088 5089/5089/5089 5090/5090/5090
f 5091/5091/5091 5092/5092/5092 5093/5093/5093
f 5094/5094/5094 5095/5095/5095 5096/5096/5096
f 5097/5097/5097 5098/5098/5098 5099/5099/5099
f 5100/5100/5100 5101/5101/5101 5102/5102/5102
f 5103/5103/5103 5104/5104/5104 5105/5105/5105
f 5106/5106/5106 5107/5107/5107 5108/5108/5108
f 5109/5109/5109 5110/5110/5110 5111/5111/5111
f 5112/5112/5112 5113/5113/5113 5114/5114/5114
f 5115/5115/5115 5116/5116/5116 5117/5117/5117
f 5118/5118/5118 5119/5119/5119 5120/5120/5120
f 5121/5121/5121 5122/5122/5122 5123/5123/5123
f 5124/5124/5124 5125/5125/5125 5126/5126/5126
f 5127/5127/5127 5128/5128/5128 5129/5129/5129
f 5130/5130/5130 5131/5131/5131 5132/5132/5132
f 5133/5133/5133 5134/5134/5134 5135/5135/5135
f 5136/5136/5136 5137/5137/5137 5138/5138/5138
f 5139/5139/5139 5140/5140/5140 5141/5141/5141
f 5142/5142/5142 5143/5143/5143 5144/5144/5144
f 5145/5145/5145 5146/5146/5146 5147/5147/5147
f 5148/5148/5148 5149/5149/5149 5150/5150/5150
f 5151/5151/5151 5152/5152/5152 5153/5153/5153
f 5154/5154/5154 5155/5155/5155 5156/5156/5156
f 5157/5157/5157 5158/5158/5158 5159/5159/5159
f 5160/5160/5160 5161/5161/5161 5162/5162/5162
f 5163/5163/5163 5164/5164/5164 5165/5165/5165
f 5166/5166/5166 5167/5167/5167 5168/5168/5168
f 5169/5169/5169 5170/5170/5170 5171/5171/5171
f 5172/5172/5172 5173/5173/5173 5174/5174/5174
f 5175/5175/5175 5176/5176/5176 5177/5177/5177
f 5178/5178/5178 5179/5179/5179 5180/5180/5180
f 5181/5181/5181 5182/5182/5182 5183/5183/5183
f 5184/5184/5184 5185/5185/5185 5186/5186/5186
f 5187/5187/5187 5188/5188/5188 5189/5189/5189
f 5190/5190/5190 5191/5191/5191 5192/5192/5192
f 5193/5193/5193 5194/5194/5194 5195/5195/5195
f 5196/5196/5196 5197/5197/5197 5198/5198/5198
f 5199/5199/5199 5200/5200/5200 5201/5201/5201
f 5202/5202/5202 5203/5203/5203 5204/5204/5204
f 5205/5205/5205 5206/5206/5206 5207/5207/5207
f 5208/5208/5208 5209/5209/5209 5210/5210/5210
f 5211/5211/5211 5212/5212/5212 5213/5213/5213
f 5214/5214/5214 5215/5215/5215 5216/5216/5216
f 5217/5217/5217 5218/5218/5218 5219/5219/5219
f 5220/5220/5220 5221/5221/5221 5222/5222/5222
f 5223/5223/5223 5224/5224/5224 5225/5225/5225
f 5226/5226/5226 5227/5227/5227 5228/5228/5228
f 5229/5229/5229 5230/5230/5230 5231/5231/5231
f 5232/5232/5232 5233/5233/5233 5234/5234/5234
f 5235/5235/5235 5236/5236/5236 5237/5237/5237
f 5238/5238/5238 5239/5239/5239 5240/5240/5240
f 5241/5241/5241 5242/5242/5242 5243/5243/5243
f 5244/5244/5244 5245/5245/5245 5246/5246/5246
f 5247/5247/5247 5248/5248/5248 5249/5249/5249
f 5250/5250/5250 5251/5251/5251 5252/5252/5252
f 5253/5253/5253 5254/5254/5254 5255/5255/5255
f 5256/5256/5256 5257/5257/5257 5258/5258/5258
f 5259/5259/5259 5260/5260/5260 5261/5261/5261
f 5262/5262/5262 5263/5263/5263 5264/5264/5264
f 5265/5265/5265 5266/5266/5266 5267/5267/5267
f 5268/5268/5268 5269/5269/5269 5270/5270/5270
f 5271/5271/5271 5272/5272/5272 5273/5273/5273
f 5274/5274/5274 5275/5275/5275 5276/5276/5276
f 5277/5277/5277 5278/5278/5278 5279/5279/5279
f 5280/5280/5280 5281/5281/5281 5282/5282/5282
f 5283/5283/5283 5284/5284/5284 5285/5285/5285
f 5286/5286/5286 5287/5287/5287 5288/5288/5288
f 5289/5289/5289 5290/5290/5290 5291/5291/5291
f 5292/5292/5292 5293/5293/5293 5294/5294/5294
f 5295/5295/5295 5296/5296/5296 5297/5297/5297
f 5298/5298/5298 5299/5299/5299 5300/5300/5300
f 5301/5301/5301 5302/5302/5302 5303/5303/5303
f 5304/5304/5304 5305/5305/5305 5306/5306/5306
f 5307/5307/5307 5308/5308/5308 5309/5309/5309
f 5310/5310/5310 5311/5311/5311 5312/5312/5312
f 5313/5313/5313 5314/5314/5314 5315/5315/5315
f 5316/5316/5316 5317/5317/5317 5318/5318/5318
f 5319/5319/5319 5320/5320/5320 5321/5321/5321
f 5322/5322/5322 5323/5323/5323 5324/5324/5324
f 5325/5325/5325 5326/5326/5326 5327/5327/5327
f 5328/5328/5328 5329/5329/5329 5330/5330/5330
f 5331/5331/5331 5332/5332/5332 5333/5333/5333
f 5334/5334/5334 5335/5335/5335 5336/5336/5336
f 5337/5337/5337 5338/5338/5338 5339/5339/5339
f 5340/5340/5340 5341/5341/5341 5342/5342/5342
f 5343/5343/5343 5344/5344/5344 5345/5345/5345
f 5346/5346/5346 5347/5347/5347 5348/5348/5348
f 5349/5349/5349 5350/5350/5350 5351/5351/5351
f 5352/5352/5352 5353/5353/5353 5354/5354/5354
f 5355/5355/5355 5356/5356/5356 5357/5357/5357
f 5358/5358/5358 5359/5359/5359 5360/5360/5360
f 5361/5361/5361 5362/5362/5362 5363/5363/5363
f 5364/5364/5364 5365/5365/5365 5366/5366/5366
f 5367/5367/5367 5368/5368/5368 5369/5369/5369
f 5370/5370/5370 5371/5371/5371 5372/5372/5372
f 5373/5373/5373 5374/5374/5374 5375/5375/5375
f 5376/5376/5376 5377/5377/5377 5378/5378/5378
f 5379/5379/5379 5380/5380/5380 5381/5381/5381
f 5382/5382/5382 5383/5383/5383 5384/5384/5384
f 5385/5385/5385 5386/5386/5386 5387/5387/5387
f 5388/5388/5388 5389/5389/5389 5390/5390/5390
f 5391/5391/5391 5392/5392/5392 5393/5393/5393
f 5394/5394/5394 5395/5395/5395 5396/5396/5396
f 5397/5397/5397 5398/5398/5398 5399/5399/5399
f 5400/5400/5400 5401/5401/5401 5402/5402/5402
f 5403/5403/5403 5404/5404/5404 5405/5405/5405
f 5406/5406/5406 5407/5407/5407 5408/5408/5408
f 5409/5409/5409 5410/5410/5410 5411/5411/5411
f 5412/5412/5412 5413/5413/5413 5414/5414/5414
f 5415/5415/5415 5416/5416/5416 5417/5417/5417
f 5418/5418/5418 5419/5419/5419 5420/5420/5420
f 5421/5421/5421 5422/5422/5422 5423/5423/5423
f 5424/5424/5424 5425/5425/5425 5426/5426/5426
f 5427/5427/5427 5428/5428/5428 5429/5429/5429
f 5430/5430/5430 5431/5431/5431 5432/5432/5432
f 5433/5433/5433 5434/5434/5434 5435/5435/5435
f 5436/5436/5436 5437/5437/5437 5438/5438/5438
f 5439/5439/5439 5440/5440/5440 5441/5441/5441
f 5442/5442/5442 5443/5443/5443 5444/5444/5444
f 5445/5445/5445 5446/5446/5446 5447/5447/5447
f 5448/5448/5448 5449/5449/5449 5450/5450/5450
f 5451/5451/5451 5452/5452/5452 5453/5453/5453
f 5454/5454/5454 5455/5455/5455 5456/5456/5456
f 5457/5457/5457 5458/5458/5458 5459/5459/5459
f 5460/5460/5460 5461/5461/5461 5462/5462/5462
f 5463/5463/5463 5464/5464/5464 5465/5465/5465
f 5466/5466/5466 5467/5467/5467 5468/5468/5468
f 5469/5469/5469 5470/5470/5470 5471/5471/5471
f 5472/5472/5472 5473/5473/5473 5474/5474/5474
f 5475/5475/5475 5476/5476/5476 5477/5477/5477
f 5478/5478/5478 5479/5479/5479 5480/5480/5480
f 5481/5481/5481 5482/5482/5482 5483/5483/5483
f 5484/5484/5484 5485/5485/5485 5486/5486/5486
f 5487/5487/5487 5488/5488/5488 5489/5489/5489
f 5490/5490/5490 5491/5491/5491 5492/5492/5492
f 5493/5493/5493 5494/5494/5494 5495/5495/5495
f 5496/5496/5496 5497/5497/5497 5498/5498/5498
f 5499/5499/5499 5500/5500/5500 5501/5501/5501
f 5502/5502/5502 5503/5503/5503 5504/5504/5504
f 5505/5505/5505 5506/5506/5506 5507/5507/5507
f 5508/5508/5508 5509/5509/5509 5510/5510/5510
f 5511/5511/5511 5512/5512/5512 5513/5513/5513
f 5514/5514/5514 5515/5515/5515 5516/5516/5516
f 5517/5517/5517 5518/5518/5518 5519/5519/5519
f 5520/5520/5520 5521/5521/5521 5522/5522/5522
f 5523/5523/5523 5524/5524/5524 5525/5525/5525
f 5526/5526/5526 5527/5527/5527 5528/5528/5528
f 5529/5529/5529 5530/5530/5530 5531/5531/5531
f 5532/5532/5532 5533/5533/5533 5534/5534/5534
f 5535/5535/5535 5536/5536/5536 5537/5537/5537
f 5538/5538/5538 5539/5539/5539 5540/5540/5540
f 5541/5541/5541 5542/5542/5542 5543/5543/5543
f 5544/5544/5544 5545/5545/5545 5546/5546/5546
f 5547/5547/5547 5548/5548/5548 5549/5549/5549
f 5550/5550/5550 5551/5551/5551 5552/5552/5552
f 5553/5553/5553 5554/5554/5554 5555/5555/5555
f 5556/5556/5556 5557/5557/5557 5558/5558/5558
f 5559/5559/5559 5560/5560/5560 5561/5561/5561
f 5562/5562/5562 5563/5563/5563 5564/5564/5564
f 5565/5565/5565 5566/5566/5566 5567/5567/5567
f 5568/5568/5568 5569/5569/5569 5570/5570/5570
f 5571/5571/5571 5572/5572/5572 5573/5573/5573
f 5574/5574/5574 5575/5575/5575 5576/5576/5576
f 5577/5577/5577 5578/5578/5578 5579/5579/5579
f 5580/5580/5580 5581/5581/5581 5582/5582/5582
f 5583/5583/5583 5584/5584/5584 5585/5585/5585
f 5586/5586/5586 5587/5587/5587 5588/5588/5588
f 5589/5589/5589 5590/5590/5590 5591/5591/5591
f 5592/5592/5592 5593/5593/5593 5594/5594/5594
f 5595/5595/5595 5596/5596/5596 5597/5597/5597
f 5598/5598/5598 5599/5599/5599 5600/5600/5600
f 5601/5601/5601 5602/5602/5602 5603/5603/5603
f 5604/5604/5604 5605/5605/5605 5606/5606/5606
f 5607/5607/5607 5608/5608/5608 5609/5609/5609
f 5610/5610/5610 5611/5611/5611 5612/5612/5612
f 5613/5613/5613 5614/5614/5614 5615/5615/5615
f 5616/5616/5616 5617/5617/5617 5618/5618/5618
f 5619/5619/5619 5620/5620/5620 5621/5621/5621
f 5622/5622/5622 5623/5623/5623 5624/5624/5624
f 5625/5625/5625 5626/5626/5626 5627/5627/5627
f 5628/5628/5628 5629/5629/5629 5630/5630/5630
f 5631/5631/5631 5632/5632/5632 5633/5633/5633
f 5634/5634/5634 5635/5635/5635 5636/5636/5636
f 5637/5637/5637 5638/5638/5638 5639/5639/5639
f 5640/5640/5640 5641/5641/5641 5642/5642/5642
f 5643/5643/5643 5644/5644/5644 5645/5645/5645
f 5646/5646/5646 5647/5647/5647 5648/5648/5648
f 5649/5649/5649 5650/5650/5650 5651/5651/5651
f 5652/5652/5652 5653/5653/5653 5654/5654/5654
f 5655/5655/5655 5656/5656/5656 5657/5657/5657
f 5658/5658/5658 5659/5659/5659 5660/5660/5660
f 5661/5661/5661 5662/5662/5662 5663/5663/5663
f 5664/5664/5664 5665/5665/5665 5666/5666/5666
f 5667/5667/5667 5668/5668/5668 5669/5669/5669
f 5670/5670/5670 5671/5671/5671 5672/5672/5672
f 5673/5673/5673 5674/5674/5674 5675/5675/5675
f 5676/5676/5676 5677/5677/5677 5678/5678/5678
f 5679/5679/5679 5680/5680/5680 5681/5681/5681
f 5682/5682/5682 5683/5683/5683 5684/5684/5684
f 5685/5685/5685 5686/5686/5686 5687/5687/5687
f 5688/5688/5688 5689/5689/5689 5690/5690/5690
f 5691/5691/5691 5692/5692/5692 5693/5693/5693
f 5694/5694/5694 5695/5695/5695 5696/5696/5696
f 5697/5697/5697 5698/5698/5698 5699/5699/5699
f 5700/5700/5700 5701/5701/5701 5702/5702/5702
f 5703/5703/5703 5704/5704/5704 5705/5705/5705
f 5706/5706/5706 5707/5707/5707 5708/5708/5708
f 5709/5709/5709 5710/5710/5710 5711/5711/5711
f 5712/5712/5712 5713/5713/5713 5714/5714/5714
f 5715/5715/5715 5716/5716/5716 5717/5717/5717
f 5718/5718/5718 5719/5719/5719 5720/5720/5720
f 5721/5721/5721 5722/5722/5722 5723/5723/5723
f 5724/5724/5724 5725/5725/5725 5726/5726/5726
f 5727/5727/5727 5728/5728/5728 5729/5729/5729
f 5730/5730/5730 5731/5731/5731 5732/5732/5732
f 5733/5733/5733 5734/5734/5734 5735/5735/5735
f 5736/5736/5736 5737/5737/5737 5738/5738/5738
f 5739/5739/5739 5740/5740/5740 5741/5741/5741
f 5742/5742/5742 5743/5743/5743 5744/5744/5744
f 5745/5745/5745 5746/5746/5746 5747/5747/5747
f 5748/5748/5748 5749/5749/5749 5750/5750/5750
f 5751/5751/5751 5752/5752/5752 5753/5753/5753
f 5754/5754/5754 5755/5755/5755 5756/5756/5756
f 5757/5757/5757 5758/5758/5758 5759/5759/5759
f 5760/5760/5760 5761/5761/5761 5762/5762/5762
f 5763/5763/5763 5764/5764/5764 5765/5765/5765
f 5766/5766/5766 5767/5767/5767 5768/5768/5768
f 5769/5769/5769 5770/5770/5770 5771/5771/5771
f 5772/5772/5772 5773/5773/5773 5774/5774/5774
f 5775/5775/5775 5776/5776/5776 5777/5777/5777
f 5778/5778/5778 5779/5779/5779 5780/5780/5780
f 5781/5781/5781 5782/5782/5782 5783/5783/5783
f 5784/5784/5784 5785/5785/5785 5786/5786/5786
f 5787/5787/5787 5788/5788/5788 5789/5789/5789
f 5790/5790/5790 5791/5791/5791 5792/5792/5792
f 5793/5793/5793 5794/5794/5794 5795/5795/5795
f 5796/5796/5796 5797/5797/5797 5798/5798/5798
f 5799/5799/5799 5800/5800/5800 5801/5801/5801
f 5802/5802/5802 5803/5803/5803 5804/5804/5804
f 5805/5805/5805 5806/5806/5806 5807/5807/5807
f 5808/5808/5808 5809/5809/5809 5810/5810/5810
f 5811/5811/5811 5812/5812/5812 5813/5813/5813
f 5814/5814/5814 5815/5815/5815 5816/5816/5816
f 5817/5817/5817 5818/5818/5818 5819/5819/5819
f 5820/5820/5820 5821/5821/5821 5822/5822/5822
f 5823/5823/5823 5824/5824/5824 5825/5825/5825
f 5826/5826/5826 5827/5827/5827 5828/5828/5828
f 5829/5829/5829 5830/5830/5830 5831/5831/5831
f 5832/5832/5832 5833/5833/5833 5834/5834/5834
f 5835/5835/5835 5836/5836/5836 5837/5837/5837
f 5838/5838/5838 5839/5839/5839 5840/5840/5840
f 5841/5841/5841 5842/5842/5842 5843/5843/5843
f 5844/5844/5844 5845/5845/5845 5846/5846/5846
f 5847/5847/5847 5848/5848/5848 5849/5849/5849
f 5850/5850/5850 5851/5851/5851 5852/5852/5852
f 5853/5853/5853 5854/5854/5854 5855/5855/5855
f 5856/5856/5856 5857/5857/5857 5858/5858/5858
f 5859/5859/5859 5860/5860/5860 5861/5861/5861
f 5862/5862/5862 5863/5863/5863 5864/5864/5864
f 5865/5865/5865 5866/5866/5866 5867/5867/5867
f 5868/5868/5868 5869/5869/5869 5870/5870/5870
f 5871/5871/5871 5872/5872/5872 5873/5873/5873
f 5874/5874/5874 5875/5875/5875 5876/5876/5876
f 5877/5877/5877 5878/5878/5878 5879/5879/5879
f 5880/5880/5880 5881/5881/5881 5882/5882/5882
f 5883/5883/5883 5884/5884/5884 5885/5885/5885
f 5886/5886/5886 5887/5887/5887 5888/5888/5888
f 5889/5889/5889 5890/5890/5890 5891/5891/5891
f 5892/5892/5892 5893/5893/5893 5894/5894/5894
f 5895/5895/5895 5896/5896/5896 5897/5897/5897
f 5898/5898/5898 5899/5899/5899 5900/5900/5900
f 5901/5901/5901 5902/5902/5902 5903/5903/5903
f 5904/5904/5904 5905/5905/5905 5906/5906/5906
f 5907/5907/5907 5908/5908/5908 5909/5909/5909
f 5910/5910/5910 5911/5911/5911 5912/5912/5912
f 5913/5913/5913 5914/5914/5914 5915/5915/5915
f 5916/5916/5916 5917/5917/5917 5918/5918/5918
f 5919/5919/5919 5920/5920/5920 5921/5921/5921
f 5922/5922/5922 5923/5923/5923 5924/5924/5924
f 5925/5925/5925 5926/5926/5926 5927/5927/5927
f 5928/5928/5928 5929/5929/5929 5930/5930/5930
f 5931/5931/5931 5932/5932/5932 5933/5933/5933
f 5934/5934/5934 5935/5935/5935 5936/5936/5936
f 5937/5937/5937 5938/5938/5938 5939/5939/5939
f 5940/5940/5940 5941/5941/5941 5942/5942/5942
f 5943/5943/5943 5944/5944/5944 5945/5945/5945
f 5946/5946/5946 5947/5947/5947 5948/5948/5948
f 5949/5949/5949 5950/5950/5950 5951/5951/5951
f 5952/5952/5952 5953/5953/5953 5954/5954/5954
f 5955/5955/5955 5956/5956/5956 5957/5957/5957
f 5958/5958/5958 5959/5959/5959 5960/5960/5960
f 5961/5961/5961 5962/5962/5962 5963/5963/5963
f 5964/5964/5964 5965/5965/5965 5966/5966/5966
f 5967/5967/5967 5968/5968/5968 5969/5969/5969
f 5970/5970/5970 5971/5971/5971 5972/5972/5972
f 5973/5973/5973 5974/5974/5974 5975/5975/5975
f 5976/5976/5976 5977/5977/5977 5978/5978/5978
f 5979/5979/5979 5980/5980/5980 5981/5981/5981
f 5982/5982/5982 5983/5983/5983 5984/5984/5984
f 5985/5985/5985 5986/5986/5986 5987/5987/5987
f 5988/5988/5988 5989/5989/5989 5990/5990/5990
f 5991/5991/5991 5992/5992/5992 5993/5993/5993
f 5994/5994/5994 5995/5995/5995 5996/5996/5996
f 5997/5997/5997 5998/5998/5998 5999/5999/5999
f 6000/6000/6000 6001/6001/6001 6002/6002/6002
f 6003/6003/6003 6004/6004/6004 6005/6005/6005
f 6006/6006/6006 6007/6007/6007 6008/6008/6008
f 6009/6009/6009 6010/6010/6010 6011/6011/6011
f 6012/6012/6012 6013/6013/6013 6014/6014/6014
f 6015/6015/6015 6016/6016/6016 6017/6017/6017
f 6018/6018/6018 6019/6019/6019 6020/6020/6020
f 6021/6021/6021 6022/6022/6022 6023/6023/6023
f 6024/6024/6024 6025/6025/6025 6026/6026/6026
f 6027/6027/6027 6028/6028/6028 6029/6029/6029
f 6030/6030/6030 6031/6031/6031 6032/6032/6032
f 6033/6033/6033 6034/6034/6034 6035/6035/6035
f 6036/6036/6036 6037/6037/6037 6038/6038/6038
f 6039/6039/6039 6040/6040/6040 6041/6041/6041
f 6042/6042/6042 6043/6043/6043 6044/6044/6044
f 6045/6045/6045 6046/6046/6046 6038/6038/6038
f 6047/6047/6047 6048/6048/6048 6049/6049/6049
f 6050/6050/6050 6051/6051/6051 6052/6052/6052
f 6053/6053/6053 6054/6054/6054 6055/6055/6055
f 6056/6056/6056 6057/6057/6057 6058/6058/6058
f 6059/6059/6059 6060/6060/6060 6061/6061/6061
f 6062/6062/6062 6063/6063/6063 6064/6064/6064
f 6065/6065/6065 6066/6066/6066 6067/6067/6067
f 6068/6068/6068 6069/6069/6069 6070/6070/6070
f 6071/6071/6071 6072/6072/6072 6073/6073/6073
f 6074/6074/6074 6075/6075/6075 6076/6076/6076
f 6077/6077/6077 6078/6078/6078 6079/6079/6079
f 6080/6080/6080 6081/6081/6081 6082/6082/6082
f 6083/6083/6083 6084/6084/6084 6085/6085/6085
f 6086/6086/6086 6087/6087/6087 6088/6088/6088
f 6089/6089/6089 6090/6090/6090 6091/6091/6091
f 6092/6092/6092 6093/6093/6093 6094/6094/6094
f 6095/6095/6095 6096/6096/6096 6097/6097/6097
f 6098/6098/6098 6099/6099/6099 6100/6100/6100
f 6101/6101/6101 6102/6102/6102 6103/6103/6103
f 6104/6104/6104 6105/6105/6105 6106/6106/6106
f 6107/6107/6107 6108/6108/6108 6109/6109/6109
f 6110/6110/6110 6111/6111/6111 6112/6112/6112
f 6113/6113/6113 6114/6114/6114 6115/6115/6115
f 6116/6116/6116 6117/6117/6117 6118/6118/6118
f 6119/6119/6119 6120/6120/6120 6121/6121/6121
f 6122/6122/6122 6123/6123/6123 6124/6124/6124
f 6125/6125/6125 6126/6126/6126 6127/6127/6127
f 6128/6128/6128 6129/6129/6129 6130/6130/6130
f 6131/6131/6131 6132/6132/6132 6133/6133/6133
f 6134/6134/6134 6135/6135/6135 6136/6136/6136
f 6137/6137/6137 6138/6138/6138 6139/6139/6139
f 6140/6140/6140 6141/6141/6141 6142/6142/6142
f 6143/6143/6143 6144/6144/6144 6145/6145/6145
f 6146/6146/6146 6147/6147/6147 6148/6148/6148
f 6149/6149/6149 6150/6150/6150 6151/6151/6151
f 6152/6152/6152 6153/6153/6153 6154/6154/6154
f 6155/6155/6155 6156/6156/6156 6157/6157/6157
f 6158/6158/6158 6159/6159/6159 6160/6160/6160
f 6161/6161/6161 6162/6162/6162 6163/6163/6163
f 6164/6164/6164 6165/6165/6165 6166/6166/6166
f 6167/6167/6167 6168/6168/6168 6169/6169/6169
f 6170/6170/6170 6171/6171/6171 6172/6172/6172
f 6173/6173/6173 6174/6174/6174 6175/6175/6175
f 6176/6176/6176 6177/6177/6177 6178/6178/6178
f 6179/6179/6179 6180/6180/6180 6181/6181/6181
f 6182/6182/6182 6183/6183/6183 6184/6184/6184
f 6185/6185/6185 6186/6186/6186 6187/6187/6187
f 6188/6188/6188 6189/6189/6189 6190/6190/6190
f 6191/6191/6191 6192/6192/6192 6193/6193/6193
f 6194/6194/6194 6195/6195/6195 6196/6196/6196
f 6197/6197/6197 6198/6198/6198 6199/6199/6199
f 6200/6200/6200 6201/6201/6201 6202/6202/6202
f 6203/6203/6203 6204/6204/6204 6205/6205/6205
f 6206/6206/6206 6207/6207/6207 6208/6208/6208
f 6209/6209/6209 6210/6210/6210 6211/6211/6211
f 6212/6212/6212 6213/6213/6213 6214/6214/6214
f 6215/6215/6215 6216/6216/6216 6217/6217/6217
f 6218/6218/6218 6219/6219/6219 6220/6220/6220
f 6221/6221/6221 6222/6222/6222 6223/6223/6223
f 6224/6224/6224 6225/6225/6225 6226/6226/6226
f 6227/6227/6227 6228/6228/6228 6229/6229/6229
f 6230/6230/6230 6231/6231/6231 6232/6232/6232
f 6233/6233/6233 6234/6234/6234 6235/6235/6235
f 6236/6236/6236 6237/6237/6237 6238/6238/6238
f 6239/6239/6239 6240/6240/6240 6241/6241/6241
f 6242/6242/6242 6243/6243/6243 6244/6244/6244
f 6245/6245/6245 6246/6246/6246 6247/6247/6247
f 6248/6248/6248 6249/6249/6249 6250/6250/6250
f 6251/6251/6251 6252/6252/6252 6253/6253/6253
f 6254/6254/6254 6255/6255/6255 6256/6256/6256
f 6257/6257/6257 6243/6243/6243 6258/6258/6258
f 6259/6259/6259 6260/6260/6260 6261/6261/6261
f 6262/6262/6262 6263/6263/6263 6264/6264/6264
f 6265/6265/6265 6266/6266/6266 6267/6267/6267
f 6268/6268/6268 6269/6269/6269 6270/6270/6270
f 6271/6271/6271 6272/6272/6272 6273/6273/6273
f 6274/6274/6274 6275/6275/6275 6276/6276/6276
f 6277/6277/6277 6278/6278/6278 6279/6279/6279
f 6280/6280/6280 6281/6281/6281 6282/6282/6282
f 6283/6283/6283 6284/6284/6284 6285/6285/6285
f 6286/6286/6286 6287/6287/6287 6288/6288/6288
f 6289/6289/6289 6290/6290/6290 6291/6291/6291
f 6292/6292/6292 6293/6293/6293 6294/6294/6294
f 6295/6295/6295 6296/6296/6296 6297/6297/6297
f 6298/6298/6298 6299/6299/6299 6300/6300/6300
f 6301/6301/6301 6302/6302/6302 6303/6303/6303
f 6304/6304/6304 6305/6305/6305 6306/6306/6306
f 6307/6307/6307 6308/6308/6308 6309/6309/6309
f 6310/6310/6310 6311/6311/6311 6312/6312/6312
f 6313/6313/6313 6314/6314/6314 6315/6315/6315
f 6316/6316/6316 6317/6317/6317 6318/6318/6318
f 6319/6319/6319 6320/6320/6320 6321/6321/6321
f 6322/6322/6322 6323/6323/6323 6324/6324/6324
f 6325/6325/6325 6326/6326/6326 6327/6327/6327
f 6328/6328/6328 6329/6329/6329 6330/6330/6330
f 6331/6331/6331 6332/6332/6332 6333/6333/6333
f 6334/6334/6334 6335/6335/6335 6336/6336/6336
f 6337/6337/6337 6338/6338/6338 6339/6339/6339
f 6340/6340/6340 6341/6341/6341 6342/6342/6342
f 6343/6343/6343 6344/6344/6344 6345/6345/6345
f 6346/6346/6346 6347/6347/6347 6348/6348/6348
f 6349/6349/6349 6350/6350/6350 6351/6351/6351
f 6352/6352/6352 6353/6353/6353 6354/6354/6354
f 6355/6355/6355 6356/6356/6356 6357/6357/6357
f 6358/6358/6358 6359/6359/6359 6360/6360/6360
f 6361/6361/6361 6362/6362/6362 6363/6363/6363
f 6364/6364/6364 6365/6365/6365 6366/6366/6366
f 6367/6367/6367 6368/6368/6368 6369/6369/6369
f 6370/6370/6370 6371/6371/6371 6372/6372/6372
f 6373/6373/6373 6374/6374/6374 6375/6375/6375
f 6376/6376/6376 6377/6377/6377 6378/6378/6378
f 6379/6379/6379 6380/6380/6380 6381/6381/6381
f 6382/6382/6382 6383/6383/6383 6384/6384/6384
f 6385/6385/6385 6386/6386/6386 6387/6387/6387
f 6388/6388/6388 6389/6389/6389 6390/6390/6390
f 6391/6391/6391 6392/6392/6392 6393/6393/6393
f 6394/6394/6394 6395/6395/6395 6396/6396/6396
f 6397/6397/6397 6398/6398/6398 6399/6399/6399
f 6400/6400/6400 6401/6401/6401 6402/6402/6402
f 6403/6403/6403 6404/6404/6404 6405/6405/6405
f 6406/6406/6406 6407/6407/6407 6408/6408/6408
f 6409/6409/6409 6410/6410/6410 6411/6411/6411
f 6412/6412/6412 6413/6413/6413 6414/6414/6414
f 6415/6415/6415 6416/6416/6416 6417/6417/6417
f 6418/6418/6418 6419/6419/6419 6420/6420/6420
f 6421/6421/6421 6422/6422/6422 6423/6423/6423
f 6424/6424/6424 6425/6425/6425 6426/6426/6426
f 6427/6427/6427 6428/6428/6428 6429/6429/6429
f 6430/6430/6430 6431/6431/6431 6432/6432/6432
f 6433/6433/6433 6434/6434/6434 6435/6435/6435
f 6436/6436/6436 6437/6437/6437 6438/6438/6438
f 6439/6439/6439 6440/6440/6440 6441/6441/6441
f 6442/6442/6442 6443/6443/6443 6444/6444/6444
f 6445/6445/6445 6446/6446/6446 6447/6447/6447
f 6448/6448/6448 6449/6449/6449 6450/6450/6450
f 6451/6451/6451 6452/6452/6452 6453/6453/6453
f 6454/6454/6454 6455/6455/6455 6456/6456/6456
f 6457/6457/6457 6458/6458/6458 6459/6459/6459
f 6460/6460/6460 6461/6461/6461 6462/6462/6462
f 6463/6463/6463 6464/6464/6464 6465/6465/6465
f 6466/6466/6466 6467/6467/6467 6468/6468/6468
f 6469/6469/6469 6470/6470/6470 6471/6471/6471
f 6472/6472/6472 6473/6473/6473 6474/6474/6474
f 6475/6475/6475 6476/6476/6476 6477/6477/6477
f 6478/6478/6478 6479/6479/6479 6480/6480/6480
f 6481/6481/6481 6482/6482/6482 6483/6483/6483
f 6484/6484/6484 6485/6485/6485 6486/6486/6486
f 6487/6487/6487 6488/6488/6488 6489/6489/6489
f 6490/6490/6490 6491/6491/6491 6492/6492/6492
f 6493/6493/6493 6494/6494/6494 6495/6495/6495
f 6496/6496/6496 6497/6497/6497 6498/6498/6498
f 6499/6499/6499 6500/6500/6500 6501/6501/6501
f 6502/6502/6502 6503/6503/6503 6504/6504/6504
f 6505/6505/6505 6506/6506/6506 6507/6507/6507
f 6508/6508/6508 6509/6509/6509 6510/6510/6510
f 6511/6511/6511 6512/6512/6512 6513/6513/6513
f 6514/6514/6514 6515/6515/6515 6516/6516/6516
f 6517/6517/6517 6518/6518/6518 6519/6519/6519
f 6520/6520/6520 6521/6521/6521 6522/6522/6522
f 6523/6523/6523 6524/6524/6524 6525/6525/6525
f 6526/6526/6526 6527/6527/6527 6528/6528/6528
f 6529/6529/6529 6530/6530/6530 6531/6531/6531
f 6532/6532/6532 6533/6533/6533 6534/6534/6534
f 6535/6535/6535 6536/6536/6536 6537/6537/6537
f 6538/6538/6538 6539/6539/6539 6540/6540/6540
f 6541/6541/6541 6542/6542/6542 6543/6543/6543
f 6544/6544/6544 6545/6545/6545 6546/6546/6546
f 6547/6547/6547 6548/6548/6548 6549/6549/6549
f 6550/6550/6550 6551/6551/6551 6552/6552/6552
f 6553/6553/6553 6554/6554/6554 6555/6555/6555
f 6556/6556/6556 6557/6557/6557 6558/6558/6558
f 6559/6559/6559 6560/6560/6560 6561/6561/6561
f 6562/6562/6562 6563/6563/6563 6564/6564/6564
f 6565/6565/6565 6566/6566/6566 6567/6567/6567
f 6568/6568/6568 6569/6569/6569 6570/6570/6570
f 6571/6571/6571 6572/6572/6572 6573/6573/6573
f 6574/6574/6574 6575/6575/6575 6576/6576/6576
f 6577/6577/6577 6578/6578/6578 6579/6579/6579
f 6580/6580/6580 6581/6581/6581 6582/6582/6582
f 6583/6583/6583 6584/6584/6584 6585/6585/6585
f 6586/6586/6586 6587/6587/6587 6588/6588/6588
f 6589/6589/6589 6590/6590/6590 6591/6591/6591
f 6592/6592/6592 6593/6593/6593 6594/6594/6594
f 6595/6595/6595 6596/6596/6596 6597/6597/6597
f 6598/6598/6598 6599/6599/6599 6600/6600/6600
f 6601/6601/6601 6602/6602/6602 6603/6603/6603
f 6604/6604/6604 6605/6605/6605 6606/6606/6606
f 6607/6607/6607 6608/6608/6608 6609/6609/6609
f 6610/6610/6610 6611/6611/6611 6612/6612/6612
f 6613/6613/6613 6614/6614/6614 6615/6615/6615
f 6616/6616/6616 6617/6617/6617 6618/6618/6618
f 6619/6619/6619 6620/6620/6620 6621/6621/6621
f 6622/6622/6622 6623/6623/6623 6624/6624/6624
f 6625/6625/6625 6626/6626/6626 6627/6627/6627
f 6628/6628/6628 6629/6629/6629 6630/6630/6630
f 6631/6631/6631 6632/6632/6632 6633/6633/6633
f 6634/6634/6634 6635/6635/6635 6636/6636/6636
f 6637/6637/6637 6638/6638/6638 6639/6639/6639
f 6640/6640/6640 6641/6641/6641 6642/6642/6642
f 6643/6643/6643 6644/6644/6644 6645/6645/6645
f 6646/6646/6646 6647/6647/6647 6648/6648/6648
f 6649/6649/6649 6650/6650/6650 6651/6651/6651
f 6652/6652/6652 6653/6653/6653 6654/6654/6654
f 6655/6655/6655 6656/6656/6656 6657/6657/6657
f 6658/6658/6658 6659/6659/6659 6660/6660/6660
f 6661/6661/6661 6662/6662/6662 6663/6663/6663
f 6664/6664/6664 6665/6665/6665 6666/6666/6666
f 6667/6667/6667 6668/6668/6668 6669/6669/6669
f 6670/6670/6670 6671/6671/6671 6672/6672/6672
f 6673/6673/6673 6674/6674/6674 6675/6675/6675
f 6676/6676/6676 6677/6677/6677 6678/6678/6678
f 6679/6679/6679 6680/6680/6680 6681/6681/6681
f 6682/6682/6682 6683/6683/6683 6684/6684/6684
f 6685/6685/6685 6686/6686/6686 6687/6687/6687
f 6688/6688/6688 6689/6689/6689 6690/6690/6690
f 6691/6691/6691 6692/6692/6692 6693/6693/6693
f 6694/6694/6694 6695/6695/6695 6696/6696/6696
f 6697/6697/6697 6698/6698/6698 6699/6699/6699
f 6700/6700/6700 6701/6701/6701 6702/6702/6702
f 6703/6703/6703 6704/6704/6704 6705/6705/6705
f 6706/6706/6706 6707/6707/6707 6708/6708/6708
f 6709/6709/6709 6710/6710/6710 6711/6711/6711
f 6712/6712/6712 6713/6713/6713 6714/6714/6714
f 6715/6715/6715 6716/6716/6716 6717/6717/6717
f 6718/6718/6718 6719/6719/6719 6720/6720/6720
f 6721/6721/6721 6722/6722/6722 6723/6723/6723
f 6724/6724/6724 6725/6725/6725 6726/6726/6726
f 6727/6727/6727 6728/6728/6728 6729/6729/6729
f 6730/6730/6730 6731/6731/6731 6732/6732/6732
f 6733/6733/6733 6734/6734/6734 6735/6735/6735
f 6736/6736/6736 6737/6737/6737 6738/6738/6738
f 6739/6739/6739 6740/6740/6740 6741/6741/6741
f 6742/6742/6742 6743/6743/6743 6744/6744/6744
f 6745/6745/6745 6746/6746/6746 6747/6747/6747
f 6748/6748/6748 6749/6749/6749 6750/6750/6750
f 6751/6751/6751 6752/6752/6752 6753/6753/6753
f 6754/6754/6754 6755/6755/6755 6756/6756/6756
f 6757/6757/6757 6758/6758/6758 6759/6759/6759
f 6760/6760/6760 6761/6761/6761 6762/6762/6762
f 6763/6763/6763 6764/6764/6764 6765/6765/6765
f 6766/6766/6766 6767/6767/6767 6768/6768/6768
f 6769/6769/6769 6770/6770/6770 6771/6771/6771
f 6772/6772/6772 6773/6773/6773 6774/6774/6774
f 6775/6775/6775 6776/6776/6776 6777/6777/6777
f 6778/6778/6778 6779/6779/6779 6780/6780/6780
f 6781/6781/6781 6782/6782/6782 6783/6783/6783
f 6784/6784/6784 6785/6785/6785 6786/6786/6786
f 6787/6787/6787 6788/6788/6788 6789/6789/6789
f 6790/6790/6790 6791/6791/6791 6792/6792/6792
f 6793/6793/6793 6794/6794/6794 6795/6795/6795
f 6796/6796/6796 6797/6797/6797 6798/6798/6798
f 6799/6799/6799 6800/6800/6800 6801/6801/6801
f 6802/6802/6802 6803/6803/6803 6804/6804/6804
f 6805/6805/6805 6806/6806/6806 6807/6807/6807
f 6808/6808/6808 6809/6809/6809 6810/6810/6810
f 6811/6811/6811 6812/6812/6812 6813/6813/6813
f 6814/6814/6814 6815/6815/6815 6816/6816/6816
f 6817/6817/6817 6818/6818/6818 6819/6819/6819
f 6820/6820/6820 6821/6821/6821 6822/6822/6822
f 6823/6823/6823 6824/6824/6824 6825/6825/6825
f 6826/6826/6826 6827/6827/6827 6828/6828/6828
f 6829/6829/6829 6830/6830/6830 6831/6831/6831
f 6832/6832/6832 6833/6833/6833 6834/6834/6834
f 6835/6835/6835 6836/6836/6836 6837/6837/6837
f 6838/6838/6838 6839/6839/6839 6840/6840/6840
f 6841/6841/6841 6842/6842/6842 6843/6843/6843
f 6844/6844/6844 6845/6845/6845 6846/6846/6846
f 6847/6847/6847 6848/6848/6848 6849/6849/6849
f 6850/6850/6850 6851/6851/6851 6852/6852/6852
f 6853/6853/6853 6854/6854/6854 6855/6855/6855
f 6856/6856/6856 6857/6857/6857 6858/6858/6858
f 6859/6859/6859 6860/6860/6860 6861/6861/6861
f 6862/6862/6862 6863/6863/6863 6864/6864/6864
f 6865/6865/6865 6866/6866/6866 6867/6867/6867
f 6868/6868/6868 6869/6869/6869 6870/6870/6870
f 6871/6871/6871 6872/6872/6872 6873/6873/6873
f 6874/6874/6874 6875/6875/6875 6876/6876/6876
f 6877/6877/6877 6878/6878/6878 6879/6879/6879
f 6880/6880/6880 6881/6881/6881 6882/6882/6882
f 6883/6883/6883 6884/6884/6884 6885/6885/6885
f 6886/6886/6886 6887/6887/6887 6888/6888/6888
f 6889/6889/6889 6890/6890/6890 6891/6891/6891
f 6892/6892/6892 6893/6893/6893 6894/6894/6894
f 6895/6895/6895 6896/6896/6896 6897/6897/6897
f 6898/6898/6898 6899/6899/6899 6900/6900/6900
f 6901/6901/6901 6902/6902/6902 6903/6903/6903
f 6904/6904/6904 6905/6905/6905 6906/6906/6906
f 6907/6907/6907 6908/6908/6908 6909/6909/6909
f 6910/6910/6910 6911/6911/6911 6912/6912/6912
f 6913/6913/6913 6914/6914/6914 6915/6915/6915
f 6916/6916/6916 6917/6917/6917 6918/6918/6918
f 6919/6919/6919 6920/6920/6920 6921/6921/6921
f 6922/6922/6922 6923/6923/6923 6924/6924/6924
f 6925/6925/6925 6926/6926/6926 6927/6927/6927
f 6928/6928/6928 6929/6929/6929 6930/6930/6930
f 6931/6931/6931 6932/6932/6932 6933/6933/6933
f 6934/6934/6934 6935/6935/6935 6936/6936/6936
f 6937/6937/6937 6938/6938/6938 6939/6939/6939
f 6940/6940/6940 6941/6941/6941 6942/6942/6942
f 6943/6943/6943 6944/6944/6944 6945/6945/6945
f 6946/6946/6946 6947/6947/6947 6948/6948/6948
f 6949/6949/6949 6950/6950/6950 6951/6951/6951
f 6952/6952/6952 6953/6953/6953 6954/6954/6954
f 6955/6955/6955 6956/6956/6956 6957/6957/6957
f 6958/6958/6958 6959/6959/6959 6960/6960/6960
f 6961/6961/6961 6962/6962/6962 6963/6963/6963
f 6964/6964/6964 6965/6965/6965 6966/6966/6966
f 6967/6967/6967 6968/6968/6968 6969/6969/6969
f 6970/6970/6970 6971/6971/6971 6972/6972/6972
f 6973/6973/6973 6974/6974/6974 6975/6975/6975
f 6976/6976/6976 6977/6977/6977 6978/6978/6978
f 6979/6979/6979 6980/6980/6980 6981/6981/6981
f 6982/6982/6982 6983/6983/6983 6984/6984/6984
f 6985/6985/6985 6986/6986/6986 6987/6987/6987
f 6988/6988/6988 6989/6989/6989 6990/6990/6990
f 6991/6991/6991 6992/6992/6992 6993/6993/6993
f 6994/6994/6994 6995/6995/6995 6996/6996/6996
f 6997/6997/6997 6998/6998/6998 6999/6999/6999
f 7000/7000/7000 7001/7001/7001 7002/7002/7002
f 7003/7003/7003 7004/7004/7004 7005/7005/7005
f 7006/7006/7006 7007/7007/7007 7008/7008/7008
f 7009/7009/7009 7010/7010/7010 7011/7011/7011
f 7012/7012/7012 7013/7013/7013 7014/7014/7014
f 7015/7015/7015 7016/7016/7016 7017/7017/7017
f 7018/7018/7018 7019/7019/7019 7020/7020/7020
f 7021/7021/7021 7022/7022/7022 7023/7023/7023
f 7024/7024/7024 7025/7025/7025 7026/7026/7026
f 7027/7027/7027 7028/7028/7028 7029/7029/7029
f 7030/7030/7030 7031/7031/7031 7032/7032/7032
f 7033/7033/7033 7034/7034/7034 7035/7035/7035
f 7036/7036/7036 7037/7037/7037 7038/7038/7038
f 7039/7039/7039 7040/7040/7040 7041/7041/7041
f 7042/7042/7042 7043/7043/7043 7044/7044/7044
f 7045/7045/7045 7046/7046/7046 7047/7047/7047
f 7048/7048/7048 7049/7049/7049 7050/7050/7050
f 7051/7051/7051 7052/7052/7052 7053/7053/7053
f 7054/7054/7054 7055/7055/7055 7056/7056/7056
f 7057/7057/7057 7058/7058/7058 7059/7059/7059
f 7060/7060/7060 7061/7061/7061 7062/7062/7062
f 7063/7063/7063 7064/7064/7064 7065/7065/7065
f 7066/7066/7066 7067/7067/7067 7068/7068/7068
f 7069/7069/7069 7070/7070/7070 7071/7071/7071
f 7072/7072/7072 7073/7073/7073 7074/7074/7074
f 7075/7075/7075 7076/7076/7076 7077/7077/7077
f 7078/7078/7078 7079/7079/7079 7080/7080/7080
f 7081/7081/7081 7082/7082/7082 7083/7083/7083
f 7084/7084/7084 7085/7085/7085 7086/7086/7086
f 7087/7087/7087 7088/7088/7088 7089/7089/7089
f 7090/7090/7090 7091/7091/7091 7092/7092/7092
f 7093/7093/7093 7094/7094/7094 7095/7095/7095
f 7096/7096/7096 7097/7097/7097 7098/7098/7098
f 7099/7099/7099 7100/7100/7100 7101/7101/7101
f 7102/7102/7102 7103/7103/7103 7104/7104/7104
f 7105/7105/7105 7106/7106/7106 7107/7107/7107
f 7108/7108/7108 7109/7109/7109 7110/7110/7110
f 7111/7111/7111 7112/7112/7112 7113/7113/7113
f 7114/7114/7114 7115/7115/7115 7116/7116/7116
f 7117/7117/7117 7118/7118/7118 7119/7119/7119
f 7120/7120/7120 7121/7121/7121 7122/7122/7122
f 7123/7123/7123 7124/7124/7124 7125/7125/7125
f 7126/7126/7126 7127/7127/7127 7128/7128/7128
f 7129/7129/7129 7130/7130/7130 7131/7131/7131
f 7132/7132/7132 7133/7133/7133 7134/7134/7134
f 7135/7135/7135 7136/7136/7136 7137/7137/7137
f 7138/7138/7138 7139/7139/7139 7140/7140/7140
f 7141/7141/7141 7142/7142/7142 7143/7143/7143
f 7144/7144/7144 7145/7145/7145 7146/7146/7146
f 7147/7147/7147 7148/7148/7148 7149/7149/7149
f 7150/7150/7150 7151/7151/7151 7152/7152/7152
f 7153/7153/7153 7154/7154/7154 7155/7155/7155
f 7156/7156/7156 7157/7157/7157 7158/7158/7158
f 7159/7159/7159 7160/7160/7160 7161/7161/7161
f 7162/7162/7162 7163/7163/7163 7164/7164/7164
f 7165/7165/7165 7166/7166/7166 7167/7167/7167
f 7168/7168/7168 7169/7169/7169 7170/7170/7170
f 7171/7171/7171 7172/7172/7172 7173/7173/7173
f 7174/7174/7174 7175/7175/7175 7176/7176/7176
f 7177/7177/7177 7178/7178/7178 7179/7179/7179
f 7180/7180/7180 7181/7181/7181 7182/7182/7182
f 7183/7183/7183 7184/7184/7184 7185/7185/7185
f 7186/7186/7186 7187/7187/7187 7188/7188/7188
f 7189/7189/7189 7190/7190/7190 7191/7191/7191
f 7192/7192/7192 7193/7193/7193 7194/7194/7194
f 7195/7195/7195 7196/7196/7196 7197/7197/7197
f 7198/7198/7198 7199/7199/7199 7200/7200/7200
f 7201/7201/7201 7202/7202/7202 7203/7203/7203
f 7204/7204/7204 7205/7205/7205 7206/7206/7206
f 7207/7207/7207 7208/7208/7208 7209/7209/7209
f 7210/7210/7210 7211/7211/7211 7212/7212/7212
f 7213/7213/7213 7214/7214/7214 7215/7215/7215
f 7216/7216/7216 7217/7217/7217 7218/7218/7218
f 7219/7219/7219 7220/7220/7220 7221/7221/7221
f 7222/7222/7222 7223/7223/7223 7224/7224/7224
f 7225/7225/7225 7226/7226/7226 7227/7227/7227
f 7228/7228/7228 7229/7229/7229 7230/7230/7230
f 7231/7231/7231 7232/7232/7232 7233/7233/7233
f 7234/7234/7234 7235/7235/7235 7236/7236/7236
f 7237/7237/7237 7238/7238/7238 7239/7239/7239
f 7240/7240/7240 7241/7241/7241 7242/7242/7242
f 7243/7243/7243 7244/7244/7244 7245/7245/7245
f 7246/7246/7246 7247/7247/7247 7248/7248/7248
f 7249/7249/7249 7250/7250/7250 7251/7251/7251
f 7252/7252/7252 7253/7253/7253 7254/7254/7254
f 7255/7255/7255 7256/7256/7256 7257/7257/7257
f 7258/7258/7258 7259/7259/7259 7260/7260/7260
f 7261/7261/7261 7262/7262/7262 7263/7263/7263
f 7264/7264/7264 7265/7265/7265 7266/7266/7266
f 7267/7267/7267 7268/7268/7268 7269/7269/7269
f 7270/7270/7270 7271/7271/7271 7272/7272/7272
f 7273/7273/7273 7274/7274/7274 7275/7275/7275
f 7276/7276/7276 7277/7277/7277 7278/7278/7278
f 7279/7279/7279 7280/7280/7280 7281/7281/7281
f 7282/7282/7282 7283/7283/7283 7284/7284/7284
f 7285/7285/7285 7286/7286/7286 7287/7287/7287
f 7288/7288/7288 7289/7289/7289 7290/7290/7290
f 7291/7291/7291 7292/7292/7292 7293/7293/7293
f 7294/7294/7294 7295/7295/7295 7296/7296/7296
f 7297/7297/7297 7298/7298/7298 7299/7299/7299
f 7300/7300/7300 7301/7301/7301 7302/7302/7302
f 7303/7303/7303 7304/7304/7304 7305/7305/7305
f 7306/7306/7306 7307/7307/7307 7308/7308/7308
f 7309/7309/7309 7310/7310/7310 7311/7311/7311
f 7312/7312/7312 7313/7313/7313 7314/7314/7314
f 7315/7315/7315 7316/7316/7316 7317/7317/7317
f 7318/7318/7318 7319/7319/7319 7320/7320/7320
f 7321/7321/7321 7322/7322/7322 7323/7323/7323
f 7324/7324/7324 7325/7325/7325 7326/7326/7326
f 7327/7327/7327 7328/7328/7328 7329/7329/7329
f 7330/7330/7330 7331/7331/7331 7332/7332/7332
f 7333/7333/7333 7334/7334/7334 7335/7335/7335
f 7336/7336/7336 7337/7337/7337 7338/7338/7338
f 7339/7339/7339 7340/7340/7340 7341/7341/7341
f 7342/7342/7342 7343/7343/7343 7344/7344/7344
f 7345/7345/7345 7346/7346/7346 7347/7347/7347
f 7348/7348/7348 7349/7349/7349 7350/7350/7350
f 7351/7351/7351 7352/7352/7352 7353/7353/7353
f 7354/7354/7354 7355/7355/7355 7356/7356/7356
f 7357/7357/7357 7358/7358/7358 7359/7359/7359
f 7360/7360/7360 7361/7361/7361 7362/7362/7362
f 7363/7363/7363 7364/7364/7364 7365/7365/7365
f 7366/7366/7366 7367/7367/7367 7368/7368/7368
f 7369/7369/7369 7370/7370/7370 7371/7371/7371
f 7372/7372/7372 7373/7373/7373 7374/7374/7374
f 7375/7375/7375 7376/7376/7376 7377/7377/7377
f 7378/7378/7378 7379/7379/7379 7380/7380/7380
f 7381/7381/7381 7382/7382/7382 7383/7383/7383
f 7384/7384/7384 7385/7385/7385 7386/7386/7386
f 7387/7387/7387 7388/7388/7388 7389/7389/7389
f 7390/7390/7390 7391/7391/7391 7392/7392/7392
f 7393/7393/7393 7394/7394/7394 7395/7395/7395
f 7396/7396/7396 7397/7397/7397 7398/7398/7398
f 7399/7399/7399 7400/7400/7400 7401/7401/7401
f 7402/7402/7402 7403/7403/7403 7404/7404/7404
f 7405/7405/7405 7406/7406/7406 7407/7407/7407
f 7408/7408/7408 7409/7409/7409 7410/7410/7410
f 7411/7411/7411 7412/7412/7412 7413/7413/7413
f 7414/7414/7414 7415/7415/7415 7416/7416/7416
f 7417/7417/7417 7418/7418/7418 7419/7419/7419
f 7420/7420/7420 7421/7421/7421 7422/7422/7422
f 7423/7423/7423 7424/7424/7424 7425/7425/7425
f 7426/7426/7426 7427/7427/7427 7428/7428/7428
f 7429/7429/7429 7430/7430/7430 7431/7431/7431
f 7432/7432/7432 7433/7433/7433 7434/7434/7434
f 7435/7435/7435 7436/7436/7436 7437/7437/7437
f 7438/7438/7438 7439/7439/7439 7440/7440/7440
f 7441/7441/7441 7442/7442/7442 7443/7443/7443
f 7444/7444/7444 7445/7445/7445 7446/7446/7446
f 7447/7447/7447 7448/7448/7448 7449/7449/7449
f 7450/7450/7450 7451/7451/7451 7452/7452/7452
f 7453/7453/7453 7454/7454/7454 7455/7455/7455
f 7456/7456/7456 7457/7457/7457 7458/7458/7458
f 7459/7459/7459 7460/7460/7460 7461/7461/7461
f 7462/7462/7462 7463/7463/7463 7464/7464/7464
f 7465/7465/7465 7466/7466/7466 7467/7467/7467
f 7468/7468/7468 7469/7469/7469 7470/7470/7470
f 7471/7471/7471 7472/7472/7472 7473/7473/7473
f 7474/7474/7474 7475/7475/7475 7476/7476/7476
f 7477/7477/7477 7478/7478/7478 7479/7479/7479
f 7480/7480/7480 7481/7481/7481 7482/7482/7482
f 7483/7483/7483 7484/7484/7484 7485/7485/7485
f 7486/7486/7486 7487/7487/7487 7488/7488/7488
f 7489/7489/7489 7490/7490/7490 7491/7491/7491
f 7492/7492/7492 7493/7493/7493 7494/7494/7494
f 7495/7495/7495 7496/7496/7496 7497/7497/7497
f 7498/7498/7498 7499/7499/7499 7500/7500/7500
f 7501/7501/7501 7502/7502/7502 7503/7503/7503
f 7504/7504/7504 7505/7505/7505 7506/7506/7506
f 7507/7507/7507 7508/7508/7508 7509/7509/7509
f 7510/7510/7510 7511/7511/7511 7512/7512/7512
f 7513/7513/7513 7514/7514/7514 7515/7515/7515
f 7516/7516/7516 7517/7517/7517 7518/7518/7518
f 7519/7519/7519 7520/7520/7520 7521/7521/7521
f 7522/7522/7522 7523/7523/7523 7524/7524/7524
f 7525/7525/7525 7526/7526/7526 7527/7527/7527
f 7528/7528/7528 7529/7529/7529 7530/7530/7530
f 7531/7531/7531 7532/7532/7532 7533/7533/7533
f 7534/7534/7534 7535/7535/7535 7536/7536/7536
f 7537/7537/7537 7538/7538/7538 7539/7539/7539
f 7540/7540/7540 7541/7541/7541 7542/7542/7542
f 7543/7543/7543 7544/7544/7544 7545/7545/7545
f 7546/7546/7546 7547/7547/7547 7548/7548/7548
f 7549/7549/7549 7550/7550/7550 7551/7551/7551
f 7552/7552/7552 7553/7553/7553 7554/7554/7554
f 7555/7555/7555 7556/7556/7556 7557/7557/7557
f 7558/7558/7558 7559/7559/7559 7560/7560/7560
f 7561/7561/7561 7562/7562/7562 7563/7563/7563
f 7564/7564/7564 7565/7565/7565 7566/7566/7566
f 7567/7567/7567 7568/7568/7568 7569/7569/7569
f 7570/7570/7570 7571/7571/7571 7572/7572/7572
f 7573/7573/7573 7574/7574/7574 7575/7575/7575
f 7576/7576/7576 7577/7577/7577 7578/7578/7578
f 7579/7579/7579 7580/7580/7580 7581/7581/7581
f 7582/7582/7582 7583/7583/7583 7584/7584/7584
f 7585/7585/7585 7586/7586/7586 7587/7587/7587
f 7588/7588/7588 7589/7589/7589 7590/7590/7590
f 7591/7591/7591 7592/7592/7592 7593/7593/7593
f 7594/7594/7594 7595/7595/7595 7596/7596/7596
f 7597/7597/7597 7598/7598/7598 7599/7599/7599
f 7600/7600/7600 7601/7601/7601 7602/7602/7602
f 7603/7603/7603 7604/7604/7604 7605/7605/7605
f 7606/7606/7606 7607/7607/7607 7608/7608/7608
f 7609/7609/7609 7610/7610/7610 7611/7611/7611
f 7612/7612/7612 7613/7613/7613 7614/7614/7614
f 7615/7615/7615 7616/7616/7616 7617/7617/7617
f 7618/7618/7618 7619/7619/7619 7620/7620/7620
f 7621/7621/7621 7622/7622/7622 7623/7623/7623
f 7624/7624/7624 7625/7625/7625 7626/7626/7626
f 7627/7627/7627 7628/7628/7628 7629/7629/7629
f 7630/7630/7630 7631/7631/7631 7632/7632/7632
f 7633/7633/7633 7634/7634/7634 7635/7635/7635
f 7636/7636/7636 7637/7637/7637 7638/7638/7638
f 7639/7639/7639 7640/7640/7640 7641/7641/7641
f 7642/7642/7642 7643/7643/7643 7644/7644/7644
f 7645/7645/7645 7646/7646/7646 7647/7647/7647
f 7648/7648/7648 7649/7649/7649 7650/7650/7650
f 7651/7651/7651 7652/7652/7652 7653/7653/7653
f 7654/7654/7654 7655/7655/7655 7656/7656/7656
f 7657/7657/7657 7658/7658/7658 7659/7659/7659
f 7660/7660/7660 7661/7661/7661 7662/7662/7662
f 7663/7663/7663 7664/7664/7664 7665/7665/7665
f 7666/7666/7666 7667/7667/7667 7668/7668/7668
f 7669/7669/7669 7670/7670/7670 7671/7671/7671
f 7672/7672/7672 7673/7673/7673 7674/7674/7674
f 7675/7675/7675 7676/7676/7676 7677/7677/7677
f 7678/7678/7678 7679/7679/7679 7680/7680/7680
f 7681/7681/7681 7682/7682/7682 7683/7683/7683
f 7684/7684/7684 7685/7685/7685 7686/7686/7686
f 7687/7687/7687 7688/7688/7688 7689/7689/7689
f 7690/7690/7690 7691/7691/7691 7692/7692/7692
f 7693/7693/7693 7694/7694/7694 7695/7695/7695
f 7696/7696/7696 7697/7697/7697 7698/7698/7698
f 7699/7699/7699 7700/7700/7700 7701/7701/7701
f 7702/7702/7702 7703/7703/7703 7704/7704/7704
f 7705/7705/7705 7706/7706/7706 7707/7707/7707
f 7708/7708/7708 7709/7709/7709 7710/7710/7710
f 7711/7711/7711 7712/7712/7712 7713/7713/7713
f 7714/7714/7714 7715/7715/7715 7716/7716/7716
f 7717/7717/7717 7718/7718/7718 7719/7719/7719
f 7720/7720/7720 7721/7721/7721 7722/7722/7722
f 7723/7723/7723 7724/7724/7724 7725/7725/7725
f 7726/7726/7726 7727/7727/7727 7728/7728/7728
f 7729/7729/7729 7730/7730/7730 7731/7731/7731
f 7732/7732/7732 7733/7733/7733 7734/7734/7734
f 7735/7735/7735 7736/7736/7736 7737/7737/7737
f 7738/7738/7738 7739/7739/7739 7740/7740/7740
f 7741/7741/7741 7742/7742/7742 7743/7743/7743
f 7744/7744/7744 7745/7745/7745 7746/7746/7746
f 7747/7747/7747 7748/7748/7748 7749/7749/7749
f 7750/7750/7750 7751/7751/7751 7752/7752/7752
f 7753/7753/7753 7754/7754/7754 7755/7755/7755
f 7756/7756/7756 7757/7757/7757 7758/7758/7758
f 7759/7759/7759 7760/7760/7760 7761/7761/7761
f 7762/7762/7762 7763/7763/7763 7764/7764/7764
f 7765/7765/7765 7766/7766/7766 7767/7767/7767
f 7768/7768/7768 7769/7769/7769 7770/7770/7770
f 7771/7771/7771 7772/7772/7772 7773/7773/7773
f 7774/7774/7774 7775/7775/7775 7776/7776/7776
f 7777/7777/7777 7778/7778/7778 7779/7779/7779
f 7780/7780/7780 7781/7781/7781 7782/7782/7782
f 7783/7783/7783 7784/7784/7784 7785/7785/7785
f 7786/7786/7786 7787/7787/7787 7788/7788/7788
f 7789/7789/7789 7790/7790/7790 7791/7791/7791
f 7792/7792/7792 7793/7793/7793 7794/7794/7794
f 7795/7795/7795 7796/7796/7796 7797/7797/7797
f 7798/7798/7798 7799/7799/7799 7800/7800/7800
f 7801/7801/7801 7802/7802/7802 7803/7803/7803
f 7804/7804/7804 7805/7805/7805 7806/7806/7806
f 7807/7807/7807 7808/7808/7808 7809/7809/7809
f 7810/7810/7810 7811/7811/7811 7812/7812/7812
f 7813/7813/7813 7814/7814/7814 7815/7815/7815
f 7816/7816/7816 7817/7817/7817 7818/7818/7818
f 7819/7819/7819 7820/7820/7820 7821/7821/7821
f 7822/7822/7822 7823/7823/7823 7824/7824/7824
f 7825/7825/7825 7826/7826/7826 7827/7827/7827
f 7828/7828/7828 7829/7829/7829 7830/7830/7830
f 7831/7831/7831 7832/7832/7832 7833/7833/7833
f 7834/7834/7834 7835/7835/7835 7836/7836/7836
f 7837/7837/7837 7838/7838/7838 7839/7839/7839
f 7840/7840/7840 7841/7841/7841 7842/7842/7842
f 7843/7843/7843 7844/7844/7844 7845/7845/7845
f 7846/7846/7846 7847/7847/7847 7848/7848/7848
f 7849/7849/7849 7850/7850/7850 7851/7851/7851
f 7852/7852/7852 7853/7853/7853 7854/7854/7854
f 7855/7855/7855 7856/7856/7856 7857/7857/7857
f 7858/7858/7858 7859/7859/7859 7860/7860/7860
f 7861/7861/7861 7862/7862/7862 7863/7863/7863
f 7864/7864/7864 7865/7865/7865 7866/7866/7866
f 7867/7867/7867 7868/7868/7868 7869/7869/7869
f 7870/7870/7870 7871/7871/7871 7872/7872/7872
f 7873/7873/7873 7874/7874/7874 7875/7875/7875
f 7876/7876/7876 7877/7877/7877 7878/7878/7878
f 7879/7879/7879 7880/7880/7880 7881/7881/7881
f 7882/7882/7882 7883/7883/7883 7884/7884/7884
f 7885/7885/7885 7886/7886/7886 7887/7887/7887
f 7876/7876/7876 7888/7888/7888 7889/7889/7889
f 7890/7890/7890 7891/7891/7891 7892/7892/7892
f 7893/7893/7893 7894/7894/7894 7895/7895/7895
f 7896/7896/7896 7897/7897/7897 7898/7898/7898
f 7899/7899/7899 7900/7900/7900 7901/7901/7901
f 7902/7902/7902 7903/7903/7903 7904/7904/7904
f 7905/7905/7905 7906/7906/7906 7907/7907/7907
f 7908/7908/7908 7909/7909/7909 7910/7910/7910
f 7911/7911/7911 7912/7912/7912 7913/7913/7913
f 7914/7914/7914 7915/7915/7915 7916/7916/7916
f 7917/7917/7917 7918/7918/7918 7919/7919/7919
f 7920/7920/7920 7921/7921/7921 7922/7922/7922
f 7923/7923/7923 7924/7924/7924 7925/7925/7925
f 7926/7926/7926 7927/7927/7927 7928/7928/7928
f 7929/7929/7929 7930/7930/7930 7931/7931/7931
f 7932/7932/7932 7933/7933/7933 7934/7934/7934
f 7935/7935/7935 7936/7936/7936 7937/7937/7937
f 7938/7938/7938 7939/7939/7939 7940/7940/7940
f 7941/7941/7941 7942/7942/7942 7943/7943/7943
f 7944/7944/7944 7945/7945/7945 7946/7946/7946
f 7947/7947/7947 7948/7948/7948 7949/7949/7949
f 7950/7950/7950 7951/7951/7951 7952/7952/7952
f 7953/7953/7953 7954/7954/7954 7955/7955/7955
f 7956/7956/7956 7957/7957/7957 7958/7958/7958
f 7959/7959/7959 7960/7960/7960 7961/7961/7961
f 7962/7962/7962 7963/7963/7963 7964/7964/7964
f 7965/7965/7965 7966/7966/7966 7967/7967/7967
f 7968/7968/7968 7969/7969/7969 7970/7970/7970
f 7971/7971/7971 7972/7972/7972 7973/7973/7973
f 7974/7974/7974 7975/7975/7975 7976/7976/7976
f 7977/7977/7977 7978/7978/7978 7979/7979/7979
f 7980/7980/7980 7981/7981/7981 7982/7982/7982
f 7983/7983/7983 7984/7984/7984 7985/7985/7985
f 7986/7986/7986 7987/7987/7987 7988/7988/7988
f 7989/7989/7989 7990/7990/7990 7991/7991/7991
f 7992/7992/7992 7993/7993/7993 7994/7994/7994
f 7995/7995/7995 7996/7996/7996 7997/7997/7997
f 7998/7998/7998 7999/7999/7999 8000/8000/8000
f 8001/8001/8001 8002/8002/8002 8003/8003/8003
f 8004/8004/8004 8005/8005/8005 8006/8006/8006
f 8007/8007/8007 8008/8008/8008 8009/8009/8009
f 8010/8010/8010 8011/8011/8011 8012/8012/8012
f 8013/8013/8013 8014/8014/8014 8015/8015/8015
f 8016/8016/8016 8017/8017/8017 8018/8018/8018
f 8019/8019/8019 8020/8020/8020 8021/8021/8021
f 8022/8022/8022 8023/8023/8023 8024/8024/8024
f 8025/8025/8025 8026/8026/8026 8027/8027/8027
f 8028/8028/8028 8029/8029/8029 8030/8030/8030
f 8031/8031/8031 8032/8032/8032 8033/8033/8033
f 8034/8034/8034 8035/8035/8035 8036/8036/8036
f 8037/8037/8037 8038/8038/8038 8039/8039/8039
f 8040/8040/8040 8041/8041/8041 8042/8042/8042
f 8043/8043/8043 8044/8044/8044 8045/8045/8045
f 8046/8046/8046 8047/8047/8047 8048/8048/8048
f 8049/8049/8049 8050/8050/8050 8051/8051/8051
f 8052/8052/8052 8053/8053/8053 8054/8054/8054
f 8055/8055/8055 8056/8056/8056 8057/8057/8057
f 8058/8058/8058 8059/8059/8059 8060/8060/8060
f 8061/8061/8061 8062/8062/8062 8063/8063/8063
f 8064/8064/8064 8065/8065/8065 8066/8066/8066
f 8067/8067/8067 8068/8068/8068 8069/8069/8069
f 8070/8070/8070 8071/8071/8071 8072/8072/8072
f 8073/8073/8073 8074/8074/8074 8075/8075/8075
f 8076/8076/8076 8077/8077/8077 8078/8078/8078
f 8079/8079/8079 8080/8080/8080 8081/8081/8081
f 8082/8082/8082 8083/8083/8083 8084/8084/8084
f 8085/8085/8085 8086/8086/8086 8087/8087/8087
f 8088/8088/8088 8089/8089/8089 8090/8090/8090
f 8091/8091/8091 8092/8092/8092 8093/8093/8093
f 8094/8094/8094 8095/8095/8095 8096/8096/8096
f 8097/8097/8097 8098/8098/8098 8099/8099/8099
f 8100/8100/8100 8101/8101/8101 8102/8102/8102
f 8103/8103/8103 8104/8104/8104 8105/8105/8105
f 8106/8106/8106 8107/8107/8107 8108/8108/8108
f 8109/8109/8109 8110/8110/8110 8111/8111/8111
f 8112/8112/8112 8113/8113/8113 8114/8114/8114
f 8115/8115/8115 8116/8116/8116 8117/8117/8117
f 8118/8118/8118 8119/8119/8119 8120/8120/8120
f 8121/8121/8121 8122/8122/8122 8123/8123/8123
f 8124/8124/8124 8125/8125/8125 8126/8126/8126
f 8127/8127/8127 8128/8128/8128 8129/8129/8129
f 8130/8130/8130 8131/8131/8131 8132/8132/8132
f 8133/8133/8133 8134/8134/8134 8135/8135/8135
f 8136/8136/8136 8137/8137/8137 8138/8138/8138
f 8139/8139/8139 8140/8140/8140 8141/8141/8141
f 8142/8142/8142 8143/8143/8143 8144/8144/8144
f 8145/8145/8145 8146/8146/8146 8147/8147/8147
f 8148/8148/8148 8149/8149/8149 8150/8150/8150
f 8151/8151/8151 8152/8152/8152 8153/8153/8153
f 8154/8154/8154 8155/8155/8155 8156/8156/8156
f 8157/8157/8157 8158/8158/8158 8159/8159/8159
f 8160/8160/8160 8161/8161/8161 8162/8162/8162
f 8163/8163/8163 8164/8164/8164 8165/8165/8165
f 8166/8166/8166 8167/8167/8167 8168/8168/8168
f 8169/8169/8169 8170/8170/8170 8171/8171/8171
f 8172/8172/8172 8173/8173/8173 8174/8174/8174
f 8175/8175/8175 8176/8176/8176 8177/8177/8177
f 8178/8178/8178 8179/8179/8179 8180/8180/8180
f 8181/8181/8181 8182/8182/8182 8183/8183/8183
f 8184/8184/8184 8185/8185/8185 8186/8186/8186
f 8187/8187/8187 8188/8188/8188 8189/8189/8189
f 8190/8190/8190 8191/8191/8191 8192/8192/8192
f 8193/8193/8193 8194/8194/8194 8195/8195/8195
f 8196/8196/8196 8197/8197/8197 8198/8198/8198
f 8199/8199/8199 8200/8200/8200 8201/8201/8201
f 8202/8202/8202 8203/8203/8203 8204/8204/8204
f 8205/8205/8205 8206/8206/8206 8207/8207/8207
f 8208/8208/8208 8209/8209/8209 8210/8210/8210
f 8211/8211/8211 8212/8212/8212 8213/8213/8213
f 8214/8214/8214 8215/8215/8215 8216/8216/8216
f 8217/8217/8217 8218/8218/8218 8219/8219/8219
f 8220/8220/8220 8221/8221/8221 8222/8222/8222
f 8223/8223/8223 8224/8224/8224 8225/8225/8225
f 8226/8226/8226 8227/8227/8227 8228/8228/8228
f 8229/8229/8229 8230/8230/8230 8231/8231/8231
f 8232/8232/8232 8233/8233/8233 8234/8234/8234
f 8235/8235/8235 8236/8236/8236 8237/8237/8237
f 8238/8238/8238 8239/8239/8239 8240/8240/8240
f 8241/8241/8241 8242/8242/8242 8243/8243/8243
f 8244/8244/8244 8245/8245/8245 8246/8246/8246
f 8247/8247/8247 8248/8248/8248 8249/8249/8249
f 8250/8250/8250 8251/8251/8251 8252/8252/8252
f 8253/8253/8253 8254/8254/8254 8255/8255/8255
f 8256/8256/8256 8257/8257/8257 8258/8258/8258
f 8259/8259/8259 8260/8260/8260 8261/8261/8261
f 8262/8262/8262 8263/8263/8263 8264/8264/8264
f 8265/8265/8265 8266/8266/8266 8267/8267/8267
f 8268/8268/8268 8269/8269/8269 8270/8270/8270
f 8271/8271/8271 8272/8272/8272 8273/8273/8273
f 8274/8274/8274 8275/8275/8275 8276/8276/8276
f 8277/8277/8277 8278/8278/8278 8279/8279/8279
f 8280/8280/8280 8281/8281/8281 8282/8282/8282
f 8283/8283/8283 8284/8284/8284 8285/8285/8285
f 8286/8286/8286 8287/8287/8287 8288/8288/8288
f 8289/8289/8289 8290/8290/8290 8291/8291/8291
f 8292/8292/8292 8293/8293/8293 8294/8294/8294
f 8295/8295/8295 8296/8296/8296 8297/8297/8297
f 8298/8298/8298 8299/8299/8299 8300/8300/8300
f 8301/8301/8301 8302/8302/8302 8303/8303/8303
f 8304/8304/8304 8305/8305/8305 8306/8306/8306
f 8307/8307/8307 8308/8308/8308 8309/8309/8309
f 8310/8310/8310 8311/8311/8311 8312/8312/8312
f 8313/8313/8313 8314/8314/8314 8315/8315/8315
f 8316/8316/8316 8317/8317/8317 8318/8318/8318
f 8319/8319/8319 8320/8320/8320 8321/8321/8321
f 8322/8322/8322 8323/8323/8323 8324/8324/8324
f 8325/8325/8325 8326/8326/8326 8327/8327/8327
f 8328/8328/8328 8329/8329/8329 8330/8330/8330
f 8331/8331/8331 8332/8332/8332 8333/8333/8333
f 8334/8334/8334 8335/8335/8335 8336/8336/8336
f 8337/8337/8337 8338/8338/8338 8339/8339/8339
f 8340/8340/8340 8341/8341/8341 8342/8342/8342
f 8343/8343/8343 8344/8344/8344 8345/8345/8345
f 8346/8346/8346 8347/8347/8347 8348/8348/8348
f 8349/8349/8349 8350/8350/8350 8351/8351/8351
f 8352/8352/8352 8353/8353/8353 8354/8354/8354
f 8355/8355/8355 8356/8356/8356 8357/8357/8357
f 8358/8358/8358 8359/8359/8359 8360/8360/8360
f 8361/8361/8361 8362/8362/8362 8363/8363/8363
f 8364/8364/8364 8365/8365/8365 8366/8366/8366
f 8367/8367/8367 8368/8368/8368 8369/8369/8369
f 8370/8370/8370 8371/8371/8371 8372/8372/8372
f 8373/8373/8373 8374/8374/8374 8375/8375/8375
f 8376/8376/8376 8377/8377/8377 8378/8378/8378
f 8379/8379/8379 8380/8380/8380 8381/8381/8381
f 8382/8382/8382 8383/8383/8383 8384/8384/8384
f 8385/8385/8385 8386/8386/8386 8387/8387/8387
f 8388/8388/8388 8389/8389/8389 8390/8390/8390
f 8391/8391/8391 8392/8392/8392 8393/8393/8393
f 8394/8394/8394 8395/8395/8395 8396/8396/8396
f 8397/8397/8397 8398/8398/8398 8399/8399/8399
f 8400/8400/8400 8401/8401/8401 8402/8402/8402
f 8403/8403/8403 8404/8404/8404 8405/8405/8405
f 8406/8406/8406 8407/8407/8407 8408/8408/8408
f 8409/8409/8409 8410/8410/8410 8411/8411/8411
f 8412/8412/8412 8413/8413/8413 8414/8414/8414
f 8415/8415/8415 8416/8416/8416 8417/8417/8417
f 8418/8418/8418 8419/8419/8419 8420/8420/8420
f 8421/8421/8421 8422/8422/8422 8423/8423/8423
f 8424/8424/8424 8425/8425/8425 8426/8426/8426
f 8427/8427/8427 8428/8428/8428 8429/8429/8429
f 8430/8430/8430 8431/8431/8431 8432/8432/8432
f 8433/8433/8433 8434/8434/8434 8435/8435/8435
f 8436/8436/8436 8437/8437/8437 8438/8438/8438
f 8439/8439/8439 8440/8440/8440 8441/8441/8441
f 8442/8442/8442 8443/8443/8443 8444/8444/8444
f 8445/8445/8445 8446/8446/8446 8447/8447/8447
f 8448/8448/8448 8449/8449/8449 8450/8450/8450
f 8451/8451/8451 8452/8452/8452 8453/8453/8453
f 8454/8454/8454 8455/8455/8455 8456/8456/8456
f 8457/8457/8457 8458/8458/8458 8459/8459/8459
f 8460/8460/8460 8461/8461/8461 8462/8462/8462
f 8463/8463/8463 8464/8464/8464 8465/8465/8465
f 8466/8466/8466 8467/8467/8467 8468/8468/8468
f 8469/8469/8469 8470/8470/8470 8471/8471/8471
f 8472/8472/8472 8473/8473/8473 8474/8474/8474
f 8475/8475/8475 8476/8476/8476 8477/8477/8477
f 8478/8478/8478 8479/8479/8479 8480/8480/8480
f 8481/8481/8481 8482/8482/8482 8483/8483/8483
f 8484/8484/8484 8485/8485/8485 8486/8486/8486
f 8487/8487/8487 8488/8488/8488 8489/8489/8489
f 8490/8490/8490 8491/8491/8491 8492/8492/8492
f 8493/8493/8493 8494/8494/8494 8495/8495/8495
f 8496/8496/8496 8497/8497/8497 8498/8498/8498
f 8499/8499/8499 8500/8500/8500 8501/8501/8501
f 8502/8502/8502 8503/8503/8503 8504/8504/8504
f 8505/8505/8505 8506/8506/8506 8507/8507/8507
f 8508/8508/8508 8509/8509/8509 8510/8510/8510
f 8511/8511/8511 8512/8512/8512 8513/8513/8513
f 8514/8514/8514 8515/8515/8515 8516/8516/8516
f 8517/8517/8517 8518/8518/8518 8519/8519/8519
f 8520/8520/8520 8521/8521/8521 8522/8522/8522
f 8523/8523/8523 8524/8524/8524 8525/8525/8525
f 8526/8526/8526 8527/8527/8527 8528/8528/8528
f 8529/8529/8529 8530/8530/8530 8531/8531/8531
f 8532/8532/8532 8533/8533/8533 8534/8534/8534
f 8535/8535/8535 8536/8536/8536 8537/8537/8537
f 8538/8538/8538 8539/8539/8539 8540/8540/8540
f 8541/8541/8541 8542/8542/8542 8543/8543/8543
f 8544/8544/8544 8545/8545/8545 8546/8546/8546
f 8547/8547/8547 8548/8548/8548 8549/8549/8549
f 8550/8550/8550 8551/8551/8551 8552/8552/8552
f 8553/8553/8553 8554/8554/8554 8555/8555/8555
f 8556/8556/8556 8557/8557/8557 8558/8558/8558
f 8559/8559/8559 8560/8560/8560 8561/8561/8561
f 8562/8562/8562 8563/8563/8563 8564/8564/8564
f 8565/8565/8565 8566/8566/8566 8567/8567/8567
f 8568/8568/8568 8569/8569/8569 8570/8570/8570
f 8571/8571/8571 8572/8572/8572 8573/8573/8573
f 8574/8574/8574 8575/8575/8575 8576/8576/8576
f 8577/8577/8577 8578/8578/8578 8579/8579/8579
f 8580/8580/8580 8581/8581/8581 8582/8582/8582
f 8583/8583/8583 8584/8584/8584 8585/8585/8585
f 8586/8586/8586 8587/8587/8587 8588/8588/8588
f 8589/8589/8589 8590/8590/8590 8591/8591/8591
f 8592/8592/8592 8593/8593/8593 8594/8594/8594
f 8595/8595/8595 8596/8596/8596 8597/8597/8597
f 8598/8598/8598 8599/8599/8599 8600/8600/8600
f 8601/8601/8601 8602/8602/8602 8603/8603/8603
f 8604/8604/8604 8605/8605/8605 8606/8606/8606
f 8607/8607/8607 8608/8608/8608 8609/8609/8609
f 8610/8610/8610 8611/8611/8611 8612/8612/8612
f 8613/8613/8613 8614/8614/8614 8615/8615/8615
f 8616/8616/8616 8617/8617/8617 8618/8618/8618
f 8619/8619/8619 8620/8620/8620 8621/8621/8621
f 8622/8622/8622 8623/8623/8623 8624/8624/8624
f 8625/8625/8625 8626/8626/8626 8627/8627/8627
f 8628/8628/8628 8629/8629/8629 8630/8630/8630
f 8631/8631/8631 8632/8632/8632 8633/8633/8633
f 8634/8634/8634 8635/8635/8635 8636/8636/8636
f 8637/8637/8637 8638/8638/8638 8639/8639/8639
f 8640/8640/8640 8641/8641/8641 8642/8642/8642
f 8643/8643/8643 8644/8644/8644 8645/8645/8645
f 8646/8646/8646 8647/8647/8647 8648/8648/8648
f 8649/8649/8649 8650/8650/8650 8651/8651/8651
f 8652/8652/8652 8653/8653/8653 8654/8654/8654
f 8655/8655/8655 8656/8656/8656 8657/8657/8657
f 8658/8658/8658 8659/8659/8659 8660/8660/8660
f 8661/8661/8661 8662/8662/8662 8663/8663/8663
f 8664/8664/8664 8665/8665/8665 8666/8666/8666
f 8667/8667/8667 8668/8668/8668 8669/8669/8669
f 8670/8670/8670 8671/8671/8671 8672/8672/8672
f 8673/8673/8673 8674/8674/8674 8675/8675/8675
f 8676/8676/8676 8677/8677/8677 8678/8678/8678
f 8679/8679/8679 8680/8680/8680 8681/8681/8681
f 8682/8682/8682 8683/8683/8683 8684/8684/8684
f 8685/8685/8685 8686/8686/8686 8687/8687/8687
f 8688/8688/8688 8689/8689/8689 8690/8690/8690
f 8691/8691/8691 8692/8692/8692 8693/8693/8693
f 8694/8694/8694 8695/8695/8695 8696/8696/8696
f 8697/8697/8697 8698/8698/8698 8699/8699/8699
f 8700/8700/8700 8701/8701/8701 8702/8702/8702
f 8703/8703/8703 8704/8704/8704 8705/8705/8705
f 8706/8706/8706 8707/8707/8707 8708/8708/8708
f 8709/8709/8709 8710/8710/8710 8711/8711/8711
f 8712/8712/8712 8713/8713/8713 8714/8714/8714
f 8715/8715/8715 8716/8716/8716 8717/8717/8717
f 8718/8718/8718 8719/8719/8719 8720/8720/8720
f 8721/8721/8721 8722/8722/8722 8723/8723/8723
f 8724/8724/8724 8725/8725/8725 8726/8726/8726
f 8727/8727/8727 8728/8728/8728 8729/8729/8729
f 8730/8730/8730 8731/8731/8731 8732/8732/8732
f 8733/8733/8733 8734/8734/8734 8735/8735/8735
f 8736/8736/8736 8737/8737/8737 8738/8738/8738
f 8739/8739/8739 8740/8740/8740 8741/8741/8741
f 8742/8742/8742 8743/8743/8743 8744/8744/8744
f 8745/8745/8745 8746/8746/8746 8747/8747/8747
f 8748/8748/8748 8749/8749/8749 8750/8750/8750
f 8751/8751/8751 8752/8752/8752 8753/8753/8753
f 8754/8754/8754 8755/8755/8755 8756/8756/8756
f 8757/8757/8757 8758/8758/8758 8759/8759/8759
f 8760/8760/8760 8761/8761/8761 8762/8762/8762
f 8763/8763/8763 8764/8764/8764 8765/8765/8765
f 8766/8766/8766 8767/8767/8767 8768/8768/8768
f 8769/8769/8769 8770/8770/8770 8771/8771/8771
f 8772/8772/8772 8773/8773/8773 8774/8774/8774
f 8775/8775/8775 8776/8776/8776 8777/8777/8777
f 8778/8778/8778 8779/8779/8779 8780/8780/8780
f 8781/8781/8781 8782/8782/8782 8783/8783/8783
f 8784/8784/8784 8785/8785/8785 8786/8786/8786
f 8787/8787/8787 8788/8788/8788 8789/8789/8789
f 8790/8790/8790 8791/8791/8791 8792/8792/8792
f 8793/8793/8793 8794/8794/8794 8795/8795/8795
f 8796/8796/8796 8797/8797/8797 8798/8798/8798
f 8799/8799/8799 8800/8800/8800 8801/8801/8801
f 8802/8802/8802 8803/8803/8803 8804/8804/8804
f 8805/8805/8805 8806/8806/8806 8807/8807/8807
f 8808/8808/8808 8809/8809/8809 8810/8810/8810
f 8811/8811/8811 8812/8812/8812 8813/8813/8813
f 8814/8814/8814 8815/8815/8815 8816/8816/8816
f 8817/8817/8817 8818/8818/8818 8819/8819/8819
f 8820/8820/8820 8821/8821/8821 8822/8822/8822
f 8823/8823/8823 8824/8824/8824 8825/8825/8825
f 8826/8826/8826 8827/8827/8827 8828/8828/8828
f 8829/8829/8829 8830/8830/8830 8831/8831/8831
f 8832/8832/8832 8833/8833/8833 8834/8834/8834
f 8835/8835/8835 8836/8836/8836 8837/8837/8837
f 8838/8838/8838 8839/8839/8839 8840/8840/8840
f 8841/8841/8841 8842/8842/8842 8843/8843/8843
f 8844/8844/8844 8845/8845/8845 8846/8846/8846
f 8847/8847/8847 8848/8848/8848 8849/8849/8849
f 8850/8850/8850 8851/8851/8851 8852/8852/8852
f 8853/8853/8853 8854/8854/8854 8855/8855/8855
f 8856/8856/8856 8857/8857/8857 8858/8858/8858
f 8859/8859/8859 8860/8860/8860 8861/8861/8861
f 8862/8862/8862 8863/8863/8863 8864/8864/8864
f 8865/8865/8865 8866/8866/8866 8867/8867/8867
f 8868/8868/8868 8869/8869/8869 8870/8870/8870
f 8871/8871/8871 8872/8872/8872 8873/8873/8873
f 8874/8874/8874 8875/8875/8875 8876/8876/8876
f 8877/8877/8877 8878/8878/8878 8879/8879/8879
f 8880/8880/8880 8881/8881/8881 8882/8882/8882
f 8883/8883/8883 8884/8884/8884 8885/8885/8885
f 8886/8886/8886 8887/8887/8887 8888/8888/8888
f 8889/8889/8889 8890/8890/8890 8891/8891/8891
f 8892/8892/8892 8893/8893/8893 8894/8894/8894
f 8895/8895/8895 8896/8896/8896 8897/8897/8897
f 8898/8898/8898 8899/8899/8899 8900/8900/8900
f 8901/8901/8901 8902/8902/8902 8903/8903/8903
f 8904/8904/8904 8905/8905/8905 8906/8906/8906
f 8907/8907/8907 8908/8908/8908 8909/8909/8909
f 8910/8910/8910 8911/8911/8911 8912/8912/8912
f 8913/8913/8913 8914/8914/8914 8915/8915/8915
f 8916/8916/8916 8917/8917/8917 8918/8918/8918
f 8919/8919/8919 8920/8920/8920 8921/8921/8921
f 8922/8922/8922 8923/8923/8923 8924/8924/8924
f 8925/8925/8925 8926/8926/8926 8927/8927/8927
f 8928/8928/8928 8929/8929/8929 8930/8930/8930
f 8931/8931/8931 8932/8932/8932 8933/8933/8933
f 8934/8934/8934 8935/8935/8935 8936/8936/8936
f 8937/8937/8937 8938/8938/8938 8939/8939/8939
f 8940/8940/8940 8941/8941/8941 8942/8942/8942
f 8943/8943/8943 8944/8944/8944 8945/8945/8945
f 8946/8946/8946 8947/8947/8947 8948/8948/8948
f 8949/8949/8949 8950/8950/8950 8951/8951/8951
f 8952/8952/8952 8953/8953/8953 8954/8954/8954
f 8955/8955/8955 8956/8956/8956 8957/8957/8957
f 8958/8958/8958 8959/8959/8959 8960/8960/8960
f 8961/8961/8961 8962/8962/8962 8963/8963/8963
f 8964/8964/8964 8965/8965/8965 8966/8966/8966
f 8967/8967/8967 8968/8968/8968 8969/8969/8969
f 8970/8970/8970 8971/8971/8971 8972/8972/8972
f 8973/8973/8973 8974/8974/8974 8975/8975/8975
f 8976/8976/8976 8977/8977/8977 8978/8978/8978
f 8979/8979/8979 8980/8980/8980 8981/8981/8981
f 8982/8982/8982 8983/8983/8983 8984/8984/8984
f 8985/8985/8985 8986/8986/8986 8987/8987/8987
f 8988/8988/8988 8989/8989/8989 8990/8990/8990
f 8991/8991/8991 8992/8992/8992 8993/8993/8993
f 8994/8994/8994 8995/8995/8995 8996/8996/8996
f 8997/8997/8997 8998/8998/8998 8999/8999/8999
f 9000/9000/9000 9001/9001/9001 9002/9002/9002
f 9003/9003/9003 9004/9004/9004 9005/9005/9005
f 9006/9006/9006 9007/9007/9007 9008/9008/9008
f 9009/9009/9009 9010/9010/9010 9011/9011/9011
f 9012/9012/9012 9013/9013/9013 9014/9014/9014
f 9015/9015/9015 9016/9016/9016 9017/9017/9017
f 9018/9018/9018 9019/9019/9019 9020/9020/9020
f 9021/9021/9021 9022/9022/9022 9023/9023/9023
f 9024/9024/9024 9025/9025/9025 9026/9026/9026
f 9027/9027/9027 9028/9028/9028 9029/9029/9029
f 9030/9030/9030 9031/9031/9031 9032/9032/9032
f 9033/9033/9033 9034/9034/9034 9035/9035/9035
f 9036/9036/9036 9037/9037/9037 9038/9038/9038
f 9039/9039/9039 9040/9040/9040 9041/9041/9041
f 9042/9042/9042 9043/9043/9043 9044/9044/9044
f 9045/9045/9045 9046/9046/9046 9047/9047/9047
f 9048/9048/9048 9049/9049/9049 9050/9050/9050
f 9051/9051/9051 9052/9052/9052 9053/9053/9053
f 9054/9054/9054 9055/9055/9055 9056/9056/9056
f 9057/9057/9057 9058/9058/9058 9059/9059/9059
f 9060/9060/9060 9061/9061/9061 9062/9062/9062
f 9063/9063/9063 9064/9064/9064 9065/9065/9065
f 9066/9066/9066 9067/9067/9067 9068/9068/9068
f 9069/9069/9069 9070/9070/9070 9071/9071/9071
f 9072/9072/9072 9073/9073/9073 9074/9074/9074
f 9075/9075/9075 9076/9076/9076 9077/9077/9077
f 9078/9078/9078 9079/9079/9079 9080/9080/9080
f 9081/9081/9081 9082/9082/9082 9083/9083/9083
f 9084/9084/9084 9085/9085/9085 9086/9086/9086
f 9087/9087/9087 9088/9088/9088 9089/9089/9089
f 9090/9090/9090 9091/9091/9091 9092/9092/9092
f 9093/9093/9093 9094/9094/9094 9095/9095/9095
f 9096/9096/9096 9097/9097/9097 9098/9098/9098
f 9099/9099/9099 9100/9100/9100 9101/9101/9101
f 9102/9102/9102 9103/9103/9103 9104/9104/9104
f 9105/9105/9105 9106/9106/9106 9107/9107/9107
f 9108/9108/9108 9109/9109/9109 9110/9110/9110
f 9111/9111/9111 9112/9112/9112 9113/9113/9113
f 9114/9114/9114 9115/9115/9115 9116/9116/9116
f 9117/9117/9117 9118/9118/9118 9119/9119/9119
f 9120/9120/9120 9121/9121/9121 9122/9122/9122
f 9123/9123/9123 9124/9124/9124 9125/9125/9125
f 9126/9126/9126 9127/9127/9127 9128/9128/9128
f 9129/9129/9129 9130/9130/9130 9131/9131/9131
f 9132/9132/9132 9133/9133/9133 9134/9134/9134
f 9135/9135/9135 9136/9136/9136 9137/9137/9137
f 9138/9138/9138 9139/9139/9139 9140/9140/9140
f 9141/9141/9141 9142/9142/9142 9143/9143/9143
f 9144/9144/9144 9145/9145/9145 9146/9146/9146
f 9147/9147/9147 9148/9148/9148 9149/9149/9149
f 9150/9150/9150 9151/9151/9151 9152/9152/9152
f 9153/9153/9153 9154/9154/9154 9155/9155/9155
f 9156/9156/9156 9157/9157/9157 9158/9158/9158
f 9159/9159/9159 9160/9160/9160 9161/9161/9161
f 9162/9162/9162 9163/9163/9163 9164/9164/9164
f 9165/9165/9165 9166/9166/9166 9167/9167/9167
f 9168/9168/9168 9169/9169/9169 9170/9170/9170
f 9171/9171/9171 9172/9172/9172 9173/9173/9173
f 9174/9174/9174 9175/9175/9175 9176/9176/9176
f 9177/9177/9177 9178/9178/9178 9179/9179/9179
f 9180/9180/9180 9181/9181/9181 9182/9182/9182
f 9183/9183/9183 9184/9184/9184 9185/9185/9185
f 9186/9186/9186 9187/9187/9187 9188/9188/9188
f 9189/9189/9189 9190/9190/9190 9191/9191/9191
f 9192/9192/9192 9193/9193/9193 9194/9194/9194
f 9195/9195/9195 9196/9196/9196 9197/9197/9197
f 9198/9198/9198 9199/9199/9199 9200/9200/9200
f 9201/9201/9201 9202/9202/9202 9203/9203/9203
f 9204/9204/9204 9205/9205/9205 9206/9206/9206
