# glbtool toobj from Pine.glb, texture: pine_tex1.png
v 0.403124 0.000000 -0.235089
v 0.449104 0.044233 -0.235089
v 0.352794 0.004827 0.047175
v 0.473914 0.094267 -0.235089
v 0.289652 0.133644 0.330407
v 0.299457 0.014207 0.334924
v 0.356602 0.152492 0.044633
v 0.429060 0.177722 -0.235089
v 0.467112 0.141697 -0.235089
v 0.370436 0.198002 -0.235089
v 0.307608 0.205537 -0.235089
v 0.216297 0.221036 0.043369
v 0.255913 0.210022 -0.235089
v 0.120624 0.302586 0.324955
v 0.198099 0.211083 0.327993
v 0.223766 0.223766 -0.235089
v 0.210022 0.255913 -0.235089
v -0.576909 -0.192093 1.037071
v -0.527862 -0.178563 0.927742
v -0.567547 -0.199454 1.041169
v -0.534058 -0.166371 0.930153
v -0.533916 -0.173173 0.924921
v -0.575119 -0.180543 1.041766
v -0.527169 -0.170480 0.928643
v -0.569946 -0.125597 1.358595
v -0.562716 -0.111561 1.352402
v 0.205537 0.307608 -0.235089
v 0.147743 0.361321 0.040912
v 0.177722 0.429059 -0.235089
v 0.141697 0.467112 -0.235088
v 0.198002 0.370436 -0.235089
v 0.094267 0.473914 -0.235088
v 0.000056 0.357514 0.040889
v -0.543267 -0.130773 1.354790
v -0.564651 -0.180767 1.048765
v -0.546227 -0.114760 1.350051
v -0.531255 -0.113725 1.520689
v -0.557926 -0.137470 1.360070
v -0.514127 -0.105689 1.523586
v -0.516630 -0.087071 1.522916
v -0.495657 -0.091012 1.633660
v -0.515197 -0.099987 1.625304
v -0.529732 -0.084012 1.622148
v -0.544395 -0.100098 1.518338
v 0.044233 0.449104 -0.235088
v -0.107722 0.276840 0.327322
v 0.001104 0.312409 0.325301
v -0.000000 0.403124 -0.235089
v -0.034793 0.353263 -0.235089
v -0.063024 0.316843 -0.235089
v -0.122234 0.300014 0.041806
v -0.130816 0.315817 -0.235089
v -0.182061 0.340612 -0.235089
v -0.092345 0.304420 -0.235089
v -0.223831 0.239096 0.329470
v -0.242391 0.362764 -0.235089
v -0.282553 0.287392 0.041927
v -0.346338 0.346338 -0.235089
v -0.367326 0.301457 -0.235089
v -0.301457 0.367326 -0.235089
v -0.362764 0.242391 -0.235089
v -0.295178 0.127096 0.044681
v -0.340612 0.182061 -0.235089
v -0.261625 0.123079 0.334144
v -0.316843 0.063024 -0.235089
v -0.352687 0.004825 0.046753
v -0.315817 0.130816 -0.235089
v -0.304420 0.092345 -0.235089
v -1.313542 -0.537758 2.627482
v -1.349833 -0.517369 2.613288
v -1.339651 -0.553175 2.618723
v -1.316889 -0.527670 2.586593
v -1.334858 -0.537165 2.585019
v -1.350701 -0.540970 2.603103
v -1.288545 -0.510017 2.627340
v -1.350701 -0.540970 2.603103
v -1.340592 -0.507682 2.615290
v -0.353263 0.034793 -0.235089
v -0.287437 -0.105099 0.343043
v -0.297241 0.014338 0.338526
v -0.403124 0.000000 -0.235089
v -0.449104 -0.044233 -0.235089
v -0.473914 -0.094267 -0.235089
v -0.356495 -0.142840 0.049294
v -0.429060 -0.177722 -0.235089
v -0.467112 -0.141697 -0.235089
v -0.370436 -0.198002 -0.235089
v -0.307608 -0.205537 -0.235089
v -0.216190 -0.211384 0.050558
v -0.255913 -0.210022 -0.235089
v -0.118408 -0.274041 0.348495
v -0.195884 -0.182538 0.345457
v -0.223766 -0.223766 -0.235089
v -0.210022 -0.255912 -0.235089
v -0.701276 1.869867 0.596186
v -0.695395 1.841564 0.628589
v -0.705047 1.851525 0.589418
v -0.685307 1.882882 0.604081
v -0.693951 1.861914 0.634166
v -0.701049 1.916699 0.607436
v -0.746459 1.851496 0.585992
v -0.735301 1.889815 0.594239
v -0.676164 1.922088 0.633045
v -0.663484 1.889364 0.628111
v -0.718799 1.917983 0.640389
v -0.205537 -0.307608 -0.235089
v -0.147636 -0.351669 0.053016
v -0.177722 -0.429059 -0.235089
v -0.141697 -0.467112 -0.235089
v -0.198002 -0.370436 -0.235089
v -0.094267 -0.473914 -0.235089
v 0.000051 -0.347863 0.053038
v 0.479325 -0.028123 2.626781
v 0.522608 -0.034897 2.544039
v 0.528095 -0.051565 2.549270
v 0.602143 -0.077292 2.425261
v 0.604149 -0.089809 2.433943
v 0.471171 -0.007037 2.622977
v 0.491627 -0.000582 2.624902
v 0.536585 -0.027937 2.548917
v 0.425147 -0.002065 2.723388
v 0.412393 0.025722 2.719827
v 0.442580 0.031374 2.719864
v -0.044233 -0.449104 -0.235089
v 0.109938 -0.248295 0.346128
v 0.001112 -0.283863 0.348149
v 0.000000 -0.403124 -0.235089
v 0.034793 -0.353263 -0.235089
v 0.063024 -0.316843 -0.235089
v 0.122340 -0.290362 0.052121
v 0.130816 -0.315817 -0.235089
v 0.182061 -0.340612 -0.235089
v 0.092345 -0.304420 -0.235089
v -0.706295 1.919488 0.651521
v -0.655137 1.894062 0.650841
v -0.749004 1.894190 0.631015
v -0.714028 1.884961 0.657399
v -0.670788 1.923315 0.646512
v 0.242391 -0.362764 -0.235089
v 0.282660 -0.277740 0.052000
v 0.346338 -0.346338 -0.235089
v 0.301457 -0.367326 -0.235089
v 0.367326 -0.301457 -0.235089
v 0.362764 -0.242391 -0.235089
v 0.295285 -0.117445 0.049246
v 0.340612 -0.182061 -0.235089
v 0.316843 -0.063024 -0.235089
v 0.352794 0.004827 0.047175
v 0.315817 -0.130816 -0.235089
v 0.304420 -0.092345 -0.235089
v 0.353263 -0.034793 -0.235089
v 0.263841 -0.094534 0.339306
v 0.403124 0.000000 -0.235089
v 0.105551 0.274161 0.619561
v 0.181583 0.205770 0.622390
v 0.250043 0.129817 0.625644
v 0.003387 0.288293 0.619585
v 0.098107 0.276159 0.990540
v 0.171461 0.216774 0.994067
v -0.263830 0.482952 1.180905
v -0.342553 0.584169 1.276051
v -0.239216 0.494103 1.189158
v -0.364243 0.552675 1.280673
v -0.362522 0.573684 1.268406
v -0.264655 0.456654 1.194774
v -0.432558 0.663426 1.350696
v -0.451293 0.635638 1.354485
v -0.449504 0.653597 1.343558
v -0.762402 1.841518 0.623046
v -0.746028 1.829048 0.573953
v -0.762413 1.806968 0.608747
v -0.723448 1.876946 0.655691
v -1.703995 -0.500742 1.599966
v -1.789757 -0.507246 1.625493
v -1.722443 -0.464764 1.560313
v -1.778362 -0.466471 1.658348
v -1.639730 -0.440455 1.536899
v -1.722425 -0.422819 1.598361
v -1.791671 -0.431695 1.619807
v -1.703977 -0.458797 1.638015
v -1.861826 -0.461213 1.621803
v -1.803066 -0.472471 1.586951
v -1.819990 -0.458762 1.678059
v -1.847008 -0.494000 1.655949
v -1.644565 -0.397461 1.578054
v -1.615655 -0.476804 1.577701
v -1.620491 -0.433810 1.618856
v -0.701473 -0.566428 2.283299
v -0.660260 -0.756154 2.125377
v -0.702155 -0.556154 2.267813
v -0.672489 -0.768782 2.133501
v -0.658870 -0.767749 2.132528
v -0.746095 -0.448586 2.342865
v -0.719510 -0.570526 2.281374
v -0.669337 -0.827707 2.029654
v -0.673879 -0.757187 2.126351
v -0.747308 -0.432613 2.329176
v -0.726681 -0.427775 2.331677
v -0.720191 -0.560252 2.265888
v -0.726212 -0.443517 2.346529
v -0.660589 -0.828264 2.026873
v -0.669878 -0.836887 2.029790
v -0.661130 -0.837444 2.027009
v -0.308121 1.967925 2.449485
v -0.274015 1.956153 2.426441
v -0.297449 1.985289 2.452999
v -0.294252 1.996497 2.416329
v -0.305464 1.978709 2.408139
v -0.266203 1.975814 2.432639
v -0.280821 1.995165 2.437218
v 0.961329 -0.284204 2.794045
v 1.144719 -0.386439 2.794605
v 0.975214 -0.300343 2.722700
v 0.746308 -0.142870 2.753734
v 0.708387 -0.204711 2.719182
v 0.746593 -0.150558 2.673752
v 0.446576 0.039533 2.759477
v 0.407083 -0.027575 2.722137
v 0.932969 -0.345971 2.763649
v 1.110353 -0.430619 2.834392
v 1.123675 -0.367185 2.857074
v -0.119062 0.638889 2.447797
v -0.102711 0.958043 2.345549
v -0.176892 0.950721 2.389115
v -0.116145 0.617813 2.358691
v -0.095775 0.526820 2.382298
v -0.216940 1.204043 2.291018
v -0.175939 0.940230 2.303421
v -0.147122 1.214711 2.330972
v -0.216202 1.203933 2.372160
v -0.017482 0.552702 2.427418
v -0.039966 0.644633 2.401934
v -0.701842 1.825415 0.574989
v -0.697269 1.752956 0.584216
v -0.710691 1.771115 0.543599
v -0.690919 1.801089 0.610423
v -0.755508 1.782855 0.547227
v 0.230964 0.143559 0.998424
v -0.150222 -0.077550 1.340625
v -0.137353 -0.031120 1.673258
v -0.201060 -0.009083 1.334402
v -0.089727 -0.176608 1.017675
v -0.081465 -0.128158 1.345341
v 0.003436 -0.232616 0.645211
v 0.004210 -0.191578 1.018538
v -0.163082 -0.117222 1.014149
v 0.003096 -0.143167 1.346982
v -0.222584 -0.044007 1.009791
v -0.098728 -0.218485 0.645235
v 0.156377 0.228021 1.314861
v 0.081602 0.295149 1.635665
v 0.145819 0.250151 1.640090
v 0.008076 0.345559 2.046733
v 0.081427 0.331452 2.047415
v 0.087619 0.278629 1.310144
v 0.142774 0.289247 2.051409
v 0.207215 0.159554 1.321084
v 0.004222 0.309707 1.634688
v 0.004170 0.291129 0.989677
v 0.003058 0.293638 1.308504
v -0.673770 1.252382 0.642547
v -0.603092 1.112120 0.648018
v -0.617036 1.133011 0.705541
v -0.570420 1.170596 0.724355
v -0.625844 1.282185 0.664274
v -0.659178 1.230776 0.587982
v -0.602234 1.247225 0.575985
v -0.547858 1.136794 0.631282
v -0.482345 1.015481 0.801070
v -0.518943 0.959839 0.719502
v -0.532306 0.979423 0.780110
v -0.631884 1.362373 0.536145
v -0.700859 1.366732 0.600115
v -0.688962 1.354586 0.544450
v -0.181081 0.185969 1.649768
v -0.127597 0.290575 2.054603
v -0.138988 0.251995 1.642178
v -0.216169 0.075144 1.326926
v -0.197156 0.109681 1.658276
v -0.197900 0.158076 1.319689
v -0.182571 0.032750 1.666607
v -0.168987 0.082900 2.078502
v -0.183091 0.155813 2.070466
v -0.168090 0.228314 2.062115
v -0.237595 0.049760 1.004190
v -0.153685 0.231316 1.313404
v -0.064897 0.330740 2.049305
v -0.072535 0.293787 1.637054
v -0.116122 0.322346 2.409793
v -0.126594 0.021881 2.084850
v -0.167897 0.197442 2.424926
v -0.115637 0.073013 2.440063
v -0.073135 -0.076118 1.677684
v -0.065247 -0.020324 2.088844
v 0.081077 -0.019612 2.086954
v 0.004244 -0.090676 1.678660
v 0.081001 -0.074756 1.676295
v 0.143777 0.020553 2.081655
v 0.009719 0.021166 2.446432
v 0.008104 -0.034430 2.089525
v 0.086339 -0.124926 1.345688
v 0.147454 -0.032965 1.671171
v 0.135527 0.072596 2.440264
v 0.189547 0.033062 1.663580
v 0.184270 0.082814 2.074143
v 0.159840 -0.080845 1.342082
v 0.204055 -0.007605 1.335797
v 0.610411 0.012108 1.736298
v 0.863437 -0.076574 1.700816
v 0.622510 -0.045175 1.790056
v 0.380664 0.123313 1.911610
v 0.641391 0.065571 1.786294
v 0.851955 -0.021706 1.649318
v 0.339985 0.069379 1.863588
v 0.874727 0.030478 1.699840
v 0.222324 0.075326 1.328560
v 0.205622 0.109350 1.655073
v 0.199271 0.155315 2.065793
v 0.191037 0.186281 1.646741
v 0.185167 0.228228 2.057756
v 0.222324 0.075326 1.328560
v 0.135042 0.321930 2.409993
v 0.205622 0.109350 1.655073
v 0.009686 0.373777 2.403625
v -0.080185 0.275397 1.309798
v 0.900359 -0.291159 1.867304
v 0.773011 -0.162305 1.842956
v 0.760336 -0.165926 1.856431
v 0.908353 -0.283129 1.854809
v 0.902959 -0.289570 1.840183
v 0.765331 -0.167090 1.826282
v 0.686777 -0.083011 1.835275
v 0.670738 -0.083176 1.850256
v 1.145589 -0.543649 1.867763
v 1.152770 -0.540054 1.858150
v 0.006708 0.412580 2.761421
v 0.123560 0.364748 2.769871
v -0.110160 0.133496 2.803705
v -0.158708 0.248910 2.785367
v -0.110362 0.364660 2.767829
v 0.123763 0.133584 2.805748
v 0.006692 0.085664 2.812156
v 0.187302 0.197501 2.425131
v -0.267585 0.272812 2.459857
v -0.313416 0.407434 2.371298
v -0.312357 0.413307 2.390558
v -0.265799 0.260078 2.441622
v -0.284908 0.250895 2.447237
v -0.343024 0.687604 2.326198
v -0.285974 0.262696 2.466044
v -0.235899 0.182714 2.506789
v -0.231392 0.164373 2.488263
v 0.014742 0.469730 6.383077
v 0.022642 0.455506 5.919786
v 0.113351 0.567798 6.383972
v -0.083260 0.568313 6.378713
v -0.083642 0.562407 5.918942
v 0.129536 0.561761 5.916921
v 0.017040 0.433758 5.385255
v 0.096495 0.466335 5.381439
v -0.215796 0.140717 0.998744
v -0.170474 0.224103 0.993743
v -0.257352 0.027904 0.634231
v -0.231784 0.125200 0.629264
v -0.187192 0.218247 0.624373
v -0.105674 0.420171 3.136098
v 0.006013 0.465571 3.127816
v -0.105589 0.200276 3.174540
v -0.151863 0.310194 3.155467
v -0.081444 0.563692 4.508563
v -0.081127 0.519513 4.014446
v -0.119773 0.471798 4.516854
v -0.077735 0.600218 4.937356
v 0.008022 0.635417 4.933631
v 0.010898 0.601779 4.506411
v -0.133933 0.380904 3.628869
v -0.121352 0.423116 4.023717
v -0.077938 0.429641 4.954360
v -0.113340 0.514978 4.945942
v -0.081647 0.379952 4.526424
v 0.102933 0.380020 4.529518
v 0.152650 0.422880 4.024513
v 0.141262 0.471914 4.521227
v 0.015493 0.286641 4.037387
v 0.112426 0.326483 4.033783
v 0.117142 0.277003 3.638255
v 0.160266 0.380002 3.623607
v 0.093483 0.429385 4.953955
v 0.013070 0.234644 3.645860
v -0.374914 0.610656 0.937814
v -0.384431 0.819735 0.781359
v -0.307687 0.627469 0.924528
v -0.467898 0.834231 0.852067
v -0.449466 0.803566 0.794007
v -0.289122 0.679466 0.968463
v -0.293426 0.451407 1.113310
v -0.209856 0.532183 1.133817
v -0.225894 0.472320 1.095350
v -0.460724 0.983794 0.703003
v 0.015806 0.559355 4.010841
v 0.112622 0.519321 4.015011
v 0.013263 0.526262 3.606616
v -0.090809 0.483903 3.614220
v 0.103136 0.563759 4.511656
v 0.160266 0.380002 3.623607
v 0.117221 0.483208 3.610507
v 0.152650 0.422880 4.024513
v 0.093686 0.599961 4.936950
v 0.010591 0.341933 4.531670
v -0.081323 0.326675 4.033218
v -0.090888 0.277698 3.641969
v 0.163829 0.309970 3.154531
v 0.117555 0.419887 3.135458
v 0.129537 0.545528 5.376383
v 0.129087 0.514624 4.945368
v 0.015349 0.666381 6.379608
v 0.023252 0.668662 5.916078
v 0.129536 0.561761 5.916921
v -0.061962 0.625487 5.377202
v 0.096813 0.624943 5.373046
v 0.009294 0.673642 6.847538
v 0.008664 0.492825 6.853772
v -0.081484 0.583553 6.850785
v 0.129537 0.545528 5.376383
v 0.129087 0.514624 4.945368
v 0.113351 0.567798 6.383972
v 0.017493 0.658063 5.373386
v -0.095004 0.546293 5.382259
v -0.062280 0.466879 5.385594
v 0.007726 0.394185 4.957679
v -0.086946 0.269356 0.991009
v 0.033003 0.486321 7.923213
v -0.064564 0.587264 7.433765
v 0.020467 0.501500 7.431296
v -0.067782 0.532094 8.424199
v -0.044642 0.564724 7.929433
v 0.002624 0.460071 8.426714
v 0.106173 0.586565 7.428111
v 0.111639 0.563872 7.927307
v 0.099441 0.582914 6.850524
v -0.056181 0.442303 9.047977
v -0.096118 0.429947 9.577216
v -0.156053 0.491041 9.577341
v 0.074105 0.530310 8.437098
v 0.010974 0.508239 9.056718
v -0.121905 0.509994 9.042313
v -0.102817 0.467621 9.693063
v -0.120112 0.485104 9.694260
v -0.120687 0.466860 9.700387
v -0.120112 0.485104 9.694260
v -0.137535 0.468130 9.690452
v -0.120687 0.466860 9.700387
v -0.137535 0.468130 9.690452
v -0.120240 0.450647 9.689255
v -0.120687 0.466860 9.700387
v -0.120240 0.450647 9.689255
v -0.102817 0.467621 9.693063
v -0.120687 0.466860 9.700387
v -0.135829 0.848835 2.081910
v -0.107789 0.788113 2.201536
v -0.120364 0.840013 2.075533
v -0.119013 0.769381 2.283934
v -0.098886 0.756253 2.285939
v -0.125405 0.799417 2.202881
v -0.137420 0.972858 1.879185
v 1.901260 -0.138282 1.573852
v 1.857823 -0.170849 1.539113
v 1.852397 -0.131244 1.568479
v 1.927613 -0.179123 1.610101
v 1.943583 -0.157923 1.575408
v 1.894056 -0.165847 1.610751
v 1.969967 -0.187901 1.582314
v 1.925855 -0.187836 1.548968
v 1.942459 -0.194276 1.611757
v 1.850033 -0.200710 1.577945
v 1.888164 -0.202336 1.582342
v 1.844607 -0.161105 1.607311
v 1.909884 -0.209036 1.583661
v 0.886209 -0.024389 1.751337
v 0.653490 0.008288 1.840052
v 1.072137 -0.090606 1.633309
v 1.090769 -0.040467 1.682682
v 1.078555 0.012136 1.633872
v 1.059923 -0.038002 1.584499
v 0.396681 0.062830 1.965971
v 0.622510 -0.045175 1.790056
v 0.863437 -0.076574 1.700816
v -1.899122 -0.409671 1.707996
v -1.906190 -0.446635 1.662664
v -1.927361 -0.439233 1.692359
v -1.875457 -0.415357 1.678624
v -1.887101 -0.479318 1.689958
v -1.906926 -0.470686 1.714921
v -0.693951 1.861914 0.634166
v -0.272448 1.789989 2.407222
v -0.248738 1.699496 2.392071
v -0.305719 1.691687 2.359553
v -0.217522 1.578530 2.368755
v -0.279076 1.571712 2.334014
v -0.276146 1.559196 2.403850
v -0.302865 1.679905 2.424501
v -0.325322 1.783174 2.377121
v -0.334045 1.854639 2.387092
v -0.284741 1.856062 2.414582
v -0.323382 1.775168 2.437786
v -0.527666 1.172934 0.678460
v -0.438105 1.018182 0.753414
v 1.272499 -0.424473 2.845099
v 1.251175 -0.468094 2.885258
v 1.259241 -0.408684 2.904640
v -1.171302 -0.412849 2.540650
v -1.255352 -0.460360 2.536803
v -1.200766 -0.430107 2.488899
v -1.209047 -0.373061 2.511731
v -1.225492 -0.442664 2.581875
v -1.085836 -0.384041 2.497341
v -1.115107 -0.336811 2.459510
v -1.269056 -0.411555 2.562622
v -1.284735 -0.489070 2.567881
v -1.261166 -0.475945 2.612206
v -0.198676 0.153079 1.827288
v -0.113497 0.269404 1.796405
v -0.206480 0.167510 1.843541
v 0.021017 0.447877 1.750447
v -0.121137 0.280786 1.811198
v -0.216436 0.147881 1.812233
v -0.139448 0.286567 1.805928
v 0.012949 0.456203 1.764310
v 1.895368 -0.174771 1.545443
v 1.909884 -0.209036 1.583661
v 0.389771 0.558262 1.253034
v 0.160565 0.486297 1.274718
v 0.393719 0.545291 1.266532
v 0.010827 0.448301 1.282181
v 0.162227 0.467294 1.265148
v 0.151180 0.499866 1.260133
v 0.398520 0.528955 1.257809
v 0.811432 0.674195 1.325221
v 0.890025 -0.302563 1.860401
v 0.760336 -0.165926 1.856431
v 0.744433 -0.174516 1.848391
v 0.747685 -0.174729 1.829655
v 0.891631 -0.301581 1.843639
v 0.654895 -0.091700 1.819622
v 0.677350 -0.086643 1.816030
v 1.134407 -0.546983 1.863207
v 0.670738 -0.083176 1.850256
v 0.650387 -0.090828 1.841036
v -0.250042 0.110684 1.934002
v -0.304391 0.023516 1.957442
v -0.245060 0.049757 1.999008
v -0.318292 -0.051578 1.864977
v -0.258929 -0.026600 1.905433
v -0.303604 0.084716 1.897957
v -0.164818 0.009926 1.966673
v -0.203473 0.068174 2.028241
v -0.203887 -0.004908 1.941577
v -0.212378 0.129461 1.958990
v -0.369675 -0.005315 1.911762
v 1.482491 -0.572897 2.992423
v 1.468801 -0.526695 2.979968
v 1.458765 -0.567136 2.980080
v 1.500185 -0.540879 2.995312
v 1.496406 -0.556859 2.962495
v 1.487886 -0.552970 2.953860
v 1.431240 -0.554707 2.948531
v 1.502271 -0.560226 2.987354
v -0.714028 1.884961 0.657399
v -0.701503 1.920630 0.659506
v 1.525648 -0.146789 1.512799
v 1.390812 -0.116880 1.536864
v 1.386663 -0.070017 1.490218
v 1.531911 -0.104633 1.466348
v 1.236085 -0.050154 1.531404
v 1.254649 -0.002285 1.578251
v 1.406182 -0.024494 1.534216
v 1.549242 -0.060932 1.508345
v 1.650012 -0.095277 1.513625
v 1.643453 -0.139053 1.474890
v 1.625340 -0.174590 1.518120
v 0.010340 0.426325 1.271436
v 0.154808 0.469289 1.244537
v -0.001725 0.428152 1.248368
v 0.392133 0.549942 1.235969
v 0.397540 0.531830 1.238920
v 0.148514 0.489514 1.241387
v -0.162534 0.378640 1.281639
v -0.180983 0.380590 1.253885
v -0.148955 0.234102 1.396504
v -0.188762 0.304996 1.419729
v -0.167500 0.264415 1.358223
v -0.098996 0.290103 1.335341
v -0.079964 0.263953 1.370662
v -0.136243 0.212511 1.422910
v -0.164811 0.266241 1.468378
v -0.077531 0.345903 1.382941
v -0.051924 0.312416 1.427293
v -0.119658 0.319426 1.295188
v -0.215677 0.345969 1.365453
v -0.188739 0.296858 1.315064
v 0.290481 0.760808 1.771089
v 0.013830 0.454268 1.735147
v -0.126704 0.268876 1.781723
v 0.278464 0.760623 1.776854
v -0.142532 0.279842 1.787503
v 0.001321 0.466543 1.739554
v 0.290607 0.770692 1.762145
v 0.339866 0.906589 1.870699
v 0.278667 0.776614 1.762383
v 0.339183 0.912207 1.863728
v -0.362669 0.860393 0.831601
v -0.103901 0.382484 1.333293
v 1.472242 -0.542709 2.929435
v 1.427677 -0.488195 2.940658
v 1.451859 -0.514509 2.960724
v 1.458765 -0.567136 2.980080
v 1.431240 -0.554707 2.948531
v 1.437426 -0.505434 2.892507
v 1.399769 -0.527466 2.920919
v 1.366578 -0.445487 2.924965
v 1.399769 -0.527466 2.920919
v 1.542979 -0.103088 1.554795
v 1.631899 -0.130814 1.556854
v 0.021142 0.672329 7.430580
v 0.033993 0.642275 7.933527
v 0.099441 0.582914 6.850524
v 0.199271 0.155315 2.065793
v 0.900359 -0.291159 1.867304
v 1.134678 -0.545448 1.850778
v 1.185954 -0.665540 1.866525
v 1.145589 -0.543649 1.867763
v -0.005368 0.166120 2.682517
v -0.096246 0.201594 2.591677
v -0.061652 0.128904 2.658588
v -0.040613 0.243041 2.609945
v -0.039716 0.121810 2.550078
v 0.016017 0.155756 2.561575
v -0.149069 0.162710 2.573890
v -0.116440 0.092955 2.636580
v -0.730843 1.835380 0.649372
v -0.728354 1.789688 0.631287
v -0.690919 1.801089 0.610423
v -0.769785 1.771952 0.590086
v -0.733791 1.753473 0.612946
v -0.693951 1.861914 0.634166
v 0.610793 -0.081209 2.444806
v 0.541518 -0.044414 2.553330
v 0.528095 -0.051565 2.549270
v 0.604149 -0.089809 2.433943
v 0.498359 -0.021174 2.626687
v -0.333475 0.406069 2.372817
v -0.250879 0.150158 2.496705
v -0.253583 0.166178 2.516657
v -0.285974 0.262696 2.466044
v -0.332417 0.411941 2.392077
v -0.184198 0.053242 2.546328
v -0.205570 0.033189 2.557474
v -0.209468 0.054388 2.580244
v 0.194015 -0.162571 0.640423
v 0.238607 -0.069524 0.635531
v 0.226046 -0.210551 0.343980
v 0.299457 0.014207 0.334924
v 0.264175 0.027772 0.630565
v -1.925831 -0.463729 1.735529
v -1.926501 -0.426089 1.768059
v -1.950402 -0.451028 1.751921
v -1.952918 -0.428688 1.721128
v -1.941229 -0.435213 1.710538
v -1.901928 -0.435491 1.753022
v -1.929847 -0.404391 1.738787
v -1.941343 -0.409442 1.770894
v -1.972510 -0.417388 1.758485
v -1.878688 -0.441123 1.730557
v 0.005953 0.154593 3.182182
v 0.117640 0.199993 3.173900
v 0.245975 0.049791 1.004026
v -0.035192 0.489703 9.583695
v -0.329877 0.034944 2.511912
v -0.548002 -0.187393 2.412424
v -0.589759 -0.122158 2.443581
v -0.304315 -0.031240 2.565808
v -0.566644 -0.184751 2.493759
v -0.277813 -0.030299 2.480748
v -0.777110 -0.293157 2.384289
v -0.805943 -0.227481 2.414854
v -0.254706 0.086736 2.537901
v -0.201993 0.019407 2.505323
v 0.074105 0.530310 8.437098
v -0.054750 0.575929 9.051052
v 0.010974 0.508239 9.056718
v 0.003698 0.602333 8.434582
v -0.095127 0.550797 9.583820
v -0.035192 0.489703 9.583695
v 0.111639 0.563872 7.927307
v -1.521755 -0.397426 1.594890
v -1.396765 -0.309858 1.522275
v -1.546827 -0.359054 1.551911
v -1.371313 -0.399649 1.523086
v -1.376894 -0.352312 1.568732
v -1.241257 -0.267271 1.509264
v -1.218538 -0.364009 1.510469
v -1.233106 -0.315776 1.559452
v -1.260143 -0.185179 1.984624
v -1.261749 -0.174206 1.978789
v -1.327389 -0.165064 2.077691
v -1.270316 -0.192195 1.982548
v -0.957473 -0.155850 1.865750
v -0.791848 -0.123038 1.811228
v -0.962606 -0.159355 1.850063
v -0.954052 -0.170443 1.873499
v -1.272916 -0.174440 1.973108
v -0.779266 -0.148112 1.822890
v -0.772131 -0.132890 1.833778
v -0.957070 -0.182967 1.862602
v -0.779813 -0.117437 1.826046
v -0.766154 1.639569 0.543166
v -0.782969 1.718832 0.582449
v -0.770990 1.714921 0.535490
v -0.777592 1.642898 0.592542
v -0.736267 1.659212 0.617161
v -0.742007 1.717195 0.608590
v -0.722625 1.710866 0.532609
v -0.701132 1.568944 0.622457
v -0.736439 1.557254 0.545205
v -0.744174 1.551048 0.597258
v -1.009252 -0.260668 1.488080
v -0.833057 -0.146216 1.604374
v -0.795512 -0.192788 1.556203
v -0.797200 -0.248646 1.608892
v -1.007714 -0.313182 1.539511
v -0.613998 -0.113900 1.764714
v -0.834746 -0.202074 1.657063
v -1.034007 -0.265537 1.588945
v -1.226689 -0.315504 1.460282
v -0.610220 -0.054872 1.710662
v -0.564519 -0.100887 1.663605
v -0.568297 -0.159915 1.717658
v -0.174760 -0.150094 0.642406
v 0.100851 -0.207095 0.643269
v 0.095326 -0.169805 1.017206
v -0.666795 1.586210 0.585977
v -0.717761 1.653826 0.537268
v -0.699290 1.665966 0.583000
v -0.688616 1.578986 0.538233
v -0.704712 1.712272 0.577787
v -0.710499 1.479424 0.536420
v -0.631621 1.494024 0.578391
v -0.656271 1.490553 0.528280
v 0.017124 0.422404 2.462784
v -0.055146 0.345529 2.537493
v 0.035271 0.356934 2.480245
v -0.069073 0.411394 2.516357
v -0.041149 0.278785 2.560373
v 0.054844 0.287792 2.497928
v 0.003304 0.473406 2.449031
v -0.080144 0.463141 2.500133
v -0.068090 0.397494 2.411461
v -0.054553 0.332632 2.424511
v -0.148209 0.238466 1.502268
v -0.068005 0.262554 1.556823
v -0.086233 0.288406 1.523266
v -0.111287 0.168483 1.474628
v -0.132948 0.212393 1.533551
v -0.054083 0.229215 1.416809
v -0.039568 0.210048 1.441647
v -0.124645 0.192312 1.447024
v -0.097871 0.143746 1.500217
v -0.115242 0.181563 1.570058
v -0.046693 0.232476 1.596081
v -0.066539 0.245834 1.394861
v -0.451293 0.635638 1.354485
v -0.574196 0.762577 1.480886
v -0.587357 0.762615 1.467726
v -0.424191 0.651770 1.366879
v -0.564235 0.778196 1.479104
v -0.435965 0.634739 1.369743
v -0.831750 0.983664 1.709420
v -0.842264 0.984290 1.700199
v -0.332728 0.570214 1.295168
v -0.364243 0.552675 1.280673
v -0.346625 0.551106 1.299337
v -0.127190 0.714692 2.391536
v -0.111451 0.734381 2.286654
v -0.102487 0.694278 2.393472
v -0.088519 0.723072 2.390489
v -0.131944 0.749337 2.286381
v -0.112263 0.738698 2.384071
v -0.119229 0.770225 2.199404
v -0.015635 0.266795 1.486445
v -0.033300 0.288794 1.458099
v -0.105819 0.316298 1.486951
v -0.051924 0.312416 1.427293
v 0.201052 0.078101 2.738745
v 0.240007 0.144028 2.685213
v 0.288632 0.033929 2.731851
v 0.323658 0.098403 2.681301
v 0.328456 0.103464 2.770784
v 0.438741 0.036401 2.673533
v 0.407083 -0.027575 2.722137
v 0.141262 0.471914 4.521227
v 0.708387 -0.204711 2.719182
v 0.932969 -0.345971 2.763649
v -0.397899 0.652264 0.989960
v 0.035271 0.356934 2.480245
v 0.017124 0.422404 2.462784
v -0.078801 0.448119 2.400535
v 0.003304 0.473406 2.449031
v 0.054844 0.287792 2.497928
v -0.040714 0.265477 2.435005
v 1.725917 -0.197623 1.540498
v 1.786393 -0.160172 1.594250
v 1.722449 -0.153725 1.574612
v 1.741941 -0.120754 1.534167
v 1.795238 -0.202230 1.563872
v 1.625340 -0.174590 1.518120
v -0.765039 -0.369457 2.384983
v -0.789648 -0.277103 2.439163
v -0.766350 -0.348997 2.372275
v -0.742696 -0.363353 2.390863
v -0.742132 -0.343473 2.375231
v -0.763834 -0.268644 2.449190
v -0.747308 -0.432613 2.329176
v -0.097766 0.544138 2.475396
v -0.017482 0.552702 2.427418
v -0.039966 0.644633 2.401934
v -0.791025 -0.250110 2.428402
v -0.760317 -0.243163 2.430797
v -0.766350 -0.348997 2.372275
v 0.172108 0.249334 2.788209
v 0.596802 0.074945 1.610299
v 0.633408 0.100341 1.453513
v 0.579142 0.078716 1.610618
v 0.565990 0.061691 1.706851
v 0.599811 0.056361 1.608440
v 0.545251 0.066199 1.713380
v 0.534298 0.047052 1.819804
v 0.568807 0.040282 1.705095
v 0.650558 0.080093 1.459885
v 0.536984 0.021543 1.817738
v 0.551121 0.031376 1.711026
v 0.584535 0.048575 1.607796
v -1.541927 -0.404336 1.508624
v -1.644565 -0.397461 1.578054
v -1.546827 -0.359054 1.551911
v -1.722425 -0.422819 1.598361
v -1.396765 -0.309858 1.522275
v -1.391183 -0.357195 1.476630
v 0.106173 0.586565 7.428111
v -0.125910 0.966625 1.874433
v -0.146646 0.835135 2.074632
v -0.115317 1.063492 1.802209
v -0.123366 1.064428 1.806880
v -1.035546 -0.213023 1.537514
v -1.035546 -0.213023 1.537514
v -1.241257 -0.267271 1.509264
v -0.219022 -0.095112 2.527147
v -0.239298 0.022492 2.545153
v -0.223594 -0.095075 2.551780
v -0.231205 0.020764 2.514574
v -0.207720 -0.190523 2.537196
v -0.267232 0.015682 2.542403
v -0.246750 -0.100723 2.549143
v -0.243619 -0.098779 2.525430
v -0.262901 0.019127 2.514225
v -0.259298 0.034120 1.845678
v -0.310989 0.011428 1.810697
v -0.250042 0.110684 1.934002
v -0.212542 0.054497 1.875772
v -0.303604 0.084716 1.897957
v -0.163245 0.398889 1.376719
v -0.319125 0.498345 1.162877
v -0.133463 0.355874 1.434851
v -0.077531 0.345903 1.382941
v -0.103901 0.382484 1.333293
v -0.226314 0.020603 2.594142
v -0.136252 0.061394 2.524533
v -0.159346 0.064761 2.619733
v -0.329877 0.034944 2.511912
v -0.190327 0.132715 2.559897
v -0.149069 0.162710 2.573890
v -0.093929 0.088048 2.536128
v -0.254706 0.086736 2.537901
v -1.929847 -0.404391 1.738787
v -1.917326 -0.406975 1.728032
v -0.052359 1.050482 0.916878
v 0.238300 1.179346 1.019105
v -0.056086 1.048670 0.934832
v -0.203058 0.941830 0.877516
v -0.058153 1.067131 0.911513
v 0.247336 1.178878 1.008606
v 0.338393 1.141667 1.111550
v -0.064182 1.064198 0.940563
v -0.209235 0.939245 0.910226
v -0.199516 0.921011 0.904420
v 0.255339 1.190170 1.009336
v 0.163095 0.608451 2.283411
v 0.330926 0.635419 2.217001
v 0.168774 0.622029 2.294737
v 0.326806 0.631316 2.190688
v 0.328528 0.623709 2.205403
v 0.064599 0.611920 2.348310
v 0.056235 0.596018 2.336617
v 0.659556 0.645746 2.154869
v 0.661517 0.633574 2.155861
v 0.151678 0.615663 2.272231
v 0.150289 0.633681 2.276682
v 0.328140 0.647727 2.193191
v 0.645835 0.638271 2.167373
v 0.037945 0.603170 2.327350
v -0.192794 0.080466 2.565394
v -0.527666 1.172934 0.678460
v -0.608504 1.379331 0.586676
v -0.651134 1.382025 0.626212
v -0.136990 0.782249 2.201450
v -0.144539 0.968075 1.868215
v -0.131181 0.826312 2.068255
v 0.264175 0.027772 0.630565
v -0.106401 -0.570954 2.530966
v -0.111379 -0.561148 2.522733
v -0.190854 -0.334874 2.570059
v -0.079031 -0.647879 2.448345
v -0.071104 -0.644772 2.444789
v -0.208418 -0.340807 2.567957
v -0.117897 -0.578265 2.529208
v -0.230807 -0.196426 2.555972
v -0.206356 -0.340343 2.549420
v -0.122875 -0.568459 2.520975
v -0.332968 1.850299 2.443383
v -0.284741 1.856062 2.414582
v -0.330338 1.906649 2.445051
v -0.286208 1.902407 2.418236
v -0.319807 1.944688 2.446747
v -0.281174 1.933963 2.421732
v -0.685778 1.866538 0.643537
v -0.676179 1.873297 0.666509
v -0.008802 0.451232 1.244898
v -0.188772 0.407975 1.249498
v -0.180782 0.421953 1.275082
v -0.003277 0.463287 1.266029
v -1.957905 -0.400989 1.750937
v -0.704712 1.712272 0.577787
v -0.699290 1.665966 0.583000
v -0.697269 1.752956 0.584216
v -0.666795 1.586210 0.585977
v -0.025378 0.191491 1.463086
v -0.025656 0.203354 1.637646
v -0.319249 1.951612 2.400003
v -0.281174 1.933963 2.421732
v -0.330954 1.910441 2.393382
v -0.274015 1.956153 2.426441
v -0.286208 1.902407 2.418236
v -1.516855 -0.442708 1.551603
v -0.528093 -0.167557 0.936208
v -0.575119 -0.180543 1.041766
v -0.524263 -0.175092 0.934718
v -0.527169 -0.170480 0.928643
v -0.562716 -0.111561 1.352402
v -0.559971 -0.192454 1.048396
v -0.527169 -0.170480 0.928643
v -1.856369 -0.448039 1.705918
v -1.899122 -0.409671 1.707996
v -1.875457 -0.415357 1.678624
v -1.917326 -0.406975 1.728032
v -1.834808 -0.425976 1.643913
v -0.247295 1.403957 2.382276
v -0.249389 1.412440 2.306744
v -0.183469 1.419480 2.343978
v -0.217522 1.578530 2.368755
v -0.190327 0.132715 2.559897
v 1.110353 -0.430619 2.834392
v -0.581633 1.278998 0.623136
v -0.226902 0.476194 1.213672
v -0.253583 0.166178 2.516657
v -0.332417 0.411941 2.392077
v -0.209468 0.054388 2.580244
v -0.571238 0.787889 1.464842
v -0.587357 0.762615 1.467726
v -0.585528 0.778259 1.457810
v -0.511284 0.788626 0.881062
v -0.429465 0.679680 0.962048
v -0.423510 0.682426 0.982775
v -0.409966 0.697248 0.982733
v -0.496096 0.798625 0.882937
v -0.352098 0.632108 1.045479
v -0.407985 0.703729 0.962763
v -0.487237 0.798495 0.866947
v -0.683826 0.984671 0.779282
v -0.212378 0.129461 1.958990
v -0.179901 0.068655 1.896107
v -0.149830 0.081649 1.914365
v -0.128324 0.023452 1.989752
v 1.946293 -0.212922 1.622696
v 1.978218 -0.215287 1.597716
v 1.946498 -0.205407 1.616073
v 1.926156 -0.227388 1.592754
v 1.927820 -0.236837 1.606564
v 1.950840 -0.240964 1.620826
v 1.957876 -0.237269 1.574398
v 1.947901 -0.210782 1.556745
v 1.974932 -0.230421 1.615843
v 1.956460 -0.254337 1.599711
v 1.920394 -0.217157 1.586188
v 1.950840 -0.240964 1.620826
v 0.242503 0.150823 2.780133
v 0.288632 0.033929 2.731851
v 0.201052 0.078101 2.738745
v -0.243220 -0.074141 0.639151
v 0.245975 0.049791 1.004026
v 0.224176 -0.041166 1.009471
v 0.786819 0.164059 1.202276
v 0.647196 0.096428 1.462402
v 0.790046 0.152248 1.199632
v 0.876696 0.189357 1.106450
v 1.920394 -0.217157 1.586188
v -0.183469 1.419480 2.343978
v -0.102711 0.958043 2.345549
v -0.304091 0.858965 0.891630
v -0.291599 0.837499 0.885919
v -0.196195 0.922642 0.884034
v -0.288617 0.839172 0.862387
v -0.297237 0.861541 0.854247
v 0.774201 0.157166 1.187992
v 0.628247 0.086425 1.445503
v 0.777026 0.167098 1.195082
v 0.638847 0.073911 1.449441
v 0.584535 0.048575 1.607796
v 0.571163 0.062464 1.608776
v 0.782247 0.147989 1.190805
v 0.870506 0.193185 1.094714
v 0.873615 0.186504 1.099020
v -0.094028 0.262771 0.621526
v -0.704834 1.889717 0.671865
v -0.685778 1.866538 0.643537
v -0.676179 1.873297 0.666509
v -0.670885 1.879586 0.675135
v -0.015635 0.266795 1.486445
v -0.033300 0.288794 1.458099
v 0.005505 0.240871 1.519347
v 0.028199 0.213167 1.552583
v -0.823041 0.994302 1.706780
v -0.918100 1.069032 1.833871
v -0.695395 1.841564 0.628589
v 0.330686 0.650263 2.209453
v 0.653037 0.628954 2.163590
v 0.734379 0.671981 2.226066
v 0.649864 0.648649 2.161984
v -1.834808 -0.425976 1.643913
v -1.791671 -0.431695 1.619807
v 1.745409 -0.164652 1.500053
v 1.725917 -0.197623 1.540498
v 0.187302 0.197501 2.425131
v 0.172108 0.249334 2.788209
v -0.589759 -0.122158 2.443581
v 0.178854 -0.124551 1.014472
v -0.414254 0.869352 0.875302
v -0.344876 0.694791 1.008902
v -0.289122 0.679466 0.968463
v -0.362669 0.860393 0.831601
v 0.320095 0.140021 1.949147
v 0.286020 0.083155 1.896302
v 0.356002 0.008896 1.917949
v -0.098886 0.756253 2.285939
v -0.107789 0.788113 2.201536
v -0.805943 -0.227481 2.414854
v -0.784665 -0.286162 2.461573
v -0.981198 -0.293489 2.422693
v -0.958293 -0.347021 2.465963
v -0.965029 -0.358404 2.394635
v 0.166740 0.192964 2.788957
v 0.084279 0.229530 2.688193
v 0.081452 0.240910 2.800008
v 0.123097 0.116848 2.744705
v 0.166394 0.184414 2.687696
v 0.033591 0.160931 2.750984
v -0.272448 1.789989 2.407222
v -0.719363 1.476017 0.591562
v -1.340592 -0.507682 2.615290
v -1.326994 -0.486792 2.613485
v -1.302374 -0.512110 2.582461
v -1.305071 -0.452139 2.598130
v -1.115107 -0.336811 2.459510
v -0.981198 -0.293489 2.422693
v -1.106670 -0.398905 2.435182
v -1.209047 -0.373061 2.511731
v -0.293646 0.018259 1.865859
v -0.301395 0.037496 1.884240
v -0.317960 0.007100 1.849346
v -0.235285 0.158871 1.819336
v -0.437735 0.887929 2.318220
v -0.300343 0.812772 2.364455
v -0.432664 0.899260 2.332590
v -0.296004 0.812859 2.334833
v -0.301085 0.797437 2.349183
v -0.212708 0.775722 2.369348
v -0.296444 0.827352 2.349965
v -0.211985 0.758558 2.386242
v -0.668516 1.047492 2.293354
v -0.422383 0.909832 2.320625
v -0.207810 0.759080 2.352559
v -0.210035 0.739777 2.369109
v -0.362371 0.057691 1.857482
v 0.163829 0.309970 3.154531
v 1.926156 -0.227388 1.592754
v 1.950840 -0.240964 1.620826
v -0.828174 1.001503 1.695927
v -0.917381 1.082054 1.841500
v -0.840054 0.995315 1.691859
v -0.842264 0.984290 1.700199
v 1.525648 -0.146789 1.512799
v 1.410331 -0.071357 1.580862
v 0.240719 1.190928 1.026323
v 0.339508 1.150142 1.115069
v 0.346718 1.137683 1.111000
v 0.344771 1.143471 1.117327
v 0.344771 1.143471 1.117327
v -0.663352 1.054550 2.304264
v -0.662046 1.065949 2.296272
v -0.427454 0.898500 2.306255
v -0.667210 1.058891 2.285362
v -0.795853 1.098994 2.292415
v -0.210758 0.952030 0.893840
v -0.406584 0.770256 0.826578
v -0.396462 0.740187 0.865955
v -0.394673 0.742287 0.837552
v -0.158651 0.404882 1.294293
v -0.003277 0.463287 1.266029
v -0.267476 0.548267 1.175551
v -0.608504 1.379331 0.586676
v 1.251175 -0.468094 2.885258
v 1.369737 -0.457944 2.868947
v 1.346631 -0.495764 2.905537
v -0.096246 0.201594 2.591677
v -0.040613 0.243041 2.609945
v -0.675948 1.929109 0.679011
v -0.663598 1.922917 0.651416
v 0.389771 0.558262 1.253034
v 0.151180 0.499866 1.260133
v 0.811421 0.682227 1.313608
v -0.791025 -0.250110 2.428402
v -0.670614 1.485041 0.617501
v -0.631621 1.494024 0.578391
v 0.141314 0.129969 2.130335
v 0.068913 0.068263 2.085143
v 0.115416 0.059850 2.060097
v 0.187024 0.117798 2.100236
v 0.146858 0.194295 2.051744
v 0.095761 0.142395 2.162883
v 0.102197 0.209156 2.076623
v -0.676521 0.996198 0.780963
v -0.420222 0.692861 0.950411
v -0.496950 0.788416 0.855189
v -0.679900 0.993319 0.759162
v -0.674094 1.001543 0.768529
v -0.756204 1.094049 0.799010
v -0.681846 -0.099015 1.784166
v -0.664982 -0.091517 1.798833
v -0.664053 -0.126815 1.795506
v -0.654200 -0.108584 1.807157
v -0.266203 1.975814 2.432639
v -0.280821 1.995165 2.437218
v -0.280821 1.995165 2.437218
v -0.362371 0.057691 1.857482
v -0.833057 -0.146216 1.604374
v -0.610220 -0.054872 1.710662
v 1.800729 -0.128574 1.554677
v 1.809574 -0.170633 1.524299
v 1.795238 -0.202230 1.563872
v 0.356002 0.008896 1.917949
v 0.294389 0.023695 1.955930
v 0.237061 0.095440 1.924240
v 0.237513 0.036001 1.989843
v 0.264720 0.156587 1.982576
v 0.197238 0.044194 2.013381
v 0.202812 0.103938 1.943025
v 0.329623 0.080258 2.008495
v 0.237513 0.036001 1.989843
v 0.294389 0.023695 1.955930
v 0.268846 0.096188 2.047343
v 0.197238 0.044194 2.013381
v 0.225715 0.168755 2.005752
v 0.226317 0.107397 2.074729
v -0.581633 1.278998 0.623136
v 0.508621 0.053162 1.833997
v -1.326994 -0.486792 2.613485
v -1.305071 -0.452139 2.598130
v -0.720191 -0.560252 2.265888
v -0.673879 -0.757187 2.126351
v 0.352978 1.143697 1.114180
v 0.344771 1.143471 1.117327
v 0.348522 1.151397 1.116695
v 0.344771 1.143471 1.117327
v 0.251249 1.197617 1.020285
v -0.375977 0.612259 1.023196
v -0.511812 0.782316 0.863913
v -0.685914 0.982892 0.765808
v -0.180782 0.421953 1.275082
v -0.210782 -0.190983 2.558350
v -0.243619 -0.098779 2.525430
v -0.094071 0.584521 2.397560
v 0.034971 0.623452 2.333403
v -0.066492 0.577034 2.405151
v -0.098734 0.608367 2.405227
v -0.077728 0.614375 2.420724
v -0.065459 1.075607 0.926151
v -0.305900 0.873618 0.872665
v -0.064182 1.064198 0.940563
v 0.875492 0.197802 1.106737
v 0.876840 0.193918 1.099737
v 0.873615 0.186504 1.099020
v 0.876840 0.193918 1.099737
v 0.782247 0.147989 1.190805
v 1.246706 -0.100255 1.578389
v 1.072137 -0.090606 1.633309
v 1.265271 -0.052387 1.625236
v -0.414776 0.767199 0.870726
v 1.888164 -0.202336 1.582342
v 1.850033 -0.200710 1.577945
v -0.511812 0.782316 0.863913
v -0.685914 0.982892 0.765808
v -0.669337 -0.827707 2.029654
v -0.427454 0.898500 2.306255
v -0.786724 1.089639 2.290053
v 0.000776 0.467739 1.757578
v 0.336633 0.898606 1.868157
v 0.333953 0.899291 1.859614
v 0.271163 0.770391 1.771473
v 0.333550 0.905914 1.864991
v 0.333550 0.905914 1.864991
v -0.248738 1.699496 2.392071
v 1.390812 -0.116880 1.536864
v 1.246706 -0.100255 1.578389
v -0.535911 -0.083895 1.520071
v -0.207810 0.759080 2.352559
v -0.296004 0.812859 2.334833
v -0.209856 0.532183 1.133817
v 0.535052 0.047574 1.715245
v 0.516379 0.011404 1.831950
v 0.494899 0.031412 1.839671
v -0.438105 1.018182 0.753414
v -0.356109 0.643562 1.023963
v -0.315272 0.561349 1.078261
v -0.371341 0.631278 1.011273
v -0.295444 0.575588 1.091148
v -0.375977 0.612259 1.023196
v -0.283104 0.557248 1.114621
v -0.243619 -0.098779 2.525430
v -0.188793 -0.334410 2.551521
v 1.482491 -0.572897 2.992423
v -0.147122 1.214711 2.330972
v -0.096118 0.429947 9.577216
v -0.102817 0.467621 9.693063
v -0.120240 0.450647 9.689255
v -0.035192 0.489703 9.583695
v -0.119875 1.059317 1.795189
v -0.133029 0.961841 1.863463
v -0.127924 1.060253 1.799860
v -0.125910 0.966625 1.874433
v -0.120364 0.840013 2.075533
v -1.269056 -0.411555 2.562622
v 0.115416 0.059850 2.060097
v 0.134555 0.120622 1.978527
v 0.159673 0.051531 2.035022
v 0.171206 0.111712 1.959827
v 0.189454 0.180359 2.027052
v 0.548746 0.006359 1.807255
v 0.578279 0.008733 1.803080
v 0.551121 0.031376 1.711026
v 0.815270 -0.126607 2.200143
v 0.608786 -0.068692 2.436123
v 0.809384 -0.133340 2.199835
v 0.809845 -0.127608 2.195714
v 1.186425 -0.679054 1.863714
v 1.146027 -0.541166 1.847653
v 1.193418 -0.677042 1.868175
v 1.186378 -0.673159 1.869295
v 1.193127 -0.668691 1.869913
v 1.186378 -0.673159 1.869295
v 1.346631 -0.495764 2.905537
v 0.831990 0.672447 1.315408
v 0.824145 0.668151 1.326334
v 0.160271 0.637415 2.291101
v 0.330686 0.650263 2.209453
v 0.049998 0.628357 2.347629
v -0.081631 0.110648 1.951791
v -0.039977 0.055096 2.043240
v -0.085271 0.039057 2.016500
v -0.115044 0.096604 1.934791
v -0.120188 0.105154 2.087443
v -0.165004 0.085234 2.055424
v -0.136356 0.168330 2.008567
v 0.802965 -0.127616 2.197364
v 0.809384 -0.133340 2.199835
v 0.808851 -0.120883 2.197671
v -0.088519 0.723072 2.390489
v 0.638847 0.073911 1.449441
v 0.451593 0.004893 2.718202
v 0.479325 -0.028123 2.626781
v 0.123097 0.116848 2.744705
v -0.520494 -0.065802 1.629273
v -0.497985 -0.069420 1.635413
v -0.475880 -0.075911 1.762411
v -0.506101 -0.046168 1.756907
v -0.477387 -0.049806 1.766588
v -0.535911 -0.083895 1.520071
v -0.520494 -0.065802 1.629273
v 0.160271 0.637415 2.291101
v -0.795469 1.089670 2.293477
v -0.792491 1.093917 2.288165
v -0.787108 1.098963 2.288990
v -0.792491 1.093917 2.288165
v -0.667210 1.058891 2.285362
v -0.098776 0.700902 2.372958
v -0.098770 0.675112 2.392301
v -0.103030 0.699971 2.412464
v -0.767418 1.084994 0.795475
v -0.416660 0.785246 0.847979
v -0.414776 0.767199 0.870726
v -0.304091 0.858965 0.891630
v -0.209235 0.939245 0.910226
v -0.264655 0.456654 1.194774
v -0.243908 0.453981 1.220569
v -0.228319 -0.195181 2.535184
v -0.206356 -0.340343 2.549420
v -0.122875 -0.568459 2.520975
v -0.177402 0.147200 1.981953
v 0.000776 0.467739 1.757578
v -0.230020 0.169418 1.839206
v -0.139448 0.286567 1.805928
v 0.271163 0.770391 1.771473
v 0.871666 0.200168 1.099483
v 0.876840 0.193918 1.099737
v -0.666218 -0.832563 2.025232
v -0.666218 -0.832563 2.025232
v -0.122110 1.064813 1.799603
v -0.122110 1.064813 1.799603
v -0.177402 0.147200 1.981953
v -0.110703 0.720158 2.392230
v -0.098776 0.700902 2.372958
v -0.230020 0.169418 1.839206
v -1.349833 -0.517369 2.613288
v -1.350701 -0.540970 2.603103
v 0.033591 0.160931 2.750984
v -0.365059 0.612872 1.046214
v 0.028199 0.213167 1.552583
v -0.097265 0.149725 1.608064
v 0.005505 0.240871 1.519347
v 0.333953 0.899291 1.859614
v 0.335529 0.907697 1.856877
v 1.502271 -0.560226 2.987354
v 1.502271 -0.560226 2.987354
v 0.876840 0.193918 1.099737
v 0.876840 0.193918 1.099737
v -0.693951 1.861914 0.634166
v 0.649864 0.648649 2.161984
v 0.744362 0.681239 2.225294
v 0.738005 0.678449 2.230072
v -0.531307 -0.103241 1.759993
v -0.517735 -0.080353 1.774645
v -0.532398 -0.060949 1.764510
v -0.666218 -0.832563 2.025232
v 0.811421 0.682227 1.313608
v 0.931337 0.809093 1.370220
v 0.930190 0.811125 1.360988
v 0.240719 1.190928 1.026323
v -0.926669 1.072737 1.834070
v 0.809845 -0.127608 2.195714
v 0.809845 -0.127608 2.195714
v 0.159673 0.051531 2.035022
v -0.115317 1.063492 1.802209
v -0.122110 1.064813 1.799603
v -0.156053 0.491041 9.577341
v -0.120112 0.485104 9.694260
v -0.095127 0.550797 9.583820
v -0.137535 0.468130 9.690452
v -0.120240 0.450647 9.689255
v -0.156053 0.491041 9.577341
v -0.096118 0.429947 9.577216
v -0.137535 0.468130 9.690452
v -0.680451 1.902329 0.693670
v -0.661120 1.909294 0.678148
v -0.661120 1.909294 0.678148
v -0.262901 0.019127 2.514225
v -0.035192 0.489703 9.583695
v -0.120112 0.485104 9.694260
v -0.102817 0.467621 9.693063
v -0.095127 0.550797 9.583820
v -0.064182 1.064198 0.940563
v -0.295851 0.532008 1.116577
v -0.313176 0.534267 1.089221
v -0.527169 -0.170480 0.928643
v 0.425147 -0.002065 2.723388
v -0.791637 -0.141956 1.809862
v -0.962357 -0.176114 1.848117
v -0.957070 -0.182967 1.862602
v -1.270316 -0.192195 1.982548
v -1.278211 -0.185558 1.975430
v -0.681587 -0.120729 1.783580
v 0.940572 0.810077 1.372323
v 0.945132 0.812716 1.364391
v 0.936562 0.815165 1.365995
v 0.824126 0.681146 1.307543
v 0.938715 0.813363 1.357386
v 0.936562 0.815165 1.365995
v 1.927820 -0.236837 1.606564
v 1.950840 -0.240964 1.620826
v 0.569472 0.015625 1.843226
v 0.542193 0.007312 1.832747
v -0.228319 -0.195181 2.535184
v -0.054018 0.596360 2.417281
v 0.049998 0.628357 2.347629
v -0.077728 0.614375 2.420724
v -0.666218 -0.832563 2.025232
v -0.341717 0.696001 2.314007
v -0.356298 0.698844 2.314402
v -0.361107 0.802472 2.370965
v -0.357605 0.690447 2.326593
v -0.357605 0.690447 2.326593
v -0.353529 0.790783 2.373386
v 0.936562 0.815165 1.365995
v 0.936562 0.815165 1.365995
v -1.334668 -0.167877 2.081156
v -1.335461 -0.164324 2.088880
v -0.779266 -0.148112 1.822890
v -0.122110 1.064813 1.799603
v 0.333550 0.905914 1.864991
v -0.534058 -0.166371 0.930153
v -0.332987 0.033504 1.880842
v -0.556039 -0.097227 1.750183
v -0.555895 -0.071355 1.749138
v -0.664053 -0.126815 1.795506
v -0.660469 1.892310 0.649020
v -0.082445 -0.639308 2.448226
v -0.074518 -0.636201 2.444670
v -0.787108 1.098963 2.288990
v 0.333550 0.905914 1.864991
v 0.333550 0.905914 1.864991
v 0.809845 -0.127608 2.195714
v 0.737749 0.678059 2.222070
v 0.744666 0.676495 2.218334
v 0.737749 0.678059 2.222070
v -0.670885 1.879586 0.675135
v -0.661120 1.909294 0.678148
v -0.661120 1.909294 0.678148
v -0.661120 1.909294 0.678148
v -0.340920 0.018836 1.857922
v -0.332987 0.033504 1.880842
v -0.075320 0.125368 2.121911
v -0.093366 0.190685 2.035348
v -0.136356 0.168330 2.008567
v 0.339508 1.150142 1.115069
v 0.344771 1.143471 1.117327
v -0.516209 -0.067028 1.742684
v -1.961014 -0.412337 1.726378
v -1.957905 -0.400989 1.750937
v -1.929847 -0.404391 1.738787
v -1.961014 -0.412337 1.726378
v -1.957905 -0.400989 1.750937
v -1.941343 -0.409442 1.770894
v -1.929847 -0.404391 1.738787
v -1.957905 -0.400989 1.750937
v -0.527169 -0.170480 0.928643
v 0.930190 0.811125 1.360988
v 0.936562 0.815165 1.365995
v -0.926669 1.072737 1.834070
v -0.920907 1.073940 1.840719
v -0.912359 1.074790 1.838463
v -0.920907 1.073940 1.840719
v -0.920907 1.073940 1.840719
v -0.926225 1.080785 1.838785
v -0.920907 1.073940 1.840719
v -0.920907 1.073940 1.840719
v -0.429465 0.679680 0.962048
v -0.313176 0.534267 1.089221
v -0.770986 1.092970 0.798265
v -0.763477 1.089925 0.801496
v -0.758282 1.085661 0.795936
v -0.763477 1.089925 0.801496
v -0.763477 1.089925 0.801496
v -0.764055 1.098566 0.800449
v -0.763477 1.089925 0.801496
v -0.770986 1.092970 0.798265
v -0.763477 1.089925 0.801496
v 0.590120 0.010202 1.826125
v 0.569472 0.015625 1.843226
v 1.193127 -0.668691 1.869913
v 1.186378 -0.673159 1.869295
v 1.181812 -0.671945 1.862694
v 1.186378 -0.673159 1.869295
v 1.186378 -0.673159 1.869295
v 0.516379 0.011404 1.831950
v -0.531307 -0.103241 1.759993
v -1.328670 -0.159315 2.090189
v -1.334668 -0.167877 2.081156
v -1.328191 -0.166072 2.085710
v -1.323681 -0.159772 2.083275
v -1.328191 -0.166072 2.085710
v -1.328191 -0.166072 2.085710
v -1.328191 -0.166072 2.085710
v -1.328191 -0.166072 2.085710
v -0.499660 -0.086442 1.747237
v -0.506101 -0.046168 1.756907
v -0.077928 -0.642541 2.443498
v -0.077928 -0.642541 2.443498
v -0.792491 1.093917 2.288165
v -0.792491 1.093917 2.288165
v 0.068913 0.068263 2.085143
v 0.098935 0.128857 1.993743
v 0.738496 0.670773 2.218811
v 0.738496 0.670773 2.218811
v 0.737749 0.678059 2.222070
v 0.737749 0.678059 2.222070
v 0.737749 0.678059 2.222070
v -0.093366 0.190685 2.035348
v -0.082445 -0.639308 2.448226
v -0.077928 -0.642541 2.443498
v -0.077928 -0.642541 2.443498
v -0.354690 0.796974 2.365622
v -0.359997 0.794646 2.370996
v -0.359946 0.796281 2.378729
v -0.359997 0.794646 2.370996
v -0.359997 0.794646 2.370996
v -0.354690 0.796974 2.365622
v -0.359997 0.794646 2.370996
vt 0.000240 0.999760
vt 0.015860 0.999760
vt 0.000240 0.827990
vt 0.031480 0.999760
vt 0.062710 0.643900
vt 0.000240 0.643900
vt 0.062710 0.827990
vt 0.062710 0.999760
vt 0.047100 0.999760
vt 0.078330 0.999760
vt 0.093950 0.999760
vt 0.125180 0.827990
vt 0.109570 0.999760
vt 0.187650 0.643900
vt 0.125180 0.643900
vt 0.125180 0.999760
vt 0.140800 0.999760
vt 0.799850 -3.003240
vt 0.599950 -3.295920
vt 0.599950 -3.003240
vt 0.999760 -3.295920
vt 0.799850 -3.295920
vt 0.999760 -3.003240
vt 0.899800 -5.658580
vt 0.799850 -2.259920
vt 0.999760 -2.259920
vt 0.156420 0.999760
vt 0.187650 0.827990
vt 0.187650 0.999760
vt 0.203270 0.999760
vt 0.172040 0.999760
vt 0.218890 0.999760
vt 0.250120 0.827990
vt 0.400050 -2.259920
vt 0.200150 -3.003240
vt 0.200150 -2.259920
vt 0.599950 -2.016740
vt 0.599950 -2.259920
vt 0.400050 -2.010750
vt 0.200150 -1.996580
vt 0.400050 -1.858910
vt 0.599950 -1.859180
vt 0.799850 -1.829600
vt 0.799850 -2.006270
vt 0.234500 0.999760
vt 0.312590 0.643900
vt 0.250120 0.643900
vt 0.250120 0.999760
vt 0.265740 0.999760
vt 0.281360 0.999760
vt 0.312590 0.827990
vt 0.312590 0.999760
vt 0.328210 0.999760
vt 0.296970 0.999760
vt 0.375060 0.643900
vt 0.343830 0.999760
vt 0.375060 0.827990
vt 0.375060 0.999760
vt 0.390680 0.999760
vt 0.359440 0.999760
vt 0.406300 0.999760
vt 0.437530 0.827990
vt 0.421910 0.999760
vt 0.437530 0.643900
vt 0.468770 0.999760
vt 0.500000 0.827990
vt 0.437530 0.999760
vt 0.453150 0.999760
vt 0.666590 -3.693150
vt 0.999760 -3.737760
vt 0.666590 -3.737760
vt 0.333410 -3.693150
vt 0.333410 -3.737760
vt 0.833170 -5.771180
vt 0.666590 -3.637150
vt 0.500000 -5.771180
vt 0.000240 -3.693150
vt 0.484380 0.999760
vt 0.562470 0.643900
vt 0.500000 0.643900
vt 0.500000 0.999760
vt 0.515620 0.999760
vt 0.531230 0.999760
vt 0.562470 0.827990
vt 0.562470 0.999760
vt 0.546850 0.999760
vt 0.578090 0.999760
vt 0.593700 0.999760
vt 0.624940 0.827990
vt 0.609320 0.999760
vt 0.687410 0.643900
vt 0.624940 0.643900
vt 0.624940 0.999760
vt 0.640560 0.999760
vt 0.200150 -3.658200
vt 0.000240 -3.592420
vt 0.200150 -3.592420
vt 0.200150 -3.703420
vt 0.000240 -3.658200
vt 0.400050 -3.703420
vt 0.400050 -3.592420
vt 0.400050 -3.658200
vt 0.400050 -3.741210
vt 0.200150 -3.741210
vt 0.599950 -3.703420
vt 0.656170 0.999760
vt 0.687410 0.827990
vt 0.687410 0.999760
vt 0.703030 0.999760
vt 0.671790 0.999760
vt 0.718640 0.999760
vt 0.749880 0.827990
vt 0.000240 -2.163040
vt 0.250120 -2.322000
vt 0.000240 -2.323260
vt 0.250120 -2.552340
vt 0.000240 -2.552340
vt 0.250120 -2.177440
vt 0.500000 -2.204330
vt 0.500000 -2.339240
vt 0.000240 -1.966500
vt 0.250120 -2.009700
vt 0.500000 -2.046530
vt 0.734260 0.999760
vt 0.812350 0.643900
vt 0.749880 0.643900
vt 0.749880 0.999760
vt 0.765500 0.999760
vt 0.781110 0.999760
vt 0.812350 0.827990
vt 0.812350 0.999760
vt 0.827960 0.999760
vt 0.796730 0.999760
vt 0.599950 -3.741210
vt 0.200150 -3.776120
vt 0.599950 -3.658200
vt 0.799850 -3.703420
vt 0.400050 -3.776120
vt 0.843580 0.999760
vt 0.874820 0.827990
vt 0.874820 0.999760
vt 0.859200 0.999760
vt 0.890430 0.999760
vt 0.906050 0.999760
vt 0.937290 0.827990
vt 0.921670 0.999760
vt 0.968520 0.999760
vt 0.999760 0.827990
vt 0.937290 0.999760
vt 0.952900 0.999760
vt 0.984140 0.999760
vt 0.937290 0.643900
vt 0.999760 0.999760
vt 0.187650 0.447830
vt 0.125180 0.447830
vt 0.062710 0.447830
vt 0.250120 0.447830
vt 0.187650 0.194040
vt 0.125180 0.194040
vt 0.799850 -1.255310
vt 0.599950 -1.517360
vt 0.599950 -1.283090
vt 0.999760 -1.505740
vt 0.799850 -1.503850
vt 0.999760 -1.260960
vt 0.599950 -1.723450
vt 0.999760 -1.719080
vt 0.799850 -1.718530
vt 0.599950 -3.592420
vt 0.400050 -3.524930
vt 0.599950 -3.524930
vt 0.799850 -3.658200
vt 0.500000 -3.520860
vt 0.500000 -3.664900
vt 0.250120 -3.520860
vt 0.749880 -3.664900
vt 0.250120 -3.365770
vt 0.999760 -3.520860
vt 0.999760 -3.664900
vt 0.749880 -3.520860
vt 0.250120 -3.770070
vt 0.250120 -3.664900
vt 0.749880 -3.770070
vt 0.500000 -3.770070
vt 0.999760 -3.365770
vt 0.500000 -3.365770
vt 0.749880 -3.365770
vt 0.500000 -2.378870
vt 0.250120 -2.969960
vt 0.250120 -2.378870
vt 0.749880 -2.969960
vt 0.500000 -2.969960
vt 0.749880 -2.154230
vt 0.749880 -2.378870
vt 0.000240 -3.271740
vt 0.000240 -2.969960
vt 0.000240 -2.155030
vt 0.250120 -2.167960
vt 0.000240 -2.378870
vt 0.500000 -2.168150
vt 0.250120 -3.271740
vt 0.749880 -3.271740
vt 0.500000 -3.271740
vt 0.666590 -3.856340
vt 0.999760 -3.856340
vt 0.666590 -3.900800
vt 0.333410 -3.900800
vt 0.333410 -3.856340
vt 0.999760 -3.900800
vt 0.833170 -5.836020
vt 0.666590 -2.827810
vt 0.333410 -3.179430
vt 0.333410 -2.827810
vt 0.666590 -2.372010
vt 0.999760 -2.372010
vt 0.333410 -2.372010
vt 0.666590 -1.789840
vt 0.999760 -1.789840
vt 0.999760 -2.827810
vt 0.999760 -3.179430
vt 0.666590 -3.179430
vt 0.666590 -1.514820
vt 0.999760 -2.037650
vt 0.666590 -2.037650
vt 0.333410 -1.514820
vt 0.333410 -1.369730
vt 0.333410 -2.466880
vt 0.333410 -2.037650
vt 0.999760 -2.466880
vt 0.666590 -2.466880
vt 0.000240 -1.377440
vt 0.000240 -1.514820
vt 0.200150 -3.524930
vt 0.000240 -3.434880
vt 0.200150 -3.434880
vt 0.000240 -3.524930
vt 0.400050 -3.434880
vt 0.062710 0.194040
vt 0.624940 -0.036970
vt 0.624940 -0.282780
vt 0.562470 -0.036970
vt 0.687410 0.194040
vt 0.687410 -0.036970
vt 0.749880 0.447830
vt 0.749880 0.194040
vt 0.624940 0.194040
vt 0.749880 -0.036970
vt 0.562470 0.194040
vt 0.687410 0.447830
vt 0.125180 -0.036970
vt 0.187650 -0.282780
vt 0.125180 -0.282780
vt 0.250120 -0.599680
vt 0.187650 -0.599680
vt 0.187650 -0.036970
vt 0.125180 -0.599680
vt 0.062710 -0.036970
vt 0.250120 -0.282780
vt 0.250120 0.194040
vt 0.250120 -0.036970
vt 0.599950 -2.546150
vt 0.400050 -2.326340
vt 0.599950 -2.326340
vt 0.799850 -2.326340
vt 0.799850 -2.546150
vt 0.400050 -2.546150
vt 0.200150 -2.546150
vt 0.200150 -2.326340
vt 0.799850 -2.028390
vt 0.400050 -2.028390
vt 0.599950 -2.028390
vt 0.200150 -2.740330
vt 0.599950 -2.740330
vt 0.400050 -2.740330
vt 0.437530 -0.282780
vt 0.375060 -0.599680
vt 0.375060 -0.282780
vt 0.500000 -0.036970
vt 0.500000 -0.282780
vt 0.437530 -0.036970
vt 0.562470 -0.282780
vt 0.562470 -0.599680
vt 0.500000 -0.599680
vt 0.437530 -0.599680
vt 0.500000 0.194040
vt 0.375060 -0.036970
vt 0.312590 -0.599680
vt 0.312590 -0.282780
vt 0.375060 -0.887170
vt 0.624940 -0.599680
vt 0.500000 -0.887170
vt 0.624940 -0.887170
vt 0.687410 -0.282780
vt 0.687410 -0.599680
vt 0.812350 -0.599680
vt 0.749880 -0.282780
vt 0.812350 -0.282780
vt 0.874820 -0.599680
vt 0.749880 -0.887170
vt 0.749880 -0.599680
vt 0.812350 -0.036970
vt 0.874820 -0.282780
vt 0.874820 -0.887170
vt 0.937290 -0.282780
vt 0.937290 -0.599680
vt 0.874820 -0.036970
vt 0.937290 -0.036970
vt 0.250120 -1.540420
vt 0.000240 -1.936200
vt 0.000240 -1.540420
vt 0.500000 -1.086790
vt 0.500000 -1.540420
vt 0.250120 -1.936200
vt 0.250120 -1.086790
vt 0.500000 -1.936200
vt 0.999760 -0.036970
vt 0.999760 -0.282780
vt 0.999760 -0.599680
vt 0.062710 -0.282780
vt 0.062710 -0.599680
vt 0.000240 -0.036970
vt 0.125180 -0.887170
vt 0.000240 -0.282780
vt 0.250120 -0.887170
vt 0.312590 -0.036970
vt 0.999760 -2.338250
vt 0.799850 -2.056630
vt 0.999760 -2.046440
vt 0.799850 -2.338250
vt 0.599950 -2.338250
vt 0.599950 -2.066920
vt 0.799850 -1.863450
vt 0.999760 -1.846510
vt 0.999760 -3.153400
vt 0.799850 -3.153400
vt 0.250120 -1.192880
vt 0.125180 -1.192880
vt 0.624940 -1.192880
vt 0.500000 -1.192880
vt 0.375060 -1.192880
vt 0.874820 -1.192880
vt 0.749880 -1.192880
vt 0.999760 -0.887170
vt 0.250120 -2.034040
vt 0.500000 -2.285010
vt 0.250120 -2.285010
vt 0.500000 -2.021780
vt 0.749880 -2.020010
vt 0.250120 -2.966100
vt 0.000240 -2.034490
vt 0.250120 -1.858170
vt 0.500000 -1.836860
vt 0.749880 -4.835360
vt 0.749880 -4.300790
vt 0.999760 -4.835360
vt 0.500000 -4.835360
vt 0.500000 -4.300790
vt 0.999760 -4.300790
vt 0.749880 -3.707500
vt 0.874820 -3.707500
vt 0.437530 0.194040
vt 0.375060 0.194040
vt 0.500000 0.447830
vt 0.437530 0.447830
vt 0.375060 0.447830
vt 0.375060 -1.514620
vt 0.250120 -1.514620
vt 0.624940 -1.514620
vt 0.500000 -1.514620
vt 0.375060 -2.806280
vt 0.375060 -2.322180
vt 0.500000 -2.806280
vt 0.375060 -3.243290
vt 0.250120 -3.243290
vt 0.250120 -2.806280
vt 0.500000 -1.944420
vt 0.500000 -2.322180
vt 0.624940 -3.243290
vt 0.500000 -3.243290
vt 0.624940 -2.806280
vt 0.874820 -2.806280
vt 0.999760 -2.322180
vt 0.999760 -2.806280
vt 0.749880 -2.322180
vt 0.874820 -2.322180
vt 0.874820 -1.944420
vt 0.999760 -1.944420
vt 0.874820 -3.243290
vt 0.749880 -1.944420
vt 0.400050 -1.379970
vt 0.200150 -1.744070
vt 0.200150 -1.379970
vt 0.599950 -1.744070
vt 0.400050 -1.744070
vt 0.000240 -1.379970
vt 0.400050 -1.021640
vt 0.000240 -1.021640
vt 0.200150 -1.021640
vt 0.200150 -2.028390
vt 0.250120 -2.322180
vt 0.125180 -2.322180
vt 0.250120 -1.944420
vt 0.375060 -1.944420
vt 0.125180 -2.806280
vt 0.000240 -1.944420
vt 0.125180 -1.944420
vt 0.000240 -2.322180
vt 0.125180 -3.243290
vt 0.749880 -2.806280
vt 0.624940 -2.322180
vt 0.624940 -1.944420
vt 0.000240 -1.514620
vt 0.125180 -1.514620
vt 0.999760 -3.707500
vt 0.999760 -3.243290
vt 0.250120 -4.835360
vt 0.250120 -4.300790
vt 0.000240 -4.300790
vt 0.375060 -3.707500
vt 0.125180 -3.707500
vt 0.250120 -5.402710
vt 0.749880 -5.402710
vt 0.500000 -5.402710
vt 0.000240 -3.707500
vt 0.000240 -3.243290
vt 0.000240 -4.835360
vt 0.250120 -3.707500
vt 0.500000 -3.707500
vt 0.624940 -3.707500
vt 0.749880 -3.243290
vt 0.312590 0.194040
vt 0.749880 -6.776180
vt 0.500000 -6.126010
vt 0.749880 -6.126010
vt 0.500000 -7.465500
vt 0.500000 -6.776180
vt 0.749880 -7.465500
vt 0.999760 -6.126010
vt 0.999760 -6.776180
vt 0.999760 -5.402710
vt 0.749880 -8.342200
vt 0.749880 -9.128210
vt 0.500000 -9.128210
vt 0.999760 -7.465500
vt 0.999760 -8.342200
vt 0.500000 -8.342200
vt 0.000240 -10.120450
vt 0.250120 -10.120450
vt 0.125180 -10.029580
vt 0.250120 -10.120450
vt 0.500000 -10.120450
vt 0.375060 -10.029580
vt 0.500000 -10.120450
vt 0.749880 -10.120450
vt 0.624940 -10.029580
vt 0.749880 -10.120450
vt 0.999760 -10.120450
vt 0.874820 -10.029580
vt 0.749880 -2.364640
vt 0.999760 -2.150230
vt 0.999760 -2.364640
vt 0.749880 -2.011240
vt 0.999760 -1.998330
vt 0.749880 -2.157960
vt 0.749880 -2.933820
vt 0.500000 -3.733500
vt 0.250120 -3.652060
vt 0.500000 -3.652060
vt 0.749880 -3.798930
vt 0.500000 -3.798930
vt 0.749880 -3.733500
vt 0.500000 -3.850770
vt 0.250120 -3.798930
vt 0.749880 -3.850770
vt 0.999760 -3.652060
vt 0.999760 -3.733500
vt 0.749880 -3.652060
vt 0.999760 -3.798930
vt 0.749880 -1.936200
vt 0.749880 -1.540420
vt 0.999760 -2.279820
vt 0.749880 -2.279820
vt 0.500000 -2.279820
vt 0.250120 -2.279820
vt 0.749880 -1.086790
vt 0.999760 -1.540420
vt 0.999760 -1.936200
vt 0.000240 -3.937990
vt 0.250120 -3.870960
vt 0.250120 -3.937990
vt 0.000240 -3.870960
vt 0.500000 -3.870960
vt 0.500000 -3.937990
vt 0.000240 -3.703420
vt 0.000240 -3.492690
vt 0.000240 -3.318670
vt 0.333410 -3.318670
vt 0.000240 -3.096140
vt 0.333410 -3.096140
vt 0.666590 -3.096140
vt 0.666590 -3.318670
vt 0.333410 -3.492690
vt 0.333410 -3.626500
vt 0.000240 -3.626500
vt 0.666590 -3.492690
vt 0.000240 -2.326340
vt 0.000240 -2.028390
vt 0.333410 -3.446460
vt 0.999760 -3.446460
vt 0.666590 -3.446460
vt 0.666590 -3.298670
vt 0.333410 -3.447230
vt 0.333410 -3.298670
vt 0.999760 -3.298670
vt 0.666590 -3.447230
vt 0.666590 -3.102550
vt 0.999760 -3.102550
vt 0.999760 -3.447230
vt 0.333410 -3.557430
vt 0.666590 -3.557430
vt 0.400050 -1.652950
vt 0.400050 -1.888970
vt 0.200150 -1.676720
vt 0.400050 -2.234300
vt 0.200150 -1.898310
vt 0.599950 -1.645760
vt 0.000240 -1.895810
vt 0.200150 -2.234300
vt 0.250120 -3.733500
vt 0.000240 -3.798930
vt 0.000240 -1.945630
vt 0.200150 -1.588960
vt 0.200150 -1.945630
vt 0.200150 -1.352730
vt 0.400050 -1.578770
vt 0.000240 -1.593430
vt 0.400050 -1.945630
vt 0.200150 -2.982950
vt 0.200150 -2.338250
vt 0.000240 -2.046440
vt 0.200150 -2.049230
vt 0.400050 -2.061850
vt 0.400050 -2.338250
vt 0.400050 -1.892490
vt 0.599950 -1.894770
vt 0.200150 -3.153400
vt 0.000240 -1.846510
vt 0.200150 -1.862320
vt 0.999760 -0.866230
vt 0.749880 -0.958050
vt 0.749880 -0.853280
vt 0.500000 -1.069930
vt 0.500000 -0.950690
vt 0.999760 -0.964140
vt 0.500000 -0.717090
vt 0.749880 -0.758840
vt 0.500000 -0.829810
vt 0.999760 -0.776620
vt 0.749880 -1.069930
vt 0.999760 -4.010620
vt 0.666590 -3.957240
vt 0.999760 -3.957240
vt 0.666590 -4.010620
vt 0.333410 -4.010620
vt 0.333410 -3.957240
vt 0.999760 -3.888350
vt 0.833170 -6.149960
vt 0.799850 -3.741210
vt 0.599950 -3.776120
vt 0.000240 -3.073380
vt 0.000240 -2.830940
vt 0.250120 -2.830940
vt 0.250120 -3.073380
vt 0.250120 -2.576470
vt 0.500000 -2.576470
vt 0.500000 -2.830940
vt 0.500000 -3.073380
vt 0.500000 -3.253530
vt 0.250120 -3.253530
vt 0.000240 -3.253530
vt 0.400050 -1.331440
vt 0.599950 -1.576800
vt 0.599950 -1.336460
vt 0.799850 -1.945630
vt 0.599950 -1.945630
vt 0.799850 -1.584570
vt 0.400050 -1.043080
vt 0.599950 -1.061770
vt 0.400050 -0.417530
vt 0.599950 -0.520180
vt 0.400050 -0.523120
vt 0.200150 -0.531360
vt 0.200150 -0.438600
vt 0.400050 -0.316100
vt 0.599950 -0.417320
vt 0.000240 -0.535040
vt 0.000240 -0.455610
vt 0.200150 -0.623700
vt 0.599950 -0.623700
vt 0.400050 -0.623700
vt 0.400050 -3.188850
vt 0.599950 -2.234300
vt 0.599950 -1.880340
vt 0.200150 -3.188850
vt 0.799850 -1.883430
vt 0.799850 -2.234300
vt 0.599950 -3.188850
vt 0.400050 -3.613770
vt 0.799850 -3.188850
vt 0.599950 -3.613770
vt 0.000240 -1.744070
vt 0.000240 -0.623700
vt 0.333410 -3.888350
vt 0.666590 -3.788030
vt 0.666590 -3.888350
vt 0.000240 -3.957240
vt 0.000240 -3.888350
vt 0.333410 -3.788030
vt 0.999760 -3.788030
vt 0.666590 -3.644870
vt 0.000240 -3.788030
vt 0.749880 -3.073380
vt 0.749880 -3.253530
vt 0.250120 -6.126010
vt 0.250120 -6.776180
vt 0.000240 -5.402710
vt 0.000240 -0.599680
vt 0.000240 -2.338250
vt 0.400050 -3.153400
vt 0.200150 -3.486440
vt 0.000240 -3.153400
vt 0.666590 -0.962220
vt 0.999760 -1.097640
vt 0.666590 -1.094860
vt 0.999760 -0.965950
vt 0.333410 -1.058580
vt 0.333410 -0.906990
vt 0.999760 -1.223220
vt 0.666590 -1.220570
vt 0.799850 -3.592420
vt 0.799850 -3.524930
vt 0.999760 -3.524930
vt 0.599950 -3.434880
vt 0.799850 -3.434880
vt 0.999760 -3.658200
vt 0.749880 -2.552340
vt 0.749880 -2.340490
vt 0.999760 -2.323260
vt 0.999760 -2.552340
vt 0.749880 -2.188990
vt 0.749880 -2.285010
vt 0.749880 -1.849920
vt 0.999760 -1.881020
vt 0.999760 -2.034490
vt 0.999760 -2.285010
vt 0.500000 -1.612070
vt 0.749880 -1.650350
vt 0.999760 -1.708070
vt 0.874820 0.447830
vt 0.937290 0.447830
vt 0.874820 0.643900
vt 0.999760 0.643900
vt 0.999760 0.447830
vt 0.500000 -3.991720
vt 0.749880 -4.037960
vt 0.500000 -4.037960
vt 0.250120 -4.037960
vt 0.250120 -3.991720
vt 0.749880 -3.991720
vt 0.999760 -4.037960
vt 0.749880 -4.079190
vt 0.500000 -4.079190
vt 0.749880 -3.937990
vt 0.749880 -1.514620
vt 0.874820 -1.514620
vt 0.000240 0.194040
vt 0.999760 -9.128210
vt 0.000240 -1.602380
vt 0.333410 -2.112680
vt 0.000240 -2.112680
vt 0.666590 -1.602380
vt 0.666590 -2.112680
vt 0.333410 -1.602380
vt 0.333410 -2.522780
vt 0.000240 -2.522780
vt 0.000240 -1.466420
vt 0.333410 -1.460570
vt 0.000240 -7.465500
vt 0.250120 -8.342200
vt 0.000240 -8.342200
vt 0.250120 -7.465500
vt 0.250120 -9.128210
vt 0.000240 -9.128210
vt 0.000240 -6.776180
vt 0.749880 -3.181680
vt 0.999760 -2.917990
vt 0.999760 -3.181680
vt 0.500000 -2.917990
vt 0.749880 -2.917990
vt 0.999760 -2.655860
vt 0.500000 -2.655860
vt 0.749880 -2.655860
vt 0.200150 -3.166000
vt 0.400050 -3.166000
vt 0.200150 -3.465770
vt 0.000240 -3.166000
vt 0.400050 -2.390650
vt 0.599950 -2.127410
vt 0.599950 -2.390650
vt 0.200150 -2.390650
vt 0.599950 -3.166000
vt 0.000240 -2.101670
vt 0.200150 -2.109940
vt 0.000240 -2.390650
vt 0.400050 -2.126010
vt 0.400050 -3.232990
vt 0.599950 -3.341500
vt 0.400050 -3.341500
vt 0.599950 -3.232990
vt 0.799850 -3.232990
vt 0.799850 -3.341500
vt 0.200150 -3.341500
vt 0.799850 -3.081200
vt 0.400050 -3.081200
vt 0.599950 -3.081200
vt 0.250120 -2.308450
vt 0.000240 -1.950880
vt 0.250120 -1.950880
vt 0.500000 -1.950880
vt 0.500000 -2.308450
vt 0.749880 -1.539870
vt 0.749880 -1.950880
vt 0.749880 -2.308450
vt 0.250120 -2.655860
vt 0.000240 -1.539870
vt 0.250120 -1.539870
vt 0.500000 -1.539870
vt 0.624940 0.447830
vt 0.812350 0.447830
vt 0.812350 0.194040
vt 0.000240 -3.081200
vt 0.200150 -3.232990
vt 0.000240 -3.232990
vt 0.200150 -3.081200
vt 0.000240 -3.341500
vt 0.400050 -2.933150
vt 0.000240 -2.933150
vt 0.200150 -2.933150
vt 0.999760 -1.132610
vt 0.666590 -0.998070
vt 0.999760 -1.006440
vt 0.666590 -1.126360
vt 0.666590 -0.862220
vt 0.999760 -0.873870
vt 0.999760 -1.248040
vt 0.666590 -1.242940
vt 0.333410 -1.102200
vt 0.333410 -0.959500
vt 0.599950 -0.323050
vt 0.799850 -0.279810
vt 0.799850 -0.358850
vt 0.400050 -0.091370
vt 0.599950 -0.227290
vt 0.200150 -0.259330
vt 0.200150 -0.162070
vt 0.400050 -0.210040
vt 0.400050 0.038430
vt 0.599950 -0.123420
vt 0.799850 -0.198060
vt 0.200150 -0.350040
vt 0.000240 -1.719080
vt 0.200150 -2.043430
vt 0.000240 -2.043430
vt 0.400050 -1.725350
vt 0.400050 -2.043430
vt 0.200150 -1.722730
vt 0.200150 -2.982140
vt 0.000240 -2.982140
vt 0.400050 -1.520550
vt 0.000240 -1.505740
vt 0.200150 -1.513260
vt 0.500000 -1.881430
vt 0.250120 -2.016640
vt 0.250120 -1.853970
vt 0.000240 -1.811080
vt 0.500000 -2.032560
vt 0.749880 -1.830100
vt 0.250120 -2.152890
vt 0.999760 -0.311030
vt 0.999760 -0.383280
vt 0.799850 -0.438140
vt 0.999760 -0.455610
vt 0.000240 -1.485000
vt 0.333410 -1.469820
vt 0.000240 -1.622780
vt 0.333410 -1.617340
vt 0.666590 -1.618590
vt 0.333410 -1.789840
vt 0.000240 -1.789840
vt 0.000240 -2.806280
vt 0.000240 -2.372010
vt 0.000240 -2.827810
vt 0.599950 -1.379970
vt 0.000240 -1.006440
vt 0.000240 -1.132610
vt 0.333410 -1.229210
vt 0.000240 -1.248040
vt 0.000240 -0.873870
vt 0.333410 -0.806580
vt 0.999760 -3.431000
vt 0.749880 -3.552130
vt 0.749880 -3.431000
vt 0.500000 -3.431000
vt 0.999760 -3.552130
vt 0.999760 -3.253530
vt 0.749880 -1.994280
vt 0.749880 -1.798300
vt 0.999760 -2.003140
vt 0.500000 -2.029000
vt 0.250120 -2.033500
vt 0.500000 -1.863550
vt 0.999760 -2.155030
vt 0.666590 -1.374390
vt 0.999760 -1.377440
vt 0.999760 -1.514820
vt 0.000240 -1.820070
vt 0.250120 -1.871090
vt 0.000240 -2.003140
vt 0.999760 -1.192880
vt 0.599950 -1.983660
vt 0.400050 -2.220340
vt 0.400050 -1.977220
vt 0.599950 -1.827430
vt 0.799850 -1.974210
vt 0.400050 -1.830140
vt 0.599950 -1.646280
vt 0.799850 -1.800780
vt 0.799850 -2.220340
vt 0.799850 -1.591560
vt 0.999760 -1.785110
vt 0.999760 -1.961560
vt 0.250120 -3.181680
vt 0.000240 -3.365770
vt 0.000240 -3.181680
vt 0.000240 -3.520860
vt 0.000240 -2.917990
vt 0.250120 -2.917990
vt 0.000240 -6.126010
vt 0.999760 -2.933820
vt 0.500000 -2.364640
vt 0.999760 -3.224260
vt 0.749880 -3.224260
vt 0.999760 -2.308450
vt 0.000240 -2.308450
vt 0.000240 -2.655860
vt 0.250120 -2.001030
vt 0.500000 -1.821700
vt 0.500000 -2.002140
vt 0.250120 -1.818660
vt 0.250120 -2.148900
vt 0.749880 -1.794830
vt 0.749880 -1.985040
vt 0.000240 -1.988900
vt 0.000240 -1.806550
vt 0.250120 -0.955990
vt 0.250120 -1.069930
vt 0.000240 -0.866230
vt 0.250120 -0.839230
vt 0.000240 -0.964140
vt 0.799850 -0.623700
vt 0.599950 -1.021640
vt 0.799850 -0.526970
vt 0.999760 -0.535040
vt 0.999760 -0.623700
vt 0.666590 -1.464320
vt 0.333410 -1.323290
vt 0.666590 -1.335070
vt 0.999760 -1.602380
vt 0.000240 -1.337970
vt 0.000240 -1.223220
vt 0.333410 -1.198830
vt 0.999760 -1.466420
vt 0.000240 -4.037960
vt 0.000240 -3.991720
vt 0.400050 -2.039670
vt 0.200150 -2.829840
vt 0.200150 -2.039670
vt 0.599950 -1.757530
vt 0.599950 -2.039670
vt 0.400050 -2.829840
vt 0.200150 -3.178890
vt 0.000240 -2.039670
vt 0.000240 -1.745260
vt 0.200150 -1.752810
vt 0.599950 -2.829840
vt 0.400050 -2.037790
vt 0.200150 -2.320600
vt 0.200150 -2.047850
vt 0.599950 -2.320600
vt 0.400050 -2.320600
vt 0.200150 -1.864220
vt 0.400050 -1.839390
vt 0.799850 -3.086600
vt 0.599950 -3.086600
vt 0.599950 -2.027120
vt 0.799850 -2.029740
vt 0.799850 -2.320600
vt 0.200150 -3.086600
vt 0.599950 -1.829840
vt 0.250120 -1.641800
vt 0.999760 -2.326340
vt 0.999760 -2.740330
vt 0.799850 -2.740330
vt 0.500000 -2.161340
vt 0.500000 -2.933820
vt 0.250120 -2.364640
vt 0.000240 0.447830
vt 0.500000 -2.956260
vt 0.250120 -2.956260
vt 0.500000 -2.368410
vt 0.749880 -3.235630
vt 0.500000 -3.235630
vt 0.749880 -2.368410
vt 0.749880 -2.956260
vt 0.749880 -2.140850
vt 0.999760 -2.368410
vt 0.999760 -2.956260
vt 0.666590 -3.626500
vt 0.999760 -3.626500
vt 0.666590 -3.727480
vt 0.999760 -3.727480
vt 0.666590 -3.802190
vt 0.999760 -3.802190
vt 0.000240 -3.741210
vt 0.000240 -3.776120
vt 0.799850 -1.356800
vt 0.799850 -1.098290
vt 0.999760 -1.126900
vt 0.999760 -1.372750
vt 0.624940 -5.634460
vt 0.999760 -3.341500
vt 0.999760 -3.232990
vt 0.999760 -3.434880
vt 0.999760 -3.081200
vt 0.200150 -0.060560
vt 0.799850 -0.113040
vt 0.333410 -3.802190
vt 0.000240 -3.802190
vt 0.333410 -3.727480
vt 0.000240 -3.856340
vt 0.000240 -3.727480
vt 0.500000 -3.181680
vt 0.200150 -3.295920
vt 0.000240 -3.003240
vt 0.400050 -3.295920
vt 0.300100 -5.658580
vt 0.000240 -2.259920
vt 0.400050 -3.003240
vt 0.500000 -5.658580
vt 0.749880 -3.870960
vt 0.999760 -3.937990
vt 0.999760 -3.870960
vt 0.999760 -3.991720
vt 0.999760 -3.770070
vt 0.666590 -2.815740
vt 0.333410 -2.815740
vt 0.999760 -2.815740
vt 0.999760 -3.096140
vt 0.999760 -1.337970
vt 0.000240 -3.179430
vt 0.000240 -2.546150
vt 0.400050 -1.284990
vt 0.000240 -1.881020
vt 0.000240 -2.285010
vt 0.000240 -1.708070
vt 0.599950 -2.043430
vt 0.999760 -2.043430
vt 0.799850 -2.043430
vt 0.200150 -1.973800
vt 0.000240 -1.710920
vt 0.200150 -1.723370
vt 0.400050 -1.749910
vt 0.400050 -1.973800
vt 0.400050 -1.622600
vt 0.599950 -1.752470
vt 0.599950 -1.973800
vt 0.200150 -2.634880
vt 0.000240 -0.776620
vt 0.250120 -0.727940
vt 0.250120 -0.612530
vt 0.500000 -0.601360
vt 0.749880 -3.936320
vt 0.500000 -3.895690
vt 0.749880 -3.895690
vt 0.999760 -3.895690
vt 0.999760 -3.936320
vt 0.874820 -5.525170
vt 0.250120 -3.895690
vt 0.250120 -3.850770
vt 0.500000 -3.936320
vt 0.250120 -3.936320
vt 0.999760 -3.850770
vt 0.624940 -5.525170
vt 0.666590 -1.475780
vt 0.999760 -1.622780
vt 0.999760 -1.485000
vt 0.562470 0.447830
vt 0.999760 0.194040
vt 0.937290 0.194040
vt 0.599950 -2.929370
vt 0.599950 -2.220340
vt 0.799850 -2.929370
vt 0.799850 -3.259570
vt 0.000240 -3.850770
vt 0.000240 -2.815740
vt 0.000240 -2.037650
vt 0.000240 -1.549580
vt 0.200150 -1.564570
vt 0.400050 -1.760550
vt 0.400050 -1.581570
vt 0.599950 -1.576020
vt 0.200150 -2.929370
vt 0.200150 -2.220340
vt 0.400050 -2.929370
vt 0.000240 -2.220340
vt 0.000240 -1.961560
vt 0.200150 -1.963140
vt 0.000240 -2.929370
vt 0.200150 -3.259570
vt 0.000240 -3.259570
vt 0.312590 0.447830
vt 0.799850 -3.776120
vt 0.999760 -3.741210
vt 0.999760 -3.776120
vt 0.999760 -3.808460
vt 0.000240 -0.311030
vt 0.000240 -0.383280
vt 0.000240 -0.238060
vt 0.000240 -0.160470
vt 0.400050 -2.982140
vt 0.200150 -3.421840
vt 0.999760 -3.592420
vt 0.000240 -2.320600
vt 0.400050 -3.086600
vt 0.200150 -3.360940
vt 0.000240 -3.086600
vt 0.000240 -3.770070
vt 0.000240 -3.664900
vt 0.250120 -3.431000
vt 0.000240 -3.431000
vt 0.000240 -0.887170
vt 0.000240 -1.192880
vt 0.999760 -2.112680
vt 0.874820 0.194040
vt 0.799850 -1.744070
vt 0.799850 -1.379970
vt 0.999760 -1.379970
vt 0.999760 -1.744070
vt 0.500000 -0.969420
vt 0.250120 -0.974350
vt 0.000240 -1.086790
vt 0.000240 -1.998330
vt 0.000240 -2.150230
vt 0.999760 -2.522780
vt 0.666590 -2.522780
vt 0.999760 -2.848070
vt 0.666590 -2.848070
vt 0.333410 -2.848070
vt 0.666590 -1.337980
vt 0.333410 -1.162600
vt 0.666590 -1.186290
vt 0.999760 -1.353800
vt 0.333410 -1.324540
vt 0.999760 -1.213020
vt 0.999760 -3.492690
vt 0.599950 -2.933150
vt 0.999760 -3.693150
vt 0.999760 -3.637150
vt 0.333410 -3.637150
vt 0.999760 -3.557430
vt 0.000240 -3.102550
vt 0.000240 -2.848070
vt 0.333410 -3.102550
vt 0.000240 -3.298670
vt 0.400050 -1.373060
vt 0.200150 -1.419730
vt 0.599950 -1.372900
vt 0.799850 -1.662130
vt 0.250120 -2.453890
vt 0.500000 -2.220270
vt 0.500000 -2.453890
vt 0.000240 -2.201590
vt 0.250120 -2.207800
vt 0.749880 -2.044210
vt 0.749880 -2.212860
vt 0.500000 -2.076690
vt 0.250120 -3.123490
vt 0.749880 -2.453890
vt 0.000240 -2.023870
vt 0.250120 -2.051010
vt 0.000240 -1.069930
vt 0.999760 -1.514620
vt 0.000240 -3.895690
vt 0.375060 -5.525170
vt 0.599950 -2.982140
vt 0.599950 -3.421840
vt 0.799850 -2.982140
vt 0.999760 -2.982140
vt 0.999760 -3.073380
vt 0.749880 -2.830940
vt 0.000240 -2.829840
vt 0.000240 -3.178890
vt 0.400050 -3.178890
vt 0.300100 -5.208590
vt 0.100200 -5.208590
vt 0.500000 -3.123490
vt 0.749880 -3.123490
vt 0.999760 -2.453890
vt 0.999760 -3.123490
vt 0.749880 -3.445580
vt 0.799850 -1.747490
vt 0.599950 -1.367530
vt 0.200150 -1.346420
vt 0.400050 -1.373980
vt 0.200150 -1.079940
vt 0.000240 -1.372750
vt 0.799850 -1.021640
vt 0.000240 -2.740330
vt 0.000240 -3.446460
vt 0.333410 -3.644870
vt 0.000240 -3.644870
vt 0.000240 -1.097640
vt 0.000240 -0.965950
vt 0.599950 -3.808460
vt 0.400050 -3.808460
vt 0.999760 -1.945630
vt 0.999760 -1.593430
vt 0.999760 -2.982950
vt 0.999760 -1.820070
vt 0.799850 -2.933150
vt 0.999760 -2.933150
vt 0.749880 -0.583340
vt 0.999760 -0.517390
vt 0.999760 -0.614290
vt 0.749880 -0.683570
vt 0.500000 -0.501490
vt 0.749880 -0.478290
vt 0.500000 -0.368950
vt 0.400050 -2.634880
vt 0.799850 -1.728430
vt 0.799850 -1.973800
vt 0.799850 -2.634880
vt 0.599950 -2.634880
vt 0.599950 -2.955010
vt 0.599950 -1.957840
vt 0.400050 -1.964750
vt 0.000240 -1.904640
vt 0.200150 -1.930880
vt 0.000240 -3.900800
vt 0.166830 -5.836020
vt 0.500000 -5.836020
vt 0.999760 -1.069930
vt 0.999760 -1.950880
vt 0.999760 -1.539870
vt 0.500000 -3.552130
vt 0.250120 -3.552130
vt 0.000240 -3.552130
vt 0.999760 -1.086790
vt 0.000240 -0.982740
vt 0.250120 -0.859370
vt 0.000240 -0.885840
vt 0.500000 -0.850600
vt 0.000240 -0.796560
vt 0.250120 -0.749430
vt 0.749880 -0.977080
vt 0.999760 -0.885840
vt 0.999760 -0.982740
vt 0.749880 -0.873470
vt 0.999760 -0.796560
vt 0.500000 -0.739590
vt 0.749880 -0.778920
vt 0.999760 -2.546150
vt 0.400050 -1.668030
vt 0.000240 -3.637150
vt 0.000240 -3.557430
vt 0.999760 -2.378870
vt 0.999760 -2.969960
vt 0.599950 -3.178890
vt 0.500000 -5.208590
vt 0.799850 -3.178890
vt 0.699900 -5.208590
vt 0.799850 -2.829840
vt 0.000240 -1.526540
vt 0.000240 -1.973800
vt 0.000240 -2.634880
vt 0.000240 -1.126900
vt 0.500000 -2.149620
vt 0.999760 -1.988900
vt 0.599950 -1.594600
vt 0.799850 -1.845960
vt 0.400050 -1.596370
vt 0.799850 -1.632450
vt 0.999760 -1.679840
vt 0.799850 -2.039670
vt 0.799850 -1.553740
vt 0.999760 -2.039670
vt 0.599950 -3.259570
vt 0.699900 -5.604810
vt 0.999760 -3.259570
vt 0.899800 -5.604810
vt 0.999760 -2.929370
vt 0.000240 -2.576470
vt 0.000240 -2.279820
vt 0.749880 -2.576470
vt 0.000240 -1.325230
vt 0.000240 -3.733500
vt 0.000240 -3.652060
vt 0.999760 -1.973800
vt 0.999760 -2.634880
vt 0.999760 -3.271740
vt 0.000240 -2.453890
vt 0.250120 -3.445580
vt 0.000240 -2.234300
vt 0.200150 -3.613770
vt 0.000240 -3.613770
vt 0.000240 -3.188850
vt 0.300100 -5.630950
vt 0.100200 -5.630950
vt 0.999760 -3.318670
vt 0.999760 -2.830940
vt 0.999760 -2.576470
vt 0.000240 -1.994180
vt 0.999760 -2.023870
vt 0.999760 -2.201590
vt 0.999760 -1.021640
vt 0.200150 -1.802300
vt 0.000240 -1.575700
vt 0.200150 -1.620650
vt 0.999760 -2.028390
vt 0.599950 -1.613270
vt 0.799850 -1.353660
vt 0.799850 -1.555830
vt 0.599950 -1.456300
vt 0.999760 -1.526540
vt 0.400050 -1.487000
vt 0.000240 -1.988900
vt 0.250120 -2.368410
vt 0.000240 -4.010620
vt 0.000240 -2.466880
vt 0.749880 -9.128210
vt 0.999760 -10.120450
vt 0.749880 -10.120450
vt 0.999760 -9.128210
vt 0.250120 -3.224260
vt 0.250120 -2.933820
vt 0.500000 -3.224260
vt 0.000240 -2.933820
vt 0.000240 -2.364640
vt 0.000240 -3.447230
vt 0.000240 -0.614290
vt 0.250120 -0.509730
vt 0.000240 -0.706770
vt 0.250120 -0.635360
vt 0.500000 -0.625770
vt 0.400050 -1.702470
vt 0.599950 -1.699780
vt 0.000240 -1.785110
vt 0.749880 -3.326460
vt 0.500000 -2.552340
vt 0.999760 -3.326460
vt 0.874820 -6.110630
vt 0.599950 -3.486440
vt 0.599950 -3.153400
vt 0.799850 -3.486440
vt 0.699900 -5.830950
vt 0.999760 -3.486440
vt 0.899800 -5.830950
vt 0.999760 -3.644870
vt 0.599950 -2.982950
vt 0.400050 -2.982950
vt 0.000240 -2.043860
vt 0.999760 -2.320600
vt 0.999760 -1.872950
vt 0.250120 -0.347650
vt 0.500000 -0.338640
vt 0.500000 -0.474470
vt 0.250120 -0.485140
vt 0.749880 -0.565120
vt 0.749880 -0.664160
vt 0.000240 -0.594040
vt 0.250120 -3.326460
vt 0.000240 -3.326460
vt 0.500000 -3.326460
vt 0.999760 -1.811080
vt 0.999760 -2.220340
vt 0.749880 -1.998420
vt 0.999760 -2.163040
vt 0.000240 -1.353800
vt 0.000240 -1.811950
vt 0.200150 -1.828500
vt 0.400050 -1.689410
vt 0.000240 -1.596150
vt 0.200150 -1.636160
vt 0.999760 -1.994180
vt 0.999760 -1.811950
vt 0.999760 -2.043860
vt 0.500000 -3.445580
vt 0.624940 -6.051830
vt 0.999760 -3.445580
vt 0.874820 -6.051830
vt 0.000240 -3.123490
vt 0.000240 -1.807980
vt 0.250120 -1.866960
vt 0.500000 -1.913200
vt 0.200150 -2.955010
vt 0.799850 -1.329960
vt 0.999760 -1.325230
vt 0.999760 -1.549580
vt 0.999760 -1.745260
vt 0.000240 -1.260960
vt 0.200150 -1.270910
vt 0.000240 -2.141250
vt 0.000240 -2.368410
vt 0.000240 -2.956260
vt 0.999760 -0.686640
vt 0.999760 -2.234300
vt 0.999760 -1.686830
vt 0.999760 -1.895810
vt 0.999760 -3.188850
vt 0.400050 -3.259570
vt 0.500000 -5.604810
vt 0.375060 -5.899310
vt 0.624940 -5.899310
vt 0.375060 -5.867220
vt 0.624940 -5.867220
vt 0.000240 -0.686640
vt 0.749880 -1.838710
vt 0.999760 -1.807980
vt 0.000240 -1.686830
vt 0.000240 -3.737760
vt 0.166830 -5.771180
vt 0.000240 -1.213020
vt 0.200150 -1.565110
vt 0.999760 -0.160470
vt 0.599950 -0.013890
vt 0.999760 -0.238060
vt 0.999760 -3.613770
vt 0.799850 -3.613770
vt 0.500000 -6.149960
vt 0.166830 -6.149960
vt 0.300100 -5.604810
vt 0.100200 -5.604810
vt 0.999760 -3.703420
vt 0.999760 -3.086600
vt 0.599950 -3.360940
vt 0.400050 -3.360940
vt 0.000240 -1.673570
vt 0.200150 -1.725710
vt 0.400050 -1.783450
vt 0.874820 -5.899310
vt 0.000240 -2.982950
vt 0.200150 -3.428050
vt 0.000240 -3.428050
vt 0.999760 -2.829840
vt 0.999760 -3.421840
vt 0.125180 -6.110630
vt 0.375060 -6.110630
vt 0.999760 -0.706770
vt 0.000240 -3.224260
vt 0.125180 -5.867220
vt 0.500000 -9.128210
vt 0.250120 -10.120450
vt 0.250120 -9.128210
vt 0.500000 -10.120450
vt 0.749880 -10.120450
vt 0.500000 -9.128210
vt 0.749880 -9.128210
vt 0.500000 -10.120450
vt 0.799850 -3.808460
vt 0.699900 -4.995840
vt 0.899800 -4.995840
vt 0.999760 -1.806550
vt 0.000240 -9.128210
vt 0.250120 -10.120450
vt 0.000240 -10.120450
vt 0.250120 -9.128210
vt 0.000240 -2.039670
vt 0.200150 -1.387950
vt 0.000240 -1.310330
vt 0.699900 -5.658580
vt 0.999760 -1.966500
vt 0.799850 -2.111840
vt 0.799850 -2.390650
vt 0.999760 -2.390650
vt 0.999760 -3.166000
vt 0.799850 -3.166000
vt 0.799850 -1.919030
vt 0.400050 -3.428050
vt 0.599950 -3.428050
vt 0.500000 -5.097460
vt 0.799850 -2.982950
vt 0.799850 -3.428050
vt 0.699900 -5.097460
vt 0.000240 -3.936320
vt 0.125180 -5.525170
vt 0.000240 -1.610590
vt 0.200150 -1.646590
vt 0.999760 -2.141250
vt 0.200150 -1.644390
vt 0.000240 -1.872950
vt 0.000240 -1.679840
vt 0.125180 -5.899310
vt 0.500000 -2.966100
vt 0.749880 -2.966100
vt 0.749880 -3.248510
vt 0.999760 -2.966100
vt 0.000240 -2.966100
vt 0.250120 -3.248510
vt 0.300100 -5.097460
vt 0.100200 -5.097460
vt 0.999760 -3.465770
vt 0.799850 -3.465770
vt 0.999760 -2.101670
vt 0.874820 -5.867220
vt 0.899800 -5.630950
vt 0.000240 -3.295920
vt 0.000240 -1.455890
vt 0.799850 -1.690650
vt 0.599950 -1.763460
vt 0.999760 -1.904640
vt 0.200150 -3.808460
vt 0.000240 -3.235630
vt 0.250120 -3.235630
vt 0.000240 -3.445580
vt 0.500000 -5.630950
vt 0.699900 -5.630950
vt 0.624940 -6.110630
vt 0.500000 -5.689490
vt 0.799850 -3.360940
vt 0.699900 -5.689490
vt 0.000240 -3.808460
vt 0.100200 -4.995840
vt 0.300100 -4.995840
vt 0.500000 -4.995840
vt 0.799850 -1.410810
vt 0.999760 -1.455890
vt 0.749880 -0.462030
vt 0.999760 -0.496900
vt 0.999760 -0.594040
vt 0.999760 -3.178890
vt 0.899800 -5.208590
vt 0.799850 -1.618050
vt 0.250120 -4.079190
vt 0.375060 -5.634460
vt 0.000240 -4.079190
vt 0.250120 -4.079190
vt 0.125180 -5.634460
vt 0.749880 -4.079190
vt 0.999760 -4.079190
vt 0.874820 -5.634460
vt 0.100200 -5.658580
vt 0.999760 -3.428050
vt 0.899800 -5.097460
vt 0.000240 -3.421840
vt 0.100200 -5.332020
vt 0.400050 -3.421840
vt 0.300100 -5.332020
vt 0.500000 -5.332020
vt 0.799850 -3.421840
vt 0.699900 -5.332020
vt 0.899800 -5.332020
vt 0.999760 -1.710920
vt 0.999760 -1.310330
vt 0.000240 -2.955010
vt 0.100200 -5.071060
vt 0.400050 -2.955010
vt 0.300100 -5.071060
vt 0.500000 -5.071060
vt 0.799850 -2.955010
vt 0.699900 -5.071060
vt 0.999760 -2.955010
vt 0.899800 -5.071060
vt 0.799850 -1.634540
vt 0.999760 -1.610590
vt 0.000240 -3.486440
vt 0.100200 -5.830950
vt 0.400050 -3.486440
vt 0.300100 -5.830950
vt 0.500000 -5.830950
vt 0.999760 -1.575700
vt 0.999760 -1.673570
vt 0.599950 -3.465770
vt 0.000240 -3.465770
vt 0.100200 -5.886210
vt 0.400050 -3.465770
vt 0.300100 -5.886210
vt 0.500000 -5.886210
vt 0.699900 -5.886210
vt 0.899800 -5.886210
vt 0.599950 -1.677480
vt 0.999760 -1.596150
vt 0.125180 -5.836830
vt 0.375060 -5.836830
vt 0.375060 -6.051830
vt 0.125180 -6.051830
vt 0.000240 -0.517390
vt 0.250120 -0.374040
vt 0.999760 -3.360940
vt 0.000240 -3.360940
vt 0.100200 -5.689490
vt 0.300100 -5.689490
vt 0.899800 -5.689490
vt 0.000240 -0.496900
vt 0.999760 -3.235630
vt 0.874820 -5.836830
vt 0.624940 -5.836830
vt 0.000240 -3.248510
vt 0.125180 -5.636320
vt 0.500000 -3.248510
vt 0.375060 -5.636320
vt 0.624940 -5.636320
vt 0.999760 -3.248510
vt 0.874820 -5.636320
vn 0.629633 -0.766709 0.125378
vn 0.791044 -0.581941 0.188662
vn 0.969923 -0.104755 0.219718
vn 0.936832 -0.047316 0.346565
vn 0.792543 0.597667 0.121117
vn 0.989297 0.055539 0.134936
vn 0.614975 0.760643 0.207914
vn 0.506360 0.837186 0.206686
vn 0.839887 0.442189 0.314736
vn 0.221096 0.960802 0.167260
vn 0.184468 0.981471 0.051831
vn 0.815744 0.564112 0.127825
vn 0.242819 0.970064 -0.003824
vn 0.312413 0.941871 0.123603
vn 0.723819 0.685286 0.080435
vn 0.706836 0.706893 0.026172
vn 0.970043 0.242782 0.008546
vn -0.945396 0.025777 -0.324902
vn 0.529853 -0.231418 -0.815905
vn -0.223368 -0.966681 -0.125039
vn 0.209162 0.707174 -0.675393
vn 0.038332 0.335679 -0.941196
vn -0.009495 0.351973 0.935962
vn 0.447509 0.851220 -0.274154
vn -0.991308 0.131369 0.007075
vn -0.009499 0.351979 0.935960
vn 0.974539 0.192480 0.115002
vn 0.339410 0.906615 0.250699
vn 0.835617 0.505551 0.214853
vn 0.441973 0.840801 0.312592
vn 0.958281 0.220573 0.181784
vn -0.196249 0.932110 0.304396
vn -0.331867 0.934916 0.125683
vn 0.702446 -0.704917 0.098295
vn 0.741149 0.645467 0.184582
vn 0.860800 0.477259 -0.176769
vn -0.438860 -0.876440 0.198127
vn -0.409656 -0.891541 0.193225
vn 0.623144 -0.782048 0.009633
vn 0.862001 0.457064 -0.219196
vn 0.609503 -0.792762 0.005878
vn -0.466549 -0.866313 0.178419
vn -0.968654 0.228916 0.096475
vn -0.962788 0.245996 0.111917
vn -0.583863 0.793855 0.169995
vn -0.296949 0.951090 0.085136
vn -0.205141 0.975695 0.077053
vn -0.768565 0.631184 0.104473
vn -0.801982 0.590193 0.092181
vn -0.510604 0.859816 -0.000236
vn -0.082092 0.992763 0.087648
vn 0.360688 0.931741 0.041998
vn 0.390115 0.919380 0.050509
vn -0.056453 0.998357 0.009793
vn -0.855214 0.503816 0.121565
vn 0.105753 0.970229 0.217880
vn -0.919545 0.344887 0.188387
vn -0.674489 0.675046 0.298961
vn -0.939631 0.171246 0.296257
vn -0.171566 0.943374 0.283920
vn -0.967329 -0.173784 0.184593
vn -0.956851 0.275832 0.091399
vn -0.918121 -0.389602 0.072558
vn -0.943456 0.313011 0.109154
vn -0.786327 0.616973 0.032162
vn -0.974477 0.094202 0.203764
vn -0.930655 -0.360280 0.063869
vn -0.998056 0.056679 0.025932
vn -0.181313 -0.146331 0.972478
vn -0.849633 0.366404 -0.379304
vn -0.736793 -0.596500 0.318315
vn 0.442097 -0.617763 -0.650322
vn -0.373898 -0.653211 -0.658419
vn -0.749850 0.285234 -0.596964
vn -0.005530 0.038159 0.999256
vn -0.303978 -0.843036 -0.443720
vn -0.454831 0.660542 -0.597338
vn -0.590392 0.802465 0.086531
vn -0.790133 -0.586071 0.179473
vn -0.989291 -0.010638 0.145571
vn -0.631476 0.768941 0.099841
vn -0.793818 0.583935 0.169921
vn -0.938387 0.051083 0.341791
vn -0.613415 -0.750433 0.246113
vn -0.503631 -0.832567 0.230628
vn -0.837520 -0.439988 0.323991
vn -0.219907 -0.955601 0.196133
vn -0.184359 -0.979269 0.083925
vn -0.814435 -0.557013 0.162580
vn -0.242632 -0.969681 0.029116
vn -0.310207 -0.928803 0.202722
vn -0.721947 -0.675405 0.150401
vn -0.706309 -0.706182 0.049339
vn -0.969945 -0.242738 0.016886
vn 0.450518 0.017211 -0.892602
vn 0.991274 -0.070861 -0.111151
vn 0.424314 0.292317 -0.857035
vn 0.674633 0.004866 -0.738137
vn 0.831166 -0.551029 -0.074363
vn 0.054723 0.965378 -0.255051
vn -0.776802 0.324895 -0.539464
vn -0.429658 0.748129 -0.505665
vn 0.095448 0.982533 -0.159747
vn 0.897678 0.034935 -0.439266
vn -0.562816 0.603662 0.564652
vn -0.974478 -0.191507 0.117119
vn -0.338287 -0.895130 0.290351
vn -0.834251 -0.504449 0.222612
vn -0.440243 -0.836549 0.326146
vn -0.958279 -0.220487 0.181896
vn 0.195290 -0.926781 0.320841
vn 0.332105 -0.926600 0.176405
vn -0.397686 -0.207600 0.893727
vn -0.558707 0.591926 -0.580921
vn -0.009503 0.351971 0.935963
vn -0.565733 0.550096 -0.614281
vn -0.009478 0.351986 0.935957
vn -0.544816 0.622173 -0.562206
vn 0.781972 0.564163 0.265028
vn 0.752344 0.602327 0.266798
vn -0.009546 0.351999 0.935952
vn -0.743022 0.351214 -0.569708
vn 0.791772 0.569523 0.220771
vn 0.582036 -0.791016 0.188489
vn 0.298003 -0.941253 0.158861
vn 0.206552 -0.965476 0.158723
vn 0.767145 -0.630015 0.120705
vn 0.800775 -0.589222 0.107599
vn 0.510172 -0.859608 0.028269
vn 0.081731 -0.986855 0.139416
vn -0.360124 -0.930137 0.071809
vn -0.389355 -0.917643 0.079590
vn 0.056802 -0.997464 0.042883
vn -0.669759 0.582254 0.460873
vn -0.109962 0.371323 0.921969
vn -0.698215 0.482655 0.528716
vn -0.289458 -0.617617 0.731275
vn 0.035214 0.970478 -0.238605
vn -0.105300 -0.964701 0.241378
vn 0.920929 -0.334555 0.199906
vn 0.672611 -0.672040 0.309769
vn 0.170563 -0.937383 0.303678
vn 0.941129 -0.170874 0.291681
vn 0.968959 0.176273 0.173339
vn 0.956699 -0.272493 0.102346
vn 0.919010 0.389962 0.057880
vn 0.785779 -0.616245 0.052853
vn 0.969923 -0.104755 0.219718
vn 0.931385 0.360544 0.050300
vn 0.998030 -0.056603 0.027076
vn 0.588903 -0.800222 0.113302
vn 0.944596 -0.304584 0.122335
vn 0.629633 -0.766709 0.125378
vn 0.315239 0.948734 0.022962
vn 0.680565 0.732648 0.007647
vn 0.847262 0.529669 0.039977
vn -0.162501 0.986700 -0.004102
vn 0.314067 0.949400 0.001419
vn 0.658781 0.752256 0.010871
vn -0.687741 -0.050932 -0.724167
vn 0.222382 0.792217 -0.568276
vn 0.410448 0.831706 -0.373896
vn -0.009536 0.351967 0.935964
vn -0.696227 -0.086445 -0.712597
vn -0.009509 0.352045 0.935935
vn 0.223815 0.784602 -0.578193
vn -0.009573 0.352043 0.935935
vn -0.689631 -0.092910 -0.718176
vn -0.864393 0.052956 0.500021
vn -0.809726 0.262124 -0.525010
vn -0.862208 -0.173164 0.476038
vn 0.133891 -0.413624 0.900549
vn 0.225771 -0.827493 0.514085
vn 0.114568 -0.822051 0.557769
vn -0.212435 -0.426127 -0.879367
vn 0.384537 0.417290 0.823408
vn -0.124948 -0.414580 -0.901394
vn -0.297008 0.740599 -0.602743
vn -0.246622 0.751331 -0.612110
vn 0.166150 0.417702 0.893263
vn -0.653272 -0.362214 -0.664858
vn -0.451564 -0.410776 -0.792056
vn 0.588635 0.381317 0.712815
vn 0.151423 -0.829648 0.537359
vn -0.389767 0.712982 -0.582871
vn 0.347062 -0.801827 0.486438
vn 0.083664 0.400560 0.912443
vn 0.325220 -0.514766 0.793252
vn 0.866489 0.407341 -0.288567
vn 0.883811 0.372202 -0.283451
vn -0.865686 -0.431406 0.253923
vn 0.364111 -0.769104 0.525263
vn -0.903755 -0.336181 0.264972
vn -0.879038 -0.392431 0.270720
vn 0.597271 -0.346928 -0.723124
vn 0.597302 -0.346845 -0.723138
vn 0.597325 -0.346788 -0.723147
vn 0.912045 0.309750 -0.268754
vn 0.614604 0.434402 -0.658451
vn 0.239229 -0.403092 0.883338
vn 0.353657 0.225349 -0.907824
vn -0.791451 -0.213769 -0.572633
vn 0.108406 -0.588162 -0.801445
vn 0.185066 -0.304890 0.934234
vn 0.628546 -0.003923 -0.777763
vn 0.228861 0.534965 0.813287
vn -0.151284 0.988374 -0.015196
vn -0.724724 0.586317 -0.361950
vn 0.852035 0.426376 -0.303710
vn 0.683168 0.610792 -0.400268
vn -0.342965 0.023208 0.939061
vn 0.469562 0.687863 -0.553494
vn 0.556352 0.654966 -0.511363
vn -0.215375 -0.058206 0.974795
vn -0.259067 -0.629177 -0.732817
vn 0.521216 0.678835 -0.517220
vn -0.074170 -0.154523 0.985201
vn -0.342394 -0.574595 -0.743375
vn -0.104985 -0.727855 -0.677647
vn 0.001107 -0.774036 -0.633141
vn -0.320708 0.021679 0.946930
vn 0.220114 0.222484 0.949763
vn 0.601333 0.053505 -0.797205
vn 0.240308 0.105827 0.964911
vn -0.864560 -0.252136 -0.434700
vn -0.855488 -0.297685 -0.423704
vn -0.887561 -0.118564 -0.445172
vn -0.878177 -0.175873 -0.444831
vn 0.586830 0.146225 -0.796397
vn 0.257861 -0.004224 0.966173
vn 0.625071 -0.057806 -0.778425
vn 0.613995 -0.020431 -0.789045
vn 0.410090 0.465434 -0.784345
vn 0.980829 -0.043424 -0.189971
vn 0.382439 0.334182 -0.861431
vn 0.990577 0.116278 -0.072362
vn -0.814024 0.393950 -0.426812
vn 0.864717 0.501123 0.033755
vn -0.641744 -0.755368 0.132603
vn -0.633573 -0.764788 0.116982
vn -0.877350 -0.468021 0.105894
vn -0.313522 -0.939629 0.137117
vn -0.313246 -0.937512 0.151486
vn 0.162944 -0.980617 0.108810
vn 0.142063 -0.979842 0.140453
vn -0.658586 -0.742739 0.120841
vn 0.127064 -0.980014 0.153062
vn -0.864146 -0.492685 0.102536
vn -0.313918 -0.940617 0.129211
vn 0.642161 0.766128 -0.026028
vn 0.313447 0.946750 -0.073596
vn 0.634076 0.770504 -0.065352
vn -0.055787 0.995200 -0.080402
vn 0.349018 0.935527 -0.054550
vn 0.313334 0.949099 -0.032152
vn 0.674023 0.736601 -0.055784
vn 0.877967 0.478575 0.011838
vn -0.119701 0.989340 -0.082934
vn -0.142409 0.989752 -0.010500
vn -0.127103 0.990780 -0.046900
vn -0.763435 0.044098 0.644377
vn -0.809497 -0.521912 -0.268928
vn -0.736748 -0.014573 0.676011
vn 0.388589 0.576679 0.718638
vn 0.440798 0.420995 0.792755
vn -0.867675 -0.346488 -0.356492
vn 0.261580 -0.277017 -0.924574
vn 0.267944 -0.316414 -0.909994
vn 0.389140 0.576771 0.718265
vn -0.794096 -0.553295 -0.251548
vn -0.721521 -0.041447 0.691151
vn 0.230877 -0.081926 -0.969528
vn -0.751231 -0.035740 0.659071
vn -0.898138 -0.193453 -0.394873
vn -0.949289 0.314377 0.004108
vn -0.743398 0.667810 -0.037269
vn -0.788863 0.613603 -0.034443
vn -0.993723 -0.088994 0.067788
vn -0.994095 -0.097982 0.046633
vn -0.948840 0.314668 0.026212
vn -0.885169 -0.456602 0.089386
vn -0.905036 -0.411150 0.108927
vn -0.998240 -0.038470 0.045141
vn -0.936173 0.351042 0.018706
vn -0.994494 -0.075108 0.073083
vn -0.795233 0.606292 -0.003780
vn -0.410617 0.910483 -0.049136
vn -0.436582 0.897420 -0.063513
vn -0.803644 0.593535 -0.043262
vn -0.673273 -0.729216 0.122261
vn -0.970691 -0.232679 0.060168
vn -0.596262 -0.789543 0.145233
vn -0.313007 -0.939613 0.138397
vn -0.348716 -0.922478 0.165624
vn 0.411115 -0.897948 0.157081
vn 0.120163 -0.983594 0.134552
vn 0.436918 -0.890620 0.126093
vn 0.743912 -0.659531 0.107763
vn 0.235141 -0.956778 0.171126
vn 0.056570 -0.987241 0.148848
vn 0.423242 -0.894781 0.142246
vn 0.789357 -0.607697 0.087291
vn 0.802863 -0.583038 0.124405
vn 0.949691 -0.307813 0.057774
vn 0.936795 -0.338394 0.088913
vn 0.795182 -0.595573 0.113921
vn 0.948561 -0.305345 0.083646
vn -0.280751 0.374766 -0.883589
vn -0.247915 -0.783106 -0.570337
vn -0.318579 -0.775268 -0.545406
vn 0.380309 0.832486 0.402904
vn 0.294154 0.848651 0.439619
vn -0.252512 0.371671 -0.893364
vn -0.342853 0.386167 -0.856345
vn 0.230099 0.856174 0.462623
vn 0.989921 0.135407 0.041497
vn 0.990118 0.140123 0.005588
vn 0.995372 0.094845 0.015482
vn 0.885738 0.463495 -0.025316
vn 0.905478 0.424388 0.001822
vn 0.989921 0.135407 0.041497
vn 0.596658 0.799888 -0.064640
vn 0.990118 0.140123 0.005588
vn -0.235585 0.966377 -0.103025
vn -0.423991 0.905137 -0.030965
vn -0.009486 0.351943 0.935973
vn 0.308686 0.483868 -0.818892
vn 0.063320 -0.272707 -0.960011
vn 0.389173 0.487153 -0.781810
vn 0.158704 -0.741848 -0.651517
vn 0.166187 -0.725607 -0.667740
vn 0.328056 0.441493 -0.835143
vn -0.009502 0.351988 0.935956
vn -0.009525 0.352038 0.935937
vn 0.731305 -0.009239 -0.681988
vn -0.225913 0.964367 -0.137692
vn 0.590464 0.800575 -0.102141
vn -0.590574 -0.793310 0.147922
vn -0.973555 -0.221713 0.055090
vn -0.807494 0.585356 -0.072874
vn 0.807081 -0.578300 0.119123
vn 0.225665 -0.957736 0.178373
vn 0.942680 0.333688 -0.002730
vn 0.894447 -0.256453 0.366329
vn 0.155073 -0.232568 -0.960138
vn 0.814125 -0.432770 0.387183
vn 0.029031 -0.381479 -0.923921
vn -0.892767 0.273449 -0.358041
vn 0.563552 -0.635810 0.527403
vn -0.542490 0.538392 0.644855
vn 0.902322 -0.211797 0.375442
vn 0.023043 -0.380957 -0.924306
vn 0.347663 -0.936461 0.046592
vn 0.328132 -0.943472 0.046798
vn 0.801696 0.597696 0.006551
vn -0.873240 -0.486925 0.018869
vn -0.864284 -0.502870 0.011586
vn 0.770247 0.637451 0.019371
vn 0.101024 -0.993512 0.052235
vn 0.755707 -0.652584 0.055145
vn -0.949017 0.313268 0.035066
vn -0.808643 0.587883 0.022156
vn -0.996338 -0.056789 0.063925
vn -0.948664 0.312499 0.048797
vn -0.825739 0.563363 0.027879
vn -0.806619 0.588054 -0.059647
vn -0.225660 0.966764 -0.120188
vn -0.590491 -0.792938 0.150233
vn -0.973318 -0.219009 0.068460
vn -0.806638 0.589271 -0.045763
vn -0.806550 0.589222 -0.047891
vn -0.974087 -0.223232 0.036372
vn -0.805768 0.592050 -0.014696
vn -0.225006 0.973228 -0.046908
vn -0.225822 0.971006 -0.078439
vn -0.973637 -0.221355 0.055076
vn -0.974135 -0.224350 0.026997
vn -0.591116 -0.801204 0.093030
vn -0.973549 -0.221695 0.055250
vn -0.591294 -0.800823 0.095152
vn 0.806188 -0.585627 0.084271
vn 0.955069 0.296269 -0.008231
vn 0.954969 0.296689 -0.003230
vn 0.225552 -0.967801 0.111752
vn 0.806455 -0.585924 0.079523
vn 0.807036 -0.584215 0.085938
vn 0.954992 0.296149 -0.016895
vn 0.806541 -0.588570 0.055460
vn 0.225849 -0.965564 0.129143
vn -0.812549 -0.521035 -0.261316
vn 0.284286 -0.354050 -0.890972
vn 0.342894 -0.507505 -0.790482
vn -0.758637 0.039608 0.650308
vn -0.820520 -0.501984 -0.273420
vn 0.931163 0.131077 -0.340228
vn -0.776045 -0.604424 -0.180073
vn 0.929788 0.129951 -0.344394
vn 0.380567 -0.597997 -0.705385
vn 0.255787 -0.293020 -0.921256
vn -0.225694 0.970475 -0.085092
vn 0.591000 0.804329 -0.061436
vn -0.225167 0.970976 -0.080654
vn -0.806070 0.590616 -0.037742
vn 0.590866 0.804773 -0.056723
vn 0.954992 0.296149 -0.016895
vn 0.590965 0.803141 -0.075662
vn 0.955069 0.296269 -0.008231
vn 0.591077 0.804930 -0.052117
vn 0.225411 -0.966906 0.119509
vn -0.591124 -0.801177 0.093208
vn -0.590720 -0.797349 0.123630
vn 0.954809 0.295170 -0.034841
vn 0.590419 0.799879 -0.107701
vn 0.979637 0.200574 -0.009021
vn 0.955348 0.294881 -0.018851
vn -0.348353 0.937247 -0.014745
vn -0.327962 0.944658 0.007894
vn 0.770247 0.637451 0.019371
vn -0.755167 0.654923 0.028251
vn 0.654557 0.755982 0.006776
vn -0.347454 0.937690 0.003683
vn 0.347680 -0.937424 0.018837
vn -0.873144 -0.486712 0.027044
vn 0.979637 0.200574 -0.009021
vn 0.955348 0.294881 -0.018851
vn 0.801696 0.597696 0.006551
vn -0.100299 0.994610 -0.026295
vn -0.994601 -0.099599 0.029143
vn -0.653023 -0.753471 0.076435
vn 0.225717 -0.970329 0.086685
vn -0.400914 0.916090 -0.006840
vn 0.345258 -0.937926 -0.033045
vn -0.873527 -0.486622 0.012248
vn 0.346774 -0.937657 -0.023365
vn -0.872917 -0.479252 -0.091286
vn -0.874251 -0.480706 -0.067871
vn 0.341066 -0.940037 -0.002240
vn 0.802925 0.595913 0.014144
vn 0.802935 0.589822 0.086057
vn 0.802067 0.597196 -0.006797
vn 0.340216 -0.940336 0.004648
vn 0.344282 -0.936988 -0.059353
vn -0.872673 -0.477825 -0.100626
vn 0.801507 0.589331 0.101370
vn 0.802476 0.589419 0.092833
vn -0.874434 -0.479460 -0.074043
vn 0.632113 0.212119 0.745278
vn -0.291734 0.493978 0.819071
vn 0.352625 0.287914 0.890371
vn -0.291574 0.493947 0.819146
vn -0.666005 -0.226857 0.710614
vn -0.468875 0.294422 0.832750
vn -0.666017 -0.226922 0.710583
vn 0.175774 -0.702641 0.689492
vn -0.465233 -0.509677 0.723731
vn 0.175600 -0.702676 0.689500
vn 0.632113 0.212119 0.745278
vn 0.352625 0.287914 0.890371
vn 0.178287 0.863414 0.471943
vn -0.009471 0.351894 0.935992
vn -0.009470 0.351883 0.935996
vn 0.128627 0.938228 0.321221
vn 0.692531 0.404964 0.596997
vn 0.147124 0.923509 0.354240
vn 0.157145 0.671910 0.723769
vn 0.360786 0.856649 0.368762
vn 0.207717 0.218473 -0.953479
vn 0.081166 0.922984 0.376182
vn -0.178908 -0.149654 0.972417
vn 0.641603 0.667314 0.378203
vn -0.066886 -0.223745 0.972350
vn 0.756829 0.464468 0.459868
vn 0.294980 0.063436 -0.953395
vn -0.386824 0.098008 0.916930
vn 0.026131 -0.875581 -0.482363
vn -0.224583 -0.846600 -0.482526
vn -0.118909 -0.220387 0.968137
vn -0.470500 -0.745442 -0.472172
vn 0.270859 -0.373610 0.887159
vn 0.296006 -0.377546 0.877405
vn -0.230243 -0.784232 -0.576168
vn 0.267064 -0.373408 0.888393
vn 0.217852 0.857135 0.466754
vn -0.245394 0.371898 -0.895251
vn 0.357365 -0.389965 0.848657
vn -0.318579 -0.775268 -0.545406
vn -0.247915 -0.783106 -0.570337
vn -0.378123 0.807831 -0.452142
vn -0.783730 -0.315509 -0.534997
vn -0.793684 -0.313228 -0.521492
vn -0.361587 0.804969 -0.470403
vn 0.218315 -0.855523 0.469489
vn 0.209439 -0.854374 0.475584
vn 0.615424 -0.772043 -0.158755
vn 0.578725 0.204034 -0.789587
vn 0.560412 0.278243 -0.780077
vn -0.890737 -0.106054 -0.441972
vn 0.558874 0.287538 -0.777806
vn -0.891752 -0.098114 -0.441761
vn 0.276792 -0.099965 0.955716
vn 0.271622 -0.076494 0.959359
vn -0.896256 -0.067781 -0.438327
vn -0.899143 0.053710 -0.434346
vn 0.597397 0.093536 -0.796472
vn 0.265056 -0.042935 0.963277
vn 0.882697 0.251828 -0.396773
vn 0.864453 0.283512 -0.415140
vn 0.396320 0.711760 -0.579938
vn -0.079825 -0.757134 -0.648364
vn -0.197482 -0.003319 0.980301
vn 0.336706 0.484243 0.807551
vn 0.286434 -0.856799 -0.428779
vn 0.176164 -0.925787 -0.334492
vn -0.701505 0.299155 -0.646836
vn 0.292441 0.443932 0.846996
vn 0.267015 0.456973 0.848456
vn -0.536209 0.368139 -0.759575
vn -0.789888 0.227595 -0.569454
vn 0.415474 -0.734487 -0.536572
vn 0.171470 0.288946 0.941864
vn 0.725841 -0.612632 -0.312790
vn 0.717490 -0.620772 -0.315990
vn 0.511951 -0.134278 0.848455
vn 0.734121 -0.603971 -0.310298
vn 0.504786 -0.153088 0.849562
vn -0.053684 -0.209889 -0.976250
vn -0.009462 0.351991 0.935956
vn 0.392279 -0.297784 0.870311
vn 0.179185 0.196487 -0.963995
vn -0.470500 -0.745442 -0.472172
vn -0.009432 0.351984 0.935959
vn -0.108613 -0.481334 0.869782
vn -0.231267 -0.463877 0.855180
vn -0.093385 -0.491132 0.866065
vn -0.063876 -0.945822 -0.318341
vn -0.009444 0.351970 0.935963
vn -0.025435 -0.960903 -0.275716
vn -0.447960 -0.173897 0.876978
vn -0.309835 0.212246 0.926798
vn 0.063320 -0.272707 -0.960011
vn -0.278567 0.208691 0.937469
vn -0.181639 -0.913699 0.363540
vn -0.253555 -0.901329 0.351163
vn -0.182683 -0.906805 0.379909
vn 0.189877 -0.709804 -0.678325
vn -0.546821 0.288529 0.785963
vn -0.009502 0.351988 0.935956
vn -0.285403 0.206621 0.935870
vn -0.196993 0.862974 -0.465264
vn -0.617404 0.180640 0.765625
vn -0.702164 0.195898 0.684536
vn 0.092473 -0.871157 0.482219
vn 0.059331 -0.884829 0.462124
vn 0.007861 0.826662 -0.562643
vn -0.080758 -0.980418 0.179607
vn -0.780644 0.210555 0.588440
vn -0.010132 -0.943645 0.330805
vn -0.435253 0.850234 -0.296068
vn -0.582016 0.198469 0.788585
vn 0.348784 -0.937095 -0.014236
vn -0.297641 0.359738 0.884307
vn -0.045145 -0.934568 -0.352908
vn 0.728466 0.001779 0.685080
vn 0.939430 -0.048174 -0.339339
vn 0.770187 0.362204 -0.524995
vn -0.052032 -0.926776 -0.371992
vn 0.482961 -0.845319 -0.228441
vn -0.526707 -0.678567 0.511982
vn -0.640377 0.626900 0.443750
vn -0.205845 -0.802121 -0.560562
vn -0.276085 -0.781858 -0.558995
vn -0.108784 0.345226 -0.932194
vn 0.095922 0.284338 -0.953914
vn -0.213032 0.367646 -0.905237
vn 0.253415 0.853976 0.454429
vn 0.290230 0.847527 0.444370
vn 0.261965 0.854854 0.447883
vn 0.153550 0.890254 0.428801
vn 0.255739 0.236260 -0.937432
vn -0.091519 -0.839706 -0.535274
vn -0.053739 -0.939679 -0.337811
vn 0.073750 -0.120229 -0.990003
vn 0.074880 -0.111921 -0.990892
vn 0.205102 0.919586 -0.335103
vn 0.213389 -0.142795 -0.966475
vn 0.128169 0.943899 -0.304347
vn -0.049470 -0.945860 -0.320782
vn 0.044995 -0.352122 -0.934872
vn -0.840711 -0.524279 -0.135413
vn -0.814332 0.188613 0.548897
vn -0.749016 -0.651387 -0.121122
vn 0.401711 -0.622583 -0.671579
vn 0.364267 -0.445077 -0.818056
vn -0.912573 -0.385022 -0.137727
vn -0.867889 0.220583 0.445097
vn 0.915296 0.146476 -0.375204
vn 0.882182 0.329267 -0.336658
vn 0.394003 -0.619578 -0.678885
vn -0.813471 0.184270 0.551643
vn -0.745893 -0.655970 -0.115528
vn 0.957039 -0.275897 -0.089206
vn 0.085595 -0.078533 -0.993230
vn -0.047692 -0.210298 -0.976473
vn 0.074454 -0.493829 0.866366
vn -0.790559 0.532052 -0.303211
vn -0.698608 0.631480 -0.336424
vn 0.484352 0.242126 -0.840701
vn -0.390907 0.437170 0.809984
vn -0.762385 0.564838 -0.315795
vn -0.551647 0.834075 0.002124
vn 0.895848 0.217987 -0.387217
vn 0.915416 0.151263 -0.373006
vn 0.853698 0.323583 -0.408036
vn -0.449126 0.262637 0.853995
vn -0.559385 0.391846 0.730442
vn -0.045145 -0.934568 -0.352908
vn -0.052032 -0.926776 -0.371992
vn 0.779381 0.410751 -0.473127
vn -0.174318 -0.787425 -0.591249
vn -0.241909 0.029796 0.969841
vn -0.174318 -0.787425 -0.591249
vn -0.055035 -0.297472 0.953143
vn -0.212612 -0.248985 0.944882
vn -0.345636 0.936997 0.050718
vn -0.345547 0.936538 0.059104
vn 0.802067 0.597196 -0.006797
vn 0.995372 0.094845 0.015482
vn -0.009486 0.351943 0.935973
vn -0.292348 -0.923836 0.247102
vn -0.574813 0.786193 0.226918
vn -0.009525 0.352038 0.935937
vn -0.307509 -0.950818 -0.037197
vn -0.934520 0.298875 -0.193250
vn -0.446964 -0.860643 0.243959
vn -0.985969 0.152402 0.068107
vn 0.051122 -0.943007 -0.328824
vn -0.121134 -0.940058 -0.318776
vn -0.727536 0.450943 -0.517050
vn -0.558573 -0.561698 0.610320
vn 0.296608 -0.229508 0.927011
vn 0.313135 -0.343849 0.885277
vn 0.990577 0.116278 -0.072362
vn -0.833428 -0.043333 0.550926
vn 0.336146 -0.454498 0.824887
vn 0.831166 -0.551029 -0.074363
vn 0.590369 -0.547384 0.593157
vn 0.590842 -0.578684 0.562167
vn -0.009503 0.351971 0.935963
vn -0.009478 0.351986 0.935957
vn 0.600478 -0.601260 0.527174
vn -0.795219 0.461962 -0.392706
vn -0.900800 0.244089 -0.359139
vn -0.191740 0.331547 0.923749
vn -0.542490 0.538392 0.644855
vn -0.191737 0.331471 0.923777
vn 0.083514 -0.410952 -0.907824
vn -0.787912 0.054567 -0.613365
vn -0.191784 0.331505 0.923755
vn 0.825876 -0.556934 0.088049
vn 0.948898 -0.306266 0.076121
vn 0.857181 -0.492218 0.151535
vn 0.989297 0.055539 0.134936
vn 0.993564 0.098333 0.056230
vn 0.023040 -0.795896 0.604995
vn 0.563859 0.392773 0.726494
vn -0.433030 -0.476050 0.765416
vn -0.749681 -0.242310 -0.615845
vn -0.737567 -0.326487 -0.591101
vn 0.608517 0.364600 0.704822
vn -0.037146 0.786012 -0.617094
vn -0.085443 0.909825 0.406101
vn -0.727923 0.514677 0.453030
vn 0.708879 0.334425 0.621008
vn 0.226199 -0.960320 0.163155
vn 0.807317 -0.581151 0.102484
vn 0.990859 0.119871 0.061874
vn 0.800884 0.586642 0.120151
vn -0.089535 0.516390 -0.851660
vn 0.456135 -0.824866 -0.333970
vn -0.128761 0.496971 -0.858161
vn -0.377696 0.220691 0.899245
vn -0.267918 0.278088 0.922435
vn 0.549763 -0.774728 -0.312342
vn 0.324880 -0.880595 -0.344971
vn -0.209974 0.465099 -0.859996
vn -0.076907 0.527522 -0.846053
vn 0.586618 -0.752638 -0.299024
vn 0.801507 0.589331 0.101370
vn -0.342031 0.939566 0.015178
vn 0.802476 0.589419 0.092833
vn -0.342596 0.939263 0.020316
vn -0.345158 0.935330 0.077617
vn 0.800884 0.586642 0.120151
vn 0.802935 0.589822 0.086057
vn 0.069801 0.394622 0.916189
vn -0.341467 0.728711 -0.593616
vn -0.417738 0.702110 -0.576660
vn 0.330759 -0.807339 0.488675
vn 0.027868 0.381291 0.924035
vn -0.238653 0.755544 -0.610080
vn 0.236427 -0.831521 0.502668
vn -0.078663 0.353700 0.932045
vn 0.711696 0.058316 0.700062
vn 0.035140 0.997392 -0.063049
vn 0.694745 -0.711708 0.103927
vn -0.009514 0.351999 0.935952
vn -0.025900 0.993253 0.113036
vn -0.287862 0.411589 -0.864714
vn -0.328098 0.445393 -0.833053
vn 0.289644 0.158814 0.943867
vn -0.609571 0.586593 -0.533228
vn -0.009489 0.351978 0.935960
vn 0.181671 0.155120 0.971047
vn -0.009492 0.352021 0.935944
vn -0.192468 0.978152 0.078580
vn -0.885967 -0.116506 -0.448875
vn -0.793682 0.096989 0.600551
vn -0.842399 0.257913 -0.473122
vn -0.782214 -0.039044 0.621785
vn 0.449940 0.162811 0.878093
vn 0.405215 -0.185045 0.895299
vn 0.304285 0.059305 -0.950733
vn 0.445746 0.215577 0.868814
vn -0.855068 -0.315644 -0.411373
vn -0.716122 -0.244551 0.653731
vn 0.244852 -0.312787 -0.917721
vn -0.064959 0.799383 -0.597301
vn 0.401854 -0.268723 -0.875387
vn 0.107082 -0.864700 0.490741
vn 0.140918 -0.855051 0.499029
vn -0.518588 0.226299 0.824534
vn -0.418195 0.263242 0.869377
vn -0.262191 0.308466 0.914387
vn 0.050857 -0.359647 -0.931702
vn -0.045288 0.805776 -0.590486
vn 0.505159 -0.231729 -0.831334
vn 0.104917 -0.865622 0.489583
vn -0.679874 -0.727071 0.095604
vn 0.371244 -0.921364 0.115181
vn 0.400353 -0.907490 0.127201
vn 0.885670 0.343954 -0.311904
vn 0.258579 -0.028607 -0.965567
vn 0.955953 0.118625 -0.268480
vn 0.205748 0.099533 -0.973530
vn 0.966082 -0.089645 -0.242175
vn -0.881348 -0.252173 -0.399544
vn 0.888257 0.333257 -0.316131
vn 0.189559 0.128275 -0.973454
vn 0.737187 0.490373 -0.464855
vn -0.517034 0.780874 0.350588
vn 0.674015 0.709566 -0.205474
vn -0.283646 0.703497 0.651642
vn -0.647035 0.757845 0.083766
vn 0.565727 0.824372 0.019063
vn 0.711561 0.205065 -0.672034
vn -0.009231 0.517282 0.855765
vn -0.928099 -0.048665 -0.369140
vn -0.941082 0.069854 -0.330885
vn -0.911744 0.250162 0.325795
vn -0.028759 0.969494 0.243420
vn 0.071595 0.940312 0.332697
vn -0.987771 -0.093677 -0.124628
vn -0.941030 0.275044 0.197011
vn -0.132709 0.701271 -0.700434
vn -0.314403 0.905974 -0.283481
vn -0.961855 -0.238902 -0.133272
vn -0.992767 0.040811 -0.112911
vn -0.953500 0.294202 0.065439
vn -0.123099 0.981184 0.148742
vn 0.210483 0.020333 -0.977386
vn -0.009573 0.352043 0.935935
vn 0.274225 -0.500483 0.821169
vn -0.009430 0.351962 0.935967
vn 0.762590 0.562000 0.320332
vn 0.757028 0.567835 0.323222
vn 0.244756 -0.469196 0.848499
vn 0.364053 -0.584827 0.724874
vn -0.009472 0.351948 0.935972
vn 0.758076 0.563708 0.327953
vn -0.009536 0.351967 0.935964
vn 0.244059 -0.456450 0.855622
vn -0.947933 0.286775 0.138504
vn -0.176057 -0.919602 -0.351191
vn 0.193866 -0.912974 -0.359019
vn -0.009461 0.351956 0.935969
vn -0.932976 0.311802 0.179817
vn -0.200102 0.932921 0.299361
vn -0.169563 -0.913088 -0.370834
vn 0.696428 0.698028 -0.166570
vn 0.811065 0.521727 -0.264526
vn 0.173467 0.894906 0.411159
vn 0.882182 0.329267 -0.336658
vn -0.165973 -0.767051 -0.619746
vn 0.738797 0.527334 -0.419639
vn -0.353349 -0.570662 -0.741275
vn 0.380949 0.765443 -0.518628
vn -0.012209 -0.193284 0.981067
vn 0.426114 0.739202 -0.521543
vn -0.342394 -0.574595 -0.743375
vn 0.954969 0.296689 -0.003230
vn -0.259067 -0.629177 -0.732817
vn -0.104985 -0.727855 -0.677647
vn -0.802844 0.156157 0.575375
vn 0.674015 0.709566 -0.205474
vn 0.737187 0.490373 -0.464855
vn -0.899909 -0.171012 -0.401146
vn 0.711561 0.205065 -0.672034
vn 0.565727 0.824372 0.019063
vn -0.940357 0.179365 -0.289063
vn 0.077075 -0.873272 -0.481097
vn -0.242307 -0.217177 0.945580
vn -0.295455 -0.222170 0.929165
vn -0.003318 0.924709 0.380659
vn 0.136945 -0.875621 -0.463177
vn -0.091519 -0.839706 -0.535274
vn -0.916185 -0.339515 0.212920
vn -0.775715 -0.460073 0.431970
vn 0.597330 -0.346765 -0.723153
vn 0.192664 -0.439496 0.877339
vn 0.930948 0.290826 -0.220807
vn 0.188303 -0.478814 0.857484
vn 0.597325 -0.346788 -0.723147
vn 0.202749 0.314548 0.927336
vn 0.625071 -0.057806 -0.778425
vn 0.613995 -0.020431 -0.789045
vn 0.597307 -0.346802 -0.723155
vn 0.749722 0.419410 -0.511872
vn 0.597330 -0.346765 -0.723153
vn 0.954441 0.297435 -0.023965
vn 0.829719 0.441542 0.341478
vn -0.130227 0.975256 0.178652
vn -0.045757 0.991235 0.123933
vn 0.851709 0.415230 0.319649
vn 0.639452 -0.762885 0.095435
vn 0.008667 0.991430 0.130353
vn 0.758710 0.584040 0.288543
vn 0.636336 -0.767773 0.074833
vn 0.635952 -0.761807 0.123350
vn 0.651347 -0.756460 0.059290
vn -0.009502 0.351959 0.935967
vn -0.009561 0.351987 0.935956
vn -0.102272 -0.406290 -0.908003
vn -0.389767 0.712982 -0.582871
vn -0.417738 0.702110 -0.576660
vn -0.297008 0.740599 -0.602743
vn -0.341467 0.728711 -0.593616
vn -0.055024 -0.388977 -0.919603
vn 0.802925 0.595913 0.014144
vn -0.009515 0.351956 0.935968
vn -0.942334 0.282837 0.178913
vn -0.009468 0.351939 0.935975
vn -0.040348 0.975121 0.217969
vn -0.116610 0.785463 -0.607824
vn -0.116610 0.785463 -0.607824
vn -0.238653 0.755544 -0.610080
vn 0.964073 0.170691 0.203537
vn 0.116465 -0.993111 0.012919
vn 0.062214 -0.997959 0.014364
vn 0.827796 0.541473 0.146839
vn 0.956813 0.197790 0.213043
vn -0.814437 -0.531881 -0.231936
vn -0.946597 -0.196102 -0.255925
vn -0.206113 0.333407 0.919977
vn -0.191755 0.331434 0.923787
vn 0.599062 -0.187723 -0.778386
vn 0.569136 -0.203909 -0.796558
vn -0.196993 0.862974 -0.465264
vn 0.408187 -0.362739 -0.837738
vn 0.007861 0.826662 -0.562643
vn 0.276858 0.834611 0.476208
vn -0.817237 0.190418 0.543934
vn 0.270716 0.837255 0.475097
vn 0.915296 0.146476 -0.375204
vn 0.915416 0.151263 -0.373006
vn -0.439898 0.183280 0.879146
vn 0.420700 -0.848742 -0.320389
vn -0.534568 -0.130677 0.834961
vn -0.089535 0.516390 -0.851660
vn -0.388103 0.527624 -0.755638
vn -0.727536 0.450943 -0.517050
vn 0.237904 -0.913366 -0.330399
vn -0.076907 0.527522 -0.846053
vn -0.037146 0.786012 -0.617094
vn -0.225741 0.776171 -0.588727
vn -0.773244 -0.571162 0.275441
vn 0.234917 0.034922 0.971388
vn 0.397123 -0.568498 0.720489
vn -0.873196 0.284411 -0.395776
vn -0.829914 0.162155 -0.533806
vn -0.631861 -0.658940 0.408105
vn 0.561602 0.295870 0.772699
vn 0.007552 0.494543 0.869120
vn -0.009489 0.351964 0.935965
vn 0.446631 -0.714391 0.538671
vn -0.592035 -0.457954 -0.663153
vn -0.022402 -0.970408 -0.240428
vn 0.218005 -0.414555 0.883526
vn 0.430394 -0.398342 0.809991
vn -0.181327 -0.200082 -0.962854
vn -0.006190 -0.968907 -0.247348
vn 0.463653 -0.391543 0.794808
vn -0.007985 -0.968929 -0.247210
vn -0.213858 0.963271 -0.162399
vn 0.534321 -0.330345 -0.778057
vn -0.405476 -0.179935 -0.896221
vn -0.234441 0.908182 -0.346760
vn -0.068308 0.881368 -0.467467
vn -0.328099 -0.235243 0.914883
vn -0.421926 -0.174280 -0.889722
vn 0.782846 -0.000241 0.622215
vn 0.882697 0.251828 -0.396773
vn 0.927704 0.166642 -0.334060
vn 0.483330 0.180055 0.856722
vn -0.938033 0.287737 0.193137
vn -0.952772 0.265377 0.147652
vn -0.181520 -0.847711 -0.498434
vn 0.993564 0.098333 0.056230
vn 0.579749 -0.676617 -0.453961
vn 0.685088 0.236168 0.689114
vn 0.149521 -0.978241 -0.143831
vn -0.575471 0.608124 -0.546826
vn 0.403882 0.816982 -0.411607
vn -0.877285 -0.209597 -0.431787
vn -0.668029 -0.206404 -0.714937
vn -0.947314 -0.209258 -0.242500
vn -0.191703 0.331493 0.923776
vn -0.541951 0.536208 0.647124
vn 0.264984 -0.046950 0.963109
vn 0.597397 0.093536 -0.796472
vn 0.256540 -0.116150 0.959529
vn 0.601885 0.002079 -0.798580
vn 0.222322 -0.224060 0.948878
vn 0.607991 -0.025971 -0.793519
vn 0.593016 -0.804369 -0.036369
vn 0.094224 0.142050 0.985365
vn 0.130569 0.945915 -0.296977
vn 0.129893 0.939514 -0.316924
vn -0.009448 0.351982 0.935959
vn -0.009447 0.351967 0.935965
vn -0.417132 0.659382 0.625473
vn 0.966082 -0.089645 -0.242175
vn 0.955953 0.118625 -0.268480
vn 0.980829 -0.043424 -0.189971
vn 0.885670 0.343954 -0.311904
vn -0.372439 0.925636 -0.066982
vn -0.206910 0.976788 0.055446
vn -0.794594 0.456626 -0.400141
vn 0.607991 -0.025971 -0.793519
vn -0.868929 0.250408 -0.426918
vn 0.628546 -0.003923 -0.777763
vn 0.601885 0.002079 -0.798580
vn 0.394195 -0.786179 0.475955
vn 0.779829 0.624847 -0.037842
vn -0.009495 0.351973 0.935962
vn 0.974086 0.058484 -0.218487
vn 0.883463 0.463084 -0.071037
vn -0.009499 0.351979 0.935960
vn 0.784515 -0.604546 0.138058
vn 0.893735 -0.026697 -0.447800
vn 0.719527 0.337882 0.606726
vn -0.378123 0.807831 -0.452142
vn -0.361587 0.804969 -0.470403
vn -0.225741 0.776171 -0.588727
vn -0.277980 0.771691 -0.572031
vn 0.271603 -0.078552 0.959198
vn -0.892383 -0.090921 -0.442024
vn 0.571095 0.234936 -0.786546
vn 0.558874 0.287538 -0.777806
vn -0.388103 0.527624 -0.755638
vn 0.001107 -0.774036 -0.633141
vn 0.926168 0.155244 -0.343675
vn 0.758107 0.543100 0.360993
vn -0.191740 0.331547 0.923749
vn -0.191737 0.331471 0.923777
vn -0.191784 0.331505 0.923755
vn 0.193327 0.806586 -0.558609
vn -0.009430 0.351962 0.935967
vn -0.708994 -0.081284 -0.700514
vn -0.557790 0.038009 0.829111
vn -0.009389 0.351984 0.935959
vn -0.650361 0.165626 0.741349
vn 0.389788 0.792259 0.469458
vn 0.442815 0.705551 0.553274
vn 0.368973 0.793262 0.484349
vn 0.851876 0.243006 -0.463957
vn 0.784383 0.411481 -0.464140
vn -0.356990 -0.295675 0.886078
vn -0.435253 0.850234 -0.296068
vn 0.091569 -0.574423 -0.813421
vn -0.288825 -0.718102 -0.633174
vn -0.147790 -0.988851 0.018223
vn -0.404916 0.035351 0.913670
vn 0.736764 0.430830 0.521118
vn -0.530956 0.474181 0.702309
vn -0.631435 -0.651984 -0.419771
vn -0.640158 -0.701589 0.313004
vn -0.401540 -0.818245 0.411389
vn 0.544125 -0.632077 -0.551731
vn 0.468477 -0.246911 -0.848271
vn 0.483132 -0.221851 0.846974
vn 0.298476 -0.872932 0.385878
vn -0.596572 -0.640772 -0.483232
vn 0.215111 -0.030195 0.976123
vn 0.328070 0.018577 0.944471
vn -0.353349 -0.570662 -0.741275
vn -0.165973 -0.767051 -0.619746
vn -0.846173 -0.522669 0.103958
vn 0.990859 0.119871 0.061874
vn 0.948363 -0.305958 0.083643
vn 0.642169 0.403744 0.651621
vn 0.761669 0.446090 0.469962
vn 0.591170 -0.772588 0.231573
vn 0.959660 -0.280652 0.016953
vn -0.596572 -0.640772 -0.483232
vn 0.571095 0.234936 -0.786546
vn 0.601333 0.053505 -0.797205
vn -0.009456 0.352004 0.935951
vn 0.444234 -0.722633 0.529583
vn -0.764644 -0.610790 0.205561
vn -0.757533 -0.620051 0.204157
vn -0.878300 0.264007 -0.398608
vn -0.764529 0.207686 -0.610215
vn -0.894862 0.150333 -0.420264
vn -0.163532 0.969436 0.182897
vn -0.009486 0.351978 0.935960
vn -0.009561 0.351987 0.935956
vn -0.942513 0.127480 -0.308898
vn -0.009476 0.351970 0.935963
vn 0.344495 0.274944 -0.897624
vn -0.009459 0.351907 0.935987
vn -0.370736 0.928605 0.015751
vn -0.424449 -0.522559 0.739442
vn 0.593016 -0.804369 -0.036369
vn 0.094224 0.142050 0.985365
vn 0.802629 -0.506777 0.314587
vn 0.696428 0.698028 -0.166570
vn 0.811065 0.521727 -0.264526
vn 0.552736 0.831216 -0.059692
vn 0.407822 0.912139 0.041040
vn 0.845040 0.423762 0.326088
vn 0.086659 -0.792026 0.604305
vn 0.991274 -0.070861 -0.111151
vn -0.314130 0.159085 0.935956
vn 0.501227 -0.865139 -0.017504
vn -0.866731 0.441484 -0.232097
vn -0.314051 0.159139 0.935974
vn -0.277980 0.771691 -0.572031
vn -0.246622 0.751331 -0.612110
vn 0.347295 0.213885 -0.913039
vn 0.077075 -0.873272 -0.481097
vn 0.942680 0.333688 -0.002730
vn 0.954441 0.297435 -0.023965
vn -0.128761 0.496971 -0.858161
vn 0.807984 -0.577801 0.115360
vn 0.397955 0.564577 0.723108
vn 0.359454 0.661220 0.658469
vn 0.931163 0.131077 -0.340228
vn 0.895848 0.217987 -0.387217
vn 0.450240 0.815140 0.364459
vn -0.392980 0.395218 -0.830283
vn -0.409647 -0.758362 -0.507027
vn 0.692531 0.404964 0.596997
vn -0.009471 0.351894 0.935992
vn -0.209974 0.465099 -0.859996
vn -0.101676 0.344784 0.933159
vn -0.352298 0.421319 -0.835689
vn 0.098346 0.406868 0.908178
vn 0.198647 -0.922735 -0.330302
vn 0.668435 0.281574 0.688412
vn 0.960389 -0.274577 0.047554
vn 0.821251 0.449162 0.351853
vn 0.046888 -0.901323 -0.430603
vn 0.979934 0.087277 -0.179199
vn 0.235459 -0.945158 -0.226352
vn 0.578725 0.204034 -0.789587
vn -0.714511 -0.229791 0.660810
vn -0.454831 0.660542 -0.597338
vn -0.667565 0.383581 -0.638141
vn 0.492189 -0.635943 -0.594412
vn -0.778512 0.227502 -0.584946
vn -0.536209 0.368139 -0.759575
vn -0.352298 0.421319 -0.835689
vn 0.138714 -0.940845 -0.309142
vn -0.701505 0.299155 -0.646836
vn 0.748321 -0.604599 -0.272900
vn 0.341357 0.044680 0.938871
vn 0.171859 -0.365154 -0.914947
vn -0.790880 0.524106 -0.315945
vn -0.571667 -0.776526 0.264962
vn 0.096215 0.465451 0.879828
vn 0.139261 0.379915 0.914479
vn -0.987541 -0.132899 0.084265
vn -0.569528 -0.784001 0.246942
vn 0.530511 0.830609 -0.169253
vn 0.561383 0.799327 -0.214303
vn 0.104245 0.501496 0.858857
vn -0.397431 -0.887867 0.231820
vn 0.552324 0.790340 -0.265142
vn -0.987521 -0.133027 0.084293
vn -0.547218 -0.801321 0.241739
vn -0.021771 0.815721 -0.578035
vn 0.954809 0.295170 -0.034841
vn -0.631435 -0.651984 -0.419771
vn 0.426373 -0.708581 0.562244
vn 0.122828 0.874636 -0.468961
vn -0.065960 0.247494 0.966642
vn -0.759215 0.224495 -0.610897
vn -0.009472 0.351948 0.935972
vn -0.205845 -0.802121 -0.560562
vn 0.135929 -0.350768 0.926545
vn -0.009476 0.351979 0.935960
vn -0.009495 0.351971 0.935963
vn 0.547502 -0.307541 0.778242
vn 0.586157 0.136849 0.798557
vn 0.724877 0.572672 0.382885
vn -0.005242 0.218439 0.975837
vn 0.323178 0.919779 -0.222625
vn -0.987533 -0.132932 0.084304
vn -0.987544 -0.132889 0.084241
vn -0.484002 0.560870 -0.671689
vn 0.256842 0.834038 -0.488275
vn -0.962749 0.024229 -0.269310
vn 0.689484 -0.557680 0.462174
vn -0.730818 -0.645475 0.221960
vn -0.062581 -0.262206 0.962981
vn -0.009447 0.351967 0.935965
vn 0.307757 0.783201 0.540261
vn 0.927704 0.166642 -0.334060
vn -0.079825 -0.757134 -0.648364
vn 0.538914 0.618010 -0.572394
vn -0.216389 -0.719835 -0.659556
vn -0.934520 0.298875 -0.193250
vn -0.985969 0.152402 0.068107
vn 0.410161 0.578917 0.704715
vn 0.850123 0.526090 -0.022810
vn -0.009432 0.351984 0.935959
vn -0.009444 0.351970 0.935963
vn -0.009425 0.352033 0.935940
vn 0.597307 -0.346802 -0.723155
vn 0.490198 0.131590 0.861621
vn 0.888257 0.333257 -0.316131
vn 0.927311 0.170298 0.333307
vn 0.387048 -0.887407 -0.250406
vn 0.239423 -0.916690 -0.319931
vn 0.862761 0.018998 0.505254
vn 0.710133 0.645615 0.280877
vn 0.940360 0.292382 0.173884
vn 0.759840 0.596504 0.258508
vn 0.445243 0.247190 0.860614
vn 0.180133 -0.608193 -0.773081
vn 0.011202 -0.442757 -0.896572
vn -0.260739 0.086194 -0.961554
vn 0.641044 0.619608 -0.452933
vn 0.473938 0.095043 0.875414
vn -0.303092 0.371964 -0.877370
vn -0.203867 0.977344 0.056885
vn -0.368027 0.734153 0.570592
vn 0.188232 0.166316 0.967940
vn 0.852035 0.426376 -0.303710
vn 0.683168 0.610792 -0.400268
vn -0.304176 0.918098 0.254111
vn -0.021771 0.815721 -0.578035
vn -0.064959 0.799383 -0.597301
vn -0.045288 0.805776 -0.590486
vn -0.046545 0.929635 0.365530
vn 0.309186 0.215524 -0.926258
vn 0.136945 -0.875621 -0.463177
vn -0.409647 -0.758362 -0.507027
vn -0.470053 -0.743534 -0.475613
vn -0.191974 0.257002 -0.947152
vn -0.305351 -0.828351 -0.469675
vn 0.525074 0.777978 0.345034
vn -0.123205 -0.890295 -0.438402
vn 0.169346 -0.014643 -0.985448
vn 0.415068 -0.401890 0.816212
vn -0.305351 -0.828351 -0.469675
vn -0.470053 -0.743534 -0.475613
vn 0.579434 -0.289858 0.761734
vn -0.123205 -0.890295 -0.438402
vn 0.592573 0.736996 0.325105
vn 0.739951 -0.143875 0.657094
vn 0.926168 0.155244 -0.343675
vn 0.023679 0.992386 0.120867
vn -0.667565 0.383581 -0.638141
vn -0.778512 0.227502 -0.584946
vn 0.614604 0.434402 -0.658451
vn 0.597302 -0.346845 -0.723138
vn 0.804716 -0.593619 -0.006903
vn 0.724276 -0.412855 0.552246
vn 0.946977 0.070838 -0.313395
vn 0.948363 -0.316799 -0.015667
vn 0.390504 0.310119 -0.866795
vn -0.009502 0.351970 0.935963
vn -0.009517 0.352048 0.935934
vn -0.009543 0.351925 0.935979
vn -0.009448 0.351982 0.935959
vn 0.055155 -0.998117 0.026851
vn -0.191694 0.331518 0.923769
vn -0.372866 -0.438820 -0.817562
vn -0.253518 0.901236 -0.351429
vn 0.026808 -0.974730 -0.221771
vn -0.293800 0.885737 -0.359376
vn -0.314126 0.159105 0.935954
vn 0.229798 0.670058 -0.705843
vn 0.256969 0.826856 -0.500277
vn 0.007552 0.494543 0.869120
vn 0.925404 0.333814 0.179433
vn 0.984084 0.136442 0.113856
vn -0.009459 0.351907 0.935987
vn 0.623086 -0.197864 -0.756713
vn -0.009476 0.351970 0.935963
vn -0.247555 -0.783915 -0.569380
vn -0.230243 -0.784232 -0.576168
vn 0.238999 -0.370319 0.897632
vn -0.009493 0.351945 0.935973
vn -0.224583 -0.846600 -0.482526
vn 0.026131 -0.875581 -0.482363
vn -0.009517 0.352048 0.935934
vn -0.009543 0.351925 0.935979
vn 0.597271 -0.346928 -0.723124
vn -0.987533 -0.132932 0.084304
vn -0.144534 -0.621099 -0.770289
vn -0.009485 0.352022 0.935944
vn -0.661018 -0.187897 0.726464
vn -0.009500 0.351939 0.935975
vn -0.009499 0.352013 0.935947
vn -0.672188 0.036724 0.739469
vn -0.923749 -0.273692 0.267920
vn 0.560412 0.278243 -0.780077
vn -0.276085 -0.781858 -0.558995
vn -0.247555 -0.783915 -0.569380
vn -0.009546 0.351980 0.935959
vn -0.987521 -0.133027 0.084293
vn -0.987541 -0.132899 0.084265
vn 0.929788 0.129951 -0.344394
vn -0.945179 0.135340 -0.297186
vn -0.009511 0.351929 0.935978
vn -0.943745 -0.094624 -0.316845
vn 0.864453 0.283512 -0.415140
vn 0.834945 0.203301 -0.511406
vn 0.486610 -0.332121 -0.808026
vn 0.302909 -0.514440 -0.802245
vn 0.838964 0.457403 -0.294826
vn -0.009502 0.351970 0.935963
vn 0.300637 0.783359 0.544027
vn -0.191694 0.331518 0.923769
vn 0.892829 0.211804 0.397487
vn 0.348784 -0.937095 -0.014236
vn 0.586830 0.146225 -0.796397
vn 0.293939 -0.925129 0.240285
vn 0.335563 0.287820 0.896971
vn 0.015212 -0.517715 0.855418
vn 0.697470 0.595399 0.398794
vn -0.187669 0.372713 -0.908771
vn -0.150516 -0.635672 -0.757143
vn -0.709003 0.614614 -0.345780
vn -0.009515 0.351956 0.935968
vn -0.009470 0.351883 0.935996
vn -0.789888 0.227595 -0.569454
vn 0.239423 -0.916690 -0.319931
vn 0.753458 -0.531274 -0.387361
vn 0.064251 -0.920299 -0.385904
vn 0.572306 -0.352278 -0.740518
vn 0.654112 0.692784 0.303624
vn -0.197883 -0.883638 0.424296
vn 0.121104 -0.878957 -0.461267
vn -0.009502 0.351959 0.935967
vn 0.788788 -0.339069 -0.512685
vn 0.561125 0.772400 0.297552
vn -0.009495 0.351942 0.935973
vn -0.192141 -0.562661 -0.804048
vn 0.023992 0.408948 0.912242
vn 0.347775 -0.816090 -0.461574
vn 0.469494 0.794228 0.385718
vn 0.116851 0.627631 0.769691
vn -0.009493 0.351968 0.935964
vn -0.277068 0.956765 -0.088513
vn -0.216389 -0.719835 -0.659556
vn 0.550648 -0.390660 -0.737680
vn 0.301940 -0.939897 0.159453
vn -0.314063 0.159113 0.935974
vn -0.314130 0.159085 0.935956
vn -0.314048 0.159115 0.935979
vn -0.703378 -0.686822 -0.183127
vn -0.253854 -0.925607 -0.280730
vn -0.206681 -0.968412 -0.139505
vn -0.562768 -0.732150 -0.383729
vn -0.900114 0.233402 0.367855
vn -0.847652 0.223366 0.481242
vn -0.786875 0.601596 0.137513
vn -0.341756 0.070167 -0.937166
vn -0.009495 0.351942 0.935973
vn 0.284919 0.477179 -0.831337
vn -0.009461 0.351956 0.935969
vn -0.009486 0.351978 0.935960
vn 0.774946 -0.380718 0.504492
vn -0.397686 -0.207600 0.893727
vn 0.046888 -0.901323 -0.430603
vn -0.009520 0.351957 0.935968
vn 0.868092 0.449576 -0.210470
vn 0.624531 -0.780995 -0.002818
vn -0.009515 0.351983 0.935958
vn 0.725068 0.655289 -0.211832
vn -0.009546 0.351980 0.935959
vn -0.009520 0.351957 0.935968
vn -0.314063 0.159113 0.935974
vn -0.724473 -0.435375 -0.534405
vn -0.833449 -0.096305 -0.544140
vn -0.987530 -0.132953 0.084309
vn 0.241721 -0.100048 -0.965174
vn -0.987544 -0.132889 0.084241
vn 0.028312 0.859120 0.510990
vn -0.482534 -0.869116 -0.108615
vn 0.078052 0.510902 0.856088
vn -0.155778 -0.637299 0.754708
vn 0.221912 0.823654 -0.521871
vn -0.009493 0.351945 0.935973
vn -0.009456 0.352004 0.935951
vn -0.009489 0.351964 0.935965
vn -0.009509 0.352045 0.935935
vn 0.008502 -0.624506 0.780974
vn -0.190441 0.331309 0.924103
vn -0.191703 0.331493 0.923776
vn -0.541951 0.536208 0.647124
vn -0.651254 0.755208 -0.074357
vn -0.009485 0.352022 0.935944
vn -0.009482 0.352015 0.935946
vn -0.009462 0.351991 0.935956
vn -0.009499 0.352013 0.935947
vn 0.536162 0.747955 -0.391271
vn 0.759018 0.620252 -0.197937
vn 0.302079 -0.031933 -0.952748
vn -0.281144 -0.573246 -0.769641
vn -0.402138 0.468314 -0.786744
vn -0.617572 0.783815 -0.065109
vn -0.651254 0.755208 -0.074357
vn 0.454333 0.882931 0.118380
vn 0.028312 0.859120 0.510990
vn -0.009482 0.352015 0.935946
vn -0.849633 0.366404 -0.379304
vn -0.749850 0.285234 -0.596964
vn 0.235459 -0.945158 -0.226352
vn -0.639395 0.143901 0.755292
vn 0.407822 0.912139 0.041040
vn -0.950194 0.306108 -0.058559
vn 0.552736 0.831216 -0.059692
vn -0.009500 0.351939 0.935975
vn -0.923995 0.330867 -0.191729
vn 0.961529 0.186610 -0.201593
vn 0.482961 -0.845319 -0.228441
vn 0.535896 0.413670 -0.735997
vn 0.623086 -0.197864 -0.756713
vn 0.615424 -0.772043 -0.158755
vn -0.314051 0.159139 0.935974
vn -0.197849 0.858136 -0.473770
vn -0.521515 0.833650 -0.181796
vn -0.009478 0.351998 0.935953
vn 0.245327 -0.072710 0.966710
vn -0.205054 0.976435 0.067282
vn -0.213165 0.579338 -0.786720
vn -0.009425 0.352033 0.935940
vn -0.298537 0.399364 0.866824
vn -0.009458 0.352013 0.935947
vn -0.009476 0.351979 0.935960
vn -0.009424 0.351989 0.935957
vn -0.192141 -0.562661 -0.804048
vn -0.226559 0.241121 -0.943680
vn 0.064251 -0.920299 -0.385904
vn -0.009468 0.351939 0.935975
vn 0.376109 0.668325 -0.641782
vn -0.866278 -0.499489 0.008571
vn -0.256872 0.272041 0.927367
vn -0.336439 0.871208 0.357499
vn -0.534604 -0.322602 0.781106
vn 0.140871 -0.577486 0.804155
vn -0.873294 -0.486540 0.025215
vn 0.328116 -0.929668 0.167503
vn -0.568725 -0.228253 0.790223
vn 0.428701 -0.113276 0.896317
vn 0.508437 0.346103 0.788482
vn 0.922346 -0.324436 0.209809
vn -0.191754 0.331373 0.923809
vn 0.706443 0.489051 0.511632
vn -0.496816 0.199170 0.844692
vn 0.331498 0.026524 0.943083
vn -0.415520 0.849729 0.324506
vn 0.011339 0.508881 0.860762
vn -0.701751 0.019075 0.712167
vn -0.009524 0.351976 0.935961
vn 0.464114 0.058691 -0.883829
vn -0.009546 0.351999 0.935952
vn 0.002052 -0.757174 -0.653211
vn -0.206479 -0.762255 -0.613460
vn -0.009492 0.352021 0.935944
vn -0.009514 0.351999 0.935952
vn -0.852411 -0.208301 -0.479589
vn -0.020246 -0.746976 -0.664542
vn 0.305520 0.209982 0.928744
vn 0.768727 0.590675 0.245280
vn 0.491301 0.437006 0.753425
vn 0.103881 0.791793 -0.601891
vn 0.234112 0.971857 -0.026201
vn 0.544625 0.798877 0.255300
vn -0.640158 -0.701589 0.313004
vn -0.401540 -0.818245 0.411389
vn -0.009494 0.352026 0.935942
vn -0.240136 0.463201 0.853100
vn -0.190441 0.331309 0.924103
vn 0.511729 -0.157459 0.844595
vn -0.314048 0.159115 0.935979
vn -0.314126 0.159105 0.935954
vn -0.213165 0.579338 -0.786720
vn 0.731004 0.085672 -0.676974
vn -0.534986 0.683596 -0.496474
vn -0.724873 0.472471 -0.501330
vn -0.191708 0.331419 0.923802
vn -0.191708 0.331419 0.923802
vn -0.912265 -0.284422 -0.294750
vn -0.106817 0.409202 0.906170
vn -0.423302 0.753905 0.502437
vn -0.009530 0.351979 0.935959
vn -0.171359 -0.772621 0.611304
vn -0.009489 0.351978 0.935960
vn 0.376109 0.668325 -0.641782
vn -0.923749 -0.273692 0.267920
vn 0.209162 0.707174 -0.675393
vn -0.009475 0.351981 0.935959
vn -0.059502 -0.711412 -0.700252
vn -0.333909 0.568615 -0.751786
vn -0.368027 0.734153 0.570592
vn 0.999883 -0.014072 0.006026
vn -0.191776 0.331587 0.923727
vn 0.192326 0.890898 0.411475
vn -0.987530 -0.132953 0.084309
vn -0.563739 0.615255 0.551053
vn -0.748241 0.662400 -0.036903
vn 0.567392 0.306195 -0.764402
vn -0.420972 0.906550 -0.030802
vn -0.478877 0.551604 -0.682942
vn -0.119045 0.818016 -0.562741
vn 0.802629 -0.506777 0.314587
vn 0.922346 -0.324436 0.209809
vn 0.993753 0.104634 -0.038806
vn 0.785327 0.578002 0.221753
vn -0.792000 0.501133 -0.348713
vn -0.009475 0.351981 0.935959
vn -0.936440 0.240376 0.255537
vn -0.843220 0.447415 0.297993
vn -0.786875 0.601596 0.137513
vn -0.009495 0.351971 0.935963
vn 0.724877 0.572672 0.382885
vn -0.980309 0.180112 0.080953
vn -0.710072 0.614884 -0.343096
vn -0.774418 0.605946 -0.181951
vn -0.206716 0.964583 -0.163852
vn -0.710071 0.614871 -0.343121
vn -0.067926 0.908933 -0.411373
vn -0.085477 0.909836 0.406069
vn -0.206716 0.964583 -0.163852
vn -0.067926 0.908933 -0.411373
vn 0.447509 0.851220 -0.274154
vn -0.009458 0.352013 0.935947
vn -0.423302 0.753905 0.502437
vn -0.009424 0.351989 0.935957
vn -0.345807 -0.824026 0.448775
vn 0.377915 -0.370901 0.848300
vn 0.239472 -0.740015 0.628515
vn 0.268852 -0.207416 0.940584
vn -0.758955 -0.004499 0.651128
vn -0.298278 0.037787 0.953731
vn -0.345807 -0.824026 0.448775
vn -0.009389 0.351984 0.935959
vn -0.009524 0.351976 0.935961
vn -0.009517 0.351957 0.935968
vn -0.503419 -0.477194 0.720316
vn 0.244185 -0.492266 0.835493
vn 0.025649 -0.781534 0.623335
vn 0.492680 -0.404433 0.770520
vn -0.212652 0.337812 0.916876
vn 0.252239 0.132959 0.958487
vn -0.009517 0.351957 0.935968
vn -0.503419 -0.477194 0.720316
vn 0.355227 0.358434 -0.863330
vn -0.009494 0.352026 0.935942
vn -0.009493 0.351968 0.935964
vn -0.277068 0.956765 -0.088513
vn -0.606439 0.495415 0.621929
vn -0.719579 0.657793 0.222519
vn -0.476154 0.454395 0.752863
vn -0.009511 0.351929 0.935978
vn -0.009478 0.351998 0.935953
vn 0.339789 -0.329194 0.881008
vn -0.009530 0.351979 0.935959
vn 0.323178 -0.942411 -0.086119
vn 0.815270 -0.418321 0.400429
vn 0.814665 -0.579867 0.008665
vn 0.757307 -0.322721 0.567747
vn 0.230390 -0.526333 0.818470
vn 0.323178 -0.942411 -0.086119
vn -0.245497 -0.959545 0.137856
vn -0.009515 0.351983 0.935958
vn -0.489148 0.763371 0.421900
vn 0.265314 0.948875 0.171011
vn -0.272282 -0.671354 -0.689308
vn 0.241721 -0.100048 -0.965174
vn 0.387048 -0.887407 -0.250406
vn 0.792554 -0.591669 -0.147598
vn -0.314165 0.159174 0.935930
vn -0.314165 0.159174 0.935930
vn -0.851109 0.139127 -0.506219
vn -0.873381 0.487019 0.004192
vn -0.851109 0.139127 -0.506219
vn -0.843220 0.447415 0.297993
vn -0.191776 0.331587 0.923727
vn -0.489148 0.763371 0.421900
vn 0.045670 0.798059 -0.600846
vn -0.191656 0.331515 0.923778
vn -0.625358 -0.400910 -0.669476
vn -0.915517 0.369201 -0.159750
vn -0.963204 -0.261814 0.060758
vn -0.841147 0.539649 -0.035363
vn -0.191656 0.331515 0.923778
vn -0.625358 -0.400910 -0.669476
f 1/1/1 2/2/2 3/3/3
f 2/2/2 4/4/4 3/3/3
f 3/3/3 5/5/5 6/6/6
f 4/4/4 7/7/7 3/3/3
f 8/8/8 7/7/7 9/9/9
f 8/8/8 10/10/10 7/7/7
f 7/7/7 11/11/11 12/12/12
f 7/7/7 4/4/4 9/9/9
f 13/13/13 12/12/12 11/11/11
f 12/12/12 5/5/5 7/7/7
f 12/12/12 14/14/14 15/15/15
f 11/11/11 7/7/7 10/10/10
f 16/16/16 12/12/12 13/13/13
f 16/16/16 17/17/17 12/12/12
f 18/18/18 19/19/19 20/20/20
f 18/18/18 21/21/21 22/22/22
f 21/21/21 18/18/18 23/23/23
f 22/22/22 21/21/21 24/24/24
f 23/23/23 25/25/25 26/26/26
f 17/17/17 27/27/27 12/12/12
f 27/27/27 28/28/28 12/12/12
f 29/29/29 30/30/30 28/28/28
f 29/29/29 28/28/28 31/31/31
f 28/28/28 32/32/32 33/33/33
f 28/28/28 27/27/27 31/31/31
f 34/34/34 35/35/35 36/36/36
f 34/34/34 37/37/37 38/38/38
f 34/34/34 39/39/39 37/37/37
f 39/39/39 34/34/34 40/40/40
f 39/39/39 41/41/41 42/42/42
f 37/37/37 25/25/25 38/38/38
f 37/37/37 43/43/43 44/44/44
f 38/38/38 20/20/20 34/34/34
f 45/45/45 33/33/33 32/32/32
f 33/33/33 14/14/14 28/28/28
f 33/33/33 46/46/46 47/47/47
f 32/32/32 28/28/28 30/30/30
f 48/48/48 49/49/49 33/33/33
f 48/48/48 33/33/33 45/45/45
f 49/49/49 50/50/50 33/33/33
f 50/50/50 51/51/51 33/33/33
f 52/52/52 53/53/53 51/51/51
f 52/52/52 51/51/51 54/54/54
f 51/51/51 55/55/55 46/46/46
f 51/51/51 50/50/50 54/54/54
f 53/53/53 56/56/56 51/51/51
f 56/56/56 57/57/57 51/51/51
f 58/58/58 59/59/59 57/57/57
f 58/58/58 57/57/57 60/60/60
f 57/57/57 56/56/56 60/60/60
f 57/57/57 61/61/61 62/62/62
f 57/57/57 55/55/55 51/51/51
f 63/63/63 62/62/62 61/61/61
f 62/62/62 64/64/64 55/55/55
f 62/62/62 55/55/55 57/57/57
f 62/62/62 65/65/65 66/66/66
f 61/61/61 57/57/57 59/59/59
f 67/67/67 68/68/68 62/62/62
f 67/67/67 62/62/62 63/63/63
f 69/69/69 70/70/70 71/71/71
f 69/69/69 71/71/71 72/72/72
f 71/71/71 73/73/73 72/72/72
f 71/71/71 70/70/70 74/74/74
f 72/72/72 75/75/75 69/69/69
f 73/73/73 71/71/71 76/76/76
f 73/73/73 77/77/77 72/72/72
f 78/78/78 66/66/66 65/65/65
f 66/66/66 64/64/64 62/62/62
f 66/66/66 79/79/79 80/80/80
f 65/65/65 62/62/62 68/68/68
f 81/81/81 66/66/66 78/78/78
f 81/81/81 82/82/82 66/66/66
f 82/82/82 83/83/83 66/66/66
f 83/83/83 84/84/84 66/66/66
f 85/85/85 84/84/84 86/86/86
f 85/85/85 87/87/87 84/84/84
f 84/84/84 83/83/83 86/86/86
f 84/84/84 88/88/88 89/89/89
f 90/90/90 89/89/89 88/88/88
f 89/89/89 79/79/79 84/84/84
f 89/89/89 91/91/91 92/92/92
f 88/88/88 84/84/84 87/87/87
f 93/93/93 94/94/94 89/89/89
f 93/93/93 89/89/89 90/90/90
f 95/95/95 96/96/96 97/97/97
f 95/95/95 98/98/98 99/99/99
f 95/95/95 100/100/100 98/98/98
f 95/95/95 101/101/101 102/102/102
f 98/98/98 103/103/103 104/104/104
f 102/102/102 105/105/105 100/100/100
f 102/102/102 100/100/100 95/95/95
f 94/94/94 106/106/106 89/89/89
f 106/106/106 107/107/107 89/89/89
f 108/108/108 109/109/109 107/107/107
f 108/108/108 107/107/107 110/110/110
f 107/107/107 111/111/111 112/112/112
f 107/107/107 106/106/106 110/110/110
f 113/113/113 114/114/114 115/115/115
f 114/114/114 116/116/116 117/117/117
f 114/114/114 113/113/113 118/118/118
f 114/114/114 119/119/119 120/120/120
f 118/118/118 121/121/121 122/122/122
f 118/118/118 123/123/123 119/119/119
f 124/124/124 112/112/112 111/111/111
f 112/112/112 125/125/125 126/126/126
f 112/112/112 91/91/91 107/107/107
f 111/111/111 107/107/107 109/109/109
f 127/127/127 128/128/128 112/112/112
f 127/127/127 112/112/112 124/124/124
f 128/128/128 129/129/129 112/112/112
f 129/129/129 130/130/130 112/112/112
f 131/131/131 132/132/132 130/130/130
f 131/131/131 130/130/130 133/133/133
f 130/130/130 129/129/129 133/133/133
f 103/103/103 105/105/105 134/134/134
f 103/103/103 98/98/98 100/100/100
f 103/103/103 135/135/135 104/104/104
f 105/105/105 103/103/103 100/100/100
f 105/105/105 102/102/102 136/136/136
f 105/105/105 136/136/136 137/137/137
f 134/134/134 138/138/138 103/103/103
f 132/132/132 139/139/139 130/130/130
f 139/139/139 140/140/140 130/130/130
f 141/141/141 140/140/140 142/142/142
f 141/141/141 143/143/143 140/140/140
f 140/140/140 139/139/139 142/142/142
f 140/140/140 144/144/144 145/145/145
f 146/146/146 145/145/145 144/144/144
f 145/145/145 147/147/147 148/148/148
f 144/144/144 140/140/140 143/143/143
f 149/149/149 145/145/145 146/146/146
f 149/149/149 150/150/150 145/145/145
f 151/151/151 148/148/148 147/147/147
f 148/148/148 152/152/152 145/145/145
f 147/147/147 145/145/145 150/150/150
f 153/153/153 148/148/148 151/151/151
f 15/15/15 154/154/154 155/155/155
f 15/15/15 156/156/156 5/5/5
f 154/154/154 15/15/15 14/14/14
f 154/154/154 47/47/47 157/157/157
f 155/155/155 158/158/158 159/159/159
f 14/14/14 33/33/33 47/47/47
f 14/14/14 12/12/12 28/28/28
f 160/160/160 161/161/161 162/162/162
f 160/160/160 163/163/163 164/164/164
f 163/163/163 160/160/160 165/165/165
f 164/164/164 166/166/166 161/161/161
f 164/164/164 167/167/167 168/168/168
f 101/101/101 169/169/169 102/102/102
f 101/101/101 170/170/170 171/171/171
f 101/101/101 95/95/95 97/97/97
f 169/169/169 172/172/172 136/136/136
f 169/169/169 136/136/136 102/102/102
f 173/173/173 174/174/174 175/175/175
f 173/173/173 176/176/176 174/174/174
f 173/173/173 175/175/175 177/177/177
f 176/176/176 178/178/178 179/179/179
f 176/176/176 173/173/173 180/180/180
f 174/174/174 181/181/181 182/182/182
f 174/174/174 183/183/183 184/184/184
f 174/174/174 182/182/182 175/175/175
f 180/180/180 185/185/185 178/178/178
f 180/180/180 186/186/186 187/187/187
f 188/188/188 189/189/189 190/190/190
f 188/188/188 191/191/191 192/192/192
f 188/188/188 193/193/193 194/194/194
f 189/189/189 195/195/195 196/196/196
f 189/189/189 188/188/188 192/192/192
f 190/190/190 197/197/197 198/198/198
f 190/190/190 196/196/196 199/199/199
f 190/190/190 200/200/200 188/188/188
f 192/192/192 201/201/201 189/189/189
f 192/192/192 202/202/202 203/203/203
f 204/204/204 205/205/205 206/206/206
f 204/204/204 207/207/207 208/208/208
f 205/205/205 209/209/209 206/206/206
f 206/206/206 209/209/209 210/210/210
f 211/211/211 212/212/212 213/213/213
f 211/211/211 214/214/214 215/215/215
f 214/214/214 213/213/213 216/216/216
f 215/215/215 217/217/217 218/218/218
f 215/215/215 219/219/219 211/211/211
f 219/219/219 220/220/220 221/221/221
f 222/222/222 223/223/223 224/224/224
f 222/222/222 224/224/224 225/225/225
f 222/222/222 225/225/225 226/226/226
f 224/224/224 227/227/227 228/228/228
f 224/224/224 228/228/228 225/225/225
f 224/224/224 229/229/229 230/230/230
f 225/225/225 231/231/231 226/226/226
f 228/228/228 232/232/232 225/225/225
f 233/233/233 234/234/234 235/235/235
f 234/234/234 233/233/233 236/236/236
f 235/235/235 237/237/237 170/170/170
f 236/236/236 97/97/97 96/96/96
f 156/156/156 159/159/159 238/238/238
f 156/156/156 15/15/15 155/155/155
f 156/156/156 6/6/6 5/5/5
f 5/5/5 12/12/12 15/15/15
f 5/5/5 3/3/3 7/7/7
f 239/239/239 240/240/240 241/241/241
f 239/239/239 242/242/242 243/243/243
f 242/242/242 244/244/244 245/245/245
f 242/242/242 239/239/239 246/246/246
f 243/243/243 240/240/240 239/239/239
f 243/243/243 245/245/245 247/247/247
f 246/246/246 239/239/239 248/248/248
f 246/246/246 249/249/249 242/242/242
f 250/250/250 238/238/238 159/159/159
f 250/250/250 251/251/251 252/252/252
f 251/251/251 253/253/253 254/254/254
f 251/251/251 250/250/250 255/255/255
f 252/252/252 254/254/254 256/256/256
f 252/252/252 257/257/257 250/250/250
f 255/255/255 159/159/159 158/158/158
f 255/255/255 258/258/258 251/251/251
f 255/255/255 259/259/259 260/260/260
f 261/261/261 262/262/262 263/263/263
f 261/261/261 264/264/264 265/265/265
f 262/262/262 261/261/261 266/266/266
f 262/262/262 267/267/267 268/268/268
f 263/263/263 269/269/269 264/264/264
f 263/263/263 270/270/270 271/271/271
f 266/266/266 272/272/272 267/267/267
f 266/266/266 273/273/273 274/274/274
f 275/275/275 276/276/276 277/277/277
f 275/275/275 278/278/278 279/279/279
f 278/278/278 275/275/275 280/280/280
f 278/278/278 281/281/281 279/279/279
f 279/279/279 282/282/282 283/283/283
f 279/279/279 284/284/284 275/275/275
f 280/280/280 285/285/285 278/278/278
f 280/280/280 277/277/277 286/286/286
f 277/277/277 287/287/287 288/288/288
f 277/277/277 280/280/280 275/275/275
f 287/287/287 277/277/277 276/276/276
f 288/288/288 286/286/286 277/277/277
f 288/288/288 287/287/287 253/253/253
f 276/276/276 275/275/275 284/284/284
f 276/276/276 289/289/289 287/287/287
f 282/282/282 281/281/281 290/290/290
f 282/282/282 291/291/291 283/283/283
f 282/282/282 279/279/279 281/281/281
f 282/282/282 292/292/292 291/291/291
f 281/281/281 278/278/278 241/241/241
f 281/281/281 241/241/241 240/240/240
f 290/290/290 293/293/293 294/294/294
f 290/290/290 292/292/292 282/282/282
f 240/240/240 243/243/243 293/293/293
f 240/240/240 290/290/290 281/281/281
f 295/295/295 296/296/296 297/297/297
f 295/295/295 297/297/297 298/298/298
f 295/295/295 299/299/299 300/300/300
f 297/297/297 247/247/247 301/301/301
f 297/297/297 301/301/301 302/302/302
f 298/298/298 297/297/297 302/302/302
f 298/298/298 303/303/303 295/295/295
f 298/298/298 302/302/302 304/304/304
f 298/298/298 304/304/304 305/305/305
f 302/302/302 301/301/301 306/306/306
f 302/302/302 306/306/306 307/307/307
f 302/302/302 307/307/307 304/304/304
f 308/308/308 309/309/309 310/310/310
f 308/308/308 311/311/311 312/312/312
f 309/309/309 308/308/308 313/313/313
f 310/310/310 314/314/314 308/308/308
f 313/313/313 312/312/312 315/315/315
f 304/304/304 316/316/316 317/317/317
f 305/305/305 317/317/317 318/318/318
f 319/319/319 256/256/256 320/320/320
f 319/319/319 321/321/321 257/257/257
f 256/256/256 319/319/319 252/252/252
f 256/256/256 254/254/254 322/322/322
f 256/256/256 322/322/322 320/320/320
f 320/320/320 323/323/323 319/319/319
f 283/283/283 291/291/291 284/284/284
f 284/284/284 279/279/279 283/283/283
f 284/284/284 289/289/289 276/276/276
f 284/284/284 291/291/291 289/289/289
f 253/253/253 258/258/258 288/288/288
f 253/253/253 287/287/287 324/324/324
f 253/253/253 324/324/324 254/254/254
f 258/258/258 260/260/260 325/325/325
f 258/258/258 253/253/253 251/251/251
f 326/326/326 327/327/327 328/328/328
f 327/327/327 326/326/326 329/329/329
f 327/327/327 330/330/330 331/331/331
f 328/328/328 332/332/332 333/333/333
f 329/329/329 334/334/334 335/335/335
f 329/329/329 335/335/335 330/330/330
f 322/322/322 336/336/336 337/337/337
f 254/254/254 252/252/252 251/251/251
f 324/324/324 322/322/322 254/254/254
f 324/324/324 336/336/336 322/322/322
f 291/291/291 338/338/338 339/339/339
f 291/291/291 340/340/340 289/289/289
f 292/292/292 294/294/294 299/299/299
f 300/300/300 299/299/299 294/294/294
f 299/299/299 338/338/338 292/292/292
f 299/299/299 341/341/341 342/342/342
f 299/299/299 295/295/295 303/303/303
f 294/294/294 292/292/292 290/290/290
f 294/294/294 296/296/296 300/300/300
f 303/303/303 298/298/298 305/305/305
f 303/303/303 305/305/305 343/343/343
f 344/344/344 345/345/345 346/346/346
f 345/345/345 347/347/347 348/348/348
f 345/345/345 344/344/344 347/347/347
f 346/346/346 345/345/345 349/349/349
f 346/346/346 350/350/350 344/344/344
f 347/347/347 351/351/351 352/352/352
f 318/318/318 343/343/343 305/305/305
f 343/343/343 341/341/341 303/303/303
f 353/353/353 354/354/354 355/355/355
f 354/354/354 356/356/356 357/357/357
f 355/355/355 354/354/354 358/358/358
f 358/358/358 359/359/359 360/360/360
f 361/361/361 286/286/286 362/362/362
f 361/361/361 363/363/363 285/285/285
f 363/363/363 248/248/248 285/285/285
f 363/363/363 361/361/361 364/364/364
f 285/285/285 241/241/241 278/278/278
f 285/285/285 280/280/280 361/361/361
f 364/364/364 362/362/362 365/365/365
f 364/364/364 80/80/80 363/363/363
f 340/340/340 366/366/366 367/367/367
f 340/340/340 291/291/291 339/339/339
f 339/339/339 368/368/368 369/369/369
f 339/339/339 366/366/366 340/340/340
f 289/289/289 324/324/324 287/287/287
f 289/289/289 340/340/340 336/336/336
f 370/370/370 371/371/371 372/372/372
f 370/370/370 373/373/373 374/374/374
f 371/371/371 370/370/370 375/375/375
f 371/371/371 376/376/376 377/377/377
f 372/372/372 373/373/373 370/370/370
f 372/372/372 378/378/378 379/379/379
f 377/377/377 372/372/372 371/371/371
f 377/377/377 380/380/380 372/372/372
f 296/296/296 294/294/294 293/293/293
f 296/296/296 295/295/295 300/300/300
f 381/381/381 382/382/382 383/383/383
f 381/381/381 384/384/384 385/385/385
f 382/382/382 381/381/381 385/385/385
f 382/382/382 386/386/386 387/387/387
f 383/383/383 388/388/388 381/381/381
f 385/385/385 389/389/389 386/386/386
f 390/390/390 391/391/391 392/392/392
f 390/390/390 393/393/393 394/394/394
f 391/391/391 390/390/390 394/394/394
f 391/391/391 395/395/395 392/392/392
f 392/392/392 396/396/396 390/390/390
f 392/392/392 397/397/397 398/398/398
f 394/394/394 271/271/271 270/270/270
f 394/394/394 399/399/399 391/391/391
f 400/400/400 375/375/375 401/401/401
f 400/400/400 402/402/402 403/403/403
f 375/375/375 400/400/400 371/371/371
f 375/375/375 374/374/374 404/404/404
f 401/401/401 405/405/405 406/406/406
f 401/401/401 375/375/375 404/404/404
f 404/404/404 407/407/407 401/401/401
f 404/404/404 374/374/374 408/408/408
f 380/380/380 384/384/384 409/409/409
f 380/380/380 377/377/377 410/410/410
f 410/410/410 389/389/389 384/384/384
f 410/410/410 376/376/376 411/411/411
f 402/402/402 400/400/400 406/406/406
f 402/402/402 367/367/367 366/366/366
f 406/406/406 412/412/412 413/413/413
f 406/406/406 400/400/400 401/401/401
f 388/388/388 409/409/409 381/381/381
f 388/388/388 414/414/414 360/360/360
f 388/388/388 383/383/383 415/415/415
f 357/357/357 416/416/416 417/417/417
f 416/416/416 418/418/418 417/417/417
f 416/416/416 357/357/357 356/356/356
f 417/417/417 419/419/419 357/357/357
f 417/417/417 418/418/418 420/420/420
f 356/356/356 421/421/421 416/416/416
f 356/356/356 354/354/354 353/353/353
f 356/356/356 422/422/422 423/423/423
f 424/424/424 420/420/420 418/418/418
f 420/420/420 425/425/425 408/408/408
f 418/418/418 416/416/416 426/426/426
f 427/427/427 374/374/374 373/373/373
f 427/427/427 417/417/417 420/420/420
f 427/427/427 419/419/419 417/417/417
f 419/419/419 379/379/379 428/428/428
f 359/359/359 358/358/358 354/354/354
f 359/359/359 354/354/354 429/429/429
f 360/360/360 430/430/430 388/388/388
f 429/429/429 379/379/379 378/378/378
f 429/429/429 354/354/354 357/357/357
f 429/429/429 357/357/357 428/428/428
f 429/429/429 430/430/430 359/359/359
f 414/414/414 388/388/388 415/415/415
f 414/414/414 358/358/358 360/360/360
f 260/260/260 259/259/259 431/431/431
f 260/260/260 258/258/258 255/255/255
f 432/432/432 433/433/433 434/434/434
f 432/432/432 435/435/435 436/436/436
f 432/432/432 437/437/437 435/435/435
f 432/432/432 438/438/438 439/439/439
f 438/438/438 432/432/432 434/434/434
f 438/438/438 422/422/422 440/440/440
f 439/439/439 437/437/437 432/432/432
f 434/434/434 422/422/422 438/438/438
f 434/434/434 423/423/423 422/422/422
f 441/441/441 442/442/442 443/443/443
f 441/441/441 444/444/444 445/445/445
f 441/441/441 443/443/443 446/446/446
f 444/444/444 441/441/441 437/437/437
f 445/445/445 442/442/442 441/441/441
f 437/437/437 441/441/441 446/446/446
f 437/437/437 439/439/439 444/444/444
f 437/437/437 446/446/446 435/435/435
f 447/447/447 448/448/448 449/449/449
f 450/450/450 451/451/451 452/452/452
f 453/453/453 454/454/454 455/455/455
f 456/456/456 457/457/457 458/458/458
f 459/459/459 460/460/460 461/461/461
f 460/460/460 462/462/462 463/463/463
f 460/460/460 459/459/459 464/464/464
f 461/461/461 465/465/465 459/459/459
f 466/466/466 467/467/467 468/468/468
f 466/466/466 469/469/469 470/470/470
f 469/469/469 466/466/466 471/471/471
f 470/470/470 472/472/472 473/473/473
f 470/470/470 474/474/474 472/472/472
f 471/471/471 475/475/475 476/476/476
f 471/471/471 468/468/468 477/477/477
f 471/471/471 476/476/476 478/478/478
f 312/312/312 313/313/313 308/308/308
f 312/312/312 479/479/479 315/315/315
f 479/479/479 312/312/312 480/480/480
f 479/479/479 481/481/481 482/482/482
f 315/315/315 482/482/482 483/483/483
f 315/315/315 484/484/484 313/313/313
f 480/480/480 485/485/485 486/486/486
f 480/480/480 311/311/311 485/485/485
f 480/480/480 487/487/487 479/479/479
f 488/488/488 489/489/489 490/490/490
f 488/488/488 491/491/491 489/489/489
f 491/491/491 181/181/181 489/489/489
f 489/489/489 184/184/184 492/492/492
f 490/490/490 492/492/492 493/493/493
f 104/104/104 494/494/494 98/98/98
f 495/495/495 496/496/496 497/497/497
f 496/496/496 498/498/498 499/499/499
f 497/497/497 500/500/500 501/501/501
f 497/497/497 502/502/502 495/495/495
f 502/502/502 503/503/503 504/504/504
f 502/502/502 501/501/501 505/505/505
f 158/158/158 157/157/157 259/259/259
f 158/158/158 155/155/155 154/154/154
f 159/159/159 156/156/156 155/155/155
f 159/159/159 255/255/255 250/250/250
f 267/267/267 506/506/506 268/268/268
f 267/267/267 262/262/262 266/266/266
f 268/268/268 507/507/507 399/399/399
f 268/268/268 270/270/270 262/262/262
f 221/221/221 211/211/211 219/219/219
f 221/221/221 508/508/508 212/212/212
f 220/220/220 509/509/509 510/510/510
f 220/220/220 510/510/510 221/221/221
f 511/511/511 512/512/512 513/513/513
f 511/511/511 514/514/514 515/515/515
f 511/511/511 516/516/516 517/517/517
f 514/514/514 518/518/518 515/515/515
f 515/515/515 519/519/519 512/512/512
f 518/518/518 520/520/520 515/515/515
f 521/521/521 522/522/522 523/523/523
f 522/522/522 524/524/524 525/525/525
f 522/522/522 521/521/521 526/526/526
f 523/523/523 522/522/522 525/525/525
f 523/523/523 525/525/525 527/527/527
f 525/525/525 524/524/524 528/528/528
f 529/529/529 473/473/473 530/530/530
f 529/529/529 466/466/466 470/470/470
f 529/529/529 470/470/470 473/473/473
f 531/531/531 532/532/532 533/533/533
f 532/532/532 534/534/534 535/535/535
f 532/532/532 531/531/531 536/536/536
f 533/533/533 537/537/537 538/538/538
f 533/533/533 532/532/532 537/537/537
f 536/536/536 534/534/534 532/532/532
f 539/539/539 540/540/540 541/541/541
f 539/539/539 542/542/542 543/543/543
f 542/542/542 544/544/544 545/545/545
f 542/542/542 539/539/539 541/541/541
f 543/543/543 546/546/546 539/539/539
f 543/543/543 542/542/542 331/331/331
f 541/541/541 544/544/544 542/542/542
f 541/541/541 547/547/547 548/548/548
f 549/549/549 550/550/550 551/551/551
f 550/550/550 552/552/552 553/553/553
f 550/550/550 549/549/549 554/554/554
f 551/551/551 555/555/555 556/556/556
f 551/551/551 553/553/553 557/557/557
f 551/551/551 558/558/558 549/549/549
f 554/554/554 559/559/559 550/550/550
f 560/560/560 561/561/561 562/562/562
f 561/561/561 560/560/560 563/563/563
f 561/561/561 564/564/564 565/565/565
f 562/562/562 561/561/561 566/566/566
f 563/563/563 560/560/560 567/567/567
f 568/568/568 569/569/569 134/134/134
f 568/568/568 134/134/134 105/105/105
f 570/570/570 571/571/571 572/572/572
f 570/570/570 572/572/572 573/573/573
f 571/571/571 574/574/574 572/572/572
f 572/572/572 575/575/575 576/576/576
f 573/573/573 576/576/576 577/577/577
f 573/573/573 578/578/578 579/579/579
f 573/573/573 579/579/579 580/580/580
f 581/581/581 535/535/535 534/534/534
f 581/581/581 582/582/582 535/535/535
f 582/582/582 581/581/581 583/583/583
f 582/582/582 584/584/584 585/585/585
f 535/535/535 537/537/537 532/532/532
f 535/535/535 585/585/585 537/537/537
f 583/583/583 586/586/586 582/582/582
f 583/583/583 587/587/587 588/588/588
f 589/589/589 590/590/590 591/591/591
f 589/589/589 592/592/592 593/593/593
f 589/589/589 594/594/594 595/595/595
f 592/592/592 589/589/589 591/591/591
f 593/593/593 596/596/596 597/597/597
f 593/593/593 594/594/594 589/589/589
f 591/591/591 598/598/598 592/592/592
f 591/591/591 599/599/599 600/600/600
f 601/601/601 524/524/524 602/602/602
f 524/524/524 522/522/522 603/603/603
f 524/524/524 604/604/604 528/528/528
f 602/602/602 605/605/605 606/606/606
f 602/602/602 607/607/607 601/601/601
f 607/607/607 608/608/608 601/601/601
f 607/607/607 602/602/602 609/609/609
f 607/607/607 609/609/609 610/610/610
f 397/397/397 392/392/392 395/395/395
f 395/395/395 391/391/391 611/611/611
f 398/398/398 600/600/600 396/396/396
f 398/398/398 612/612/612 598/598/598
f 611/611/611 399/399/399 507/507/507
f 613/613/613 614/614/614 615/615/615
f 613/613/613 616/616/616 617/617/617
f 613/613/613 617/617/617 618/618/618
f 614/614/614 619/619/619 615/615/615
f 614/614/614 613/613/613 618/618/618
f 615/615/615 565/565/565 613/613/613
f 615/615/615 566/566/566 561/561/561
f 618/618/618 620/620/620 614/614/614
f 618/618/618 617/617/617 621/621/621
f 576/576/576 573/573/573 572/572/572
f 576/576/576 622/622/622 577/577/577
f 577/577/577 623/623/623 578/578/578
f 423/423/423 624/624/624 421/421/421
f 423/423/423 434/434/434 433/433/433
f 624/624/624 423/423/423 433/433/433
f 624/624/624 436/436/436 625/625/625
f 624/624/624 626/626/626 421/421/421
f 421/421/421 356/356/356 423/423/423
f 421/421/421 426/426/426 416/416/416
f 433/433/433 436/436/436 624/624/624
f 433/433/433 432/432/432 436/436/436
f 323/323/323 320/320/320 627/627/627
f 546/546/546 628/628/628 539/539/539
f 546/546/546 543/543/543 629/629/629
f 546/546/546 629/629/629 630/630/630
f 546/546/546 630/630/630 631/631/631
f 629/629/629 543/543/543 330/330/330
f 632/632/632 633/633/633 634/634/634
f 633/633/633 632/632/632 635/635/635
f 634/634/634 636/636/636 637/637/637
f 634/634/634 637/637/637 632/632/632
f 634/634/634 638/638/638 639/639/639
f 171/171/171 169/169/169 101/101/101
f 171/171/171 640/640/640 169/169/169
f 171/171/171 641/641/641 640/640/640
f 641/641/641 642/642/642 640/640/640
f 641/641/641 643/643/643 644/644/644
f 640/640/640 645/645/645 172/172/172
f 603/603/603 602/602/602 524/524/524
f 603/603/603 526/526/526 605/605/605
f 646/646/646 120/120/120 647/647/647
f 646/646/646 648/648/648 649/649/649
f 648/648/648 646/646/646 647/647/647
f 647/647/647 650/650/650 648/648/648
f 348/348/348 651/651/651 345/345/345
f 348/348/348 352/352/352 652/652/652
f 348/348/348 653/653/653 654/654/654
f 653/653/653 348/348/348 652/652/652
f 654/654/654 655/655/655 348/348/348
f 652/652/652 656/656/656 657/657/657
f 652/652/652 658/658/658 653/653/653
f 659/659/659 152/152/152 660/660/660
f 659/659/659 661/661/661 152/152/152
f 659/659/659 125/125/125 661/661/661
f 661/661/661 130/130/130 140/140/140
f 661/661/661 145/145/145 152/152/152
f 661/661/661 140/140/140 145/145/145
f 152/152/152 148/148/148 662/662/662
f 660/660/660 662/662/662 663/663/663
f 664/664/664 665/665/665 666/666/666
f 664/664/664 667/667/667 668/668/668
f 665/665/665 669/669/669 670/670/670
f 665/665/665 664/664/664 669/669/669
f 665/665/665 670/670/670 671/671/671
f 666/666/666 671/671/671 672/672/672
f 669/669/669 493/493/493 673/673/673
f 368/368/368 342/342/342 674/674/674
f 368/368/368 339/339/339 338/338/338
f 342/342/342 368/368/368 338/338/338
f 342/342/342 675/675/675 674/674/674
f 674/674/674 411/411/411 368/368/368
f 674/674/674 386/386/386 389/389/389
f 338/338/338 299/299/299 342/342/342
f 338/338/338 291/291/291 292/292/292
f 321/321/321 319/319/319 323/323/323
f 257/257/257 252/252/252 319/319/319
f 257/257/257 676/676/676 238/238/238
f 442/442/442 445/445/445 677/677/677
f 678/678/678 679/679/679 680/680/680
f 679/679/679 681/681/681 682/682/682
f 679/679/679 678/678/678 683/683/683
f 680/680/680 684/684/684 685/685/685
f 683/683/683 686/686/686 687/687/687
f 688/688/688 689/689/689 690/690/690
f 689/689/689 688/688/688 691/691/691
f 689/689/689 443/443/443 692/692/692
f 690/690/690 692/692/692 693/693/693
f 691/691/691 694/694/694 625/625/625
f 691/691/691 446/446/446 689/689/689
f 695/695/695 696/696/696 697/697/697
f 695/695/695 698/698/698 699/699/699
f 696/696/696 695/695/695 699/699/699
f 697/697/697 187/187/187 695/695/695
f 699/699/699 700/700/700 696/696/696
f 699/699/699 701/701/701 702/702/702
f 703/703/703 704/704/704 705/705/705
f 703/703/703 705/705/705 706/706/706
f 703/703/703 707/707/707 704/704/704
f 707/707/707 708/708/708 709/709/709
f 707/707/707 703/703/703 710/710/710
f 704/704/704 707/707/707 711/711/711
f 710/710/710 712/712/712 713/713/713
f 710/710/710 703/703/703 714/714/714
f 710/710/710 715/715/715 707/707/707
f 716/716/716 717/717/717 718/718/718
f 717/717/717 644/644/644 643/643/643
f 717/717/717 716/716/716 719/719/719
f 717/717/717 643/643/643 237/237/237
f 717/717/717 720/720/720 721/721/721
f 718/718/718 237/237/237 722/722/722
f 719/719/719 723/723/723 720/720/720
f 719/719/719 724/724/724 725/725/725
f 726/726/726 727/727/727 728/728/728
f 726/726/726 729/729/729 730/730/730
f 729/729/729 731/731/731 732/732/732
f 729/729/729 726/726/726 728/728/728
f 730/730/730 732/732/732 733/733/733
f 730/730/730 734/734/734 726/726/726
f 728/728/728 735/735/735 736/736/736
f 728/728/728 737/737/737 729/729/729
f 362/362/362 364/364/364 361/361/361
f 362/362/362 325/325/325 431/431/431
f 325/325/325 288/288/288 258/258/258
f 325/325/325 362/362/362 286/286/286
f 431/431/431 325/325/325 260/260/260
f 286/286/286 288/288/288 325/325/325
f 286/286/286 361/361/361 280/280/280
f 249/249/249 126/126/126 244/244/244
f 249/249/249 246/246/246 738/738/738
f 249/249/249 92/92/92 91/91/91
f 126/126/126 249/249/249 91/91/91
f 126/126/126 739/739/739 244/244/244
f 244/244/244 242/242/242 249/249/249
f 244/244/244 740/740/740 245/245/245
f 91/91/91 112/112/112 126/126/126
f 91/91/91 89/89/89 107/107/107
f 741/741/741 742/742/742 743/743/743
f 742/742/742 716/716/716 718/718/718
f 742/742/742 741/741/741 744/744/744
f 742/742/742 718/718/718 722/722/722
f 742/742/742 724/724/724 716/716/716
f 743/743/743 722/722/722 745/745/745
f 744/744/744 746/746/746 724/724/724
f 744/744/744 747/747/747 748/748/748
f 749/749/749 750/750/750 751/751/751
f 750/750/750 749/749/749 752/752/752
f 751/751/751 753/753/753 754/754/754
f 752/752/752 755/755/755 756/756/756
f 752/752/752 757/757/757 758/758/758
f 759/759/759 760/760/760 761/761/761
f 759/759/759 762/762/762 763/763/763
f 762/762/762 764/764/764 765/765/765
f 762/762/762 759/759/759 766/766/766
f 763/763/763 767/767/767 768/768/768
f 763/763/763 769/769/769 760/760/760
f 766/766/766 595/595/595 594/594/594
f 766/766/766 770/770/770 764/764/764
f 125/125/125 112/112/112 130/130/130
f 125/125/125 130/130/130 661/661/661
f 771/771/771 772/772/772 773/773/773
f 772/772/772 774/774/774 775/775/775
f 772/772/772 771/771/771 776/776/776
f 773/773/773 777/777/777 778/778/778
f 776/776/776 779/779/779 774/774/774
f 776/776/776 780/780/780 781/781/781
f 782/782/782 783/783/783 784/784/784
f 783/783/783 785/785/785 784/784/784
f 783/783/783 782/782/782 786/786/786
f 786/786/786 787/787/787 462/462/462
f 786/786/786 782/782/782 787/787/787
f 786/786/786 788/788/788 783/783/783
f 760/760/760 789/789/789 761/761/761
f 760/760/760 759/759/759 763/763/763
f 789/789/789 790/790/790 761/761/761
f 761/761/761 790/790/790 791/791/791
f 761/761/761 595/595/595 759/759/759
f 790/790/790 792/792/792 791/791/791
f 793/793/793 794/794/794 795/795/795
f 794/794/794 796/796/796 795/795/795
f 794/794/794 797/797/797 796/796/796
f 795/795/795 798/798/798 799/799/799
f 796/796/796 217/217/217 798/798/798
f 374/374/374 427/427/427 408/408/408
f 374/374/374 375/375/375 370/370/370
f 373/373/373 372/372/372 379/379/379
f 373/373/373 419/419/419 427/427/427
f 408/408/408 427/427/427 420/420/420
f 408/408/408 800/800/800 404/404/404
f 799/799/799 216/216/216 801/801/801
f 216/216/216 217/217/217 214/214/214
f 216/216/216 799/799/799 798/798/798
f 216/216/216 213/213/213 802/802/802
f 798/798/798 795/795/795 796/796/796
f 396/396/396 392/392/392 398/398/398
f 396/396/396 803/803/803 390/390/390
f 804/804/804 757/757/757 805/805/805
f 757/757/757 752/752/752 756/756/756
f 757/757/757 804/804/804 758/758/758
f 805/805/805 806/806/806 807/807/807
f 758/758/758 750/750/750 752/752/752
f 758/758/758 808/808/808 809/809/809
f 810/810/810 811/811/811 812/812/812
f 811/811/811 813/813/813 812/812/812
f 811/811/811 810/810/810 814/814/814
f 812/812/812 578/578/578 623/623/623
f 812/812/812 815/815/815 810/810/810
f 814/814/814 477/477/477 811/811/811
f 565/565/565 616/616/616 613/613/613
f 565/565/565 615/615/615 561/561/561
f 739/739/739 126/126/126 125/125/125
f 739/739/739 125/125/125 659/659/659
f 816/816/816 817/817/817 818/818/818
f 816/816/816 200/200/200 819/819/819
f 200/200/200 190/190/190 198/198/198
f 200/200/200 816/816/816 193/193/193
f 819/819/819 198/198/198 820/820/820
f 819/819/819 821/821/821 817/817/817
f 819/819/819 817/817/817 816/816/816
f 193/193/193 816/816/816 822/822/822
f 193/193/193 188/188/188 200/200/200
f 806/806/806 805/805/805 757/757/757
f 806/806/806 756/756/756 823/823/823
f 756/756/756 824/824/824 823/823/823
f 756/756/756 806/806/806 757/757/757
f 823/823/823 825/825/825 222/222/222
f 823/823/823 226/226/226 806/806/806
f 226/226/226 807/807/807 806/806/806
f 226/226/226 823/823/823 222/222/222
f 820/820/820 821/821/821 819/819/819
f 820/820/820 826/826/826 827/827/827
f 826/826/826 820/820/820 828/828/828
f 828/828/828 198/198/198 197/197/197
f 341/341/341 299/299/299 303/303/303
f 341/341/341 343/343/343 829/829/829
f 829/829/829 675/675/675 341/341/341
f 430/430/430 429/429/429 378/378/378
f 430/430/430 360/360/360 359/359/359
f 378/378/378 372/372/372 380/380/380
f 378/378/378 409/409/409 430/430/430
f 409/409/409 388/388/388 430/430/430
f 409/409/409 378/378/378 380/380/380
f 830/830/830 831/831/831 832/832/832
f 830/830/830 833/833/833 834/834/834
f 833/833/833 832/832/832 835/835/835
f 833/833/833 836/836/836 837/837/837
f 834/834/834 838/838/838 830/830/830
f 837/837/837 839/839/839 840/840/840
f 837/837/837 841/841/841 834/834/834
f 837/837/837 834/834/834 833/833/833
f 842/842/842 177/177/177 843/843/843
f 842/842/842 843/843/843 844/844/844
f 177/177/177 845/845/845 843/843/843
f 177/177/177 175/175/175 845/845/845
f 844/844/844 846/846/846 847/847/847
f 626/626/626 624/624/624 848/848/848
f 465/465/465 461/461/461 849/849/849
f 465/465/465 850/850/850 459/459/459
f 465/465/465 851/851/851 852/852/852
f 849/849/849 851/851/851 465/465/465
f 733/733/733 702/702/702 701/701/701
f 733/733/733 700/700/700 702/702/702
f 700/700/700 699/699/699 702/702/702
f 853/853/853 700/700/700 733/733/733
f 198/198/198 828/828/828 820/820/820
f 198/198/198 819/819/819 200/200/200
f 197/197/197 190/190/190 199/199/199
f 854/854/854 734/734/734 855/855/855
f 734/734/734 847/847/847 846/846/846
f 734/734/734 846/846/846 855/855/855
f 734/734/734 854/854/854 726/726/726
f 734/734/734 730/730/730 701/701/701
f 856/856/856 857/857/857 858/858/858
f 857/857/857 856/856/856 859/859/859
f 858/858/858 860/860/860 856/856/856
f 858/858/858 861/861/861 862/862/862
f 859/859/859 863/863/863 864/864/864
f 865/865/865 552/552/552 866/866/866
f 865/865/865 553/553/553 552/552/552
f 865/865/865 867/867/867 868/868/868
f 553/553/553 551/551/551 550/550/550
f 552/552/552 550/550/550 559/559/559
f 866/866/866 737/737/737 736/736/736
f 866/866/866 869/869/869 865/865/865
f 870/870/870 871/871/871 599/599/599
f 870/870/870 872/872/872 873/873/873
f 870/870/870 873/873/873 874/874/874
f 872/872/872 599/599/599 590/590/590
f 875/875/875 876/876/876 877/877/877
f 875/875/875 687/687/687 876/876/876
f 875/875/875 878/878/878 681/681/681
f 687/687/687 879/879/879 876/876/876
f 876/876/876 880/880/880 881/881/881
f 877/877/877 882/882/882 875/875/875
f 877/877/877 876/876/876 881/881/881
f 877/877/877 881/881/881 639/639/639
f 493/493/493 668/668/668 490/490/490
f 493/493/493 669/669/669 664/664/664
f 668/668/668 493/493/493 664/664/664
f 668/668/668 883/883/883 884/884/884
f 885/885/885 886/886/886 887/887/887
f 885/885/885 888/888/888 889/889/889
f 886/886/886 890/890/890 891/891/891
f 886/886/886 885/885/885 890/890/890
f 886/886/886 892/892/892 887/887/887
f 887/887/887 893/893/893 894/894/894
f 890/890/890 885/885/885 895/895/895
f 896/896/896 897/897/897 898/898/898
f 896/896/896 899/899/899 900/900/900
f 896/896/896 901/901/901 902/902/902
f 899/899/899 903/903/903 904/904/904
f 899/899/899 904/904/904 900/900/900
f 899/899/899 896/896/896 905/905/905
f 899/899/899 906/906/906 907/907/907
f 900/900/900 908/908/908 897/897/897
f 905/905/905 902/902/902 909/909/909
f 352/352/352 348/348/348 347/347/347
f 352/352/352 910/910/910 656/656/656
f 264/264/264 261/261/261 263/263/263
f 265/265/265 273/273/273 261/261/261
f 265/265/265 264/264/264 911/911/911
f 265/265/265 912/912/912 913/913/913
f 850/850/850 914/914/914 464/464/464
f 850/850/850 464/464/464 459/459/459
f 850/850/850 465/465/465 915/915/915
f 850/850/850 915/915/915 916/916/916
f 914/914/914 850/850/850 788/788/788
f 914/914/914 462/462/462 464/464/464
f 914/914/914 786/786/786 462/462/462
f 658/658/658 652/652/652 657/657/657
f 6/6/6 156/156/156 917/917/917
f 411/411/411 674/674/674 389/389/389
f 411/411/411 369/369/369 368/368/368
f 389/389/389 410/410/410 411/411/411
f 389/389/389 385/385/385 384/384/384
f 403/403/403 371/371/371 400/400/400
f 403/403/403 369/369/369 376/376/376
f 918/918/918 919/919/919 920/920/920
f 918/918/918 921/921/921 922/922/922
f 918/918/918 920/920/920 923/923/923
f 918/918/918 923/923/923 924/924/924
f 920/920/920 925/925/925 923/923/923
f 923/923/923 925/925/925 926/926/926
f 923/923/923 926/926/926 924/924/924
f 924/924/924 927/927/927 921/921/921
f 928/928/928 929/929/929 930/930/930
f 929/929/929 931/931/931 930/930/930
f 930/930/930 931/931/931 932/932/932
f 931/931/931 933/933/933 932/932/932
f 494/494/494 104/104/104 934/934/934
f 934/934/934 135/135/135 935/935/935
f 936/936/936 588/588/588 937/937/937
f 936/936/936 937/937/937 938/938/938
f 938/938/938 939/939/939 936/936/936
f 753/753/753 751/751/751 750/750/750
f 671/671/671 666/666/666 665/665/665
f 672/672/672 667/667/667 666/666/666
f 672/672/672 671/671/671 940/940/940
f 720/720/720 941/941/941 721/721/721
f 720/720/720 717/717/717 719/719/719
f 941/941/941 720/720/720 942/942/942
f 941/941/941 943/943/943 644/644/644
f 721/721/721 941/941/941 644/644/644
f 942/942/942 723/723/723 944/944/944
f 767/767/767 763/763/763 762/762/762
f 767/767/767 765/765/765 945/945/945
f 768/768/768 946/946/946 769/769/769
f 947/947/947 948/948/948 949/949/949
f 947/947/947 950/950/950 948/948/948
f 949/949/949 930/930/930 932/932/932
f 949/949/949 932/932/932 947/947/947
f 951/951/951 949/949/949 948/948/948
f 847/847/847 734/734/734 698/698/698
f 847/847/847 842/842/842 844/844/844
f 698/698/698 695/695/695 952/952/952
f 698/698/698 952/952/952 847/847/847
f 701/701/701 699/699/699 698/698/698
f 701/701/701 698/698/698 734/734/734
f 701/701/701 730/730/730 733/733/733
f 953/953/953 954/954/954 35/35/35
f 953/953/953 35/35/35 955/955/955
f 953/953/953 955/955/955 956/956/956
f 35/35/35 957/957/957 36/36/36
f 35/35/35 34/34/34 958/958/958
f 955/955/955 958/958/958 20/20/20
f 955/955/955 19/19/19 959/959/959
f 958/958/958 955/955/955 35/35/35
f 958/958/958 34/34/34 20/20/20
f 960/960/960 961/961/961 673/673/673
f 960/960/960 184/184/184 183/183/183
f 961/961/961 960/960/960 962/962/962
f 673/673/673 963/963/963 669/669/669
f 673/673/673 492/492/492 960/960/960
f 962/962/962 183/183/183 964/964/964
f 965/965/965 499/499/499 966/966/966
f 965/965/965 230/230/230 229/229/229
f 230/230/230 966/966/966 227/227/227
f 229/229/229 967/967/967 965/965/965
f 229/229/229 224/224/224 223/223/223
f 967/967/967 500/500/500 965/965/965
f 967/967/967 968/968/968 500/500/500
f 639/639/639 636/636/636 634/634/634
f 639/639/639 969/969/969 877/877/877
f 639/639/639 881/881/881 636/636/636
f 969/969/969 639/639/639 638/638/638
f 638/638/638 634/634/634 633/633/633
f 802/802/802 801/801/801 216/216/216
f 213/213/213 212/212/212 970/970/970
f 213/213/213 214/214/214 211/211/211
f 507/507/507 268/268/268 506/506/506
f 506/506/506 267/267/267 971/971/971
f 399/399/399 611/611/611 391/391/391
f 399/399/399 394/394/394 270/270/270
f 161/161/161 972/972/972 162/162/162
f 161/161/161 160/160/160 164/164/164
f 351/351/351 344/344/344 350/350/350
f 351/351/351 350/350/350 973/973/973
f 351/351/351 347/347/347 344/344/344
f 350/350/350 346/346/346 974/974/974
f 973/973/973 975/975/975 351/351/351
f 166/166/166 779/779/779 161/161/161
f 166/166/166 164/164/164 168/168/168
f 168/168/168 976/976/976 166/166/166
f 168/168/168 977/977/977 978/978/978
f 979/979/979 980/980/980 981/981/981
f 979/979/979 982/982/982 983/983/983
f 982/982/982 984/984/984 985/985/985
f 982/982/982 979/979/979 981/981/981
f 983/983/983 982/982/982 986/986/986
f 983/983/983 987/987/987 979/979/979
f 981/981/981 984/984/984 982/982/982
f 988/988/988 989/989/989 867/867/867
f 989/989/989 988/988/988 990/990/990
f 989/989/989 555/555/555 557/557/557
f 989/989/989 557/557/557 868/868/868
f 989/989/989 868/868/868 867/867/867
f 989/989/989 991/991/991 555/555/555
f 867/867/867 865/865/865 869/869/869
f 868/868/868 557/557/557 553/553/553
f 868/868/868 553/553/553 865/865/865
f 992/992/992 993/993/993 994/994/994
f 992/992/992 995/995/995 996/996/996
f 992/992/992 996/996/996 997/997/997
f 993/993/993 998/998/998 999/999/999
f 993/993/993 992/992/992 1000/1000/1000
f 993/993/993 1001/1001/1001 998/998/998
f 994/994/994 472/472/472 474/474/474
f 994/994/994 1002/1002/1002 995/995/995
f 1000/1000/1000 992/992/992 1003/1003/1003
f 917/917/917 238/238/238 676/676/676
f 797/797/797 794/794/794 1004/1004/1004
f 797/797/797 218/218/218 217/217/217
f 218/218/218 797/797/797 1005/1005/1005
f 217/217/217 216/216/216 798/798/798
f 217/217/217 796/796/796 797/797/797
f 217/217/217 215/215/215 214/214/214
f 1005/1005/1005 1004/1004/1004 1006/1006/1006
f 241/241/241 285/285/285 248/248/248
f 241/241/241 248/248/248 239/239/239
f 248/248/248 363/363/363 1007/1007/1007
f 248/248/248 1007/1007/1007 246/246/246
f 825/825/825 823/823/823 824/824/824
f 824/824/824 756/756/756 755/755/755
f 307/307/307 1008/1008/1008 316/316/316
f 1008/1008/1008 307/307/307 1009/1009/1009
f 316/316/316 304/304/304 307/307/307
f 1009/1009/1009 663/663/663 1008/1008/1008
f 379/379/379 419/419/419 373/373/373
f 379/379/379 429/429/429 428/428/428
f 428/428/428 357/357/357 419/419/419
f 1010/1010/1010 831/831/831 1011/1011/1011
f 1010/1010/1010 1011/1011/1011 1012/1012/1012
f 1011/1011/1011 830/830/830 838/838/838
f 1012/1012/1012 1013/1013/1013 1010/1010/1010
f 838/838/838 1012/1012/1012 1011/1011/1011
f 838/838/838 834/834/834 841/841/841
f 662/662/662 660/660/660 152/152/152
f 663/663/663 1009/1009/1009 660/660/660
f 472/472/472 999/999/999 473/473/473
f 472/472/472 993/993/993 999/999/999
f 472/472/472 994/994/994 993/993/993
f 999/999/999 1014/1014/1014 473/473/473
f 998/998/998 1014/1014/1014 999/999/999
f 966/966/966 230/230/230 965/965/965
f 966/966/966 499/499/499 498/498/498
f 227/227/227 966/966/966 1015/1015/1015
f 227/227/227 224/224/224 230/230/230
f 227/227/227 1016/1016/1016 228/228/228
f 293/293/293 247/247/247 296/296/296
f 293/293/293 290/290/290 240/240/240
f 894/894/894 885/885/885 887/887/887
f 894/894/894 1017/1017/1017 1018/1018/1018
f 1019/1019/1019 1018/1018/1018 1020/1020/1020
f 1019/1019/1019 1021/1021/1021 888/888/888
f 1019/1019/1019 885/885/885 894/894/894
f 436/436/436 435/435/435 625/625/625
f 435/435/435 446/446/446 691/691/691
f 625/625/625 435/435/435 691/691/691
f 1022/1022/1022 1023/1023/1023 1024/1024/1024
f 1022/1022/1022 1025/1025/1025 1023/1023/1023
f 1025/1025/1025 1026/1026/1026 1027/1027/1027
f 1025/1025/1025 1022/1022/1022 1028/1028/1028
f 1023/1023/1023 1027/1027/1027 831/831/831
f 1028/1028/1028 1029/1029/1029 1030/1030/1030
f 808/808/808 758/758/758 804/804/804
f 809/809/809 753/753/753 750/750/750
f 809/809/809 750/750/750 758/758/758
f 46/46/46 33/33/33 51/51/51
f 46/46/46 365/365/365 1031/1031/1031
f 47/47/47 154/154/154 14/14/14
f 47/47/47 1031/1031/1031 157/157/157
f 599/599/599 591/591/591 590/590/590
f 599/599/599 872/872/872 870/870/870
f 590/590/590 791/791/791 872/872/872
f 590/590/590 589/589/589 595/595/595
f 600/600/600 398/398/398 598/598/598
f 600/600/600 871/871/871 396/396/396
f 1032/1032/1032 1033/1033/1033 1034/1034/1034
f 1033/1033/1033 1032/1032/1032 568/568/568
f 1034/1034/1034 1035/1035/1035 1032/1032/1032
f 791/791/791 590/590/590 595/595/595
f 791/791/791 792/792/792 872/872/872
f 792/792/792 873/873/873 872/872/872
f 1036/1036/1036 764/764/764 1037/1037/1037
f 1036/1036/1036 765/765/765 764/764/764
f 765/765/765 767/767/767 762/762/762
f 764/764/764 762/762/762 766/766/766
f 1038/1038/1038 1039/1039/1039 765/765/765
f 1038/1038/1038 765/765/765 1036/1036/1036
f 777/777/777 775/775/775 1040/1040/1040
f 777/777/777 1041/1041/1041 778/778/778
f 777/777/777 773/773/773 772/772/772
f 644/644/644 943/943/943 641/641/641
f 644/644/644 717/717/717 721/721/721
f 943/943/943 642/642/642 641/641/641
f 642/642/642 1042/1042/1042 640/640/640
f 908/908/908 1043/1043/1043 897/897/897
f 908/908/908 900/900/900 1044/1044/1044
f 908/908/908 1045/1045/1045 1046/1046/1046
f 908/908/908 1044/1044/1044 1045/1045/1045
f 1043/1043/1043 898/898/898 897/897/897
f 1043/1043/1043 908/908/908 1046/1046/1046
f 897/897/897 896/896/896 900/900/900
f 1047/1047/1047 182/182/182 181/181/181
f 182/182/182 1047/1047/1047 1048/1048/1048
f 181/181/181 174/174/174 184/184/184
f 181/181/181 491/491/491 1047/1047/1047
f 580/580/580 570/570/570 573/573/573
f 579/579/579 1049/1049/1049 1050/1050/1050
f 579/579/579 813/813/813 1049/1049/1049
f 595/595/595 761/761/761 791/791/791
f 595/595/595 766/766/766 759/759/759
f 336/336/336 324/324/324 289/289/289
f 336/336/336 367/367/367 337/337/337
f 367/367/367 402/402/402 413/413/413
f 367/367/367 336/336/336 340/340/340
f 337/337/337 1051/1051/1051 322/322/322
f 337/337/337 367/367/367 413/413/413
f 413/413/413 1052/1052/1052 337/337/337
f 413/413/413 402/402/402 406/406/406
f 878/878/878 875/875/875 882/882/882
f 681/681/681 1053/1053/1053 682/682/682
f 681/681/681 683/683/683 687/687/687
f 681/681/681 687/687/687 875/875/875
f 681/681/681 679/679/679 683/683/683
f 882/882/882 877/877/877 969/969/969
f 247/247/247 297/297/297 296/296/296
f 247/247/247 293/293/293 243/243/243
f 740/740/740 244/244/244 739/739/739
f 740/740/740 739/739/739 1054/1054/1054
f 245/245/245 301/301/301 247/247/247
f 245/245/245 243/243/243 242/242/242
f 498/498/498 1015/1015/1015 966/966/966
f 499/499/499 965/965/965 500/500/500
f 499/499/499 497/497/497 496/496/496
f 271/271/271 394/394/394 393/393/393
f 271/271/271 1055/1055/1055 269/269/269
f 1055/1055/1055 271/271/271 393/393/393
f 1055/1055/1055 1056/1056/1056 1057/1057/1057
f 269/269/269 1055/1055/1055 1058/1058/1058
f 269/269/269 911/911/911 264/264/264
f 269/269/269 263/263/263 271/271/271
f 393/393/393 390/390/390 803/803/803
f 393/393/393 1056/1056/1056 1055/1055/1055
f 738/738/738 246/246/246 1007/1007/1007
f 1054/1054/1054 659/659/659 660/660/660
f 1054/1054/1054 660/660/660 1009/1009/1009
f 1054/1054/1054 739/739/739 659/659/659
f 1059/1059/1059 485/485/485 311/311/311
f 1059/1059/1059 314/314/314 1060/1060/1060
f 314/314/314 310/310/310 1061/1061/1061
f 314/314/314 1059/1059/1059 311/311/311
f 311/311/311 480/480/480 312/312/312
f 311/311/311 308/308/308 314/314/314
f 727/727/727 726/726/726 854/854/854
f 1044/1044/1044 900/900/900 904/904/904
f 785/785/785 783/783/783 1062/1062/1062
f 1062/1062/1062 788/788/788 1063/1063/1063
f 422/422/422 353/353/353 440/440/440
f 422/422/422 356/356/356 353/353/353
f 440/440/440 353/353/353 355/355/355
f 384/384/384 381/381/381 409/409/409
f 384/384/384 380/380/380 410/410/410
f 682/682/682 684/684/684 679/679/679
f 682/682/682 1064/1064/1064 1065/1065/1065
f 1064/1064/1064 682/682/682 1053/1053/1053
f 1064/1064/1064 1066/1066/1066 1067/1067/1067
f 1065/1065/1065 1068/1068/1068 684/684/684
f 1053/1053/1053 681/681/681 878/878/878
f 1069/1069/1069 1070/1070/1070 1071/1071/1071
f 1069/1069/1069 1006/1006/1006 1004/1004/1004
f 1006/1006/1006 1069/1069/1069 1072/1072/1072
f 1004/1004/1004 1073/1073/1073 1069/1069/1069
f 1004/1004/1004 1005/1005/1005 797/797/797
f 1072/1072/1072 1071/1071/1071 1074/1074/1074
f 505/505/505 503/503/503 502/502/502
f 505/505/505 1075/1075/1075 928/928/928
f 1075/1075/1075 929/929/929 928/928/928
f 724/724/724 742/742/742 744/744/744
f 724/724/724 719/719/719 716/716/716
f 724/724/724 746/746/746 1076/1076/1076
f 540/540/540 539/539/539 628/628/628
f 628/628/628 546/546/546 631/631/631
f 1077/1077/1077 75/75/75 1078/1078/1078
f 75/75/75 72/72/72 1079/1079/1079
f 75/75/75 1077/1077/1077 69/69/69
f 1078/1078/1078 75/75/75 1080/1080/1080
f 1068/1068/1068 1081/1081/1081 1082/1082/1082
f 1068/1068/1068 1083/1083/1083 1081/1081/1081
f 1068/1068/1068 1065/1065/1065 1067/1067/1067
f 1083/1083/1083 513/513/513 1084/1084/1084
f 1083/1083/1083 1084/1084/1084 1081/1081/1081
f 1083/1083/1083 1067/1067/1067 516/516/516
f 1082/1082/1082 685/685/685 684/684/684
f 1085/1085/1085 521/521/521 1086/1086/1086
f 1085/1085/1085 526/526/526 521/521/521
f 526/526/526 1087/1087/1087 1088/1088/1088
f 526/526/526 603/603/603 522/522/522
f 526/526/526 1085/1085/1085 1087/1087/1087
f 1089/1089/1089 1090/1090/1090 1091/1091/1091
f 1089/1089/1089 1092/1092/1092 1093/1093/1093
f 1090/1090/1090 1094/1094/1094 1095/1095/1095
f 1090/1090/1090 1089/1089/1089 1093/1093/1093
f 1090/1090/1090 1096/1096/1096 1094/1094/1094
f 1091/1091/1091 1097/1097/1097 1089/1089/1089
f 1091/1091/1091 1095/1095/1095 1098/1098/1098
f 1093/1093/1093 1096/1096/1096 1090/1090/1090
f 1093/1093/1093 1099/1099/1099 1100/1100/1100
f 737/737/737 728/728/728 736/736/736
f 737/737/737 559/559/559 731/731/731
f 737/737/737 866/866/866 552/552/552
f 736/736/736 1101/1101/1101 866/866/866
f 184/184/184 960/960/960 492/492/492
f 184/184/184 489/489/489 181/181/181
f 376/376/376 410/410/410 377/377/377
f 376/376/376 371/371/371 403/403/403
f 386/386/386 382/382/382 385/385/385
f 386/386/386 674/674/674 675/675/675
f 387/387/387 675/675/675 1102/1102/1102
f 1007/1007/1007 80/80/80 79/79/79
f 1007/1007/1007 92/92/92 738/738/738
f 1001/1001/1001 993/993/993 1000/1000/1000
f 1001/1001/1001 1103/1103/1103 998/998/998
f 1001/1001/1001 1000/1000/1000 1104/1104/1104
f 1105/1105/1105 1106/1106/1106 1040/1040/1040
f 1105/1105/1105 978/978/978 1107/1107/1107
f 1105/1105/1105 775/775/775 976/976/976
f 978/978/978 1108/1108/1108 1107/1107/1107
f 978/978/978 1105/1105/1105 976/976/976
f 1107/1107/1107 1106/1106/1106 1105/1105/1105
f 976/976/976 168/168/168 978/978/978
f 976/976/976 774/774/774 166/166/166
f 1079/1079/1079 72/72/72 77/77/77
f 1079/1079/1079 520/520/520 75/75/75
f 623/623/623 577/577/577 622/622/622
f 623/623/623 1109/1109/1109 815/815/815
f 578/578/578 573/573/573 577/577/577
f 578/578/578 812/812/812 813/813/813
f 622/622/622 576/576/576 1110/1110/1110
f 1111/1111/1111 891/891/891 1112/1112/1112
f 891/891/891 1111/1111/1111 886/886/886
f 891/891/891 1113/1113/1113 1114/1114/1114
f 1112/1112/1112 891/891/891 1115/1115/1115
f 1116/1116/1116 1098/1098/1098 1117/1117/1117
f 1098/1098/1098 1095/1095/1095 1118/1118/1118
f 1098/1098/1098 1119/1119/1119 1117/1117/1117
f 1098/1098/1098 1116/1116/1116 1091/1091/1091
f 1117/1117/1117 1119/1119/1119 1120/1120/1120
f 1021/1021/1021 1019/1019/1019 1020/1020/1020
f 1021/1021/1021 1121/1121/1121 888/888/888
f 888/888/888 885/885/885 1019/1019/1019
f 1020/1020/1020 1122/1122/1122 1021/1021/1021
f 1020/1020/1020 1123/1123/1123 1124/1124/1124
f 534/534/534 1125/1125/1125 581/581/581
f 534/534/534 536/536/536 1126/1126/1126
f 587/587/587 583/583/583 581/581/581
f 587/587/587 581/581/581 1125/1125/1125
f 775/775/775 1105/1105/1105 1040/1040/1040
f 775/775/775 777/777/777 772/772/772
f 1040/1040/1040 1041/1041/1041 777/777/777
f 803/803/803 396/396/396 871/871/871
f 803/803/803 1127/1127/1127 1056/1056/1056
f 871/871/871 600/600/600 599/599/599
f 871/871/871 870/870/870 1127/1127/1127
f 369/369/369 403/403/403 366/366/366
f 369/369/369 411/411/411 376/376/376
f 643/643/643 641/641/641 171/171/171
f 971/971/971 272/272/272 1128/1128/1128
f 157/157/157 158/158/158 154/154/154
f 259/259/259 255/255/255 158/158/158
f 259/259/259 157/157/157 1031/1031/1031
f 1031/1031/1031 47/47/47 46/46/46
f 1031/1031/1031 431/431/431 259/259/259
f 1031/1031/1031 362/362/362 431/431/431
f 815/815/815 812/812/812 623/623/623
f 1129/1129/1129 970/970/970 212/212/212
f 970/970/970 802/802/802 213/213/213
f 212/212/212 508/508/508 1129/1129/1129
f 212/212/212 211/211/211 221/221/221
f 508/508/508 221/221/221 510/510/510
f 508/508/508 1130/1130/1130 1131/1131/1131
f 932/932/932 933/933/933 204/204/204
f 932/932/932 208/208/208 947/947/947
f 933/933/933 205/205/205 204/204/204
f 881/881/881 1132/1132/1132 636/636/636
f 636/636/636 1133/1133/1133 637/637/637
f 598/598/598 591/591/591 600/600/600
f 598/598/598 596/596/596 592/592/592
f 596/596/596 593/593/593 592/592/592
f 596/596/596 598/598/598 612/612/612
f 612/612/612 398/398/398 397/397/397
f 1131/1131/1131 1130/1130/1130 621/621/621
f 1131/1131/1131 1129/1129/1129 508/508/508
f 1130/1130/1130 510/510/510 620/620/620
f 1130/1130/1130 618/618/618 621/621/621
f 138/138/138 1134/1134/1134 1135/1135/1135
f 138/138/138 134/134/134 569/569/569
f 569/569/569 568/568/568 1032/1032/1032
f 586/586/586 583/583/583 936/936/936
f 586/586/586 936/936/936 939/939/939
f 586/586/586 1136/1136/1136 584/584/584
f 586/586/586 939/939/939 1137/1137/1137
f 1136/1136/1136 1138/1138/1138 584/584/584
f 1136/1136/1136 586/586/586 1137/1137/1137
f 584/584/584 582/582/582 586/586/586
f 779/779/779 776/776/776 781/781/781
f 779/779/779 166/166/166 774/774/774
f 774/774/774 772/772/772 776/776/776
f 774/774/774 976/976/976 775/775/775
f 818/818/818 822/822/822 816/816/816
f 1139/1139/1139 818/818/818 817/817/817
f 723/723/723 725/725/725 1076/1076/1076
f 723/723/723 719/719/719 725/725/725
f 723/723/723 942/942/942 720/720/720
f 944/944/944 1140/1140/1140 1141/1141/1141
f 1142/1142/1142 1143/1143/1143 1144/1144/1144
f 1142/1142/1142 1145/1145/1145 1146/1146/1146
f 1143/1143/1143 1142/1142/1142 1147/1147/1147
f 1144/1144/1144 1145/1145/1145 1142/1142/1142
f 1147/1147/1147 1142/1142/1142 1148/1148/1148
f 1149/1149/1149 983/983/983 986/986/986
f 986/986/986 1150/1150/1150 1151/1151/1151
f 986/986/986 1152/1152/1152 1153/1153/1153
f 986/986/986 1153/1153/1153 1149/1149/1149
f 1153/1153/1153 1152/1152/1152 1154/1154/1154
f 1153/1153/1153 1154/1154/1154 1149/1149/1149
f 25/25/25 23/23/23 18/18/18
f 25/25/25 20/20/20 38/38/38
f 20/20/20 25/25/25 18/18/18
f 20/20/20 19/19/19 955/955/955
f 715/715/715 1155/1155/1155 708/708/708
f 715/715/715 710/710/710 713/713/713
f 713/713/713 1156/1156/1156 715/715/715
f 713/713/713 1157/1157/1157 1158/1158/1158
f 1159/1159/1159 208/208/208 207/207/207
f 1159/1159/1159 207/207/207 1160/1160/1160
f 208/208/208 932/932/932 204/204/204
f 208/208/208 1159/1159/1159 950/950/950
f 208/208/208 950/950/950 947/947/947
f 207/207/207 206/206/206 1161/1161/1161
f 207/207/207 204/204/204 206/206/206
f 412/412/412 406/406/406 405/405/405
f 405/405/405 401/401/401 407/407/407
f 365/365/365 362/362/362 1031/1031/1031
f 365/365/365 64/64/64 364/364/364
f 185/185/185 180/180/180 187/187/187
f 178/178/178 176/176/176 180/180/180
f 187/187/187 952/952/952 695/695/695
f 187/187/187 697/697/697 185/185/185
f 1162/1162/1162 731/731/731 559/559/559
f 731/731/731 729/729/729 737/737/737
f 731/731/731 1163/1163/1163 732/732/732
f 731/731/731 1162/1162/1162 1164/1164/1164
f 559/559/559 737/737/737 552/552/552
f 559/559/559 554/554/554 1162/1162/1162
f 1164/1164/1164 1163/1163/1163 731/731/731
f 183/183/183 176/176/176 964/964/964
f 183/183/183 962/962/962 960/960/960
f 183/183/183 174/174/174 176/176/176
f 964/964/964 176/176/176 179/179/179
f 1049/1049/1049 1165/1165/1165 1166/1166/1166
f 1049/1049/1049 1166/1166/1166 1167/1167/1167
f 1165/1165/1165 1049/1049/1049 813/813/813
f 1165/1165/1165 477/477/477 468/468/468
f 1166/1166/1166 468/468/468 467/467/467
f 813/813/813 811/811/811 1165/1165/1165
f 813/813/813 579/579/579 578/578/578
f 487/487/487 480/480/480 486/486/486
f 486/486/486 485/485/485 1168/1168/1168
f 1169/1169/1169 1170/1170/1170 1060/1060/1060
f 1169/1169/1169 1171/1171/1171 1170/1170/1170
f 1170/1170/1170 1172/1172/1172 1059/1059/1059
f 1170/1170/1170 1059/1059/1059 1060/1060/1060
f 1171/1171/1171 1173/1173/1173 1174/1174/1174
f 1171/1171/1171 1174/1174/1174 1170/1170/1170
f 1172/1172/1172 1175/1175/1175 1059/1059/1059
f 1175/1175/1175 1176/1176/1176 1177/1177/1177
f 1175/1175/1175 1172/1172/1172 1178/1178/1178
f 1178/1178/1178 1179/1179/1179 1176/1176/1176
f 1178/1178/1178 1180/1180/1180 1181/1181/1181
f 712/712/712 710/710/710 714/714/714
f 170/170/170 233/233/233 235/235/235
f 170/170/170 237/237/237 643/643/643
f 170/170/170 643/643/643 171/171/171
f 170/170/170 97/97/97 233/233/233
f 97/97/97 236/236/236 233/233/233
f 97/97/97 170/170/170 101/101/101
f 912/912/912 265/265/265 1182/1182/1182
f 913/913/913 1076/1076/1076 273/273/273
f 913/913/913 1141/1141/1141 1140/1140/1140
f 446/446/446 443/443/443 689/689/689
f 301/301/301 740/740/740 306/306/306
f 301/301/301 245/245/245 740/740/740
f 306/306/306 740/740/740 1054/1054/1054
f 306/306/306 1009/1009/1009 307/307/307
f 306/306/306 1054/1054/1054 1009/1009/1009
f 836/836/836 833/833/833 1183/1183/1183
f 839/839/839 837/837/837 836/836/836
f 1080/1080/1080 75/75/75 520/520/520
f 1080/1080/1080 520/520/520 518/518/518
f 520/520/520 1079/1079/1079 519/519/519
f 519/519/519 515/515/515 520/520/520
f 519/519/519 1079/1079/1079 1184/1184/1184
f 512/512/512 519/519/519 1185/1185/1185
f 512/512/512 511/511/511 515/515/515
f 194/194/194 193/193/193 1186/1186/1186
f 1186/1186/1186 1187/1187/1187 194/194/194
f 822/822/822 1186/1186/1186 193/193/193
f 1113/1113/1113 891/891/891 890/890/890
f 1113/1113/1113 1188/1188/1188 1189/1189/1189
f 1113/1113/1113 890/890/890 895/895/895
f 895/895/895 1188/1188/1188 1113/1113/1113
f 1188/1188/1188 1190/1190/1190 1191/1191/1191
f 1188/1188/1188 1192/1192/1192 1190/1190/1190
f 980/980/980 1193/1193/1193 981/981/981
f 980/980/980 979/979/979 1194/1194/1194
f 1194/1194/1194 987/987/987 1195/1195/1195
f 1126/1126/1126 1125/1125/1125 534/534/534
f 1126/1126/1126 1196/1196/1196 1125/1125/1125
f 861/861/861 858/858/858 857/857/857
f 862/862/862 1197/1197/1197 858/858/858
f 862/862/862 861/861/861 1198/1198/1198
f 1199/1199/1199 1200/1200/1200 909/909/909
f 1199/1199/1199 909/909/909 1201/1201/1201
f 1200/1200/1200 1199/1199/1199 1202/1202/1202
f 1200/1200/1200 1202/1202/1202 1203/1203/1203
f 909/909/909 906/906/906 905/905/905
f 889/889/889 895/895/895 885/885/885
f 889/889/889 1192/1192/1192 895/895/895
f 889/889/889 888/888/888 1204/1204/1204
f 1204/1204/1204 888/888/888 1121/1121/1121
f 1121/1121/1121 1021/1021/1021 1205/1205/1205
f 1121/1121/1121 1206/1206/1206 1204/1204/1204
f 1140/1140/1140 944/944/944 723/723/723
f 1140/1140/1140 723/723/723 1076/1076/1076
f 1076/1076/1076 913/913/913 1140/1140/1140
f 1076/1076/1076 725/725/725 724/724/724
f 1207/1207/1207 1024/1024/1024 1010/1010/1010
f 1207/1207/1207 1010/1010/1010 1013/1013/1013
f 1207/1207/1207 1013/1013/1013 1208/1208/1208
f 1013/1013/1013 1209/1209/1209 1210/1210/1210
f 1013/1013/1013 1211/1211/1211 1209/1209/1209
f 504/504/504 495/495/495 502/502/502
f 504/504/504 503/503/503 951/951/951
f 503/503/503 949/949/949 951/951/951
f 503/503/503 505/505/505 928/928/928
f 503/503/503 930/930/930 949/949/949
f 503/503/503 928/928/928 930/930/930
f 44/44/44 26/26/26 25/25/25
f 44/44/44 25/25/25 37/37/37
f 317/317/317 305/305/305 304/304/304
f 484/484/484 315/315/315 483/483/483
f 484/484/484 1212/1212/1212 1213/1213/1213
f 483/483/483 574/574/574 484/484/484
f 483/483/483 1214/1214/1214 575/575/575
f 1018/1018/1018 1019/1019/1019 894/894/894
f 1018/1018/1018 1215/1215/1215 1123/1123/1123
f 1216/1216/1216 1217/1217/1217 467/467/467
f 1216/1216/1216 529/529/529 530/530/530
f 467/467/467 1167/1167/1167 1166/1166/1166
f 467/467/467 529/529/529 1216/1216/1216
f 467/467/467 466/466/466 529/529/529
f 1152/1152/1152 1218/1218/1218 1219/1219/1219
f 1152/1152/1152 986/986/986 1151/1151/1151
f 1152/1152/1152 1151/1151/1151 1218/1218/1218
f 191/191/191 188/188/188 194/194/194
f 191/191/191 194/194/194 1187/1187/1187
f 1187/1187/1187 1220/1220/1220 191/191/191
f 1122/1122/1122 1205/1205/1205 1021/1021/1021
f 1122/1122/1122 1020/1020/1020 1124/1124/1124
f 1097/1097/1097 1091/1091/1091 1116/1116/1116
f 1097/1097/1097 1221/1221/1221 1089/1089/1089
f 1097/1097/1097 1116/1116/1116 1222/1222/1222
f 604/604/604 1223/1223/1223 528/528/528
f 604/604/604 1224/1224/1224 1225/1225/1225
f 604/604/604 1225/1225/1225 1226/1226/1226
f 604/604/604 524/524/524 601/601/601
f 604/604/604 601/601/601 1224/1224/1224
f 1224/1224/1224 608/608/608 1227/1227/1227
f 1225/1225/1225 1224/1224/1224 1228/1228/1228
f 594/594/594 593/593/593 770/770/770
f 223/223/223 222/222/222 825/825/825
f 800/800/800 408/408/408 425/425/425
f 425/425/425 420/420/420 424/424/424
f 574/574/574 483/483/483 575/575/575
f 574/574/574 571/571/571 1212/1212/1212
f 575/575/575 572/572/572 574/574/574
f 575/575/575 1110/1110/1110 576/576/576
f 968/968/968 1229/1229/1229 501/501/501
f 968/968/968 501/501/501 500/500/500
f 500/500/500 497/497/497 499/499/499
f 692/692/692 690/690/690 689/689/689
f 468/468/468 1166/1166/1166 1165/1165/1165
f 468/468/468 471/471/471 466/466/466
f 477/477/477 814/814/814 475/475/475
f 477/477/477 1165/1165/1165 811/811/811
f 274/274/274 748/748/748 272/272/272
f 748/748/748 274/274/274 746/746/746
f 748/748/748 1128/1128/1128 272/272/272
f 272/272/272 266/266/266 274/274/274
f 272/272/272 971/971/971 267/267/267
f 746/746/746 744/744/744 748/748/748
f 746/746/746 274/274/274 273/273/273
f 1230/1230/1230 1109/1109/1109 1110/1110/1110
f 1230/1230/1230 1214/1214/1214 1231/1231/1231
f 1109/1109/1109 622/622/622 1110/1110/1110
f 1109/1109/1109 623/623/623 622/622/622
f 1110/1110/1110 575/575/575 1214/1214/1214
f 80/80/80 1007/1007/1007 363/363/363
f 80/80/80 364/364/364 64/64/64
f 64/64/64 365/365/365 55/55/55
f 64/64/64 66/66/66 80/80/80
f 945/945/945 765/765/765 1039/1039/1039
f 36/36/36 1232/1232/1232 40/40/40
f 36/36/36 40/40/40 34/34/34
f 1095/1095/1095 1091/1091/1091 1090/1090/1090
f 1095/1095/1095 1233/1233/1233 1234/1234/1234
f 1056/1056/1056 1127/1127/1127 1235/1235/1235
f 1056/1056/1056 1235/1235/1235 1057/1057/1057
f 1056/1056/1056 393/393/393 803/803/803
f 1127/1127/1127 874/874/874 1235/1235/1235
f 1127/1127/1127 870/870/870 874/874/874
f 1127/1127/1127 803/803/803 871/871/871
f 1057/1057/1057 1058/1058/1058 1055/1055/1055
f 501/501/501 502/502/502 497/497/497
f 1236/1236/1236 1183/1183/1183 835/835/835
f 1236/1236/1236 1237/1237/1237 1238/1238/1238
f 1183/1183/1183 1236/1236/1236 1238/1238/1238
f 835/835/835 1183/1183/1183 833/833/833
f 835/835/835 1027/1027/1027 1236/1236/1236
f 555/555/555 551/551/551 557/557/557
f 516/516/516 1067/1067/1067 1066/1066/1066
f 516/516/516 513/513/513 1083/1083/1083
f 1067/1067/1067 1065/1065/1065 1064/1064/1064
f 1067/1067/1067 1083/1083/1083 1068/1068/1068
f 1066/1066/1066 517/517/517 516/516/516
f 517/517/517 514/514/514 511/511/511
f 1058/1058/1058 1239/1239/1239 269/269/269
f 270/270/270 268/268/268 399/399/399
f 270/270/270 263/263/263 262/262/262
f 694/694/694 624/624/624 625/625/625
f 694/694/694 848/848/848 624/624/624
f 694/694/694 691/691/691 688/688/688
f 732/732/732 730/730/730 729/729/729
f 732/732/732 853/853/853 733/733/733
f 911/911/911 1182/1182/1182 265/265/265
f 911/911/911 269/269/269 1239/1239/1239
f 755/755/755 752/752/752 749/749/749
f 485/485/485 1175/1175/1175 1168/1168/1168
f 485/485/485 1059/1059/1059 1175/1175/1175
f 1168/1168/1168 1175/1175/1175 1177/1177/1177
f 1119/1119/1119 1098/1098/1098 1118/1118/1118
f 475/475/475 471/471/471 477/477/477
f 1240/1240/1240 985/985/985 984/984/984
f 1240/1240/1240 1241/1241/1241 1242/1242/1242
f 1241/1241/1241 1240/1240/1240 1243/1243/1243
f 1242/1242/1242 1241/1241/1241 1244/1244/1244
f 1242/1242/1242 985/985/985 1240/1240/1240
f 1243/1243/1243 1240/1240/1240 1245/1245/1245
f 860/860/860 1246/1246/1246 856/856/856
f 860/860/860 858/858/858 1197/1197/1197
f 1197/1197/1197 1247/1247/1247 860/860/860
f 1197/1197/1197 862/862/862 925/925/925
f 616/616/616 565/565/565 1248/1248/1248
f 880/880/880 876/876/876 879/879/879
f 879/879/879 687/687/687 686/686/686
f 530/530/530 473/473/473 1014/1014/1014
f 1016/1016/1016 227/227/227 1249/1249/1249
f 1250/1250/1250 1251/1251/1251 1252/1252/1252
f 1251/1251/1251 1250/1250/1250 1253/1253/1253
f 915/915/915 1254/1254/1254 1255/1255/1255
f 915/915/915 852/852/852 1256/1256/1256
f 916/916/916 1063/1063/1063 788/788/788
f 916/916/916 1257/1257/1257 1258/1258/1258
f 916/916/916 915/915/915 1255/1255/1255
f 231/231/231 225/225/225 232/232/232
f 232/232/232 228/228/228 1016/1016/1016
f 1167/1167/1167 1050/1050/1050 1049/1049/1049
f 1167/1167/1167 467/467/467 1217/1217/1217
f 1050/1050/1050 580/580/580 579/579/579
f 1084/1084/1084 513/513/513 1259/1259/1259
f 513/513/513 512/512/512 1259/1259/1259
f 513/513/513 516/516/516 511/511/511
f 1259/1259/1259 512/512/512 1185/1185/1185
f 1212/1212/1212 484/484/484 574/574/574
f 273/273/273 265/265/265 913/913/913
f 273/273/273 1076/1076/1076 746/746/746
f 273/273/273 266/266/266 261/261/261
f 869/869/869 866/866/866 1101/1101/1101
f 1260/1260/1260 1261/1261/1261 1262/1262/1262
f 1261/1261/1261 1263/1263/1263 1262/1262/1262
f 1261/1261/1261 1264/1264/1264 1263/1263/1263
f 1261/1261/1261 1146/1146/1146 1264/1264/1264
f 1262/1262/1262 1263/1263/1263 1173/1173/1173
f 1263/1263/1263 1180/1180/1180 1174/1174/1174
f 1263/1263/1263 1264/1264/1264 1180/1180/1180
f 544/544/544 1265/1265/1265 545/545/545
f 544/544/544 541/541/541 548/548/548
f 545/545/545 331/331/331 542/542/542
f 545/545/545 1266/1266/1266 332/332/332
f 331/331/331 330/330/330 543/543/543
f 331/331/331 332/332/332 327/327/327
f 92/92/92 249/249/249 738/738/738
f 92/92/92 1007/1007/1007 79/79/79
f 1027/1027/1027 1023/1023/1023 1025/1025/1025
f 1027/1027/1027 1267/1267/1267 1236/1236/1236
f 1027/1027/1027 835/835/835 832/832/832
f 684/684/684 682/682/682 1065/1065/1065
f 684/684/684 1068/1068/1068 1082/1082/1082
f 684/684/684 680/680/680 679/679/679
f 492/492/492 490/490/490 489/489/489
f 492/492/492 673/673/673 493/493/493
f 686/686/686 683/683/683 678/678/678
f 1268/1268/1268 1269/1269/1269 646/646/646
f 1268/1268/1268 646/646/646 1270/1270/1270
f 1268/1268/1268 1270/1270/1270 1271/1271/1271
f 1270/1270/1270 646/646/646 649/649/649
f 1272/1272/1272 1273/1273/1273 1274/1274/1274
f 1272/1272/1272 1274/1274/1274 1275/1275/1275
f 1273/1273/1273 330/330/330 335/335/335
f 1273/1273/1273 1272/1272/1272 629/629/629
f 1274/1274/1274 1273/1273/1273 335/335/335
f 1274/1274/1274 335/335/335 1276/1276/1276
f 1274/1274/1274 1276/1276/1276 1277/1277/1277
f 1211/1211/1211 1013/1013/1013 1012/1012/1012
f 330/330/330 327/327/327 329/329/329
f 330/330/330 1273/1273/1273 629/629/629
f 509/509/509 1278/1278/1278 620/620/620
f 509/509/509 620/620/620 510/510/510
f 510/510/510 1130/1130/1130 508/508/508
f 585/585/585 535/535/535 582/582/582
f 585/585/585 1279/1279/1279 1280/1280/1280
f 1264/1264/1264 1146/1146/1146 1145/1145/1145
f 1264/1264/1264 1181/1181/1181 1180/1180/1180
f 1180/1180/1180 1178/1178/1178 1172/1172/1172
f 1174/1174/1174 1180/1180/1180 1172/1172/1172
f 1174/1174/1174 1172/1172/1172 1170/1170/1170
f 898/898/898 1043/1043/1043 1281/1281/1281
f 1281/1281/1281 901/901/901 898/898/898
f 670/670/670 669/669/669 963/963/963
f 963/963/963 673/673/673 961/961/961
f 906/906/906 1282/1282/1282 907/907/907
f 906/906/906 899/899/899 905/905/905
f 906/906/906 909/909/909 1200/1200/1200
f 906/906/906 1200/1200/1200 1283/1283/1283
f 1133/1133/1133 636/636/636 1132/1132/1132
f 1132/1132/1132 881/881/881 880/880/880
f 1284/1284/1284 1285/1285/1285 1286/1286/1286
f 1284/1284/1284 1286/1286/1286 1287/1287/1287
f 1286/1286/1286 1285/1285/1285 1288/1288/1288
f 1286/1286/1286 1288/1288/1288 1289/1289/1289
f 1287/1287/1287 1286/1286/1286 991/991/991
f 1287/1287/1287 991/991/991 990/990/990
f 1287/1287/1287 1290/1290/1290 1284/1284/1284
f 116/116/116 114/114/114 1269/1269/1269
f 116/116/116 1291/1291/1291 1292/1292/1292
f 1269/1269/1269 1291/1291/1291 116/116/116
f 1269/1269/1269 1268/1268/1268 1293/1293/1293
f 120/120/120 1269/1269/1269 114/114/114
f 120/120/120 119/119/119 650/650/650
f 120/120/120 646/646/646 1269/1269/1269
f 462/462/462 787/787/787 463/463/463
f 462/462/462 460/460/460 464/464/464
f 463/463/463 787/787/787 1294/1294/1294
f 55/55/55 365/365/365 46/46/46
f 366/366/366 403/403/403 402/402/402
f 366/366/366 339/339/339 369/369/369
f 1213/1213/1213 309/309/309 313/313/313
f 1213/1213/1213 313/313/313 484/484/484
f 186/186/186 177/177/177 842/842/842
f 186/186/186 180/180/180 173/173/173
f 186/186/186 173/173/173 177/177/177
f 841/841/841 1295/1295/1295 838/838/838
f 841/841/841 837/837/837 840/840/840
f 1295/1295/1295 1012/1012/1012 838/838/838
f 1295/1295/1295 1211/1211/1211 1012/1012/1012
f 1002/1002/1002 994/994/994 474/474/474
f 474/474/474 478/478/478 1002/1002/1002
f 474/474/474 470/470/470 469/469/469
f 995/995/995 992/992/992 994/994/994
f 1015/1015/1015 1249/1249/1249 227/227/227
f 196/196/196 190/190/190 189/189/189
f 747/747/747 744/744/744 741/741/741
f 478/478/478 469/469/469 471/471/471
f 478/478/478 474/474/474 469/469/469
f 119/119/119 114/114/114 118/118/118
f 119/119/119 123/123/123 1296/1296/1296
f 123/123/123 118/118/118 122/122/122
f 1296/1296/1296 650/650/650 119/119/119
f 650/650/650 1296/1296/1296 1297/1297/1297
f 650/650/650 647/647/647 120/120/120
f 1051/1051/1051 337/337/337 1052/1052/1052
f 1051/1051/1051 627/627/627 320/320/320
f 1051/1051/1051 320/320/320 322/322/322
f 1298/1298/1298 1073/1073/1073 793/793/793
f 1073/1073/1073 1004/1004/1004 794/794/794
f 1073/1073/1073 794/794/794 793/793/793
f 426/426/426 421/421/421 626/626/626
f 1163/1163/1163 853/853/853 732/732/732
f 40/40/40 41/41/41 39/39/39
f 40/40/40 1299/1299/1299 1300/1300/1300
f 41/41/41 40/40/40 1300/1300/1300
f 41/41/41 1301/1301/1301 42/42/42
f 1300/1300/1300 1302/1302/1302 1303/1303/1303
f 1300/1300/1300 1301/1301/1301 41/41/41
f 26/26/26 44/44/44 1304/1304/1304
f 1304/1304/1304 43/43/43 1305/1305/1305
f 1283/1283/1283 1306/1306/1306 906/906/906
f 1052/1052/1052 413/413/413 412/412/412
f 175/175/175 1048/1048/1048 845/845/845
f 175/175/175 182/182/182 1048/1048/1048
f 884/884/884 490/490/490 668/668/668
f 884/884/884 488/488/488 490/490/490
f 96/96/96 95/95/95 99/99/99
f 1307/1307/1307 1116/1116/1116 1117/1117/1117
f 1307/1307/1307 1222/1222/1222 1116/1116/1116
f 1307/1307/1307 1120/1120/1120 1308/1308/1308
f 1307/1307/1307 1117/1117/1117 1120/1120/1120
f 1120/1120/1120 1309/1309/1309 1310/1310/1310
f 1173/1173/1173 1263/1263/1263 1174/1174/1174
f 1092/1092/1092 1089/1089/1089 1221/1221/1221
f 1221/1221/1221 1097/1097/1097 1311/1311/1311
f 1070/1070/1070 1073/1073/1073 1298/1298/1298
f 1070/1070/1070 1069/1069/1069 1073/1073/1073
f 1071/1071/1071 1072/1072/1072 1069/1069/1069
f 1100/1100/1100 1312/1312/1312 1313/1313/1313
f 1100/1100/1100 1314/1314/1314 1096/1096/1096
f 1312/1312/1312 1100/1100/1100 1099/1099/1099
f 1099/1099/1099 1093/1093/1093 1092/1092/1092
f 987/987/987 1194/1194/1194 979/979/979
f 987/987/987 983/983/983 1149/1149/1149
f 987/987/987 1315/1315/1315 1195/1195/1195
f 1205/1205/1205 1122/1122/1122 1316/1316/1316
f 1205/1205/1205 1317/1317/1317 1318/1318/1318
f 1205/1205/1205 1319/1319/1319 1121/1121/1121
f 1205/1205/1205 1316/1316/1316 1317/1317/1317
f 1319/1319/1319 1205/1205/1205 1318/1318/1318
f 675/675/675 829/829/829 1102/1102/1102
f 675/675/675 342/342/342 341/341/341
f 675/675/675 387/387/387 386/386/386
f 781/781/781 972/972/972 779/779/779
f 781/781/781 1320/1320/1320 1321/1321/1321
f 972/972/972 161/161/161 779/779/779
f 972/972/972 781/781/781 1321/1321/1321
f 1247/1247/1247 1197/1197/1197 920/920/920
f 1247/1247/1247 920/920/920 919/919/919
f 1247/1247/1247 1322/1322/1322 860/860/860
f 1322/1322/1322 1247/1247/1247 1323/1323/1323
f 1323/1323/1323 919/919/919 1324/1324/1324
f 1037/1037/1037 764/764/764 770/770/770
f 770/770/770 766/766/766 594/594/594
f 556/556/556 991/991/991 1289/1289/1289
f 556/556/556 1325/1325/1325 558/558/558
f 991/991/991 989/989/989 990/990/990
f 991/991/991 556/556/556 555/555/555
f 991/991/991 1286/1286/1286 1289/1289/1289
f 605/605/605 602/602/602 603/603/603
f 605/605/605 1326/1326/1326 606/606/606
f 605/605/605 1088/1088/1088 1327/1327/1327
f 1326/1326/1326 605/605/605 1328/1328/1328
f 1326/1326/1326 1329/1329/1329 606/606/606
f 1232/1232/1232 36/36/36 957/957/957
f 957/957/957 35/35/35 954/954/954
f 1024/1024/1024 1023/1023/1023 831/831/831
f 1024/1024/1024 1207/1207/1207 1330/1330/1330
f 1330/1330/1330 1022/1022/1022 1024/1024/1024
f 1330/1330/1330 1207/1207/1207 1331/1331/1331
f 201/201/201 203/203/203 1332/1332/1332
f 201/201/201 192/192/192 203/203/203
f 203/203/203 202/202/202 1333/1333/1333
f 1254/1254/1254 1256/1256/1256 1334/1334/1334
f 1254/1254/1254 915/915/915 1256/1256/1256
f 1256/1256/1256 852/852/852 1335/1335/1335
f 990/990/990 1336/1336/1336 1287/1287/1287
f 1094/1094/1094 1337/1337/1337 1233/1233/1233
f 1337/1337/1337 1094/1094/1094 1314/1314/1314
f 1233/1233/1233 1095/1095/1095 1094/1094/1094
f 1338/1338/1338 1233/1233/1233 1337/1337/1337
f 832/832/832 833/833/833 830/830/830
f 722/722/722 234/234/234 745/745/745
f 722/722/722 235/235/235 234/234/234
f 722/722/722 743/743/743 742/742/742
f 481/481/481 479/479/479 487/487/487
f 482/482/482 1231/1231/1231 1214/1214/1214
f 482/482/482 315/315/315 479/479/479
f 1214/1214/1214 483/483/483 482/482/482
f 1214/1214/1214 1230/1230/1230 1110/1110/1110
f 1267/1267/1267 1027/1027/1027 1026/1026/1026
f 1223/1223/1223 525/525/525 528/528/528
f 1223/1223/1223 527/527/527 525/525/525
f 1223/1223/1223 604/604/604 1226/1226/1226
f 527/527/527 1339/1339/1339 523/523/523
f 952/952/952 186/186/186 842/842/842
f 952/952/952 187/187/187 186/186/186
f 952/952/952 842/842/842 847/847/847
f 1246/1246/1246 860/860/860 1322/1322/1322
f 77/77/77 73/73/73 1340/1340/1340
f 1340/1340/1340 73/73/73 1341/1341/1341
f 1342/1342/1342 1070/1070/1070 1298/1298/1298
f 984/984/984 1245/1245/1245 1240/1240/1240
f 984/984/984 981/981/981 1343/1343/1343
f 1343/1343/1343 981/981/981 1193/1193/1193
f 1343/1343/1343 1245/1245/1245 984/984/984
f 238/238/238 250/250/250 257/257/257
f 238/238/238 917/917/917 156/156/156
f 946/946/946 1344/1344/1344 769/769/769
f 946/946/946 768/768/768 1345/1345/1345
f 1344/1344/1344 1346/1346/1346 769/769/769
f 769/769/769 763/763/763 768/768/768
f 769/769/769 1346/1346/1346 760/760/760
f 1346/1346/1346 789/789/789 760/760/760
f 831/831/831 1027/1027/1027 832/832/832
f 831/831/831 830/830/830 1011/1011/1011
f 831/831/831 1010/1010/1010 1024/1024/1024
f 609/609/609 1347/1347/1347 1348/1348/1348
f 609/609/609 602/602/602 606/606/606
f 609/609/609 606/606/606 1329/1329/1329
f 167/167/167 164/164/164 163/163/163
f 1185/1185/1185 519/519/519 1184/1184/1184
f 1184/1184/1184 1079/1079/1079 77/77/77
f 620/620/620 1278/1278/1278 614/614/614
f 620/620/620 618/618/618 1130/1130/1130
f 564/564/564 563/563/563 1349/1349/1349
f 564/564/564 1248/1248/1248 565/565/565
f 564/564/564 561/561/561 563/563/563
f 1248/1248/1248 564/564/564 1350/1350/1350
f 1029/1029/1029 1028/1028/1028 1022/1022/1022
f 1029/1029/1029 1330/1330/1330 1351/1351/1351
f 1029/1029/1029 1022/1022/1022 1330/1330/1330
f 1030/1030/1030 1029/1029/1029 1352/1352/1352
f 1353/1353/1353 137/137/137 172/172/172
f 1353/1353/1353 1033/1033/1033 137/137/137
f 137/137/137 136/136/136 172/172/172
f 172/172/172 169/169/169 640/640/640
f 903/903/903 907/907/907 1354/1354/1354
f 903/903/903 899/899/899 907/907/907
f 904/904/904 903/903/903 1355/1355/1355
f 904/904/904 1355/1355/1355 1356/1356/1356
f 79/79/79 89/89/89 92/92/92
f 79/79/79 66/66/66 84/84/84
f 1357/1357/1357 1158/1158/1158 1157/1157/1157
f 1158/1158/1158 1357/1357/1357 1358/1358/1358
f 1158/1158/1158 1359/1359/1359 1156/1156/1156
f 1157/1157/1157 713/713/713 712/712/712
f 1314/1314/1314 1100/1100/1100 1313/1313/1313
f 1096/1096/1096 1314/1314/1314 1094/1094/1094
f 1096/1096/1096 1093/1093/1093 1100/1100/1100
f 202/202/202 192/192/192 191/191/191
f 202/202/202 1220/1220/1220 1360/1360/1360
f 1361/1361/1361 533/533/533 538/538/538
f 1361/1361/1361 1362/1362/1362 1363/1363/1363
f 1361/1361/1361 531/531/531 533/533/533
f 538/538/538 1280/1280/1280 1362/1362/1362
f 1192/1192/1192 1188/1188/1188 895/895/895
f 1192/1192/1192 1204/1204/1204 1364/1364/1364
f 1192/1192/1192 889/889/889 1204/1204/1204
f 1231/1231/1231 482/482/482 481/481/481
f 1229/1229/1229 1075/1075/1075 505/505/505
f 1229/1229/1229 505/505/505 501/501/501
f 1108/1108/1108 1365/1365/1365 1107/1107/1107
f 1108/1108/1108 978/978/978 977/977/977
f 977/977/977 168/168/168 167/167/167
f 1292/1292/1292 117/117/117 116/116/116
f 1292/1292/1292 1291/1291/1291 1366/1366/1366
f 117/117/117 115/115/115 114/114/114
f 1291/1291/1291 1269/1269/1269 1293/1293/1293
f 1291/1291/1291 1293/1293/1293 1367/1367/1367
f 1148/1148/1148 1142/1142/1142 1146/1146/1146
f 1145/1145/1145 1144/1144/1144 1368/1368/1368
f 1063/1063/1063 916/916/916 1258/1258/1258
f 788/788/788 786/786/786 914/914/914
f 788/788/788 1062/1062/1062 783/783/783
f 788/788/788 850/850/850 916/916/916
f 407/407/407 404/404/404 800/800/800
f 676/676/676 257/257/257 321/321/321
f 1369/1369/1369 1254/1254/1254 1370/1370/1370
f 1369/1369/1369 1257/1257/1257 1255/1255/1255
f 1369/1369/1369 1255/1255/1255 1254/1254/1254
f 1257/1257/1257 916/916/916 1255/1255/1255
f 237/237/237 235/235/235 722/722/722
f 237/237/237 718/718/718 717/717/717
f 1371/1371/1371 1372/1372/1372 1373/1373/1373
f 1372/1372/1372 1371/1371/1371 1374/1374/1374
f 1215/1215/1215 1018/1018/1018 1017/1017/1017
f 1017/1017/1017 894/894/894 893/893/893
f 1123/1123/1123 1020/1020/1020 1018/1018/1018
f 1128/1128/1128 748/748/748 747/747/747
f 121/121/121 118/118/118 113/113/113
f 1375/1375/1375 1376/1376/1376 1377/1377/1377
f 1376/1376/1376 1375/1375/1375 1378/1378/1378
f 1061/1061/1061 1169/1169/1169 1060/1060/1060
f 1061/1061/1061 1060/1060/1060 314/314/314
f 1134/1134/1134 1379/1379/1379 1380/1380/1380
f 1134/1134/1134 138/138/138 569/569/569
f 1134/1134/1134 569/569/569 1379/1379/1379
f 1379/1379/1379 569/569/569 1032/1032/1032
f 1379/1379/1379 1032/1032/1032 1035/1035/1035
f 1379/1379/1379 1035/1035/1035 1381/1381/1381
f 1359/1359/1359 1158/1158/1158 1358/1358/1358
f 1156/1156/1156 713/713/713 1158/1158/1158
f 1156/1156/1156 1359/1359/1359 1155/1155/1155
f 1198/1198/1198 861/861/861 1382/1382/1382
f 1383/1383/1383 1384/1384/1384 1385/1385/1385
f 1384/1384/1384 1383/1383/1383 1386/1386/1386
f 1101/1101/1101 736/736/736 735/735/735
f 735/735/735 728/728/728 727/727/727
f 1320/1320/1320 781/781/781 780/780/780
f 780/780/780 776/776/776 771/771/771
f 893/893/893 887/887/887 1387/1387/1387
f 1245/1245/1245 1343/1343/1343 1388/1388/1388
f 1388/1388/1388 1343/1343/1343 1389/1389/1389
f 807/807/807 226/226/226 231/231/231
f 19/19/19 22/22/22 1390/1390/1390
f 19/19/19 18/18/18 22/22/22
f 1299/1299/1299 40/40/40 1232/1232/1232
f 558/558/558 551/551/551 556/556/556
f 821/821/821 820/820/820 827/827/827
f 1297/1297/1297 648/648/648 650/650/650
f 1391/1391/1391 1297/1297/1297 1296/1296/1296
f 709/709/709 711/711/711 707/707/707
f 709/709/709 1392/1392/1392 1393/1393/1393
f 1392/1392/1392 1394/1394/1394 1393/1393/1393
f 1392/1392/1392 709/709/709 708/708/708
f 1393/1393/1393 711/711/711 709/709/709
f 1393/1393/1393 1395/1395/1395 1396/1396/1396
f 708/708/708 707/707/707 715/715/715
f 708/708/708 1397/1397/1397 1392/1392/1392
f 1398/1398/1398 1362/1362/1362 1280/1280/1280
f 1398/1398/1398 1399/1399/1399 1400/1400/1400
f 1398/1398/1398 1280/1280/1280 1279/1279/1279
f 1280/1280/1280 537/537/537 585/585/585
f 1280/1280/1280 538/538/538 537/537/537
f 1279/1279/1279 585/585/585 1401/1401/1401
f 1279/1279/1279 1399/1399/1399 1398/1398/1398
f 1399/1399/1399 1279/1279/1279 1402/1402/1402
f 1399/1399/1399 1402/1402/1402 1403/1403/1403
f 1103/1103/1103 1001/1001/1001 1404/1404/1404
f 1404/1404/1404 1001/1001/1001 1405/1405/1405
f 548/548/548 1406/1406/1406 1407/1407/1407
f 548/548/548 1265/1265/1265 544/544/544
f 1265/1265/1265 548/548/548 1407/1407/1407
f 588/588/588 936/936/936 583/583/583
f 925/925/925 920/920/920 1197/1197/1197
f 925/925/925 862/862/862 1408/1408/1408
f 901/901/901 1409/1409/1409 902/902/902
f 901/901/901 896/896/896 898/898/898
f 901/901/901 1281/1281/1281 1410/1410/1410
f 1409/1409/1409 901/901/901 1411/1411/1411
f 902/902/902 905/905/905 896/896/896
f 902/902/902 1201/1201/1201 909/909/909
f 902/902/902 1409/1409/1409 1201/1201/1201
f 195/195/195 201/201/201 1412/1412/1412
f 195/195/195 189/189/189 201/201/201
f 1413/1413/1413 345/345/345 651/651/651
f 1413/1413/1413 349/349/349 345/345/345
f 651/651/651 1414/1414/1414 1413/1413/1413
f 651/651/651 655/655/655 1414/1414/1414
f 651/651/651 348/348/348 655/655/655
f 1414/1414/1414 1415/1415/1415 1413/1413/1413
f 1414/1414/1414 1416/1416/1416 1415/1415/1415
f 974/974/974 349/349/349 1417/1417/1417
f 349/349/349 1418/1418/1418 1417/1417/1417
f 349/349/349 1413/1413/1413 1418/1418/1418
f 349/349/349 974/974/974 346/346/346
f 1362/1362/1362 1361/1361/1361 538/538/538
f 1362/1362/1362 1398/1398/1398 1419/1419/1419
f 1363/1363/1363 1362/1362/1362 1420/1420/1420
f 1395/1395/1395 1393/1393/1393 1394/1394/1394
f 1395/1395/1395 1421/1421/1421 1396/1396/1396
f 1396/1396/1396 1422/1422/1422 711/711/711
f 1394/1394/1394 1392/1392/1392 1423/1423/1423
f 863/863/863 859/859/859 856/856/856
f 334/334/334 329/329/329 326/326/326
f 334/334/334 1276/1276/1276 335/335/335
f 852/852/852 915/915/915 465/465/465
f 852/852/852 851/851/851 1424/1424/1424
f 1347/1347/1347 609/609/609 1329/1329/1329
f 1348/1348/1348 610/610/610 609/609/609
f 1348/1348/1348 1347/1347/1347 1425/1425/1425
f 954/954/954 953/953/953 1426/1426/1426
f 1278/1278/1278 619/619/619 614/614/614
f 619/619/619 566/566/566 615/615/615
f 1339/1339/1339 1427/1427/1427 523/523/523
f 1155/1155/1155 715/715/715 1156/1156/1156
f 1155/1155/1155 1428/1428/1428 1397/1397/1397
f 1428/1428/1428 1155/1155/1155 1429/1429/1429
f 1397/1397/1397 708/708/708 1155/1155/1155
f 1397/1397/1397 1423/1423/1423 1392/1392/1392
f 1397/1397/1397 1428/1428/1428 1430/1430/1430
f 1429/1429/1429 1155/1155/1155 1359/1359/1359
f 135/135/135 1431/1431/1431 935/935/935
f 135/135/135 138/138/138 1431/1431/1431
f 135/135/135 934/934/934 104/104/104
f 135/135/135 103/103/103 138/138/138
f 919/919/919 1323/1323/1323 1247/1247/1247
f 919/919/919 1432/1432/1432 1324/1324/1324
f 919/919/919 918/918/918 1433/1433/1433
f 1234/1234/1234 1118/1118/1118 1095/1095/1095
f 926/926/926 925/925/925 1408/1408/1408
f 1408/1408/1408 862/862/862 1198/1198/1198
f 1203/1203/1203 1283/1283/1283 1200/1200/1200
f 1311/1311/1311 1222/1222/1222 1434/1434/1434
f 1345/1345/1345 768/768/768 767/767/767
f 1282/1282/1282 906/906/906 1306/1306/1306
f 1282/1282/1282 1354/1354/1354 907/907/907
f 1179/1179/1179 1178/1178/1178 1181/1181/1181
f 1176/1176/1176 1175/1175/1175 1178/1178/1178
f 1181/1181/1181 1264/1264/1264 1145/1145/1145
f 1181/1181/1181 1368/1368/1368 1179/1179/1179
f 1086/1086/1086 521/521/521 523/523/523
f 1086/1086/1086 523/523/523 1427/1427/1427
f 608/608/608 610/610/610 1435/1435/1435
f 608/608/608 607/607/607 610/610/610
f 608/608/608 1224/1224/1224 601/601/601
f 610/610/610 1348/1348/1348 1436/1436/1436
f 1293/1293/1293 1268/1268/1268 1437/1437/1437
f 1356/1356/1356 1355/1355/1355 1438/1438/1438
f 1356/1356/1356 1045/1045/1045 1044/1044/1044
f 1356/1356/1356 1044/1044/1044 904/904/904
f 1355/1355/1355 1439/1439/1439 1440/1440/1440
f 1441/1441/1441 1431/1431/1431 1442/1442/1442
f 1441/1441/1441 935/935/935 1431/1431/1431
f 1431/1431/1431 1135/1135/1135 1443/1443/1443
f 1135/1135/1135 1431/1431/1431 138/138/138
f 1135/1135/1135 1134/1134/1134 1444/1444/1444
f 1088/1088/1088 1445/1445/1445 1446/1446/1446
f 1088/1088/1088 605/605/605 526/526/526
f 1445/1445/1445 1088/1088/1088 1087/1087/1087
f 1447/1447/1447 1288/1288/1288 1285/1285/1285
f 1447/1447/1447 1448/1448/1448 1288/1288/1288
f 1288/1288/1288 1449/1449/1449 1289/1289/1289
f 1288/1288/1288 1448/1448/1448 1449/1449/1449
f 1014/1014/1014 998/998/998 1103/1103/1103
f 1190/1190/1190 1192/1192/1192 1450/1450/1450
f 1190/1190/1190 1450/1450/1450 1451/1451/1451
f 1325/1325/1325 556/556/556 1289/1289/1289
f 1325/1325/1325 1289/1289/1289 1449/1449/1449
f 43/43/43 1452/1452/1452 1305/1305/1305
f 43/43/43 37/37/37 42/42/42
f 43/43/43 1304/1304/1304 44/44/44
f 42/42/42 1452/1452/1452 43/43/43
f 42/42/42 37/37/37 39/39/39
f 667/667/667 672/672/672 1453/1453/1453
f 667/667/667 1453/1453/1453 883/883/883
f 667/667/667 664/664/664 666/666/666
f 1453/1453/1453 672/672/672 1454/1454/1454
f 883/883/883 668/668/668 667/667/667
f 1455/1455/1455 1456/1456/1456 1457/1457/1457
f 1458/1458/1458 1459/1459/1459 1460/1460/1460
f 1426/1426/1426 953/953/953 1461/1461/1461
f 1141/1141/1141 913/913/913 912/912/912
f 70/70/70 69/69/69 1077/1077/1077
f 1336/1336/1336 990/990/990 988/988/988
f 1401/1401/1401 585/585/585 584/584/584
f 1401/1401/1401 584/584/584 1138/1138/1138
f 1138/1138/1138 1462/1462/1462 1401/1401/1401
f 1402/1402/1402 1401/1401/1401 1462/1462/1462
f 1402/1402/1402 1462/1462/1462 1463/1463/1463
f 1402/1402/1402 1279/1279/1279 1401/1401/1401
f 1464/1464/1464 778/778/778 1041/1041/1041
f 1464/1464/1464 1041/1041/1041 1465/1465/1465
f 1041/1041/1041 1040/1040/1040 1466/1466/1466
f 1041/1041/1041 1466/1466/1466 1467/1467/1467
f 1466/1466/1466 1040/1040/1040 1106/1106/1106
f 1466/1466/1466 1106/1106/1106 1468/1468/1468
f 1106/1106/1106 1107/1107/1107 1469/1469/1469
f 1106/1106/1106 1469/1469/1469 1470/1470/1470
f 1469/1469/1469 1107/1107/1107 1365/1365/1365
f 1469/1469/1469 1365/1365/1365 1471/1471/1471
f 1206/1206/1206 1121/1121/1121 1319/1319/1319
f 1206/1206/1206 1364/1364/1364 1204/1204/1204
f 1364/1364/1364 1450/1450/1450 1192/1192/1192
f 1193/1193/1193 1389/1389/1389 1343/1343/1343
f 1244/1244/1244 1472/1472/1472 1242/1242/1242
f 1473/1473/1473 1244/1244/1244 1241/1241/1241
f 985/985/985 1242/1242/1242 1150/1150/1150
f 985/985/985 986/986/986 982/982/982
f 1150/1150/1150 986/986/986 985/985/985
f 1150/1150/1150 1218/1218/1218 1151/1151/1151
f 1150/1150/1150 1242/1242/1242 1472/1472/1472
f 597/597/597 1037/1037/1037 770/770/770
f 597/597/597 770/770/770 593/593/593
f 1474/1474/1474 1195/1195/1195 1315/1315/1315
f 1474/1474/1474 1315/1315/1315 1475/1475/1475
f 1315/1315/1315 987/987/987 1476/1476/1476
f 1315/1315/1315 1476/1476/1476 1477/1477/1477
f 1476/1476/1476 1149/1149/1149 1154/1154/1154
f 1476/1476/1476 987/987/987 1149/1149/1149
f 1476/1476/1476 1154/1154/1154 1478/1478/1478
f 1154/1154/1154 1479/1479/1479 1480/1480/1480
f 1479/1479/1479 1154/1154/1154 1152/1152/1152
f 1479/1479/1479 1481/1481/1481 1482/1482/1482
f 1479/1479/1479 1152/1152/1152 1481/1481/1481
f 1219/1219/1219 1481/1481/1481 1152/1152/1152
f 910/910/910 352/352/352 351/351/351
f 910/910/910 351/351/351 975/975/975
f 656/656/656 652/652/652 352/352/352
f 1290/1290/1290 1287/1287/1287 1336/1336/1336
f 1266/1266/1266 545/545/545 1265/1265/1265
f 332/332/332 331/331/331 545/545/545
f 332/332/332 1266/1266/1266 1483/1483/1483
f 332/332/332 1483/1483/1483 333/333/333
f 332/332/332 328/328/328 327/327/327
f 1484/1484/1484 333/333/333 1483/1483/1483
f 1368/1368/1368 1181/1181/1181 1145/1145/1145
f 1485/1485/1485 630/630/630 1486/1486/1486
f 1485/1485/1485 631/631/631 630/630/630
f 630/630/630 1487/1487/1487 1488/1488/1488
f 1487/1487/1487 630/630/630 629/629/629
f 1487/1487/1487 629/629/629 1272/1272/1272
f 1487/1487/1487 1272/1272/1272 1489/1489/1489
f 1490/1490/1490 840/840/840 839/839/839
f 1327/1327/1327 1328/1328/1328 605/605/605
f 1406/1406/1406 548/548/548 547/547/547
f 547/547/547 541/541/541 540/540/540
f 1491/1491/1491 1430/1430/1430 1428/1428/1428
f 706/706/706 714/714/714 703/703/703
f 711/711/711 1393/1393/1393 1396/1396/1396
f 711/711/711 1492/1492/1492 704/704/704
f 645/645/645 640/640/640 1042/1042/1042
f 1493/1493/1493 706/706/706 705/705/705
f 1493/1493/1493 705/705/705 1494/1494/1494
f 705/705/705 1495/1495/1495 1496/1496/1496
f 1495/1495/1495 704/704/704 1492/1492/1492
f 1495/1495/1495 1492/1492/1492 1497/1497/1497
f 1495/1495/1495 705/705/705 704/704/704
f 1492/1492/1492 711/711/711 1422/1422/1422
f 1492/1492/1492 1422/1422/1422 1498/1498/1498
f 1422/1422/1422 1396/1396/1396 1421/1421/1421
f 1422/1422/1422 1421/1421/1421 1499/1499/1499
f 1218/1218/1218 1150/1150/1150 1472/1472/1472
f 1301/1301/1301 1300/1300/1300 1303/1303/1303
f 1500/1500/1500 42/42/42 1301/1301/1301
f 1452/1452/1452 42/42/42 1500/1500/1500
f 1501/1501/1501 1305/1305/1305 1452/1452/1452
f 1432/1432/1432 919/919/919 1433/1433/1433
f 1432/1432/1432 1433/1433/1433 1502/1502/1502
f 1433/1433/1433 922/922/922 1503/1503/1503
f 1220/1220/1220 202/202/202 191/191/191
f 1222/1222/1222 1307/1307/1307 1504/1504/1504
f 1222/1222/1222 1311/1311/1311 1097/1097/1097
f 1434/1434/1434 1222/1222/1222 1505/1505/1505
f 1446/1446/1446 1327/1327/1327 1088/1088/1088
f 1423/1423/1423 1397/1397/1397 1430/1430/1430
f 1237/1237/1237 1236/1236/1236 1267/1267/1267
f 1506/1506/1506 1507/1507/1507 1260/1260/1260
f 1507/1507/1507 1261/1261/1261 1260/1260/1260
f 1507/1507/1507 1148/1148/1148 1146/1146/1146
f 1507/1507/1507 1146/1146/1146 1261/1261/1261
f 1410/1410/1410 1411/1411/1411 901/901/901
f 1354/1354/1354 1508/1508/1508 903/903/903
f 1509/1509/1509 1045/1045/1045 1510/1510/1510
f 1509/1509/1509 1046/1046/1046 1045/1045/1045
f 1045/1045/1045 1356/1356/1356 1511/1511/1511
f 1439/1439/1439 1508/1508/1508 1512/1512/1512
f 1439/1439/1439 1355/1355/1355 903/903/903
f 1439/1439/1439 903/903/903 1508/1508/1508
f 1513/1513/1513 1284/1284/1284 1290/1290/1290
f 921/921/921 918/918/918 924/924/924
f 921/921/921 1514/1514/1514 1515/1515/1515
f 922/922/922 921/921/921 1516/1516/1516
f 922/922/922 1433/1433/1433 918/918/918
f 1309/1309/1309 1120/1120/1120 1119/1119/1119
f 1302/1302/1302 1300/1300/1300 1299/1299/1299
f 1416/1416/1416 1414/1414/1414 655/655/655
f 1517/1517/1517 1418/1418/1418 1518/1518/1518
f 1517/1517/1517 1417/1417/1417 1418/1418/1418
f 1418/1418/1418 1519/1519/1519 1520/1520/1520
f 1519/1519/1519 1415/1415/1415 1521/1521/1521
f 1519/1519/1519 1413/1413/1413 1415/1415/1415
f 1519/1519/1519 1418/1418/1418 1413/1413/1413
f 1415/1415/1415 1522/1522/1522 1523/1523/1523
f 1522/1522/1522 1415/1415/1415 1416/1416/1416
f 892/892/892 886/886/886 1111/1111/1111
f 927/927/927 924/924/924 926/926/926
f 1514/1514/1514 921/921/921 927/927/927
