# glbtool toobj from Pine.glb, texture: pine_tex2.png
v -2.566474 2.133485 2.630729
v -1.956920 1.317251 2.447952
v -1.942843 1.772412 2.811206
v 1.544735 -0.500423 3.800183
v 1.168221 -0.544408 4.321089
v 1.515131 -0.842041 4.135901
v 1.253466 -0.118879 4.016549
v 0.615740 -0.981950 4.209133
v 0.818824 -0.199271 4.607698
v -0.062856 -0.891692 4.410350
v 1.168221 -0.544408 4.321089
v -0.584518 -0.065221 6.205604
v 0.098030 0.184891 6.038281
v -0.320129 0.199418 6.455256
v 0.052878 -0.113121 5.628699
v 0.036119 0.033928 5.638980
v -0.855560 -0.137107 5.557685
v -0.769258 -0.549276 5.274282
v 0.152906 -0.364305 5.327843
v -0.111597 0.591364 5.670762
v 0.121575 0.797063 5.443626
v -0.142169 0.796992 5.257371
v -0.029179 0.594646 5.736623
v -0.210145 0.544560 5.338594
v 0.087436 0.250498 5.091669
v 0.110482 0.515495 5.409559
v -2.871837 -0.593335 2.813842
v -1.867871 -0.556780 2.605292
v -2.215889 -0.303708 2.987925
v -0.863494 1.779666 4.650137
v -1.250980 1.786049 4.169082
v -1.021837 1.366108 4.334580
v -1.140549 2.122893 4.473580
v 0.562158 -0.089641 8.670781
v 0.478318 0.337890 8.894670
v 0.194196 -0.203959 8.783715
v 0.265127 0.651049 6.104770
v 0.393343 0.409402 5.917108
v 0.413824 0.637164 5.759603
v 0.258607 0.578553 6.154906
v 0.120302 0.988910 3.951802
v -0.577164 0.868639 3.707184
v -0.271804 0.621750 4.105980
v 0.325774 1.714115 3.352163
v -0.050600 0.423963 4.478754
v 0.215285 0.672922 4.374219
v -0.987961 -2.424939 3.045523
v -0.483859 -1.590855 2.770889
v -0.819165 -1.736446 3.207087
v -0.072465 0.603338 6.910009
v -0.314464 0.581225 6.705273
v -0.135750 0.453305 6.547482
v 0.211716 0.659721 5.758155
v -0.169155 0.750689 5.518356
v -0.061773 0.522963 5.818317
v 0.234302 0.952407 5.429324
v 1.025050 -2.289231 3.151362
v 0.948596 -1.331012 2.884057
v 0.770780 -1.640197 3.316816
v 0.531694 1.458275 4.841263
v -0.405108 1.473562 4.216109
v -0.308626 1.092951 4.742495
v 0.304538 1.079805 5.144277
v 0.231175 0.436641 4.617750
v -0.031045 0.145720 4.375745
v 0.199918 0.246018 4.075306
v -0.044641 0.278703 4.837300
v 0.311688 0.554345 4.561078
v 0.029439 0.622794 4.905960
v 2.148002 -0.014651 3.272907
v 1.732468 0.426009 3.543575
v 1.573009 -0.314614 3.395795
v 2.930187 0.470971 3.194769
v 2.017131 0.766059 2.984815
v 2.244982 0.435758 3.362778
v -0.794204 -0.032237 5.154116
v -1.010588 0.784556 5.270925
v -1.289453 0.708683 4.930024
v -0.457671 0.174630 5.462414
v 0.202450 0.046895 4.459809
v 0.434617 -0.678348 3.958906
v 0.686177 0.490188 4.192090
v 0.046409 0.576391 9.217152
v 0.029344 0.381385 9.085774
v 0.102011 0.497033 8.938675
v -0.194701 0.450968 9.989016
v -0.207518 0.519458 9.912076
v -0.253550 0.454702 9.873354
v 1.666874 2.784407 3.241757
v 0.887333 2.241994 3.068696
v 1.297152 2.225378 3.422610
v -1.594793 2.098289 2.674374
v -1.481523 1.491372 3.006458
v -0.909220 2.027228 2.781458
v -0.112256 0.580049 8.450667
v 0.057541 0.700639 8.297475
v -0.102172 0.689092 8.146423
v 0.009917 0.769351 5.139374
v -0.289212 0.459811 4.879341
v -0.013393 0.435684 5.207155
v -1.189374 2.043728 3.216977
v -0.776996 1.979808 3.767651
v -1.041239 2.398135 3.587807
v -1.414458 2.945907 3.418274
v 2.930187 0.470971 3.194769
v 1.455763 0.827120 3.084587
v 0.631946 1.246935 2.917291
v 1.185089 0.445123 3.834791
v 0.933514 -0.723411 3.601618
v -0.587684 1.397235 4.924297
v -0.905489 0.570290 4.296393
v -0.545114 0.497120 4.805222
v -0.338894 1.036828 5.218060
v 0.117965 0.717913 5.409254
v 0.266473 0.414181 5.194940
v 0.286844 0.649233 4.964008
v 0.114770 0.643709 5.489180
v -0.169561 0.882697 6.878203
v -0.129349 0.644056 6.960237
v -1.870566 0.019967 3.385709
v -1.647057 0.382459 3.914413
v -2.128946 0.303028 3.743938
v -2.770070 0.176441 3.586308
v -0.490165 1.013443 9.525897
v -0.480160 0.785019 9.525042
v -0.413327 0.879028 9.581261
v -0.254846 0.951887 4.779369
v -0.651401 0.467309 4.528890
v -0.572253 1.600444 4.298688
v -0.053183 0.718249 7.345911
v 0.196107 0.693947 7.164508
v 0.044558 0.809945 6.983077
v -0.067669 0.391447 9.509389
v 0.023860 0.596824 9.367434
v -0.118382 0.561776 9.540682
v -2.032499 -1.324502 3.755860
v -1.259031 -0.887786 3.520824
v -1.595945 -0.852934 3.909614
v 1.009957 1.816992 3.612589
v -0.537628 -0.997072 4.003957
v 0.102031 -0.558227 4.423602
v -0.986822 -0.459518 4.182595
v 0.493741 0.135578 4.897108
v -0.062856 -0.891692 4.410350
v 0.818824 -0.199271 4.607698
v -0.375430 -0.554467 4.725285
v -0.126575 0.494915 8.551212
v -0.154643 0.685601 8.385832
v -0.220281 0.530814 8.249843
v -0.196804 -1.488022 3.898963
v 0.152494 -1.059643 4.156703
v 0.335587 -2.147242 3.839695
v 0.507151 -1.280919 3.651408
v 0.222894 -1.526080 3.991854
v 1.181665 -0.342868 5.184967
v 1.524314 -0.257863 4.812678
v 1.217785 0.058678 4.907267
v -0.385410 0.293353 4.987000
v 0.079185 -0.098166 4.751919
v -1.009668 0.000529 4.510900
v -0.049565 0.739525 6.392872
v 0.230100 0.672712 6.184490
v 0.073741 0.824227 5.974695
v 0.443284 0.390644 4.537220
v 0.369653 1.032697 4.277694
v 0.114024 0.776190 4.651564
v 1.127853 0.144869 4.014400
v -0.091546 0.594674 4.999612
v 0.131714 0.333238 4.922087
v 1.515131 -0.842041 4.135901
v 1.184391 -1.107581 4.078583
v 2.005258 -1.218203 3.980570
v 2.005258 -1.218203 3.980570
v 1.544735 -0.500423 3.800183
v 1.515131 -0.842041 4.135901
v 1.168221 -0.544408 4.321089
v 1.253466 -0.118879 4.016549
v 1.020036 0.659421 4.065081
v -1.253752 -0.514731 4.074057
v 1.168221 -0.544408 4.321089
v 1.020036 0.659421 4.065081
v 0.818824 -0.199271 4.607698
v 0.493741 0.135578 4.897108
v 0.611245 0.692818 4.512929
v 0.286844 0.649233 4.964008
v 0.493741 0.135578 4.897108
v 0.286844 0.649233 4.964008
v 0.266473 0.414181 5.194940
v -0.106732 0.115271 5.128722
v 0.493741 0.135578 4.897108
v 0.266473 0.414181 5.194940
v -0.106732 0.115271 5.128722
v -0.375430 -0.554467 4.725285
v 0.493741 0.135578 4.897108
v -0.239847 0.637965 6.486072
v -0.066562 0.846173 6.262942
v -0.277554 0.795133 6.085165
v -0.163677 0.650122 6.540727
v -0.434065 0.695684 4.952477
v -0.475781 0.102128 4.660333
v -0.158443 0.286873 4.992911
v -1.110466 1.043528 4.567232
v -0.087182 0.685740 5.276048
v 0.099706 0.408530 5.303457
v 1.897799 1.156473 4.179252
v 1.926201 0.756420 4.064334
v 2.467881 1.372352 4.025953
v 1.607872 1.408313 3.874079
v 1.473316 1.006215 4.346869
v 1.897799 1.156473 4.179252
v 2.467881 1.372352 4.025953
v -0.618634 2.547206 3.511041
v -1.414458 2.945907 3.418274
v -0.082096 2.224939 3.641418
v -0.521321 1.517701 4.054121
v 0.575067 1.904475 3.854945
v -0.956885 1.549417 3.317326
v -0.880906 0.657346 3.153940
v 0.604082 2.248614 4.096746
v 0.773033 1.865126 4.561101
v 0.986815 2.249052 4.367876
v 0.302418 1.876987 4.256843
v 0.325003 1.013718 3.593032
v 0.602698 0.754700 4.935864
v 0.127815 1.146512 4.454872
v 0.091980 0.859192 5.105979
v 0.602698 0.754700 4.935864
v 0.091980 0.859192 5.105979
v 0.339082 0.712058 5.308111
v 0.377567 0.256126 5.219566
v 0.377567 0.256126 5.219566
v 0.695367 -0.280705 4.667495
v 0.602698 0.754700 4.935864
v 0.018477 0.344664 5.954283
v 0.072636 0.650317 6.154193
v 0.046389 0.593286 6.228539
v 0.079081 0.521446 5.722339
v -0.143411 0.566718 9.143164
v -0.047242 0.352386 8.984167
v 0.033132 0.492890 9.164107
v 0.986815 2.249052 4.367876
v 1.282517 1.976254 4.251309
v 1.253481 2.784685 4.205193
v 1.253481 2.784685 4.205193
v 0.604082 2.248614 4.096746
v 0.986815 2.249052 4.367876
v -2.283694 0.169272 2.877795
v -1.719915 -0.101436 3.176289
v -1.831418 0.676298 2.995195
v 0.773033 1.865126 4.561101
v 0.302418 1.876987 4.256843
v -0.405108 1.473562 4.216109
v 0.773033 1.865126 4.561101
v -0.405108 1.473562 4.216109
v 0.531694 1.458275 4.841263
v 0.061074 1.106710 5.964535
v -0.639076 1.334579 5.073539
v -0.414347 0.985407 5.553269
v 0.179256 1.478945 5.684050
v -0.313136 1.082165 4.403607
v 0.783246 1.468953 4.204419
v 0.304538 1.079805 5.144277
v -0.308626 1.092951 4.742495
v -0.142169 0.796992 5.257371
v 0.304538 1.079805 5.144277
v -0.142169 0.796992 5.257371
v 0.121575 0.797063 5.443626
v 0.455252 0.488637 5.310062
v 0.304538 1.079805 5.144277
v 0.121575 0.797063 5.443626
v 0.455252 0.488637 5.310062
v 1.077869 0.359018 4.815464
v 0.304538 1.079805 5.144277
v -0.020520 0.695211 4.823094
v 0.154729 0.781855 4.300750
v -0.118646 0.304424 5.913779
v -0.156609 0.663883 6.149643
v -0.434687 0.542940 5.839563
v 0.077893 0.500676 6.184612
v -1.140549 2.122893 4.473580
v -0.782549 2.301899 4.394832
v -1.537127 2.567806 4.326602
v -1.537127 2.567806 4.326602
v -1.250980 1.786049 4.169082
v -1.140549 2.122893 4.473580
v -0.863494 1.779666 4.650137
v -1.021837 1.366108 4.334580
v -0.905489 0.570290 4.296393
v -0.006252 1.408080 8.002273
v -0.302875 0.765504 8.311316
v 0.201836 1.216173 8.201773
v -0.863494 1.779666 4.650137
v -0.905489 0.570290 4.296393
v -0.587684 1.397235 4.924297
v -0.444896 -0.355246 5.343607
v 0.166273 0.065836 5.198870
v -0.277032 0.027173 5.623340
v 0.292607 -0.304533 4.694461
v -0.338894 1.036828 5.218060
v -0.545114 0.497120 4.805222
v -0.245179 0.518668 5.308558
v -0.338894 1.036828 5.218060
v -0.245179 0.518668 5.308558
v -0.169155 0.750689 5.518356
v 0.234302 0.952407 5.429324
v -0.338894 1.036828 5.218060
v -0.169155 0.750689 5.518356
v 0.234302 0.952407 5.429324
v 0.599412 1.503040 4.992399
v -0.338894 1.036828 5.218060
v -0.024022 0.566596 9.689409
v -0.226076 0.533672 9.560938
v -0.127892 0.442908 9.717936
v -1.630248 1.556864 4.591187
v -1.386032 1.083862 4.794471
v -1.087621 1.669897 4.710425
v -2.383717 1.333057 4.501382
v -1.692805 0.898553 4.297497
v -1.811732 1.200468 4.642299
v 0.107034 -1.294608 4.964778
v 0.314211 -0.820326 5.123137
v -0.289690 -0.929009 5.075850
v 0.487392 -1.235534 5.004428
v -2.566474 2.133485 2.630729
v -0.912635 -0.292110 6.014115
v -0.290421 -0.194146 6.294090
v -1.048425 0.229093 6.184872
v -0.650105 0.196231 4.202333
v -0.349675 0.281323 4.793109
v -0.938827 0.929144 5.039334
v 1.020353 0.864757 4.618133
v 0.303291 1.471999 3.868781
v 0.127815 1.146512 4.454872
v 0.602698 0.754700 4.935864
v 0.304538 1.079805 5.144277
v 1.077869 0.359018 4.815464
v 1.308649 0.729752 4.496885
v 0.531694 1.458275 4.841263
v 0.093700 0.398834 6.010884
v -0.190985 0.319745 5.780418
v 0.048364 0.268784 5.570025
v -0.099043 0.580988 8.135829
v 0.047819 0.333657 7.978320
v 0.093235 0.492283 8.204312
v -1.659684 -0.247823 4.652468
v -1.160786 -0.315191 4.904887
v -1.435456 0.256091 4.743245
v -1.927670 -0.983670 4.608390
v -1.155871 -0.712115 4.447573
v -1.492855 -0.596084 4.750812
v 1.282517 1.976254 4.251309
v 0.773033 1.865126 4.561101
v 1.263951 1.406603 4.349340
v 0.986815 2.249052 4.367876
v -0.444896 -0.355246 5.343607
v -1.186705 -0.397943 5.012035
v -0.645095 -0.756673 5.090492
v -1.267758 0.210650 5.146006
v -1.160786 -0.315191 4.904887
v 0.024104 -0.312878 4.417952
v -0.794204 -0.032237 5.154116
v 0.878888 0.618663 7.743551
v 0.374443 1.095735 7.871813
v 0.202068 0.864419 8.081667
v -0.457671 0.174630 5.462414
v 0.085942 0.028688 4.979781
v 0.048364 0.268784 5.570025
v 0.018206 0.417824 6.077709
v -0.457671 0.174630 5.462414
v -0.402192 0.643451 5.679516
v -0.457671 0.174630 5.462414
v -0.190985 0.319745 5.780418
v -0.402192 0.643451 5.679516
v -1.010588 0.784556 5.270925
v -0.457671 0.174630 5.462414
v 0.173575 0.400890 5.218218
v 0.073633 0.262877 4.725124
v 0.291977 0.907478 4.676395
v -0.184136 0.739507 4.762900
v 0.217870 0.584712 5.039292
v -0.104975 0.470821 5.097941
v -0.808706 -1.148005 4.935860
v -1.136420 -0.935360 4.894705
v -1.001170 -1.689047 4.803456
v -1.001170 -1.689047 4.803456
v -0.509306 -1.076389 4.606422
v -0.808706 -1.148005 4.935860
v -0.645095 -0.756673 5.090492
v -0.265116 -0.724113 4.755053
v 0.292607 -0.304533 4.694461
v -0.645095 -0.756673 5.090492
v 0.292607 -0.304533 4.694461
v -0.444896 -0.355246 5.343607
v -0.599450 0.147189 3.131442
v -0.281486 0.308229 3.855784
v -0.277032 0.027173 5.623340
v 0.166273 0.065836 5.198870
v 0.063909 0.353807 5.690676
v -0.277032 0.027173 5.623340
v 0.063909 0.353807 5.690676
v -0.118646 0.304424 5.913779
v -0.434687 0.542940 5.839563
v -0.277032 0.027173 5.623340
v -0.118646 0.304424 5.913779
v -0.434687 0.542940 5.839563
v -1.024134 0.569613 5.367204
v -0.277032 0.027173 5.623340
v -0.056262 0.427572 8.661519
v -0.157764 0.606077 8.517197
v -0.159397 0.454774 8.366284
v -0.191795 0.561805 9.759301
v -0.157920 0.377576 9.685442
v -0.112309 0.470444 9.822596
v 0.487392 -1.235534 5.004428
v 0.107034 -1.294608 4.964778
v 0.701367 -1.759666 4.873101
v 0.701367 -1.759666 4.873101
v 0.649312 -0.979397 4.665574
v 0.487392 -1.235534 5.004428
v 0.868139 1.056994 7.618575
v 0.314211 -0.820326 5.123137
v 0.528785 -0.518888 4.726571
v 0.578099 0.224160 4.556123
v 0.314211 -0.820326 5.123137
v 0.578099 0.224160 4.556123
v 0.152906 -0.364305 5.327843
v -0.278419 1.427860 5.830267
v -0.449202 0.648482 5.662988
v -0.168742 1.059589 6.105989
v -0.740231 0.795981 5.182833
v 0.036119 0.033928 5.638980
v 0.241476 0.421270 5.125941
v 0.079081 0.521446 5.722339
v 0.036119 0.033928 5.638980
v 0.079081 0.521446 5.722339
v 0.018477 0.344664 5.954283
v -0.366251 0.274703 5.909380
v 0.036119 0.033928 5.638980
v 0.018477 0.344664 5.954283
v -0.366251 0.274703 5.909380
v -0.855560 -0.137107 5.557685
v 0.036119 0.033928 5.638980
v 0.046532 0.447365 7.774112
v -0.172101 0.553143 7.611976
v -0.071827 0.416616 7.429960
v 0.066137 0.474232 8.149112
v 0.066188 0.750005 8.005357
v -0.081582 0.620877 8.183963
v 1.494567 -0.588520 5.041356
v 1.208298 -0.806938 4.984767
v 1.922271 -0.906500 4.897279
v 1.494567 -0.588520 5.041356
v 1.922271 -0.906500 4.897279
v 1.181665 -0.342868 5.184967
v 1.217785 0.058678 4.907267
v 0.934703 0.735731 4.846718
v 0.231462 -0.657651 6.121478
v 0.490669 -0.104229 6.422617
v -0.275258 -0.475537 6.269596
v 0.862509 -0.066959 5.401827
v 0.632820 0.721311 5.296476
v 0.585687 0.197203 5.658919
v 0.934703 0.735731 4.846718
v 1.181665 -0.342868 5.184967
v -0.168266 0.787622 4.407802
v -0.279930 1.059010 3.716755
v 1.442453 0.510339 3.649572
v 0.684262 1.398178 3.912855
v 0.585687 0.197203 5.658919
v 0.632820 0.721311 5.296476
v 0.413824 0.637164 5.759603
v 0.585687 0.197203 5.658919
v 0.413824 0.637164 5.759603
v 0.393343 0.409402 5.917108
v 0.585687 0.197203 5.658919
v 0.119835 -0.633634 5.255001
v 0.862509 -0.066959 5.401827
v -0.156979 -0.369480 5.512088
v 0.070836 0.163311 5.853341
v 0.063634 0.739817 5.594320
v -0.008622 0.410113 6.410608
v 0.000203 0.691297 6.459653
v 1.746347 0.470131 5.156982
v 1.358402 0.759901 5.368203
v 1.339398 0.154678 5.262641
v 2.287601 0.960097 5.083160
v 1.530922 1.058170 4.916582
v 1.757909 0.838198 5.221178
v -0.808706 -1.148005 4.935860
v -0.265116 -0.724113 4.755053
v -0.645095 -0.756673 5.090492
v -0.509306 -1.076389 4.606422
v -0.099011 2.019476 2.966075
v -1.001961 1.174010 3.321084
v -1.036106 0.069081 2.439292
v -1.498612 0.938630 2.565332
v 0.217093 0.258037 6.112151
v 0.501598 -0.284561 5.722973
v 0.531559 0.670341 5.889545
v -0.003261 0.395947 5.863648
v -0.245140 0.601809 5.649581
v -0.163211 0.393847 5.412093
v 0.162908 0.382185 5.593372
v 0.139156 0.692070 5.654921
v 0.377567 0.256126 5.219566
v 0.080088 2.216488 5.065936
v 0.307928 1.888998 5.456043
v 0.427503 2.271929 5.315224
v 0.580535 2.785228 5.186651
v 1.094577 0.004888 6.208654
v 0.862093 0.564009 6.503100
v 0.617932 -0.239164 6.342332
v 0.307928 1.888998 5.456043
v -0.113769 1.821417 5.153273
v -0.639076 1.334579 5.073539
v -2.871837 -0.593335 2.813842
v -0.335840 -0.525291 2.552133
v -1.180691 0.089036 3.480968
v -1.297282 -0.408759 2.711629
v -1.356632 1.316117 3.195232
v 0.307928 1.888998 5.456043
v -0.639076 1.334579 5.073539
v 0.179256 1.478945 5.684050
v 0.061074 1.106710 5.964535
v -0.414347 0.985407 5.553269
v -0.277554 0.795133 6.085165
v 0.061074 1.106710 5.964535
v -0.277554 0.795133 6.085165
v -0.066562 0.846173 6.262942
v 0.043258 0.373625 5.128615
v -0.111227 0.264842 4.632606
v 0.266473 0.414181 5.194940
v -0.135761 0.441044 5.449777
v -0.106732 0.115271 5.128722
v 0.114770 0.643709 5.489180
v -0.801847 2.660283 5.331560
v -0.738345 1.925739 5.169019
v -0.577228 2.183989 5.463757
v -0.421861 1.822697 5.604747
v -0.630852 1.508145 5.259656
v -0.740231 0.795981 5.182833
v -2.383717 1.333057 4.501382
v 1.263951 1.406603 4.349340
v 0.531694 1.458275 4.841263
v 1.308649 0.729752 4.496885
v 0.773033 1.865126 4.561101
v -0.421861 1.822697 5.604747
v -0.740231 0.795981 5.182833
v -0.278419 1.427860 5.830267
v 0.061074 1.106710 5.964535
v 0.774512 0.612636 5.644409
v 0.908588 0.977403 5.360520
v 0.179256 1.478945 5.684050
v 0.775635 1.567691 5.249820
v -0.168742 1.059589 6.105989
v -0.449202 0.648482 5.662988
v -0.220498 0.596056 6.186927
v -0.123283 0.635615 7.464635
v 0.069857 0.784973 7.280828
v -0.121154 0.765573 7.105190
v -0.162798 0.510677 9.242017
v 0.023279 0.539581 9.263975
v -1.466913 1.306875 5.484759
v -1.243850 0.922274 5.715841
v -0.988819 1.424020 5.563867
v -1.622014 1.001740 5.577179
v -2.128731 1.095476 5.449173
v -2.128731 1.095476 5.449173
v -1.520796 0.696773 5.312410
v -1.622014 1.001740 5.577179
v -1.243850 0.922274 5.715841
v -1.125779 0.543466 5.423206
v -0.623705 0.038980 5.441652
v 0.314211 -0.820326 5.123137
v 0.649312 -0.979397 4.665574
v 0.528785 -0.518888 4.726571
v 0.487392 -1.235534 5.004428
v -0.580375 1.436064 7.051176
v -0.748144 0.662518 7.148658
v -0.419386 0.614137 7.376555
v -1.243850 0.922274 5.715841
v -0.623705 0.038980 5.441652
v -0.844723 0.821348 5.939538
v 0.171760 1.018996 5.406770
v 0.927766 0.700958 5.602902
v -0.485362 0.714346 6.214097
v -0.335040 0.214819 5.851387
v -0.150780 0.407476 6.315474
v -0.053684 0.324169 4.399112
v 0.070836 0.163311 5.853341
v 0.585687 0.197203 5.658919
v 0.393343 0.409402 5.917108
v 0.039917 0.411688 6.111673
v 0.258607 0.578553 6.154906
v -1.292366 -0.161834 5.586042
v -1.227392 0.186567 5.950428
v -1.551811 0.023889 5.815138
v -1.983603 -0.201644 5.688483
v 0.145307 -0.517897 7.339271
v 0.398252 -0.045416 7.573880
v -0.276913 -0.340681 7.481737
v -1.227392 0.186567 5.950428
v -0.911933 -0.039521 5.678589
v -0.244363 -0.107076 5.678417
v 0.602280 -1.144156 3.493827
v -0.266474 2.075568 4.501965
v -0.587684 1.397235 4.924297
v 0.358486 1.864894 4.681075
v -0.863494 1.779666 4.650137
v -1.227392 0.186567 5.950428
v -0.244363 -0.107076 5.678417
v -0.878322 0.349610 6.167098
v 0.152906 -0.364305 5.327843
v 0.578099 0.224160 4.556123
v 0.241476 0.421270 5.125941
v 0.036119 0.033928 5.638980
v -0.557745 0.488195 6.432165
v -0.145455 0.192348 6.086176
v -0.135750 0.453305 6.547482
v -0.373774 0.933158 6.584283
v -0.557745 0.488195 6.432165
v -0.694316 1.298619 6.153565
v -0.001934 0.466791 6.705066
v -0.220511 0.617539 6.497836
v -0.150780 0.407476 6.315474
v -0.045785 0.961320 6.393699
v -0.083002 1.505993 5.974303
v -0.485362 0.714346 6.214097
v 0.094355 0.766764 6.692508
v -0.024128 0.533654 6.763115
v -1.358927 -1.089386 5.760645
v -0.809626 -0.666369 5.573811
v -1.075389 -0.673702 5.876627
v -0.849719 -0.371727 6.002194
v -0.528788 -0.378134 5.671327
v 0.052878 -0.113121 5.628699
v -0.520209 -0.181277 8.635145
v 0.111710 -0.083118 8.709720
v 0.053920 0.177993 8.894916
v -0.206600 -0.424406 8.511119
v -0.849719 -0.371727 6.002194
v 0.052878 -0.113121 5.628699
v -0.584518 -0.065221 6.205604
v -0.680308 0.238713 3.855577
v -0.055216 0.150496 3.979543
v -0.294944 0.324806 4.243086
v -0.128667 -0.162399 3.249119
v -0.856264 1.465789 3.569830
v -0.320129 0.199418 6.455256
v 0.098030 0.184891 6.038281
v 0.086229 0.386697 6.505206
v -0.320129 0.199418 6.455256
v 0.086229 0.386697 6.505206
v -0.096835 0.381638 6.713777
v -1.181710 0.589752 6.121546
v -0.584518 -0.065221 6.205604
v -0.083725 0.449529 5.746508
v -0.169155 0.750689 5.518356
v -0.245179 0.518668 5.308558
v -0.061773 0.522963 5.818317
v -0.185815 0.493437 8.635648
v -0.008880 0.696230 8.754192
v -0.172360 0.739823 8.535584
v -0.034939 0.516921 8.834765
v -0.834086 -0.747715 5.908425
v -0.432211 -0.560368 6.083333
v -0.541918 -0.910860 5.950518
v -0.670537 -1.383831 5.824939
v -0.284329 -0.816614 5.664806
v -0.670537 -1.383831 5.824939
v -1.191135 0.538134 7.834249
v -0.948795 0.357200 8.046581
v -0.899685 0.735482 7.895181
v -1.226345 0.302775 7.939609
v -0.119399 -0.445913 5.736372
v 0.334888 0.034658 5.600527
v 0.270152 0.281453 6.097856
v 0.024143 0.456074 8.905539
v -0.165007 0.422558 8.753227
v -0.021082 0.345496 8.623159
v 0.198944 0.675238 7.555739
v -0.113876 0.744749 7.397664
v -0.011897 0.589660 7.639523
v 0.649606 -0.850227 6.033235
v 0.716915 -0.422319 6.218459
v 0.944837 -0.707114 6.092212
v 1.260816 -1.076802 5.975658
v 1.027985 -0.439382 5.819000
v 1.260816 -1.076802 5.975658
v -0.430469 1.438230 7.879627
v -0.510969 0.957417 8.111809
v -0.849719 -0.371727 6.002194
v -0.809626 -0.666369 5.573811
v -0.528788 -0.378134 5.671327
v -1.075389 -0.673702 5.876627
v -0.899685 0.735482 7.895181
v -0.656216 0.410210 8.221195
v -0.625277 0.973311 8.017925
v -0.948795 0.357200 8.046581
v 0.817886 -0.097187 5.886675
v 0.692501 0.545713 5.759394
v 0.375614 -0.083753 4.123664
v 0.474429 0.532155 4.182532
v 0.351954 0.319175 4.480602
v 0.657446 0.406336 3.437755
v 0.463516 -0.597606 3.777153
v -0.172835 -1.263611 3.454561
v 0.895159 0.152975 2.726638
v -0.759435 -0.786094 3.715192
v -0.847336 -0.272256 4.061690
v 0.179908 0.561972 6.996877
v 0.001462 0.368569 6.814099
v 0.178892 0.433495 6.617312
v 0.117676 0.481609 7.472756
v -0.062484 0.641789 7.520544
v 1.517640 0.177619 6.132545
v 1.249335 0.513942 6.310544
v 2.094628 0.466819 6.091036
v 1.480970 0.728958 5.922251
v 1.611759 0.487199 6.194509
v -0.577228 2.183989 5.463757
v -0.227618 2.248369 5.402057
v -0.801847 2.660283 5.331560
v 0.153013 1.928566 5.503288
v -0.278419 1.427860 5.830267
v 0.628597 1.594909 5.670182
v -0.421861 1.822697 5.604747
v -0.884308 0.414814 8.371892
v -0.235463 0.204534 8.672650
v -0.723923 0.637163 8.563146
v -0.865506 0.003907 8.256417
v -0.395853 -0.017821 8.481390
v -0.168742 1.059589 6.105989
v -0.220498 0.596056 6.186927
v -0.109525 0.773949 6.389933
v 0.738271 1.226649 5.945893
v 0.301666 1.012968 6.311335
v 0.508989 0.629775 6.742853
v 0.150144 0.514711 8.160906
v 0.226608 0.404121 7.841960
v -0.157129 0.279188 6.866752
v -0.465380 -0.172586 6.520575
v 0.300542 0.198732 6.673603
v 0.175479 0.440440 6.933209
v -0.132624 0.522751 7.130997
v 0.092913 0.632088 7.176053
v 1.529829 0.698898 6.271864
v 1.162298 0.903754 6.457963
v 1.213092 0.380115 6.359093
v 1.944315 1.184226 6.214587
v 1.278937 1.185761 6.068577
v 1.498942 1.017349 6.331991
v 1.184391 -1.107581 4.078583
v 1.168221 -0.544408 4.321089
v 0.615740 -0.981950 4.209133
v 1.515131 -0.842041 4.135901
v 1.473316 1.006215 4.346869
v 0.303291 1.471999 3.868781
v 1.020353 0.864757 4.618133
v 1.527986 0.350864 4.163064
v 1.110722 -0.167961 4.330817
v 0.288451 0.024641 3.323489
v -0.467236 -0.687403 3.666022
v 0.346736 -0.333948 2.607159
v -0.878322 0.349610 6.167098
v -1.313939 0.700224 5.773859
v -1.014884 1.160038 5.888507
v 0.108479 0.995657 6.491016
v 0.457209 0.728730 6.908517
v 0.796490 0.802404 6.660411
v 0.876642 -0.023775 6.504410
v -0.115529 0.495940 6.590324
v -0.371361 0.857675 4.118991
v -0.049836 0.733628 4.521454
v 0.001973 0.372297 4.605590
v 0.983980 2.309780 6.316172
v 0.500525 1.863587 6.183041
v 0.777829 1.891739 6.438046
v -0.527076 -0.310026 7.152671
v -0.060654 -0.174343 7.496945
v -0.713632 0.126899 7.264374
v -0.209201 0.939904 6.619432
v 0.230337 0.984542 7.023606
v 0.421235 1.264955 6.773115
v 0.335553 0.548754 7.210343
v 0.842168 0.440578 6.861303
v -0.181398 0.598314 4.922018
v -1.204883 2.113345 6.438809
v -1.028365 1.481866 6.345678
v -0.905323 1.763539 6.556521
v -1.251383 -1.519784 3.173692
v -0.669550 -1.224771 3.382375
v -1.380263 -0.868516 3.327459
v -0.684584 1.498574 6.683616
v -0.836781 1.158589 6.438641
v -0.775833 0.543441 6.457865
v -0.421861 1.822697 5.604747
v -0.738345 1.925739 5.169019
v -0.630852 1.508145 5.259656
v -0.577228 2.183989 5.463757
v -0.684584 1.498574 6.683616
v -0.775833 0.543441 6.457865
v -0.456662 1.211917 6.888097
v -0.256256 0.947209 7.138838
v -0.457422 0.505337 6.829164
v -0.198620 0.550726 7.252444
v -0.256256 0.947209 7.138838
v 0.259355 1.502540 6.603556
v -0.456662 1.211917 6.888097
v -0.198620 0.550726 7.252444
v 0.197058 0.870961 7.274090
v 0.459756 1.237840 6.854288
v -0.127561 0.624106 8.129791
v -0.078268 0.760149 7.835178
v 0.064018 0.718602 7.803346
v 0.014616 0.490821 7.832050
v -0.104632 0.479636 9.966478
v -0.180049 0.471580 10.001343
v -1.075389 -0.673702 5.876627
v -1.305574 -0.421273 5.844317
v -1.358927 -1.089386 5.760645
v -0.849719 -0.371727 6.002194
v -1.228225 0.043345 5.949063
v -0.987961 -2.424939 3.045523
v 0.610319 0.175058 8.895637
v 0.438098 0.753497 9.001913
v 0.205851 0.655858 9.181900
v 0.378079 0.077422 9.075617
v 0.794394 0.508256 8.787518
v -0.794204 -0.032237 5.154116
v 0.085942 0.028688 4.979781
v -0.457671 0.174630 5.462414
v 0.024104 -0.312878 4.417952
v 0.283229 0.419378 4.857183
v 0.529732 0.290441 4.212326
v 0.792068 0.036932 3.597177
v -0.356691 0.779988 9.635962
v -0.041575 0.704233 9.599638
v -0.297690 0.676876 9.718039
v -0.245308 0.585390 9.815001
v -0.314607 0.889571 9.535626
v -0.490165 1.013443 9.525897
v -0.194362 0.797325 9.560922
v -0.185815 0.493437 8.635648
v -0.001601 0.469703 8.800429
v -0.034939 0.516921 8.834765
v -0.079821 0.345999 8.526876
v -0.327713 0.552358 6.766663
v -0.138136 0.132054 6.550701
v -0.896144 0.555283 6.441474
v 0.123432 0.541307 7.059519
v -0.099772 0.665935 7.027359
v -1.299533 0.496812 6.583520
v -1.108326 0.690921 6.962977
v -1.445097 0.695022 6.847783
v -1.894967 0.682457 6.740838
v 2.094628 0.466819 6.091036
v 1.090501 0.807531 5.979922
v 0.544578 1.150886 5.842196
v 0.600080 0.609578 9.020579
v 0.168497 0.963064 9.122702
v 0.043432 0.768063 9.291348
v 0.566500 0.960040 8.919746
v -0.188647 0.299973 6.957706
v -1.001987 1.181198 6.901196
v -0.394765 0.181361 6.507159
v 0.818824 -0.199271 4.607698
v 1.020036 0.659421 4.065081
v 0.611245 0.692818 4.512929
v 0.493741 0.135578 4.897108
v -0.538199 0.759870 5.339608
v -0.099253 0.889065 7.569637
v -0.251626 1.387685 7.279067
v -0.118646 0.304424 5.913779
v 0.132606 0.518576 6.111448
v 0.077893 0.500676 6.184612
v 0.063909 0.353807 5.690676
v -0.356183 0.666020 6.677364
v -0.917341 0.854291 6.371413
v -0.087930 0.700978 6.930952
v 0.087924 0.508140 6.955637
v -1.006375 -0.340352 6.845166
v -0.636843 -0.303741 7.055451
v -0.927000 0.071784 6.909431
v -1.081650 -0.927799 6.820324
v -0.549853 -0.603768 6.719316
v -0.829919 -0.568730 6.933965
v 1.589389 1.883154 3.321134
v 1.666874 2.784407 3.241757
v 1.490496 1.254267 3.445725
v 0.358486 1.864894 4.681075
v -0.587684 1.397235 4.924297
v 0.224729 0.157544 7.147900
v -0.422383 -0.029211 7.250039
v 0.257494 -0.114252 6.728983
v -0.122919 0.403586 9.679405
v -0.210452 0.410132 9.439897
v -0.086362 0.530143 8.190528
v 0.166993 0.444321 8.010840
v 0.112449 0.617088 8.217658
v -0.782549 2.301899 4.394832
v -0.863494 1.779666 4.650137
v -0.266474 2.075568 4.501965
v -1.140549 2.122893 4.473580
v -0.289690 -0.929009 5.075850
v 0.152906 -0.364305 5.327843
v -0.769258 -0.549276 5.274282
v 0.314211 -0.820326 5.123137
v 0.153681 0.867753 6.805789
v 0.243779 0.701229 6.993311
v 0.264838 -0.173400 6.582080
v 0.072296 0.512339 9.116181
v 0.075799 0.413491 8.833601
v -0.129747 0.604023 9.023285
v -0.099172 0.362910 8.870475
v 0.014085 0.476628 9.055526
v -0.405477 -0.695273 7.084825
v -0.113216 -0.500961 7.300073
v -0.153789 -0.811394 7.174465
v -0.201651 -1.228695 7.053738
v 0.105777 -0.709107 6.976484
v -0.201651 -1.228695 7.053738
v -1.604441 0.336270 5.707758
v -1.983603 -0.201644 5.688483
v -0.911933 -0.039521 5.678589
v -0.684584 1.498574 6.683616
v -1.028365 1.481866 6.345678
v -0.836781 1.158589 6.438641
v -0.905323 1.763539 6.556521
v 0.537371 -0.097448 6.752509
v 0.262403 1.211220 6.020979
v 0.201996 -0.376742 7.059648
v 0.569450 0.073978 7.016352
v 0.255599 0.226757 7.789197
v 0.407310 0.280878 7.421324
v -0.235745 0.464468 7.877316
v -0.004106 0.118736 7.735115
v -0.657086 0.419970 7.502534
v 0.127648 0.665441 8.164155
v 0.214741 0.596235 7.842755
v -0.024913 0.424389 9.596351
v -0.063191 0.628771 9.464734
v -0.151999 0.528477 9.626421
v 0.493659 -0.699641 7.251877
v 0.573233 -0.330761 7.397669
v 1.007574 -0.916575 7.184028
v 0.823231 -0.365299 7.043352
v 0.753903 -0.585838 7.287389
v -1.380423 0.993183 6.810213
v -1.894967 0.682457 6.740838
v -0.931551 0.450220 6.642062
v 0.335587 -2.147242 3.839695
v 0.497690 -0.761919 3.743275
v 0.710948 -0.702025 5.091914
v 1.181665 -0.342868 5.184967
v -0.126201 0.316093 7.970820
v -0.419562 -0.068517 7.697047
v 0.008241 0.665722 8.267244
v 0.199525 0.572702 8.105551
v 0.116825 0.723377 7.956516
v 0.230921 0.335172 7.096756
v 0.018656 0.438047 7.357729
v -0.004946 0.681326 7.403663
v 1.267272 0.179116 7.313448
v 1.040978 0.454807 7.488883
v 0.909254 0.024987 7.380341
v 1.756849 0.431889 7.277985
v 1.227332 0.659261 7.163076
v 1.347383 0.440511 7.379457
v -1.840570 -0.490062 3.873738
v -2.032499 -1.324502 3.755860
v -1.656004 0.081944 4.015061
v -0.860403 -0.179359 4.337674
v -1.495076 0.762049 4.244585
v -0.844605 -0.557051 3.601919
v -0.042516 -0.263945 3.393890
v -1.081650 -0.927799 6.820324
v 0.058251 0.046904 4.044112
v -0.192475 0.522580 9.587759
v -0.190354 0.610240 9.343279
v -0.139372 0.424580 9.418488
v 0.070489 0.511462 9.272864
v -0.055709 0.584134 9.451161
v 1.047961 2.050101 7.400684
v 0.621605 1.715000 7.203043
v 0.831319 1.700261 7.450120
v 1.001263 1.238742 6.464636
v 1.033060 0.720983 6.610823
v 1.013651 1.682059 6.375495
v 0.613489 1.583520 6.567495
v 0.402856 1.458509 7.218705
v 0.657531 1.440615 7.518748
v -0.296734 -0.346287 6.794786
v -0.880191 0.563274 7.019650
v -0.442341 1.612998 5.699711
v 0.284042 0.533747 7.953954
v 0.243445 0.926340 7.819241
v 0.745106 0.428342 7.700879
v 0.130167 0.503242 7.915373
v -0.058193 0.386205 7.733417
v 0.134721 0.362078 7.585575
v 0.455252 0.488637 5.310062
v -0.029179 0.594646 5.736623
v 0.195343 0.389190 5.653498
v 0.121575 0.797063 5.443626
v 0.891953 1.431295 7.542562
v 0.548422 1.359369 7.699865
v 0.697519 1.615187 7.591997
v 0.465654 1.598434 7.372690
v 0.266847 1.339021 7.433544
v 0.884880 1.962731 7.490896
v 0.884880 1.962731 7.490896
v 2.287601 0.960097 5.083160
v -0.468015 1.853778 4.906720
v -0.067398 1.684509 5.206986
v -1.241603 0.717220 4.375754
v -0.188424 1.055052 7.339451
v -0.165449 0.837852 7.734073
v -0.456662 1.211917 6.888097
v -0.457422 0.505337 6.829164
v -0.256256 0.947209 7.138838
v -0.775833 0.543441 6.457865
v 0.706519 0.387355 7.953398
v 0.146193 0.509750 6.889246
v -0.518009 0.389796 4.338104
v -1.364379 0.355910 3.928183
v -0.243023 -0.206151 4.014848
v -0.172536 0.570228 4.687869
v 0.157660 0.404718 4.713384
v -0.412290 1.686188 7.567663
v -0.506582 1.368161 7.748545
v -0.097829 1.498735 7.653063
v -0.876725 1.922166 7.504074
v -0.756174 1.382071 7.428285
v -0.660874 1.606783 7.625727
v -0.096298 0.531340 9.860660
v -0.262359 -1.047961 2.852668
v -1.588585 -0.125329 3.579370
v 0.242430 0.428374 9.081401
v -0.041685 -0.113478 8.970440
v -0.232611 0.869622 8.159909
v 0.288718 1.315327 7.785473
v -0.356196 1.109305 7.936124
v -0.383655 0.513439 7.846973
v -0.137452 0.393116 5.016638
v -0.286163 0.495380 4.507486
v 0.092879 0.608436 8.677303
v -0.055741 0.475732 8.709557
v -0.790071 1.495041 7.805598
v -0.750365 1.152600 7.949049
v -0.984618 1.321338 7.847816
v -1.305910 1.535690 7.753517
v -0.986998 1.101683 7.628708
v -1.305910 1.535690 7.753517
v 0.299393 -1.712837 3.292937
v 1.025050 -2.289231 3.151362
v 0.818214 -0.768682 2.968296
v 1.007574 -0.916575 7.184028
v 0.566536 0.489961 6.981483
v 0.657420 -0.062940 7.101316
v 1.082749 1.027030 4.998309
v 0.376728 1.234942 4.863498
v 0.897793 -0.253945 5.436341
v -0.306635 0.417338 7.964040
v -0.516733 0.424189 7.579931
v -0.753252 0.885853 7.682971
v -0.878322 0.349610 6.167098
v -0.145455 0.192348 6.086176
v -0.557745 0.488195 6.432165
v -0.244363 -0.107076 5.678417
v -0.277032 0.027173 5.623340
v -1.267758 0.210650 5.146006
v -0.444896 -0.355246 5.343607
v -1.024134 0.569613 5.367204
v 0.061409 0.801787 8.469625
v 0.401147 0.702058 4.718908
v 0.137758 0.352441 6.923491
v -0.028114 0.533213 7.181446
v 0.043783 0.769718 7.228785
v -1.226345 0.302775 7.939609
v -1.191135 0.538134 7.834249
v -1.599316 0.226744 7.842085
v -1.599316 0.226744 7.842085
v -1.074297 0.087409 7.782999
v -1.226345 0.302775 7.939609
v -0.645095 -0.756673 5.090492
v -1.136420 -0.935360 4.894705
v -0.808706 -1.148005 4.935860
v -1.186705 -0.397943 5.012035
v -1.243850 0.922274 5.715841
v -1.520796 0.696773 5.312410
v -1.125779 0.543466 5.423206
v -1.622014 1.001740 5.577179
v -1.049050 1.573282 3.959861
v -1.128213 0.440146 4.190052
v -0.948795 0.357200 8.046581
v -0.283396 -0.109146 7.833301
v -0.656216 0.410210 8.221195
v -0.391951 0.455928 8.427447
v -0.143353 0.120216 8.172505
v -0.079821 0.345999 8.526876
v -0.391951 0.455928 8.427447
v -0.079821 0.345999 8.526876
v -0.185815 0.493437 8.635648
v -0.172360 0.739823 8.535584
v -0.391951 0.455928 8.427447
v -0.185815 0.493437 8.635648
v -0.172360 0.739823 8.535584
v -0.383412 1.004213 8.232212
v -0.391951 0.455928 8.427447
v -0.071354 0.626349 9.408959
v 0.021335 0.644087 9.140287
v -0.040694 1.003345 5.591983
v 0.109299 0.734412 5.900196
v -0.029338 0.462141 5.939244
v -0.878216 -0.205144 7.892527
v -0.849712 0.057385 8.182462
v -1.087158 -0.093258 8.081371
v -1.400832 -0.302148 7.987696
v -1.596874 1.100647 3.768523
v -2.098422 0.739794 3.655217
v -2.770070 0.176441 3.586308
v -0.500963 -0.246986 3.320456
v -1.333280 0.038716 3.479390
v 0.983980 2.309780 6.316172
v 0.276734 1.549328 6.257823
v -0.251935 1.196597 6.154095
v -0.656216 0.410210 8.221195
v -0.143353 0.120216 8.172505
v -0.391951 0.455928 8.427447
v -0.283396 -0.109146 7.833301
v -0.007855 0.570334 9.356931
v -0.159808 0.465152 9.333080
v -0.157542 0.280150 9.145364
v -0.002927 0.613382 9.311474
v 0.066548 0.435273 9.180545
v 0.082028 0.570517 9.037735
v 0.125415 0.775075 8.320404
v 0.412299 1.075652 8.009252
v 0.084222 0.604850 8.550140
v -0.105682 0.544184 8.594499
v -0.879575 -0.347712 8.187405
v -0.555924 -0.270304 8.325815
v -0.691305 -0.514476 8.229607
v -0.860726 -0.845815 8.140789
v -0.299478 -0.244985 8.069181
v -0.860726 -0.845815 8.140789
v -0.480133 -0.493629 8.018278
v -1.158994 0.144007 8.009681
v -1.400832 -0.302148 7.987696
v -0.967840 0.447526 8.064575
v -0.591085 0.208312 8.345640
v -0.777471 0.823861 8.159638
v -0.083861 -0.063284 7.887226
v -0.595975 -0.078484 7.953135
v -0.351234 0.436378 9.725892
v 0.010807 0.612750 9.696594
v -0.587530 0.563799 7.456838
v 0.099255 0.237589 8.337700
v 0.116780 0.032798 7.968390
v 0.952752 0.670845 7.530011
v 0.451097 1.168850 7.648368
v 0.046287 0.377276 8.724919
v -0.311292 0.550782 8.822919
v 0.246614 0.629937 6.123200
v 0.774512 0.612636 5.644409
v 0.061074 1.106710 5.964535
v -0.066562 0.846173 6.262942
v 0.053619 0.500848 6.444917
v -0.163677 0.650122 6.540727
v -0.417741 -1.013019 8.269458
v -0.180649 -0.561407 8.139083
v -0.359277 -0.650107 8.357684
v 0.207575 -0.371339 8.606487
v 0.341178 0.064615 8.807988
v -0.174857 -0.292586 8.726987
v -0.876725 1.922166 7.504074
v -0.622310 1.095273 7.508775
v -0.794204 -0.032237 5.154116
v -1.435456 0.256091 4.743245
v -1.160786 -0.315191 4.904887
v -1.289453 0.708683 4.930024
v -0.307602 0.461259 8.953271
v -0.135728 0.162913 8.791552
v -0.735273 0.413628 8.720411
v 0.111142 0.690788 7.116153
v 0.232745 0.624861 6.745029
v 0.284353 0.846500 6.320405
v 0.186877 0.601752 6.607806
v -0.080206 0.552562 6.654943
v 0.044449 -0.654585 8.435199
v 0.193915 -0.362196 8.558382
v 0.427588 -0.951679 8.375594
v 0.393524 -0.448869 8.250372
v 0.288022 -0.616756 8.463941
v -0.905323 1.763539 6.556521
v -0.629331 1.875553 6.446849
v -1.204883 2.113345 6.438809
v -0.684584 1.498574 6.683616
v -0.230764 1.682767 6.503275
v -0.459924 0.448660 9.581571
v -0.437850 0.665823 9.567692
v 0.367812 0.324446 8.191284
v 0.221137 0.444110 8.556415
v -0.825642 0.156584 8.533722
v -0.226100 -0.094138 8.604856
v 0.147403 0.303519 8.445075
v 0.207527 0.121201 8.074204
v -0.245072 0.338752 9.053385
v -0.577997 0.079826 8.820335
v 0.172804 0.569248 5.334919
v 0.276606 0.493471 8.241770
v 0.087121 0.443244 8.460980
v -0.061420 0.583724 8.498748
v 0.528842 -0.466099 8.532694
v 0.534644 -0.144947 8.657823
v 0.727751 -0.328421 8.563910
v 0.994269 -0.563233 8.475965
v 0.750233 -0.132081 8.356570
v 0.994269 -0.563233 8.475965
v -0.200333 1.190505 9.133284
v -0.362370 0.642643 9.392927
v -0.009634 1.062691 9.296047
v -0.553075 0.770461 9.230162
v -0.545584 1.163890 9.036020
v 0.561943 0.093487 8.406034
v 0.395741 0.541245 8.304669
v -0.058000 1.204613 7.048591
v -0.088965 0.949686 7.427631
v 0.975479 1.124972 7.443736
v 0.432321 0.623106 6.240570
v 0.176804 0.268361 8.991543
v -0.339226 -0.088846 8.910537
v 0.078277 0.316814 4.521701
v -0.257005 0.643492 7.633360
v -0.219188 0.213066 7.488110
v -0.677002 0.805544 7.257713
v 0.068763 0.510922 7.962436
v -0.066045 0.685388 7.894595
v 0.884499 -0.019991 8.601311
v 0.742240 0.253784 8.741102
v 0.994019 0.188861 8.644075
v 1.333169 0.112798 8.552005
v 0.922667 0.381406 8.451588
v 1.333169 0.112798 8.552005
v 1.926201 0.756420 4.064334
v 1.527986 0.350864 4.163064
v 1.117703 1.310951 3.973987
v 0.303291 1.471999 3.868781
v -0.948795 0.357200 8.046581
v -0.763528 0.096361 7.854338
v -0.283396 -0.109146 7.833301
v 0.507420 -0.193210 7.494035
v 0.419762 0.526349 7.881841
v 0.211950 -0.151812 7.710574
v 0.715240 0.484950 7.665297
v 0.305095 0.805299 8.427410
v 0.129323 0.733562 8.776315
v 0.655589 0.487607 8.507350
v 0.423796 1.015973 7.140038
v 0.229462 0.873072 7.538887
v -0.052888 0.276156 9.224676
v 0.015106 0.822723 7.169092
v -0.131610 0.420489 9.966898
v -0.047269 0.486367 9.913738
v -0.110133 0.493967 9.993650
v 0.976041 0.778556 8.722205
v 0.685244 0.874875 8.854873
v 0.909664 1.001516 8.763168
v 1.203485 1.180171 8.677561
v 0.730503 1.088900 8.570271
v 1.203485 1.180171 8.677561
v 1.024677 1.508300 7.404502
v 1.047961 2.050101 7.400684
v 0.427588 -0.951679 8.375594
v 0.322033 -0.158315 8.299028
v 0.512277 1.837164 3.182805
v -0.310599 1.438489 3.053735
v 0.003170 0.965617 8.533659
v -0.078132 0.794356 8.876166
v 0.467673 0.980991 8.620625
v -0.241840 0.018659 3.961109
v 0.212427 0.579572 8.662914
v -0.099551 0.657011 9.234573
v 0.098655 0.345633 9.321277
v -0.139814 0.438232 9.979319
v -0.156645 0.396694 9.929831
v -0.109242 0.415785 9.904924
v -0.190985 0.319745 5.780418
v -0.114641 0.662268 6.003719
v -0.402192 0.643451 5.679516
v 0.018206 0.417824 6.077709
v 0.564232 1.261226 8.858340
v 0.292963 1.184086 8.984471
v 0.397881 1.397481 8.897699
v 0.528829 1.687956 8.815914
v 0.213270 1.370586 8.721359
v 0.068773 1.151422 8.770329
v 0.528829 1.687956 8.815914
v -0.590368 -0.553461 8.330268
v -0.304600 -0.379633 8.452501
v -0.684592 -0.220718 8.407419
v 1.756849 0.431889 7.277985
v 0.895185 0.720454 7.226117
v -0.279658 0.897764 8.694641
v -0.249185 0.725423 9.011857
v -0.547917 0.520403 3.815856
v 1.110722 -0.167961 4.330817
v 0.602698 0.754700 4.935864
v 0.695367 -0.280705 4.667495
v 1.020353 0.864757 4.618133
v 0.124231 0.475270 9.420382
v 0.475019 0.414583 9.189220
v -0.038872 0.527903 7.593298
v -0.180141 0.447060 9.882284
v -0.048366 0.396190 9.806110
v -0.079672 0.475386 9.913337
v -0.841752 1.166796 8.977569
v -0.769157 0.897667 9.097418
v -0.977720 1.004893 9.014907
v -1.261569 1.138722 8.938112
v -0.955047 0.825542 8.839169
v -0.741619 0.679864 8.884005
v -1.261569 1.138722 8.938112
v 0.711937 2.076522 5.189809
v 0.580535 2.785228 5.186651
v -0.113769 1.821417 5.153273
v -1.927670 -0.983670 4.608390
v -0.751554 -0.456093 4.536640
v 0.024104 -0.312878 4.417952
v -0.274068 0.063680 9.474993
v 0.067125 0.159873 9.580451
v -0.001991 0.293387 9.691429
v -0.498022 0.335076 8.803557
v 0.365475 0.576327 7.402406
v -0.391951 0.455928 8.427447
v -0.383412 1.004213 8.232212
v -0.625277 0.973311 8.017925
v -0.656216 0.410210 8.221195
v -0.072898 0.716083 9.518865
v -0.157663 0.580934 9.498389
v 0.018477 0.344664 5.954283
v -0.232161 0.547156 6.198059
v -0.366251 0.274703 5.909380
v 0.046389 0.593286 6.228539
v -0.299414 -0.286860 9.112706
v -0.396804 -0.096693 9.280738
v -0.485383 -0.269535 9.208797
v -0.604721 -0.500369 9.141880
v 1.208298 -0.806938 4.984767
v 1.181665 -0.342868 5.184967
v 0.710948 -0.702025 5.091914
v 1.494567 -0.588520 5.041356
v -0.417741 -1.013019 8.269458
v -0.087677 -0.271913 8.187038
v -0.623705 0.038980 5.441652
v -0.485362 0.714346 6.214097
v -0.844723 0.821348 5.939538
v -0.335040 0.214819 5.851387
v -0.275144 0.512308 9.592095
v -0.219582 0.253521 9.538696
v -0.489519 0.563782 9.323743
v -0.065515 0.500560 9.890688
v -0.003890 0.475281 9.734957
v -0.179124 0.237310 4.453685
v 0.002049 0.578765 4.795544
v 0.362163 0.634268 4.813788
v 0.342177 -0.291486 9.382124
v 0.294205 -0.001580 9.330756
v 0.229630 -0.116399 9.434064
v -0.067792 -0.044990 9.423239
v 0.148460 0.015976 9.490077
v 0.100356 0.475383 9.527690
v 0.223878 0.438606 9.329675
v -0.310639 0.354229 9.728869
v -0.159064 0.347874 9.867391
v -0.307253 0.421950 9.791231
v -0.162451 0.280151 9.805024
v -0.196532 0.354414 9.760309
v -0.343182 0.197190 9.585964
v 0.060385 0.481200 9.009193
v 0.109284 0.278204 8.031173
v -0.026631 0.418068 8.264255
v 0.034564 0.617762 8.314685
v 0.359701 0.377266 9.603407
v 0.271947 0.472271 9.679422
v 0.225719 0.314116 9.621843
v 0.387815 0.473448 9.638424
v 0.542267 0.477480 9.601018
v 0.341097 0.562989 9.565362
v 0.542267 0.477480 9.601018
v -0.260211 0.250788 9.703965
v -0.350648 0.336543 8.546066
v -0.537042 0.952089 8.360058
v -0.019461 0.159212 8.246758
v -0.037574 0.621186 9.712623
v 0.036481 0.479263 9.828420
v 0.148575 0.474312 9.746141
v -0.078939 0.378005 9.874285
v -0.036449 0.229730 9.737572
v -0.227112 0.159100 9.687695
v -0.166288 0.203835 9.752232
v -0.169993 0.130545 9.717048
v -0.175036 0.031087 9.681437
v -0.101173 0.158257 9.680887
v -0.175036 0.031087 9.681437
v 0.098116 -0.153474 9.393415
v 0.342177 -0.291486 9.382124
v 0.226877 0.155411 9.364625
v 0.215212 0.581007 9.590698
v 0.035158 0.691675 9.568784
v 0.075641 0.224781 9.655292
v 0.004613 0.347428 9.717247
v -0.082714 0.237490 9.708320
v -0.079452 0.548043 9.863417
v -0.120377 0.513599 9.977629
v -0.245953 0.689864 8.672448
v -0.021668 0.480604 8.946940
v -0.076552 0.661861 8.892171
v -0.071536 0.466646 9.801529
v -0.029824 0.365648 9.619261
v -0.589427 -0.149940 9.125948
v -0.604721 -0.500369 9.141880
v -0.567888 0.099958 9.144505
v -0.303467 0.086980 9.396583
v -0.573401 0.397245 9.181634
v -0.170966 -0.117729 9.164045
v 0.147981 0.044934 9.163322
v 0.075185 0.226071 9.386396
v -0.220998 0.428862 9.896759
v -0.198539 0.453969 9.964823
v -0.154903 0.432155 9.987248
v 1.944315 1.184226 6.214587
v 0.895124 1.108267 6.138080
v -0.326420 0.358364 9.114387
v -0.049983 0.391803 9.810076
v -0.844723 0.821348 5.939538
vt 0.501640 0.001120
vt 0.353560 0.183400
vt 0.501640 0.183400
vt 0.353560 0.183400
vt 0.501860 0.325340
vt 0.501640 0.183400
vt 0.325160 0.325370
vt 0.704320 0.325300
vt 0.501640 0.501960
vt 0.802020 0.501960
vt 0.501860 0.325340
vt 0.501640 0.501960
vt 0.271180 0.701820
vt 0.501860 0.701870
vt 0.169220 0.501960
vt 0.501860 0.701870
vt 0.821380 0.701950
vt 0.802020 0.501960
vt 0.501640 0.501960
vt 0.469180 0.999760
vt 0.501640 0.862520
vt 0.399650 0.862520
vt 0.501640 0.999760
vt 0.597550 0.999760
vt 0.501640 0.862520
vt 0.501640 0.999760
vt 0.501640 0.001120
vt 0.353560 0.183400
vt 0.501640 0.183400
vt 0.501860 0.325340
vt 0.353560 0.183400
vt 0.325160 0.325370
vt 0.501640 0.183400
vt 0.704320 0.325300
vt 0.501640 0.501960
vt 0.802020 0.501960
vt 0.469180 0.999760
vt 0.501640 0.862520
vt 0.399650 0.862520
vt 0.501640 0.999760
vt 0.643080 0.862510
vt 0.501860 0.701870
vt 0.501640 0.862520
vt 0.821380 0.701950
vt 0.501640 0.999760
vt 0.597550 0.999760
vt 0.501640 0.001120
vt 0.353560 0.183400
vt 0.501640 0.183400
vt 0.469180 0.999760
vt 0.501640 0.862520
vt 0.399650 0.862520
vt 0.597550 0.999760
vt 0.501640 0.862520
vt 0.501640 0.999760
vt 0.643080 0.862510
vt 0.501640 0.001120
vt 0.353560 0.183400
vt 0.501640 0.183400
vt 0.501640 0.501960
vt 0.169220 0.501960
vt 0.271180 0.701820
vt 0.501860 0.701870
vt 0.469180 0.999760
vt 0.501640 0.862520
vt 0.399650 0.862520
vt 0.597550 0.999760
vt 0.501640 0.862520
vt 0.501640 0.999760
vt 0.627180 0.183400
vt 0.501860 0.325340
vt 0.704320 0.325300
vt 0.501640 0.001120
vt 0.353560 0.183400
vt 0.501640 0.183400
vt 0.501640 0.501960
vt 0.821380 0.701950
vt 0.802020 0.501960
vt 0.501860 0.701870
vt 0.643080 0.862510
vt 0.821380 0.701950
vt 0.501860 0.701870
vt 0.469180 0.999760
vt 0.501640 0.862520
vt 0.399650 0.862520
vt 0.469180 0.999760
vt 0.501640 0.862520
vt 0.399650 0.862520
vt 0.501640 0.001120
vt 0.353560 0.183400
vt 0.501640 0.183400
vt 0.627180 0.183400
vt 0.501860 0.325340
vt 0.704320 0.325300
vt 0.469180 0.999760
vt 0.501640 0.862520
vt 0.399650 0.862520
vt 0.597550 0.999760
vt 0.501640 0.862520
vt 0.501640 0.999760
vt 0.353560 0.183400
vt 0.501860 0.325340
vt 0.501640 0.183400
vt 0.501640 0.001120
vt 0.501980 0.000740
vt 0.325160 0.325370
vt 0.169220 0.501960
vt 0.501640 0.501960
vt 0.802020 0.501960
vt 0.501640 0.501960
vt 0.169220 0.501960
vt 0.271180 0.701820
vt 0.501860 0.701870
vt 0.469180 0.999760
vt 0.501640 0.862520
vt 0.399650 0.862520
vt 0.501640 0.999760
vt 0.597550 0.999760
vt 0.501640 0.999760
vt 0.353560 0.183400
vt 0.501860 0.325340
vt 0.501640 0.183400
vt 0.501640 0.001120
vt 0.501640 0.001120
vt 0.353560 0.183400
vt 0.501640 0.183400
vt 0.643080 0.862510
vt 0.501860 0.701870
vt 0.821380 0.701950
vt 0.469180 0.999760
vt 0.501640 0.862520
vt 0.399650 0.862520
vt 0.597550 0.999760
vt 0.501640 0.862520
vt 0.501640 0.999760
vt 0.501640 0.001120
vt 0.353560 0.183400
vt 0.501640 0.183400
vt 0.501860 0.325340
vt 0.704320 0.325300
vt 0.501640 0.501960
vt 0.802020 0.501960
vt 0.501860 0.701870
vt 0.802020 0.501960
vt 0.501640 0.501960
vt 0.821380 0.701950
vt 0.469180 0.999760
vt 0.501640 0.862520
vt 0.399650 0.862520
vt 0.627180 0.183400
vt 0.501860 0.325340
vt 0.501640 0.001120
vt 0.353560 0.183400
vt 0.501640 0.183400
vt 0.501860 0.325340
vt 0.353560 0.183400
vt 0.325160 0.325370
vt 0.643080 0.862510
vt 0.501860 0.701870
vt 0.821380 0.701950
vt 0.469180 0.999760
vt 0.501640 0.862520
vt 0.399650 0.862520
vt 0.643080 0.862510
vt 0.501860 0.701870
vt 0.501640 0.862520
vt 0.821380 0.701950
vt 0.501640 0.999760
vt 0.597550 0.999760
vt 0.501640 0.183400
vt 0.627180 0.183400
vt 0.501980 0.000740
vt 0.501640 0.001120
vt 0.353560 0.183400
vt 0.501640 0.183400
vt 0.501860 0.325340
vt 0.325160 0.325370
vt 0.169220 0.501960
vt 0.501860 0.325340
vt 0.501860 0.325340
vt 0.169220 0.501960
vt 0.501640 0.501960
vt 0.501860 0.701870
vt 0.271180 0.701820
vt 0.399650 0.862520
vt 0.501860 0.701870
vt 0.399650 0.862520
vt 0.501640 0.862520
vt 0.643080 0.862510
vt 0.501860 0.701870
vt 0.501640 0.862520
vt 0.643080 0.862510
vt 0.821380 0.701950
vt 0.501860 0.701870
vt 0.469180 0.999760
vt 0.501640 0.862520
vt 0.399650 0.862520
vt 0.501640 0.999760
vt 0.643080 0.862510
vt 0.501860 0.701870
vt 0.501640 0.862520
vt 0.821380 0.701950
vt 0.597550 0.999760
vt 0.501640 0.999760
vt 0.501640 0.183400
vt 0.627180 0.183400
vt 0.501980 0.000740
vt 0.353560 0.183400
vt 0.501860 0.325340
vt 0.501640 0.183400
vt 0.501640 0.001120
vt 0.627180 0.183400
vt 0.501980 0.000740
vt 0.704320 0.325300
vt 0.501640 0.501960
vt 0.802020 0.501960
vt 0.325160 0.325370
vt 0.169220 0.501960
vt 0.353560 0.183400
vt 0.501860 0.325340
vt 0.501640 0.183400
vt 0.325160 0.325370
vt 0.271180 0.701820
vt 0.501860 0.701870
vt 0.271180 0.701820
vt 0.399650 0.862520
vt 0.501860 0.701870
vt 0.399650 0.862520
vt 0.501640 0.862520
vt 0.643080 0.862510
vt 0.643080 0.862510
vt 0.821380 0.701950
vt 0.501860 0.701870
vt 0.501640 0.862520
vt 0.469180 0.999760
vt 0.501640 0.999760
vt 0.399650 0.862520
vt 0.597550 0.999760
vt 0.501640 0.862520
vt 0.501640 0.999760
vt 0.501640 0.183400
vt 0.627180 0.183400
vt 0.501980 0.000740
vt 0.501640 0.001120
vt 0.353560 0.183400
vt 0.501640 0.183400
vt 0.627180 0.183400
vt 0.501860 0.325340
vt 0.704320 0.325300
vt 0.501860 0.325340
vt 0.325160 0.325370
vt 0.169220 0.501960
vt 0.501860 0.325340
vt 0.169220 0.501960
vt 0.501640 0.501960
vt 0.501860 0.701870
vt 0.169220 0.501960
vt 0.271180 0.701820
vt 0.501640 0.501960
vt 0.501860 0.701870
vt 0.821380 0.701950
vt 0.501860 0.701870
vt 0.271180 0.701820
vt 0.399650 0.862520
vt 0.501860 0.701870
vt 0.399650 0.862520
vt 0.501640 0.862520
vt 0.643080 0.862510
vt 0.501860 0.701870
vt 0.501640 0.862520
vt 0.643080 0.862510
vt 0.821380 0.701950
vt 0.501860 0.701870
vt 0.469180 0.999760
vt 0.399650 0.862520
vt 0.501640 0.862520
vt 0.597550 0.999760
vt 0.643080 0.862510
vt 0.501640 0.999760
vt 0.501640 0.183400
vt 0.627180 0.183400
vt 0.501980 0.000740
vt 0.501640 0.001120
vt 0.353560 0.183400
vt 0.501640 0.183400
vt 0.501860 0.325340
vt 0.325160 0.325370
vt 0.169220 0.501960
vt 0.802020 0.501960
vt 0.501860 0.701870
vt 0.821380 0.701950
vt 0.501860 0.325340
vt 0.169220 0.501960
vt 0.501640 0.501960
vt 0.501640 0.501960
vt 0.271180 0.701820
vt 0.501860 0.701870
vt 0.169220 0.501960
vt 0.501860 0.701870
vt 0.271180 0.701820
vt 0.399650 0.862520
vt 0.501860 0.701870
vt 0.399650 0.862520
vt 0.501640 0.862520
vt 0.643080 0.862510
vt 0.501860 0.701870
vt 0.501640 0.862520
vt 0.643080 0.862510
vt 0.821380 0.701950
vt 0.501860 0.701870
vt 0.597550 0.999760
vt 0.501640 0.862520
vt 0.501640 0.999760
vt 0.627180 0.183400
vt 0.501860 0.325340
vt 0.704320 0.325300
vt 0.501640 0.001120
vt 0.353560 0.183400
vt 0.501640 0.183400
vt 0.627180 0.183400
vt 0.501860 0.325340
vt 0.704320 0.325300
vt 0.501640 0.183400
vt 0.501980 0.000740
vt 0.704320 0.325300
vt 0.501640 0.501960
vt 0.802020 0.501960
vt 0.169220 0.501960
vt 0.271180 0.701820
vt 0.501640 0.501960
vt 0.501640 0.501960
vt 0.169220 0.501960
vt 0.271180 0.701820
vt 0.501860 0.701870
vt 0.501860 0.701870
vt 0.821380 0.701950
vt 0.802020 0.501960
vt 0.501640 0.501960
vt 0.469180 0.999760
vt 0.501640 0.862520
vt 0.399650 0.862520
vt 0.597550 0.999760
vt 0.501640 0.862520
vt 0.501640 0.999760
vt 0.627180 0.183400
vt 0.501860 0.325340
vt 0.704320 0.325300
vt 0.501640 0.001120
vt 0.353560 0.183400
vt 0.501640 0.183400
vt 0.627180 0.183400
vt 0.501860 0.325340
vt 0.704320 0.325300
vt 0.501640 0.183400
vt 0.501640 0.501960
vt 0.704320 0.325300
vt 0.501860 0.325340
vt 0.802020 0.501960
vt 0.501860 0.325340
vt 0.169220 0.501960
vt 0.501640 0.501960
vt 0.802020 0.501960
vt 0.501640 0.501960
vt 0.501860 0.701870
vt 0.501860 0.701870
vt 0.271180 0.701820
vt 0.399650 0.862520
vt 0.501640 0.999760
vt 0.501860 0.701870
vt 0.643080 0.862510
vt 0.501860 0.701870
vt 0.501640 0.862520
vt 0.643080 0.862510
vt 0.821380 0.701950
vt 0.501860 0.701870
vt 0.469180 0.999760
vt 0.399650 0.862520
vt 0.643080 0.862510
vt 0.501640 0.862520
vt 0.597550 0.999760
vt 0.501640 0.999760
vt 0.501640 0.183400
vt 0.627180 0.183400
vt 0.501980 0.000740
vt 0.501640 0.001120
vt 0.353560 0.183400
vt 0.501640 0.183400
vt 0.501860 0.325340
vt 0.325160 0.325370
vt 0.169220 0.501960
vt 0.501860 0.325340
vt 0.169220 0.501960
vt 0.501640 0.501960
vt 0.271180 0.701820
vt 0.399650 0.862520
vt 0.501860 0.701870
vt 0.271180 0.701820
vt 0.399650 0.862520
vt 0.501860 0.701870
vt 0.399650 0.862520
vt 0.501640 0.862520
vt 0.643080 0.862510
vt 0.501860 0.701870
vt 0.501640 0.862520
vt 0.643080 0.862510
vt 0.821380 0.701950
vt 0.501860 0.701870
vt 0.469180 0.999760
vt 0.501640 0.862520
vt 0.399650 0.862520
vt 0.597550 0.999760
vt 0.501640 0.862520
vt 0.501640 0.999760
vt 0.501640 0.183400
vt 0.627180 0.183400
vt 0.501980 0.000740
vt 0.501640 0.001120
vt 0.353560 0.183400
vt 0.501640 0.183400
vt 0.704320 0.325300
vt 0.501860 0.325340
vt 0.325160 0.325370
vt 0.169220 0.501960
vt 0.501860 0.325340
vt 0.169220 0.501960
vt 0.501640 0.501960
vt 0.501640 0.501960
vt 0.271180 0.701820
vt 0.501860 0.701870
vt 0.169220 0.501960
vt 0.501860 0.701870
vt 0.271180 0.701820
vt 0.399650 0.862520
vt 0.501860 0.701870
vt 0.399650 0.862520
vt 0.501640 0.862520
vt 0.643080 0.862510
vt 0.501860 0.701870
vt 0.501640 0.862520
vt 0.643080 0.862510
vt 0.821380 0.701950
vt 0.501860 0.701870
vt 0.469180 0.999760
vt 0.501640 0.862520
vt 0.399650 0.862520
vt 0.597550 0.999760
vt 0.501640 0.862520
vt 0.501640 0.999760
vt 0.501640 0.183400
vt 0.627180 0.183400
vt 0.501980 0.000740
vt 0.501640 0.183400
vt 0.501640 0.001120
vt 0.501860 0.325340
vt 0.325160 0.325370
vt 0.169220 0.501960
vt 0.704320 0.325300
vt 0.501640 0.501960
vt 0.802020 0.501960
vt 0.501640 0.501960
vt 0.271180 0.701820
vt 0.501860 0.701870
vt 0.169220 0.501960
vt 0.501860 0.325340
vt 0.399650 0.862520
vt 0.271180 0.701820
vt 0.802020 0.501960
vt 0.501640 0.501960
vt 0.501860 0.701870
vt 0.271180 0.701820
vt 0.399650 0.862520
vt 0.501860 0.701870
vt 0.399650 0.862520
vt 0.501640 0.862520
vt 0.501860 0.701870
vt 0.802020 0.501960
vt 0.501640 0.501960
vt 0.821380 0.701950
vt 0.643080 0.862510
vt 0.469180 0.999760
vt 0.597550 0.999760
vt 0.501640 0.999760
vt 0.627180 0.183400
vt 0.501860 0.325340
vt 0.704320 0.325300
vt 0.501640 0.001120
vt 0.353560 0.183400
vt 0.501640 0.183400
vt 0.501640 0.183400
vt 0.325160 0.325370
vt 0.501860 0.325340
vt 0.353560 0.183400
vt 0.802020 0.501960
vt 0.501640 0.501960
vt 0.169220 0.501960
vt 0.325160 0.325370
vt 0.643080 0.862510
vt 0.821380 0.701950
vt 0.501860 0.701870
vt 0.469180 0.999760
vt 0.501640 0.862520
vt 0.399650 0.862520
vt 0.597550 0.999760
vt 0.501640 0.999760
vt 0.643080 0.862510
vt 0.353560 0.183400
vt 0.501860 0.325340
vt 0.501640 0.183400
vt 0.501640 0.001120
vt 0.704320 0.325300
vt 0.501640 0.501960
vt 0.802020 0.501960
vt 0.501860 0.325340
vt 0.325160 0.325370
vt 0.169220 0.501960
vt 0.501980 0.000740
vt 0.169220 0.501960
vt 0.501640 0.501960
vt 0.325160 0.325370
vt 0.802020 0.501960
vt 0.501860 0.325340
vt 0.169220 0.501960
vt 0.501640 0.501960
vt 0.501860 0.701870
vt 0.271180 0.701820
vt 0.399650 0.862520
vt 0.501860 0.701870
vt 0.399650 0.862520
vt 0.501640 0.862520
vt 0.469180 0.999760
vt 0.399650 0.862520
vt 0.501640 0.862520
vt 0.597550 0.999760
vt 0.643080 0.862510
vt 0.501640 0.999760
vt 0.501640 0.001120
vt 0.353560 0.183400
vt 0.501640 0.183400
vt 0.501860 0.325340
vt 0.325160 0.325370
vt 0.169220 0.501960
vt 0.501980 0.000740
vt 0.704320 0.325300
vt 0.501640 0.501960
vt 0.802020 0.501960
vt 0.501860 0.325340
vt 0.501860 0.325340
vt 0.169220 0.501960
vt 0.501640 0.501960
vt 0.501860 0.701870
vt 0.821380 0.701950
vt 0.802020 0.501960
vt 0.501640 0.501960
vt 0.704320 0.325300
vt 0.501860 0.701870
vt 0.271180 0.701820
vt 0.399650 0.862520
vt 0.469180 0.999760
vt 0.501640 0.862520
vt 0.399650 0.862520
vt 0.597550 0.999760
vt 0.501640 0.999760
vt 0.627180 0.183400
vt 0.501860 0.325340
vt 0.704320 0.325300
vt 0.501640 0.183400
vt 0.501980 0.000740
vt 0.501640 0.001120
vt 0.353560 0.183400
vt 0.501640 0.183400
vt 0.501860 0.325340
vt 0.325160 0.325370
vt 0.169220 0.501960
vt 0.501860 0.325340
vt 0.353560 0.183400
vt 0.325160 0.325370
vt 0.501640 0.183400
vt 0.802020 0.501960
vt 0.501640 0.501960
vt 0.501860 0.701870
vt 0.501860 0.325340
vt 0.169220 0.501960
vt 0.501640 0.501960
vt 0.271180 0.701820
vt 0.501640 0.501960
vt 0.501860 0.701870
vt 0.271180 0.701820
vt 0.399650 0.862520
vt 0.469180 0.999760
vt 0.643080 0.862510
vt 0.501860 0.701870
vt 0.501640 0.862520
vt 0.597550 0.999760
vt 0.501640 0.999760
vt 0.353560 0.183400
vt 0.501860 0.325340
vt 0.501640 0.183400
vt 0.501640 0.001120
vt 0.704320 0.325300
vt 0.501640 0.501960
vt 0.802020 0.501960
vt 0.501860 0.325340
vt 0.325160 0.325370
vt 0.169220 0.501960
vt 0.501860 0.325340
vt 0.704320 0.325300
vt 0.501640 0.501960
vt 0.802020 0.501960
vt 0.501860 0.325340
vt 0.501860 0.325340
vt 0.169220 0.501960
vt 0.501640 0.501960
vt 0.501640 0.501960
vt 0.169220 0.501960
vt 0.271180 0.701820
vt 0.501860 0.701870
vt 0.501860 0.701870
vt 0.271180 0.701820
vt 0.399650 0.862520
vt 0.643080 0.862510
vt 0.501860 0.701870
vt 0.821380 0.701950
vt 0.469180 0.999760
vt 0.501640 0.862520
vt 0.399650 0.862520
vt 0.643080 0.862510
vt 0.821380 0.701950
vt 0.501860 0.701870
vt 0.597550 0.999760
vt 0.501640 0.999760
vt 0.501640 0.001120
vt 0.353560 0.183400
vt 0.501640 0.183400
vt 0.501860 0.325340
vt 0.325160 0.325370
vt 0.169220 0.501960
vt 0.802020 0.501960
vt 0.501640 0.501960
vt 0.501860 0.701870
vt 0.704320 0.325300
vt 0.501860 0.325340
vt 0.169220 0.501960
vt 0.501640 0.501960
vt 0.501860 0.701870
vt 0.399650 0.862520
vt 0.501640 0.862520
vt 0.271180 0.701820
vt 0.821380 0.701950
vt 0.501860 0.701870
vt 0.271180 0.701820
vt 0.399650 0.862520
vt 0.501860 0.701870
vt 0.399650 0.862520
vt 0.501640 0.862520
vt 0.802020 0.501960
vt 0.501640 0.501960
vt 0.469180 0.999760
vt 0.501640 0.862520
vt 0.399650 0.862520
vt 0.501640 0.999760
vt 0.501640 0.862520
vt 0.597550 0.999760
vt 0.643080 0.862510
vt 0.501640 0.999760
vt 0.627180 0.183400
vt 0.501860 0.325340
vt 0.501640 0.183400
vt 0.501980 0.000740
vt 0.353560 0.183400
vt 0.501640 0.001120
vt 0.627180 0.183400
vt 0.501860 0.325340
vt 0.704320 0.325300
vt 0.501640 0.183400
vt 0.325160 0.325370
vt 0.169220 0.501960
vt 0.271180 0.701820
vt 0.469180 0.999760
vt 0.501640 0.862520
vt 0.399650 0.862520
vt 0.597550 0.999760
vt 0.501640 0.862520
vt 0.501640 0.999760
vt 0.627180 0.183400
vt 0.501860 0.325340
vt 0.501640 0.183400
vt 0.501980 0.000740
vt 0.353560 0.183400
vt 0.501640 0.001120
vt 0.704320 0.325300
vt 0.501640 0.501960
vt 0.501860 0.325340
vt 0.353560 0.183400
vt 0.325160 0.325370
vt 0.501640 0.183400
vt 0.704320 0.325300
vt 0.501640 0.501960
vt 0.802020 0.501960
vt 0.501860 0.325340
vt 0.325160 0.325370
vt 0.169220 0.501960
vt 0.501860 0.701870
vt 0.399650 0.862520
vt 0.501640 0.862520
vt 0.271180 0.701820
vt 0.501640 0.501960
vt 0.704320 0.325300
vt 0.169220 0.501960
vt 0.802020 0.501960
vt 0.821380 0.701950
vt 0.469180 0.999760
vt 0.501640 0.862520
vt 0.399650 0.862520
vt 0.597550 0.999760
vt 0.501640 0.999760
vt 0.627180 0.183400
vt 0.501860 0.325340
vt 0.501640 0.001120
vt 0.353560 0.183400
vt 0.501640 0.183400
vt 0.501640 0.183400
vt 0.627180 0.183400
vt 0.501980 0.000740
vt 0.704320 0.325300
vt 0.501640 0.501960
vt 0.802020 0.501960
vt 0.501860 0.325340
vt 0.802020 0.501960
vt 0.501860 0.701870
vt 0.821380 0.701950
vt 0.704320 0.325300
vt 0.501640 0.501960
vt 0.501860 0.701870
vt 0.399650 0.862520
vt 0.501640 0.862520
vt 0.821380 0.701950
vt 0.271180 0.701820
vt 0.501860 0.701870
vt 0.469180 0.999760
vt 0.399650 0.862520
vt 0.643080 0.862510
vt 0.821380 0.701950
vt 0.501860 0.701870
vt 0.501640 0.862520
vt 0.597550 0.999760
vt 0.501640 0.999760
vt 0.627180 0.183400
vt 0.501860 0.325340
vt 0.704320 0.325300
vt 0.501640 0.001120
vt 0.353560 0.183400
vt 0.501640 0.183400
vt 0.627180 0.183400
vt 0.501860 0.325340
vt 0.704320 0.325300
vt 0.501640 0.183400
vt 0.501860 0.325340
vt 0.169220 0.501960
vt 0.501640 0.501960
vt 0.704320 0.325300
vt 0.802020 0.501960
vt 0.271180 0.701820
vt 0.501640 0.501960
vt 0.169220 0.501960
vt 0.501640 0.501960
vt 0.704320 0.325300
vt 0.802020 0.501960
vt 0.271180 0.701820
vt 0.501860 0.701870
vt 0.501640 0.501960
vt 0.802020 0.501960
vt 0.469180 0.999760
vt 0.643080 0.862510
vt 0.597550 0.999760
vt 0.501640 0.999760
vt 0.501640 0.001120
vt 0.353560 0.183400
vt 0.501640 0.183400
vt 0.704320 0.325300
vt 0.501640 0.501960
vt 0.802020 0.501960
vt 0.271180 0.701820
vt 0.501860 0.701870
vt 0.501640 0.501960
vt 0.643080 0.862510
vt 0.821380 0.701950
vt 0.469180 0.999760
vt 0.501640 0.001120
vt 0.353560 0.183400
vt 0.501640 0.183400
vt 0.627180 0.183400
vt 0.501860 0.325340
vt 0.704320 0.325300
vt 0.501860 0.325340
vt 0.325160 0.325370
vt 0.169220 0.501960
vt 0.501860 0.325340
vt 0.353560 0.183400
vt 0.325160 0.325370
vt 0.501640 0.183400
vt 0.501860 0.325340
vt 0.169220 0.501960
vt 0.501640 0.501960
vt 0.501860 0.701870
vt 0.271180 0.701820
vt 0.399650 0.862520
vt 0.501860 0.701870
vt 0.802020 0.501960
vt 0.501640 0.501960
vt 0.399650 0.862520
vt 0.643080 0.862510
vt 0.821380 0.701950
vt 0.469180 0.999760
vt 0.399650 0.862520
vt 0.597550 0.999760
vt 0.501640 0.999760
vt 0.597550 0.999760
vt 0.501640 0.999760
vt 0.501640 0.183400
vt 0.627180 0.183400
vt 0.501980 0.000740
vt 0.501860 0.325340
vt 0.704320 0.325300
vt 0.501980 0.000740
vt 0.802020 0.501960
vt 0.501640 0.501960
vt 0.501860 0.701870
vt 0.821380 0.701950
vt 0.704320 0.325300
vt 0.501640 0.501960
vt 0.271180 0.701820
vt 0.501860 0.701870
vt 0.169220 0.501960
vt 0.399650 0.862520
vt 0.271180 0.701820
vt 0.169220 0.501960
vt 0.501860 0.325340
vt 0.802020 0.501960
vt 0.501640 0.501960
vt 0.501860 0.701870
vt 0.627180 0.183400
vt 0.501980 0.000740
vt 0.704320 0.325300
vt 0.501640 0.862520
vt 0.469180 0.999760
vt 0.501640 0.999760
vt 0.399650 0.862520
vt 0.643080 0.862510
vt 0.501860 0.701870
vt 0.821380 0.701950
vt 0.501640 0.999760
vt 0.597550 0.999760
vt 0.353560 0.183400
vt 0.501860 0.325340
vt 0.501640 0.183400
vt 0.501640 0.001120
vt 0.501980 0.000740
vt 0.325160 0.325370
vt 0.169220 0.501960
vt 0.802020 0.501960
vt 0.501640 0.501960
vt 0.501860 0.701870
vt 0.704320 0.325300
vt 0.271180 0.701820
vt 0.704320 0.325300
vt 0.169220 0.501960
vt 0.501640 0.501960
vt 0.169220 0.501960
vt 0.271180 0.701820
vt 0.501860 0.701870
vt 0.501860 0.701870
vt 0.643080 0.862510
vt 0.821380 0.701950
vt 0.501640 0.862520
vt 0.469180 0.999760
vt 0.501640 0.999760
vt 0.399650 0.862520
vt 0.643080 0.862510
vt 0.821380 0.701950
vt 0.597550 0.999760
vt 0.501640 0.999760
vt 0.627180 0.183400
vt 0.501860 0.325340
vt 0.704320 0.325300
vt 0.501640 0.001120
vt 0.353560 0.183400
vt 0.501640 0.183400
vt 0.627180 0.183400
vt 0.501980 0.000740
vt 0.704320 0.325300
vt 0.802020 0.501960
vt 0.501640 0.501960
vt 0.271180 0.701820
vt 0.501640 0.501960
vt 0.169220 0.501960
vt 0.469180 0.999760
vt 0.399650 0.862520
vt 0.597550 0.999760
vt 0.501640 0.862520
vt 0.501640 0.999760
vt 0.627180 0.183400
vt 0.501860 0.325340
vt 0.704320 0.325300
vt 0.501640 0.183400
vt 0.704320 0.325300
vt 0.501640 0.501960
vt 0.802020 0.501960
vt 0.501860 0.325340
vt 0.399650 0.862520
vt 0.501640 0.862520
vt 0.821380 0.701950
vt 0.469180 0.999760
vt 0.399650 0.862520
vt 0.597550 0.999760
vt 0.501640 0.862520
vt 0.501640 0.999760
vt 0.627180 0.183400
vt 0.501860 0.325340
vt 0.501640 0.183400
vt 0.501980 0.000740
vt 0.353560 0.183400
vt 0.501640 0.001120
vt 0.627180 0.183400
vt 0.501980 0.000740
vt 0.325160 0.325370
vt 0.501860 0.325340
vt 0.353560 0.183400
vt 0.325160 0.325370
vt 0.501640 0.183400
vt 0.821380 0.701950
vt 0.169220 0.501960
vt 0.325160 0.325370
vt 0.169220 0.501960
vt 0.501860 0.701870
vt 0.271180 0.701820
vt 0.643080 0.862510
vt 0.501860 0.701870
vt 0.821380 0.701950
vt 0.469180 0.999760
vt 0.399650 0.862520
vt 0.597550 0.999760
vt 0.501640 0.862520
vt 0.501640 0.999760
vt 0.627180 0.183400
vt 0.501860 0.325340
vt 0.501640 0.001120
vt 0.353560 0.183400
vt 0.501640 0.183400
vt 0.627180 0.183400
vt 0.501980 0.000740
vt 0.325160 0.325370
vt 0.501980 0.000740
vt 0.325160 0.325370
vt 0.704320 0.325300
vt 0.501860 0.325340
vt 0.643080 0.862510
vt 0.821380 0.701950
vt 0.469180 0.999760
vt 0.501640 0.862520
vt 0.399650 0.862520
vt 0.643080 0.862510
vt 0.597550 0.999760
vt 0.501640 0.999760
vt 0.627180 0.183400
vt 0.501860 0.325340
vt 0.704320 0.325300
vt 0.501640 0.001120
vt 0.353560 0.183400
vt 0.501640 0.183400
vt 0.627180 0.183400
vt 0.501980 0.000740
vt 0.704320 0.325300
vt 0.501640 0.501960
vt 0.802020 0.501960
vt 0.325160 0.325370
vt 0.169220 0.501960
vt 0.501980 0.000740
vt 0.271180 0.701820
vt 0.469180 0.999760
vt 0.399650 0.862520
vt 0.597550 0.999760
vt 0.501640 0.862520
vt 0.501640 0.999760
vt 0.501640 0.001120
vt 0.353560 0.183400
vt 0.501640 0.183400
vt 0.704320 0.325300
vt 0.802020 0.501960
vt 0.627180 0.183400
vt 0.501860 0.325340
vt 0.325160 0.325370
vt 0.501860 0.325340
vt 0.325160 0.325370
vt 0.802020 0.501960
vt 0.802020 0.501960
vt 0.643080 0.862510
vt 0.501860 0.701870
vt 0.821380 0.701950
vt 0.469180 0.999760
vt 0.501640 0.862520
vt 0.399650 0.862520
vt 0.643080 0.862510
vt 0.501640 0.999760
vt 0.597550 0.999760
vt 0.501640 0.862520
vt 0.627180 0.183400
vt 0.501860 0.325340
vt 0.501640 0.183400
vt 0.353560 0.183400
vt 0.325160 0.325370
vt 0.501980 0.000740
vt 0.501640 0.001120
vt 0.501980 0.000740
vt 0.802020 0.501960
vt 0.821380 0.701950
vt 0.325160 0.325370
vt 0.169220 0.501960
vt 0.271180 0.701820
vt 0.501640 0.501960
vt 0.271180 0.701820
vt 0.501860 0.701870
vt 0.169220 0.501960
vt 0.821380 0.701950
vt 0.469180 0.999760
vt 0.643080 0.862510
vt 0.821380 0.701950
vt 0.501860 0.701870
vt 0.597550 0.999760
vt 0.501640 0.999760
vt 0.627180 0.183400
vt 0.501860 0.325340
vt 0.704320 0.325300
vt 0.501640 0.001120
vt 0.353560 0.183400
vt 0.501640 0.183400
vt 0.643080 0.862510
vt 0.325160 0.325370
vt 0.802020 0.501960
vt 0.501860 0.701870
vt 0.821380 0.701950
vt 0.501860 0.701870
vt 0.802020 0.501960
vt 0.501640 0.501960
vt 0.271180 0.701820
vt 0.469180 0.999760
vt 0.399650 0.862520
vt 0.597550 0.999760
vt 0.501640 0.999760
vt 0.627180 0.183400
vt 0.501860 0.325340
vt 0.501640 0.183400
vt 0.501980 0.000740
vt 0.353560 0.183400
vt 0.501640 0.001120
vt 0.627180 0.183400
vt 0.501980 0.000740
vt 0.325160 0.325370
vt 0.501980 0.000740
vt 0.169220 0.501960
vt 0.325160 0.325370
vt 0.325160 0.325370
vt 0.169220 0.501960
vt 0.802020 0.501960
vt 0.271180 0.701820
vt 0.169220 0.501960
vt 0.325160 0.325370
vt 0.501640 0.501960
vt 0.271180 0.701820
vt 0.501860 0.701870
vt 0.169220 0.501960
vt 0.501860 0.701870
vt 0.802020 0.501960
vt 0.501640 0.501960
vt 0.821380 0.701950
vt 0.643080 0.862510
vt 0.469180 0.999760
vt 0.643080 0.862510
vt 0.597550 0.999760
vt 0.501640 0.999760
vt 0.501640 0.183400
vt 0.627180 0.183400
vt 0.501980 0.000740
vt 0.501640 0.001120
vt 0.353560 0.183400
vt 0.501640 0.183400
vt 0.501860 0.325340
vt 0.627180 0.183400
vt 0.501640 0.183400
vt 0.704320 0.325300
vt 0.501860 0.325340
vt 0.353560 0.183400
vt 0.325160 0.325370
vt 0.501640 0.183400
vt 0.802020 0.501960
vt 0.501640 0.501960
vt 0.501860 0.325340
vt 0.169220 0.501960
vt 0.501640 0.501960
vt 0.501860 0.701870
vt 0.271180 0.701820
vt 0.399650 0.862520
vt 0.501860 0.701870
vt 0.399650 0.862520
vt 0.501640 0.862520
vt 0.643080 0.862510
vt 0.501860 0.701870
vt 0.501640 0.862520
vt 0.643080 0.862510
vt 0.821380 0.701950
vt 0.501860 0.701870
vt 0.469180 0.999760
vt 0.399650 0.862520
vt 0.643080 0.862510
vt 0.597550 0.999760
vt 0.501640 0.999760
vt 0.353560 0.183400
vt 0.501860 0.325340
vt 0.501640 0.183400
vt 0.501640 0.001120
vt 0.704320 0.325300
vt 0.627180 0.183400
vt 0.501980 0.000740
vt 0.169220 0.501960
vt 0.325160 0.325370
vt 0.501980 0.000740
vt 0.325160 0.325370
vt 0.169220 0.501960
vt 0.501640 0.501960
vt 0.271180 0.701820
vt 0.501860 0.701870
vt 0.169220 0.501960
vt 0.501640 0.999760
vt 0.597550 0.999760
vt 0.643080 0.862510
vt 0.469180 0.999760
vt 0.501640 0.862520
vt 0.399650 0.862520
vt 0.643080 0.862510
vt 0.821380 0.701950
vt 0.597550 0.999760
vt 0.501640 0.999760
vt 0.627180 0.183400
vt 0.501860 0.325340
vt 0.501640 0.183400
vt 0.501980 0.000740
vt 0.325160 0.325370
vt 0.501640 0.001120
vt 0.353560 0.183400
vt 0.627180 0.183400
vt 0.501980 0.000740
vt 0.704320 0.325300
vt 0.501640 0.501960
vt 0.802020 0.501960
vt 0.169220 0.501960
vt 0.325160 0.325370
vt 0.271180 0.701820
vt 0.821380 0.701950
vt 0.169220 0.501960
vt 0.271180 0.701820
vt 0.169220 0.501960
vt 0.802020 0.501960
vt 0.501640 0.501960
vt 0.399650 0.862520
vt 0.643080 0.862510
vt 0.643080 0.862510
vt 0.821380 0.701950
vt 0.501860 0.701870
vt 0.501640 0.862520
vt 0.597550 0.999760
vt 0.501640 0.999760
vt 0.501640 0.001120
vt 0.353560 0.183400
vt 0.501640 0.183400
vt 0.704320 0.325300
vt 0.501640 0.501960
vt 0.802020 0.501960
vt 0.501980 0.000740
vt 0.325160 0.325370
vt 0.501640 0.501960
vt 0.704320 0.325300
vt 0.501860 0.325340
vt 0.802020 0.501960
vt 0.643080 0.862510
vt 0.501860 0.701870
vt 0.821380 0.701950
vt 0.469180 0.999760
vt 0.399650 0.862520
vt 0.643080 0.862510
vt 0.597550 0.999760
vt 0.501640 0.999760
vt 0.627180 0.183400
vt 0.501860 0.325340
vt 0.501640 0.001120
vt 0.353560 0.183400
vt 0.501640 0.183400
vt 0.501640 0.183400
vt 0.627180 0.183400
vt 0.501980 0.000740
vt 0.501860 0.325340
vt 0.704320 0.325300
vt 0.169220 0.501960
vt 0.325160 0.325370
vt 0.169220 0.501960
vt 0.271180 0.701820
vt 0.802020 0.501960
vt 0.501640 0.501960
vt 0.271180 0.701820
vt 0.169220 0.501960
vt 0.643080 0.862510
vt 0.821380 0.701950
vt 0.469180 0.999760
vt 0.643080 0.862510
vt 0.597550 0.999760
vt 0.501640 0.999760
vt 0.627180 0.183400
vt 0.501860 0.325340
vt 0.501640 0.183400
vt 0.501980 0.000740
vt 0.353560 0.183400
vt 0.501640 0.001120
vt 0.802020 0.501960
vt 0.501860 0.701870
vt 0.821380 0.701950
vt 0.501640 0.501960
vt 0.704320 0.325300
vt 0.325160 0.325370
vt 0.169220 0.501960
vt 0.169220 0.501960
vt 0.271180 0.701820
vt 0.704320 0.325300
vt 0.271180 0.701820
vt 0.501860 0.701870
vt 0.821380 0.701950
vt 0.469180 0.999760
vt 0.643080 0.862510
vt 0.501860 0.701870
vt 0.821380 0.701950
vt 0.501640 0.999760
vt 0.597550 0.999760
vt 0.627180 0.183400
vt 0.501860 0.325340
vt 0.501640 0.183400
vt 0.501980 0.000740
vt 0.353560 0.183400
vt 0.501640 0.001120
vt 0.627180 0.183400
vt 0.704320 0.325300
vt 0.325160 0.325370
vt 0.169220 0.501960
vt 0.501860 0.325340
vt 0.325160 0.325370
vt 0.169220 0.501960
vt 0.802020 0.501960
vt 0.501860 0.701870
vt 0.821380 0.701950
vt 0.501640 0.501960
vt 0.169220 0.501960
vt 0.271180 0.701820
vt 0.325160 0.325370
vt 0.169220 0.501960
vt 0.271180 0.701820
vt 0.643080 0.862510
vt 0.469180 0.999760
vt 0.597550 0.999760
vt 0.501640 0.862520
vt 0.501640 0.999760
vt 0.627180 0.183400
vt 0.501860 0.325340
vt 0.501640 0.183400
vt 0.501980 0.000740
vt 0.353560 0.183400
vt 0.501640 0.001120
vt 0.627180 0.183400
vt 0.501980 0.000740
vt 0.501980 0.000740
vt 0.325160 0.325370
vt 0.325160 0.325370
vt 0.169220 0.501960
vt 0.169220 0.501960
vt 0.271180 0.701820
vt 0.325160 0.325370
vt 0.271180 0.701820
vt 0.271180 0.701820
vt 0.399650 0.862520
vt 0.643080 0.862510
vt 0.469180 0.999760
vt 0.501640 0.862520
vt 0.399650 0.862520
vt 0.501640 0.862520
vt 0.597550 0.999760
vt 0.643080 0.862510
vt 0.501640 0.999760
vt 0.627180 0.183400
vt 0.501860 0.325340
vt 0.501640 0.183400
vt 0.501980 0.000740
vt 0.353560 0.183400
vt 0.325160 0.325370
vt 0.501640 0.001120
vt 0.627180 0.183400
vt 0.501860 0.325340
vt 0.704320 0.325300
vt 0.501980 0.000740
vt 0.325160 0.325370
vt 0.169220 0.501960
vt 0.271180 0.701820
vt 0.271180 0.701820
vt 0.802020 0.501960
vt 0.501860 0.701870
vt 0.821380 0.701950
vt 0.501640 0.501960
vt 0.643080 0.862510
vt 0.821380 0.701950
vt 0.469180 0.999760
vt 0.597550 0.999760
vt 0.501640 0.862520
vt 0.501640 0.999760
vt 0.627180 0.183400
vt 0.501860 0.325340
vt 0.501640 0.183400
vt 0.501980 0.000740
vt 0.353560 0.183400
vt 0.325160 0.325370
vt 0.501640 0.001120
vt 0.627180 0.183400
vt 0.501980 0.000740
vt 0.325160 0.325370
vt 0.501980 0.000740
vt 0.325160 0.325370
vt 0.169220 0.501960
vt 0.802020 0.501960
vt 0.501640 0.501960
vt 0.501860 0.701870
vt 0.169220 0.501960
vt 0.271180 0.701820
vt 0.501860 0.701870
vt 0.821380 0.701950
vt 0.802020 0.501960
vt 0.501640 0.501960
vt 0.643080 0.862510
vt 0.469180 0.999760
vt 0.501640 0.862520
vt 0.597550 0.999760
vt 0.643080 0.862510
vt 0.501640 0.999760
vt 0.353560 0.183400
vt 0.501860 0.325340
vt 0.501640 0.183400
vt 0.501640 0.001120
vt 0.627180 0.183400
vt 0.501860 0.325340
vt 0.704320 0.325300
vt 0.501640 0.183400
vt 0.501980 0.000740
vt 0.325160 0.325370
vt 0.169220 0.501960
vt 0.501860 0.701870
vt 0.501640 0.501960
vt 0.271180 0.701820
vt 0.643080 0.862510
vt 0.501860 0.701870
vt 0.821380 0.701950
vt 0.469180 0.999760
vt 0.399650 0.862520
vt 0.643080 0.862510
vt 0.597550 0.999760
vt 0.501640 0.999760
vt 0.501640 0.001120
vt 0.353560 0.183400
vt 0.501640 0.183400
vt 0.704320 0.325300
vt 0.501860 0.325340
vt 0.271180 0.701820
vt 0.169220 0.501960
vt 0.802020 0.501960
vt 0.501860 0.701870
vt 0.821380 0.701950
vt 0.501640 0.501960
vt 0.643080 0.862510
vt 0.821380 0.701950
vt 0.469180 0.999760
vt 0.643080 0.862510
vt 0.597550 0.999760
vt 0.501640 0.999760
vt 0.627180 0.183400
vt 0.501860 0.325340
vt 0.704320 0.325300
vt 0.501640 0.183400
vt 0.501980 0.000740
vt 0.353560 0.183400
vt 0.501640 0.001120
vt 0.704320 0.325300
vt 0.501860 0.701870
vt 0.821380 0.701950
vt 0.271180 0.701820
vt 0.271180 0.701820
vt 0.501860 0.701870
vt 0.501640 0.501960
vt 0.643080 0.862510
vt 0.821380 0.701950
vt 0.627180 0.183400
vt 0.501860 0.325340
vt 0.501640 0.183400
vt 0.501980 0.000740
vt 0.353560 0.183400
vt 0.501640 0.001120
vt 0.627180 0.183400
vt 0.501980 0.000740
vt 0.325160 0.325370
vt 0.325160 0.325370
vt 0.169220 0.501960
vt 0.802020 0.501960
vt 0.169220 0.501960
vt 0.325160 0.325370
vt 0.399650 0.862520
vt 0.469180 0.999760
vt 0.643080 0.862510
vt 0.501640 0.999760
vt 0.597550 0.999760
vt 0.469180 0.999760
vt 0.399650 0.862520
vt 0.627180 0.183400
vt 0.501980 0.000740
vt 0.704320 0.325300
vt 0.501640 0.501960
vt 0.802020 0.501960
vt 0.325160 0.325370
vt 0.169220 0.501960
vt 0.271180 0.701820
vt 0.643080 0.862510
vt 0.597550 0.999760
vt 0.501640 0.999760
vt 0.501980 0.000740
vt 0.325160 0.325370
vt 0.271180 0.701820
vt 0.271180 0.701820
vt 0.501640 0.501960
vn -0.216691 0.191285 0.957317
vn -0.561750 -0.360161 0.744796
vn -0.392948 -0.020815 0.919325
vn 0.708159 0.238946 0.664391
vn 0.599030 -0.132109 0.789754
vn 0.472319 -0.093411 0.876464
vn 0.797579 0.140634 0.586591
vn 0.329988 -0.372558 0.867357
vn 0.668390 -0.124523 0.733314
vn 0.406131 -0.447301 0.796856
vn 0.570715 -0.035849 0.820365
vn -0.066643 -0.618689 0.782804
vn 0.215175 -0.812158 0.542309
vn -0.173937 -0.693348 0.699296
vn 0.258836 -0.764581 0.590270
vn 0.626746 -0.473438 0.618907
vn 0.242833 -0.613279 0.751612
vn 0.230645 -0.550611 0.802266
vn 0.587686 -0.366226 0.721459
vn -0.135827 0.869490 0.474909
vn 0.209145 0.756906 0.619154
vn -0.164480 0.837154 0.521651
vn 0.239818 0.770753 0.590277
vn -0.026173 -0.798303 0.601688
vn 0.359176 -0.734388 0.575905
vn 0.354351 -0.763771 0.539527
vn -0.252481 -0.113568 0.960914
vn -0.008716 -0.702453 0.711677
vn -0.182573 -0.377736 0.907735
vn -0.516475 0.245544 0.820343
vn -0.701603 -0.109552 0.704096
vn -0.773359 -0.009276 0.633900
vn -0.416228 0.167198 0.893756
vn 0.449581 -0.215826 0.866773
vn 0.645041 0.156149 0.748024
vn 0.550667 -0.249814 0.796466
vn 0.908008 -0.010356 0.418824
vn 0.735640 -0.323110 0.595344
vn 0.882476 0.026620 0.469603
vn 0.751605 -0.345022 0.562183
vn -0.527944 0.562718 0.636101
vn -0.706376 0.194152 0.680689
vn -0.773265 0.251317 0.582152
vn -0.444572 0.513417 0.734002
vn -0.793141 0.272015 0.544917
vn -0.566584 0.583758 0.581558
vn 0.105407 -0.292927 0.950307
vn 0.677213 -0.427136 0.599113
vn 0.349027 -0.386722 0.853596
vn -0.435776 -0.782399 0.444917
vn -0.651566 -0.485573 0.582821
vn -0.387928 -0.775986 0.497350
vn -0.409355 0.686166 0.601336
vn -0.702904 0.429366 0.567072
vn -0.713478 0.457426 0.530764
vn -0.381892 0.651331 0.655687
vn 0.274013 -0.179588 0.944810
vn 0.810958 0.042978 0.583524
vn 0.525064 -0.114688 0.843300
vn 0.158320 0.566557 0.808670
vn -0.220924 0.701635 0.677422
vn -0.180685 0.760429 0.623779
vn 0.215717 0.669039 0.711234
vn 0.461984 -0.831272 0.309123
vn 0.146627 -0.827503 0.541978
vn 0.499444 -0.790655 0.354147
vn 0.790547 -0.108647 0.602687
vn 0.774030 0.280876 0.567438
vn 0.802520 0.271621 0.531209
vn 0.352049 -0.090109 0.931634
vn 0.432436 0.321653 0.842341
vn 0.475089 -0.097507 0.874519
vn 0.276282 0.051734 0.959683
vn 0.253038 0.679635 0.688526
vn 0.302826 0.321715 0.897104
vn -0.217269 -0.720794 0.658217
vn -0.577421 -0.470378 0.667330
vn -0.539437 -0.408556 0.736267
vn -0.339314 -0.744507 0.574957
vn 0.746173 -0.108083 0.656920
vn 0.648447 -0.105461 0.753920
vn 0.685486 0.299272 0.663736
vn 0.845896 -0.417822 0.331488
vn 0.577750 -0.605829 0.546971
vn 0.850764 -0.364541 0.378562
vn -0.741679 0.506402 0.439851
vn -0.434158 0.736161 0.519205
vn -0.730870 0.466651 0.498063
vn 0.166485 0.250944 0.953577
vn -0.360514 0.610180 0.705486
vn -0.035808 0.434550 0.899936
vn -0.200771 0.348342 0.915614
vn -0.502337 0.047739 0.863353
vn -0.300711 0.419050 0.856721
vn -0.167941 0.915272 0.366161
vn 0.159293 0.814892 0.557295
vn -0.209648 0.885122 0.415460
vn -0.796688 0.000004 0.604390
vn -0.725288 -0.383505 0.571736
vn -0.754879 -0.378632 0.535533
vn -0.727132 -0.143286 0.671378
vn -0.520047 0.196640 0.831194
vn -0.453397 0.086071 0.887143
vn -0.211116 0.204823 0.955760
vn 0.279935 -0.085112 0.956239
vn 0.368858 0.682488 0.630995
vn 0.471262 0.674874 0.567854
vn 0.567157 0.314049 0.761385
vn 0.582781 -0.102882 0.806091
vn -0.497694 0.323064 0.804941
vn -0.757121 0.029893 0.652590
vn -0.795208 0.087369 0.600009
vn -0.563464 0.421668 0.710425
vn 0.925407 0.055000 0.374961
vn 0.778023 -0.243368 0.579182
vn 0.902903 0.096086 0.418968
vn 0.785571 -0.277787 0.552913
vn -0.816744 -0.131277 0.561868
vn -0.678571 -0.492495 0.544968
vn -0.152853 -0.703655 0.693906
vn -0.380774 -0.373588 0.845839
vn -0.252349 -0.354898 0.900204
vn -0.264147 -0.083436 0.960867
vn 0.044320 0.445425 0.894221
vn -0.567385 0.150499 0.809583
vn -0.221664 0.363856 0.904695
vn -0.752565 0.006113 0.658489
vn -0.634830 -0.388489 0.667883
vn -0.655247 0.018041 0.755199
vn 0.472838 0.798331 0.372951
vn 0.651731 0.506706 0.564355
vn 0.421240 0.802846 0.421896
vn 0.741588 0.294913 0.602556
vn 0.540204 0.627925 0.560258
vn 0.569909 0.632882 0.524084
vn -0.069722 -0.304492 0.949960
vn 0.369736 -0.702492 0.608112
vn 0.098654 -0.505835 0.856970
vn 0.039699 0.538139 0.841921
vn -0.060230 -0.484022 0.872981
vn 0.362124 -0.525145 0.770123
vn -0.050761 -0.591520 0.804691
vn 0.708513 -0.176225 0.683340
vn 0.374368 -0.410858 0.831291
vn 0.631937 -0.075480 0.771335
vn 0.426805 -0.457498 0.780085
vn -0.882017 0.310391 0.354547
vn -0.637170 0.565834 0.523304
vn -0.874376 0.263358 0.407565
vn -0.069289 -0.361051 0.929969
vn 0.351263 -0.390556 0.850929
vn 0.061532 -0.268558 0.961296
vn 0.688361 -0.168745 0.705467
vn 0.334176 -0.261944 0.905379
vn 0.486529 -0.136290 0.862969
vn 0.602100 0.260796 0.754626
vn 0.689371 0.199986 0.696256
vn -0.032351 -0.754227 0.655817
vn 0.364277 -0.644327 0.672417
vn -0.044038 -0.656975 0.752625
vn 0.571790 0.736491 0.361436
vn 0.712780 0.427004 0.556428
vn 0.521350 0.748174 0.410403
vn 0.563156 0.530599 0.633499
vn 0.201830 0.727034 0.656267
vn 0.265506 0.786819 0.557156
vn 0.506588 0.453999 0.732976
vn 0.288433 0.804053 0.519909
vn 0.587901 0.565770 0.578167
vn 0.473956 0.096010 0.875299
vn 0.252379 -0.250829 0.934553
vn 0.200989 -0.200687 0.958816
vn 0.264139 -0.125947 0.956226
vn 0.643757 0.367198 0.671374
vn 0.454014 0.064700 0.888642
vn 0.567005 -0.258384 0.782140
vn 0.779205 0.070185 0.622827
vn 0.847772 -0.001020 0.530360
vn 0.003548 -0.594871 0.803814
vn 0.454519 -0.242339 0.857137
vn 0.771399 0.011689 0.636245
vn 0.542530 -0.328182 0.773277
vn 0.554257 -0.264657 0.789149
vn 0.708562 0.110037 0.697016
vn 0.776616 0.035070 0.628998
vn 0.696892 -0.161921 0.698658
vn 0.890762 0.103147 0.442609
vn 0.758855 -0.241438 0.604852
vn 0.499552 -0.493782 0.711777
vn 0.707734 -0.137989 0.692872
vn 0.768535 -0.219278 0.601058
vn 0.496084 -0.509743 0.702896
vn 0.423186 -0.441560 0.791163
vn 0.708455 -0.158148 0.687809
vn -0.290745 0.861317 0.416654
vn 0.068609 0.815468 0.574722
vn -0.328711 0.819512 0.469415
vn 0.062391 0.846261 0.529104
vn -0.537577 -0.509187 0.672116
vn -0.204447 -0.748009 0.631415
vn -0.287767 -0.791810 0.538728
vn -0.459045 -0.447927 0.767228
vn -0.573698 -0.536691 0.618735
vn -0.317423 -0.803210 0.504079
vn 0.232247 0.318805 0.918926
vn 0.397207 -0.063246 0.915547
vn 0.327753 -0.081070 0.941279
vn 0.078168 0.663402 0.744169
vn 0.359951 0.363899 0.859077
vn 0.237115 0.322290 0.916464
vn 0.286622 0.045877 0.956945
vn -0.129456 0.343826 0.930067
vn -0.096466 0.279704 0.955228
vn -0.186341 0.452654 0.871999
vn -0.582317 0.315632 0.749189
vn -0.236644 0.547407 0.802711
vn -0.788954 -0.046015 0.612726
vn -0.834698 0.045439 0.548830
vn -0.295210 0.594434 0.747997
vn 0.116269 0.542169 0.832186
vn 0.068754 0.427682 0.901311
vn -0.236343 0.695426 0.678620
vn 0.543421 0.662757 0.515215
vn 0.644153 0.438771 0.626536
vn 0.388941 0.756383 0.525936
vn 0.489855 0.763530 0.420790
vn 0.657905 0.517800 0.546850
vn 0.473698 0.815292 0.333030
vn 0.731358 0.524147 0.436332
vn 0.843539 0.151688 0.515202
vn 0.862458 0.128189 0.489627
vn 0.787057 0.096233 0.609328
vn 0.677221 0.494349 0.544969
vn 0.672217 -0.594308 0.441500
vn 0.897642 -0.401845 0.180996
vn 0.678546 -0.617604 0.397669
vn 0.911463 -0.344403 0.224993
vn -0.201240 -0.761194 0.616511
vn 0.179935 -0.817374 0.547287
vn 0.162396 -0.843344 0.512249
vn -0.036286 0.404016 0.914032
vn 0.343473 0.236279 0.908954
vn 0.306515 0.176930 0.935278
vn 0.239533 0.219263 0.945805
vn -0.340342 0.537827 0.771303
vn 0.016259 0.382543 0.923795
vn -0.372583 -0.008020 0.927964
vn -0.303401 -0.424669 0.852997
vn -0.489783 -0.045829 0.870639
vn 0.120697 0.476480 0.870861
vn -0.250933 0.627471 0.737097
vn -0.201542 0.716104 0.668263
vn 0.112165 0.499213 0.859189
vn -0.201717 0.740776 0.640750
vn 0.178360 0.608970 0.772880
vn 0.019488 0.671372 0.740864
vn -0.430851 0.570701 0.699048
vn -0.416886 0.640606 0.644848
vn -0.057853 0.554363 0.830262
vn -0.629511 0.424476 0.650797
vn -0.267669 0.604862 0.749997
vn 0.197758 0.640680 0.741904
vn -0.202528 0.721819 0.661785
vn -0.142032 0.801922 0.580300
vn 0.166266 0.655271 0.736869
vn -0.162284 0.823124 0.544179
vn 0.219812 0.737375 0.638718
vn 0.506813 0.528361 0.681157
vn 0.122111 0.671000 0.731333
vn 0.179010 0.752643 0.633628
vn 0.520350 0.528105 0.671075
vn 0.479547 0.440694 0.758830
vn 0.141568 0.677808 0.721481
vn 0.692514 0.614357 0.378140
vn 0.644653 0.634010 0.427145
vn -0.027811 -0.814111 0.580043
vn -0.383969 -0.655007 0.650794
vn -0.366095 -0.607414 0.704998
vn -0.075179 -0.830052 0.552595
vn -0.439978 0.037233 0.897236
vn -0.149533 0.333453 0.930833
vn -0.108324 0.274121 0.955575
vn -0.178719 0.219487 0.959106
vn -0.667313 -0.196047 0.718512
vn -0.408581 0.070806 0.909972
vn -0.463967 0.277707 0.841197
vn -0.730314 -0.009898 0.683040
vn -0.790023 0.070543 0.609005
vn -0.424105 0.404245 0.810383
vn -0.741752 0.144483 0.654927
vn -0.474649 0.446554 0.758484
vn -0.451278 0.264943 0.852147
vn -0.786678 0.069120 0.613482
vn -0.525345 0.368827 0.766798
vn 0.034322 -0.564330 0.824836
vn 0.376740 -0.686374 0.622059
vn -0.035953 -0.674090 0.737774
vn 0.409211 -0.620130 0.669317
vn -0.555289 0.387007 0.736125
vn -0.772815 0.048243 0.632795
vn -0.820631 0.134958 0.555294
vn -0.622426 0.348053 0.701031
vn -0.874936 0.111952 0.471119
vn -0.670131 0.432129 0.603481
vn -0.367666 0.631226 0.682916
vn -0.643449 0.323924 0.693575
vn -0.689521 0.409235 0.597568
vn -0.361566 0.644887 0.673343
vn -0.300292 0.572525 0.762915
vn -0.639192 0.347994 0.685809
vn -0.652280 0.456075 0.605415
vn -0.819801 0.104822 0.562973
vn -0.840391 0.126967 0.526899
vn -0.326430 0.114570 0.938252
vn -0.509820 -0.255269 0.821536
vn -0.442762 0.157441 0.882708
vn -0.290296 -0.043673 0.955940
vn -0.427687 -0.636135 0.642196
vn -0.385229 -0.292631 0.875195
vn 0.127678 -0.270173 0.954308
vn 0.525252 -0.188588 0.829786
vn 0.163554 -0.392263 0.905196
vn 0.489476 -0.062664 0.869762
vn -0.142979 0.305581 0.941370
vn -0.178305 -0.449039 0.875541
vn 0.180094 -0.654562 0.734245
vn -0.219365 -0.548547 0.806831
vn -0.635926 -0.566774 0.523799
vn -0.701939 -0.532809 0.472648
vn -0.637111 -0.207488 0.742319
vn 0.480502 0.404128 0.778331
vn 0.280012 0.736039 0.616312
vn 0.351203 0.750645 0.559632
vn 0.596013 0.431690 0.677061
vn 0.157553 0.692839 0.703670
vn 0.492230 0.454089 0.742639
vn 0.461487 0.393383 0.795160
vn 0.088421 0.593991 0.799598
vn -0.152183 -0.929153 0.336920
vn -0.433260 -0.732804 0.524676
vn -0.102800 -0.916713 0.386095
vn -0.344755 -0.765050 0.543914
vn 0.041493 -0.826198 0.561849
vn 0.032025 -0.851499 0.523377
vn -0.368831 -0.104299 0.923626
vn -0.175958 -0.481832 0.858415
vn -0.468805 -0.177230 0.865339
vn -0.223082 -0.168050 0.960205
vn 0.191098 -0.660124 0.726442
vn -0.075893 -0.399747 0.913478
vn 0.366441 0.246197 0.897278
vn 0.051314 0.537559 0.841663
vn 0.429568 0.348933 0.832897
vn -0.002166 0.423029 0.906114
vn 0.116601 -0.642604 0.757274
vn -0.226531 -0.387463 0.893619
vn 0.148560 -0.511706 0.846219
vn -0.283266 -0.478933 0.830893
vn -0.176258 -0.482975 0.857711
vn 0.020256 -0.796868 0.603814
vn -0.284160 -0.563288 0.775861
vn 0.388304 0.455743 0.800948
vn 0.023529 0.657542 0.753051
vn 0.097572 0.749887 0.654331
vn -0.364297 -0.666045 0.650901
vn -0.019877 -0.857302 0.514429
vn -0.111116 -0.898281 0.425140
vn -0.455830 -0.744747 0.487413
vn -0.350294 -0.693597 0.629458
vn -0.643198 -0.428653 0.634471
vn -0.341562 -0.700257 0.626878
vn -0.405709 -0.735862 0.542133
vn -0.533899 -0.474235 0.700038
vn -0.435509 -0.383986 0.814179
vn -0.178803 -0.702240 0.689121
vn -0.010303 -0.950181 0.311530
vn 0.041384 -0.933001 0.357487
vn -0.314427 0.689787 0.652173
vn -0.658051 0.509842 0.554103
vn -0.335958 0.728039 0.597572
vn -0.664270 0.539080 0.517820
vn 0.273353 -0.413723 0.868396
vn -0.123477 -0.312038 0.942012
vn -0.090557 -0.247007 0.964773
vn 0.004835 -0.283046 0.959094
vn 0.579675 -0.489631 0.651336
vn 0.242431 -0.404210 0.881953
vn 0.038644 -0.528851 0.847835
vn 0.400379 -0.637364 0.658380
vn 0.348847 -0.733738 0.583039
vn 0.030847 -0.522838 0.851873
vn 0.348526 -0.718614 0.601767
vn -0.028239 -0.633388 0.773319
vn -0.799504 -0.196841 0.567492
vn -0.870717 -0.123356 0.476062
vn 0.017058 -0.642699 0.765929
vn 0.419668 -0.642814 0.640835
vn 0.357570 -0.749821 0.556698
vn 0.119346 -0.741162 0.660632
vn 0.437622 -0.799704 0.411049
vn 0.072720 -0.813691 0.576731
vn -0.402695 -0.622504 0.671063
vn 0.003032 -0.722114 0.691768
vn -0.047852 -0.800146 0.597893
vn -0.453682 -0.623246 0.636975
vn -0.410806 -0.526362 0.744433
vn -0.057071 -0.740228 0.669929
vn -0.928238 -0.097462 0.358991
vn -0.800648 0.214311 0.559494
vn -0.902079 -0.142954 0.407206
vn -0.692344 -0.508794 0.511653
vn -0.369261 -0.713171 0.595847
vn -0.382779 -0.736696 0.557457
vn 0.481654 -0.126503 0.867183
vn 0.118263 -0.315373 0.941570
vn 0.099512 -0.244941 0.964418
vn 0.224449 -0.193991 0.954982
vn 0.779153 0.034724 0.625871
vn 0.480274 -0.127260 0.867837
vn 0.327873 0.367261 0.870413
vn 0.466913 -0.221106 0.856215
vn 0.774148 -0.036717 0.631939
vn 0.808423 -0.141107 0.571437
vn 0.454949 -0.207312 0.866050
vn 0.801304 -0.133205 0.583239
vn 0.498393 -0.338187 0.798269
vn -0.462901 0.411137 0.785295
vn -0.785871 0.260581 0.560807
vn -0.479538 0.536504 0.694411
vn -0.764534 0.196205 0.613996
vn 0.621603 -0.485848 0.614460
vn 0.877237 -0.204352 0.434391
vn 0.884231 -0.319259 0.340894
vn 0.697713 -0.482763 0.529280
vn 0.923125 -0.302847 0.236904
vn 0.697328 -0.566543 0.439047
vn 0.234968 -0.741969 0.627912
vn 0.595268 -0.549508 0.586257
vn 0.597393 -0.627134 0.499825
vn 0.252430 -0.728019 0.637392
vn 0.232162 -0.622812 0.747132
vn 0.611038 -0.521718 0.595351
vn -0.692466 -0.637010 0.338688
vn -0.770206 -0.318000 0.552864
vn -0.644228 -0.660509 0.385614
vn 0.458891 0.546903 0.700226
vn 0.131951 0.754456 0.642950
vn 0.159398 0.775389 0.611035
vn 0.470164 0.061346 0.880444
vn 0.248097 -0.289170 0.924569
vn 0.195887 -0.237314 0.951478
vn 0.390356 -0.063191 0.918493
vn 0.193635 -0.259250 0.946200
vn 0.505617 -0.143985 0.850658
vn 0.689090 0.204095 0.695342
vn 0.764275 0.144023 0.628603
vn 0.223042 -0.421631 0.878908
vn 0.603255 -0.243121 0.759589
vn 0.284347 -0.510917 0.811240
vn 0.579698 -0.201643 0.789487
vn 0.813705 0.100034 0.572606
vn 0.663609 -0.275415 0.695535
vn 0.765503 0.145025 0.626876
vn 0.477142 -0.120304 0.870553
vn -0.100217 0.895911 0.432782
vn -0.180143 0.832224 0.524359
vn 0.467364 0.403036 0.786850
vn 0.123195 0.641280 0.757353
vn 0.680297 -0.275514 0.679183
vn 0.814681 0.101999 0.570869
vn 0.871655 0.029984 0.489201
vn 0.658797 -0.252813 0.708570
vn 0.876394 0.028817 0.480733
vn 0.728259 -0.328250 0.601573
vn 0.715035 -0.178720 0.675858
vn 0.391082 -0.427282 0.815159
vn 0.639533 -0.092035 0.763234
vn 0.433013 -0.469723 0.769324
vn 0.500878 -0.530076 0.684208
vn 0.517938 0.809683 0.275961
vn 0.799382 0.047610 0.598934
vn 0.742342 0.422307 0.520178
vn 0.365946 -0.006606 0.930613
vn 0.370441 0.411036 0.832960
vn 0.488079 0.007148 0.872770
vn 0.265869 0.119784 0.956538
vn 0.128898 0.727688 0.673688
vn 0.243165 0.388842 0.888635
vn 0.125049 -0.457291 0.880482
vn 0.432420 -0.682676 0.589039
vn 0.118114 -0.580566 0.805601
vn 0.498463 -0.571488 0.651871
vn -0.389561 0.478557 0.786909
vn -0.612784 0.123303 0.780571
vn -0.744455 -0.243166 0.621818
vn -0.661469 -0.301961 0.686497
vn 0.755831 0.041250 0.653467
vn 0.659589 0.028154 0.751099
vn 0.622725 0.431057 0.652995
vn -0.831963 -0.438192 0.340332
vn -0.826281 -0.108687 0.552673
vn -0.791338 -0.472874 0.387523
vn 0.874173 0.159109 0.458809
vn 0.751992 0.525763 0.397594
vn 0.841874 0.147155 0.519223
vn -0.425793 0.446411 0.787031
vn -0.007960 0.472340 0.881380
vn -0.047606 0.350855 0.935219
vn 0.199672 0.224199 0.953869
vn 0.438776 -0.128346 0.889384
vn 0.570449 0.271945 0.775005
vn 0.547509 -0.144130 0.824294
vn -0.016853 0.431069 0.902162
vn -0.408074 0.505799 0.760028
vn -0.377834 0.607994 0.698273
vn -0.303532 0.013234 0.952729
vn -0.213452 -0.777966 0.590937
vn -0.431354 -0.467123 0.771836
vn -0.115540 -0.747376 0.654277
vn -0.591783 -0.080551 0.802063
vn -0.030011 0.470966 0.881641
vn -0.383511 0.641609 0.664272
vn 0.011721 0.598028 0.801389
vn -0.006425 0.757628 0.652654
vn -0.409043 0.738561 0.535921
vn -0.352194 0.827078 0.438066
vn 0.002041 0.746664 0.665198
vn -0.343951 0.822625 0.452754
vn 0.041259 0.821061 0.569348
vn -0.597801 -0.703441 0.384454
vn -0.547536 -0.715774 0.433441
vn 0.789342 -0.231597 0.568596
vn 0.556253 -0.542781 0.629262
vn 0.521893 -0.510381 0.683476
vn 0.802572 -0.264038 0.534941
vn -0.173569 0.232036 0.957096
vn -0.738668 -0.029684 0.673415
vn -0.431664 0.153081 0.888950
vn -0.487009 0.376025 0.788306
vn -0.798812 0.191582 0.570259
vn -0.818912 0.288624 0.496063
vn -0.258344 0.089351 0.961912
vn 0.426789 0.325559 0.843720
vn 0.115832 0.626915 0.770429
vn 0.478261 0.418629 0.772021
vn 0.051196 0.511943 0.857492
vn -0.401799 0.319023 0.858360
vn -0.763347 0.226830 0.604856
vn -0.445782 0.445548 0.776380
vn 0.075109 0.703589 0.706627
vn 0.454439 0.524598 0.719918
vn 0.434141 0.462064 0.773316
vn 0.036222 0.594034 0.803624
vn 0.397838 0.359731 0.843990
vn -0.512302 0.520170 0.683352
vn -0.800277 0.252898 0.543690
vn -0.814503 0.355576 0.458423
vn -0.191795 0.908581 0.371074
vn 0.141451 0.818483 0.556845
vn -0.231732 0.876983 0.420952
vn 0.223126 -0.757895 0.613033
vn 0.576613 -0.636912 0.511722
vn -0.308119 0.243886 0.919556
vn -0.489728 -0.140240 0.860523
vn -0.426061 0.277510 0.861081
vn -0.363632 -0.168609 0.916156
vn -0.239277 0.222835 0.945035
vn -0.269855 0.090051 0.958681
vn -0.407100 -0.542021 0.735175
vn -0.363663 -0.168568 0.916152
vn -0.610629 -0.064663 0.789273
vn -0.645721 -0.449042 0.617581
vn -0.738938 -0.416316 0.529766
vn 0.487232 -0.208303 0.848065
vn 0.746434 0.069812 0.661787
vn 0.788403 -0.042279 0.613704
vn 0.429907 -0.094429 0.897922
vn -0.574434 0.046113 0.817251
vn -0.561686 -0.366465 0.741763
vn -0.680855 -0.343906 0.646657
vn -0.480374 -0.010786 0.876998
vn -0.636608 -0.386553 0.667313
vn -0.608182 0.020435 0.793535
vn 0.416906 0.759958 0.498651
vn 0.504026 0.426228 0.751191
vn -0.704665 -0.014369 0.709394
vn -0.669102 -0.418048 0.614441
vn -0.758970 -0.378434 0.529860
vn -0.901291 -0.084229 0.424947
vn 0.501239 -0.535599 0.679627
vn 0.705022 -0.171914 0.688033
vn 0.768091 -0.252344 0.588523
vn 0.533620 -0.569521 0.625217
vn 0.783463 -0.279732 0.554919
vn -0.032918 -0.634719 0.772042
vn -0.343947 -0.357631 0.868217
vn -0.228606 -0.300318 0.926039
vn -0.309075 -0.036411 0.950340
vn 0.247171 -0.406954 0.879372
vn 0.628099 -0.247238 0.737811
vn 0.301687 -0.500409 0.811527
vn -0.408941 -0.383036 0.828282
vn -0.196055 -0.713313 0.672865
vn -0.289449 -0.752013 0.592196
vn 0.563408 -0.239419 0.790727
vn -0.209341 0.465134 0.860132
vn -0.594782 0.285560 0.751459
vn -0.272891 0.551617 0.788193
vn -0.515961 0.179431 0.837609
vn -0.372550 -0.316832 0.872252
vn -0.255540 -0.703102 0.663586
vn -0.491439 -0.372609 0.787179
vn 0.554966 -0.322397 0.766859
vn 0.811356 -0.093825 0.576973
vn 0.838152 -0.161474 0.520986
vn 0.557036 -0.473895 0.682008
vn -0.574446 -0.443386 0.688056
vn -0.295451 -0.741393 0.602533
vn -0.390819 -0.765687 0.510867
vn -0.779756 -0.108084 0.616684
vn -0.570317 -0.456552 0.682861
vn -0.696052 -0.061011 0.715395
vn -0.819746 -0.392218 0.417350
vn -0.813348 -0.035893 0.580670
vn -0.777761 -0.419555 0.468041
vn -0.688293 0.339309 0.641188
vn -0.593239 0.319561 0.738883
vn -0.731127 -0.068633 0.678780
vn -0.731717 0.346922 0.586716
vn -0.839022 -0.022515 0.543632
vn -0.028825 -0.299037 0.953806
vn 0.465152 -0.633409 0.618406
vn 0.167308 -0.474960 0.863957
vn -0.038543 -0.645590 0.762711
vn 0.275781 -0.802915 0.528462
vn 0.197359 -0.874431 0.443193
vn 0.169436 -0.555056 0.814373
vn 0.549242 -0.394423 0.736725
vn 0.570417 -0.513433 0.641101
vn 0.141156 -0.450255 0.881672
vn -0.028800 -0.523311 0.851655
vn 0.225812 -0.785685 0.575941
vn -0.115169 -0.620447 0.775746
vn -0.546244 -0.497679 0.673745
vn -0.388523 -0.804701 0.448893
vn -0.634482 -0.514444 0.576870
vn -0.284675 -0.793479 0.537914
vn -0.653591 -0.102719 0.749845
vn -0.131172 -0.714946 0.686765
vn 0.238349 -0.818524 0.522693
vn 0.152702 -0.883064 0.443711
vn -0.096408 -0.761429 0.641039
vn 0.174863 -0.912382 0.370111
vn -0.172102 -0.818131 0.548673
vn -0.347205 -0.450383 0.822559
vn -0.006208 -0.678630 0.734454
vn -0.901831 0.171487 0.396602
vn -0.687284 0.444937 0.574171
vn -0.887367 0.128119 0.442905
vn -0.690258 0.476474 0.544534
vn -0.741853 -0.239255 0.626427
vn -0.802269 0.135466 0.581389
vn -0.758962 0.143458 0.635135
vn -0.767360 -0.270101 0.581554
vn -0.131514 -0.335161 0.932937
vn 0.232035 -0.530216 0.815494
vn 0.273591 -0.407849 0.871096
vn -0.103997 -0.268350 0.957692
vn 0.616609 -0.459500 0.639260
vn 0.027831 -0.304981 0.951952
vn -0.428618 0.245404 0.869519
vn -0.463484 -0.177282 0.868190
vn -0.553721 0.226037 0.801436
vn -0.335898 -0.167676 0.926854
vn 0.581737 -0.569442 0.580791
vn 0.540388 -0.663413 0.517555
vn 0.504333 -0.727412 0.465317
vn -0.323448 -0.844379 0.427090
vn -0.567471 -0.580623 0.583827
vn -0.274793 -0.834180 0.478155
vn -0.293862 0.776044 0.558033
vn -0.602949 0.537852 0.589210
vn -0.616457 0.562169 0.551314
vn 0.153761 -0.319194 0.935132
vn 0.527218 -0.130951 0.839579
vn 0.448130 -0.027870 0.893534
vn 0.113653 -0.258832 0.959213
vn 0.697963 0.228168 0.678814
vn 0.219356 -0.171777 0.960404
vn -0.341571 0.334392 0.878357
vn -0.656710 0.059944 0.751757
vn 0.057104 -0.587195 0.807429
vn 0.431140 -0.651110 0.624639
vn 0.352377 -0.747207 0.563483
vn 0.121298 -0.477271 0.870344
vn -0.574404 0.170881 0.800538
vn -0.598962 -0.253328 0.759651
vn -0.683515 0.145745 0.715238
vn -0.471620 -0.257766 0.843286
vn 0.770853 0.137753 0.621941
vn 0.827183 0.051303 0.559586
vn 0.608008 -0.495286 0.620499
vn 0.871850 -0.355832 0.336543
vn 0.609309 -0.590623 0.529062
vn 0.874555 -0.245537 0.418169
vn 0.593031 -0.373249 0.713442
vn 0.194605 -0.422875 0.885046
vn 0.867375 -0.170487 0.467541
vn 0.218452 -0.529840 0.819480
vn 0.232239 -0.595483 0.769068
vn 0.405791 -0.852035 0.330712
vn 0.075548 -0.837339 0.541438
vn 0.441661 -0.813370 0.378635
vn 0.489690 0.642632 0.589260
vn 0.162976 0.838408 0.520106
vn 0.315267 -0.109375 0.942679
vn 0.434637 0.292518 0.851777
vn 0.251603 0.039040 0.967043
vn 0.292462 0.663043 0.689086
vn 0.304027 0.304776 0.902596
vn -0.431682 0.153029 0.888950
vn -0.071167 0.356582 0.931550
vn -0.048585 0.287983 0.956402
vn -0.110421 0.473197 0.874009
vn -0.523358 0.400482 0.752137
vn -0.145418 0.574920 0.805183
vn -0.480304 0.272869 0.833577
vn -0.353504 -0.462474 0.813113
vn -0.058387 -0.748896 0.660110
vn -0.389574 -0.517945 0.761554
vn -0.293793 -0.371905 0.880552
vn 0.015578 -0.653941 0.756385
vn -0.553166 0.515747 0.654226
vn -0.841626 0.350232 0.411101
vn -0.568217 0.604882 0.557896
vn -0.167187 0.636714 0.752758
vn 0.585104 0.618263 0.524789
vn 0.689786 0.245487 0.681125
vn 0.407695 -0.809264 0.422939
vn 0.429287 -0.767313 0.476385
vn 0.379276 -0.645242 0.663184
vn 0.322183 -0.565086 0.759524
vn 0.663402 -0.347018 0.662930
vn 0.702414 -0.429612 0.567494
vn 0.405601 -0.681407 0.609239
vn 0.712268 -0.458333 0.531606
vn 0.362241 0.027529 0.931678
vn 0.313735 0.443644 0.839494
vn 0.481740 0.057480 0.874427
vn 0.246931 0.139829 0.958891
vn 0.034130 0.729095 0.683561
vn 0.190219 0.404654 0.894467
vn 0.258916 -0.278457 0.924891
vn 0.584939 -0.018569 0.810865
vn 0.345085 -0.364980 0.864700
vn 0.484027 0.059319 0.873040
vn 0.364061 0.373740 0.853099
vn 0.288123 0.737273 0.611075
vn 0.491669 0.410631 0.767882
vn 0.526684 -0.013042 0.849961
vn 0.628763 0.019887 0.777342
vn 0.564340 -0.701269 0.435594
vn 0.256581 -0.638520 0.725574
vn 0.601238 -0.635301 0.484670
vn -0.463047 -0.412583 0.784451
vn -0.542365 0.013182 0.840040
vn -0.638499 -0.031718 0.768969
vn 0.316009 0.800072 0.509924
vn 0.561731 0.497979 0.660663
vn 0.444449 0.476766 0.758393
vn 0.586013 0.084617 0.805871
vn -0.840841 0.402158 0.362291
vn -0.744935 -0.137477 0.652819
vn -0.786071 -0.154178 0.598600
vn -0.663974 -0.516882 0.540344
vn 0.103104 0.276472 0.955475
vn -0.459524 0.560638 0.688857
vn -0.120230 0.431109 0.894254
vn -0.310441 -0.463933 0.829695
vn 0.086897 -0.634229 0.768246
vn -0.327100 -0.566912 0.756053
vn -0.305090 0.803727 0.510826
vn 0.083399 0.751305 0.654664
vn 0.013943 0.656400 0.754284
vn 0.468224 0.604792 0.644199
vn 0.419441 0.521895 0.742762
vn -0.057911 0.922383 0.381912
vn -0.081664 0.306668 0.948307
vn -0.608585 -0.099192 0.787264
vn -0.322617 0.168192 0.931467
vn -0.053499 -0.329701 0.942568
vn 0.308819 -0.511280 0.802012
vn -0.099414 -0.446004 0.889493
vn -0.449749 0.349495 0.821936
vn -0.733243 0.072033 0.676140
vn -0.790184 0.153722 0.593278
vn -0.475761 0.291100 0.830007
vn -0.736845 -0.005731 0.676037
vn -0.779738 0.104145 0.617384
vn -0.417856 0.178477 0.890810
vn -0.350849 0.322945 0.878983
vn -0.712543 0.123856 0.690610
vn -0.432184 0.424755 0.795487
vn -0.528037 0.477632 0.702171
vn -0.762581 0.139827 0.631600
vn -0.810384 0.226681 0.540272
vn -0.554643 0.466269 0.689177
vn -0.153144 0.626694 0.764069
vn -0.486031 0.372579 0.790544
vn -0.830601 0.216050 0.513248
vn -0.261922 0.745764 0.612563
vn -0.195493 0.675709 0.710774
vn -0.167282 0.888191 0.427941
vn -0.215490 0.856186 0.469585
vn -0.784097 0.067943 0.616907
vn -0.798987 -0.305945 0.517704
vn -0.082773 0.891884 0.444625
vn -0.444241 0.757454 0.478449
vn 0.167360 -0.474950 0.863952
vn -0.190081 -0.276560 0.942011
vn -0.141588 -0.222106 0.964687
vn 0.086215 -0.577622 0.811739
vn -0.273498 -0.369451 0.888090
vn -0.027107 -0.261563 0.964806
vn 0.555287 0.203644 0.806341
vn 0.341566 0.560965 0.754090
vn 0.453084 0.603172 0.656429
vn 0.614446 0.232033 0.754067
vn 0.457812 0.157798 0.874933
vn -0.277262 -0.590043 0.758272
vn -0.042011 -0.851326 0.522952
vn -0.396087 -0.639754 0.658658
vn 0.016216 -0.812098 0.583296
vn 0.697264 -0.562803 0.443931
vn 0.711252 -0.458892 0.532483
vn 0.713193 -0.385839 0.585221
vn -0.282801 0.470314 0.835959
vn 0.033818 0.744640 0.666609
vn -0.344466 0.578306 0.739530
vn -0.396801 0.670091 0.627318
vn 0.136985 0.556921 0.819191
vn 0.165326 0.494676 0.853208
vn 0.084521 0.659365 0.747057
vn -0.771775 -0.216311 0.597974
vn -0.651587 -0.575147 0.494611
vn -0.798537 -0.220582 0.560074
vn -0.604274 -0.578509 0.547887
vn -0.281663 -0.699169 0.657137
vn 0.125121 -0.760695 0.636936
vn -0.244385 -0.609146 0.754465
vn 0.056078 -0.860881 0.505706
vn -0.298627 -0.739954 0.602735
vn -0.250433 -0.727282 0.639018
vn -0.426244 -0.380729 0.820586
vn -0.296122 -0.385454 0.873921
vn -0.267394 -0.120994 0.955961
vn 0.243200 -0.097630 0.965050
vn 0.409654 0.654913 0.635038
vn 0.512808 0.637405 0.575103
vn 0.353941 0.483181 0.800788
vn -0.024248 0.658424 0.752257
vn 0.043151 0.755688 0.653508
vn 0.299880 0.390693 0.870305
vn -0.542354 -0.696164 0.470327
vn -0.466126 0.035148 0.884020
vn -0.469767 -0.712505 0.521207
vn 0.487555 -0.239909 0.839485
vn 0.703691 0.081741 0.705788
vn 0.752226 0.040505 0.657659
vn 0.562575 -0.339848 0.753666
vn -0.746541 -0.155927 0.646810
vn -0.739211 0.063149 0.670507
vn -0.640579 0.052873 0.766070
vn 0.048986 -0.831581 0.553238
vn 0.355349 -0.879881 0.315494
vn 0.016447 -0.849000 0.528137
vn 0.392953 -0.847476 0.356892
vn -0.460859 -0.573065 0.677646
vn -0.392435 -0.499721 0.772187
vn -0.492376 -0.606213 0.624557
vn -0.199640 -0.834166 0.514112
vn -0.385589 -0.162446 0.908258
vn -0.112431 -0.490249 0.864300
vn -0.463724 -0.255935 0.848208
vn -0.231572 -0.192139 0.953654
vn 0.290976 -0.587066 0.755438
vn -0.035521 -0.387170 0.921324
vn 0.324045 0.226195 0.918603
vn 0.277767 0.171583 0.945201
vn 0.401338 0.320143 0.858159
vn -0.257046 0.522927 0.812696
vn -0.576990 0.246201 0.778760
vn 0.110849 -0.810245 0.575513
vn -0.195788 -0.593965 0.780303
vn 0.160724 -0.759271 0.630614
vn -0.902474 -0.224770 0.367449
vn -0.869756 -0.265414 0.416028
vn 0.406566 -0.680959 0.609097
vn 0.710769 -0.442600 0.546729
vn 0.717812 -0.472624 0.511246
vn -0.149017 0.358836 0.921428
vn -0.526475 0.167673 0.833493
vn -0.218275 0.458552 0.861444
vn -0.441063 0.073239 0.894483
vn 0.187899 -0.383793 0.904100
vn 0.584204 -0.308720 0.750598
vn 0.218819 -0.494605 0.841121
vn 0.553257 -0.171860 0.815089
vn 0.685895 0.579531 0.440104
vn 0.779109 0.218089 0.587730
vn 0.614177 -0.153189 0.774157
vn 0.504957 -0.798000 0.328958
vn 0.537393 -0.755043 0.375657
vn -0.466683 -0.638905 0.611562
vn -0.120768 -0.816164 0.565059
vn -0.143893 -0.836127 0.529327
vn -0.287260 -0.346061 0.893153
vn 0.109270 -0.505473 0.855896
vn 0.126949 -0.379683 0.916365
vn -0.271712 -0.276940 0.921671
vn 0.513386 -0.398312 0.760120
vn -0.138654 -0.300794 0.943556
vn -0.430444 0.060804 0.900567
vn -0.363907 0.086953 0.927368
vn -0.139038 -0.688841 0.711454
vn -0.404738 0.278327 0.871046
vn -0.610509 -0.085460 0.787385
vn -0.687104 0.003358 0.726551
vn -0.318137 0.184146 0.929989
vn 0.649389 0.101758 0.753617
vn 0.243549 0.790048 0.562591
vn 0.501637 -0.511093 0.697957
vn 0.483049 -0.608591 0.629508
vn 0.679532 -0.356006 0.641479
vn 0.464572 -0.675760 0.572295
vn -0.343148 -0.722822 0.599815
vn 0.063131 -0.745150 0.663902
vn -0.335118 -0.629634 0.700897
vn 0.922955 -0.190312 0.334567
vn 0.913773 -0.137975 0.382075
vn 0.454400 0.662723 0.595247
vn 0.100197 0.824814 0.556456
vn 0.121557 0.845495 0.519964
vn 0.184720 -0.300325 0.935780
vn 0.560367 -0.129993 0.817979
vn 0.257089 -0.155120 0.953857
vn 0.737384 0.217526 0.639490
vn 0.487986 -0.022409 0.872564
vn -0.342593 0.022970 0.939203
vn -0.270277 0.015747 0.962654
vn -0.366770 -0.725314 0.582580
vn -0.073723 -0.288868 0.954526
vn 0.706743 -0.283270 0.648284
vn 0.317079 -0.356254 0.878945
vn 0.545038 -0.001879 0.838409
vn 0.384233 -0.642359 0.663129
vn 0.334905 -0.557417 0.759688
vn 0.740989 0.537278 0.402823
vn 0.795054 0.189795 0.576079
vn 0.694947 0.558484 0.452929
vn 0.743359 0.128290 0.656474
vn 0.785816 0.140873 0.602203
vn 0.681701 0.506311 0.528141
vn 0.344443 -0.161940 0.924735
vn 0.458242 0.245587 0.854226
vn 0.466387 -0.176722 0.866748
vn 0.280518 -0.015866 0.959718
vn 0.308679 0.623802 0.718045
vn 0.329152 0.253695 0.909559
vn -0.225991 -0.258718 0.939145
vn -0.170054 -0.212191 0.962318
vn -0.321979 -0.337774 0.884443
vn -0.102859 -0.680412 0.725575
vn -0.406856 -0.406378 0.818123
vn 0.286041 -0.783425 0.551749
vn 0.203720 -0.847070 0.490888
vn -0.338399 -0.108566 0.934719
vn 0.140174 -0.886649 0.440687
vn -0.233139 0.901408 0.364843
vn -0.272607 0.868415 0.414175
vn 0.745383 -0.311358 0.589458
vn 0.831864 0.068470 0.550740
vn 0.856163 0.051827 0.514100
vn 0.002301 0.186854 0.982385
vn -0.498766 0.539880 0.678058
vn -0.198984 0.364883 0.909542
vn 0.329321 0.375911 0.866163
vn 0.385771 0.466455 0.795990
vn 0.263477 0.272830 0.925280
vn -0.057514 0.543516 0.837426
vn -0.430714 0.641157 0.635140
vn -0.121233 0.475688 0.871219
vn 0.225324 -0.681503 0.696264
vn -0.529442 -0.339503 0.777450
vn -0.529737 0.304542 0.791601
vn 0.427837 0.506685 0.748482
vn 0.057068 0.684757 0.726534
vn 0.360822 0.420515 0.832451
vn -0.007276 -0.902387 0.430865
vn -0.333299 -0.743531 0.579719
vn 0.033341 -0.875140 0.482719
vn 0.514505 0.551395 0.656695
vn 0.207972 0.795116 0.569683
vn 0.533564 0.594385 0.601678
vn 0.182517 0.774402 0.605797
vn 0.257810 0.266522 0.928709
vn -0.052834 0.547245 0.835303
vn -0.120031 0.437076 0.891379
vn -0.451717 0.577006 0.680453
vn -0.394182 0.676828 0.621710
vn 0.216141 0.207739 0.954006
vn 0.097145 0.275459 0.956392
vn 0.294184 -0.014193 0.955643
vn -0.544652 0.195188 0.815632
vn -0.606865 0.218255 0.764251
vn -0.539641 -0.604989 0.585470
vn -0.334531 0.759700 0.557625
vn -0.286733 0.814504 0.504348
vn -0.440223 0.390076 0.808730
vn -0.744403 0.146425 0.651479
vn -0.497328 0.495736 0.711977
vn -0.703670 0.095719 0.704050
vn 0.424587 0.509931 0.748129
vn 0.126382 -0.937482 0.324278
vn -0.207172 -0.702521 0.680841
vn -0.167028 -0.609987 0.774608
vn 0.199449 -0.747861 0.633185
vn -0.226140 -0.744562 0.628083
vn 0.125737 -0.852207 0.507871
vn -0.102170 0.423699 0.900022
vn -0.497108 0.275094 0.822926
vn -0.158855 0.528131 0.834172
vn -0.185165 0.288693 0.939346
vn -0.712855 -0.073714 0.697427
vn -0.430739 0.168625 0.886583
vn -0.055045 0.863031 0.502143
vn 0.642908 -0.539057 0.544139
vn -0.140979 -0.547848 0.824614
vn 0.753275 0.110096 0.648426
vn 0.612225 -0.269961 0.743170
vn -0.607561 0.488535 0.626261
vn -0.209428 0.617464 0.758207
vn -0.559597 0.387690 0.732494
vn -0.847156 0.169280 0.503658
vn -0.894797 0.266221 0.358420
vn -0.887564 0.214990 0.407442
vn -0.584765 0.537277 0.607769
vn -0.817533 0.239625 0.523660
vn -0.247616 0.254218 0.934911
vn -0.553908 -0.028015 0.832107
vn -0.450289 -0.106096 0.886557
vn -0.192826 0.206882 0.959176
vn -0.617579 -0.418331 0.666030
vn -0.270688 0.094229 0.958044
vn 0.165698 -0.301567 0.938936
vn 0.148177 -0.230795 0.961654
vn 0.846758 -0.068028 0.527611
vn 0.148142 -0.237777 0.959956
vn 0.853840 0.032466 0.519522
vn 0.803923 0.122707 0.581937
vn 0.242081 0.750222 0.615276
vn 0.343942 0.759924 0.551561
vn 0.594725 0.019900 0.803683
vn -0.838906 -0.228393 0.494038
vn -0.788752 -0.282253 0.546079
vn -0.711719 -0.350631 0.608699
vn -0.468115 -0.385037 0.795371
vn -0.294061 -0.727764 0.619586
vn -0.579569 -0.418484 0.699264
vn -0.234942 -0.701987 0.672321
vn 0.036541 -0.680274 0.732047
vn -0.312619 -0.418441 0.852747
vn 0.055321 -0.554734 0.830187
vn -0.354325 -0.472282 0.807096
vn -0.550256 0.509115 0.661831
vn 0.863968 -0.410546 0.291568
vn 0.714070 -0.165701 0.680181
vn 0.759781 -0.170887 0.627320
vn 0.807705 0.205906 0.552463
vn -0.319870 -0.132612 0.938135
vn -0.405114 0.269715 0.873577
vn -0.334122 0.277174 0.900854
vn -0.319674 0.149226 0.935703
vn -0.232064 -0.521499 0.821088
vn -0.322056 -0.131889 0.937489
vn 0.203919 -0.548441 0.810944
vn -0.140398 -0.320932 0.936638
vn 0.250984 -0.427251 0.868599
vn -0.197889 -0.430879 0.880445
vn -0.509226 -0.119596 0.852282
vn -0.433084 -0.518571 0.737240
vn -0.550943 -0.491508 0.674449
vn -0.380740 -0.130216 0.915468
vn -0.589767 0.025153 0.807182
vn -0.515392 -0.385682 0.765258
vn -0.459908 -0.169314 0.871675
vn -0.452393 -0.574981 0.681716
vn -0.589317 -0.191740 0.784819
vn -0.672595 -0.219336 0.706758
vn -0.485706 -0.587636 0.647127
vn -0.585093 -0.591644 0.554639
vn -0.667102 -0.204615 0.716316
vn -0.585197 -0.580344 0.566343
vn -0.755222 -0.220010 0.617442
vn -0.775184 0.108998 0.622261
vn -0.653070 -0.277614 0.704578
vn -0.733970 -0.290972 0.613697
vn -0.743457 0.066842 0.665436
vn -0.635200 0.095863 0.766376
vn -0.612947 -0.321796 0.721626
vn 0.837792 0.410753 0.359703
vn 0.797800 0.442648 0.409364
vn -0.699553 0.252721 0.668399
vn -0.741695 0.268463 0.614667
vn -0.851020 -0.089919 0.517377
vn 0.074537 -0.661442 0.746283
vn -0.264793 -0.427230 0.864500
vn -0.154834 -0.359410 0.920245
vn -0.266949 -0.107302 0.957718
vn -0.482252 0.035559 0.875310
vn -0.359283 0.046055 0.932092
vn -0.287137 0.051487 0.956505
vn -0.369797 -0.730679 0.573898
vn -0.267181 -0.723301 0.636749
vn 0.224133 0.212674 0.951070
vn -0.406139 0.662390 0.629517
vn -0.350248 0.747298 0.564688
vn -0.571366 -0.195368 0.797102
vn -0.503421 -0.584361 0.636466
vn -0.688118 -0.209854 0.694590
vn -0.433447 -0.575373 0.693592
vn 0.793724 -0.327368 0.512671
vn 0.527980 -0.591880 0.609028
vn 0.498531 -0.558401 0.663066
vn 0.941342 -0.010402 0.337293
vn 0.780956 -0.299337 0.548184
vn 0.922144 0.039063 0.384870
vn -0.288730 0.747780 0.597880
vn -0.240874 0.670732 0.701497
vn -0.311006 0.781616 0.540696
vn -0.643829 0.591983 0.484810
vn -0.225108 -0.268910 0.936490
vn 0.090879 -0.541056 0.836062
vn 0.156321 -0.428721 0.889810
vn -0.184527 -0.208800 0.960392
vn 0.429963 -0.661918 0.614000
vn -0.063573 -0.273012 0.959908
vn 0.486176 -0.560161 0.670711
vn -0.400680 -0.023631 0.915913
vn -0.336751 0.009331 0.941547
vn -0.508389 -0.082012 0.857213
vn -0.381502 -0.492983 0.781936
vn -0.601137 -0.135473 0.787580
vn -0.111374 -0.773720 0.623661
vn -0.021806 -0.725208 0.688184
vn -0.699650 0.383647 0.602748
vn 0.000128 0.794092 0.607798
vn -0.820575 0.105627 0.561693
vn 0.323490 -0.803226 0.500183
vn 0.371083 -0.746805 0.551888
vn 0.316596 0.364035 0.875926
vn -0.031456 0.588387 0.807967
vn 0.246131 -0.876502 0.413720
vn -0.442791 -0.600976 0.665405
vn 0.478712 0.613671 0.627887
vn 0.453441 0.515024 0.727421
vn 0.087280 0.716428 0.692180
vn 0.121462 0.794735 0.594679
vn 0.484120 0.660155 0.574302
vn 0.133312 0.819089 0.557961
vn 0.082804 -0.288707 0.953830
vn 0.677897 -0.380940 0.628761
vn 0.336545 -0.364745 0.868158
vn 0.318179 -0.354313 0.879332
vn 0.661744 -0.124017 0.739402
vn 0.389825 -0.435361 0.811478
vn -0.069521 0.361419 0.929808
vn -0.774643 0.019249 0.632106
vn -0.278264 -0.595498 0.753625
vn -0.483925 -0.234843 0.843010
vn -0.165001 -0.546316 0.821166
vn -0.563898 -0.309925 0.765484
vn -0.187687 -0.718146 0.670105
vn 0.222843 -0.734593 0.640869
vn -0.158428 -0.623406 0.765680
vn 0.913665 -0.163275 0.372232
vn 0.900207 -0.112705 0.420625
vn -0.200312 0.728270 0.655361
vn -0.215724 0.769636 0.600936
vn -0.569866 0.634865 0.521727
vn 0.108489 -0.330784 0.937450
vn 0.514358 -0.263166 0.816199
vn 0.215771 -0.208887 0.953839
vn 0.773135 0.026154 0.633702
vn 0.472308 -0.140231 0.870207
vn -0.322594 0.168177 0.931477
vn -0.014477 0.445643 0.895093
vn 0.026183 0.386779 0.921801
vn -0.404277 0.267666 0.874594
vn -0.086736 0.543635 0.834828
vn -0.671937 0.325112 0.665435
vn -0.626391 0.242727 0.740755
vn 0.837456 -0.183435 0.514800
vn 0.847982 -0.256887 0.463612
vn -0.139109 -0.559805 0.816865
vn 0.267907 -0.621886 0.735855
vn 0.592094 -0.661663 0.460029
vn 0.622006 -0.593457 0.510801
vn 0.211814 -0.714473 0.666831
vn 0.186577 -0.619033 0.762881
vn 0.684762 -0.612692 0.394602
vn 0.477571 0.590952 0.650155
vn 0.501092 0.627926 0.595496
vn 0.182012 0.834017 0.520852
vn 0.236205 -0.261843 0.935759
vn 0.572515 -0.022187 0.819594
vn 0.480672 0.069356 0.874153
vn 0.188268 -0.207530 0.959941
vn 0.680002 0.353353 0.642448
vn 0.279351 -0.105437 0.954383
vn -0.472963 0.350242 0.808478
vn -0.750923 0.045486 0.658821
vn -0.529381 0.384160 0.756424
vn -0.654051 -0.024643 0.756049
vn -0.380872 0.293929 0.876666
vn 0.763682 0.273241 0.584919
vn 0.830183 0.194443 0.522483
vn -0.360792 0.725900 0.585575
vn -0.305021 0.782440 0.542908
vn 0.244981 0.273266 0.930220
vn 0.861490 -0.013864 0.507586
vn 0.733396 -0.220609 0.643010
vn 0.433528 -0.484795 0.759623
vn -0.439640 -0.804565 0.399239
vn -0.622380 -0.470710 0.625361
vn -0.272561 -0.681422 0.679245
vn -0.567938 -0.391487 0.724006
vn -0.354905 -0.761717 0.542060
vn -0.645587 -0.507647 0.570537
vn 0.334059 -0.175854 0.926002
vn 0.518770 0.199527 0.831304
vn 0.394925 0.234125 0.888380
vn 0.266325 -0.151812 0.951853
vn 0.437517 0.591499 0.677280
vn 0.299031 -0.018855 0.954057
vn 0.407987 -0.054851 0.911338
vn 0.525460 -0.019980 0.850584
vn 0.186646 0.706046 0.683127
vn 0.283817 0.733318 0.617813
vn -0.449664 -0.158742 0.878979
vn -0.345041 -0.551334 0.759590
vn -0.444698 -0.568718 0.691956
vn 0.573205 -0.187710 0.797622
vn 0.708418 0.210864 0.673558
vn 0.638385 -0.193227 0.745069
vn 0.591800 0.230740 0.772355
vn 0.644244 0.528574 0.552773
vn 0.709559 0.497541 0.498978
vn 0.548789 0.563326 0.617653
vn 0.525638 0.606816 0.596221
vn 0.596506 0.591293 0.542727
vn 0.703826 -0.298814 0.644468
vn 0.733221 0.555090 0.392763
vn 0.781536 -0.244819 0.573816
vn 0.789015 0.145910 0.596796
vn 0.816967 0.140430 0.559325
vn 0.345985 0.106110 0.932221
vn 0.219218 0.504317 0.835229
vn 0.105207 0.443007 0.890324
vn 0.280151 0.076307 0.956918
vn -0.109057 0.729353 0.675389
vn 0.211124 0.194577 0.957897
vn 0.164517 0.171823 0.971294
vn 0.117788 0.113369 0.986546
vn 0.089316 -0.260797 0.961253
vn 0.812781 -0.082939 0.576635
vn -0.295767 0.704479 0.645160
vn -0.230872 0.781800 0.579212
vn 0.085380 0.827942 0.554277
vn 0.154832 0.851082 0.501684
vn -0.008490 0.786512 0.617517
vn -0.443058 -0.729273 0.521402
vn 0.872067 0.133614 0.470794
vn 0.257968 0.873021 0.413868
vn 0.702047 0.275018 0.656883
vn 0.351172 -0.826565 0.439851
vn -0.031714 -0.854060 0.519206
vn 0.363516 -0.787269 0.498059
vn -0.414250 -0.706802 0.573435
vn -0.673062 -0.426197 0.604437
vn -0.634536 -0.396538 0.663417
vn -0.432987 -0.735204 0.521534
vn 0.237077 0.285316 0.928649
vn -0.092642 0.543059 0.834568
vn -0.151863 0.428433 0.890720
vn 0.199712 0.223735 0.953969
vn -0.492464 0.544140 0.679258
vn -0.442113 0.647733 0.620465
vn 0.076183 0.282795 0.956150
vn -0.072651 -0.336505 0.938875
vn 0.307545 -0.491604 0.814703
vn -0.107788 -0.455562 0.883654
vn 0.272990 -0.152197 0.949901
vn 0.424248 0.619881 0.660122
vn -0.388443 0.734577 0.556335
vn -0.344609 0.792590 0.503037
vn -0.860998 0.113416 0.495801
vn 0.620814 0.026091 0.783524
vn 0.595456 0.446013 0.668210
vn 0.683494 0.049454 0.728279
vn 0.478117 0.426065 0.768032
vn 0.433511 0.624225 0.649931
vn 0.386321 0.539748 0.747950
vn -0.848487 0.260623 0.460592
vn 0.230139 -0.781430 0.580002
vn 0.566393 -0.581033 0.584465
vn 0.574856 -0.608386 0.547182
vn -0.276065 0.228809 0.933507
vn -0.539203 -0.095818 0.836707
vn -0.425118 -0.157451 0.891338
vn -0.214865 0.190200 0.957944
vn -0.547136 -0.493466 0.676116
vn -0.650328 -0.440829 0.618662
vn -0.275740 0.067548 0.958856
vn 0.353493 0.244376 0.902952
vn 0.326016 0.177855 0.928483
vn -0.394621 0.558082 0.729944
vn -0.309825 -0.062715 0.948723
vn 0.103739 -0.736152 0.668819
vn 0.020756 -0.795931 0.605031
vn 0.119402 -0.607624 0.785198
vn 0.480885 -0.394536 0.783002
vn 0.532354 -0.499998 0.683083
vn -0.736778 -0.385040 0.555790
vn 0.883081 -0.035382 0.467884
vn -0.671175 -0.316349 0.670408
vn -0.709979 0.087550 0.698759
vn -0.647147 0.108933 0.754543
vn -0.558581 -0.309861 0.769398
vn -0.613753 0.433874 0.659591
vn 0.309749 0.877923 0.365112
vn 0.589092 -0.616744 0.522109
vn 0.238029 -0.750236 0.616837
vn 0.227156 -0.704232 0.672650
vn 0.586341 -0.650951 0.482148
vn 0.203208 -0.484384 0.850928
vn -0.218909 -0.415117 0.883039
vn -0.160597 -0.300533 0.940153
vn -0.373342 -0.122108 0.919622
vn 0.240450 -0.281112 0.929064
vn 0.558511 -0.011942 0.829411
vn 0.327867 -0.364956 0.871384
vn 0.459844 0.070608 0.885188
vn -0.052111 -0.266794 0.962344
vn 0.654104 -0.494751 0.572161
vn -0.609676 -0.406747 0.680333
vn -0.698034 0.033687 0.715272
vn -0.589998 -0.021356 0.807122
vn -0.670389 -0.393910 0.628819
vn -0.681495 -0.464894 0.565189
vn -0.330913 -0.636691 0.696506
vn -0.650487 -0.372109 0.662119
vn 0.835563 -0.341056 0.430714
vn 0.825946 -0.292448 0.481962
vn 0.251289 -0.693979 0.674720
vn 0.259153 -0.739133 0.621709
vn 0.605929 -0.622795 0.494951
vn 0.096277 -0.273845 0.956943
vn 0.657869 0.058523 0.750855
vn 0.350578 -0.166191 0.921670
vn 0.067194 -0.514281 0.854986
vn 0.416740 -0.277074 0.865770
vn 0.795614 -0.194929 0.573586
vn 0.767514 -0.128750 0.627969
vn -0.430288 -0.608675 0.666608
vn -0.027513 -0.778278 0.627317
vn -0.428605 -0.668491 0.607797
vn -0.022057 -0.672762 0.739530
vn 0.204995 -0.745242 0.634501
vn 0.152721 -0.663619 0.732316
vn 0.204009 -0.908107 0.365679
vn 0.735466 -0.199325 0.647579
vn 0.779588 -0.200998 0.593163
vn 0.822653 0.179924 0.539323
vn 0.344521 -0.248621 0.905258
vn 0.450178 0.166218 0.877332
vn 0.466965 -0.254913 0.846737
vn 0.320738 0.166017 0.932505
vn 0.272815 -0.242897 0.930899
vn 0.293320 0.553286 0.779639
vn 0.277560 -0.108117 0.954605
vn -0.426960 -0.509523 0.747055
vn -0.486548 -0.545727 0.682242
vn -0.656788 -0.169476 0.734784
vn -0.177314 -0.802672 0.569453
vn 0.582368 0.544640 0.603502
vn 0.701631 0.155164 0.695441
vn 0.584295 0.162485 0.795109
vn 0.737198 -0.249595 0.627887
vn 0.639670 -0.255435 0.724966
vn -0.415892 -0.394943 0.819179
vn -0.015705 -0.548569 0.835958
vn -0.009720 -0.425950 0.904694
vn -0.406119 -0.327261 0.853210
vn 0.396475 -0.432877 0.809583
vn -0.277678 -0.351097 0.894218
vn 0.010410 -0.405846 0.913882
vn -0.021555 -0.341455 0.939651
vn 0.720240 -0.038662 0.692647
vn 0.409178 0.557576 0.722276
vn 0.511012 0.553191 0.657911
vn 0.574219 -0.256632 0.777440
vn 0.390284 -0.636296 0.665437
vn 0.396358 -0.542366 0.740770
vn 0.681756 0.523160 0.511382
vn 0.728424 0.508080 0.459624
vn -0.737975 -0.222613 0.637053
vn -0.594851 -0.589365 0.546627
vn -0.773985 -0.248064 0.582590
vn -0.011908 -0.854781 0.518853
vn 0.017228 -0.819178 0.573280
vn -0.519366 -0.111007 0.847311
vn -0.481415 -0.050801 0.875019
vn -0.579054 -0.216518 0.786013
vn -0.278976 -0.533460 0.798494
vn -0.625514 -0.312029 0.715102
vn 0.155685 -0.589573 0.792569
vn 0.108985 -0.678754 0.726234
vn 0.073028 -0.739041 0.669691
vn -0.419354 -0.756304 0.502142
vn -0.411579 -0.795558 0.444623
vn -0.034713 -0.877428 0.478450
vn 0.292003 0.010541 0.956359
vn 0.143626 0.766608 0.625847
vn -0.794446 -0.339661 0.503474
vn 0.382026 -0.700535 0.602749
vn -0.619179 -0.105241 0.778165
f 1/1/1 2/2/2 3/3/3
f 4/4/4 5/5/5 6/6/6
f 5/5/5 4/4/4 7/7/7
f 8/8/8 9/9/9 10/10/10
f 9/9/9 8/8/8 11/11/11
f 12/12/12 13/13/13 14/14/14
f 13/13/13 12/12/12 15/15/15
f 16/16/16 17/17/17 18/18/18
f 18/18/18 19/19/19 16/16/16
f 20/20/20 21/21/21 22/22/22
f 21/21/21 20/20/20 23/23/23
f 24/24/24 25/25/25 26/26/26
f 27/27/27 28/28/28 29/29/29
f 30/30/30 31/31/31 32/32/32
f 31/31/31 30/30/30 33/33/33
f 34/34/34 35/35/35 36/36/36
f 37/37/37 38/38/38 39/39/39
f 38/38/38 37/37/37 40/40/40
f 41/41/41 42/42/42 43/43/43
f 41/41/41 44/44/44 42/42/42
f 41/41/41 45/45/45 46/46/46
f 47/47/47 48/48/48 49/49/49
f 50/50/50 51/51/51 52/52/52
f 53/53/53 54/54/54 55/55/55
f 54/54/54 53/53/53 56/56/56
f 57/57/57 58/58/58 59/59/59
f 60/60/60 61/61/61 62/62/62
f 62/62/62 63/63/63 60/60/60
f 64/64/64 65/65/65 66/66/66
f 67/67/67 68/68/68 69/69/69
f 70/70/70 71/71/71 72/72/72
f 73/73/73 74/74/74 75/75/75
f 76/76/76 77/77/77 78/78/78
f 77/77/77 76/76/76 79/79/79
f 80/80/80 81/81/81 82/82/82
f 80/80/80 82/82/82 68/68/68
f 83/83/83 84/84/84 85/85/85
f 86/86/86 87/87/87 88/88/88
f 89/89/89 90/90/90 91/91/91
f 92/92/92 93/93/93 94/94/94
f 95/95/95 96/96/96 97/97/97
f 98/98/98 99/99/99 100/100/100
f 101/101/101 102/102/102 103/103/103
f 104/104/104 101/101/101 103/103/103
f 75/75/75 70/70/70 105/105/105
f 74/74/74 71/71/71 75/75/75
f 71/71/71 74/74/74 106/106/106
f 71/71/71 107/107/107 108/108/108
f 71/71/71 106/106/106 107/107/107
f 71/71/71 70/70/70 75/75/75
f 72/72/72 108/108/108 109/109/109
f 110/110/110 111/111/111 112/112/112
f 110/110/110 112/112/112 113/113/113
f 114/114/114 115/115/115 116/116/116
f 115/115/115 114/114/114 117/117/117
f 118/118/118 51/51/51 119/119/119
f 120/120/120 121/121/121 122/122/122
f 123/123/123 120/120/120 122/122/122
f 124/124/124 125/125/125 126/126/126
f 127/127/127 128/128/128 99/99/99
f 127/127/127 129/129/129 128/128/128
f 130/130/130 131/131/131 132/132/132
f 133/133/133 134/134/134 135/135/135
f 136/136/136 137/137/137 138/138/138
f 90/90/90 139/139/139 91/91/91
f 140/140/140 141/141/141 142/142/142
f 143/143/143 144/144/144 145/145/145
f 143/143/143 146/146/146 144/144/144
f 147/147/147 148/148/148 149/149/149
f 150/150/150 151/151/151 140/140/140
f 152/152/152 153/153/153 154/154/154
f 155/155/155 156/156/156 157/157/157
f 158/158/158 159/159/159 25/25/25
f 158/158/158 160/160/160 159/159/159
f 161/161/161 162/162/162 163/163/163
f 164/164/164 165/165/165 166/166/166
f 164/164/164 167/167/167 165/165/165
f 164/164/164 168/168/168 169/169/169
f 170/170/170 171/171/171 172/172/172
f 173/173/173 174/174/174 175/175/175
f 176/176/176 177/177/177 178/178/178
f 137/137/137 179/179/179 138/138/138
f 180/180/180 181/181/181 182/182/182
f 183/183/183 184/184/184 185/185/185
f 186/186/186 187/187/187 188/188/188
f 189/189/189 190/190/190 191/191/191
f 192/192/192 193/193/193 194/194/194
f 195/195/195 196/196/196 197/197/197
f 196/196/196 195/195/195 198/198/198
f 199/199/199 200/200/200 201/201/201
f 199/199/199 202/202/202 200/200/200
f 203/203/203 201/201/201 204/204/204
f 205/205/205 206/206/206 207/207/207
f 208/208/208 209/209/209 210/210/210
f 211/211/211 208/208/208 210/210/210
f 103/103/103 212/212/212 213/213/213
f 214/214/214 215/215/215 216/216/216
f 102/102/102 212/212/212 103/103/103
f 102/102/102 217/217/217 218/218/218
f 102/102/102 218/218/218 215/215/215
f 102/102/102 101/101/101 217/217/217
f 212/212/212 102/102/102 214/214/214
f 219/219/219 220/220/220 221/221/221
f 220/220/220 219/219/219 222/222/222
f 223/223/223 82/82/82 108/108/108
f 224/224/224 225/225/225 226/226/226
f 227/227/227 228/228/228 229/229/229
f 230/230/230 227/227/227 229/229/229
f 231/231/231 232/232/232 233/233/233
f 234/234/234 235/235/235 236/236/236
f 235/235/235 234/234/234 237/237/237
f 238/238/238 239/239/239 240/240/240
f 241/241/241 242/242/242 243/243/243
f 244/244/244 245/245/245 246/246/246
f 247/247/247 248/248/248 249/249/249
f 250/250/250 251/251/251 252/252/252
f 253/253/253 254/254/254 255/255/255
f 256/256/256 257/257/257 258/258/258
f 257/257/257 256/256/256 259/259/259
f 216/216/216 260/260/260 261/261/261
f 262/262/262 263/263/263 264/264/264
f 265/265/265 266/266/266 267/267/267
f 268/268/268 269/269/269 270/270/270
f 271/271/271 272/272/272 273/273/273
f 274/274/274 68/68/68 275/275/275
f 68/68/68 67/67/67 80/80/80
f 68/68/68 274/274/274 69/69/69
f 276/276/276 277/277/277 278/278/278
f 277/277/277 276/276/276 279/279/279
f 280/280/280 281/281/281 282/282/282
f 283/283/283 284/284/284 285/285/285
f 286/286/286 287/287/287 288/288/288
f 289/289/289 290/290/290 291/291/291
f 292/292/292 293/293/293 294/294/294
f 295/295/295 296/296/296 297/297/297
f 295/295/295 298/298/298 296/296/296
f 299/299/299 300/300/300 301/301/301
f 302/302/302 303/303/303 304/304/304
f 305/305/305 306/306/306 307/307/307
f 308/308/308 309/309/309 310/310/310
f 311/311/311 312/312/312 313/313/313
f 314/314/314 315/315/315 316/316/316
f 317/317/317 318/318/318 319/319/319
f 320/320/320 321/321/321 322/322/322
f 321/321/321 320/320/320 323/323/323
f 3/3/3 92/92/92 324/324/324
f 2/2/2 93/93/93 3/3/3
f 325/325/325 326/326/326 327/327/327
f 328/328/328 329/329/329 330/330/330
f 331/331/331 332/332/332 333/333/333
f 333/333/333 334/334/334 331/331/331
f 335/335/335 336/336/336 337/337/337
f 337/337/337 338/338/338 335/335/335
f 339/339/339 340/340/340 341/341/341
f 342/342/342 343/343/343 344/344/344
f 345/345/345 346/346/346 347/347/347
f 348/348/348 349/349/349 350/350/350
f 351/351/351 352/352/352 353/353/353
f 352/352/352 351/351/351 354/354/354
f 355/355/355 356/356/356 357/357/357
f 356/356/356 355/355/355 358/358/358
f 359/359/359 360/360/360 361/361/361
f 362/362/362 363/363/363 364/364/364
f 365/365/365 366/366/366 367/367/367
f 340/340/340 339/339/339 368/368/368
f 369/369/369 341/341/341 340/340/340
f 370/370/370 371/371/371 372/372/372
f 373/373/373 374/374/374 375/375/375
f 201/201/201 203/203/203 199/199/199
f 201/201/201 376/376/376 204/204/204
f 376/376/376 201/201/201 377/377/377
f 378/378/378 261/261/261 260/260/260
f 378/378/378 260/260/260 379/379/379
f 380/380/380 379/379/379 381/381/381
f 382/382/382 383/383/383 384/384/384
f 385/385/385 386/386/386 387/387/387
f 388/388/388 389/389/389 390/390/390
f 391/391/391 392/392/392 393/393/393
f 42/42/42 394/394/394 395/395/395
f 42/42/42 395/395/395 43/43/43
f 396/396/396 397/397/397 398/398/398
f 399/399/399 400/400/400 401/401/401
f 402/402/402 403/403/403 404/404/404
f 405/405/405 406/406/406 407/407/407
f 408/408/408 409/409/409 410/410/410
f 411/411/411 412/412/412 413/413/413
f 414/414/414 415/415/415 416/416/416
f 417/417/417 418/418/418 419/419/419
f 420/420/420 363/363/363 362/362/362
f 421/421/421 422/422/422 423/423/423
f 424/424/424 425/425/425 426/426/426
f 427/427/427 428/428/428 429/429/429
f 427/427/427 430/430/430 428/428/428
f 431/431/431 432/432/432 433/433/433
f 434/434/434 435/435/435 436/436/436
f 437/437/437 438/438/438 439/439/439
f 440/440/440 441/441/441 442/442/442
f 443/443/443 444/444/444 445/445/445
f 446/446/446 447/447/447 448/448/448
f 449/449/449 450/450/450 451/451/451
f 156/156/156 155/155/155 452/452/452
f 453/453/453 156/156/156 452/452/452
f 454/454/454 455/455/455 456/456/456
f 457/457/457 458/458/458 459/459/459
f 460/460/460 461/461/461 462/462/462
f 460/460/460 463/463/463 461/461/461
f 464/464/464 463/463/463 460/460/460
f 165/165/165 465/465/465 166/166/166
f 165/165/165 466/466/466 465/465/465
f 165/165/165 167/167/167 467/467/467
f 466/466/466 165/165/165 468/468/468
f 469/469/469 470/470/470 471/471/471
f 472/472/472 473/473/473 474/474/474
f 475/475/475 476/476/476 477/477/477
f 475/475/475 478/478/478 476/476/476
f 479/479/479 478/478/478 475/475/475
f 480/480/480 229/229/229 228/228/228
f 481/481/481 162/162/162 482/482/482
f 483/483/483 484/484/484 485/485/485
f 486/486/486 487/487/487 488/488/488
f 489/489/489 490/490/490 491/491/491
f 490/490/490 489/489/489 492/492/492
f 493/493/493 42/42/42 44/44/44
f 493/493/493 494/494/494 42/42/42
f 93/93/93 495/495/495 494/494/494
f 93/93/93 92/92/92 3/3/3
f 93/93/93 2/2/2 496/496/496
f 93/93/93 496/496/496 495/495/495
f 94/94/94 494/494/494 493/493/493
f 494/494/494 394/394/394 42/42/42
f 494/494/494 94/94/94 93/93/93
f 494/494/494 495/495/495 394/394/394
f 162/162/162 161/161/161 482/482/482
f 162/162/162 481/481/481 497/497/497
f 497/497/497 498/498/498 499/499/499
f 497/497/497 499/499/499 162/162/162
f 500/500/500 501/501/501 502/502/502
f 503/503/503 229/229/229 504/504/504
f 229/229/229 503/503/503 505/505/505
f 229/229/229 480/480/480 504/504/504
f 506/506/506 507/507/507 508/508/508
f 509/509/509 506/506/506 508/508/508
f 510/510/510 511/511/511 512/512/512
f 513/513/513 514/514/514 515/515/515
f 29/29/29 247/247/247 516/516/516
f 28/28/28 248/248/248 29/29/29
f 248/248/248 517/517/517 518/518/518
f 248/248/248 519/519/519 517/517/517
f 248/248/248 247/247/247 29/29/29
f 248/248/248 28/28/28 519/519/519
f 249/249/249 518/518/518 520/520/520
f 521/521/521 522/522/522 523/523/523
f 524/524/524 525/525/525 526/526/526
f 527/527/527 528/528/528 529/529/529
f 99/99/99 530/530/530 100/100/100
f 99/99/99 98/98/98 127/127/127
f 530/530/530 99/99/99 531/531/531
f 532/532/532 533/533/533 534/534/534
f 533/533/533 532/532/532 535/535/535
f 536/536/536 537/537/537 538/538/538
f 539/539/539 540/540/540 541/541/541
f 319/319/319 314/314/314 542/542/542
f 318/318/318 315/315/315 319/319/319
f 543/543/543 544/544/544 545/545/545
f 544/544/544 543/543/543 546/546/546
f 547/547/547 548/548/548 549/549/549
f 550/550/550 551/551/551 552/552/552
f 553/553/553 554/554/554 507/507/507
f 552/552/552 553/553/553 550/550/550
f 555/555/555 556/556/556 557/557/557
f 558/558/558 559/559/559 560/560/560
f 561/561/561 84/84/84 562/562/562
f 563/563/563 564/564/564 565/565/565
f 566/566/566 563/563/563 567/567/567
f 568/568/568 569/569/569 570/570/570
f 571/571/571 572/572/572 573/573/573
f 574/574/574 575/575/575 576/576/576
f 575/575/575 574/574/574 577/577/577
f 578/578/578 579/579/579 580/580/580
f 581/581/581 582/582/582 583/583/583
f 584/584/584 499/499/499 585/585/585
f 586/586/586 587/587/587 588/588/588
f 45/45/45 41/41/41 43/43/43
f 589/589/589 43/43/43 395/395/395
f 43/43/43 589/589/589 45/45/45
f 590/590/590 591/591/591 592/592/592
f 592/592/592 593/593/593 590/590/590
f 593/593/593 592/592/592 594/594/594
f 595/595/595 596/596/596 597/597/597
f 598/598/598 595/595/595 597/597/597
f 599/599/599 600/600/600 601/601/601
f 602/602/602 603/603/603 604/604/604
f 58/58/58 605/605/605 59/59/59
f 606/606/606 607/607/607 608/608/608
f 607/607/607 606/606/606 609/609/609
f 610/610/610 611/611/611 612/612/612
f 613/613/613 614/614/614 615/615/615
f 613/613/613 615/615/615 616/616/616
f 617/617/617 618/618/618 619/619/619
f 51/51/51 50/50/50 119/119/119
f 51/51/51 118/118/118 620/620/620
f 620/620/620 621/621/621 51/51/51
f 620/620/620 622/622/622 621/621/621
f 623/623/623 624/624/624 625/625/625
f 626/626/626 627/627/627 628/628/628
f 626/626/626 628/628/628 624/624/624
f 624/624/624 629/629/629 626/626/626
f 624/624/624 623/623/623 630/630/630
f 629/629/629 624/624/624 630/630/630
f 631/631/631 632/632/632 633/633/633
f 634/634/634 635/635/635 636/636/636
f 637/637/637 638/638/638 639/639/639
f 640/640/640 638/638/638 637/637/637
f 641/641/641 642/642/642 643/643/643
f 644/644/644 520/520/520 518/518/518
f 644/644/644 645/645/645 646/646/646
f 644/644/644 647/647/647 645/645/645
f 644/644/644 648/648/648 520/520/520
f 518/518/518 647/647/647 644/644/644
f 518/518/518 249/249/249 248/248/248
f 647/647/647 518/518/518 517/517/517
f 649/649/649 650/650/650 651/651/651
f 652/652/652 653/653/653 654/654/654
f 652/652/652 655/655/655 656/656/656
f 657/657/657 658/658/658 659/659/659
f 658/658/658 657/657/657 660/660/660
f 661/661/661 662/662/662 663/663/663
f 662/662/662 661/661/661 664/664/664
f 665/665/665 666/666/666 325/325/325
f 667/667/667 665/665/665 668/668/668
f 669/669/669 666/666/666 667/667/667
f 670/670/670 669/669/669 667/667/667
f 671/671/671 672/672/672 673/673/673
f 672/672/672 671/671/671 674/674/674
f 666/666/666 665/665/665 667/667/667
f 666/666/666 669/669/669 675/675/675
f 666/666/666 676/676/676 326/326/326
f 666/666/666 675/675/675 676/676/676
f 677/677/677 326/326/326 676/676/676
f 678/678/678 679/679/679 680/680/680
f 681/681/681 682/682/682 683/683/683
f 684/684/684 685/685/685 457/457/457
f 686/686/686 684/684/684 687/687/687
f 688/688/688 685/685/685 686/686/686
f 689/689/689 688/688/688 686/686/686
f 690/690/690 691/691/691 289/289/289
f 692/692/692 693/693/693 694/694/694
f 693/693/693 692/692/692 695/695/695
f 696/696/696 697/697/697 698/698/698
f 697/697/697 696/696/696 699/699/699
f 685/685/685 688/688/688 700/700/700
f 685/685/685 684/684/684 686/686/686
f 685/685/685 700/700/700 701/701/701
f 685/685/685 701/701/701 458/458/458
f 702/702/702 703/703/703 704/704/704
f 702/702/702 705/705/705 703/703/703
f 706/706/706 705/705/705 702/702/702
f 706/706/706 707/707/707 605/605/605
f 706/706/706 708/708/708 705/705/705
f 709/709/709 702/702/702 710/710/710
f 709/709/709 706/706/706 702/702/702
f 711/711/711 712/712/712 713/713/713
f 714/714/714 559/559/559 715/715/715
f 716/716/716 717/717/717 510/510/510
f 718/718/718 719/719/719 720/720/720
f 721/721/721 722/722/722 723/723/723
f 724/724/724 725/725/725 726/726/726
f 727/727/727 722/722/722 721/721/721
f 722/722/722 727/727/727 724/724/724
f 728/728/728 729/729/729 730/730/730
f 731/731/731 732/732/732 728/728/728
f 725/725/725 724/724/724 727/727/727
f 733/733/733 734/734/734 735/735/735
f 733/733/733 726/726/726 725/725/725
f 726/726/726 733/733/733 736/736/736
f 737/737/737 738/738/738 511/511/511
f 739/739/739 343/343/343 740/740/740
f 741/741/741 742/742/742 743/743/743
f 741/741/741 743/743/743 744/744/744
f 745/745/745 744/744/744 746/746/746
f 747/747/747 748/748/748 749/749/749
f 750/750/750 751/751/751 752/752/752
f 753/753/753 754/754/754 755/755/755
f 754/754/754 753/753/753 756/756/756
f 757/757/757 758/758/758 759/759/759
f 760/760/760 759/759/759 761/761/761
f 759/759/759 760/760/760 757/757/757
f 762/762/762 763/763/763 764/764/764
f 765/765/765 766/766/766 596/596/596
f 621/621/621 52/52/52 51/51/51
f 621/621/621 767/767/767 765/765/765
f 621/621/621 622/622/622 767/767/767
f 768/768/768 769/769/769 770/770/770
f 769/769/769 768/768/768 132/132/132
f 769/769/769 132/132/132 131/131/131
f 769/769/769 771/771/771 770/770/770
f 772/772/772 735/735/735 734/734/734
f 773/773/773 648/648/648 644/644/644
f 773/773/773 644/644/644 646/646/646
f 774/774/774 646/646/646 775/775/775
f 776/776/776 777/777/777 778/778/778
f 779/779/779 780/780/780 781/781/781
f 108/108/108 72/72/72 71/71/71
f 108/108/108 107/107/107 223/223/223
f 82/82/82 275/275/275 68/68/68
f 82/82/82 223/223/223 275/275/275
f 82/82/82 109/109/109 108/108/108
f 109/109/109 82/82/82 81/81/81
f 782/782/782 783/783/783 784/784/784
f 559/559/559 714/714/714 785/785/785
f 559/559/559 558/558/558 715/715/715
f 785/785/785 786/786/786 783/783/783
f 785/785/785 783/783/783 559/559/559
f 787/787/787 166/166/166 465/465/465
f 166/166/166 168/168/168 164/164/164
f 166/166/166 787/787/787 168/168/168
f 788/788/788 789/789/789 790/790/790
f 791/791/791 792/792/792 793/793/793
f 794/794/794 795/795/795 796/796/796
f 797/797/797 798/798/798 799/799/799
f 798/798/798 797/797/797 800/800/800
f 801/801/801 802/802/802 803/803/803
f 804/804/804 805/805/805 806/806/806
f 807/807/807 808/808/808 809/809/809
f 807/807/807 810/810/810 682/682/682
f 811/811/811 807/807/807 682/682/682
f 811/811/811 812/812/812 807/807/807
f 813/813/813 447/447/447 814/814/814
f 815/815/815 444/444/444 816/816/816
f 817/817/817 87/87/87 818/818/818
f 819/819/819 820/820/820 821/821/821
f 820/820/820 822/822/822 823/823/823
f 49/49/49 791/791/791 824/824/824
f 48/48/48 792/792/792 49/49/49
f 825/825/825 826/826/826 827/827/827
f 825/825/825 827/827/827 828/828/828
f 829/829/829 826/826/826 825/825/825
f 830/830/830 831/831/831 832/832/832
f 831/831/831 830/830/830 833/833/833
f 159/159/159 834/834/834 25/25/25
f 159/159/159 835/835/835 834/834/834
f 141/141/141 835/835/835 159/159/159
f 141/141/141 140/140/140 151/151/151
f 141/141/141 836/836/836 835/835/835
f 142/142/142 159/159/159 160/160/160
f 142/142/142 141/141/141 159/159/159
f 125/125/125 837/837/837 126/126/126
f 838/838/838 839/839/839 840/840/840
f 126/126/126 841/841/841 842/842/842
f 843/843/843 839/839/839 838/838/838
f 841/841/841 837/837/837 843/843/843
f 844/844/844 845/845/845 846/846/846
f 845/845/845 844/844/844 847/847/847
f 848/848/848 849/849/849 712/712/712
f 848/848/848 850/850/850 849/849/849
f 712/712/712 711/711/711 851/851/851
f 712/712/712 852/852/852 848/848/848
f 852/852/852 712/712/712 851/851/851
f 853/853/853 854/854/854 855/855/855
f 856/856/856 853/853/853 855/855/855
f 720/720/720 716/716/716 857/857/857
f 719/719/719 717/717/717 720/720/720
f 717/717/717 719/719/719 858/858/858
f 717/717/717 716/716/716 720/720/720
f 717/717/717 858/858/858 859/859/859
f 717/717/717 859/859/859 511/511/511
f 860/860/860 861/861/861 862/862/862
f 863/863/863 861/861/861 860/860/860
f 579/579/579 864/864/864 580/580/580
f 579/579/579 865/865/865 854/854/854
f 866/866/866 864/864/864 579/579/579
f 867/867/867 868/868/868 869/869/869
f 867/867/867 869/869/869 870/870/870
f 871/871/871 329/329/329 502/502/502
f 871/871/871 502/502/502 501/501/501
f 444/444/444 443/443/443 816/816/816
f 444/444/444 815/815/815 872/872/872
f 580/580/580 873/873/873 578/578/578
f 580/580/580 864/864/864 445/445/445
f 580/580/580 445/445/445 444/444/444
f 872/872/872 580/580/580 444/444/444
f 872/872/872 873/873/873 580/580/580
f 874/874/874 875/875/875 876/876/876
f 875/875/875 874/874/874 877/877/877
f 878/878/878 652/652/652 654/654/654
f 878/878/878 879/879/879 652/652/652
f 880/880/880 654/654/654 881/881/881
f 882/882/882 883/883/883 884/884/884
f 885/885/885 886/886/886 887/887/887
f 91/91/91 888/888/888 889/889/889
f 888/888/888 139/139/139 890/890/890
f 822/822/822 820/820/820 819/819/819
f 655/655/655 652/652/652 879/879/879
f 656/656/656 823/823/823 822/822/822
f 823/823/823 656/656/656 655/655/655
f 310/310/310 891/891/891 892/892/892
f 891/891/891 310/310/310 309/309/309
f 893/893/893 894/894/894 895/895/895
f 896/896/896 312/312/312 897/897/897
f 898/898/898 899/899/899 900/900/900
f 901/901/901 902/902/902 903/903/903
f 902/902/902 901/901/901 904/904/904
f 905/905/905 906/906/906 907/907/907
f 906/906/906 905/905/905 908/908/908
f 511/511/511 510/510/510 717/717/717
f 511/511/511 859/859/859 737/737/737
f 738/738/738 512/512/512 511/511/511
f 738/738/738 909/909/909 910/910/910
f 738/738/738 737/737/737 909/909/909
f 512/512/512 738/738/738 911/911/911
f 912/912/912 239/239/239 913/913/913
f 914/914/914 915/915/915 916/916/916
f 917/917/917 918/918/918 779/779/779
f 919/919/919 917/917/917 920/920/920
f 921/921/921 918/918/918 919/919/919
f 922/922/922 921/921/921 919/919/919
f 766/766/766 765/765/765 767/767/767
f 597/597/597 923/923/923 924/924/924
f 923/923/923 596/596/596 766/766/766
f 596/596/596 595/595/595 925/925/925
f 596/596/596 923/923/923 597/597/597
f 926/926/926 927/927/927 928/928/928
f 927/927/927 926/926/926 929/929/929
f 771/771/771 769/769/769 930/930/930
f 749/749/749 770/770/770 771/771/771
f 770/770/770 931/931/931 768/768/768
f 770/770/770 749/749/749 748/748/748
f 918/918/918 921/921/921 932/932/932
f 918/918/918 933/933/933 780/780/780
f 918/918/918 917/917/917 919/919/919
f 918/918/918 932/932/932 933/933/933
f 601/601/601 600/600/600 934/934/934
f 935/935/935 780/780/780 933/933/933
f 343/343/343 739/739/739 344/344/344
f 343/343/343 342/342/342 936/936/936
f 936/936/936 937/937/937 343/343/343
f 936/936/936 938/938/938 937/937/937
f 939/939/939 899/899/899 940/940/940
f 941/941/941 942/942/942 943/943/943
f 944/944/944 945/945/945 599/599/599
f 946/946/946 947/947/947 948/948/948
f 865/865/865 579/579/579 578/578/578
f 855/855/855 949/949/949 950/950/950
f 949/949/949 854/854/854 865/865/865
f 854/854/854 949/949/949 855/855/855
f 854/854/854 951/951/951 866/866/866
f 854/854/854 853/853/853 951/951/951
f 854/854/854 866/866/866 579/579/579
f 154/154/154 150/150/150 952/952/952
f 151/151/151 836/836/836 141/141/141
f 151/151/151 150/150/150 154/154/154
f 151/151/151 953/953/953 836/836/836
f 151/151/151 153/153/153 953/953/953
f 153/153/153 151/151/151 154/154/154
f 954/954/954 477/477/477 476/476/476
f 477/477/477 954/954/954 955/955/955
f 326/326/326 677/677/677 849/849/849
f 326/326/326 325/325/325 666/666/666
f 849/849/849 713/713/713 712/712/712
f 849/849/849 677/677/677 713/713/713
f 849/849/849 327/327/327 326/326/326
f 327/327/327 849/849/849 850/850/850
f 899/899/899 898/898/898 956/956/956
f 899/899/899 939/939/939 900/900/900
f 956/956/956 934/934/934 899/899/899
f 956/956/956 957/957/957 934/934/934
f 958/958/958 959/959/959 960/960/960
f 961/961/961 930/930/930 769/769/769
f 961/961/961 769/769/769 131/131/131
f 962/962/962 131/131/131 963/963/963
f 131/131/131 130/130/130 963/963/963
f 131/131/131 962/962/962 961/961/961
f 964/964/964 965/965/965 966/966/966
f 967/967/967 968/968/968 969/969/969
f 138/138/138 970/970/970 971/971/971
f 972/972/972 973/973/973 974/974/974
f 179/179/179 975/975/975 976/976/976
f 179/179/179 970/970/970 138/138/138
f 179/179/179 976/976/976 973/973/973
f 179/179/179 137/137/137 975/975/975
f 970/970/970 179/179/179 972/972/972
f 887/887/887 882/882/882 977/977/977
f 886/886/886 883/883/883 887/887/887
f 978/978/978 973/973/973 976/976/976
f 979/979/979 942/942/942 980/980/980
f 981/981/981 982/982/982 983/983/983
f 984/984/984 985/985/985 986/986/986
f 987/987/987 784/784/784 988/988/988
f 989/989/989 990/990/990 987/987/987
f 991/991/991 986/986/986 985/985/985
f 991/991/991 992/992/992 986/986/986
f 883/883/883 882/882/882 887/887/887
f 883/883/883 895/895/895 894/894/894
f 883/883/883 886/886/886 993/993/993
f 883/883/883 993/993/993 895/895/895
f 884/884/884 894/894/894 994/994/994
f 628/628/628 625/625/625 624/624/624
f 628/628/628 627/627/627 995/995/995
f 447/447/447 813/813/813 448/448/448
f 447/447/447 446/446/446 996/996/996
f 996/996/996 997/997/997 447/447/447
f 996/996/996 998/998/998 997/997/997
f 999/999/999 1000/1000/1000 1001/1001/1001
f 1002/1002/1002 1003/1003/1003 1004/1004/1004
f 1005/1005/1005 1003/1003/1003 1002/1002/1002
f 1006/1006/1006 1007/1007/1007 420/420/420
f 1008/1008/1008 1009/1009/1009 1010/1010/1010
f 1008/1008/1008 1006/1006/1006 1011/1011/1011
f 1012/1012/1012 1009/1009/1009 1008/1008/1008
f 1010/1010/1010 1007/1007/1007 1008/1008/1008
f 488/488/488 483/483/483 1013/1013/1013
f 487/487/487 484/484/484 488/488/488
f 1014/1014/1014 330/330/330 871/871/871
f 1014/1014/1014 871/871/871 1015/1015/1015
f 315/315/315 328/328/328 330/330/330
f 315/315/315 1016/1016/1016 328/328/328
f 315/315/315 318/318/318 1016/1016/1016
f 315/315/315 314/314/314 319/319/319
f 316/316/316 330/330/330 1014/1014/1014
f 330/330/330 329/329/329 871/871/871
f 330/330/330 316/316/316 315/315/315
f 363/363/363 1017/1017/1017 1018/1018/1018
f 363/363/363 420/420/420 1007/1007/1007
f 1007/1007/1007 1017/1017/1017 363/363/363
f 1007/1007/1007 1010/1010/1010 1017/1017/1017
f 1007/1007/1007 1006/1006/1006 1008/1008/1008
f 1019/1019/1019 1020/1020/1020 1021/1021/1021
f 1019/1019/1019 1022/1022/1022 1020/1020/1020
f 973/973/973 972/972/972 179/179/179
f 973/973/973 978/978/978 200/200/200
f 200/200/200 377/377/377 201/201/201
f 200/200/200 978/978/978 377/377/377
f 200/200/200 974/974/974 973/973/973
f 974/974/974 200/200/200 202/202/202
f 1018/1018/1018 364/364/364 363/363/363
f 364/364/364 97/97/97 96/96/96
f 364/364/364 1023/1023/1023 362/362/362
f 364/364/364 1018/1018/1018 97/97/97
f 654/654/654 1024/1024/1024 881/881/881
f 654/654/654 880/880/880 878/878/878
f 1024/1024/1024 654/654/654 653/653/653
f 1025/1025/1025 1026/1026/1026 1027/1027/1027
f 1025/1025/1025 1027/1027/1027 65/65/65
f 65/65/65 1028/1028/1028 1025/1025/1025
f 65/65/65 64/64/64 1029/1029/1029
f 1028/1028/1028 65/65/65 1029/1029/1029
f 1030/1030/1030 1031/1031/1031 1032/1032/1032
f 1033/1033/1033 1034/1034/1034 1035/1035/1035
f 87/87/87 86/86/86 818/818/818
f 87/87/87 817/817/817 1036/1036/1036
f 792/792/792 791/791/791 49/49/49
f 792/792/792 1037/1037/1037 764/764/764
f 792/792/792 764/764/764 763/763/763
f 792/792/792 48/48/48 1037/1037/1037
f 793/793/793 763/763/763 1038/1038/1038
f 36/36/36 1039/1039/1039 1040/1040/1040
f 1041/1041/1041 1042/1042/1042 1043/1043/1043
f 1041/1041/1041 149/149/149 148/148/148
f 1041/1041/1041 1044/1044/1044 149/149/149
f 1045/1045/1045 379/379/379 1046/1046/1046
f 379/379/379 380/380/380 378/378/378
f 379/379/379 1045/1045/1045 381/381/381
f 1047/1047/1047 409/409/409 1048/1048/1048
f 1049/1049/1049 1050/1050/1050 690/690/690
f 1051/1051/1051 1049/1049/1049 1052/1052/1052
f 1053/1053/1053 1050/1050/1050 1051/1051/1051
f 1054/1054/1054 1053/1053/1053 1051/1051/1051
f 707/707/707 706/706/706 709/709/709
f 59/59/59 1055/1055/1055 1056/1056/1056
f 1055/1055/1055 605/605/605 707/707/707
f 605/605/605 1057/1057/1057 708/708/708
f 605/605/605 58/58/58 1057/1057/1057
f 605/605/605 708/708/708 706/706/706
f 605/605/605 1055/1055/1055 59/59/59
f 948/948/948 944/944/944 1058/1058/1058
f 947/947/947 945/945/945 948/948/948
f 945/945/945 1059/1059/1059 600/600/600
f 945/945/945 1060/1060/1060 1059/1059/1059
f 945/945/945 944/944/944 948/948/948
f 945/945/945 947/947/947 1060/1060/1060
f 484/484/484 483/483/483 488/488/488
f 484/484/484 487/487/487 1061/1061/1061
f 484/484/484 1061/1061/1061 1062/1062/1062
f 484/484/484 1062/1062/1062 585/585/585
f 485/485/485 585/585/585 1063/1063/1063
f 691/691/691 690/690/690 1050/1050/1050
f 691/691/691 1064/1064/1064 290/290/290
f 691/691/691 1065/1065/1065 1064/1064/1064
f 1050/1050/1050 1066/1066/1066 1065/1065/1065
f 1050/1050/1050 1049/1049/1049 1051/1051/1051
f 1050/1050/1050 1053/1053/1053 1066/1066/1066
f 1050/1050/1050 1065/1065/1065 691/691/691
f 1067/1067/1067 1068/1068/1068 1069/1069/1069
f 1068/1068/1068 1067/1067/1067 1070/1070/1070
f 1071/1071/1071 1072/1072/1072 1073/1073/1073
f 1072/1072/1072 1071/1071/1071 1074/1074/1074
f 409/409/409 408/408/408 1048/1048/1048
f 409/409/409 1047/1047/1047 1075/1075/1075
f 290/290/290 410/410/410 409/409/409
f 290/290/290 289/289/289 691/691/691
f 290/290/290 1064/1064/1064 410/410/410
f 1075/1075/1075 291/291/291 290/290/290
f 1075/1075/1075 290/290/290 409/409/409
f 1076/1076/1076 704/704/704 703/703/703
f 1077/1077/1077 911/911/911 738/738/738
f 1077/1077/1077 738/738/738 910/910/910
f 1078/1078/1078 910/910/910 1079/1079/1079
f 1080/1080/1080 1081/1081/1081 1082/1082/1082
f 1083/1083/1083 1084/1084/1084 1085/1085/1085
f 1086/1086/1086 1087/1087/1087 1088/1088/1088
f 1087/1087/1087 1086/1086/1086 1089/1089/1089
f 1090/1090/1090 1091/1091/1091 1092/1092/1092
f 1091/1091/1091 1090/1090/1090 1093/1093/1093
f 1094/1094/1094 1095/1095/1095 128/128/128
f 1096/1096/1096 1097/1097/1097 1098/1098/1098
f 763/763/763 762/762/762 1027/1027/1027
f 763/763/763 793/793/793 792/792/792
f 1027/1027/1027 1038/1038/1038 763/763/763
f 1027/1027/1027 762/762/762 66/66/66
f 1027/1027/1027 66/66/66 65/65/65
f 1038/1038/1038 1027/1027/1027 1026/1026/1026
f 1099/1099/1099 1100/1100/1100 1101/1101/1101
f 1102/1102/1102 1103/1103/1103 1104/1104/1104
f 1105/1105/1105 1106/1106/1106 1107/1107/1107
f 1108/1108/1108 1109/1109/1109 1110/1110/1110
f 1111/1111/1111 982/982/982 1112/1112/1112
f 1113/1113/1113 1015/1015/1015 871/871/871
f 1113/1113/1113 871/871/871 501/501/501
f 1114/1114/1114 501/501/501 1115/1115/1115
f 501/501/501 1114/1114/1114 1113/1113/1113
f 501/501/501 500/500/500 1115/1115/1115
f 1116/1116/1116 1117/1117/1117 1118/1118/1118
f 1119/1119/1119 1116/1116/1116 1118/1118/1118
f 1120/1120/1120 1095/1095/1095 1094/1094/1094
f 122/122/122 1121/1121/1121 1122/1122/1122
f 1121/1121/1121 121/121/121 1120/1120/1120
f 121/121/121 1123/1123/1123 1095/1095/1095
f 121/121/121 1121/1121/1121 122/122/122
f 121/121/121 1124/1124/1124 1123/1123/1123
f 121/121/121 120/120/120 1124/1124/1124
f 778/778/778 989/989/989 1125/1125/1125
f 778/778/778 777/777/777 1126/1126/1126
f 990/990/990 1127/1127/1127 784/784/784
f 990/990/990 989/989/989 778/778/778
f 990/990/990 1126/1126/1126 1127/1127/1127
f 990/990/990 778/778/778 1126/1126/1126
f 1128/1128/1128 1129/1129/1129 1130/1130/1130
f 1129/1129/1129 1128/1128/1128 1131/1131/1131
f 780/780/780 935/935/935 937/937/937
f 780/780/780 779/779/779 918/918/918
f 781/781/781 937/937/937 938/938/938
f 937/937/937 740/740/740 343/343/343
f 937/937/937 781/781/781 780/780/780
f 937/937/937 935/935/935 740/740/740
f 1132/1132/1132 1133/1133/1133 1134/1134/1134
f 1135/1135/1135 1136/1136/1136 1137/1137/1137
f 1138/1138/1138 1139/1139/1139 1041/1041/1041
f 1138/1138/1138 1041/1041/1041 148/148/148
f 1140/1140/1140 148/148/148 1141/1141/1141
f 148/148/148 147/147/147 1141/1141/1141
f 148/148/148 1140/1140/1140 1138/1138/1138
f 1142/1142/1142 1143/1143/1143 731/731/731
f 1144/1144/1144 1142/1142/1142 1145/1145/1145
f 1144/1144/1144 1146/1146/1146 1143/1143/1143
f 1147/1147/1147 1148/1148/1148 1144/1144/1144
f 1118/1118/1118 1149/1149/1149 1150/1150/1150
f 1151/1151/1151 1152/1152/1152 1153/1153/1153
f 1117/1117/1117 1149/1149/1149 1118/1118/1118
f 1117/1117/1117 1154/1154/1154 1152/1152/1152
f 1117/1117/1117 1116/1116/1116 1155/1155/1155
f 1117/1117/1117 1155/1155/1155 1154/1154/1154
f 1149/1149/1149 1117/1117/1117 1151/1151/1151
f 1146/1146/1146 1144/1144/1144 1148/1148/1148
f 840/840/840 1156/1156/1156 88/88/88
f 840/840/840 1157/1157/1157 838/838/838
f 840/840/840 88/88/88 87/87/87
f 1036/1036/1036 840/840/840 87/87/87
f 1036/1036/1036 1157/1157/1157 840/840/840
f 1042/1042/1042 1041/1041/1041 1139/1139/1139
f 1043/1043/1043 1044/1044/1044 1041/1041/1041
f 1043/1043/1043 1032/1032/1032 1031/1031/1031
f 1043/1043/1043 1158/1158/1158 1044/1044/1044
f 1032/1032/1032 1043/1043/1043 1042/1042/1042
f 732/732/732 731/731/731 1143/1143/1143
f 732/732/732 1159/1159/1159 729/729/729
f 1143/1143/1143 1160/1160/1160 732/732/732
f 1143/1143/1143 1142/1142/1142 1144/1144/1144
f 1143/1143/1143 1146/1146/1146 1160/1160/1160
f 1161/1161/1161 1162/1162/1162 997/997/997
f 1159/1159/1159 732/732/732 1160/1160/1160
f 729/729/729 1159/1159/1159 1163/1163/1163
f 729/729/729 1163/1163/1163 915/915/915
f 729/729/729 728/728/728 732/732/732
f 1164/1164/1164 729/729/729 915/915/915
f 1164/1164/1164 730/730/730 729/729/729
f 1165/1165/1165 1166/1166/1166 1167/1167/1167
f 1165/1165/1165 1167/1167/1167 1168/1168/1168
f 1169/1169/1169 1168/1168/1168 1170/1170/1170
f 1168/1168/1168 1169/1169/1169 1165/1165/1165
f 1171/1171/1171 1172/1172/1172 1173/1173/1173
f 1174/1174/1174 1175/1175/1175 1176/1176/1176
f 1035/1035/1035 1030/1030/1030 1177/1177/1177
f 1031/1031/1031 1158/1158/1158 1043/1043/1043
f 1031/1031/1031 1178/1178/1178 1158/1158/1158
f 1031/1031/1031 1030/1030/1030 1035/1035/1035
f 1031/1031/1031 1034/1034/1034 1178/1178/1178
f 1034/1034/1034 1031/1031/1031 1035/1035/1035
f 1179/1179/1179 1180/1180/1180 1181/1181/1181
f 1180/1180/1180 1179/1179/1179 1182/1182/1182
f 239/239/239 912/912/912 240/240/240
f 239/239/239 238/238/238 1183/1183/1183
f 1183/1183/1183 1184/1184/1184 239/239/239
f 1183/1183/1183 1185/1185/1185 1184/1184/1184
f 744/744/744 745/745/745 741/741/741
f 744/744/744 1186/1186/1186 746/746/746
f 1186/1186/1186 744/744/744 1187/1187/1187
f 1188/1188/1188 733/733/733 735/735/735
f 1188/1188/1188 736/736/736 733/733/733
f 1189/1189/1189 735/735/735 1190/1190/1190
f 735/735/735 772/772/772 1190/1190/1190
f 735/735/735 1189/1189/1189 1188/1188/1188
f 1191/1191/1191 1192/1192/1192 640/640/640
f 1193/1193/1193 1194/1194/1194 1195/1195/1195
f 1196/1196/1196 1197/1197/1197 1198/1198/1198
f 1197/1197/1197 1199/1199/1199 1200/1200/1200
f 839/839/839 843/843/843 837/837/837
f 839/839/839 1156/1156/1156 840/840/840
f 1201/1201/1201 1156/1156/1156 839/839/839
f 837/837/837 125/125/125 1202/1202/1202
f 837/837/837 841/841/841 126/126/126
f 837/837/837 1202/1202/1202 1201/1201/1201
f 837/837/837 1201/1201/1201 839/839/839
f 638/638/638 1203/1203/1203 1204/1204/1204
f 638/638/638 1204/1204/1204 639/639/639
f 638/638/638 640/640/640 1192/1192/1192
f 1184/1184/1184 1205/1205/1205 1206/1206/1206
f 1184/1184/1184 1207/1207/1207 913/913/913
f 1184/1184/1184 913/913/913 239/239/239
f 1207/1207/1207 1206/1206/1206 1208/1208/1208
f 783/783/783 560/560/560 559/559/559
f 783/783/783 782/782/782 560/560/560
f 783/783/783 786/786/786 988/988/988
f 784/784/784 987/987/987 990/990/990
f 784/784/784 1127/1127/1127 782/782/782
f 988/988/988 784/784/784 783/783/783
f 84/84/84 83/83/83 562/562/562
f 84/84/84 561/561/561 1209/1209/1209
f 639/639/639 1210/1210/1210 637/637/637
f 639/639/639 1204/1204/1204 85/85/85
f 639/639/639 85/85/85 84/84/84
f 1209/1209/1209 639/639/639 84/84/84
f 1209/1209/1209 1210/1210/1210 639/639/639
f 25/25/25 1211/1211/1211 26/26/26
f 25/25/25 24/24/24 158/158/158
f 1211/1211/1211 25/25/25 834/834/834
f 1212/1212/1212 1023/1023/1023 364/364/364
f 1212/1212/1212 364/364/364 96/96/96
f 1213/1213/1213 96/96/96 1214/1214/1214
f 96/96/96 1213/1213/1213 1212/1212/1212
f 96/96/96 95/95/95 1214/1214/1214
f 1215/1215/1215 1216/1216/1216 1174/1174/1174
f 1217/1217/1217 1215/1215/1215 1218/1218/1218
f 1219/1219/1219 1216/1216/1216 1217/1217/1217
f 1220/1220/1220 1219/1219/1219 1217/1217/1217
f 1221/1221/1221 1222/1222/1222 1223/1223/1223
f 1221/1221/1221 1224/1224/1224 1222/1222/1222
f 1225/1225/1225 1224/1224/1224 1221/1221/1221
f 1216/1216/1216 1226/1226/1226 1227/1227/1227
f 1216/1216/1216 1227/1227/1227 1175/1175/1175
f 1216/1216/1216 1215/1215/1215 1217/1217/1217
f 1216/1216/1216 1219/1219/1219 1226/1226/1226
f 1162/1162/1162 1228/1228/1228 1229/1229/1229
f 1162/1162/1162 1230/1230/1230 992/992/992
f 997/997/997 998/998/998 1161/1161/1161
f 997/997/997 814/814/814 447/447/447
f 997/997/997 1229/1229/1229 814/814/814
f 1229/1229/1229 997/997/997 1162/1162/1162
f 743/743/743 742/742/742 459/459/459
f 743/743/743 1231/1231/1231 1187/1187/1187
f 743/743/743 1187/1187/1187 744/744/744
f 458/458/458 457/457/457 685/685/685
f 458/458/458 1231/1231/1231 743/743/743
f 458/458/458 701/701/701 1231/1231/1231
f 459/459/459 458/458/458 743/743/743
f 1136/1136/1136 1135/1135/1135 1132/1132/1132
f 1134/1134/1134 1232/1232/1232 1136/1136/1136
f 1134/1134/1134 1136/1136/1136 1132/1132/1132
f 1134/1134/1134 1233/1233/1233 1232/1232/1232
f 646/646/646 774/774/774 773/773/773
f 646/646/646 1234/1234/1234 775/775/775
f 1234/1234/1234 646/646/646 645/645/645
f 1235/1235/1235 1236/1236/1236 1000/1000/1000
f 1235/1235/1235 1237/1237/1237 1236/1236/1236
f 1000/1000/1000 999/999/999 1238/1238/1238
f 1000/1000/1000 1239/1239/1239 1235/1235/1235
f 1239/1239/1239 1000/1000/1000 1238/1238/1238
f 1240/1240/1240 1241/1241/1241 34/34/34
f 1242/1242/1242 1240/1240/1240 1243/1243/1243
f 1244/1244/1244 1241/1241/1241 1242/1242/1242
f 1245/1245/1245 1244/1244/1244 1242/1242/1242
f 1246/1246/1246 209/209/209 1247/1247/1247
f 209/209/209 208/208/208 1248/1248/1248
f 209/209/209 1246/1246/1246 210/210/210
f 209/209/209 1248/1248/1248 1249/1249/1249
f 1084/1084/1084 1250/1250/1250 1085/1085/1085
f 1250/1250/1250 1084/1084/1084 1251/1251/1251
f 1250/1250/1250 1251/1251/1251 1252/1252/1252
f 1253/1253/1253 1254/1254/1254 1255/1255/1255
f 966/966/966 1256/1256/1256 1253/1253/1253
f 35/35/35 34/34/34 1241/1241/1241
f 35/35/35 1257/1257/1257 1258/1258/1258
f 1241/1241/1241 1257/1257/1257 35/35/35
f 1241/1241/1241 1240/1240/1240 1242/1242/1242
f 1241/1241/1241 1244/1244/1244 1259/1259/1259
f 1241/1241/1241 1259/1259/1259 1257/1257/1257
f 1256/1256/1256 1260/1260/1260 1261/1261/1261
f 1256/1256/1256 966/966/966 965/965/965
f 1254/1254/1254 960/960/960 959/959/959
f 1254/1254/1254 1253/1253/1253 1256/1256/1256
f 1254/1254/1254 1261/1261/1261 960/960/960
f 1261/1261/1261 1254/1254/1254 1256/1256/1256
f 894/894/894 884/884/884 883/883/883
f 894/894/894 893/893/893 1236/1236/1236
f 1236/1236/1236 994/994/994 894/894/894
f 1236/1236/1236 1001/1001/1001 1000/1000/1000
f 1236/1236/1236 893/893/893 1001/1001/1001
f 994/994/994 1236/1236/1236 1237/1237/1237
f 1258/1258/1258 1039/1039/1039 35/35/35
f 982/982/982 1111/1111/1111 983/983/983
f 982/982/982 981/981/981 1262/1262/1262
f 1039/1039/1039 1112/1112/1112 982/982/982
f 1039/1039/1039 1258/1258/1258 1112/1112/1112
f 1039/1039/1039 36/36/36 35/35/35
f 1262/1262/1262 1039/1039/1039 982/982/982
f 1262/1262/1262 1040/1040/1040 1039/1039/1039
f 1263/1263/1263 910/910/910 909/909/909
f 910/910/910 1078/1078/1078 1077/1077/1077
f 910/910/910 1263/1263/1263 1079/1079/1079
f 1264/1264/1264 1265/1265/1265 1266/1266/1266
f 1267/1267/1267 1268/1268/1268 829/829/829
f 1269/1269/1269 1267/1267/1267 1270/1270/1270
f 1271/1271/1271 1268/1268/1268 1269/1269/1269
f 1272/1272/1272 1271/1271/1271 1269/1269/1269
f 1230/1230/1230 1162/1162/1162 1161/1161/1161
f 986/986/986 1273/1273/1273 1274/1274/1274
f 1273/1273/1273 992/992/992 1230/1230/1230
f 992/992/992 991/991/991 1228/1228/1228
f 992/992/992 1273/1273/1273 986/986/986
f 992/992/992 1228/1228/1228 1162/1162/1162
f 1195/1195/1195 1191/1191/1191 1275/1275/1275
f 1194/1194/1194 1192/1192/1192 1195/1195/1195
f 1192/1192/1192 1191/1191/1191 1195/1195/1195
f 1192/1192/1192 1194/1194/1194 1276/1276/1276
f 1192/1192/1192 1203/1203/1203 638/638/638
f 1192/1192/1192 1276/1276/1276 1203/1203/1203
f 467/467/467 468/468/468 165/165/165
f 139/139/139 90/90/90 1277/1277/1277
f 139/139/139 888/888/888 91/91/91
f 139/139/139 1278/1278/1278 468/468/468
f 139/139/139 1277/1277/1277 1278/1278/1278
f 890/890/890 468/468/468 467/467/467
f 468/468/468 890/890/890 139/139/139
f 468/468/468 1278/1278/1278 466/466/466
f 826/826/826 829/829/829 1268/1268/1268
f 826/826/826 1279/1279/1279 1280/1280/1280
f 1268/1268/1268 1279/1279/1279 826/826/826
f 1268/1268/1268 1281/1281/1281 1279/1279/1279
f 1268/1268/1268 1271/1271/1271 1281/1281/1281
f 1268/1268/1268 1267/1267/1267 1269/1269/1269
f 128/128/128 1282/1282/1282 531/531/531
f 128/128/128 531/531/531 99/99/99
f 128/128/128 129/129/129 1094/1094/1094
f 1095/1095/1095 1282/1282/1282 128/128/128
f 1095/1095/1095 1120/1120/1120 121/121/121
f 1282/1282/1282 1095/1095/1095 1123/1123/1123
f 1232/1232/1232 1283/1283/1283 1137/1137/1137
f 1232/1232/1232 1137/1137/1137 1136/1136/1136
f 1232/1232/1232 1233/1233/1233 1176/1176/1176
f 1175/1175/1175 1174/1174/1174 1216/1216/1216
f 1175/1175/1175 1227/1227/1227 1283/1283/1283
f 1175/1175/1175 1283/1283/1283 1232/1232/1232
f 1176/1176/1176 1175/1175/1175 1232/1232/1232
f 1280/1280/1280 827/827/827 826/826/826
f 827/827/827 1280/1280/1280 1284/1284/1284
f 827/827/827 1284/1284/1284 134/134/134
f 1285/1285/1285 827/827/827 134/134/134
f 1285/1285/1285 828/828/828 827/827/827
f 1286/1286/1286 1287/1287/1287 1288/1288/1288
f 1289/1289/1289 1290/1290/1290 1291/1291/1291
f 1290/1290/1290 1289/1289/1289 1292/1292/1292
f 1293/1293/1293 1294/1294/1294 863/863/863
f 1295/1295/1295 1293/1293/1293 1296/1296/1296
f 1295/1295/1295 1297/1297/1297 1298/1298/1298
f 1299/1299/1299 1297/1297/1297 1295/1295/1295
f 1300/1300/1300 1301/1301/1301 1302/1302/1302
f 969/969/969 964/964/964 1303/1303/1303
f 968/968/968 965/965/965 969/969/969
f 965/965/965 964/964/964 969/969/969
f 965/965/965 1304/1304/1304 1260/1260/1260
f 965/965/965 1260/1260/1260 1256/1256/1256
f 965/965/965 968/968/968 1304/1304/1304
f 808/808/808 807/807/807 812/812/812
f 1199/1199/1199 1197/1197/1197 1196/1196/1196
f 1200/1200/1200 809/809/809 808/808/808
f 809/809/809 1200/1200/1200 1199/1199/1199
f 861/861/861 863/863/863 1294/1294/1294
f 861/861/861 1305/1305/1305 1306/1306/1306
f 1294/1294/1294 1295/1295/1295 1298/1298/1298
f 1294/1294/1294 1298/1298/1298 1305/1305/1305
f 1294/1294/1294 1305/1305/1305 861/861/861
f 1294/1294/1294 1293/1293/1293 1295/1295/1295
f 260/260/260 1307/1307/1307 1046/1046/1046
f 260/260/260 1046/1046/1046 379/379/379
f 260/260/260 216/216/216 215/215/215
f 215/215/215 214/214/214 102/102/102
f 215/215/215 1307/1307/1307 260/260/260
f 215/215/215 218/218/218 1307/1307/1307
f 1308/1308/1308 1309/1309/1309 1310/1310/1310
f 1309/1309/1309 1308/1308/1308 1311/1311/1311
f 1306/1306/1306 862/862/862 861/861/861
f 942/942/942 941/941/941 1312/1312/1312
f 942/942/942 979/979/979 943/943/943
f 862/862/862 1313/1313/1313 860/860/860
f 862/862/862 1306/1306/1306 980/980/980
f 862/862/862 980/980/980 942/942/942
f 1312/1312/1312 862/862/862 942/942/942
f 1312/1312/1312 1313/1313/1313 862/862/862
f 1314/1314/1314 682/682/682 810/810/810
f 682/682/682 1314/1314/1314 683/683/683
f 682/682/682 681/681/681 811/811/811
f 1315/1315/1315 1316/1316/1316 1317/1317/1317
f 1318/1318/1318 1319/1319/1319 1225/1225/1225
f 1320/1320/1320 1318/1318/1318 1321/1321/1321
f 1320/1320/1320 1322/1322/1322 1323/1323/1323
f 1324/1324/1324 1322/1322/1322 1320/1320/1320
f 554/554/554 553/553/553 552/552/552
f 508/508/508 1325/1325/1325 1326/1326/1326
f 1325/1325/1325 507/507/507 554/554/554
f 507/507/507 506/506/506 1327/1327/1327
f 507/507/507 1325/1325/1325 508/508/508
f 350/350/350 345/345/345 1328/1328/1328
f 346/346/346 1329/1329/1329 1330/1330/1330
f 346/346/346 345/345/345 350/350/350
f 346/346/346 349/349/349 1329/1329/1329
f 349/349/349 346/346/346 350/350/350
f 1331/1331/1331 1332/1332/1332 1333/1333/1333
f 1319/1319/1319 1334/1334/1334 1224/1224/1224
f 1319/1319/1319 1320/1320/1320 1323/1323/1323
f 1319/1319/1319 1318/1318/1318 1320/1320/1320
f 1319/1319/1319 1323/1323/1323 1334/1334/1334
f 934/934/934 940/940/940 899/899/899
f 934/934/934 1335/1335/1335 940/940/940
f 934/934/934 957/957/957 601/601/601
f 600/600/600 599/599/599 945/945/945
f 600/600/600 1059/1059/1059 1335/1335/1335
f 600/600/600 1335/1335/1335 934/934/934
f 1336/1336/1336 1337/1337/1337 1338/1338/1338
f 1338/1338/1338 1339/1339/1339 1336/1336/1336
f 312/312/312 311/311/311 1340/1340/1340
f 312/312/312 896/896/896 313/313/313
f 1340/1340/1340 1222/1222/1222 312/312/312
f 1340/1340/1340 1223/1223/1223 1222/1222/1222
f 1341/1341/1341 134/134/134 1284/1284/1284
f 134/134/134 1341/1341/1341 135/135/135
f 134/134/134 133/133/133 1285/1285/1285
f 1342/1342/1342 1343/1343/1343 1344/1344/1344
f 1343/1343/1343 1342/1342/1342 1345/1345/1345
f 1346/1346/1346 1347/1347/1347 1348/1348/1348
f 1349/1349/1349 1346/1346/1346 1348/1348/1348
f 1350/1350/1350 1351/1351/1351 1352/1352/1352
f 1351/1351/1351 1350/1350/1350 1353/1353/1353
f 1173/1173/1173 1300/1300/1300 1354/1354/1354
f 1172/1172/1172 1301/1301/1301 1173/1173/1173
f 1205/1205/1205 1184/1184/1184 1185/1185/1185
f 1301/1301/1301 1172/1172/1172 1355/1355/1355
f 1301/1301/1301 1300/1300/1300 1173/1173/1173
f 1301/1301/1301 1208/1208/1208 1206/1206/1206
f 1301/1301/1301 1355/1355/1355 1208/1208/1208
f 1302/1302/1302 1206/1206/1206 1205/1205/1205
f 1206/1206/1206 1302/1302/1302 1301/1301/1301
f 1206/1206/1206 1207/1207/1207 1184/1184/1184
f 1356/1356/1356 1357/1357/1357 1358/1358/1358
f 1357/1357/1357 1356/1356/1356 1359/1359/1359
f 585/585/585 1062/1062/1062 584/584/584
f 585/585/585 485/485/485 484/484/484
f 499/499/499 584/584/584 163/163/163
f 499/499/499 163/163/163 162/162/162
f 499/499/499 1063/1063/1063 585/585/585
f 1063/1063/1063 499/499/499 498/498/498
f 1360/1360/1360 1361/1361/1361 412/412/412
f 1360/1360/1360 1362/1362/1362 1361/1361/1361
f 1363/1363/1363 1316/1316/1316 1364/1364/1364
f 1365/1365/1365 710/710/710 702/702/702
f 1365/1365/1365 702/702/702 704/704/704
f 704/704/704 1366/1366/1366 1365/1365/1365
f 704/704/704 1076/1076/1076 1367/1367/1367
f 1366/1366/1366 704/704/704 1367/1367/1367
f 1368/1368/1368 1369/1369/1369 1370/1370/1370
f 1332/1332/1332 1371/1371/1371 1372/1372/1372
f 1332/1332/1332 1373/1373/1373 1333/1333/1333
f 1332/1332/1332 1374/1374/1374 1373/1373/1373
f 1375/1375/1375 1376/1376/1376 1377/1377/1377
f 1375/1375/1375 1378/1378/1378 1376/1376/1376
f 1316/1316/1316 1315/1315/1315 1379/1379/1379
f 1316/1316/1316 1363/1363/1363 1317/1317/1317
f 1333/1333/1333 1373/1373/1373 1364/1364/1364
f 1333/1333/1333 1364/1364/1364 1316/1316/1316
f 1333/1333/1333 1380/1380/1380 1331/1331/1331
f 1379/1379/1379 1333/1333/1333 1316/1316/1316
f 1379/1379/1379 1380/1380/1380 1333/1333/1333
f 915/915/915 1381/1381/1381 916/916/916
f 915/915/915 914/914/914 1164/1164/1164
f 1381/1381/1381 915/915/915 1163/1163/1163
f 1382/1382/1382 1255/1255/1255 1254/1254/1254
f 1382/1382/1382 1254/1254/1254 959/959/959
f 1383/1383/1383 959/959/959 1384/1384/1384
f 959/959/959 958/958/958 1384/1384/1384
f 959/959/959 1383/1383/1383 1382/1382/1382
f 1385/1385/1385 1386/1386/1386 1387/1387/1387
f 1388/1388/1388 1385/1385/1385 1389/1389/1389
f 1390/1390/1390 1386/1386/1386 1388/1388/1388
f 1391/1391/1391 1390/1390/1390 1388/1388/1388
f 1392/1392/1392 1378/1378/1378 1375/1375/1375
f 1393/1393/1393 1153/1153/1153 1152/1152/1152
f 1393/1393/1393 1394/1394/1394 1153/1153/1153
f 1393/1393/1393 680/680/680 679/679/679
f 1393/1393/1393 1395/1395/1395 680/680/680
f 1152/1152/1152 1151/1151/1151 1117/1117/1117
f 1152/1152/1152 1395/1395/1395 1393/1393/1393
f 1395/1395/1395 1152/1152/1152 1154/1154/1154
f 1396/1396/1396 1397/1397/1397 1398/1398/1398
f 1399/1399/1399 1397/1397/1397 1265/1265/1265
f 1399/1399/1399 1400/1400/1400 1397/1397/1397
f 1401/1401/1401 1402/1402/1402 1392/1392/1392
f 1403/1403/1403 1401/1401/1401 1404/1404/1404
f 1405/1405/1405 1402/1402/1402 1403/1403/1403
f 1406/1406/1406 1405/1405/1405 1403/1403/1403
f 1371/1371/1371 1332/1332/1332 1331/1331/1331
f 1407/1407/1407 1372/1372/1372 1371/1371/1371
f 1370/1370/1370 1407/1407/1407 1408/1408/1408
f 1369/1369/1369 1372/1372/1372 1370/1370/1370
f 1372/1372/1372 1374/1374/1374 1332/1332/1332
f 1372/1372/1372 1369/1369/1369 1409/1409/1409
f 1372/1372/1372 1409/1409/1409 1374/1374/1374
f 1372/1372/1372 1407/1407/1407 1370/1370/1370
f 1386/1386/1386 1410/1410/1410 1411/1411/1411
f 1386/1386/1386 1390/1390/1390 1410/1410/1410
f 1386/1386/1386 1385/1385/1385 1388/1388/1388
f 1386/1386/1386 1411/1411/1411 1398/1398/1398
f 1387/1387/1387 1398/1398/1398 1412/1412/1412
f 1402/1402/1402 1413/1413/1413 1378/1378/1378
f 1402/1402/1402 1401/1401/1401 1403/1403/1403
f 1402/1402/1402 1405/1405/1405 1414/1414/1414
f 1402/1402/1402 1414/1414/1414 1413/1413/1413
f 1398/1398/1398 1387/1387/1387 1386/1386/1386
f 1398/1398/1398 1411/1411/1411 1396/1396/1396
f 1397/1397/1397 1412/1412/1412 1398/1398/1398
f 1397/1397/1397 1396/1396/1396 1415/1415/1415
f 1397/1397/1397 1415/1415/1415 1265/1265/1265
f 1412/1412/1412 1397/1397/1397 1400/1400/1400
f 1416/1416/1416 1265/1265/1265 1415/1415/1415
f 1265/1265/1265 1264/1264/1264 1399/1399/1399
f 1265/1265/1265 1416/1416/1416 1266/1266/1266
f 1417/1417/1417 1394/1394/1394 1393/1393/1393
f 1417/1417/1417 1393/1393/1393 679/679/679
f 679/679/679 678/678/678 1418/1418/1418
f 679/679/679 1419/1419/1419 1417/1417/1417
f 1419/1419/1419 679/679/679 1418/1418/1418
f 412/412/412 411/411/411 1360/1360/1360
f 412/412/412 1420/1420/1420 413/413/413
f 1420/1420/1420 412/412/412 1421/1421/1421
f 1348/1348/1348 1422/1422/1422 1423/1423/1423
f 1424/1424/1424 1425/1425/1425 1426/1426/1426
f 1347/1347/1347 1427/1427/1427 1428/1428/1428
f 1347/1347/1347 1346/1346/1346 1427/1427/1427
f 1347/1347/1347 1422/1422/1422 1348/1348/1348
f 1347/1347/1347 1428/1428/1428 1425/1425/1425
f 1422/1422/1422 1347/1347/1347 1424/1424/1424
f 1425/1425/1425 1429/1429/1429 1361/1361/1361
f 1425/1425/1425 1428/1428/1428 1429/1429/1429
f 1425/1425/1425 1424/1424/1424 1347/1347/1347
f 1361/1361/1361 1421/1421/1421 412/412/412
f 1361/1361/1361 1429/1429/1429 1421/1421/1421
f 1361/1361/1361 1426/1426/1426 1425/1425/1425
f 1426/1426/1426 1361/1361/1361 1362/1362/1362
f 1430/1430/1430 1376/1376/1376 1287/1287/1287
f 1430/1430/1430 1377/1377/1377 1376/1376/1376
f 1287/1287/1287 1431/1431/1431 1430/1430/1430
f 1287/1287/1287 1286/1286/1286 1432/1432/1432
f 1431/1431/1431 1287/1287/1287 1432/1432/1432
f 752/752/752 747/747/747 1433/1433/1433
f 751/751/751 748/748/748 752/752/752
f 748/748/748 1434/1434/1434 931/931/931
f 748/748/748 751/751/751 1434/1434/1434
f 748/748/748 747/747/747 752/752/752
f 748/748/748 931/931/931 770/770/770
f 1222/1222/1222 897/897/897 312/312/312
f 1222/1222/1222 1435/1435/1435 897/897/897
f 1224/1224/1224 1225/1225/1225 1319/1319/1319
f 1224/1224/1224 1435/1435/1435 1222/1222/1222
f 1224/1224/1224 1334/1334/1334 1435/1435/1435
f 1376/1376/1376 1288/1288/1288 1287/1287/1287
f 1376/1376/1376 1436/1436/1436 1288/1288/1288
f 1378/1378/1378 1392/1392/1392 1402/1402/1402
f 1378/1378/1378 1436/1436/1436 1376/1376/1376
f 1436/1436/1436 1378/1378/1378 1413/1413/1413
f 995/995/995 1437/1437/1437 628/628/628
f 564/564/564 563/563/563 566/566/566
f 565/565/565 1437/1437/1437 995/995/995
f 1437/1437/1437 565/565/565 564/564/564
