# glbtool toobj from MarketStand.glb, texture: stand_palette.png
v 0.000000 0.542678 1.034683
v 0.447968 0.542678 0.878801
v 0.443730 0.542678 0.870626
v 0.000000 0.542678 1.044424
v 0.447968 -0.549692 0.878801
v 0.000000 -0.549692 1.044424
v 0.000000 -0.549692 1.034683
v 0.443730 -0.549692 0.870627
v 0.466132 0.542678 0.855226
v 0.447968 0.542678 0.878801
v 0.475470 0.542753 0.859893
v 0.443730 0.542678 0.870626
v 0.471060 0.542793 0.772241
v 0.466132 0.542678 0.855226
v 0.475470 0.542753 0.859893
v 0.461932 0.542678 0.772620
v 0.471061 0.239242 0.735176
v 0.461932 0.178554 0.772621
v 0.461932 0.239242 0.735555
v 0.471061 0.178554 0.772242
v 0.471061 0.299929 0.772242
v 0.461932 0.239242 0.735555
v 0.461932 0.299929 0.772620
v 0.471061 0.239242 0.735176
v 0.471061 0.481990 0.735176
v 0.461932 0.421303 0.772620
v 0.461932 0.481990 0.735555
v 0.471061 0.421303 0.772242
v 0.461932 0.542678 0.772620
v 0.471061 0.481990 0.735176
v 0.461932 0.481990 0.735555
v 0.471060 0.542793 0.772241
v 0.471061 -0.003507 0.735176
v 0.461932 -0.064194 0.772621
v 0.461932 -0.003507 0.735555
v 0.471061 -0.064194 0.772242
v 0.471061 -0.185569 0.772242
v 0.461932 -0.246256 0.735555
v 0.461932 -0.185569 0.772621
v 0.471061 -0.246256 0.735176
v 0.471061 -0.246256 0.735176
v 0.461932 -0.306943 0.772621
v 0.461932 -0.246256 0.735555
v 0.471061 -0.306943 0.772242
v 0.471061 -0.428318 0.772242
v 0.461932 -0.489005 0.735555
v 0.461932 -0.428318 0.772621
v 0.471061 -0.489005 0.735176
v 0.471061 -0.489005 0.735176
v 0.461932 -0.549692 0.772621
v 0.461932 -0.489005 0.735555
v 0.471060 -0.549808 0.772242
v 0.471060 -0.549808 0.772242
v 0.466132 -0.549692 0.855226
v 0.461932 -0.549692 0.772621
v 0.475470 -0.549768 0.859893
v 0.471061 0.057180 0.772242
v 0.461932 -0.003507 0.735555
v 0.461932 0.057180 0.772621
v 0.471061 -0.003507 0.735176
v 0.447968 -0.549692 0.878801
v 0.466132 -0.549692 0.855226
v 0.475470 -0.549768 0.859893
v 0.443730 -0.549692 0.870627
v -0.447968 0.542678 0.878801
v 0.000000 0.542678 1.044424
v 0.000000 0.542678 1.034683
v -0.443730 0.542678 0.870626
v 0.000000 -0.549692 1.034683
v -0.447968 -0.549692 0.878801
v -0.443730 -0.549692 0.870627
v 0.000000 -0.549692 1.044424
v -0.447968 0.542678 0.878801
v -0.466132 0.542678 0.855226
v -0.475470 0.542753 0.859893
v -0.443730 0.542678 0.870626
v -0.471060 0.542793 0.772241
v -0.466132 0.542678 0.855226
v -0.461932 0.542678 0.772620
v -0.475470 0.542753 0.859893
v -0.471061 0.178554 0.772242
v -0.471061 0.239242 0.735176
v -0.461932 0.239242 0.735555
v -0.461932 0.178554 0.772621
v -0.471061 0.239242 0.735176
v -0.471061 0.299929 0.772242
v -0.461932 0.299929 0.772620
v -0.461932 0.239242 0.735555
v -0.471061 0.421303 0.772242
v -0.471061 0.481990 0.735176
v -0.461932 0.481990 0.735555
v -0.461932 0.421303 0.772620
v -0.471061 0.481990 0.735176
v -0.471060 0.542793 0.772241
v -0.461932 0.542678 0.772620
v -0.461932 0.481990 0.735555
v -0.471061 -0.064194 0.772242
v -0.471061 -0.003507 0.735176
v -0.461932 -0.003507 0.735555
v -0.461932 -0.064194 0.772621
v -0.471061 -0.246256 0.735176
v -0.471061 -0.185569 0.772242
v -0.461932 -0.185569 0.772621
v -0.461932 -0.246256 0.735555
v -0.471061 -0.306943 0.772242
v -0.471061 -0.246256 0.735176
v -0.461932 -0.246256 0.735555
v -0.461932 -0.306943 0.772621
v -0.471061 -0.489005 0.735176
v -0.471061 -0.428318 0.772242
v -0.461932 -0.428318 0.772621
v -0.461932 -0.489005 0.735555
v -0.471061 -0.489005 0.735176
v -0.461932 -0.549692 0.772621
v -0.471060 -0.549808 0.772242
v -0.461932 -0.489005 0.735555
v -0.471060 -0.549808 0.772242
v -0.466132 -0.549692 0.855226
v -0.475470 -0.549768 0.859893
v -0.461932 -0.549692 0.772621
v -0.471061 -0.003507 0.735176
v -0.471061 0.057180 0.772242
v -0.461932 0.057180 0.772621
v -0.461932 -0.003507 0.735555
v -0.466132 -0.549692 0.855226
v -0.447968 -0.549692 0.878801
v -0.475470 -0.549768 0.859893
v -0.443730 -0.549692 0.870627
v 0.443730 0.178554 0.870626
v 0.000000 0.239242 1.034683
v 0.443730 0.239242 0.870626
v 0.000000 0.178554 1.034683
v 0.000000 0.299929 1.034683
v 0.443730 0.299929 0.870626
v 0.443730 0.421303 0.870626
v 0.000000 0.481990 1.034683
v 0.443730 0.481990 0.870626
v 0.000000 0.421303 1.034683
v 0.443730 0.481990 0.870626
v 0.000000 0.542678 1.034683
v 0.443730 0.542678 0.870626
v 0.000000 0.481990 1.034683
v 0.000000 -0.003507 1.034683
v 0.443730 -0.064194 0.870626
v 0.000000 -0.064194 1.034683
v 0.466132 0.178554 0.855226
v 0.443730 0.239242 0.870626
v 0.466132 0.239242 0.855226
v 0.443730 0.178554 0.870626
v 0.466132 0.239242 0.855226
v 0.443730 0.299929 0.870626
v 0.466132 0.299929 0.855226
v 0.443730 0.239242 0.870626
v 0.466132 0.421303 0.855226
v 0.443730 0.481990 0.870626
v 0.466132 0.481990 0.855226
v 0.443730 0.421303 0.870626
v 0.466132 0.481990 0.855226
v 0.443730 0.542678 0.870626
v 0.466132 0.542678 0.855226
v 0.443730 0.481990 0.870626
v 0.466132 0.239242 0.855226
v 0.461932 0.239242 0.735555
v 0.461932 0.178554 0.772621
v 0.466132 0.178554 0.855226
v 0.461932 0.299929 0.772620
v 0.466132 0.239242 0.855226
v 0.466132 0.299929 0.855226
v 0.461932 0.239242 0.735555
v 0.466132 0.481990 0.855226
v 0.461932 0.481990 0.735555
v 0.461932 0.421303 0.772620
v 0.466132 0.421303 0.855226
v 0.461932 0.542678 0.772620
v 0.466132 0.481990 0.855226
v 0.466132 0.542678 0.855226
v 0.461932 0.481990 0.735555
v 0.443730 -0.003507 0.870626
v 0.443730 -0.246256 0.870627
v 0.000000 -0.246256 1.034683
v 0.443730 -0.185569 0.870627
v 0.000000 -0.185569 1.034683
v 0.443730 -0.306943 0.870627
v 0.000000 -0.246256 1.034683
v 0.443730 -0.246256 0.870627
v 0.000000 -0.306943 1.034683
v 0.443730 -0.489005 0.870627
v 0.000000 -0.428318 1.034683
v 0.443730 -0.428318 0.870627
v 0.000000 -0.489005 1.034683
v 0.443730 -0.549692 0.870627
v 0.000000 -0.489005 1.034683
v 0.443730 -0.489005 0.870627
v 0.000000 -0.549692 1.034683
v 0.443730 -0.003507 0.870626
v 0.000000 0.057180 1.034683
v 0.443730 0.057180 0.870626
v 0.000000 -0.003507 1.034683
v 0.443730 -0.064194 0.870626
v 0.443730 -0.003507 0.870626
v 0.466132 -0.003507 0.855226
v 0.466132 -0.064194 0.855226
v 0.443730 -0.246256 0.870627
v 0.443730 -0.185569 0.870627
v 0.466132 -0.185569 0.855226
v 0.466132 -0.246256 0.855226
v 0.443730 -0.306943 0.870627
v 0.443730 -0.246256 0.870627
v 0.466132 -0.246256 0.855226
v 0.466132 -0.306943 0.855226
v 0.443730 -0.489005 0.870627
v 0.443730 -0.428318 0.870627
v 0.466132 -0.428318 0.855226
v 0.466132 -0.489005 0.855226
v 0.443730 -0.549692 0.870627
v 0.443730 -0.489005 0.870627
v 0.466132 -0.489005 0.855226
v 0.466132 -0.549692 0.855226
v 0.461932 -0.064194 0.772621
v 0.466132 -0.003507 0.855226
v 0.461932 -0.003507 0.735555
v 0.466132 -0.064194 0.855226
v 0.461932 -0.246256 0.735555
v 0.466132 -0.246256 0.855226
v 0.461932 -0.185569 0.772621
v 0.466132 -0.185569 0.855226
v 0.461932 -0.306943 0.772621
v 0.466132 -0.246256 0.855226
v 0.461932 -0.246256 0.735555
v 0.466132 -0.306943 0.855226
v 0.461932 -0.489005 0.735555
v 0.466132 -0.489005 0.855226
v 0.461932 -0.428318 0.772621
v 0.466132 -0.428318 0.855226
v 0.461932 -0.549692 0.772621
v 0.466132 -0.489005 0.855226
v 0.461932 -0.489005 0.735555
v 0.466132 -0.549692 0.855226
v 0.461932 -0.003507 0.735555
v 0.466132 -0.003507 0.855226
v 0.461932 0.057180 0.772621
v 0.466132 0.057180 0.855226
v 0.443730 -0.003507 0.870626
v 0.443730 0.057180 0.870626
v 0.466132 0.057180 0.855226
v 0.466132 -0.003507 0.855226
v 0.000000 0.239242 1.034683
v -0.443730 0.178554 0.870626
v -0.443730 0.239242 0.870626
v 0.000000 0.178554 1.034683
v 0.000000 0.299929 1.034683
v -0.443730 0.239242 0.870626
v -0.443730 0.299929 0.870626
v 0.000000 0.239242 1.034683
v 0.000000 0.481990 1.034683
v -0.443730 0.421303 0.870626
v -0.443730 0.481990 0.870626
v 0.000000 0.421303 1.034683
v 0.000000 0.542678 1.034683
v -0.443730 0.481990 0.870626
v -0.443730 0.542678 0.870626
v 0.000000 0.481990 1.034683
v 0.000000 -0.003507 1.034683
v -0.443730 -0.064194 0.870626
v -0.443730 -0.003507 0.870626
v 0.000000 -0.064194 1.034683
v -0.443730 0.239242 0.870626
v -0.466132 0.178554 0.855226
v -0.466132 0.239242 0.855226
v -0.443730 0.178554 0.870626
v -0.443730 0.299929 0.870626
v -0.466132 0.239242 0.855226
v -0.466132 0.299929 0.855226
v -0.443730 0.239242 0.870626
v -0.443730 0.481990 0.870626
v -0.466132 0.421303 0.855226
v -0.466132 0.481990 0.855226
v -0.443730 0.421303 0.870626
v -0.443730 0.542678 0.870626
v -0.466132 0.481990 0.855226
v -0.466132 0.542678 0.855226
v -0.443730 0.481990 0.870626
v -0.461932 0.239242 0.735555
v -0.466132 0.239242 0.855226
v -0.461932 0.178554 0.772621
v -0.466132 0.178554 0.855226
v -0.461932 0.299929 0.772620
v -0.466132 0.239242 0.855226
v -0.461932 0.239242 0.735555
v -0.466132 0.299929 0.855226
v -0.461932 0.481990 0.735555
v -0.466132 0.481990 0.855226
v -0.461932 0.421303 0.772620
v -0.466132 0.421303 0.855226
v -0.461932 0.542678 0.772620
v -0.466132 0.481990 0.855226
v -0.461932 0.481990 0.735555
v -0.466132 0.542678 0.855226
v 0.000000 -0.246256 1.034683
v -0.443730 -0.246256 0.870627
v -0.443730 -0.185569 0.870627
v 0.000000 -0.185569 1.034683
v 0.000000 -0.246256 1.034683
v -0.443730 -0.306943 0.870627
v -0.443730 -0.246256 0.870627
v 0.000000 -0.306943 1.034683
v 0.000000 -0.428318 1.034683
v -0.443730 -0.489005 0.870627
v -0.443730 -0.428318 0.870627
v 0.000000 -0.489005 1.034683
v 0.000000 -0.489005 1.034683
v -0.443730 -0.549692 0.870627
v -0.443730 -0.489005 0.870627
v 0.000000 -0.549692 1.034683
v 0.000000 0.057180 1.034683
v -0.443730 -0.003507 0.870626
v -0.443730 0.057180 0.870626
v 0.000000 -0.003507 1.034683
v -0.443730 -0.064194 0.870626
v -0.466132 -0.003507 0.855226
v -0.443730 -0.003507 0.870626
v -0.466132 -0.064194 0.855226
v -0.443730 -0.246256 0.870627
v -0.466132 -0.185569 0.855226
v -0.443730 -0.185569 0.870627
v -0.466132 -0.246256 0.855226
v -0.443730 -0.306943 0.870627
v -0.466132 -0.246256 0.855226
v -0.443730 -0.246256 0.870627
v -0.466132 -0.306943 0.855226
v -0.443730 -0.489005 0.870627
v -0.466132 -0.428318 0.855226
v -0.443730 -0.428318 0.870627
v -0.466132 -0.489005 0.855226
v -0.443730 -0.549692 0.870627
v -0.466132 -0.489005 0.855226
v -0.443730 -0.489005 0.870627
v -0.466132 -0.549692 0.855226
v -0.461932 -0.064194 0.772621
v -0.466132 -0.003507 0.855226
v -0.466132 -0.064194 0.855226
v -0.461932 -0.003507 0.735555
v -0.466132 -0.246256 0.855226
v -0.461932 -0.246256 0.735555
v -0.461932 -0.185569 0.772621
v -0.466132 -0.185569 0.855226
v -0.461932 -0.306943 0.772621
v -0.466132 -0.246256 0.855226
v -0.466132 -0.306943 0.855226
v -0.461932 -0.246256 0.735555
v -0.466132 -0.489005 0.855226
v -0.461932 -0.489005 0.735555
v -0.461932 -0.428318 0.772621
v -0.466132 -0.428318 0.855226
v -0.461932 -0.549692 0.772621
v -0.466132 -0.489005 0.855226
v -0.466132 -0.549692 0.855226
v -0.461932 -0.489005 0.735555
v -0.466132 -0.003507 0.855226
v -0.461932 -0.003507 0.735555
v -0.461932 0.057180 0.772621
v -0.466132 0.057180 0.855226
v -0.443730 -0.003507 0.870626
v -0.466132 0.057180 0.855226
v -0.443730 0.057180 0.870626
v -0.466132 -0.003507 0.855226
v 0.447968 0.239242 0.878801
v 0.000000 0.239242 1.044424
v 0.447968 0.178554 0.878801
v 0.000000 0.178554 1.044424
v 0.447968 0.299929 0.878801
v 0.000000 0.299929 1.044424
v 0.447968 0.239242 0.878801
v 0.000000 0.239242 1.044424
v 0.447968 0.481990 0.878801
v 0.000000 0.481990 1.044424
v 0.447968 0.421303 0.878801
v 0.000000 0.421303 1.044424
v 0.447968 0.542678 0.878801
v 0.000000 0.542678 1.044424
v 0.447968 0.481990 0.878801
v 0.000000 0.481990 1.044424
v 0.447968 -0.064194 0.878801
v 0.000000 -0.003507 1.044424
v 0.000000 -0.064194 1.044424
v 0.447968 -0.003507 0.878801
v 0.447968 0.239242 0.878801
v 0.447968 0.178554 0.878801
v 0.475471 0.178554 0.859894
v 0.475471 0.239242 0.859894
v 0.447968 0.299929 0.878801
v 0.447968 0.239242 0.878801
v 0.475471 0.239242 0.859894
v 0.475471 0.299929 0.859894
v 0.447968 0.481990 0.878801
v 0.447968 0.421303 0.878801
v 0.475471 0.421303 0.859893
v 0.475471 0.481990 0.859893
v 0.447968 0.542678 0.878801
v 0.447968 0.481990 0.878801
v 0.475471 0.481990 0.859893
v 0.475470 0.542753 0.859893
v 0.471061 0.239242 0.735176
v 0.475471 0.239242 0.859894
v 0.471061 0.178554 0.772242
v 0.475471 0.178554 0.859894
v 0.471061 0.299929 0.772242
v 0.475471 0.239242 0.859894
v 0.471061 0.239242 0.735176
v 0.475471 0.299929 0.859894
v 0.471061 0.481990 0.735176
v 0.475471 0.481990 0.859893
v 0.471061 0.421303 0.772242
v 0.475471 0.421303 0.859893
v 0.471060 0.542793 0.772241
v 0.475471 0.481990 0.859893
v 0.471061 0.481990 0.735176
v 0.475470 0.542753 0.859893
v 0.447968 -0.185569 0.878801
v 0.000000 -0.246256 1.044424
v 0.447968 -0.246256 0.878801
v 0.000000 -0.185569 1.044424
v 0.447968 -0.306943 0.878801
v 0.000000 -0.246256 1.044424
v 0.000000 -0.306943 1.044424
v 0.447968 -0.246256 0.878801
v 0.447968 -0.489005 0.878801
v 0.000000 -0.428318 1.044424
v 0.000000 -0.489005 1.044424
v 0.447968 -0.428318 0.878801
v 0.447968 -0.549692 0.878801
v 0.000000 -0.489005 1.044424
v 0.000000 -0.549692 1.044424
v 0.447968 -0.489005 0.878801
v 0.447968 -0.003507 0.878801
v 0.000000 0.057180 1.044424
v 0.000000 -0.003507 1.044424
v 0.447968 0.057180 0.878801
v 0.475471 -0.003507 0.859894
v 0.447968 -0.064194 0.878801
v 0.475471 -0.064194 0.859894
v 0.447968 -0.003507 0.878801
v 0.475471 -0.185569 0.859894
v 0.447968 -0.246256 0.878801
v 0.475471 -0.246256 0.859894
v 0.447968 -0.185569 0.878801
v 0.475471 -0.246256 0.859894
v 0.447968 -0.306943 0.878801
v 0.475471 -0.306943 0.859894
v 0.447968 -0.246256 0.878801
v 0.475471 -0.428318 0.859894
v 0.447968 -0.489005 0.878801
v 0.475471 -0.489005 0.859894
v 0.447968 -0.428318 0.878801
v 0.475471 -0.489005 0.859894
v 0.447968 -0.549692 0.878801
v 0.475470 -0.549768 0.859893
v 0.447968 -0.489005 0.878801
v 0.471061 -0.064194 0.772242
v 0.475471 -0.003507 0.859894
v 0.475471 -0.064194 0.859894
v 0.471061 -0.003507 0.735176
v 0.475471 -0.246256 0.859894
v 0.471061 -0.246256 0.735176
v 0.471061 -0.185569 0.772242
v 0.475471 -0.185569 0.859894
v 0.471061 -0.306943 0.772242
v 0.475471 -0.246256 0.859894
v 0.475471 -0.306943 0.859894
v 0.471061 -0.246256 0.735176
v 0.475471 -0.489005 0.859894
v 0.471061 -0.489005 0.735176
v 0.471061 -0.428318 0.772242
v 0.475471 -0.428318 0.859894
v 0.471060 -0.549808 0.772242
v 0.475471 -0.489005 0.859894
v 0.475470 -0.549768 0.859893
v 0.471061 -0.489005 0.735176
v 0.475471 -0.003507 0.859894
v 0.471061 -0.003507 0.735176
v 0.471061 0.057180 0.772242
v 0.475471 0.057180 0.859894
v 0.475471 0.057180 0.859894
v 0.447968 -0.003507 0.878801
v 0.475471 -0.003507 0.859894
v 0.447968 0.057180 0.878801
v 0.000000 0.239242 1.044424
v -0.447968 0.178554 0.878801
v 0.000000 0.178554 1.044424
v -0.447968 0.239242 0.878801
v 0.000000 0.299929 1.044424
v -0.447968 0.239242 0.878801
v 0.000000 0.239242 1.044424
v -0.447968 0.299929 0.878801
v 0.000000 0.481990 1.044424
v -0.447968 0.421303 0.878801
v 0.000000 0.421303 1.044424
v -0.447968 0.481990 0.878801
v 0.000000 0.542678 1.044424
v -0.447968 0.481990 0.878801
v 0.000000 0.481990 1.044424
v -0.447968 0.542678 0.878801
v -0.447968 -0.064194 0.878801
v 0.000000 -0.003507 1.044424
v -0.447968 -0.003507 0.878801
v 0.000000 -0.064194 1.044424
v -0.447968 0.239242 0.878801
v -0.475471 0.178554 0.859894
v -0.447968 0.178554 0.878801
v -0.475471 0.239242 0.859894
v -0.447968 0.299929 0.878801
v -0.475471 0.239242 0.859894
v -0.447968 0.239242 0.878801
v -0.475471 0.299929 0.859894
v -0.447968 0.481990 0.878801
v -0.475471 0.421303 0.859893
v -0.447968 0.421303 0.878801
v -0.475471 0.481990 0.859893
v -0.447968 0.542678 0.878801
v -0.475471 0.481990 0.859893
v -0.447968 0.481990 0.878801
v -0.475470 0.542753 0.859893
v -0.475471 0.239242 0.859894
v -0.471061 0.239242 0.735176
v -0.471061 0.178554 0.772242
v -0.475471 0.178554 0.859894
v -0.471061 0.299929 0.772242
v -0.475471 0.239242 0.859894
v -0.475471 0.299929 0.859894
v -0.471061 0.239242 0.735176
v -0.475471 0.481990 0.859893
v -0.471061 0.481990 0.735176
v -0.471061 0.421303 0.772242
v -0.475471 0.421303 0.859893
v -0.471060 0.542793 0.772241
v -0.475471 0.481990 0.859893
v -0.475470 0.542753 0.859893
v -0.471061 0.481990 0.735176
v 0.000000 -0.246256 1.044424
v -0.447968 -0.185569 0.878801
v -0.447968 -0.246256 0.878801
v 0.000000 -0.185569 1.044424
v -0.447968 -0.306943 0.878801
v 0.000000 -0.246256 1.044424
v -0.447968 -0.246256 0.878801
v 0.000000 -0.306943 1.044424
v -0.447968 -0.489005 0.878801
v 0.000000 -0.428318 1.044424
v -0.447968 -0.428318 0.878801
v 0.000000 -0.489005 1.044424
v -0.447968 -0.549692 0.878801
v 0.000000 -0.489005 1.044424
v -0.447968 -0.489005 0.878801
v 0.000000 -0.549692 1.044424
v -0.447968 -0.003507 0.878801
v 0.000000 0.057180 1.044424
v -0.447968 0.057180 0.878801
v 0.000000 -0.003507 1.044424
v -0.447968 -0.064194 0.878801
v -0.475471 -0.003507 0.859894
v -0.475471 -0.064194 0.859894
v -0.447968 -0.003507 0.878801
v -0.447968 -0.246256 0.878801
v -0.475471 -0.185569 0.859894
v -0.475471 -0.246256 0.859894
v -0.447968 -0.185569 0.878801
v -0.447968 -0.306943 0.878801
v -0.475471 -0.246256 0.859894
v -0.475471 -0.306943 0.859894
v -0.447968 -0.246256 0.878801
v -0.447968 -0.489005 0.878801
v -0.475471 -0.428318 0.859894
v -0.475471 -0.489005 0.859894
v -0.447968 -0.428318 0.878801
v -0.447968 -0.549692 0.878801
v -0.475471 -0.489005 0.859894
v -0.475470 -0.549768 0.859893
v -0.447968 -0.489005 0.878801
v -0.471061 -0.064194 0.772242
v -0.475471 -0.003507 0.859894
v -0.471061 -0.003507 0.735176
v -0.475471 -0.064194 0.859894
v -0.471061 -0.246256 0.735176
v -0.475471 -0.246256 0.859894
v -0.471061 -0.185569 0.772242
v -0.475471 -0.185569 0.859894
v -0.471061 -0.306943 0.772242
v -0.475471 -0.246256 0.859894
v -0.471061 -0.246256 0.735176
v -0.475471 -0.306943 0.859894
v -0.471061 -0.489005 0.735176
v -0.475471 -0.489005 0.859894
v -0.471061 -0.428318 0.772242
v -0.475471 -0.428318 0.859894
v -0.471060 -0.549808 0.772242
v -0.475471 -0.489005 0.859894
v -0.471061 -0.489005 0.735176
v -0.475470 -0.549768 0.859893
v -0.471061 -0.003507 0.735176
v -0.475471 -0.003507 0.859894
v -0.471061 0.057180 0.772242
v -0.475471 0.057180 0.859894
v -0.447968 -0.003507 0.878801
v -0.475471 0.057180 0.859894
v -0.475471 -0.003507 0.859894
v -0.447968 0.057180 0.878801
v 0.471061 0.178554 0.772242
v 0.461932 0.117867 0.735555
v 0.461932 0.178554 0.772621
v 0.471061 0.117867 0.735176
v 0.471061 0.360616 0.735176
v 0.461932 0.299929 0.772620
v 0.461932 0.360616 0.735555
v 0.471061 0.299929 0.772242
v 0.471061 0.421303 0.772242
v 0.461932 0.360616 0.735555
v 0.461932 0.421303 0.772620
v 0.471061 0.360616 0.735176
v 0.471061 0.117867 0.735176
v 0.461932 0.057180 0.772621
v 0.461932 0.117867 0.735555
v 0.471061 0.057180 0.772242
v 0.471061 -0.064194 0.772242
v 0.461932 -0.124882 0.735555
v 0.461932 -0.064194 0.772621
v 0.471061 -0.124882 0.735176
v 0.471061 -0.124882 0.735176
v 0.461932 -0.185569 0.772621
v 0.461932 -0.124882 0.735555
v 0.471061 -0.185569 0.772242
v 0.471061 -0.306943 0.772242
v 0.461932 -0.367631 0.735555
v 0.461932 -0.306943 0.772621
v 0.471061 -0.367631 0.735176
v 0.471061 -0.367631 0.735176
v 0.461932 -0.428318 0.772621
v 0.461932 -0.367631 0.735555
v 0.471061 -0.428318 0.772242
v -0.471061 0.117867 0.735176
v -0.471061 0.178554 0.772242
v -0.461932 0.178554 0.772621
v -0.461932 0.117867 0.735555
v -0.471061 0.299929 0.772242
v -0.471061 0.360616 0.735176
v -0.461932 0.360616 0.735555
v -0.461932 0.299929 0.772620
v -0.471061 0.360616 0.735176
v -0.471061 0.421303 0.772242
v -0.461932 0.421303 0.772620
v -0.461932 0.360616 0.735555
v -0.471061 0.057180 0.772242
v -0.471061 0.117867 0.735176
v -0.461932 0.117867 0.735555
v -0.461932 0.057180 0.772621
v -0.471061 -0.124882 0.735176
v -0.471061 -0.064194 0.772242
v -0.461932 -0.064194 0.772621
v -0.461932 -0.124882 0.735555
v -0.471061 -0.185569 0.772242
v -0.471061 -0.124882 0.735176
v -0.461932 -0.124882 0.735555
v -0.461932 -0.185569 0.772621
v -0.471061 -0.367631 0.735176
v -0.471061 -0.306943 0.772242
v -0.461932 -0.306943 0.772621
v -0.461932 -0.367631 0.735555
v -0.471061 -0.428318 0.772242
v -0.471061 -0.367631 0.735176
v -0.461932 -0.367631 0.735555
v -0.461932 -0.428318 0.772621
v 0.443730 0.117867 0.870626
v 0.000000 0.178554 1.034683
v 0.443730 0.178554 0.870626
v 0.000000 0.117867 1.034683
v 0.443730 0.299929 0.870626
v 0.000000 0.360616 1.034683
v 0.443730 0.360616 0.870626
v 0.000000 0.299929 1.034683
v 0.443730 0.360616 0.870626
v 0.000000 0.421303 1.034683
v 0.443730 0.421303 0.870626
v 0.000000 0.360616 1.034683
v 0.443730 0.057180 0.870626
v 0.000000 0.117867 1.034683
v 0.443730 0.117867 0.870626
v 0.000000 0.057180 1.034683
v 0.466132 0.117867 0.855226
v 0.443730 0.178554 0.870626
v 0.466132 0.178554 0.855226
v 0.443730 0.117867 0.870626
v 0.466132 0.299929 0.855226
v 0.443730 0.360616 0.870626
v 0.466132 0.360616 0.855226
v 0.443730 0.299929 0.870626
v 0.443730 0.421303 0.870626
v 0.466132 0.421303 0.855226
v 0.461932 0.178554 0.772621
v 0.466132 0.117867 0.855226
v 0.466132 0.178554 0.855226
v 0.461932 0.117867 0.735555
v 0.466132 0.360616 0.855226
v 0.461932 0.360616 0.735555
v 0.461932 0.299929 0.772620
v 0.466132 0.299929 0.855226
v 0.461932 0.421303 0.772620
v 0.466132 0.360616 0.855226
v 0.466132 0.421303 0.855226
v 0.461932 0.360616 0.735555
v 0.466132 0.117867 0.855226
v 0.461932 0.117867 0.735555
v 0.461932 0.057180 0.772621
v 0.466132 0.057180 0.855226
v 0.466132 0.057180 0.855226
v 0.443730 0.117867 0.870626
v 0.466132 0.117867 0.855226
v 0.443730 0.057180 0.870626
v 0.443730 -0.124882 0.870626
v 0.000000 -0.064194 1.034683
v 0.443730 -0.064194 0.870626
v 0.000000 -0.124882 1.034683
v 0.443730 -0.185569 0.870627
v 0.000000 -0.185569 1.034683
v 0.443730 -0.124882 0.870626
v 0.000000 -0.124882 1.034683
v 0.443730 -0.367630 0.870627
v 0.000000 -0.306943 1.034683
v 0.443730 -0.306943 0.870627
v 0.000000 -0.367630 1.034683
v 0.443730 -0.428318 0.870627
v 0.000000 -0.367630 1.034683
v 0.443730 -0.367630 0.870627
v 0.000000 -0.428318 1.034683
v 0.443730 -0.124882 0.870626
v 0.443730 -0.064194 0.870626
v 0.466132 -0.064194 0.855226
v 0.466132 -0.124882 0.855226
v 0.443730 -0.185569 0.870627
v 0.443730 -0.124882 0.870626
v 0.466132 -0.124882 0.855226
v 0.466132 -0.185569 0.855226
v 0.443730 -0.367630 0.870627
v 0.443730 -0.306943 0.870627
v 0.466132 -0.306943 0.855226
v 0.466132 -0.367630 0.855226
v 0.443730 -0.428318 0.870627
v 0.443730 -0.367630 0.870627
v 0.466132 -0.367630 0.855226
v 0.466132 -0.428318 0.855226
v 0.461932 -0.124882 0.735555
v 0.466132 -0.124882 0.855226
v 0.461932 -0.064194 0.772621
v 0.466132 -0.064194 0.855226
v 0.461932 -0.185569 0.772621
v 0.466132 -0.124882 0.855226
v 0.461932 -0.124882 0.735555
v 0.466132 -0.185569 0.855226
v 0.461932 -0.367631 0.735555
v 0.466132 -0.367630 0.855226
v 0.461932 -0.306943 0.772621
v 0.466132 -0.306943 0.855226
v 0.461932 -0.428318 0.772621
v 0.466132 -0.367630 0.855226
v 0.461932 -0.367631 0.735555
v 0.466132 -0.428318 0.855226
v 0.000000 0.178554 1.034683
v -0.443730 0.117867 0.870626
v -0.443730 0.178554 0.870626
v 0.000000 0.117867 1.034683
v 0.000000 0.360616 1.034683
v -0.443730 0.299929 0.870626
v -0.443730 0.360616 0.870626
v 0.000000 0.299929 1.034683
v 0.000000 0.421303 1.034683
v -0.443730 0.360616 0.870626
v -0.443730 0.421303 0.870626
v 0.000000 0.360616 1.034683
v 0.000000 0.117867 1.034683
v -0.443730 0.057180 0.870626
v -0.443730 0.117867 0.870626
v 0.000000 0.057180 1.034683
v -0.443730 0.178554 0.870626
v -0.466132 0.117867 0.855226
v -0.466132 0.178554 0.855226
v -0.443730 0.117867 0.870626
v -0.466132 0.299929 0.855226
v -0.443730 0.360616 0.870626
v -0.443730 0.299929 0.870626
v -0.466132 0.360616 0.855226
v -0.443730 0.421303 0.870626
v -0.466132 0.421303 0.855226
v -0.461932 0.178554 0.772621
v -0.466132 0.117867 0.855226
v -0.461932 0.117867 0.735555
v -0.466132 0.178554 0.855226
v -0.461932 0.360616 0.735555
v -0.466132 0.360616 0.855226
v -0.461932 0.299929 0.772620
v -0.466132 0.299929 0.855226
v -0.461932 0.421303 0.772620
v -0.466132 0.360616 0.855226
v -0.461932 0.360616 0.735555
v -0.466132 0.421303 0.855226
v -0.461932 0.117867 0.735555
v -0.466132 0.117867 0.855226
v -0.461932 0.057180 0.772621
v -0.466132 0.057180 0.855226
v -0.443730 0.117867 0.870626
v -0.466132 0.057180 0.855226
v -0.466132 0.117867 0.855226
v -0.443730 0.057180 0.870626
v 0.000000 -0.064194 1.034683
v -0.443730 -0.124882 0.870626
v -0.443730 -0.064194 0.870626
v 0.000000 -0.124882 1.034683
v 0.000000 -0.185569 1.034683
v -0.443730 -0.124882 0.870626
v 0.000000 -0.124882 1.034683
v -0.443730 -0.185569 0.870627
v 0.000000 -0.306943 1.034683
v -0.443730 -0.367630 0.870627
v -0.443730 -0.306943 0.870627
v 0.000000 -0.367630 1.034683
v 0.000000 -0.367630 1.034683
v -0.443730 -0.428318 0.870627
v -0.443730 -0.367630 0.870627
v 0.000000 -0.428318 1.034683
v -0.443730 -0.124882 0.870626
v -0.466132 -0.064194 0.855226
v -0.443730 -0.064194 0.870626
v -0.466132 -0.124882 0.855226
v -0.443730 -0.185569 0.870627
v -0.466132 -0.124882 0.855226
v -0.443730 -0.124882 0.870626
v -0.466132 -0.185569 0.855226
v -0.443730 -0.367630 0.870627
v -0.466132 -0.306943 0.855226
v -0.443730 -0.306943 0.870627
v -0.466132 -0.367630 0.855226
v -0.443730 -0.428318 0.870627
v -0.466132 -0.367630 0.855226
v -0.443730 -0.367630 0.870627
v -0.466132 -0.428318 0.855226
v -0.466132 -0.124882 0.855226
v -0.461932 -0.124882 0.735555
v -0.461932 -0.064194 0.772621
v -0.466132 -0.064194 0.855226
v -0.461932 -0.185569 0.772621
v -0.466132 -0.124882 0.855226
v -0.466132 -0.185569 0.855226
v -0.461932 -0.124882 0.735555
v -0.466132 -0.367630 0.855226
v -0.461932 -0.367631 0.735555
v -0.461932 -0.306943 0.772621
v -0.466132 -0.306943 0.855226
v -0.461932 -0.428318 0.772621
v -0.466132 -0.367630 0.855226
v -0.466132 -0.428318 0.855226
v -0.461932 -0.367631 0.735555
v 0.447968 0.178554 0.878801
v 0.000000 0.178554 1.044424
v 0.447968 0.117867 0.878801
v 0.447968 0.360616 0.878801
v 0.000000 0.360616 1.044424
v 0.447968 0.299929 0.878801
v 0.000000 0.299929 1.044424
v 0.447968 0.421303 0.878801
v 0.000000 0.421303 1.044424
v 0.447968 0.360616 0.878801
v 0.000000 0.360616 1.044424
v 0.000000 0.117867 1.044424
v 0.447968 0.057180 0.878801
v 0.000000 0.057180 1.044424
v 0.447968 0.178554 0.878801
v 0.447968 0.117867 0.878801
v 0.475471 0.117867 0.859894
v 0.475471 0.178554 0.859894
v 0.447968 0.360616 0.878801
v 0.447968 0.299929 0.878801
v 0.475471 0.299929 0.859894
v 0.475471 0.360616 0.859894
v 0.447968 0.421303 0.878801
v 0.447968 0.360616 0.878801
v 0.475471 0.360616 0.859894
v 0.475471 0.421303 0.859893
v 0.471061 0.178554 0.772242
v 0.475471 0.117867 0.859894
v 0.471061 0.117867 0.735176
v 0.475471 0.178554 0.859894
v 0.471061 0.360616 0.735176
v 0.475471 0.360616 0.859894
v 0.471061 0.299929 0.772242
v 0.475471 0.299929 0.859894
v 0.471061 0.421303 0.772242
v 0.475471 0.360616 0.859894
v 0.471061 0.360616 0.735176
v 0.475471 0.421303 0.859893
v 0.471061 0.117867 0.735176
v 0.475471 0.117867 0.859894
v 0.471061 0.057180 0.772242
v 0.475471 0.057180 0.859894
v 0.447968 0.117867 0.878801
v 0.447968 0.057180 0.878801
v 0.475471 0.057180 0.859894
v 0.475471 0.117867 0.859894
v 0.447968 -0.124882 0.878801
v 0.000000 -0.064194 1.044424
v 0.000000 -0.124882 1.044424
v 0.447968 -0.064194 0.878801
v 0.447968 -0.124882 0.878801
v 0.000000 -0.185569 1.044424
v 0.447968 -0.185569 0.878801
v 0.000000 -0.124882 1.044424
v 0.447968 -0.367630 0.878801
v 0.000000 -0.306943 1.044424
v 0.000000 -0.367630 1.044424
v 0.447968 -0.306943 0.878801
v 0.447968 -0.428318 0.878801
v 0.000000 -0.367630 1.044424
v 0.000000 -0.428318 1.044424
v 0.447968 -0.367630 0.878801
v 0.475471 -0.064194 0.859894
v 0.447968 -0.124882 0.878801
v 0.475471 -0.124882 0.859894
v 0.447968 -0.064194 0.878801
v 0.475471 -0.124882 0.859894
v 0.447968 -0.185569 0.878801
v 0.475471 -0.185569 0.859894
v 0.447968 -0.124882 0.878801
v 0.475471 -0.306943 0.859894
v 0.447968 -0.367630 0.878801
v 0.475471 -0.367630 0.859894
v 0.447968 -0.306943 0.878801
v 0.475471 -0.367630 0.859894
v 0.447968 -0.428318 0.878801
v 0.475471 -0.428318 0.859894
v 0.447968 -0.367630 0.878801
v 0.475471 -0.124882 0.859894
v 0.471061 -0.124882 0.735176
v 0.471061 -0.064194 0.772242
v 0.475471 -0.064194 0.859894
v 0.471061 -0.185569 0.772242
v 0.475471 -0.124882 0.859894
v 0.475471 -0.185569 0.859894
v 0.471061 -0.124882 0.735176
v 0.475471 -0.367630 0.859894
v 0.471061 -0.367631 0.735176
v 0.471061 -0.306943 0.772242
v 0.475471 -0.306943 0.859894
v 0.471061 -0.428318 0.772242
v 0.475471 -0.367630 0.859894
v 0.475471 -0.428318 0.859894
v 0.471061 -0.367631 0.735176
v 0.000000 0.178554 1.044424
v -0.447968 0.178554 0.878801
v -0.447968 0.117867 0.878801
v 0.000000 0.117867 1.044424
v 0.000000 0.360616 1.044424
v -0.447968 0.360616 0.878801
v -0.447968 0.299929 0.878801
v 0.000000 0.299929 1.044424
v 0.000000 0.421303 1.044424
v -0.447968 0.421303 0.878801
v -0.447968 0.360616 0.878801
v 0.000000 0.360616 1.044424
v -0.447968 0.057180 0.878801
v 0.000000 0.057180 1.044424
v -0.447968 0.178554 0.878801
v -0.475471 0.117867 0.859894
v -0.447968 0.117867 0.878801
v -0.475471 0.178554 0.859894
v -0.447968 0.360616 0.878801
v -0.475471 0.299929 0.859894
v -0.447968 0.299929 0.878801
v -0.475471 0.360616 0.859894
v -0.447968 0.421303 0.878801
v -0.475471 0.360616 0.859894
v -0.447968 0.360616 0.878801
v -0.475471 0.421303 0.859893
v -0.471061 0.178554 0.772242
v -0.475471 0.117867 0.859894
v -0.475471 0.178554 0.859894
v -0.471061 0.117867 0.735176
v -0.475471 0.360616 0.859894
v -0.471061 0.360616 0.735176
v -0.471061 0.299929 0.772242
v -0.475471 0.299929 0.859894
v -0.471061 0.421303 0.772242
v -0.475471 0.360616 0.859894
v -0.475471 0.421303 0.859893
v -0.471061 0.360616 0.735176
v -0.475471 0.117867 0.859894
v -0.471061 0.117867 0.735176
v -0.471061 0.057180 0.772242
v -0.475471 0.057180 0.859894
v -0.447968 0.117867 0.878801
v -0.475471 0.057180 0.859894
v -0.447968 0.057180 0.878801
v -0.475471 0.117867 0.859894
v 0.000000 -0.064194 1.044424
v -0.447968 -0.124882 0.878801
v 0.000000 -0.124882 1.044424
v 0.000000 -0.185569 1.044424
v -0.447968 -0.185569 0.878801
v -0.447968 -0.064194 0.878801
v -0.447968 -0.367630 0.878801
v 0.000000 -0.306943 1.044424
v -0.447968 -0.306943 0.878801
v 0.000000 -0.367630 1.044424
v -0.447968 -0.428318 0.878801
v 0.000000 -0.367630 1.044424
v -0.447968 -0.367630 0.878801
v 0.000000 -0.428318 1.044424
v -0.447968 -0.124882 0.878801
v -0.475471 -0.064194 0.859894
v -0.475471 -0.124882 0.859894
v -0.447968 -0.064194 0.878801
v -0.447968 -0.185569 0.878801
v -0.475471 -0.124882 0.859894
v -0.475471 -0.185569 0.859894
v -0.447968 -0.124882 0.878801
v -0.447968 -0.367630 0.878801
v -0.475471 -0.306943 0.859894
v -0.475471 -0.367630 0.859894
v -0.447968 -0.306943 0.878801
v -0.447968 -0.428318 0.878801
v -0.475471 -0.367630 0.859894
v -0.475471 -0.428318 0.859894
v -0.447968 -0.367630 0.878801
v -0.471061 -0.124882 0.735176
v -0.475471 -0.124882 0.859894
v -0.471061 -0.064194 0.772242
v -0.475471 -0.064194 0.859894
v -0.471061 -0.185569 0.772242
v -0.475471 -0.124882 0.859894
v -0.471061 -0.124882 0.735176
v -0.475471 -0.185569 0.859894
v -0.471061 -0.367631 0.735176
v -0.475471 -0.367630 0.859894
v -0.471061 -0.306943 0.772242
v -0.475471 -0.306943 0.859894
v -0.471061 -0.428318 0.772242
v -0.475471 -0.367630 0.859894
v -0.471061 -0.367631 0.735176
v -0.475471 -0.428318 0.859894
v -0.035467 -0.402849 0.235336
v -0.030900 -0.209368 0.255298
v -0.035467 -0.402849 0.255298
v -0.030900 -0.209368 0.235336
v -0.030900 -0.209368 0.235336
v -0.117747 -0.401338 0.235336
v -0.119417 -0.209368 0.235336
v -0.035467 -0.402849 0.235336
v -0.116077 -0.593308 0.235336
v -0.117747 -0.401338 0.255298
v -0.117747 -0.401338 0.235336
v -0.116077 -0.593308 0.255298
v -0.116077 -0.593308 0.255298
v -0.035467 -0.402849 0.255298
v -0.117747 -0.401338 0.255298
v -0.027560 -0.593308 0.255298
v -0.110790 -0.180753 0.235335
v -0.110161 0.283403 0.255298
v -0.110161 0.283403 0.235335
v -0.110790 -0.180753 0.255298
v -0.110790 -0.180753 0.255298
v -0.017507 0.286155 0.255298
v -0.110161 0.283403 0.255298
v -0.030939 -0.192746 0.255298
v -0.017507 0.286155 0.235335
v -0.032173 0.334651 0.255298
v -0.017507 0.286155 0.255298
v -0.032173 0.334651 0.235335
v -0.032173 0.334651 0.235335
v -0.110161 0.283403 0.235335
v -0.109255 0.331630 0.235335
v -0.017507 0.286155 0.235335
v -0.017507 0.286155 0.235335
v -0.110790 -0.180753 0.235335
v -0.110161 0.283403 0.235335
v -0.030939 -0.192746 0.235336
v -0.030939 -0.192746 0.235336
v -0.017507 0.286155 0.255298
v -0.030939 -0.192746 0.255298
v -0.017507 0.286155 0.235335
v -0.110790 -0.180753 0.235335
v -0.119417 -0.209368 0.255298
v -0.110790 -0.180753 0.255298
v -0.119417 -0.209368 0.235336
v -0.030900 -0.209368 0.255298
v -0.110790 -0.180753 0.255298
v -0.119417 -0.209368 0.255298
v -0.030939 -0.192746 0.255298
v -0.032173 0.334651 0.255298
v -0.110161 0.283403 0.255298
v -0.017507 0.286155 0.255298
v -0.109255 0.331630 0.255298
v -0.110161 0.283403 0.235335
v -0.109255 0.331630 0.255298
v -0.109255 0.331630 0.235335
v -0.110161 0.283403 0.255298
v -0.032173 0.334651 0.235335
v -0.108800 0.355833 0.235335
v -0.020284 0.355833 0.235335
v -0.109255 0.331630 0.235335
v -0.020284 0.355833 0.235335
v -0.032173 0.334651 0.255298
v -0.032173 0.334651 0.235335
v -0.026771 0.355833 0.255298
v -0.030900 -0.209368 0.235336
v -0.030939 -0.192746 0.255298
v -0.030900 -0.209368 0.255298
v -0.030939 -0.192746 0.235336
v -0.110790 -0.180753 0.235335
v -0.030900 -0.209368 0.235336
v -0.119417 -0.209368 0.235336
v -0.030939 -0.192746 0.235336
v -0.117747 -0.401338 0.255298
v -0.030900 -0.209368 0.255298
v -0.119417 -0.209368 0.255298
v -0.035467 -0.402849 0.255298
v -0.119417 -0.209368 0.235336
v -0.117747 -0.401338 0.255298
v -0.119417 -0.209368 0.255298
v -0.117747 -0.401338 0.235336
v -0.020284 0.355833 0.235335
v -0.027560 0.596524 0.255298
v -0.026771 0.355833 0.255298
v -0.027560 0.596524 0.235335
v -0.109255 0.331630 0.235335
v -0.108800 0.355833 0.255298
v -0.108800 0.355833 0.235335
v -0.109255 0.331630 0.255298
v -0.027560 0.596524 0.235335
v -0.108800 0.355833 0.235335
v -0.116077 0.596524 0.235335
v -0.020284 0.355833 0.235335
v -0.032173 0.334651 0.255298
v -0.108800 0.355833 0.255298
v -0.109255 0.331630 0.255298
v -0.026771 0.355833 0.255298
v -0.108800 0.355833 0.255298
v -0.027560 0.596524 0.255298
v -0.116077 0.596524 0.255298
v -0.026771 0.355833 0.255298
v -0.035467 -0.402849 0.235336
v -0.116077 -0.593308 0.235336
v -0.117747 -0.401338 0.235336
v -0.027560 -0.593308 0.235336
v -0.116077 0.596524 0.235335
v -0.108800 0.355833 0.255298
v -0.116077 0.596524 0.255298
v -0.108800 0.355833 0.235335
v -0.116077 -0.593308 0.235336
v -0.027560 -0.593308 0.255298
v -0.116077 -0.593308 0.255298
v -0.027560 -0.593308 0.235336
v -0.035467 -0.402849 0.235336
v -0.027560 -0.593308 0.255298
v -0.027560 -0.593308 0.235336
v -0.035467 -0.402849 0.255298
v -0.116077 0.596524 0.235335
v -0.027560 0.596524 0.255298
v -0.027560 0.596524 0.235335
v -0.116077 0.596524 0.255298
v -0.209244 0.406065 0.235335
v -0.213811 0.212585 0.252544
v -0.202965 0.406065 0.252544
v -0.213811 0.212585 0.235335
v -0.213811 0.212585 0.235335
v -0.209244 0.406065 0.235335
v -0.121773 0.404555 0.235335
v -0.120103 0.212585 0.235335
v -0.123443 0.596524 0.235335
v -0.121773 0.404555 0.252544
v -0.121773 0.404555 0.235335
v -0.123443 0.596524 0.252544
v -0.202965 0.406065 0.252544
v -0.123443 0.596524 0.252544
v -0.217151 0.596524 0.252544
v -0.121773 0.404555 0.252544
v -0.129359 -0.280186 0.235336
v -0.128729 0.183970 0.252544
v -0.129359 -0.280186 0.252544
v -0.128729 0.183970 0.235335
v -0.227205 -0.282938 0.252544
v -0.128729 0.183970 0.252544
v -0.213773 0.195962 0.252544
v -0.129359 -0.280186 0.252544
v -0.212539 -0.331434 0.235336
v -0.227205 -0.282938 0.252544
v -0.227205 -0.282938 0.235336
v -0.212539 -0.331434 0.252544
v -0.212539 -0.331434 0.235336
v -0.227205 -0.282938 0.235336
v -0.129359 -0.280186 0.235336
v -0.130265 -0.328413 0.235336
v -0.227205 -0.282938 0.235336
v -0.213773 0.195962 0.235335
v -0.128729 0.183970 0.235335
v -0.129359 -0.280186 0.235336
v -0.213773 0.195962 0.235335
v -0.227205 -0.282938 0.252544
v -0.213773 0.195962 0.252544
v -0.227205 -0.282938 0.235336
v -0.120103 0.212585 0.235335
v -0.128729 0.183970 0.252544
v -0.128729 0.183970 0.235335
v -0.120103 0.212585 0.252544
v -0.120103 0.212585 0.252544
v -0.213811 0.212585 0.252544
v -0.128729 0.183970 0.252544
v -0.213773 0.195962 0.252544
v -0.129359 -0.280186 0.252544
v -0.212539 -0.331434 0.252544
v -0.130265 -0.328413 0.252544
v -0.129359 -0.280186 0.235336
v -0.130265 -0.328413 0.252544
v -0.130265 -0.328413 0.235336
v -0.129359 -0.280186 0.252544
v -0.130719 -0.352616 0.235336
v -0.212539 -0.331434 0.235336
v -0.130265 -0.328413 0.235336
v -0.224428 -0.352616 0.235336
v -0.212539 -0.331434 0.235336
v -0.224428 -0.352616 0.252544
v -0.212539 -0.331434 0.252544
v -0.224428 -0.352616 0.235336
v -0.213811 0.212585 0.235335
v -0.213773 0.195962 0.252544
v -0.213811 0.212585 0.252544
v -0.213773 0.195962 0.235335
v -0.128729 0.183970 0.235335
v -0.213811 0.212585 0.235335
v -0.120103 0.212585 0.235335
v -0.213773 0.195962 0.235335
v -0.202965 0.406065 0.252544
v -0.213811 0.212585 0.252544
v -0.120103 0.212585 0.252544
v -0.121773 0.404555 0.252544
v -0.120103 0.212585 0.235335
v -0.121773 0.404555 0.252544
v -0.120103 0.212585 0.252544
v -0.121773 0.404555 0.235335
v -0.217152 -0.593308 0.235336
v -0.224428 -0.352616 0.252544
v -0.224428 -0.352616 0.235336
v -0.217152 -0.593308 0.252544
v -0.130265 -0.328413 0.235336
v -0.130719 -0.352616 0.252544
v -0.130719 -0.352616 0.235336
v -0.130265 -0.328413 0.252544
v -0.217152 -0.593308 0.235336
v -0.224428 -0.352616 0.235336
v -0.130719 -0.352616 0.235336
v -0.123443 -0.593308 0.235336
v -0.130719 -0.352616 0.252544
v -0.227205 -0.282938 0.252544
v -0.224428 -0.352616 0.252544
v -0.217152 -0.593308 0.252544
v -0.123443 -0.593308 0.252544
v -0.209244 0.406065 0.235335
v -0.217151 0.596524 0.235335
v -0.123443 0.596524 0.235335
v -0.121773 0.404555 0.235335
v -0.130719 -0.352616 0.235336
v -0.123443 -0.593308 0.252544
v -0.123443 -0.593308 0.235336
v -0.130719 -0.352616 0.252544
v -0.217151 0.596524 0.235335
v -0.123443 0.596524 0.252544
v -0.123443 0.596524 0.235335
v -0.217151 0.596524 0.252544
v -0.209244 0.406065 0.235335
v -0.217151 0.596524 0.252544
v -0.217151 0.596524 0.235335
v -0.202965 0.406065 0.252544
v -0.217152 -0.593308 0.235336
v -0.123443 -0.593308 0.252544
v -0.217152 -0.593308 0.252544
v -0.123443 -0.593308 0.235336
v 0.037023 0.406065 0.235335
v 0.032456 0.212585 0.255298
v 0.037023 0.406065 0.255298
v 0.032456 0.212585 0.235335
v 0.032456 0.212585 0.235335
v 0.037023 0.406065 0.235335
v 0.119302 0.404555 0.235335
v 0.120972 0.212585 0.235335
v 0.117632 0.596524 0.235335
v 0.119302 0.404555 0.255298
v 0.119302 0.404555 0.235335
v 0.117632 0.596524 0.255298
v 0.037023 0.406065 0.255298
v 0.117632 0.596524 0.255298
v 0.029116 0.596524 0.255298
v 0.119302 0.404555 0.255298
v 0.112346 0.183970 0.235335
v 0.111716 -0.280186 0.255298
v 0.111716 -0.280186 0.235336
v 0.112346 0.183970 0.255298
v 0.019062 -0.282938 0.255298
v 0.112346 0.183970 0.255298
v 0.032495 0.195962 0.255298
v 0.111716 -0.280186 0.255298
v 0.019062 -0.282938 0.235336
v 0.033728 -0.331434 0.255298
v 0.019062 -0.282938 0.255298
v 0.033728 -0.331434 0.235336
v 0.033728 -0.331434 0.235336
v 0.019062 -0.282938 0.235336
v 0.111716 -0.280186 0.235336
v 0.110810 -0.328413 0.235336
v 0.019062 -0.282938 0.235336
v 0.032495 0.195962 0.235335
v 0.112346 0.183970 0.235335
v 0.111716 -0.280186 0.235336
v 0.032495 0.195962 0.235335
v 0.019062 -0.282938 0.255298
v 0.032495 0.195962 0.255298
v 0.019062 -0.282938 0.235336
v 0.120972 0.212585 0.235335
v 0.112346 0.183970 0.255298
v 0.112346 0.183970 0.235335
v 0.120972 0.212585 0.255298
v 0.120972 0.212585 0.255298
v 0.032456 0.212585 0.255298
v 0.112346 0.183970 0.255298
v 0.032495 0.195962 0.255298
v 0.111716 -0.280186 0.255298
v 0.033728 -0.331434 0.255298
v 0.110810 -0.328413 0.255298
v 0.019062 -0.282938 0.255298
v 0.111716 -0.280186 0.235336
v 0.110810 -0.328413 0.255298
v 0.110810 -0.328413 0.235336
v 0.111716 -0.280186 0.255298
v 0.110356 -0.352616 0.235336
v 0.033728 -0.331434 0.235336
v 0.110810 -0.328413 0.235336
v 0.021839 -0.352616 0.235336
v 0.021839 -0.352616 0.235336
v 0.033728 -0.331434 0.255298
v 0.033728 -0.331434 0.235336
v 0.028326 -0.352616 0.255298
v 0.032456 0.212585 0.235335
v 0.032495 0.195962 0.255298
v 0.032456 0.212585 0.255298
v 0.032495 0.195962 0.235335
v 0.112346 0.183970 0.235335
v 0.032456 0.212585 0.235335
v 0.120972 0.212585 0.235335
v 0.032495 0.195962 0.235335
v 0.032456 0.212585 0.255298
v 0.119302 0.404555 0.255298
v 0.037023 0.406065 0.255298
v 0.120972 0.212585 0.255298
v 0.120972 0.212585 0.235335
v 0.119302 0.404555 0.255298
v 0.120972 0.212585 0.255298
v 0.119302 0.404555 0.235335
v 0.021839 -0.352616 0.235336
v 0.029116 -0.593308 0.255298
v 0.028326 -0.352616 0.255298
v 0.029116 -0.593308 0.235336
v 0.110810 -0.328413 0.235336
v 0.110356 -0.352616 0.255298
v 0.110356 -0.352616 0.235336
v 0.110810 -0.328413 0.255298
v 0.029116 -0.593308 0.235336
v 0.021839 -0.352616 0.235336
v 0.110356 -0.352616 0.235336
v 0.117632 -0.593308 0.235336
v 0.110810 -0.328413 0.255298
v 0.033728 -0.331434 0.255298
v 0.110356 -0.352616 0.255298
v 0.028326 -0.352616 0.255298
v 0.029116 -0.593308 0.255298
v 0.110356 -0.352616 0.255298
v 0.028326 -0.352616 0.255298
v 0.117632 -0.593308 0.255298
v 0.037023 0.406065 0.235335
v 0.029116 0.596524 0.235335
v 0.117632 0.596524 0.235335
v 0.119302 0.404555 0.235335
v 0.117632 -0.593308 0.235336
v 0.110356 -0.352616 0.255298
v 0.117632 -0.593308 0.255298
v 0.110356 -0.352616 0.235336
v 0.117632 0.596524 0.235335
v 0.029116 0.596524 0.255298
v 0.117632 0.596524 0.255298
v 0.029116 0.596524 0.235335
v 0.037023 0.406065 0.235335
v 0.029116 0.596524 0.255298
v 0.029116 0.596524 0.235335
v 0.037023 0.406065 0.255298
v 0.117632 -0.593308 0.235336
v 0.029116 -0.593308 0.255298
v 0.029116 -0.593308 0.235336
v 0.117632 -0.593308 0.255298
v 0.210800 -0.402849 0.235336
v 0.215367 -0.209368 0.252544
v 0.204521 -0.402849 0.252544
v 0.215367 -0.209368 0.235336
v 0.215367 -0.209368 0.235336
v 0.123328 -0.401338 0.235336
v 0.121658 -0.209368 0.235336
v 0.210800 -0.402849 0.235336
v 0.124998 -0.593308 0.235336
v 0.123328 -0.401338 0.252544
v 0.123328 -0.401338 0.235336
v 0.124998 -0.593308 0.252544
v 0.124998 -0.593308 0.252544
v 0.204521 -0.402849 0.252544
v 0.123328 -0.401338 0.252544
v 0.218706 -0.593308 0.252544
v 0.130914 0.283403 0.235335
v 0.130285 -0.180753 0.252544
v 0.130914 0.283403 0.252544
v 0.130285 -0.180753 0.235335
v 0.130285 -0.180753 0.252544
v 0.228761 0.286155 0.252544
v 0.130914 0.283403 0.252544
v 0.215328 -0.192746 0.252544
v 0.214094 0.334651 0.235335
v 0.228761 0.286155 0.252544
v 0.228761 0.286155 0.235335
v 0.214094 0.334651 0.252544
v 0.214094 0.334651 0.235335
v 0.130914 0.283403 0.235335
v 0.131820 0.331630 0.235335
v 0.228761 0.286155 0.235335
v 0.228761 0.286155 0.235335
v 0.130285 -0.180753 0.235335
v 0.130914 0.283403 0.235335
v 0.215328 -0.192746 0.235336
v 0.215328 -0.192746 0.235336
v 0.228761 0.286155 0.252544
v 0.215328 -0.192746 0.252544
v 0.228761 0.286155 0.235335
v 0.121658 -0.209368 0.235336
v 0.130285 -0.180753 0.252544
v 0.130285 -0.180753 0.235335
v 0.121658 -0.209368 0.252544
v 0.215367 -0.209368 0.252544
v 0.130285 -0.180753 0.252544
v 0.121658 -0.209368 0.252544
v 0.215328 -0.192746 0.252544
v 0.130914 0.283403 0.252544
v 0.214094 0.334651 0.252544
v 0.131820 0.331630 0.252544
v 0.130914 0.283403 0.235335
v 0.131820 0.331630 0.252544
v 0.131820 0.331630 0.235335
v 0.130914 0.283403 0.252544
v 0.214094 0.334651 0.235335
v 0.132275 0.355833 0.235335
v 0.225983 0.355833 0.235335
v 0.131820 0.331630 0.235335
v 0.214094 0.334651 0.235335
v 0.225983 0.355833 0.252544
v 0.214094 0.334651 0.252544
v 0.225983 0.355833 0.235335
v 0.215367 -0.209368 0.235336
v 0.215328 -0.192746 0.252544
v 0.215367 -0.209368 0.252544
v 0.215328 -0.192746 0.235336
v 0.130285 -0.180753 0.235335
v 0.215367 -0.209368 0.235336
v 0.121658 -0.209368 0.235336
v 0.215328 -0.192746 0.235336
v 0.204521 -0.402849 0.252544
v 0.121658 -0.209368 0.252544
v 0.123328 -0.401338 0.252544
v 0.215367 -0.209368 0.252544
v 0.121658 -0.209368 0.235336
v 0.123328 -0.401338 0.252544
v 0.121658 -0.209368 0.252544
v 0.123328 -0.401338 0.235336
v 0.218707 0.596524 0.235335
v 0.225983 0.355833 0.252544
v 0.225983 0.355833 0.235335
v 0.218707 0.596524 0.252544
v 0.131820 0.331630 0.235335
v 0.132275 0.355833 0.252544
v 0.132275 0.355833 0.235335
v 0.131820 0.331630 0.252544
v 0.218707 0.596524 0.235335
v 0.132275 0.355833 0.235335
v 0.124998 0.596524 0.235335
v 0.225983 0.355833 0.235335
v 0.132275 0.355833 0.252544
v 0.228761 0.286155 0.252544
v 0.225983 0.355833 0.252544
v 0.218707 0.596524 0.252544
v 0.124998 0.596524 0.252544
v 0.210800 -0.402849 0.235336
v 0.124998 -0.593308 0.235336
v 0.123328 -0.401338 0.235336
v 0.218706 -0.593308 0.235336
v 0.132275 0.355833 0.235335
v 0.124998 0.596524 0.252544
v 0.124998 0.596524 0.235335
v 0.132275 0.355833 0.252544
v 0.218706 -0.593308 0.235336
v 0.124998 -0.593308 0.252544
v 0.124998 -0.593308 0.235336
v 0.218706 -0.593308 0.252544
v 0.210800 -0.402849 0.235336
v 0.218706 -0.593308 0.252544
v 0.218706 -0.593308 0.235336
v 0.204521 -0.402849 0.252544
v 0.218707 0.596524 0.235335
v 0.124998 0.596524 0.252544
v 0.218707 0.596524 0.252544
v 0.124998 0.596524 0.235335
v 0.025977 0.525164 0.068360
v -0.021079 0.525164 0.053440
v 0.025977 0.525164 0.053440
v -0.025977 0.525164 0.068360
v -0.025977 0.525164 0.068360
v -0.021079 0.577117 0.053440
v -0.021079 0.525164 0.053440
v -0.025977 0.577117 0.068360
v -0.021079 0.577117 0.053440
v 0.025977 0.577117 -0.004750
v -0.025977 0.577117 -0.004750
v 0.025977 0.577117 0.053440
v 0.025977 0.577117 0.068360
v 0.025977 0.577117 0.053440
v 0.025977 0.525164 -0.004750
v 0.025977 0.577117 -0.004750
v 0.025977 0.525164 0.053440
v 0.025977 0.525164 -0.004750
v -0.021079 0.525164 0.053440
v -0.025977 0.525164 -0.004750
v 0.025977 0.525164 0.053440
v -0.021079 0.525164 0.053440
v -0.025977 0.577117 -0.004750
v -0.025977 0.525164 -0.004750
v -0.021079 0.577117 0.053440
v -0.025977 0.525164 0.567004
v -0.025977 0.577117 0.567004
v -0.025977 0.577117 0.540983
v -0.025977 0.525164 0.540983
v 0.020264 0.577117 0.567004
v 0.025977 0.525164 0.540983
v 0.025977 0.577117 0.540983
v 0.020264 0.525164 0.567004
v -0.025977 0.577117 0.068360
v -0.025977 0.525164 0.068360
v 0.025977 0.525164 0.540983
v -0.025977 0.525164 0.068360
v 0.025977 0.525164 0.068360
v -0.025977 0.525164 0.540983
v 0.020264 0.525164 0.567004
v 0.025977 0.577117 0.068360
v 0.025977 0.525164 0.068360
v 0.025977 0.577117 0.540983
v 0.025977 0.525164 0.540983
v -0.025977 0.577117 0.540983
v 0.020264 0.577117 0.567004
v 0.025977 0.577117 0.540983
v -0.025977 0.577117 0.068360
v -0.025977 0.577117 0.567004
v 0.025977 0.577118 0.826324
v 0.020264 0.525164 0.567004
v 0.020264 0.577117 0.567004
v 0.025977 0.525164 0.826324
v -0.025977 0.525164 0.826324
v -0.025977 0.525164 0.567004
v 0.025977 0.525164 0.826324
v -0.025977 0.525164 0.826324
v -0.025977 0.577117 0.567004
v -0.025977 0.525164 0.567004
v -0.025977 0.577118 0.826324
v -0.017867 0.525164 0.847792
v -0.025977 0.577118 0.826324
v -0.025977 0.525164 0.826324
v -0.017867 0.577118 0.847792
v 0.025977 0.525164 0.826324
v -0.017867 0.525164 0.847792
v -0.025977 0.525164 0.826324
v 0.025977 0.525164 0.847792
v -0.025977 0.577118 0.826324
v 0.025977 0.577118 0.826324
v -0.017867 0.577118 0.847792
v 0.023639 0.563084 1.028234
v -0.023369 0.000000 1.028234
v 0.023639 0.000000 1.028234
v 0.023639 0.563084 0.982347
v 0.023639 0.000000 1.028234
v 0.023639 0.000000 0.982347
v 0.023639 0.000000 0.982347
v -0.023369 0.563084 0.982347
v 0.023639 0.563084 0.982347
v -0.023369 0.000000 0.982347
v -0.023369 0.000000 1.028234
v -0.023369 0.563084 0.982347
v -0.023369 0.000000 0.982347
v -0.023369 0.563084 1.028234
v 0.023275 0.587628 0.047070
v -0.023734 0.000000 0.047070
v 0.023275 0.000000 0.047070
v -0.023734 0.587628 0.047070
v 0.023275 0.587628 0.000061
v 0.023275 0.000000 0.047070
v 0.023275 0.000000 0.000061
v 0.023275 0.587628 0.047070
v 0.023275 0.000000 0.000061
v -0.023734 0.587628 0.000061
v 0.023275 0.587628 0.000061
v -0.023734 0.000000 0.000061
v -0.023734 0.000000 0.047070
v -0.023734 0.587628 0.000061
v -0.023734 0.000000 0.000061
v -0.023734 0.587628 0.047070
v -0.023734 0.565475 0.194015
v 0.023275 0.565475 0.241023
v 0.023275 0.565475 0.194015
v -0.023734 0.565475 0.241023
v 0.023275 0.565475 0.241023
v -0.023734 0.000000 0.241023
v 0.023275 0.000000 0.241023
v -0.023734 0.565475 0.241023
v 0.023275 0.565475 0.194015
v 0.023275 0.000000 0.241023
v 0.023275 0.000000 0.194015
v 0.023275 0.565475 0.241023
v 0.023275 0.000000 0.194015
v -0.023734 0.565475 0.194015
v 0.023275 0.565475 0.194015
v -0.023734 0.000000 0.194015
v -0.023734 0.000000 0.241023
v -0.023734 0.565475 0.194015
v -0.023734 0.000000 0.194015
v -0.023734 0.565475 0.241023
v 0.025977 0.525164 1.030268
v -0.025977 0.577118 1.030268
v -0.025977 0.525164 1.030268
v 0.025977 0.577118 1.030268
v -0.025977 0.525164 -0.004750
v -0.025977 0.577117 -0.004750
v 0.025977 0.577117 -0.004750
v 0.025977 0.525164 -0.004750
v 0.025977 0.577118 1.030268
v 0.025977 0.577118 0.847792
v -0.025977 0.577118 1.030268
v 0.025977 0.577118 0.847792
v 0.025977 0.525164 0.826324
v 0.025977 0.577118 0.826324
v 0.025977 0.525164 0.847792
v 0.025977 0.577118 1.030268
v 0.025977 0.525164 1.030268
v 0.025977 0.525164 1.030268
v -0.017867 0.525164 0.847792
v 0.025977 0.525164 0.847792
v -0.025977 0.525164 1.030268
v -0.025977 0.525164 1.030268
v -0.017867 0.577118 0.847792
v -0.017867 0.525164 0.847792
v -0.025977 0.577118 1.030268
v -0.021079 -0.577117 0.053440
v -0.025977 -0.525163 0.068360
v -0.021079 -0.525163 0.053440
v -0.025977 -0.577117 0.068360
v 0.025977 -0.577117 -0.004749
v -0.021079 -0.577117 0.053440
v -0.025977 -0.577117 -0.004749
v 0.025977 -0.577117 0.053440
v 0.025977 -0.577117 0.068360
v -0.025977 -0.577117 0.068360
v 0.025977 -0.525163 0.053440
v 0.025977 -0.577117 0.068360
v 0.025977 -0.577117 0.053440
v 0.025977 -0.525163 -0.004749
v 0.025977 -0.577117 -0.004749
v 0.025977 -0.525163 -0.004749
v -0.021079 -0.525163 0.053440
v 0.025977 -0.525163 0.053440
v -0.025977 -0.525163 -0.004749
v 0.025977 -0.525163 0.068360
v -0.025977 -0.577117 -0.004749
v -0.021079 -0.525163 0.053440
v -0.025977 -0.525163 -0.004749
v -0.021079 -0.577117 0.053440
v 0.025977 -0.525163 0.540983
v 0.020264 -0.577117 0.567004
v 0.025977 -0.577117 0.540983
v 0.020264 -0.525163 0.567004
v -0.025977 -0.577117 0.540983
v -0.025977 -0.525163 0.567004
v -0.025977 -0.525163 0.540983
v -0.025977 -0.577117 0.068360
v -0.025977 -0.525163 0.068360
v -0.025977 -0.525163 0.068360
v -0.025977 -0.525163 0.540983
v 0.020264 -0.525163 0.567004
v 0.025977 -0.525163 0.540983
v 0.025977 -0.525163 0.068360
v 0.025977 -0.577117 0.540983
v 0.025977 -0.525163 0.540983
v -0.025977 -0.577117 0.540983
v 0.020264 -0.577117 0.567004
v -0.025977 -0.577117 0.567004
v 0.025977 -0.577117 0.540983
v -0.025977 -0.577117 0.826325
v 0.025977 -0.577117 0.826324
v 0.020264 -0.525163 0.567004
v 0.025977 -0.577117 0.826324
v 0.020264 -0.577117 0.567004
v 0.025977 -0.525163 0.826324
v -0.025977 -0.525163 0.826324
v 0.025977 -0.525163 0.826324
v -0.025977 -0.525163 0.567004
v -0.025977 -0.577117 0.567004
v -0.025977 -0.525163 0.826324
v -0.025977 -0.577117 0.826325
v -0.025977 -0.577117 0.826325
v -0.017867 -0.525163 0.847792
v -0.025977 -0.525163 0.826324
v -0.017867 -0.577117 0.847792
v -0.017867 -0.525163 0.847792
v 0.025977 -0.525163 0.826324
v -0.025977 -0.525163 0.826324
v 0.025977 -0.525163 0.847792
v 0.025977 -0.525163 0.826324
v 0.025977 -0.577117 0.847792
v 0.025977 -0.577117 0.826324
v 0.025977 -0.577117 0.826324
v -0.017867 -0.577117 0.847792
v -0.025977 -0.577117 0.826325
v 0.025977 -0.577117 0.847792
v 0.023639 -0.563083 1.028234
v -0.023369 -0.563083 1.028234
v -0.023369 0.563084 1.028234
v 0.023639 -0.563083 0.982347
v 0.023639 -0.563083 1.028234
v 0.023639 0.563084 1.028234
v -0.023369 -0.563083 0.982347
v -0.023369 0.000000 0.982347
v 0.023639 0.000000 0.982347
v 0.023639 -0.563083 0.982347
v -0.023369 -0.563083 0.982347
v -0.023369 0.000000 1.028234
v -0.023369 0.000000 0.982347
v -0.023369 -0.563083 1.028234
v 0.023275 -0.587627 0.047070
v -0.023734 0.000000 0.047070
v -0.023734 -0.587627 0.047070
v 0.023275 0.000000 0.047070
v 0.023275 0.000000 0.047070
v 0.023275 -0.587627 0.047070
v 0.023275 -0.587628 0.000062
v 0.023275 0.000000 0.000061
v -0.023734 -0.587628 0.000062
v -0.023734 0.000000 0.000061
v 0.023275 0.000000 0.000061
v 0.023275 -0.587628 0.000062
v -0.023734 -0.587628 0.000062
v -0.023734 0.000000 0.047070
v -0.023734 0.000000 0.000061
v -0.023734 -0.587627 0.047070
v 0.023275 -0.565475 0.241023
v -0.023734 -0.565475 0.194015
v 0.023275 -0.565475 0.194015
v -0.023734 -0.565475 0.241023
v 0.023275 -0.565475 0.241023
v -0.023734 0.000000 0.241023
v -0.023734 -0.565475 0.241023
v 0.023275 0.000000 0.241023
v 0.023275 0.000000 0.241023
v 0.023275 -0.565475 0.241023
v 0.023275 -0.565475 0.194015
v 0.023275 0.000000 0.194015
v -0.023734 -0.565475 0.194015
v -0.023734 0.000000 0.194015
v 0.023275 0.000000 0.194015
v 0.023275 -0.565475 0.194015
v -0.023734 -0.565475 0.194015
v -0.023734 0.000000 0.241023
v -0.023734 0.000000 0.194015
v -0.023734 -0.565475 0.241023
v 0.025977 -0.525163 1.030268
v -0.025977 -0.577117 1.030268
v 0.025977 -0.577117 1.030268
v -0.025977 -0.525163 1.030268
v 0.025977 -0.577117 -0.004749
v -0.025977 -0.525163 -0.004749
v 0.025977 -0.525163 -0.004749
v -0.025977 -0.577117 -0.004749
v -0.017867 -0.577117 0.847792
v 0.025977 -0.577117 1.030268
v -0.025977 -0.577117 1.030268
v 0.025977 -0.577117 0.847792
v 0.025977 -0.525163 0.847792
v 0.025977 -0.577117 1.030268
v 0.025977 -0.525163 1.030268
v -0.017867 -0.525163 0.847792
v 0.025977 -0.525163 1.030268
v 0.025977 -0.525163 0.847792
v -0.025977 -0.525163 1.030268
v -0.017867 -0.577117 0.847792
v -0.025977 -0.525163 1.030268
v -0.017867 -0.525163 0.847792
v -0.025977 -0.577117 1.030268
v -0.159948 0.559100 0.042277
v -0.159948 0.528612 0.042277
v -0.135191 0.528612 0.042277
v -0.135191 0.573668 0.042277
v -0.159948 0.528612 0.042277
v -0.175840 0.528612 -0.002779
v -0.148340 0.528612 -0.002779
v -0.135191 0.528612 0.042277
v -0.175840 0.559100 -0.002779
v -0.148340 0.528612 -0.002779
v -0.175840 0.528612 -0.002779
v -0.148340 0.573668 -0.002779
v -0.159948 0.559100 0.042277
v -0.148340 0.573668 -0.002779
v -0.175840 0.559100 -0.002779
v -0.135191 0.573668 0.042277
v -0.159948 0.559100 0.042277
v -0.409600 0.528613 0.042277
v -0.159948 0.528612 0.042277
v -0.409600 0.573669 0.042277
v -0.159948 0.528612 0.042277
v -0.409600 0.528613 0.042277
v -0.175840 0.528612 -0.002779
v -0.453138 0.528613 -0.002779
v -0.175840 0.528612 -0.002779
v -0.453138 0.528613 -0.002779
v -0.175840 0.559100 -0.002779
v -0.453138 0.573669 -0.002779
v -0.409600 0.573669 0.042277
v -0.175840 0.559100 -0.002779
v -0.453138 0.573669 -0.002779
v -0.159948 0.559100 0.042277
v 0.194930 0.530885 0.493002
v 0.155463 0.530885 0.500725
v 0.155463 0.530885 0.468838
v 0.194930 0.530885 0.468838
v 0.155463 0.569649 0.468838
v 0.194930 0.569649 0.493002
v 0.194930 0.569649 0.468838
v 0.155463 0.569649 0.500725
v 0.194930 0.530885 0.493002
v 0.234397 0.569649 0.500725
v 0.194930 0.569649 0.493002
v 0.234397 0.530885 0.500725
v 0.155463 0.530885 0.500725
v 0.017886 0.530885 0.500725
v 0.017886 0.530885 0.468838
v 0.155463 0.530885 0.468838
v 0.017886 0.569650 0.468838
v 0.155463 0.569649 0.500725
v 0.155463 0.569649 0.468838
v 0.017886 0.569650 0.500725
v 0.155463 0.530885 0.468838
v 0.017886 0.530885 0.468838
v 0.155463 0.569649 0.468838
v 0.194930 0.569649 0.468838
v 0.017886 0.569650 0.468838
v 0.155463 0.530885 0.500725
v 0.194930 0.569649 0.493002
v 0.155463 0.569649 0.500725
v 0.194930 0.530885 0.493002
v 0.177536 0.564840 0.794432
v 0.177536 0.536253 0.794432
v 0.172796 0.536253 0.781484
v 0.172796 0.564840 0.781484
v 0.157103 0.536253 0.821039
v 0.172796 0.536253 0.781484
v 0.177536 0.536253 0.794432
v 0.172812 0.536253 0.825807
v 0.157103 0.564840 0.821039
v 0.157103 0.536253 0.821039
v 0.172812 0.536253 0.825807
v 0.172812 0.564840 0.825807
v 0.177536 0.564840 0.794432
v 0.157103 0.564840 0.821039
v 0.172812 0.564840 0.825807
v 0.172796 0.564840 0.781484
v 0.056810 0.536253 0.644852
v 0.061866 0.564840 0.629999
v 0.061866 0.536253 0.629999
v 0.056810 0.564840 0.644852
v 0.099363 0.536253 0.644852
v 0.061866 0.536253 0.629999
v 0.099363 0.536253 0.629999
v 0.061866 0.564840 0.629999
v 0.099363 0.564840 0.644852
v 0.099363 0.564840 0.629999
v 0.056810 0.564840 0.644852
v 0.099363 0.564840 0.644852
v 0.099363 0.536253 0.629999
v 0.099363 0.564840 0.629999
v 0.218746 0.577117 -0.004750
v 0.270700 0.577117 0.668722
v 0.270700 0.577117 -0.004750
v 0.218746 0.577117 0.681212
v 0.218746 0.525164 -0.004750
v 0.218746 0.577117 0.681212
v 0.218746 0.577117 -0.004750
v 0.218746 0.525164 -0.004750
v 0.270700 0.525164 0.668722
v 0.218746 0.525164 0.681212
v 0.270700 0.577117 -0.004750
v 0.270700 0.525164 0.668722
v 0.270700 0.525164 -0.004750
v 0.270700 0.577117 0.668722
v 0.270700 0.577117 0.668722
v 0.259082 0.525164 0.695656
v 0.270700 0.525164 0.668722
v 0.259082 0.577117 0.695656
v 0.270700 0.525164 -0.004750
v 0.259082 0.525164 0.695656
v 0.218746 0.525164 0.708830
v 0.218746 0.525164 0.681212
v 0.218746 0.577117 0.708830
v 0.218746 0.577117 0.681212
v 0.259082 0.577117 0.695656
v 0.270700 0.577117 0.668722
v 0.218746 0.577117 0.708830
v 0.234397 0.530885 0.500725
v 0.234397 0.530885 0.468838
v 0.234397 0.569649 0.468838
v 0.234397 0.569649 0.500725
v 0.099363 0.536253 0.492354
v 0.099363 0.564840 0.492354
v 0.099363 0.536253 0.644852
v 0.061866 0.564840 0.629999
v 0.099363 0.564840 0.492354
v 0.056810 0.564840 0.492354
v 0.099363 0.564840 0.629999
v 0.099363 0.536253 0.492354
v 0.056810 0.536253 0.492354
v 0.056810 0.536253 0.644852
v 0.061866 0.536253 0.629999
v 0.056810 0.564840 0.492354
v 0.056810 0.536253 0.492354
v 0.061866 0.564840 0.629999
v 0.235899 0.564840 0.799200
v 0.172812 0.564840 0.825807
v 0.235899 0.564840 0.844956
v 0.177536 0.564840 0.794432
v 0.235899 0.564840 0.844956
v 0.172812 0.564840 0.825807
v 0.235899 0.536253 0.844956
v 0.172812 0.536253 0.825807
v 0.235899 0.536253 0.844956
v 0.172812 0.536253 0.825807
v 0.235899 0.536253 0.799200
v 0.177536 0.536253 0.794432
v 0.087411 0.536253 0.768754
v 0.172796 0.536253 0.781484
v 0.157103 0.536253 0.821039
v 0.120083 0.536253 0.741489
v 0.172796 0.536253 0.781484
v 0.120083 0.536253 0.741489
v 0.172796 0.564840 0.781484
v 0.120083 0.564840 0.741489
v 0.172796 0.564840 0.781484
v 0.087411 0.564840 0.768754
v 0.157103 0.564840 0.821039
v 0.120083 0.564840 0.741489
v 0.235899 0.536253 0.799200
v 0.177536 0.536253 0.794432
v 0.235899 0.564840 0.799200
v 0.177536 0.564840 0.794432
v 0.120083 0.564840 0.741489
v 0.057347 0.564840 0.703648
v 0.087411 0.564840 0.768754
v 0.098826 0.564840 0.694146
v 0.087411 0.536253 0.768754
v 0.057347 0.564840 0.703648
v 0.057347 0.536253 0.703648
v 0.087411 0.564840 0.768754
v 0.120083 0.536253 0.741489
v 0.057347 0.536253 0.703648
v 0.098826 0.536253 0.694146
v 0.087411 0.536253 0.768754
v 0.157103 0.564840 0.821039
v 0.087411 0.564840 0.768754
v 0.157103 0.536253 0.821039
v 0.087411 0.536253 0.768754
v 0.056810 0.564840 0.644852
v 0.098826 0.564840 0.694146
v 0.099363 0.564840 0.644852
v 0.057347 0.564840 0.703648
v 0.057347 0.536253 0.703648
v 0.056810 0.564840 0.644852
v 0.056810 0.536253 0.644852
v 0.057347 0.564840 0.703648
v 0.098826 0.536253 0.694146
v 0.057347 0.536253 0.703648
v 0.056810 0.536253 0.644852
v 0.099363 0.536253 0.644852
v 0.098826 0.564840 0.694146
v 0.098826 0.536253 0.694146
v 0.099363 0.536253 0.644852
v 0.099363 0.564840 0.644852
v 0.120083 0.564840 0.741489
v 0.120083 0.536253 0.741489
v 0.098826 0.536253 0.694146
v 0.098826 0.564840 0.694146
v 0.017886 0.530885 0.500725
v 0.155463 0.569649 0.500725
v 0.017886 0.569650 0.500725
v 0.155463 0.530885 0.500725
v 0.194930 0.530885 0.468838
v 0.234397 0.569649 0.468838
v 0.234397 0.530885 0.468838
v 0.234397 0.569649 0.468838
v 0.194930 0.569649 0.493002
v 0.234397 0.569649 0.500725
v 0.194930 0.569649 0.468838
v 0.234397 0.530885 0.468838
v 0.194930 0.530885 0.493002
v 0.194930 0.530885 0.468838
v 0.234397 0.530885 0.500725
v 0.270700 0.577118 0.931809
v 0.218746 0.577118 0.950981
v 0.218746 0.525164 0.950981
v 0.270700 0.525164 0.931809
v 0.270700 0.525164 -0.004750
v 0.218746 0.577117 -0.004750
v 0.270700 0.577117 -0.004750
v 0.218746 0.525164 -0.004750
v 0.270700 0.577118 0.931809
v 0.218746 0.577117 0.708830
v 0.218746 0.577118 0.950981
v 0.259082 0.577117 0.695656
v 0.218746 0.525164 0.708830
v 0.218746 0.577118 0.950981
v 0.218746 0.525164 0.950981
v 0.270700 0.525164 0.931809
v 0.218746 0.525164 0.950981
v 0.259082 0.577117 0.695656
v 0.270700 0.525164 0.931809
v 0.259082 0.525164 0.695656
v 0.270700 0.577118 0.931809
v 0.019352 0.567842 0.202093
v 0.019352 0.534439 0.235496
v 0.019352 0.567842 0.235496
v 0.019352 0.534439 0.202093
v 0.301843 0.534439 0.235496
v 0.301843 0.534439 0.202093
v 0.301843 0.567842 0.202093
v 0.301843 0.567842 0.235496
v 0.019352 0.567842 0.235496
v 0.301843 0.567842 0.235496
v 0.301843 0.567842 0.202093
v 0.019352 0.567842 0.202093
v 0.301843 0.534439 0.202093
v 0.019352 0.534439 0.202093
v 0.019352 0.567842 0.202093
v 0.301843 0.567842 0.202093
v 0.301843 0.534439 0.202093
v 0.019352 0.534439 0.235496
v 0.019352 0.534439 0.202093
v 0.301843 0.534439 0.235496
v 0.301843 0.534439 0.235496
v 0.019352 0.567842 0.235496
v 0.019352 0.534439 0.235496
v 0.301843 0.567842 0.235496
v 0.409600 0.528613 0.042277
v 0.453138 0.528613 -0.002779
v 0.453138 0.573669 -0.002779
v 0.409600 0.573669 0.042277
v 0.009604 0.573668 -0.002779
v 0.409600 0.573669 0.042277
v 0.453138 0.573669 -0.002779
v 0.009604 0.573668 0.042277
v 0.453138 0.528613 -0.002779
v 0.009604 0.528612 -0.002779
v 0.009604 0.573668 -0.002779
v 0.453138 0.573669 -0.002779
v 0.409600 0.528613 0.042277
v 0.009604 0.528612 0.042277
v 0.009604 0.528612 -0.002779
v 0.453138 0.528613 -0.002779
v 0.409600 0.528613 0.042277
v 0.009604 0.573668 0.042277
v 0.009604 0.528612 0.042277
v 0.409600 0.573669 0.042277
v 0.456837 0.526885 0.863750
v 0.430040 0.526885 0.823312
v 0.430040 0.575396 0.823312
v 0.456837 0.575396 0.863750
v -0.023295 0.575396 0.987747
v 0.001087 0.526885 1.028869
v 0.001087 0.575396 1.028869
v -0.023295 0.526885 0.987747
v 0.001087 0.575396 1.028869
v 0.430040 0.575396 0.823312
v -0.023295 0.575396 0.987747
v 0.456837 0.575396 0.863750
v 0.456837 0.575396 0.863750
v 0.001087 0.575396 1.028869
v 0.001087 0.526885 1.028869
v 0.456837 0.526885 0.863750
v 0.430040 0.526885 0.823312
v 0.001087 0.526885 1.028869
v -0.023295 0.526885 0.987747
v 0.456837 0.526885 0.863750
v 0.430040 0.575396 0.823312
v -0.023295 0.526885 0.987747
v -0.023295 0.575396 0.987747
v 0.430040 0.526885 0.823312
v -0.155463 0.530885 0.468838
v -0.194930 0.530885 0.493002
v -0.194930 0.530885 0.468838
v -0.155463 0.530885 0.500725
v -0.194930 0.569649 0.493002
v -0.155463 0.569649 0.500725
v -0.155463 0.569649 0.468838
v -0.194930 0.569649 0.468838
v -0.155463 0.530885 0.468838
v -0.194930 0.569649 0.468838
v -0.155463 0.569649 0.468838
v -0.194930 0.530885 0.468838
v -0.194930 0.530885 0.493002
v -0.234397 0.569649 0.500725
v -0.234397 0.530885 0.500725
v -0.194930 0.569649 0.493002
v -0.017886 0.530885 0.468838
v -0.155463 0.530885 0.500725
v -0.155463 0.530885 0.468838
v -0.017886 0.530885 0.500725
v -0.155463 0.569649 0.500725
v -0.017886 0.569650 0.500725
v -0.017886 0.569650 0.468838
v -0.155463 0.569649 0.468838
v -0.017886 0.530885 0.468838
v -0.155463 0.530885 0.468838
v -0.155463 0.569649 0.468838
v -0.017886 0.569650 0.468838
v -0.155463 0.530885 0.500725
v -0.194930 0.569649 0.493002
v -0.194930 0.530885 0.493002
v -0.155463 0.569649 0.500725
v -0.172796 0.536253 0.781484
v -0.177536 0.564840 0.794432
v -0.172796 0.564840 0.781484
v -0.177536 0.536253 0.794432
v -0.172796 0.536253 0.781484
v -0.157103 0.536253 0.821039
v -0.177536 0.536253 0.794432
v -0.172812 0.536253 0.825807
v -0.157103 0.564840 0.821039
v -0.172812 0.536253 0.825807
v -0.157103 0.536253 0.821039
v -0.172812 0.564840 0.825807
v -0.157103 0.564840 0.821039
v -0.177536 0.564840 0.794432
v -0.172812 0.564840 0.825807
v -0.172796 0.564840 0.781484
v -0.056810 0.564840 0.644852
v -0.056810 0.536253 0.644852
v -0.061866 0.564840 0.629999
v -0.061866 0.536253 0.629999
v -0.056810 0.536253 0.644852
v -0.099363 0.536253 0.644852
v -0.061866 0.536253 0.629999
v -0.099363 0.536253 0.629999
v -0.099363 0.564840 0.644852
v -0.061866 0.564840 0.629999
v -0.099363 0.564840 0.629999
v -0.056810 0.564840 0.644852
v -0.099363 0.536253 0.644852
v -0.099363 0.564840 0.644852
v -0.099363 0.536253 0.629999
v -0.218746 0.525164 -0.004750
v -0.270700 0.525164 0.668722
v -0.270700 0.525164 -0.004750
v -0.270700 0.525164 0.668722
v -0.270700 0.577117 -0.004750
v -0.270700 0.525164 -0.004750
v -0.270700 0.577117 0.668722
v -0.259082 0.525164 0.695656
v -0.259082 0.577117 0.695656
v -0.270700 0.577117 0.668722
v -0.270700 0.525164 0.668722
v -0.218746 0.525164 0.681212
v -0.259082 0.525164 0.695656
v -0.218746 0.577117 0.681212
v -0.218746 0.525164 -0.004750
v -0.218746 0.577117 -0.004750
v -0.218746 0.525164 0.681212
v -0.270700 0.577117 0.668722
v -0.218746 0.577117 -0.004750
v -0.270700 0.577117 -0.004750
v -0.218746 0.577117 0.681212
v -0.259082 0.577117 0.695656
v -0.234397 0.530885 0.500725
v -0.234397 0.569649 0.468838
v -0.234397 0.530885 0.468838
v -0.234397 0.569649 0.500725
v -0.099363 0.564840 0.629999
v -0.099363 0.564840 0.492354
v -0.099363 0.536253 0.492354
v -0.061866 0.564840 0.629999
v -0.056810 0.564840 0.492354
v -0.099363 0.564840 0.492354
v -0.099363 0.564840 0.629999
v -0.099363 0.536253 0.492354
v -0.061866 0.536253 0.629999
v -0.099363 0.536253 0.629999
v -0.056810 0.536253 0.492354
v -0.061866 0.536253 0.629999
v -0.056810 0.536253 0.492354
v -0.056810 0.564840 0.492354
v -0.061866 0.564840 0.629999
v -0.235899 0.564840 0.799200
v -0.172812 0.564840 0.825807
v -0.177536 0.564840 0.794432
v -0.235899 0.564840 0.844956
v -0.172812 0.564840 0.825807
v -0.235899 0.564840 0.844956
v -0.235899 0.536253 0.844956
v -0.172812 0.536253 0.825807
v -0.172812 0.536253 0.825807
v -0.235899 0.536253 0.844956
v -0.235899 0.536253 0.799200
v -0.177536 0.536253 0.794432
v -0.087411 0.536253 0.768754
v -0.157103 0.536253 0.821039
v -0.172796 0.536253 0.781484
v -0.120083 0.536253 0.741489
v -0.120083 0.536253 0.741489
v -0.172796 0.536253 0.781484
v -0.172796 0.564840 0.781484
v -0.120083 0.564840 0.741489
v -0.087411 0.564840 0.768754
v -0.172796 0.564840 0.781484
v -0.157103 0.564840 0.821039
v -0.120083 0.564840 0.741489
v -0.177536 0.536253 0.794432
v -0.235899 0.536253 0.799200
v -0.235899 0.564840 0.799200
v -0.177536 0.564840 0.794432
v -0.057347 0.564840 0.703648
v -0.120083 0.564840 0.741489
v -0.087411 0.564840 0.768754
v -0.098826 0.564840 0.694146
v -0.057347 0.564840 0.703648
v -0.087411 0.536253 0.768754
v -0.057347 0.536253 0.703648
v -0.087411 0.564840 0.768754
v -0.057347 0.536253 0.703648
v -0.087411 0.536253 0.768754
v -0.120083 0.536253 0.741489
v -0.098826 0.536253 0.694146
v -0.087411 0.564840 0.768754
v -0.157103 0.536253 0.821039
v -0.087411 0.536253 0.768754
v -0.157103 0.564840 0.821039
v -0.056810 0.564840 0.644852
v -0.098826 0.564840 0.694146
v -0.057347 0.564840 0.703648
v -0.099363 0.564840 0.644852
v -0.056810 0.564840 0.644852
v -0.057347 0.536253 0.703648
v -0.056810 0.536253 0.644852
v -0.057347 0.564840 0.703648
v -0.056810 0.536253 0.644852
v -0.098826 0.536253 0.694146
v -0.099363 0.536253 0.644852
v -0.057347 0.536253 0.703648
v -0.099363 0.536253 0.644852
v -0.098826 0.564840 0.694146
v -0.099363 0.564840 0.644852
v -0.098826 0.536253 0.694146
v -0.098826 0.536253 0.694146
v -0.120083 0.564840 0.741489
v -0.098826 0.564840 0.694146
v -0.120083 0.536253 0.741489
v -0.017886 0.530885 0.500725
v -0.155463 0.569649 0.500725
v -0.155463 0.530885 0.500725
v -0.017886 0.569650 0.500725
v -0.194930 0.530885 0.468838
v -0.234397 0.569649 0.468838
v -0.194930 0.569649 0.468838
v -0.234397 0.530885 0.468838
v -0.234397 0.569649 0.468838
v -0.194930 0.569649 0.493002
v -0.194930 0.569649 0.468838
v -0.234397 0.569649 0.500725
v -0.234397 0.530885 0.468838
v -0.194930 0.530885 0.493002
v -0.234397 0.530885 0.500725
v -0.194930 0.530885 0.468838
v -0.218746 0.525164 0.950981
v -0.270700 0.577118 0.931809
v -0.270700 0.525164 0.931809
v -0.218746 0.577118 0.950981
v -0.270700 0.525164 -0.004750
v -0.270700 0.577117 -0.004750
v -0.218746 0.577117 -0.004750
v -0.218746 0.525164 -0.004750
v -0.218746 0.577117 0.708830
v -0.270700 0.577118 0.931809
v -0.218746 0.577118 0.950981
v -0.218746 0.577117 0.708830
v -0.218746 0.525164 0.708830
v -0.218746 0.577118 0.950981
v -0.218746 0.525164 0.950981
v -0.218746 0.525164 0.708830
v -0.270700 0.525164 0.931809
v -0.218746 0.525164 0.950981
v -0.270700 0.525164 0.931809
v -0.259082 0.577117 0.695656
v -0.259082 0.525164 0.695656
v -0.270700 0.577118 0.931809
v -0.019352 0.567842 0.202093
v -0.019352 0.534439 0.235496
v -0.019352 0.534439 0.202093
v -0.019352 0.567842 0.235496
v -0.256268 0.567842 0.202093
v -0.019352 0.567842 0.235496
v -0.019352 0.567842 0.202093
v -0.256268 0.567842 0.235496
v -0.019352 0.534439 0.202093
v -0.256268 0.534439 0.202093
v -0.019352 0.567842 0.202093
v -0.256268 0.567842 0.202093
v -0.019352 0.534439 0.235496
v -0.256268 0.534439 0.202093
v -0.019352 0.534439 0.202093
v -0.256268 0.534439 0.235496
v -0.019352 0.567842 0.235496
v -0.256268 0.534439 0.235496
v -0.019352 0.534439 0.235496
v -0.256268 0.567842 0.235496
v -0.409600 0.528613 0.042277
v -0.453138 0.573669 -0.002779
v -0.453138 0.528613 -0.002779
v -0.409600 0.573669 0.042277
v -0.135191 0.573668 0.042277
v -0.016451 0.573668 -0.002779
v -0.148340 0.573668 -0.002779
v -0.016451 0.573668 0.042277
v -0.016451 0.528612 -0.002779
v -0.148340 0.528612 -0.002779
v -0.016451 0.573668 -0.002779
v -0.148340 0.573668 -0.002779
v -0.016451 0.528612 0.042277
v -0.135191 0.528612 0.042277
v -0.016451 0.528612 -0.002779
v -0.148340 0.528612 -0.002779
v -0.016451 0.573668 0.042277
v -0.135191 0.573668 0.042277
v -0.016451 0.528612 0.042277
v -0.135191 0.528612 0.042277
v -0.456837 0.526885 0.863750
v -0.430040 0.575396 0.823312
v -0.430040 0.526885 0.823312
v -0.456837 0.575396 0.863750
v 0.023295 0.575396 0.987747
v -0.001087 0.526885 1.028869
v 0.023295 0.526885 0.987747
v -0.001087 0.575396 1.028869
v -0.456837 0.575396 0.863750
v -0.001087 0.575396 1.028869
v -0.430040 0.575396 0.823312
v 0.023295 0.575396 0.987747
v -0.001087 0.526885 1.028869
v -0.456837 0.575396 0.863750
v -0.456837 0.526885 0.863750
v -0.001087 0.575396 1.028869
v -0.001087 0.526885 1.028869
v -0.430040 0.526885 0.823312
v 0.023295 0.526885 0.987747
v -0.456837 0.526885 0.863750
v -0.430040 0.575396 0.823312
v 0.023295 0.526885 0.987747
v -0.430040 0.526885 0.823312
v 0.023295 0.575396 0.987747
v -0.135191 -0.528612 0.042278
v -0.159948 -0.559100 0.042278
v -0.135191 -0.573668 0.042278
v -0.159948 -0.528612 0.042278
v -0.159948 -0.528612 0.042278
v -0.148340 -0.528612 -0.002779
v -0.175840 -0.528612 -0.002779
v -0.135191 -0.528612 0.042278
v -0.175840 -0.559100 -0.002779
v -0.148340 -0.528612 -0.002779
v -0.148340 -0.573668 -0.002779
v -0.148340 -0.573668 -0.002779
v -0.159948 -0.559100 0.042278
v -0.175840 -0.559100 -0.002779
v -0.135191 -0.573668 0.042278
v -0.159948 -0.559100 0.042278
v -0.409600 -0.528612 0.042278
v -0.409600 -0.573668 0.042278
v -0.159948 -0.528612 0.042278
v -0.409600 -0.528612 0.042278
v -0.159948 -0.528612 0.042278
v -0.175840 -0.528612 -0.002779
v -0.453138 -0.528612 -0.002778
v -0.175840 -0.559100 -0.002779
v -0.453138 -0.573668 -0.002778
v -0.453138 -0.528612 -0.002778
v -0.175840 -0.528612 -0.002779
v -0.175840 -0.559100 -0.002779
v -0.409600 -0.573668 0.042278
v -0.453138 -0.573668 -0.002778
v -0.159948 -0.559100 0.042278
v 0.155463 -0.530885 0.468838
v 0.194930 -0.530885 0.493002
v 0.194930 -0.530885 0.468838
v 0.155463 -0.530885 0.500725
v 0.194930 -0.569649 0.493002
v 0.155463 -0.569649 0.500725
v 0.155463 -0.569649 0.468838
v 0.194930 -0.569649 0.468838
v 0.194930 -0.569649 0.468838
v 0.155463 -0.569649 0.468838
v 0.155463 -0.530885 0.468838
v 0.194930 -0.530885 0.468838
v 0.234397 -0.569649 0.500725
v 0.194930 -0.530885 0.493002
v 0.194930 -0.569649 0.493002
v 0.234397 -0.530885 0.500725
v 0.017886 -0.530885 0.468838
v 0.155463 -0.530885 0.500725
v 0.155463 -0.530885 0.468838
v 0.017886 -0.530885 0.500725
v 0.155463 -0.569649 0.500725
v 0.017886 -0.569649 0.500725
v 0.017886 -0.569649 0.468838
v 0.155463 -0.569649 0.468838
v 0.155463 -0.569649 0.468838
v 0.017886 -0.569649 0.468838
v 0.017886 -0.530885 0.468838
v 0.155463 -0.530885 0.468838
v 0.194930 -0.569649 0.493002
v 0.155463 -0.530885 0.500725
v 0.155463 -0.569649 0.500725
v 0.194930 -0.530885 0.493002
v 0.172796 -0.536252 0.781484
v 0.177536 -0.564839 0.794432
v 0.172796 -0.564839 0.781484
v 0.177536 -0.536252 0.794432
v 0.172796 -0.536252 0.781484
v 0.157103 -0.536252 0.821039
v 0.177536 -0.536252 0.794432
v 0.172812 -0.536252 0.825807
v 0.172812 -0.536252 0.825807
v 0.157103 -0.564839 0.821039
v 0.172812 -0.564839 0.825807
v 0.157103 -0.536252 0.821039
v 0.157103 -0.564839 0.821039
v 0.177536 -0.564839 0.794432
v 0.172812 -0.564839 0.825807
v 0.056810 -0.564840 0.644852
v 0.056810 -0.536252 0.644852
v 0.061866 -0.564840 0.629999
v 0.061866 -0.536252 0.629999
v 0.056810 -0.536252 0.644852
v 0.099363 -0.536252 0.644852
v 0.061866 -0.536252 0.629999
v 0.099363 -0.536252 0.629999
v 0.099363 -0.564840 0.644852
v 0.061866 -0.564840 0.629999
v 0.099363 -0.564840 0.629999
v 0.099363 -0.536252 0.644852
v 0.099363 -0.564840 0.644852
v 0.099363 -0.536252 0.629999
v 0.218746 -0.525163 -0.004749
v 0.270700 -0.525163 0.668722
v 0.270700 -0.525163 -0.004749
v 0.218746 -0.525163 0.681212
v 0.270700 -0.525163 0.668722
v 0.270700 -0.577117 -0.004749
v 0.270700 -0.525163 -0.004749
v 0.270700 -0.577117 0.668722
v 0.259082 -0.525163 0.695656
v 0.259082 -0.577117 0.695656
v 0.270700 -0.577117 0.668722
v 0.270700 -0.525163 0.668722
v 0.218746 -0.525163 0.681212
v 0.259082 -0.525163 0.695656
v 0.270700 -0.525163 0.668722
v 0.218746 -0.525163 0.708830
v 0.218746 -0.577117 0.681212
v 0.218746 -0.525163 -0.004749
v 0.218746 -0.577117 -0.004749
v 0.218746 -0.525163 0.681212
v 0.270700 -0.577117 0.668722
v 0.218746 -0.577117 -0.004749
v 0.270700 -0.577117 -0.004749
v 0.218746 -0.577117 0.681212
v 0.259082 -0.577117 0.695656
v 0.234397 -0.530885 0.500725
v 0.234397 -0.569649 0.468838
v 0.234397 -0.530885 0.468838
v 0.234397 -0.569649 0.500725
v 0.099363 -0.564840 0.629999
v 0.099363 -0.564840 0.492354
v 0.099363 -0.536252 0.492354
v 0.056810 -0.564840 0.492354
v 0.099363 -0.564840 0.492354
v 0.056810 -0.564840 0.644852
v 0.099363 -0.536252 0.492354
v 0.061866 -0.536252 0.629999
v 0.099363 -0.536252 0.629999
v 0.056810 -0.536252 0.492354
v 0.061866 -0.536252 0.629999
v 0.056810 -0.536252 0.492354
v 0.056810 -0.564840 0.492354
v 0.061866 -0.564840 0.629999
v 0.172796 -0.564839 0.781484
v 0.235899 -0.564839 0.799200
v 0.235899 -0.564839 0.844956
v 0.235899 -0.536252 0.844956
v 0.172812 -0.536252 0.825807
v 0.172812 -0.564839 0.825807
v 0.235899 -0.564839 0.844956
v 0.172812 -0.536252 0.825807
v 0.235899 -0.536252 0.844956
v 0.235899 -0.536252 0.799200
v 0.177536 -0.536252 0.794432
v 0.087411 -0.536252 0.768754
v 0.157103 -0.536252 0.821039
v 0.172796 -0.536252 0.781484
v 0.120083 -0.536252 0.741489
v 0.172796 -0.564839 0.781484
v 0.120083 -0.564840 0.741489
v 0.120083 -0.536252 0.741489
v 0.172796 -0.536252 0.781484
v 0.087411 -0.564840 0.768754
v 0.172796 -0.564839 0.781484
v 0.157103 -0.564839 0.821039
v 0.120083 -0.564840 0.741489
v 0.235899 -0.564839 0.799200
v 0.177536 -0.564839 0.794432
v 0.177536 -0.536252 0.794432
v 0.235899 -0.536252 0.799200
v 0.057347 -0.564840 0.703648
v 0.120083 -0.564840 0.741489
v 0.087411 -0.564840 0.768754
v 0.098826 -0.564840 0.694146
v 0.057347 -0.564840 0.703648
v 0.087411 -0.536252 0.768754
v 0.057347 -0.536252 0.703648
v 0.087411 -0.564840 0.768754
v 0.057347 -0.536252 0.703648
v 0.087411 -0.536252 0.768754
v 0.120083 -0.536252 0.741489
v 0.098826 -0.536252 0.694146
v 0.157103 -0.536252 0.821039
v 0.087411 -0.536252 0.768754
v 0.087411 -0.564840 0.768754
v 0.157103 -0.564839 0.821039
v 0.056810 -0.564840 0.644852
v 0.098826 -0.564840 0.694146
v 0.057347 -0.564840 0.703648
v 0.099363 -0.564840 0.644852
v 0.056810 -0.564840 0.644852
v 0.057347 -0.536252 0.703648
v 0.056810 -0.536252 0.644852
v 0.057347 -0.564840 0.703648
v 0.056810 -0.536252 0.644852
v 0.098826 -0.536252 0.694146
v 0.099363 -0.536252 0.644852
v 0.057347 -0.536252 0.703648
v 0.099363 -0.536252 0.644852
v 0.098826 -0.564840 0.694146
v 0.099363 -0.564840 0.644852
v 0.098826 -0.536252 0.694146
v 0.098826 -0.536252 0.694146
v 0.120083 -0.564840 0.741489
v 0.098826 -0.564840 0.694146
v 0.120083 -0.536252 0.741489
v 0.155463 -0.569649 0.500725
v 0.017886 -0.530885 0.500725
v 0.017886 -0.569649 0.500725
v 0.155463 -0.530885 0.500725
v 0.234397 -0.569649 0.468838
v 0.194930 -0.569649 0.468838
v 0.194930 -0.530885 0.468838
v 0.234397 -0.530885 0.468838
v 0.234397 -0.569649 0.468838
v 0.194930 -0.569649 0.493002
v 0.194930 -0.569649 0.468838
v 0.234397 -0.569649 0.500725
v 0.234397 -0.530885 0.468838
v 0.194930 -0.530885 0.493002
v 0.234397 -0.530885 0.500725
v 0.194930 -0.530885 0.468838
v 0.218746 -0.525163 0.950981
v 0.218746 -0.577117 0.950981
v 0.270700 -0.577117 0.931810
v 0.270700 -0.525163 0.931810
v 0.270700 -0.525163 -0.004749
v 0.218746 -0.577117 -0.004749
v 0.218746 -0.525163 -0.004749
v 0.270700 -0.577117 -0.004749
v 0.218746 -0.577117 0.708830
v 0.270700 -0.577117 0.931810
v 0.218746 -0.577117 0.950981
v 0.218746 -0.577117 0.708830
v 0.218746 -0.525163 0.708830
v 0.218746 -0.577117 0.950981
v 0.218746 -0.525163 0.950981
v 0.218746 -0.525163 0.708830
v 0.270700 -0.525163 0.931810
v 0.259082 -0.525163 0.695656
v 0.218746 -0.525163 0.950981
v 0.270700 -0.525163 0.931810
v 0.259082 -0.577117 0.695656
v 0.259082 -0.525163 0.695656
v 0.270700 -0.577117 0.931810
v 0.019352 -0.567842 0.235496
v 0.019352 -0.534439 0.235496
v 0.019352 -0.534439 0.202093
v 0.019352 -0.567842 0.202093
v 0.301843 -0.534439 0.235496
v 0.301843 -0.567842 0.202093
v 0.301843 -0.534439 0.202093
v 0.301843 -0.567842 0.235496
v 0.301843 -0.567842 0.202093
v 0.019352 -0.567842 0.235496
v 0.019352 -0.567842 0.202093
v 0.301843 -0.567842 0.235496
v 0.301843 -0.534439 0.202093
v 0.019352 -0.567842 0.202093
v 0.019352 -0.534439 0.202093
v 0.301843 -0.567842 0.202093
v 0.019352 -0.534439 0.235496
v 0.301843 -0.534439 0.202093
v 0.019352 -0.534439 0.202093
v 0.301843 -0.534439 0.235496
v 0.019352 -0.567842 0.235496
v 0.301843 -0.534439 0.235496
v 0.019352 -0.534439 0.235496
v 0.301843 -0.567842 0.235496
v 0.409600 -0.528612 0.042278
v 0.453138 -0.573668 -0.002778
v 0.453138 -0.528612 -0.002778
v 0.409600 -0.573668 0.042278
v 0.409600 -0.573668 0.042278
v 0.009604 -0.573668 -0.002779
v 0.453138 -0.573668 -0.002778
v 0.009604 -0.573668 0.042278
v 0.453138 -0.528612 -0.002778
v 0.009604 -0.573668 -0.002779
v 0.009604 -0.528612 -0.002779
v 0.453138 -0.573668 -0.002778
v 0.009604 -0.528612 0.042278
v 0.409600 -0.528612 0.042278
v 0.009604 -0.528612 -0.002779
v 0.453138 -0.528612 -0.002778
v 0.009604 -0.573668 0.042278
v 0.409600 -0.528612 0.042278
v 0.009604 -0.528612 0.042278
v 0.409600 -0.573668 0.042278
v 0.456837 -0.526885 0.863750
v 0.430040 -0.575396 0.823313
v 0.430040 -0.526885 0.823313
v 0.456837 -0.575396 0.863750
v -0.023295 -0.575396 0.987747
v 0.001087 -0.526885 1.028869
v -0.023295 -0.526885 0.987747
v 0.001087 -0.575396 1.028869
v 0.456837 -0.575396 0.863750
v 0.001087 -0.575396 1.028869
v 0.430040 -0.575396 0.823313
v -0.023295 -0.575396 0.987747
v 0.456837 -0.526885 0.863750
v 0.001087 -0.526885 1.028869
v 0.456837 -0.575396 0.863750
v 0.001087 -0.575396 1.028869
v 0.001087 -0.526885 1.028869
v 0.430040 -0.526885 0.823313
v -0.023295 -0.526885 0.987747
v 0.456837 -0.526885 0.863750
v 0.430040 -0.575396 0.823313
v -0.023295 -0.526885 0.987747
v 0.430040 -0.526885 0.823313
v -0.023295 -0.575396 0.987747
v -0.194930 -0.530885 0.493002
v -0.155463 -0.530885 0.500725
v -0.155463 -0.530885 0.468838
v -0.194930 -0.530885 0.468838
v -0.155463 -0.569649 0.468838
v -0.194930 -0.569649 0.493002
v -0.194930 -0.569649 0.468838
v -0.155463 -0.569649 0.500725
v -0.234397 -0.569649 0.500725
v -0.194930 -0.530885 0.493002
v -0.234397 -0.530885 0.500725
v -0.194930 -0.569649 0.493002
v -0.155463 -0.530885 0.500725
v -0.017886 -0.530885 0.500725
v -0.017886 -0.530885 0.468838
v -0.155463 -0.530885 0.468838
v -0.017886 -0.569649 0.468838
v -0.155463 -0.569649 0.500725
v -0.155463 -0.569649 0.468838
v -0.017886 -0.569649 0.500725
v -0.155463 -0.530885 0.468838
v -0.194930 -0.569649 0.468838
v -0.194930 -0.530885 0.468838
v -0.017886 -0.530885 0.468838
v -0.155463 -0.569649 0.468838
v -0.017886 -0.569649 0.468838
v -0.194930 -0.569649 0.493002
v -0.155463 -0.530885 0.500725
v -0.194930 -0.530885 0.493002
v -0.155463 -0.569649 0.500725
v -0.177536 -0.564839 0.794432
v -0.177536 -0.536252 0.794432
v -0.172796 -0.536252 0.781484
v -0.172796 -0.564839 0.781484
v -0.157103 -0.536252 0.821039
v -0.172796 -0.536252 0.781484
v -0.177536 -0.536252 0.794432
v -0.172812 -0.536252 0.825807
v -0.157103 -0.564839 0.821039
v -0.172812 -0.536252 0.825807
v -0.172812 -0.564839 0.825807
v -0.157103 -0.536252 0.821039
v -0.177536 -0.564839 0.794432
v -0.157103 -0.564839 0.821039
v -0.172812 -0.564839 0.825807
v -0.172796 -0.564839 0.781484
v -0.056810 -0.536252 0.644852
v -0.061866 -0.564840 0.629999
v -0.061866 -0.536252 0.629999
v -0.056810 -0.564840 0.644852
v -0.099363 -0.564840 0.644852
v -0.099363 -0.536252 0.629999
v -0.099363 -0.564840 0.629999
v -0.218746 -0.577117 -0.004749
v -0.270700 -0.577117 0.668722
v -0.270700 -0.577117 -0.004749
v -0.218746 -0.525163 -0.004749
v -0.218746 -0.577117 0.681212
v -0.218746 -0.577117 -0.004749
v -0.218746 -0.525163 -0.004749
v -0.270700 -0.525163 0.668722
v -0.218746 -0.525163 0.681212
v -0.270700 -0.525163 -0.004749
v -0.270700 -0.577117 -0.004749
v -0.270700 -0.525163 0.668722
v -0.270700 -0.525163 -0.004749
v -0.270700 -0.577117 0.668722
v -0.270700 -0.577117 0.668722
v -0.259082 -0.525163 0.695656
v -0.270700 -0.525163 0.668722
v -0.259082 -0.577117 0.695656
v -0.259082 -0.525163 0.695656
v -0.218746 -0.525163 0.681212
v -0.270700 -0.525163 0.668722
v -0.218746 -0.525163 0.708830
v -0.218746 -0.525163 0.681212
v -0.218746 -0.577117 0.708830
v -0.218746 -0.577117 0.681212
v -0.259082 -0.577117 0.695656
v -0.234397 -0.530885 0.500725
v -0.234397 -0.530885 0.468838
v -0.234397 -0.569649 0.468838
v -0.234397 -0.569649 0.500725
v -0.099363 -0.536252 0.492354
v -0.099363 -0.564840 0.492354
v -0.099363 -0.536252 0.644852
v -0.061866 -0.564840 0.629999
v -0.099363 -0.564840 0.644852
v -0.099363 -0.564840 0.629999
v -0.099363 -0.564840 0.492354
v -0.056810 -0.564840 0.492354
v -0.099363 -0.536252 0.492354
v -0.061866 -0.536252 0.629999
v -0.056810 -0.536252 0.492354
v -0.099363 -0.536252 0.644852
v -0.056810 -0.536252 0.644852
v -0.099363 -0.536252 0.629999
v -0.061866 -0.536252 0.629999
v -0.056810 -0.564840 0.492354
v -0.056810 -0.536252 0.492354
v -0.061866 -0.564840 0.629999
v -0.235899 -0.564839 0.799200
v -0.172812 -0.564839 0.825807
v -0.235899 -0.564839 0.844956
v -0.177536 -0.564839 0.794432
v -0.172812 -0.564839 0.825807
v -0.235899 -0.536252 0.844956
v -0.235899 -0.564839 0.844956
v -0.172812 -0.536252 0.825807
v -0.235899 -0.536252 0.844956
v -0.172812 -0.536252 0.825807
v -0.235899 -0.536252 0.799200
v -0.177536 -0.536252 0.794432
v -0.087411 -0.536252 0.768754
v -0.172796 -0.536252 0.781484
v -0.157103 -0.536252 0.821039
v -0.120083 -0.536252 0.741489
v -0.120083 -0.536252 0.741489
v -0.172796 -0.564839 0.781484
v -0.172796 -0.536252 0.781484
v -0.120083 -0.564840 0.741489
v -0.172796 -0.564839 0.781484
v -0.087411 -0.564840 0.768754
v -0.157103 -0.564839 0.821039
v -0.120083 -0.564840 0.741489
v -0.177536 -0.536252 0.794432
v -0.235899 -0.564839 0.799200
v -0.235899 -0.536252 0.799200
v -0.177536 -0.564839 0.794432
v -0.120083 -0.564840 0.741489
v -0.057347 -0.564840 0.703648
v -0.087411 -0.564840 0.768754
v -0.098826 -0.564840 0.694146
v -0.087411 -0.536252 0.768754
v -0.057347 -0.564840 0.703648
v -0.057347 -0.536252 0.703648
v -0.087411 -0.564840 0.768754
v -0.120083 -0.536252 0.741489
v -0.057347 -0.536252 0.703648
v -0.098826 -0.536252 0.694146
v -0.087411 -0.564840 0.768754
v -0.157103 -0.536252 0.821039
v -0.157103 -0.564839 0.821039
v -0.087411 -0.536252 0.768754
v -0.056810 -0.564840 0.644852
v -0.098826 -0.564840 0.694146
v -0.057347 -0.564840 0.703648
v -0.057347 -0.536252 0.703648
v -0.056810 -0.564840 0.644852
v -0.056810 -0.536252 0.644852
v -0.057347 -0.564840 0.703648
v -0.087411 -0.536252 0.768754
v -0.098826 -0.564840 0.694146
v -0.098826 -0.536252 0.694146
v -0.099363 -0.536252 0.644852
v -0.099363 -0.564840 0.644852
v -0.120083 -0.564840 0.741489
v -0.120083 -0.536252 0.741489
v -0.098826 -0.536252 0.694146
v -0.098826 -0.564840 0.694146
v -0.017886 -0.530885 0.500725
v -0.155463 -0.569649 0.500725
v -0.017886 -0.569649 0.500725
v -0.155463 -0.530885 0.500725
v -0.234397 -0.569649 0.468838
v -0.234397 -0.530885 0.468838
v -0.234397 -0.569649 0.468838
v -0.194930 -0.569649 0.493002
v -0.234397 -0.569649 0.500725
v -0.194930 -0.569649 0.468838
v -0.234397 -0.530885 0.468838
v -0.194930 -0.530885 0.493002
v -0.194930 -0.530885 0.468838
v -0.234397 -0.530885 0.500725
v -0.218746 -0.525163 0.950981
v -0.270700 -0.577117 0.931810
v -0.218746 -0.577117 0.950981
v -0.270700 -0.525163 0.931810
v -0.218746 -0.577117 -0.004749
v -0.270700 -0.577117 -0.004749
v -0.270700 -0.525163 -0.004749
v -0.218746 -0.525163 -0.004749
v -0.218746 -0.577117 0.708830
v -0.270700 -0.577117 0.931810
v -0.218746 -0.577117 0.950981
v -0.218746 -0.525163 0.708830
v -0.218746 -0.577117 0.950981
v -0.218746 -0.525163 0.950981
v -0.218746 -0.525163 0.708830
v -0.270700 -0.525163 0.931810
v -0.218746 -0.525163 0.950981
v -0.259082 -0.525163 0.695656
v -0.259082 -0.577117 0.695656
v -0.270700 -0.525163 0.931810
v -0.259082 -0.525163 0.695656
v -0.270700 -0.577117 0.931810
v -0.019352 -0.534439 0.202093
v -0.019352 -0.567842 0.235496
v -0.019352 -0.567842 0.202093
v -0.019352 -0.534439 0.235496
v -0.019352 -0.567842 0.235496
v -0.256268 -0.567842 0.235496
v -0.256268 -0.567842 0.202093
v -0.019352 -0.567842 0.202093
v -0.019352 -0.567842 0.202093
v -0.256268 -0.567842 0.202093
v -0.256268 -0.534439 0.202093
v -0.019352 -0.534439 0.202093
v -0.256268 -0.534439 0.202093
v -0.019352 -0.534439 0.235496
v -0.019352 -0.534439 0.202093
v -0.256268 -0.534439 0.235496
v -0.019352 -0.567842 0.235496
v -0.256268 -0.534439 0.235496
v -0.256268 -0.567842 0.235496
v -0.019352 -0.534439 0.235496
v -0.409600 -0.528612 0.042278
v -0.453138 -0.528612 -0.002778
v -0.453138 -0.573668 -0.002778
v -0.409600 -0.573668 0.042278
v -0.016451 -0.573668 -0.002779
v -0.135191 -0.573668 0.042278
v -0.148340 -0.573668 -0.002779
v -0.016451 -0.573668 0.042278
v -0.175840 -0.528612 -0.002779
v -0.016451 -0.573668 -0.002779
v -0.016451 -0.528612 -0.002779
v -0.135191 -0.528612 0.042278
v -0.016451 -0.528612 0.042278
v -0.016451 -0.528612 -0.002779
v -0.148340 -0.528612 -0.002779
v -0.016451 -0.573668 0.042278
v -0.135191 -0.528612 0.042278
v -0.135191 -0.573668 0.042278
v -0.016451 -0.528612 0.042278
v -0.456837 -0.526885 0.863750
v -0.430040 -0.526885 0.823313
v -0.430040 -0.575396 0.823313
v -0.456837 -0.575396 0.863750
v 0.023295 -0.575396 0.987747
v -0.001087 -0.526885 1.028869
v -0.001087 -0.575396 1.028869
v 0.023295 -0.526885 0.987747
v -0.001087 -0.575396 1.028869
v -0.430040 -0.575396 0.823313
v 0.023295 -0.575396 0.987747
v -0.456837 -0.575396 0.863750
v -0.001087 -0.526885 1.028869
v -0.456837 -0.526885 0.863750
v -0.456837 -0.575396 0.863750
v -0.001087 -0.575396 1.028869
v -0.430040 -0.526885 0.823313
v -0.001087 -0.526885 1.028869
v 0.023295 -0.526885 0.987747
v -0.456837 -0.526885 0.863750
v 0.023295 -0.526885 0.987747
v -0.430040 -0.575396 0.823313
v -0.430040 -0.526885 0.823313
v 0.023295 -0.575396 0.987747
v -0.023734 0.587628 0.000061
v 0.023275 0.587628 0.047070
v 0.023275 0.587628 0.000061
v -0.023734 0.587628 0.047070
v 0.023275 -0.587627 0.047070
v -0.023734 -0.587628 0.000062
v 0.023275 -0.587628 0.000062
v -0.023734 -0.587627 0.047070
vt 0.031250 0.500000
vt 0.031250 0.500000
vt 0.031250 0.500000
vt 0.031250 0.500000
vt 0.031250 0.500000
vt 0.031250 0.500000
vt 0.031250 0.500000
vt 0.031250 0.500000
vt 0.031250 0.500000
vt 0.031250 0.500000
vt 0.031250 0.500000
vt 0.031250 0.500000
vt 0.031250 0.500000
vt 0.031250 0.500000
vt 0.031250 0.500000
vt 0.031250 0.500000
vt 0.031250 0.500000
vt 0.031250 0.500000
vt 0.031250 0.500000
vt 0.031250 0.500000
vt 0.031250 0.500000
vt 0.031250 0.500000
vt 0.031250 0.500000
vt 0.031250 0.500000
vt 0.031250 0.500000
vt 0.031250 0.500000
vt 0.031250 0.500000
vt 0.031250 0.500000
vt 0.031250 0.500000
vt 0.031250 0.500000
vt 0.031250 0.500000
vt 0.031250 0.500000
vt 0.031250 0.500000
vt 0.031250 0.500000
vt 0.031250 0.500000
vt 0.031250 0.500000
vt 0.031250 0.500000
vt 0.031250 0.500000
vt 0.031250 0.500000
vt 0.031250 0.500000
vt 0.031250 0.500000
vt 0.031250 0.500000
vt 0.031250 0.500000
vt 0.031250 0.500000
vt 0.031250 0.500000
vt 0.031250 0.500000
vt 0.031250 0.500000
vt 0.031250 0.500000
vt 0.031250 0.500000
vt 0.031250 0.500000
vt 0.031250 0.500000
vt 0.031250 0.500000
vt 0.031250 0.500000
vt 0.031250 0.500000
vt 0.031250 0.500000
vt 0.031250 0.500000
vt 0.031250 0.500000
vt 0.031250 0.500000
vt 0.031250 0.500000
vt 0.031250 0.500000
vt 0.031250 0.500000
vt 0.031250 0.500000
vt 0.031250 0.500000
vt 0.031250 0.500000
vt 0.031250 0.500000
vt 0.031250 0.500000
vt 0.031250 0.500000
vt 0.031250 0.500000
vt 0.031250 0.500000
vt 0.031250 0.500000
vt 0.031250 0.500000
vt 0.031250 0.500000
vt 0.031250 0.500000
vt 0.031250 0.500000
vt 0.031250 0.500000
vt 0.031250 0.500000
vt 0.031250 0.500000
vt 0.031250 0.500000
vt 0.031250 0.500000
vt 0.031250 0.500000
vt 0.031250 0.500000
vt 0.031250 0.500000
vt 0.031250 0.500000
vt 0.031250 0.500000
vt 0.031250 0.500000
vt 0.031250 0.500000
vt 0.031250 0.500000
vt 0.031250 0.500000
vt 0.031250 0.500000
vt 0.031250 0.500000
vt 0.031250 0.500000
vt 0.031250 0.500000
vt 0.031250 0.500000
vt 0.031250 0.500000
vt 0.031250 0.500000
vt 0.031250 0.500000
vt 0.031250 0.500000
vt 0.031250 0.500000
vt 0.031250 0.500000
vt 0.031250 0.500000
vt 0.031250 0.500000
vt 0.031250 0.500000
vt 0.031250 0.500000
vt 0.031250 0.500000
vt 0.031250 0.500000
vt 0.031250 0.500000
vt 0.031250 0.500000
vt 0.031250 0.500000
vt 0.031250 0.500000
vt 0.031250 0.500000
vt 0.031250 0.500000
vt 0.031250 0.500000
vt 0.031250 0.500000
vt 0.031250 0.500000
vt 0.031250 0.500000
vt 0.031250 0.500000
vt 0.031250 0.500000
vt 0.031250 0.500000
vt 0.031250 0.500000
vt 0.031250 0.500000
vt 0.031250 0.500000
vt 0.031250 0.500000
vt 0.031250 0.500000
vt 0.031250 0.500000
vt 0.031250 0.500000
vt 0.031250 0.500000
vt 0.031250 0.500000
vt 0.031250 0.500000
vt 0.031250 0.500000
vt 0.031250 0.500000
vt 0.031250 0.500000
vt 0.031250 0.500000
vt 0.031250 0.500000
vt 0.031250 0.500000
vt 0.031250 0.500000
vt 0.031250 0.500000
vt 0.031250 0.500000
vt 0.031250 0.500000
vt 0.031250 0.500000
vt 0.031250 0.500000
vt 0.031250 0.500000
vt 0.031250 0.500000
vt 0.031250 0.500000
vt 0.031250 0.500000
vt 0.031250 0.500000
vt 0.031250 0.500000
vt 0.031250 0.500000
vt 0.031250 0.500000
vt 0.031250 0.500000
vt 0.031250 0.500000
vt 0.031250 0.500000
vt 0.031250 0.500000
vt 0.031250 0.500000
vt 0.031250 0.500000
vt 0.031250 0.500000
vt 0.031250 0.500000
vt 0.031250 0.500000
vt 0.031250 0.500000
vt 0.031250 0.500000
vt 0.031250 0.500000
vt 0.031250 0.500000
vt 0.031250 0.500000
vt 0.031250 0.500000
vt 0.031250 0.500000
vt 0.031250 0.500000
vt 0.031250 0.500000
vt 0.031250 0.500000
vt 0.031250 0.500000
vt 0.031250 0.500000
vt 0.031250 0.500000
vt 0.031250 0.500000
vt 0.031250 0.500000
vt 0.031250 0.500000
vt 0.031250 0.500000
vt 0.031250 0.500000
vt 0.031250 0.500000
vt 0.031250 0.500000
vt 0.031250 0.500000
vt 0.031250 0.500000
vt 0.031250 0.500000
vt 0.031250 0.500000
vt 0.031250 0.500000
vt 0.031250 0.500000
vt 0.031250 0.500000
vt 0.031250 0.500000
vt 0.031250 0.500000
vt 0.031250 0.500000
vt 0.031250 0.500000
vt 0.031250 0.500000
vt 0.031250 0.500000
vt 0.031250 0.500000
vt 0.031250 0.500000
vt 0.031250 0.500000
vt 0.031250 0.500000
vt 0.031250 0.500000
vt 0.031250 0.500000
vt 0.031250 0.500000
vt 0.031250 0.500000
vt 0.031250 0.500000
vt 0.031250 0.500000
vt 0.031250 0.500000
vt 0.031250 0.500000
vt 0.031250 0.500000
vt 0.031250 0.500000
vt 0.031250 0.500000
vt 0.031250 0.500000
vt 0.031250 0.500000
vt 0.031250 0.500000
vt 0.031250 0.500000
vt 0.031250 0.500000
vt 0.031250 0.500000
vt 0.031250 0.500000
vt 0.031250 0.500000
vt 0.031250 0.500000
vt 0.031250 0.500000
vt 0.031250 0.500000
vt 0.031250 0.500000
vt 0.031250 0.500000
vt 0.031250 0.500000
vt 0.031250 0.500000
vt 0.031250 0.500000
vt 0.031250 0.500000
vt 0.031250 0.500000
vt 0.031250 0.500000
vt 0.031250 0.500000
vt 0.031250 0.500000
vt 0.031250 0.500000
vt 0.031250 0.500000
vt 0.031250 0.500000
vt 0.031250 0.500000
vt 0.031250 0.500000
vt 0.031250 0.500000
vt 0.031250 0.500000
vt 0.031250 0.500000
vt 0.031250 0.500000
vt 0.031250 0.500000
vt 0.031250 0.500000
vt 0.031250 0.500000
vt 0.031250 0.500000
vt 0.031250 0.500000
vt 0.031250 0.500000
vt 0.031250 0.500000
vt 0.031250 0.500000
vt 0.031250 0.500000
vt 0.031250 0.500000
vt 0.031250 0.500000
vt 0.031250 0.500000
vt 0.031250 0.500000
vt 0.031250 0.500000
vt 0.031250 0.500000
vt 0.031250 0.500000
vt 0.031250 0.500000
vt 0.031250 0.500000
vt 0.031250 0.500000
vt 0.031250 0.500000
vt 0.031250 0.500000
vt 0.031250 0.500000
vt 0.031250 0.500000
vt 0.031250 0.500000
vt 0.031250 0.500000
vt 0.031250 0.500000
vt 0.031250 0.500000
vt 0.031250 0.500000
vt 0.031250 0.500000
vt 0.031250 0.500000
vt 0.031250 0.500000
vt 0.031250 0.500000
vt 0.031250 0.500000
vt 0.031250 0.500000
vt 0.031250 0.500000
vt 0.031250 0.500000
vt 0.031250 0.500000
vt 0.031250 0.500000
vt 0.031250 0.500000
vt 0.031250 0.500000
vt 0.031250 0.500000
vt 0.031250 0.500000
vt 0.031250 0.500000
vt 0.031250 0.500000
vt 0.031250 0.500000
vt 0.031250 0.500000
vt 0.031250 0.500000
vt 0.031250 0.500000
vt 0.031250 0.500000
vt 0.031250 0.500000
vt 0.031250 0.500000
vt 0.031250 0.500000
vt 0.031250 0.500000
vt 0.031250 0.500000
vt 0.031250 0.500000
vt 0.031250 0.500000
vt 0.031250 0.500000
vt 0.031250 0.500000
vt 0.031250 0.500000
vt 0.031250 0.500000
vt 0.031250 0.500000
vt 0.031250 0.500000
vt 0.031250 0.500000
vt 0.031250 0.500000
vt 0.031250 0.500000
vt 0.031250 0.500000
vt 0.031250 0.500000
vt 0.031250 0.500000
vt 0.031250 0.500000
vt 0.031250 0.500000
vt 0.031250 0.500000
vt 0.031250 0.500000
vt 0.031250 0.500000
vt 0.031250 0.500000
vt 0.031250 0.500000
vt 0.031250 0.500000
vt 0.031250 0.500000
vt 0.031250 0.500000
vt 0.031250 0.500000
vt 0.031250 0.500000
vt 0.031250 0.500000
vt 0.031250 0.500000
vt 0.031250 0.500000
vt 0.031250 0.500000
vt 0.031250 0.500000
vt 0.031250 0.500000
vt 0.031250 0.500000
vt 0.031250 0.500000
vt 0.031250 0.500000
vt 0.031250 0.500000
vt 0.031250 0.500000
vt 0.031250 0.500000
vt 0.031250 0.500000
vt 0.031250 0.500000
vt 0.031250 0.500000
vt 0.031250 0.500000
vt 0.031250 0.500000
vt 0.031250 0.500000
vt 0.031250 0.500000
vt 0.031250 0.500000
vt 0.031250 0.500000
vt 0.031250 0.500000
vt 0.031250 0.500000
vt 0.031250 0.500000
vt 0.031250 0.500000
vt 0.031250 0.500000
vt 0.031250 0.500000
vt 0.031250 0.500000
vt 0.031250 0.500000
vt 0.031250 0.500000
vt 0.031250 0.500000
vt 0.031250 0.500000
vt 0.031250 0.500000
vt 0.031250 0.500000
vt 0.031250 0.500000
vt 0.031250 0.500000
vt 0.031250 0.500000
vt 0.031250 0.500000
vt 0.031250 0.500000
vt 0.031250 0.500000
vt 0.031250 0.500000
vt 0.031250 0.500000
vt 0.031250 0.500000
vt 0.031250 0.500000
vt 0.031250 0.500000
vt 0.031250 0.500000
vt 0.031250 0.500000
vt 0.031250 0.500000
vt 0.031250 0.500000
vt 0.031250 0.500000
vt 0.031250 0.500000
vt 0.031250 0.500000
vt 0.031250 0.500000
vt 0.031250 0.500000
vt 0.031250 0.500000
vt 0.031250 0.500000
vt 0.031250 0.500000
vt 0.031250 0.500000
vt 0.031250 0.500000
vt 0.031250 0.500000
vt 0.031250 0.500000
vt 0.031250 0.500000
vt 0.031250 0.500000
vt 0.031250 0.500000
vt 0.031250 0.500000
vt 0.031250 0.500000
vt 0.031250 0.500000
vt 0.031250 0.500000
vt 0.031250 0.500000
vt 0.031250 0.500000
vt 0.031250 0.500000
vt 0.031250 0.500000
vt 0.031250 0.500000
vt 0.031250 0.500000
vt 0.031250 0.500000
vt 0.031250 0.500000
vt 0.031250 0.500000
vt 0.031250 0.500000
vt 0.031250 0.500000
vt 0.031250 0.500000
vt 0.031250 0.500000
vt 0.031250 0.500000
vt 0.031250 0.500000
vt 0.031250 0.500000
vt 0.031250 0.500000
vt 0.031250 0.500000
vt 0.031250 0.500000
vt 0.031250 0.500000
vt 0.031250 0.500000
vt 0.031250 0.500000
vt 0.031250 0.500000
vt 0.031250 0.500000
vt 0.031250 0.500000
vt 0.031250 0.500000
vt 0.031250 0.500000
vt 0.031250 0.500000
vt 0.031250 0.500000
vt 0.031250 0.500000
vt 0.031250 0.500000
vt 0.031250 0.500000
vt 0.031250 0.500000
vt 0.031250 0.500000
vt 0.031250 0.500000
vt 0.031250 0.500000
vt 0.031250 0.500000
vt 0.031250 0.500000
vt 0.031250 0.500000
vt 0.031250 0.500000
vt 0.031250 0.500000
vt 0.031250 0.500000
vt 0.031250 0.500000
vt 0.031250 0.500000
vt 0.031250 0.500000
vt 0.031250 0.500000
vt 0.031250 0.500000
vt 0.031250 0.500000
vt 0.031250 0.500000
vt 0.031250 0.500000
vt 0.031250 0.500000
vt 0.031250 0.500000
vt 0.031250 0.500000
vt 0.031250 0.500000
vt 0.031250 0.500000
vt 0.031250 0.500000
vt 0.031250 0.500000
vt 0.031250 0.500000
vt 0.031250 0.500000
vt 0.031250 0.500000
vt 0.031250 0.500000
vt 0.031250 0.500000
vt 0.031250 0.500000
vt 0.031250 0.500000
vt 0.031250 0.500000
vt 0.031250 0.500000
vt 0.031250 0.500000
vt 0.031250 0.500000
vt 0.031250 0.500000
vt 0.031250 0.500000
vt 0.031250 0.500000
vt 0.031250 0.500000
vt 0.031250 0.500000
vt 0.031250 0.500000
vt 0.031250 0.500000
vt 0.031250 0.500000
vt 0.031250 0.500000
vt 0.031250 0.500000
vt 0.031250 0.500000
vt 0.031250 0.500000
vt 0.031250 0.500000
vt 0.031250 0.500000
vt 0.031250 0.500000
vt 0.031250 0.500000
vt 0.031250 0.500000
vt 0.031250 0.500000
vt 0.031250 0.500000
vt 0.031250 0.500000
vt 0.031250 0.500000
vt 0.031250 0.500000
vt 0.031250 0.500000
vt 0.031250 0.500000
vt 0.031250 0.500000
vt 0.031250 0.500000
vt 0.031250 0.500000
vt 0.031250 0.500000
vt 0.031250 0.500000
vt 0.031250 0.500000
vt 0.031250 0.500000
vt 0.031250 0.500000
vt 0.031250 0.500000
vt 0.031250 0.500000
vt 0.031250 0.500000
vt 0.031250 0.500000
vt 0.031250 0.500000
vt 0.031250 0.500000
vt 0.031250 0.500000
vt 0.031250 0.500000
vt 0.031250 0.500000
vt 0.031250 0.500000
vt 0.031250 0.500000
vt 0.031250 0.500000
vt 0.031250 0.500000
vt 0.031250 0.500000
vt 0.031250 0.500000
vt 0.031250 0.500000
vt 0.031250 0.500000
vt 0.031250 0.500000
vt 0.031250 0.500000
vt 0.031250 0.500000
vt 0.031250 0.500000
vt 0.031250 0.500000
vt 0.031250 0.500000
vt 0.031250 0.500000
vt 0.031250 0.500000
vt 0.031250 0.500000
vt 0.031250 0.500000
vt 0.031250 0.500000
vt 0.031250 0.500000
vt 0.031250 0.500000
vt 0.031250 0.500000
vt 0.031250 0.500000
vt 0.031250 0.500000
vt 0.031250 0.500000
vt 0.031250 0.500000
vt 0.031250 0.500000
vt 0.031250 0.500000
vt 0.031250 0.500000
vt 0.031250 0.500000
vt 0.031250 0.500000
vt 0.031250 0.500000
vt 0.031250 0.500000
vt 0.031250 0.500000
vt 0.031250 0.500000
vt 0.031250 0.500000
vt 0.031250 0.500000
vt 0.031250 0.500000
vt 0.031250 0.500000
vt 0.031250 0.500000
vt 0.031250 0.500000
vt 0.031250 0.500000
vt 0.031250 0.500000
vt 0.031250 0.500000
vt 0.031250 0.500000
vt 0.031250 0.500000
vt 0.031250 0.500000
vt 0.031250 0.500000
vt 0.031250 0.500000
vt 0.031250 0.500000
vt 0.031250 0.500000
vt 0.031250 0.500000
vt 0.031250 0.500000
vt 0.031250 0.500000
vt 0.031250 0.500000
vt 0.031250 0.500000
vt 0.031250 0.500000
vt 0.031250 0.500000
vt 0.031250 0.500000
vt 0.031250 0.500000
vt 0.031250 0.500000
vt 0.031250 0.500000
vt 0.031250 0.500000
vt 0.031250 0.500000
vt 0.031250 0.500000
vt 0.031250 0.500000
vt 0.031250 0.500000
vt 0.031250 0.500000
vt 0.031250 0.500000
vt 0.031250 0.500000
vt 0.031250 0.500000
vt 0.031250 0.500000
vt 0.031250 0.500000
vt 0.031250 0.500000
vt 0.031250 0.500000
vt 0.031250 0.500000
vt 0.031250 0.500000
vt 0.031250 0.500000
vt 0.031250 0.500000
vt 0.031250 0.500000
vt 0.031250 0.500000
vt 0.031250 0.500000
vt 0.031250 0.500000
vt 0.031250 0.500000
vt 0.031250 0.500000
vt 0.031250 0.500000
vt 0.031250 0.500000
vt 0.031250 0.500000
vt 0.031250 0.500000
vt 0.031250 0.500000
vt 0.031250 0.500000
vt 0.031250 0.500000
vt 0.031250 0.500000
vt 0.031250 0.500000
vt 0.031250 0.500000
vt 0.031250 0.500000
vt 0.031250 0.500000
vt 0.031250 0.500000
vt 0.031250 0.500000
vt 0.031250 0.500000
vt 0.031250 0.500000
vt 0.031250 0.500000
vt 0.031250 0.500000
vt 0.031250 0.500000
vt 0.031250 0.500000
vt 0.031250 0.500000
vt 0.031250 0.500000
vt 0.031250 0.500000
vt 0.031250 0.500000
vt 0.031250 0.500000
vt 0.031250 0.500000
vt 0.031250 0.500000
vt 0.031250 0.500000
vt 0.031250 0.500000
vt 0.093750 0.500000
vt 0.093750 0.500000
vt 0.093750 0.500000
vt 0.093750 0.500000
vt 0.093750 0.500000
vt 0.093750 0.500000
vt 0.093750 0.500000
vt 0.093750 0.500000
vt 0.093750 0.500000
vt 0.093750 0.500000
vt 0.093750 0.500000
vt 0.093750 0.500000
vt 0.093750 0.500000
vt 0.093750 0.500000
vt 0.093750 0.500000
vt 0.093750 0.500000
vt 0.093750 0.500000
vt 0.093750 0.500000
vt 0.093750 0.500000
vt 0.093750 0.500000
vt 0.093750 0.500000
vt 0.093750 0.500000
vt 0.093750 0.500000
vt 0.093750 0.500000
vt 0.093750 0.500000
vt 0.093750 0.500000
vt 0.093750 0.500000
vt 0.093750 0.500000
vt 0.093750 0.500000
vt 0.093750 0.500000
vt 0.093750 0.500000
vt 0.093750 0.500000
vt 0.093750 0.500000
vt 0.093750 0.500000
vt 0.093750 0.500000
vt 0.093750 0.500000
vt 0.093750 0.500000
vt 0.093750 0.500000
vt 0.093750 0.500000
vt 0.093750 0.500000
vt 0.093750 0.500000
vt 0.093750 0.500000
vt 0.093750 0.500000
vt 0.093750 0.500000
vt 0.093750 0.500000
vt 0.093750 0.500000
vt 0.093750 0.500000
vt 0.093750 0.500000
vt 0.093750 0.500000
vt 0.093750 0.500000
vt 0.093750 0.500000
vt 0.093750 0.500000
vt 0.093750 0.500000
vt 0.093750 0.500000
vt 0.093750 0.500000
vt 0.093750 0.500000
vt 0.093750 0.500000
vt 0.093750 0.500000
vt 0.093750 0.500000
vt 0.093750 0.500000
vt 0.093750 0.500000
vt 0.093750 0.500000
vt 0.093750 0.500000
vt 0.093750 0.500000
vt 0.093750 0.500000
vt 0.093750 0.500000
vt 0.093750 0.500000
vt 0.093750 0.500000
vt 0.093750 0.500000
vt 0.093750 0.500000
vt 0.093750 0.500000
vt 0.093750 0.500000
vt 0.093750 0.500000
vt 0.093750 0.500000
vt 0.093750 0.500000
vt 0.093750 0.500000
vt 0.093750 0.500000
vt 0.093750 0.500000
vt 0.093750 0.500000
vt 0.093750 0.500000
vt 0.093750 0.500000
vt 0.093750 0.500000
vt 0.093750 0.500000
vt 0.093750 0.500000
vt 0.093750 0.500000
vt 0.093750 0.500000
vt 0.093750 0.500000
vt 0.093750 0.500000
vt 0.093750 0.500000
vt 0.093750 0.500000
vt 0.093750 0.500000
vt 0.093750 0.500000
vt 0.093750 0.500000
vt 0.093750 0.500000
vt 0.093750 0.500000
vt 0.093750 0.500000
vt 0.093750 0.500000
vt 0.093750 0.500000
vt 0.093750 0.500000
vt 0.093750 0.500000
vt 0.093750 0.500000
vt 0.093750 0.500000
vt 0.093750 0.500000
vt 0.093750 0.500000
vt 0.093750 0.500000
vt 0.093750 0.500000
vt 0.093750 0.500000
vt 0.093750 0.500000
vt 0.093750 0.500000
vt 0.093750 0.500000
vt 0.093750 0.500000
vt 0.093750 0.500000
vt 0.093750 0.500000
vt 0.093750 0.500000
vt 0.093750 0.500000
vt 0.093750 0.500000
vt 0.093750 0.500000
vt 0.093750 0.500000
vt 0.093750 0.500000
vt 0.093750 0.500000
vt 0.093750 0.500000
vt 0.093750 0.500000
vt 0.093750 0.500000
vt 0.093750 0.500000
vt 0.093750 0.500000
vt 0.093750 0.500000
vt 0.093750 0.500000
vt 0.093750 0.500000
vt 0.093750 0.500000
vt 0.093750 0.500000
vt 0.093750 0.500000
vt 0.093750 0.500000
vt 0.093750 0.500000
vt 0.093750 0.500000
vt 0.093750 0.500000
vt 0.093750 0.500000
vt 0.093750 0.500000
vt 0.093750 0.500000
vt 0.093750 0.500000
vt 0.093750 0.500000
vt 0.093750 0.500000
vt 0.093750 0.500000
vt 0.093750 0.500000
vt 0.093750 0.500000
vt 0.093750 0.500000
vt 0.093750 0.500000
vt 0.093750 0.500000
vt 0.093750 0.500000
vt 0.093750 0.500000
vt 0.093750 0.500000
vt 0.093750 0.500000
vt 0.093750 0.500000
vt 0.093750 0.500000
vt 0.093750 0.500000
vt 0.093750 0.500000
vt 0.093750 0.500000
vt 0.093750 0.500000
vt 0.093750 0.500000
vt 0.093750 0.500000
vt 0.093750 0.500000
vt 0.093750 0.500000
vt 0.093750 0.500000
vt 0.093750 0.500000
vt 0.093750 0.500000
vt 0.093750 0.500000
vt 0.093750 0.500000
vt 0.093750 0.500000
vt 0.093750 0.500000
vt 0.093750 0.500000
vt 0.093750 0.500000
vt 0.093750 0.500000
vt 0.093750 0.500000
vt 0.093750 0.500000
vt 0.093750 0.500000
vt 0.093750 0.500000
vt 0.093750 0.500000
vt 0.093750 0.500000
vt 0.093750 0.500000
vt 0.093750 0.500000
vt 0.093750 0.500000
vt 0.093750 0.500000
vt 0.093750 0.500000
vt 0.093750 0.500000
vt 0.093750 0.500000
vt 0.093750 0.500000
vt 0.093750 0.500000
vt 0.093750 0.500000
vt 0.093750 0.500000
vt 0.093750 0.500000
vt 0.093750 0.500000
vt 0.093750 0.500000
vt 0.093750 0.500000
vt 0.093750 0.500000
vt 0.093750 0.500000
vt 0.093750 0.500000
vt 0.093750 0.500000
vt 0.093750 0.500000
vt 0.093750 0.500000
vt 0.093750 0.500000
vt 0.093750 0.500000
vt 0.093750 0.500000
vt 0.093750 0.500000
vt 0.093750 0.500000
vt 0.093750 0.500000
vt 0.093750 0.500000
vt 0.093750 0.500000
vt 0.093750 0.500000
vt 0.093750 0.500000
vt 0.093750 0.500000
vt 0.093750 0.500000
vt 0.093750 0.500000
vt 0.093750 0.500000
vt 0.093750 0.500000
vt 0.093750 0.500000
vt 0.093750 0.500000
vt 0.093750 0.500000
vt 0.093750 0.500000
vt 0.093750 0.500000
vt 0.093750 0.500000
vt 0.093750 0.500000
vt 0.093750 0.500000
vt 0.093750 0.500000
vt 0.093750 0.500000
vt 0.093750 0.500000
vt 0.093750 0.500000
vt 0.093750 0.500000
vt 0.093750 0.500000
vt 0.093750 0.500000
vt 0.093750 0.500000
vt 0.093750 0.500000
vt 0.093750 0.500000
vt 0.093750 0.500000
vt 0.093750 0.500000
vt 0.093750 0.500000
vt 0.093750 0.500000
vt 0.093750 0.500000
vt 0.093750 0.500000
vt 0.093750 0.500000
vt 0.093750 0.500000
vt 0.093750 0.500000
vt 0.093750 0.500000
vt 0.093750 0.500000
vt 0.093750 0.500000
vt 0.093750 0.500000
vt 0.093750 0.500000
vt 0.093750 0.500000
vt 0.093750 0.500000
vt 0.093750 0.500000
vt 0.093750 0.500000
vt 0.093750 0.500000
vt 0.093750 0.500000
vt 0.093750 0.500000
vt 0.093750 0.500000
vt 0.093750 0.500000
vt 0.093750 0.500000
vt 0.093750 0.500000
vt 0.093750 0.500000
vt 0.093750 0.500000
vt 0.093750 0.500000
vt 0.093750 0.500000
vt 0.093750 0.500000
vt 0.093750 0.500000
vt 0.093750 0.500000
vt 0.093750 0.500000
vt 0.093750 0.500000
vt 0.093750 0.500000
vt 0.093750 0.500000
vt 0.093750 0.500000
vt 0.093750 0.500000
vt 0.093750 0.500000
vt 0.093750 0.500000
vt 0.093750 0.500000
vt 0.093750 0.500000
vt 0.093750 0.500000
vt 0.093750 0.500000
vt 0.093750 0.500000
vt 0.093750 0.500000
vt 0.093750 0.500000
vt 0.093750 0.500000
vt 0.093750 0.500000
vt 0.093750 0.500000
vt 0.093750 0.500000
vt 0.093750 0.500000
vt 0.093750 0.500000
vt 0.093750 0.500000
vt 0.093750 0.500000
vt 0.093750 0.500000
vt 0.093750 0.500000
vt 0.093750 0.500000
vt 0.093750 0.500000
vt 0.093750 0.500000
vt 0.093750 0.500000
vt 0.093750 0.500000
vt 0.093750 0.500000
vt 0.093750 0.500000
vt 0.093750 0.500000
vt 0.093750 0.500000
vt 0.093750 0.500000
vt 0.093750 0.500000
vt 0.093750 0.500000
vt 0.093750 0.500000
vt 0.093750 0.500000
vt 0.093750 0.500000
vt 0.093750 0.500000
vt 0.093750 0.500000
vt 0.093750 0.500000
vt 0.093750 0.500000
vt 0.093750 0.500000
vt 0.093750 0.500000
vt 0.093750 0.500000
vt 0.093750 0.500000
vt 0.093750 0.500000
vt 0.093750 0.500000
vt 0.093750 0.500000
vt 0.093750 0.500000
vt 0.093750 0.500000
vt 0.093750 0.500000
vt 0.093750 0.500000
vt 0.093750 0.500000
vt 0.093750 0.500000
vt 0.093750 0.500000
vt 0.093750 0.500000
vt 0.093750 0.500000
vt 0.093750 0.500000
vt 0.093750 0.500000
vt 0.093750 0.500000
vt 0.093750 0.500000
vt 0.093750 0.500000
vt 0.093750 0.500000
vt 0.093750 0.500000
vt 0.093750 0.500000
vt 0.093750 0.500000
vt 0.093750 0.500000
vt 0.093750 0.500000
vt 0.093750 0.500000
vt 0.093750 0.500000
vt 0.093750 0.500000
vt 0.093750 0.500000
vt 0.093750 0.500000
vt 0.093750 0.500000
vt 0.093750 0.500000
vt 0.093750 0.500000
vt 0.093750 0.500000
vt 0.093750 0.500000
vt 0.093750 0.500000
vt 0.093750 0.500000
vt 0.093750 0.500000
vt 0.093750 0.500000
vt 0.093750 0.500000
vt 0.093750 0.500000
vt 0.093750 0.500000
vt 0.093750 0.500000
vt 0.093750 0.500000
vt 0.093750 0.500000
vt 0.093750 0.500000
vt 0.093750 0.500000
vt 0.093750 0.500000
vt 0.093750 0.500000
vt 0.093750 0.500000
vt 0.093750 0.500000
vt 0.093750 0.500000
vt 0.093750 0.500000
vt 0.093750 0.500000
vt 0.093750 0.500000
vt 0.093750 0.500000
vt 0.093750 0.500000
vt 0.093750 0.500000
vt 0.093750 0.500000
vt 0.093750 0.500000
vt 0.093750 0.500000
vt 0.093750 0.500000
vt 0.093750 0.500000
vt 0.093750 0.500000
vt 0.093750 0.500000
vt 0.093750 0.500000
vt 0.093750 0.500000
vt 0.093750 0.500000
vt 0.093750 0.500000
vt 0.093750 0.500000
vt 0.093750 0.500000
vt 0.093750 0.500000
vt 0.093750 0.500000
vt 0.093750 0.500000
vt 0.093750 0.500000
vt 0.093750 0.500000
vt 0.093750 0.500000
vt 0.093750 0.500000
vt 0.093750 0.500000
vt 0.093750 0.500000
vt 0.093750 0.500000
vt 0.093750 0.500000
vt 0.093750 0.500000
vt 0.093750 0.500000
vt 0.093750 0.500000
vt 0.093750 0.500000
vt 0.093750 0.500000
vt 0.093750 0.500000
vt 0.093750 0.500000
vt 0.093750 0.500000
vt 0.093750 0.500000
vt 0.093750 0.500000
vt 0.093750 0.500000
vt 0.093750 0.500000
vt 0.093750 0.500000
vt 0.093750 0.500000
vt 0.093750 0.500000
vt 0.093750 0.500000
vt 0.093750 0.500000
vt 0.093750 0.500000
vt 0.093750 0.500000
vt 0.093750 0.500000
vt 0.093750 0.500000
vt 0.093750 0.500000
vt 0.093750 0.500000
vt 0.093750 0.500000
vt 0.093750 0.500000
vt 0.093750 0.500000
vt 0.093750 0.500000
vt 0.093750 0.500000
vt 0.093750 0.500000
vt 0.093750 0.500000
vt 0.093750 0.500000
vt 0.093750 0.500000
vt 0.093750 0.500000
vt 0.093750 0.500000
vt 0.093750 0.500000
vt 0.093750 0.500000
vt 0.093750 0.500000
vt 0.093750 0.500000
vt 0.093750 0.500000
vt 0.093750 0.500000
vt 0.093750 0.500000
vt 0.093750 0.500000
vt 0.093750 0.500000
vt 0.093750 0.500000
vt 0.093750 0.500000
vt 0.093750 0.500000
vt 0.093750 0.500000
vt 0.156250 0.500000
vt 0.156250 0.500000
vt 0.156250 0.500000
vt 0.156250 0.500000
vt 0.156250 0.500000
vt 0.156250 0.500000
vt 0.156250 0.500000
vt 0.156250 0.500000
vt 0.156250 0.500000
vt 0.156250 0.500000
vt 0.156250 0.500000
vt 0.156250 0.500000
vt 0.156250 0.500000
vt 0.156250 0.500000
vt 0.156250 0.500000
vt 0.156250 0.500000
vt 0.156250 0.500000
vt 0.156250 0.500000
vt 0.156250 0.500000
vt 0.156250 0.500000
vt 0.156250 0.500000
vt 0.156250 0.500000
vt 0.156250 0.500000
vt 0.156250 0.500000
vt 0.156250 0.500000
vt 0.156250 0.500000
vt 0.156250 0.500000
vt 0.156250 0.500000
vt 0.156250 0.500000
vt 0.156250 0.500000
vt 0.156250 0.500000
vt 0.156250 0.500000
vt 0.156250 0.500000
vt 0.156250 0.500000
vt 0.156250 0.500000
vt 0.156250 0.500000
vt 0.156250 0.500000
vt 0.156250 0.500000
vt 0.156250 0.500000
vt 0.156250 0.500000
vt 0.156250 0.500000
vt 0.156250 0.500000
vt 0.156250 0.500000
vt 0.156250 0.500000
vt 0.156250 0.500000
vt 0.156250 0.500000
vt 0.156250 0.500000
vt 0.156250 0.500000
vt 0.156250 0.500000
vt 0.156250 0.500000
vt 0.156250 0.500000
vt 0.156250 0.500000
vt 0.156250 0.500000
vt 0.156250 0.500000
vt 0.156250 0.500000
vt 0.156250 0.500000
vt 0.156250 0.500000
vt 0.156250 0.500000
vt 0.156250 0.500000
vt 0.156250 0.500000
vt 0.156250 0.500000
vt 0.156250 0.500000
vt 0.156250 0.500000
vt 0.156250 0.500000
vt 0.156250 0.500000
vt 0.156250 0.500000
vt 0.156250 0.500000
vt 0.156250 0.500000
vt 0.156250 0.500000
vt 0.156250 0.500000
vt 0.156250 0.500000
vt 0.156250 0.500000
vt 0.156250 0.500000
vt 0.156250 0.500000
vt 0.156250 0.500000
vt 0.156250 0.500000
vt 0.156250 0.500000
vt 0.156250 0.500000
vt 0.156250 0.500000
vt 0.156250 0.500000
vt 0.156250 0.500000
vt 0.156250 0.500000
vt 0.156250 0.500000
vt 0.156250 0.500000
vt 0.156250 0.500000
vt 0.156250 0.500000
vt 0.156250 0.500000
vt 0.156250 0.500000
vt 0.156250 0.500000
vt 0.156250 0.500000
vt 0.156250 0.500000
vt 0.156250 0.500000
vt 0.156250 0.500000
vt 0.156250 0.500000
vt 0.156250 0.500000
vt 0.156250 0.500000
vt 0.156250 0.500000
vt 0.156250 0.500000
vt 0.156250 0.500000
vt 0.156250 0.500000
vt 0.156250 0.500000
vt 0.156250 0.500000
vt 0.156250 0.500000
vt 0.156250 0.500000
vt 0.156250 0.500000
vt 0.156250 0.500000
vt 0.156250 0.500000
vt 0.156250 0.500000
vt 0.156250 0.500000
vt 0.156250 0.500000
vt 0.156250 0.500000
vt 0.156250 0.500000
vt 0.156250 0.500000
vt 0.156250 0.500000
vt 0.156250 0.500000
vt 0.156250 0.500000
vt 0.156250 0.500000
vt 0.156250 0.500000
vt 0.156250 0.500000
vt 0.156250 0.500000
vt 0.156250 0.500000
vt 0.156250 0.500000
vt 0.156250 0.500000
vt 0.156250 0.500000
vt 0.156250 0.500000
vt 0.156250 0.500000
vt 0.156250 0.500000
vt 0.156250 0.500000
vt 0.156250 0.500000
vt 0.156250 0.500000
vt 0.156250 0.500000
vt 0.156250 0.500000
vt 0.156250 0.500000
vt 0.156250 0.500000
vt 0.156250 0.500000
vt 0.156250 0.500000
vt 0.156250 0.500000
vt 0.156250 0.500000
vt 0.156250 0.500000
vt 0.156250 0.500000
vt 0.156250 0.500000
vt 0.156250 0.500000
vt 0.156250 0.500000
vt 0.156250 0.500000
vt 0.156250 0.500000
vt 0.156250 0.500000
vt 0.156250 0.500000
vt 0.156250 0.500000
vt 0.156250 0.500000
vt 0.156250 0.500000
vt 0.156250 0.500000
vt 0.156250 0.500000
vt 0.156250 0.500000
vt 0.156250 0.500000
vt 0.156250 0.500000
vt 0.156250 0.500000
vt 0.156250 0.500000
vt 0.156250 0.500000
vt 0.156250 0.500000
vt 0.156250 0.500000
vt 0.156250 0.500000
vt 0.156250 0.500000
vt 0.156250 0.500000
vt 0.156250 0.500000
vt 0.156250 0.500000
vt 0.156250 0.500000
vt 0.156250 0.500000
vt 0.156250 0.500000
vt 0.156250 0.500000
vt 0.156250 0.500000
vt 0.156250 0.500000
vt 0.156250 0.500000
vt 0.156250 0.500000
vt 0.156250 0.500000
vt 0.156250 0.500000
vt 0.156250 0.500000
vt 0.156250 0.500000
vt 0.156250 0.500000
vt 0.156250 0.500000
vt 0.156250 0.500000
vt 0.156250 0.500000
vt 0.156250 0.500000
vt 0.156250 0.500000
vt 0.156250 0.500000
vt 0.156250 0.500000
vt 0.156250 0.500000
vt 0.156250 0.500000
vt 0.156250 0.500000
vt 0.156250 0.500000
vt 0.156250 0.500000
vt 0.156250 0.500000
vt 0.156250 0.500000
vt 0.156250 0.500000
vt 0.156250 0.500000
vt 0.156250 0.500000
vt 0.156250 0.500000
vt 0.156250 0.500000
vt 0.156250 0.500000
vt 0.156250 0.500000
vt 0.156250 0.500000
vt 0.156250 0.500000
vt 0.156250 0.500000
vt 0.156250 0.500000
vt 0.156250 0.500000
vt 0.156250 0.500000
vt 0.156250 0.500000
vt 0.156250 0.500000
vt 0.156250 0.500000
vt 0.156250 0.500000
vt 0.156250 0.500000
vt 0.156250 0.500000
vt 0.156250 0.500000
vt 0.156250 0.500000
vt 0.156250 0.500000
vt 0.156250 0.500000
vt 0.156250 0.500000
vt 0.156250 0.500000
vt 0.156250 0.500000
vt 0.156250 0.500000
vt 0.156250 0.500000
vt 0.156250 0.500000
vt 0.156250 0.500000
vt 0.156250 0.500000
vt 0.156250 0.500000
vt 0.156250 0.500000
vt 0.156250 0.500000
vt 0.156250 0.500000
vt 0.156250 0.500000
vt 0.156250 0.500000
vt 0.156250 0.500000
vt 0.156250 0.500000
vt 0.156250 0.500000
vt 0.156250 0.500000
vt 0.156250 0.500000
vt 0.156250 0.500000
vt 0.156250 0.500000
vt 0.156250 0.500000
vt 0.156250 0.500000
vt 0.156250 0.500000
vt 0.156250 0.500000
vt 0.156250 0.500000
vt 0.156250 0.500000
vt 0.156250 0.500000
vt 0.156250 0.500000
vt 0.156250 0.500000
vt 0.156250 0.500000
vt 0.156250 0.500000
vt 0.156250 0.500000
vt 0.156250 0.500000
vt 0.156250 0.500000
vt 0.156250 0.500000
vt 0.156250 0.500000
vt 0.156250 0.500000
vt 0.156250 0.500000
vt 0.156250 0.500000
vt 0.156250 0.500000
vt 0.156250 0.500000
vt 0.156250 0.500000
vt 0.156250 0.500000
vt 0.156250 0.500000
vt 0.156250 0.500000
vt 0.156250 0.500000
vt 0.156250 0.500000
vt 0.156250 0.500000
vt 0.156250 0.500000
vt 0.156250 0.500000
vt 0.156250 0.500000
vt 0.156250 0.500000
vt 0.156250 0.500000
vt 0.156250 0.500000
vt 0.156250 0.500000
vt 0.156250 0.500000
vt 0.156250 0.500000
vt 0.156250 0.500000
vt 0.156250 0.500000
vt 0.156250 0.500000
vt 0.156250 0.500000
vt 0.156250 0.500000
vt 0.156250 0.500000
vt 0.156250 0.500000
vt 0.156250 0.500000
vt 0.156250 0.500000
vt 0.156250 0.500000
vt 0.156250 0.500000
vt 0.156250 0.500000
vt 0.156250 0.500000
vt 0.156250 0.500000
vt 0.156250 0.500000
vt 0.156250 0.500000
vt 0.156250 0.500000
vt 0.156250 0.500000
vt 0.156250 0.500000
vt 0.156250 0.500000
vt 0.156250 0.500000
vt 0.156250 0.500000
vt 0.156250 0.500000
vt 0.156250 0.500000
vt 0.156250 0.500000
vt 0.156250 0.500000
vt 0.156250 0.500000
vt 0.156250 0.500000
vt 0.156250 0.500000
vt 0.156250 0.500000
vt 0.156250 0.500000
vt 0.156250 0.500000
vt 0.156250 0.500000
vt 0.156250 0.500000
vt 0.156250 0.500000
vt 0.156250 0.500000
vt 0.156250 0.500000
vt 0.156250 0.500000
vt 0.156250 0.500000
vt 0.156250 0.500000
vt 0.156250 0.500000
vt 0.156250 0.500000
vt 0.156250 0.500000
vt 0.156250 0.500000
vt 0.156250 0.500000
vt 0.156250 0.500000
vt 0.156250 0.500000
vt 0.156250 0.500000
vt 0.156250 0.500000
vt 0.156250 0.500000
vt 0.156250 0.500000
vt 0.156250 0.500000
vt 0.156250 0.500000
vt 0.156250 0.500000
vt 0.156250 0.500000
vt 0.156250 0.500000
vt 0.156250 0.500000
vt 0.156250 0.500000
vt 0.156250 0.500000
vt 0.156250 0.500000
vt 0.156250 0.500000
vt 0.156250 0.500000
vt 0.156250 0.500000
vt 0.156250 0.500000
vt 0.156250 0.500000
vt 0.156250 0.500000
vt 0.156250 0.500000
vt 0.156250 0.500000
vt 0.156250 0.500000
vt 0.156250 0.500000
vt 0.156250 0.500000
vt 0.156250 0.500000
vt 0.156250 0.500000
vt 0.156250 0.500000
vt 0.156250 0.500000
vt 0.156250 0.500000
vt 0.156250 0.500000
vt 0.156250 0.500000
vt 0.156250 0.500000
vt 0.156250 0.500000
vt 0.156250 0.500000
vt 0.156250 0.500000
vt 0.156250 0.500000
vt 0.156250 0.500000
vt 0.156250 0.500000
vt 0.156250 0.500000
vt 0.156250 0.500000
vt 0.156250 0.500000
vt 0.156250 0.500000
vt 0.156250 0.500000
vt 0.156250 0.500000
vt 0.156250 0.500000
vt 0.156250 0.500000
vt 0.156250 0.500000
vt 0.156250 0.500000
vt 0.156250 0.500000
vt 0.156250 0.500000
vt 0.156250 0.500000
vt 0.156250 0.500000
vt 0.156250 0.500000
vt 0.156250 0.500000
vt 0.156250 0.500000
vt 0.156250 0.500000
vt 0.156250 0.500000
vt 0.156250 0.500000
vt 0.156250 0.500000
vt 0.156250 0.500000
vt 0.156250 0.500000
vt 0.156250 0.500000
vt 0.156250 0.500000
vt 0.156250 0.500000
vt 0.156250 0.500000
vt 0.156250 0.500000
vt 0.156250 0.500000
vt 0.156250 0.500000
vt 0.156250 0.500000
vt 0.156250 0.500000
vt 0.156250 0.500000
vt 0.156250 0.500000
vt 0.156250 0.500000
vt 0.156250 0.500000
vt 0.156250 0.500000
vt 0.156250 0.500000
vt 0.156250 0.500000
vt 0.156250 0.500000
vt 0.156250 0.500000
vt 0.156250 0.500000
vt 0.156250 0.500000
vt 0.156250 0.500000
vt 0.156250 0.500000
vt 0.156250 0.500000
vt 0.156250 0.500000
vt 0.156250 0.500000
vt 0.156250 0.500000
vt 0.156250 0.500000
vt 0.156250 0.500000
vt 0.156250 0.500000
vt 0.156250 0.500000
vt 0.156250 0.500000
vt 0.156250 0.500000
vt 0.156250 0.500000
vt 0.156250 0.500000
vt 0.156250 0.500000
vt 0.156250 0.500000
vt 0.156250 0.500000
vt 0.156250 0.500000
vt 0.156250 0.500000
vt 0.156250 0.500000
vt 0.156250 0.500000
vt 0.156250 0.500000
vt 0.156250 0.500000
vt 0.156250 0.500000
vt 0.156250 0.500000
vt 0.156250 0.500000
vt 0.156250 0.500000
vt 0.156250 0.500000
vt 0.156250 0.500000
vt 0.156250 0.500000
vt 0.156250 0.500000
vt 0.156250 0.500000
vt 0.156250 0.500000
vt 0.156250 0.500000
vt 0.156250 0.500000
vt 0.156250 0.500000
vt 0.156250 0.500000
vt 0.156250 0.500000
vt 0.156250 0.500000
vt 0.156250 0.500000
vt 0.156250 0.500000
vt 0.156250 0.500000
vt 0.156250 0.500000
vt 0.156250 0.500000
vt 0.156250 0.500000
vt 0.156250 0.500000
vt 0.156250 0.500000
vt 0.156250 0.500000
vt 0.156250 0.500000
vt 0.156250 0.500000
vt 0.156250 0.500000
vt 0.156250 0.500000
vt 0.156250 0.500000
vt 0.156250 0.500000
vt 0.156250 0.500000
vt 0.156250 0.500000
vt 0.156250 0.500000
vt 0.156250 0.500000
vt 0.156250 0.500000
vt 0.156250 0.500000
vt 0.156250 0.500000
vt 0.156250 0.500000
vt 0.156250 0.500000
vt 0.156250 0.500000
vt 0.156250 0.500000
vt 0.156250 0.500000
vt 0.156250 0.500000
vt 0.156250 0.500000
vt 0.156250 0.500000
vt 0.156250 0.500000
vt 0.156250 0.500000
vt 0.156250 0.500000
vt 0.156250 0.500000
vt 0.156250 0.500000
vt 0.156250 0.500000
vt 0.156250 0.500000
vt 0.156250 0.500000
vt 0.156250 0.500000
vt 0.156250 0.500000
vt 0.156250 0.500000
vt 0.156250 0.500000
vt 0.156250 0.500000
vt 0.156250 0.500000
vt 0.156250 0.500000
vt 0.156250 0.500000
vt 0.156250 0.500000
vt 0.156250 0.500000
vt 0.156250 0.500000
vt 0.156250 0.500000
vt 0.156250 0.500000
vt 0.156250 0.500000
vt 0.156250 0.500000
vt 0.156250 0.500000
vt 0.156250 0.500000
vt 0.156250 0.500000
vt 0.156250 0.500000
vt 0.156250 0.500000
vt 0.156250 0.500000
vt 0.156250 0.500000
vt 0.156250 0.500000
vt 0.156250 0.500000
vt 0.156250 0.500000
vt 0.156250 0.500000
vt 0.156250 0.500000
vt 0.156250 0.500000
vt 0.156250 0.500000
vt 0.156250 0.500000
vt 0.156250 0.500000
vt 0.156250 0.500000
vt 0.156250 0.500000
vt 0.156250 0.500000
vt 0.156250 0.500000
vt 0.156250 0.500000
vt 0.156250 0.500000
vt 0.156250 0.500000
vt 0.156250 0.500000
vt 0.156250 0.500000
vt 0.156250 0.500000
vt 0.156250 0.500000
vt 0.156250 0.500000
vt 0.156250 0.500000
vt 0.156250 0.500000
vt 0.156250 0.500000
vt 0.156250 0.500000
vt 0.156250 0.500000
vt 0.156250 0.500000
vt 0.156250 0.500000
vt 0.156250 0.500000
vt 0.156250 0.500000
vt 0.156250 0.500000
vt 0.156250 0.500000
vt 0.156250 0.500000
vt 0.156250 0.500000
vt 0.156250 0.500000
vt 0.156250 0.500000
vt 0.156250 0.500000
vt 0.156250 0.500000
vt 0.156250 0.500000
vt 0.156250 0.500000
vt 0.156250 0.500000
vt 0.156250 0.500000
vt 0.156250 0.500000
vt 0.156250 0.500000
vt 0.156250 0.500000
vt 0.156250 0.500000
vt 0.156250 0.500000
vt 0.156250 0.500000
vt 0.156250 0.500000
vt 0.156250 0.500000
vt 0.156250 0.500000
vt 0.156250 0.500000
vt 0.156250 0.500000
vt 0.156250 0.500000
vt 0.156250 0.500000
vt 0.156250 0.500000
vt 0.156250 0.500000
vt 0.156250 0.500000
vt 0.156250 0.500000
vt 0.156250 0.500000
vt 0.156250 0.500000
vt 0.156250 0.500000
vt 0.156250 0.500000
vt 0.156250 0.500000
vt 0.156250 0.500000
vt 0.156250 0.500000
vt 0.156250 0.500000
vt 0.156250 0.500000
vt 0.156250 0.500000
vt 0.156250 0.500000
vt 0.156250 0.500000
vt 0.156250 0.500000
vt 0.156250 0.500000
vt 0.156250 0.500000
vt 0.156250 0.500000
vt 0.156250 0.500000
vt 0.156250 0.500000
vt 0.156250 0.500000
vt 0.156250 0.500000
vt 0.156250 0.500000
vt 0.156250 0.500000
vt 0.156250 0.500000
vt 0.156250 0.500000
vt 0.156250 0.500000
vt 0.156250 0.500000
vt 0.156250 0.500000
vt 0.156250 0.500000
vt 0.156250 0.500000
vt 0.156250 0.500000
vt 0.156250 0.500000
vt 0.156250 0.500000
vt 0.156250 0.500000
vt 0.156250 0.500000
vt 0.156250 0.500000
vt 0.156250 0.500000
vt 0.156250 0.500000
vt 0.156250 0.500000
vt 0.156250 0.500000
vt 0.156250 0.500000
vt 0.156250 0.500000
vt 0.156250 0.500000
vt 0.156250 0.500000
vt 0.156250 0.500000
vt 0.156250 0.500000
vt 0.156250 0.500000
vt 0.156250 0.500000
vt 0.156250 0.500000
vt 0.156250 0.500000
vt 0.156250 0.500000
vt 0.156250 0.500000
vt 0.156250 0.500000
vt 0.156250 0.500000
vt 0.156250 0.500000
vt 0.156250 0.500000
vt 0.156250 0.500000
vt 0.156250 0.500000
vt 0.156250 0.500000
vt 0.156250 0.500000
vt 0.156250 0.500000
vt 0.156250 0.500000
vt 0.156250 0.500000
vt 0.156250 0.500000
vt 0.156250 0.500000
vt 0.156250 0.500000
vt 0.156250 0.500000
vt 0.156250 0.500000
vt 0.156250 0.500000
vt 0.156250 0.500000
vt 0.156250 0.500000
vt 0.156250 0.500000
vt 0.156250 0.500000
vt 0.156250 0.500000
vt 0.156250 0.500000
vt 0.156250 0.500000
vt 0.156250 0.500000
vt 0.156250 0.500000
vt 0.156250 0.500000
vt 0.156250 0.500000
vt 0.156250 0.500000
vt 0.156250 0.500000
vt 0.156250 0.500000
vt 0.156250 0.500000
vt 0.156250 0.500000
vt 0.156250 0.500000
vt 0.156250 0.500000
vt 0.156250 0.500000
vt 0.156250 0.500000
vt 0.156250 0.500000
vt 0.156250 0.500000
vt 0.156250 0.500000
vt 0.156250 0.500000
vt 0.156250 0.500000
vt 0.156250 0.500000
vt 0.156250 0.500000
vt 0.156250 0.500000
vt 0.156250 0.500000
vt 0.156250 0.500000
vt 0.156250 0.500000
vt 0.156250 0.500000
vt 0.156250 0.500000
vt 0.156250 0.500000
vt 0.156250 0.500000
vt 0.156250 0.500000
vt 0.156250 0.500000
vt 0.156250 0.500000
vt 0.156250 0.500000
vt 0.156250 0.500000
vt 0.156250 0.500000
vt 0.156250 0.500000
vt 0.156250 0.500000
vt 0.156250 0.500000
vt 0.156250 0.500000
vt 0.156250 0.500000
vt 0.156250 0.500000
vt 0.156250 0.500000
vt 0.156250 0.500000
vt 0.156250 0.500000
vt 0.156250 0.500000
vt 0.156250 0.500000
vt 0.156250 0.500000
vt 0.156250 0.500000
vt 0.156250 0.500000
vt 0.156250 0.500000
vt 0.156250 0.500000
vt 0.156250 0.500000
vt 0.156250 0.500000
vt 0.156250 0.500000
vt 0.156250 0.500000
vt 0.156250 0.500000
vt 0.156250 0.500000
vt 0.156250 0.500000
vt 0.156250 0.500000
vt 0.156250 0.500000
vt 0.156250 0.500000
vt 0.156250 0.500000
vt 0.156250 0.500000
vt 0.156250 0.500000
vt 0.156250 0.500000
vt 0.156250 0.500000
vt 0.156250 0.500000
vt 0.156250 0.500000
vt 0.156250 0.500000
vt 0.156250 0.500000
vt 0.156250 0.500000
vt 0.156250 0.500000
vt 0.156250 0.500000
vt 0.156250 0.500000
vt 0.156250 0.500000
vt 0.156250 0.500000
vt 0.156250 0.500000
vt 0.156250 0.500000
vt 0.156250 0.500000
vt 0.156250 0.500000
vt 0.156250 0.500000
vt 0.156250 0.500000
vt 0.156250 0.500000
vt 0.156250 0.500000
vt 0.156250 0.500000
vt 0.156250 0.500000
vt 0.156250 0.500000
vt 0.156250 0.500000
vt 0.156250 0.500000
vt 0.156250 0.500000
vt 0.156250 0.500000
vt 0.156250 0.500000
vt 0.156250 0.500000
vt 0.156250 0.500000
vt 0.156250 0.500000
vt 0.156250 0.500000
vt 0.156250 0.500000
vt 0.156250 0.500000
vt 0.156250 0.500000
vt 0.156250 0.500000
vt 0.156250 0.500000
vt 0.156250 0.500000
vt 0.156250 0.500000
vt 0.156250 0.500000
vt 0.156250 0.500000
vt 0.156250 0.500000
vt 0.156250 0.500000
vt 0.156250 0.500000
vt 0.156250 0.500000
vt 0.156250 0.500000
vt 0.156250 0.500000
vt 0.156250 0.500000
vt 0.156250 0.500000
vt 0.156250 0.500000
vt 0.156250 0.500000
vt 0.156250 0.500000
vt 0.156250 0.500000
vt 0.156250 0.500000
vt 0.156250 0.500000
vt 0.156250 0.500000
vt 0.156250 0.500000
vt 0.156250 0.500000
vt 0.156250 0.500000
vt 0.156250 0.500000
vt 0.156250 0.500000
vt 0.156250 0.500000
vt 0.156250 0.500000
vt 0.156250 0.500000
vt 0.156250 0.500000
vt 0.156250 0.500000
vt 0.156250 0.500000
vt 0.156250 0.500000
vt 0.156250 0.500000
vt 0.156250 0.500000
vt 0.156250 0.500000
vt 0.156250 0.500000
vt 0.156250 0.500000
vt 0.156250 0.500000
vt 0.156250 0.500000
vt 0.156250 0.500000
vt 0.156250 0.500000
vt 0.156250 0.500000
vt 0.156250 0.500000
vt 0.156250 0.500000
vt 0.156250 0.500000
vt 0.156250 0.500000
vt 0.156250 0.500000
vt 0.156250 0.500000
vt 0.156250 0.500000
vt 0.156250 0.500000
vt 0.156250 0.500000
vt 0.156250 0.500000
vt 0.156250 0.500000
vt 0.156250 0.500000
vt 0.156250 0.500000
vt 0.156250 0.500000
vt 0.156250 0.500000
vt 0.156250 0.500000
vt 0.156250 0.500000
vt 0.156250 0.500000
vt 0.156250 0.500000
vt 0.156250 0.500000
vt 0.156250 0.500000
vt 0.156250 0.500000
vt 0.156250 0.500000
vt 0.156250 0.500000
vt 0.156250 0.500000
vt 0.156250 0.500000
vt 0.156250 0.500000
vt 0.156250 0.500000
vt 0.156250 0.500000
vt 0.156250 0.500000
vt 0.156250 0.500000
vt 0.156250 0.500000
vt 0.156250 0.500000
vt 0.156250 0.500000
vt 0.156250 0.500000
vt 0.156250 0.500000
vt 0.156250 0.500000
vt 0.156250 0.500000
vt 0.156250 0.500000
vt 0.156250 0.500000
vt 0.156250 0.500000
vt 0.156250 0.500000
vt 0.156250 0.500000
vt 0.156250 0.500000
vt 0.156250 0.500000
vt 0.156250 0.500000
vt 0.156250 0.500000
vt 0.156250 0.500000
vt 0.156250 0.500000
vt 0.156250 0.500000
vt 0.156250 0.500000
vt 0.156250 0.500000
vt 0.156250 0.500000
vt 0.156250 0.500000
vt 0.156250 0.500000
vt 0.156250 0.500000
vt 0.156250 0.500000
vt 0.156250 0.500000
vt 0.156250 0.500000
vt 0.156250 0.500000
vt 0.156250 0.500000
vt 0.156250 0.500000
vt 0.156250 0.500000
vt 0.156250 0.500000
vt 0.156250 0.500000
vt 0.156250 0.500000
vt 0.156250 0.500000
vt 0.156250 0.500000
vt 0.156250 0.500000
vt 0.156250 0.500000
vt 0.156250 0.500000
vt 0.156250 0.500000
vt 0.156250 0.500000
vt 0.156250 0.500000
vt 0.156250 0.500000
vt 0.156250 0.500000
vt 0.156250 0.500000
vt 0.156250 0.500000
vt 0.156250 0.500000
vt 0.156250 0.500000
vt 0.156250 0.500000
vt 0.156250 0.500000
vt 0.156250 0.500000
vt 0.156250 0.500000
vt 0.156250 0.500000
vt 0.156250 0.500000
vt 0.156250 0.500000
vt 0.156250 0.500000
vt 0.156250 0.500000
vt 0.156250 0.500000
vt 0.156250 0.500000
vt 0.156250 0.500000
vt 0.156250 0.500000
vt 0.156250 0.500000
vt 0.156250 0.500000
vt 0.156250 0.500000
vt 0.156250 0.500000
vt 0.156250 0.500000
vt 0.156250 0.500000
vt 0.156250 0.500000
vt 0.156250 0.500000
vt 0.156250 0.500000
vt 0.156250 0.500000
vt 0.156250 0.500000
vt 0.156250 0.500000
vt 0.156250 0.500000
vt 0.156250 0.500000
vt 0.156250 0.500000
vt 0.156250 0.500000
vt 0.156250 0.500000
vt 0.156250 0.500000
vt 0.156250 0.500000
vt 0.156250 0.500000
vt 0.156250 0.500000
vt 0.156250 0.500000
vt 0.156250 0.500000
vt 0.156250 0.500000
vt 0.156250 0.500000
vt 0.156250 0.500000
vt 0.156250 0.500000
vt 0.156250 0.500000
vt 0.156250 0.500000
vt 0.156250 0.500000
vt 0.156250 0.500000
vt 0.156250 0.500000
vt 0.156250 0.500000
vt 0.156250 0.500000
vt 0.156250 0.500000
vt 0.156250 0.500000
vt 0.156250 0.500000
vt 0.156250 0.500000
vt 0.156250 0.500000
vt 0.156250 0.500000
vt 0.156250 0.500000
vt 0.156250 0.500000
vt 0.156250 0.500000
vt 0.156250 0.500000
vt 0.156250 0.500000
vt 0.156250 0.500000
vt 0.156250 0.500000
vt 0.156250 0.500000
vt 0.156250 0.500000
vt 0.156250 0.500000
vt 0.156250 0.500000
vt 0.156250 0.500000
vt 0.156250 0.500000
vt 0.156250 0.500000
vt 0.156250 0.500000
vt 0.156250 0.500000
vt 0.156250 0.500000
vt 0.156250 0.500000
vt 0.156250 0.500000
vt 0.156250 0.500000
vt 0.156250 0.500000
vt 0.156250 0.500000
vt 0.156250 0.500000
vt 0.156250 0.500000
vt 0.156250 0.500000
vt 0.156250 0.500000
vt 0.156250 0.500000
vt 0.156250 0.500000
vt 0.156250 0.500000
vt 0.156250 0.500000
vt 0.156250 0.500000
vt 0.156250 0.500000
vt 0.156250 0.500000
vt 0.156250 0.500000
vt 0.156250 0.500000
vt 0.156250 0.500000
vt 0.156250 0.500000
vt 0.156250 0.500000
vt 0.156250 0.500000
vt 0.156250 0.500000
vt 0.156250 0.500000
vt 0.156250 0.500000
vt 0.156250 0.500000
vt 0.156250 0.500000
vt 0.156250 0.500000
vt 0.156250 0.500000
vt 0.156250 0.500000
vt 0.156250 0.500000
vt 0.156250 0.500000
vt 0.156250 0.500000
vt 0.156250 0.500000
vt 0.156250 0.500000
vt 0.156250 0.500000
vt 0.156250 0.500000
vt 0.156250 0.500000
vt 0.156250 0.500000
vt 0.156250 0.500000
vt 0.156250 0.500000
vt 0.156250 0.500000
vt 0.156250 0.500000
vt 0.156250 0.500000
vt 0.156250 0.500000
vt 0.156250 0.500000
vt 0.156250 0.500000
vt 0.156250 0.500000
vt 0.156250 0.500000
vt 0.156250 0.500000
vt 0.156250 0.500000
vt 0.156250 0.500000
vt 0.156250 0.500000
vt 0.156250 0.500000
vt 0.156250 0.500000
vt 0.156250 0.500000
vt 0.156250 0.500000
vt 0.156250 0.500000
vt 0.156250 0.500000
vt 0.156250 0.500000
vt 0.156250 0.500000
vt 0.156250 0.500000
vt 0.156250 0.500000
vt 0.156250 0.500000
vt 0.156250 0.500000
vt 0.156250 0.500000
vt 0.156250 0.500000
vt 0.156250 0.500000
vt 0.156250 0.500000
vt 0.156250 0.500000
vt 0.156250 0.500000
vt 0.156250 0.500000
vt 0.156250 0.500000
vt 0.156250 0.500000
vt 0.156250 0.500000
vt 0.156250 0.500000
vt 0.156250 0.500000
vt 0.156250 0.500000
vt 0.156250 0.500000
vt 0.156250 0.500000
vt 0.156250 0.500000
vt 0.156250 0.500000
vt 0.156250 0.500000
vt 0.156250 0.500000
vt 0.156250 0.500000
vt 0.156250 0.500000
vt 0.156250 0.500000
vt 0.156250 0.500000
vt 0.156250 0.500000
vt 0.156250 0.500000
vt 0.156250 0.500000
vt 0.156250 0.500000
vt 0.156250 0.500000
vt 0.156250 0.500000
vt 0.156250 0.500000
vt 0.156250 0.500000
vt 0.156250 0.500000
vt 0.156250 0.500000
vt 0.156250 0.500000
vt 0.156250 0.500000
vt 0.156250 0.500000
vt 0.156250 0.500000
vt 0.156250 0.500000
vt 0.156250 0.500000
vt 0.156250 0.500000
vt 0.156250 0.500000
vt 0.156250 0.500000
vt 0.156250 0.500000
vt 0.156250 0.500000
vt 0.156250 0.500000
vt 0.156250 0.500000
vt 0.156250 0.500000
vt 0.156250 0.500000
vt 0.156250 0.500000
vt 0.156250 0.500000
vt 0.156250 0.500000
vt 0.156250 0.500000
vt 0.156250 0.500000
vt 0.156250 0.500000
vt 0.156250 0.500000
vt 0.156250 0.500000
vt 0.156250 0.500000
vt 0.156250 0.500000
vt 0.156250 0.500000
vt 0.156250 0.500000
vt 0.156250 0.500000
vt 0.156250 0.500000
vt 0.156250 0.500000
vt 0.156250 0.500000
vt 0.156250 0.500000
vt 0.156250 0.500000
vt 0.156250 0.500000
vt 0.156250 0.500000
vt 0.156250 0.500000
vt 0.156250 0.500000
vt 0.156250 0.500000
vt 0.156250 0.500000
vt 0.156250 0.500000
vt 0.156250 0.500000
vt 0.156250 0.500000
vt 0.156250 0.500000
vt 0.156250 0.500000
vt 0.156250 0.500000
vt 0.156250 0.500000
vt 0.156250 0.500000
vt 0.156250 0.500000
vt 0.156250 0.500000
vt 0.156250 0.500000
vt 0.156250 0.500000
vt 0.156250 0.500000
vt 0.156250 0.500000
vt 0.156250 0.500000
vt 0.156250 0.500000
vt 0.156250 0.500000
vt 0.156250 0.500000
vt 0.156250 0.500000
vt 0.156250 0.500000
vt 0.156250 0.500000
vt 0.156250 0.500000
vt 0.156250 0.500000
vt 0.156250 0.500000
vt 0.156250 0.500000
vt 0.156250 0.500000
vt 0.156250 0.500000
vt 0.156250 0.500000
vt 0.156250 0.500000
vt 0.156250 0.500000
vt 0.156250 0.500000
vt 0.156250 0.500000
vt 0.156250 0.500000
vt 0.156250 0.500000
vt 0.156250 0.500000
vt 0.156250 0.500000
vt 0.156250 0.500000
vt 0.156250 0.500000
vt 0.156250 0.500000
vt 0.156250 0.500000
vt 0.156250 0.500000
vt 0.156250 0.500000
vt 0.156250 0.500000
vt 0.156250 0.500000
vt 0.156250 0.500000
vt 0.156250 0.500000
vt 0.156250 0.500000
vt 0.156250 0.500000
vt 0.156250 0.500000
vt 0.156250 0.500000
vt 0.156250 0.500000
vt 0.156250 0.500000
vt 0.156250 0.500000
vt 0.156250 0.500000
vt 0.156250 0.500000
vt 0.156250 0.500000
vt 0.156250 0.500000
vt 0.156250 0.500000
vt 0.156250 0.500000
vt 0.156250 0.500000
vt 0.156250 0.500000
vt 0.156250 0.500000
vt 0.156250 0.500000
vt 0.156250 0.500000
vt 0.156250 0.500000
vt 0.156250 0.500000
vt 0.156250 0.500000
vt 0.156250 0.500000
vt 0.156250 0.500000
vt 0.156250 0.500000
vt 0.156250 0.500000
vt 0.156250 0.500000
vt 0.156250 0.500000
vt 0.156250 0.500000
vt 0.156250 0.500000
vt 0.156250 0.500000
vt 0.156250 0.500000
vt 0.156250 0.500000
vt 0.156250 0.500000
vt 0.156250 0.500000
vt 0.156250 0.500000
vt 0.156250 0.500000
vt 0.156250 0.500000
vt 0.156250 0.500000
vt 0.156250 0.500000
vt 0.156250 0.500000
vt 0.156250 0.500000
vt 0.156250 0.500000
vt 0.156250 0.500000
vt 0.156250 0.500000
vt 0.156250 0.500000
vt 0.156250 0.500000
vt 0.156250 0.500000
vt 0.156250 0.500000
vt 0.156250 0.500000
vt 0.156250 0.500000
vt 0.156250 0.500000
vt 0.156250 0.500000
vt 0.156250 0.500000
vt 0.156250 0.500000
vt 0.156250 0.500000
vt 0.156250 0.500000
vt 0.156250 0.500000
vt 0.156250 0.500000
vt 0.156250 0.500000
vt 0.156250 0.500000
vt 0.156250 0.500000
vt 0.156250 0.500000
vt 0.156250 0.500000
vt 0.156250 0.500000
vt 0.156250 0.500000
vt 0.156250 0.500000
vt 0.156250 0.500000
vt 0.156250 0.500000
vt 0.156250 0.500000
vt 0.156250 0.500000
vt 0.156250 0.500000
vt 0.156250 0.500000
vt 0.156250 0.500000
vt 0.156250 0.500000
vt 0.156250 0.500000
vt 0.156250 0.500000
vt 0.156250 0.500000
vt 0.156250 0.500000
vt 0.156250 0.500000
vt 0.156250 0.500000
vt 0.156250 0.500000
vt 0.156250 0.500000
vt 0.156250 0.500000
vt 0.156250 0.500000
vt 0.156250 0.500000
vt 0.156250 0.500000
vt 0.156250 0.500000
vt 0.156250 0.500000
vt 0.156250 0.500000
vt 0.156250 0.500000
vt 0.156250 0.500000
vt 0.156250 0.500000
vt 0.156250 0.500000
vt 0.156250 0.500000
vt 0.156250 0.500000
vt 0.156250 0.500000
vt 0.156250 0.500000
vt 0.156250 0.500000
vt 0.156250 0.500000
vt 0.156250 0.500000
vt 0.156250 0.500000
vt 0.156250 0.500000
vt 0.156250 0.500000
vt 0.156250 0.500000
vt 0.156250 0.500000
vt 0.156250 0.500000
vt 0.156250 0.500000
vt 0.156250 0.500000
vt 0.156250 0.500000
vt 0.156250 0.500000
vt 0.156250 0.500000
vt 0.156250 0.500000
vt 0.156250 0.500000
vt 0.156250 0.500000
vt 0.156250 0.500000
vt 0.156250 0.500000
vt 0.156250 0.500000
vt 0.156250 0.500000
vt 0.156250 0.500000
vt 0.156250 0.500000
vt 0.156250 0.500000
vt 0.156250 0.500000
vt 0.156250 0.500000
vt 0.156250 0.500000
vt 0.156250 0.500000
vt 0.156250 0.500000
vt 0.156250 0.500000
vt 0.156250 0.500000
vt 0.156250 0.500000
vt 0.156250 0.500000
vt 0.156250 0.500000
vt 0.156250 0.500000
vt 0.156250 0.500000
vt 0.156250 0.500000
vt 0.156250 0.500000
vt 0.156250 0.500000
vt 0.156250 0.500000
vt 0.156250 0.500000
vt 0.156250 0.500000
vt 0.156250 0.500000
vt 0.156250 0.500000
vt 0.156250 0.500000
vt 0.156250 0.500000
vt 0.156250 0.500000
vt 0.156250 0.500000
vt 0.156250 0.500000
vt 0.156250 0.500000
vt 0.156250 0.500000
vt 0.156250 0.500000
vt 0.156250 0.500000
vt 0.156250 0.500000
vt 0.156250 0.500000
vt 0.156250 0.500000
vt 0.156250 0.500000
vt 0.156250 0.500000
vt 0.156250 0.500000
vt 0.156250 0.500000
vt 0.156250 0.500000
vt 0.156250 0.500000
vt 0.156250 0.500000
vt 0.156250 0.500000
vt 0.156250 0.500000
vt 0.156250 0.500000
vt 0.156250 0.500000
vt 0.156250 0.500000
vt 0.156250 0.500000
vt 0.156250 0.500000
vt 0.156250 0.500000
vt 0.156250 0.500000
vt 0.156250 0.500000
vt 0.156250 0.500000
vt 0.156250 0.500000
vt 0.156250 0.500000
vt 0.156250 0.500000
vt 0.156250 0.500000
vt 0.156250 0.500000
vt 0.156250 0.500000
vt 0.156250 0.500000
vt 0.156250 0.500000
vt 0.156250 0.500000
vt 0.156250 0.500000
vt 0.156250 0.500000
vt 0.156250 0.500000
vt 0.156250 0.500000
vt 0.156250 0.500000
vt 0.156250 0.500000
vt 0.156250 0.500000
vt 0.156250 0.500000
vt 0.156250 0.500000
vt 0.156250 0.500000
vt 0.156250 0.500000
vt 0.156250 0.500000
vt 0.156250 0.500000
vt 0.156250 0.500000
vt 0.156250 0.500000
vt 0.156250 0.500000
vt 0.156250 0.500000
vt 0.156250 0.500000
vt 0.156250 0.500000
vt 0.156250 0.500000
vt 0.156250 0.500000
vt 0.156250 0.500000
vt 0.156250 0.500000
vt 0.156250 0.500000
vt 0.156250 0.500000
vt 0.156250 0.500000
vt 0.156250 0.500000
vt 0.156250 0.500000
vt 0.156250 0.500000
vt 0.156250 0.500000
vt 0.156250 0.500000
vt 0.156250 0.500000
vt 0.156250 0.500000
vt 0.156250 0.500000
vt 0.156250 0.500000
vt 0.156250 0.500000
vt 0.156250 0.500000
vt 0.156250 0.500000
vt 0.156250 0.500000
vt 0.156250 0.500000
vt 0.156250 0.500000
vt 0.156250 0.500000
vt 0.156250 0.500000
vt 0.156250 0.500000
vt 0.156250 0.500000
vt 0.156250 0.500000
vt 0.156250 0.500000
vt 0.156250 0.500000
vt 0.156250 0.500000
vt 0.156250 0.500000
vt 0.156250 0.500000
vt 0.156250 0.500000
vt 0.156250 0.500000
vt 0.156250 0.500000
vt 0.156250 0.500000
vt 0.156250 0.500000
vt 0.156250 0.500000
vt 0.156250 0.500000
vt 0.156250 0.500000
vt 0.156250 0.500000
vt 0.156250 0.500000
vt 0.156250 0.500000
vt 0.156250 0.500000
vt 0.156250 0.500000
vt 0.156250 0.500000
vt 0.156250 0.500000
vt 0.156250 0.500000
vt 0.156250 0.500000
vt 0.156250 0.500000
vt 0.156250 0.500000
vt 0.156250 0.500000
vt 0.156250 0.500000
vt 0.156250 0.500000
vt 0.156250 0.500000
vt 0.156250 0.500000
vt 0.156250 0.500000
vt 0.156250 0.500000
vt 0.156250 0.500000
vt 0.156250 0.500000
vt 0.156250 0.500000
vt 0.156250 0.500000
vt 0.156250 0.500000
vt 0.156250 0.500000
vt 0.156250 0.500000
vt 0.156250 0.500000
vt 0.156250 0.500000
vt 0.156250 0.500000
vt 0.156250 0.500000
vt 0.156250 0.500000
vt 0.156250 0.500000
vt 0.156250 0.500000
vt 0.156250 0.500000
vt 0.156250 0.500000
vt 0.156250 0.500000
vt 0.156250 0.500000
vt 0.156250 0.500000
vt 0.156250 0.500000
vt 0.156250 0.500000
vt 0.156250 0.500000
vt 0.156250 0.500000
vt 0.156250 0.500000
vt 0.156250 0.500000
vt 0.156250 0.500000
vt 0.156250 0.500000
vt 0.156250 0.500000
vt 0.156250 0.500000
vt 0.156250 0.500000
vt 0.156250 0.500000
vt 0.156250 0.500000
vt 0.156250 0.500000
vt 0.156250 0.500000
vt 0.156250 0.500000
vt 0.156250 0.500000
vt 0.156250 0.500000
vt 0.156250 0.500000
vt 0.156250 0.500000
vt 0.156250 0.500000
vt 0.156250 0.500000
vt 0.156250 0.500000
vt 0.156250 0.500000
vt 0.156250 0.500000
vt 0.156250 0.500000
vt 0.156250 0.500000
vt 0.156250 0.500000
vt 0.156250 0.500000
vt 0.156250 0.500000
vt 0.156250 0.500000
vt 0.156250 0.500000
vt 0.156250 0.500000
vt 0.156250 0.500000
vt 0.156250 0.500000
vt 0.156250 0.500000
vt 0.156250 0.500000
vt 0.156250 0.500000
vt 0.156250 0.500000
vt 0.156250 0.500000
vt 0.156250 0.500000
vt 0.156250 0.500000
vt 0.156250 0.500000
vt 0.156250 0.500000
vt 0.156250 0.500000
vt 0.156250 0.500000
vt 0.156250 0.500000
vt 0.156250 0.500000
vt 0.156250 0.500000
vt 0.156250 0.500000
vt 0.156250 0.500000
vt 0.156250 0.500000
vt 0.156250 0.500000
vt 0.156250 0.500000
vt 0.156250 0.500000
vt 0.156250 0.500000
vt 0.156250 0.500000
vt 0.156250 0.500000
vt 0.156250 0.500000
vt 0.156250 0.500000
vt 0.156250 0.500000
vt 0.156250 0.500000
vt 0.156250 0.500000
vt 0.156250 0.500000
vt 0.156250 0.500000
vt 0.156250 0.500000
vt 0.156250 0.500000
vt 0.156250 0.500000
vt 0.156250 0.500000
vt 0.156250 0.500000
vt 0.156250 0.500000
vt 0.156250 0.500000
vt 0.156250 0.500000
vt 0.156250 0.500000
vt 0.156250 0.500000
vt 0.156250 0.500000
vt 0.156250 0.500000
vt 0.156250 0.500000
vt 0.156250 0.500000
vt 0.156250 0.500000
vt 0.156250 0.500000
vt 0.156250 0.500000
vt 0.156250 0.500000
vt 0.156250 0.500000
vt 0.156250 0.500000
vt 0.156250 0.500000
vt 0.156250 0.500000
vt 0.156250 0.500000
vt 0.156250 0.500000
vt 0.156250 0.500000
vt 0.156250 0.500000
vt 0.156250 0.500000
vt 0.156250 0.500000
vt 0.156250 0.500000
vt 0.156250 0.500000
vt 0.156250 0.500000
vt 0.156250 0.500000
vt 0.156250 0.500000
vt 0.156250 0.500000
vt 0.156250 0.500000
vt 0.156250 0.500000
vt 0.156250 0.500000
vt 0.156250 0.500000
vt 0.156250 0.500000
vt 0.156250 0.500000
vt 0.156250 0.500000
vt 0.156250 0.500000
vt 0.156250 0.500000
vt 0.156250 0.500000
vt 0.156250 0.500000
vt 0.156250 0.500000
vt 0.156250 0.500000
vt 0.156250 0.500000
vt 0.156250 0.500000
vt 0.156250 0.500000
vt 0.156250 0.500000
vt 0.156250 0.500000
vt 0.156250 0.500000
vt 0.156250 0.500000
vt 0.156250 0.500000
vt 0.156250 0.500000
vt 0.156250 0.500000
vt 0.156250 0.500000
vt 0.156250 0.500000
vt 0.156250 0.500000
vt 0.156250 0.500000
vt 0.156250 0.500000
vt 0.156250 0.500000
vt 0.156250 0.500000
vt 0.156250 0.500000
vt 0.156250 0.500000
vt 0.156250 0.500000
vt 0.156250 0.500000
vt 0.156250 0.500000
vt 0.156250 0.500000
vt 0.156250 0.500000
vt 0.156250 0.500000
vt 0.156250 0.500000
vt 0.156250 0.500000
vt 0.156250 0.500000
vt 0.156250 0.500000
vt 0.156250 0.500000
vt 0.156250 0.500000
vt 0.156250 0.500000
vt 0.156250 0.500000
vt 0.156250 0.500000
vt 0.156250 0.500000
vt 0.156250 0.500000
vt 0.156250 0.500000
vt 0.156250 0.500000
vt 0.156250 0.500000
vt 0.156250 0.500000
vt 0.156250 0.500000
vt 0.156250 0.500000
vt 0.156250 0.500000
vt 0.156250 0.500000
vt 0.156250 0.500000
vt 0.156250 0.500000
vt 0.156250 0.500000
vt 0.156250 0.500000
vt 0.156250 0.500000
vt 0.156250 0.500000
vt 0.156250 0.500000
vt 0.156250 0.500000
vt 0.156250 0.500000
vt 0.156250 0.500000
vt 0.156250 0.500000
vt 0.156250 0.500000
vt 0.156250 0.500000
vt 0.156250 0.500000
vt 0.156250 0.500000
vt 0.156250 0.500000
vt 0.156250 0.500000
vt 0.156250 0.500000
vt 0.156250 0.500000
vt 0.156250 0.500000
vt 0.156250 0.500000
vt 0.156250 0.500000
vt 0.156250 0.500000
vt 0.156250 0.500000
vt 0.156250 0.500000
vt 0.156250 0.500000
vt 0.156250 0.500000
vt 0.156250 0.500000
vt 0.156250 0.500000
vt 0.156250 0.500000
vt 0.156250 0.500000
vt 0.156250 0.500000
vt 0.156250 0.500000
vt 0.156250 0.500000
vt 0.156250 0.500000
vt 0.156250 0.500000
vt 0.156250 0.500000
vt 0.156250 0.500000
vt 0.156250 0.500000
vt 0.156250 0.500000
vt 0.156250 0.500000
vt 0.156250 0.500000
vt 0.156250 0.500000
vt 0.156250 0.500000
vt 0.156250 0.500000
vt 0.156250 0.500000
vt 0.156250 0.500000
vt 0.156250 0.500000
vt 0.156250 0.500000
vt 0.156250 0.500000
vt 0.156250 0.500000
vt 0.156250 0.500000
vt 0.156250 0.500000
vt 0.156250 0.500000
vt 0.156250 0.500000
vt 0.156250 0.500000
vt 0.156250 0.500000
vt 0.156250 0.500000
vt 0.156250 0.500000
vt 0.156250 0.500000
vt 0.156250 0.500000
vt 0.156250 0.500000
vt 0.156250 0.500000
vt 0.156250 0.500000
vt 0.156250 0.500000
vt 0.156250 0.500000
vt 0.156250 0.500000
vt 0.156250 0.500000
vt 0.156250 0.500000
vt 0.156250 0.500000
vt 0.156250 0.500000
vt 0.156250 0.500000
vt 0.156250 0.500000
vt 0.156250 0.500000
vt 0.156250 0.500000
vt 0.156250 0.500000
vt 0.156250 0.500000
vt 0.156250 0.500000
vt 0.156250 0.500000
vt 0.156250 0.500000
vt 0.156250 0.500000
vt 0.156250 0.500000
vt 0.156250 0.500000
vt 0.156250 0.500000
vt 0.156250 0.500000
vt 0.156250 0.500000
vt 0.156250 0.500000
vt 0.156250 0.500000
vt 0.156250 0.500000
vt 0.156250 0.500000
vt 0.156250 0.500000
vt 0.156250 0.500000
vt 0.156250 0.500000
vt 0.156250 0.500000
vt 0.156250 0.500000
vt 0.156250 0.500000
vt 0.156250 0.500000
vt 0.156250 0.500000
vt 0.156250 0.500000
vt 0.156250 0.500000
vt 0.156250 0.500000
vt 0.156250 0.500000
vt 0.156250 0.500000
vt 0.156250 0.500000
vt 0.156250 0.500000
vt 0.156250 0.500000
vt 0.156250 0.500000
vt 0.156250 0.500000
vt 0.156250 0.500000
vt 0.156250 0.500000
vt 0.156250 0.500000
vt 0.156250 0.500000
vt 0.156250 0.500000
vt 0.156250 0.500000
vt 0.156250 0.500000
vt 0.156250 0.500000
vt 0.156250 0.500000
vt 0.156250 0.500000
vt 0.156250 0.500000
vt 0.156250 0.500000
vt 0.156250 0.500000
vt 0.156250 0.500000
vt 0.156250 0.500000
vt 0.156250 0.500000
vt 0.156250 0.500000
vt 0.156250 0.500000
vt 0.156250 0.500000
vt 0.156250 0.500000
vt 0.156250 0.500000
vt 0.156250 0.500000
vt 0.156250 0.500000
vt 0.156250 0.500000
vt 0.156250 0.500000
vt 0.156250 0.500000
vt 0.156250 0.500000
vt 0.156250 0.500000
vt 0.156250 0.500000
vt 0.156250 0.500000
vt 0.156250 0.500000
vt 0.156250 0.500000
vt 0.156250 0.500000
vt 0.156250 0.500000
vt 0.156250 0.500000
vt 0.156250 0.500000
vt 0.156250 0.500000
vt 0.156250 0.500000
vt 0.156250 0.500000
vt 0.156250 0.500000
vt 0.156250 0.500000
vt 0.156250 0.500000
vt 0.156250 0.500000
vt 0.156250 0.500000
vt 0.156250 0.500000
vt 0.156250 0.500000
vt 0.156250 0.500000
vt 0.156250 0.500000
vt 0.156250 0.500000
vt 0.156250 0.500000
vt 0.156250 0.500000
vt 0.156250 0.500000
vt 0.156250 0.500000
vt 0.156250 0.500000
vt 0.156250 0.500000
vt 0.156250 0.500000
vt 0.156250 0.500000
vt 0.156250 0.500000
vt 0.156250 0.500000
vt 0.156250 0.500000
vt 0.156250 0.500000
vt 0.156250 0.500000
vt 0.156250 0.500000
vt 0.156250 0.500000
vt 0.156250 0.500000
vt 0.156250 0.500000
vt 0.156250 0.500000
vt 0.156250 0.500000
vt 0.156250 0.500000
vt 0.156250 0.500000
vt 0.156250 0.500000
vt 0.156250 0.500000
vt 0.156250 0.500000
vt 0.156250 0.500000
vt 0.156250 0.500000
vt 0.156250 0.500000
vt 0.156250 0.500000
vt 0.156250 0.500000
vt 0.156250 0.500000
vt 0.156250 0.500000
vt 0.156250 0.500000
vt 0.156250 0.500000
vt 0.156250 0.500000
vt 0.156250 0.500000
vt 0.156250 0.500000
vt 0.156250 0.500000
vt 0.156250 0.500000
vt 0.156250 0.500000
vt 0.156250 0.500000
vt 0.156250 0.500000
vt 0.156250 0.500000
vt 0.156250 0.500000
vt 0.156250 0.500000
vt 0.156250 0.500000
vt 0.156250 0.500000
vt 0.156250 0.500000
vt 0.156250 0.500000
vt 0.156250 0.500000
vt 0.156250 0.500000
vt 0.156250 0.500000
vt 0.156250 0.500000
vt 0.156250 0.500000
vt 0.156250 0.500000
vt 0.156250 0.500000
vt 0.156250 0.500000
vt 0.156250 0.500000
vt 0.156250 0.500000
vt 0.156250 0.500000
vt 0.156250 0.500000
vt 0.156250 0.500000
vt 0.156250 0.500000
vt 0.156250 0.500000
vt 0.156250 0.500000
vt 0.156250 0.500000
vt 0.156250 0.500000
vt 0.156250 0.500000
vt 0.156250 0.500000
vt 0.156250 0.500000
vt 0.156250 0.500000
vt 0.156250 0.500000
vt 0.156250 0.500000
vt 0.156250 0.500000
vt 0.156250 0.500000
vt 0.156250 0.500000
vt 0.156250 0.500000
vt 0.156250 0.500000
vt 0.156250 0.500000
vt 0.156250 0.500000
vt 0.156250 0.500000
vt 0.156250 0.500000
vt 0.156250 0.500000
vt 0.156250 0.500000
vt 0.156250 0.500000
vt 0.156250 0.500000
vt 0.156250 0.500000
vt 0.156250 0.500000
vt 0.156250 0.500000
vt 0.156250 0.500000
vt 0.156250 0.500000
vt 0.156250 0.500000
vt 0.156250 0.500000
vt 0.156250 0.500000
vt 0.156250 0.500000
vt 0.156250 0.500000
vt 0.156250 0.500000
vt 0.156250 0.500000
vt 0.156250 0.500000
vt 0.156250 0.500000
vt 0.156250 0.500000
vt 0.156250 0.500000
vt 0.156250 0.500000
vt 0.156250 0.500000
vt 0.156250 0.500000
vt 0.156250 0.500000
vt 0.156250 0.500000
vt 0.156250 0.500000
vt 0.156250 0.500000
vt 0.156250 0.500000
vt 0.156250 0.500000
vt 0.156250 0.500000
vt 0.156250 0.500000
vt 0.156250 0.500000
vt 0.156250 0.500000
vt 0.156250 0.500000
vt 0.156250 0.500000
vt 0.156250 0.500000
vt 0.156250 0.500000
vt 0.156250 0.500000
vt 0.156250 0.500000
vt 0.156250 0.500000
vt 0.156250 0.500000
vt 0.156250 0.500000
vt 0.156250 0.500000
vt 0.156250 0.500000
vt 0.156250 0.500000
vt 0.156250 0.500000
vt 0.156250 0.500000
vt 0.156250 0.500000
vt 0.156250 0.500000
vt 0.156250 0.500000
vt 0.156250 0.500000
vt 0.156250 0.500000
vt 0.156250 0.500000
vt 0.156250 0.500000
vt 0.156250 0.500000
vt 0.156250 0.500000
vt 0.156250 0.500000
vt 0.156250 0.500000
vt 0.156250 0.500000
vt 0.156250 0.500000
vt 0.156250 0.500000
vt 0.156250 0.500000
vt 0.156250 0.500000
vt 0.156250 0.500000
vt 0.156250 0.500000
vt 0.156250 0.500000
vt 0.156250 0.500000
vt 0.156250 0.500000
vt 0.156250 0.500000
vt 0.156250 0.500000
vt 0.156250 0.500000
vt 0.156250 0.500000
vt 0.156250 0.500000
vt 0.156250 0.500000
vt 0.156250 0.500000
vt 0.156250 0.500000
vt 0.156250 0.500000
vt 0.156250 0.500000
vt 0.156250 0.500000
vt 0.156250 0.500000
vt 0.156250 0.500000
vt 0.156250 0.500000
vt 0.156250 0.500000
vt 0.156250 0.500000
vt 0.156250 0.500000
vt 0.156250 0.500000
vt 0.156250 0.500000
vt 0.156250 0.500000
vt 0.156250 0.500000
vt 0.156250 0.500000
vt 0.156250 0.500000
vt 0.156250 0.500000
vt 0.156250 0.500000
vt 0.156250 0.500000
vt 0.156250 0.500000
vt 0.156250 0.500000
vt 0.156250 0.500000
vt 0.156250 0.500000
vt 0.156250 0.500000
vt 0.156250 0.500000
vt 0.156250 0.500000
vt 0.156250 0.500000
vt 0.156250 0.500000
vt 0.156250 0.500000
vt 0.156250 0.500000
vt 0.156250 0.500000
vt 0.156250 0.500000
vt 0.156250 0.500000
vt 0.156250 0.500000
vt 0.156250 0.500000
vt 0.156250 0.500000
vt 0.156250 0.500000
vt 0.156250 0.500000
vt 0.156250 0.500000
vt 0.156250 0.500000
vt 0.156250 0.500000
vt 0.156250 0.500000
vt 0.156250 0.500000
vt 0.156250 0.500000
vt 0.156250 0.500000
vt 0.156250 0.500000
vt 0.156250 0.500000
vt 0.218750 0.500000
vt 0.218750 0.500000
vt 0.218750 0.500000
vt 0.218750 0.500000
vt 0.218750 0.500000
vt 0.218750 0.500000
vt 0.218750 0.500000
vt 0.218750 0.500000
vn -0.000000 1.000000 -0.000000
vn -0.000000 1.000000 -0.000000
vn -0.000000 1.000000 -0.000000
vn -0.000000 1.000000 -0.000000
vn 0.000000 -1.000000 0.000000
vn 0.000000 -1.000000 0.000000
vn 0.000000 -1.000000 0.000000
vn 0.000000 -1.000000 0.000000
vn -0.003218 0.999992 -0.002478
vn -0.003218 0.999992 -0.002478
vn -0.003218 0.999992 -0.002478
vn -0.003218 0.999992 -0.002478
vn -0.010532 0.999944 0.000769
vn -0.010532 0.999944 0.000769
vn -0.010532 0.999944 0.000769
vn -0.010532 0.999944 0.000769
vn -0.035405 -0.520906 -0.852880
vn -0.035405 -0.520906 -0.852880
vn -0.035405 -0.520906 -0.852880
vn -0.035405 -0.520906 -0.852880
vn -0.035405 0.520906 -0.852880
vn -0.035405 0.520906 -0.852880
vn -0.035405 0.520906 -0.852880
vn -0.035405 0.520906 -0.852880
vn -0.035405 -0.520906 -0.852880
vn -0.035405 -0.520906 -0.852880
vn -0.035405 -0.520906 -0.852880
vn -0.035405 -0.520906 -0.852880
vn -0.038714 0.520480 -0.852996
vn -0.038714 0.520480 -0.852996
vn -0.038714 0.520480 -0.852996
vn -0.038714 0.520480 -0.852996
vn -0.035405 -0.520906 -0.852880
vn -0.035405 -0.520906 -0.852880
vn -0.035405 -0.520906 -0.852880
vn -0.035405 -0.520906 -0.852880
vn -0.035405 0.520906 -0.852880
vn -0.035405 0.520906 -0.852880
vn -0.035405 0.520906 -0.852880
vn -0.035405 0.520906 -0.852880
vn -0.035405 -0.520906 -0.852879
vn -0.035405 -0.520906 -0.852879
vn -0.035405 -0.520906 -0.852879
vn -0.035405 -0.520906 -0.852879
vn -0.035405 0.520906 -0.852880
vn -0.035405 0.520906 -0.852880
vn -0.035405 0.520906 -0.852880
vn -0.035405 0.520906 -0.852880
vn -0.038714 -0.520479 -0.852996
vn -0.038714 -0.520479 -0.852996
vn -0.038714 -0.520479 -0.852996
vn -0.038714 -0.520479 -0.852996
vn -0.010536 -0.999944 0.000770
vn -0.010536 -0.999944 0.000770
vn -0.010536 -0.999944 0.000770
vn -0.010536 -0.999944 0.000770
vn -0.035399 0.520906 -0.852880
vn -0.035399 0.520906 -0.852880
vn -0.035399 0.520906 -0.852880
vn -0.035399 0.520906 -0.852880
vn -0.003218 -0.999992 -0.002477
vn -0.003218 -0.999992 -0.002477
vn -0.003218 -0.999992 -0.002477
vn -0.003218 -0.999992 -0.002477
vn 0.000000 1.000000 -0.000000
vn 0.000000 1.000000 -0.000000
vn 0.000000 1.000000 -0.000000
vn 0.000000 1.000000 -0.000000
vn -0.000000 -1.000000 0.000000
vn -0.000000 -1.000000 0.000000
vn -0.000000 -1.000000 0.000000
vn -0.000000 -1.000000 0.000000
vn 0.003218 0.999992 -0.002478
vn 0.003218 0.999992 -0.002478
vn 0.003218 0.999992 -0.002478
vn 0.003218 0.999992 -0.002478
vn 0.010532 0.999944 0.000769
vn 0.010532 0.999944 0.000769
vn 0.010532 0.999944 0.000769
vn 0.010532 0.999944 0.000769
vn 0.035405 -0.520906 -0.852880
vn 0.035405 -0.520906 -0.852880
vn 0.035405 -0.520906 -0.852880
vn 0.035405 -0.520906 -0.852880
vn 0.035405 0.520906 -0.852880
vn 0.035405 0.520906 -0.852880
vn 0.035405 0.520906 -0.852880
vn 0.035405 0.520906 -0.852880
vn 0.035405 -0.520906 -0.852880
vn 0.035405 -0.520906 -0.852880
vn 0.035405 -0.520906 -0.852880
vn 0.035405 -0.520906 -0.852880
vn 0.038714 0.520480 -0.852996
vn 0.038714 0.520480 -0.852996
vn 0.038714 0.520480 -0.852996
vn 0.038714 0.520480 -0.852996
vn 0.035405 -0.520906 -0.852880
vn 0.035405 -0.520906 -0.852880
vn 0.035405 -0.520906 -0.852880
vn 0.035405 -0.520906 -0.852880
vn 0.035405 0.520906 -0.852880
vn 0.035405 0.520906 -0.852880
vn 0.035405 0.520906 -0.852880
vn 0.035405 0.520906 -0.852880
vn 0.035405 -0.520906 -0.852879
vn 0.035405 -0.520906 -0.852879
vn 0.035405 -0.520906 -0.852879
vn 0.035405 -0.520906 -0.852879
vn 0.035405 0.520906 -0.852880
vn 0.035405 0.520906 -0.852880
vn 0.035405 0.520906 -0.852880
vn 0.035405 0.520906 -0.852880
vn 0.038714 -0.520479 -0.852996
vn 0.038714 -0.520479 -0.852996
vn 0.038714 -0.520479 -0.852996
vn 0.038714 -0.520479 -0.852996
vn 0.010536 -0.999944 0.000770
vn 0.010536 -0.999944 0.000770
vn 0.010536 -0.999944 0.000770
vn 0.010536 -0.999944 0.000770
vn 0.035399 0.520906 -0.852880
vn 0.035399 0.520906 -0.852880
vn 0.035399 0.520906 -0.852880
vn 0.035399 0.520906 -0.852880
vn 0.003218 -0.999992 -0.002477
vn 0.003218 -0.999992 -0.002477
vn 0.003218 -0.999992 -0.002477
vn 0.003218 -0.999992 -0.002477
vn -0.346778 -0.000000 -0.937947
vn -0.346778 -0.000000 -0.937947
vn -0.346778 -0.000000 -0.937947
vn -0.346778 -0.000000 -0.937947
vn -0.346778 -0.000000 -0.937947
vn -0.346778 -0.000000 -0.937947
vn -0.346778 -0.000000 -0.937947
vn -0.346778 -0.000000 -0.937947
vn -0.346778 -0.000000 -0.937947
vn -0.346778 -0.000000 -0.937947
vn -0.346778 -0.000000 -0.937947
vn -0.346778 -0.000000 -0.937947
vn -0.346778 -0.000000 -0.937947
vn -0.346778 -0.000000 -0.937947
vn -0.346778 -0.000000 -0.937947
vn -0.346778 -0.000000 -0.937947
vn -0.346778 -0.000000 -0.937947
vn -0.566529 -0.000000 -0.824042
vn -0.566529 -0.000000 -0.824042
vn -0.566529 -0.000000 -0.824042
vn -0.566529 -0.000000 -0.824042
vn -0.566527 -0.000000 -0.824043
vn -0.566527 -0.000000 -0.824043
vn -0.566527 -0.000000 -0.824043
vn -0.566527 -0.000000 -0.824043
vn -0.566527 -0.000000 -0.824043
vn -0.566527 -0.000000 -0.824043
vn -0.566527 -0.000000 -0.824043
vn -0.566527 -0.000000 -0.824043
vn -0.566527 -0.000000 -0.824043
vn -0.566527 -0.000000 -0.824043
vn -0.566527 -0.000000 -0.824043
vn -0.566527 -0.000000 -0.824043
vn -0.999059 0.012671 0.041491
vn -0.999059 0.012671 0.041491
vn -0.999059 0.012671 0.041491
vn -0.999059 0.012671 0.041491
vn -0.999059 -0.012671 0.041491
vn -0.999059 -0.012671 0.041491
vn -0.999059 -0.012671 0.041491
vn -0.999059 -0.012671 0.041491
vn -0.999059 0.012671 0.041491
vn -0.999059 0.012671 0.041491
vn -0.999059 0.012671 0.041491
vn -0.999059 0.012671 0.041491
vn -0.999059 -0.012671 0.041491
vn -0.999059 -0.012671 0.041491
vn -0.999059 -0.012671 0.041491
vn -0.999059 -0.012671 0.041491
vn -0.346778 -0.000000 -0.937947
vn -0.346778 -0.000000 -0.937947
vn -0.346778 -0.000000 -0.937947
vn -0.346778 -0.000000 -0.937947
vn -0.346778 -0.000000 -0.937947
vn -0.346778 -0.000000 -0.937947
vn -0.346778 -0.000000 -0.937947
vn -0.346778 -0.000000 -0.937947
vn -0.346778 -0.000000 -0.937947
vn -0.346778 -0.000000 -0.937947
vn -0.346778 -0.000000 -0.937947
vn -0.346778 -0.000000 -0.937947
vn -0.346778 -0.000000 -0.937947
vn -0.346778 -0.000000 -0.937947
vn -0.346778 -0.000000 -0.937947
vn -0.346778 -0.000000 -0.937947
vn -0.346778 -0.000000 -0.937947
vn -0.346778 -0.000000 -0.937947
vn -0.346778 -0.000000 -0.937947
vn -0.346778 -0.000000 -0.937947
vn -0.346778 -0.000000 -0.937947
vn -0.566527 -0.000000 -0.824043
vn -0.566527 -0.000000 -0.824043
vn -0.566527 -0.000000 -0.824043
vn -0.566527 -0.000000 -0.824043
vn -0.566527 -0.000000 -0.824043
vn -0.566527 -0.000000 -0.824043
vn -0.566527 -0.000000 -0.824043
vn -0.566527 -0.000000 -0.824043
vn -0.566527 -0.000000 -0.824043
vn -0.566527 -0.000000 -0.824043
vn -0.566527 -0.000000 -0.824043
vn -0.566527 -0.000000 -0.824043
vn -0.566527 -0.000000 -0.824043
vn -0.566527 -0.000000 -0.824043
vn -0.566527 -0.000000 -0.824043
vn -0.566527 -0.000000 -0.824043
vn -0.566527 -0.000000 -0.824043
vn -0.566527 -0.000000 -0.824043
vn -0.566527 -0.000000 -0.824043
vn -0.566527 -0.000000 -0.824043
vn -0.999059 0.012671 0.041491
vn -0.999059 0.012671 0.041491
vn -0.999059 0.012671 0.041491
vn -0.999059 0.012671 0.041491
vn -0.999059 -0.012671 0.041491
vn -0.999059 -0.012671 0.041491
vn -0.999059 -0.012671 0.041491
vn -0.999059 -0.012671 0.041491
vn -0.999059 0.012671 0.041491
vn -0.999059 0.012671 0.041491
vn -0.999059 0.012671 0.041491
vn -0.999059 0.012671 0.041491
vn -0.999059 -0.012671 0.041491
vn -0.999059 -0.012671 0.041491
vn -0.999059 -0.012671 0.041491
vn -0.999059 -0.012671 0.041491
vn -0.999059 0.012671 0.041491
vn -0.999059 0.012671 0.041491
vn -0.999059 0.012671 0.041491
vn -0.999059 0.012671 0.041491
vn -0.999059 -0.012671 0.041491
vn -0.999059 -0.012671 0.041491
vn -0.999059 -0.012671 0.041491
vn -0.999059 -0.012671 0.041491
vn -0.566527 -0.000000 -0.824043
vn -0.566527 -0.000000 -0.824043
vn -0.566527 -0.000000 -0.824043
vn -0.566527 -0.000000 -0.824043
vn 0.346778 -0.000000 -0.937947
vn 0.346778 -0.000000 -0.937947
vn 0.346778 -0.000000 -0.937947
vn 0.346778 -0.000000 -0.937947
vn 0.346778 -0.000000 -0.937947
vn 0.346778 -0.000000 -0.937947
vn 0.346778 -0.000000 -0.937947
vn 0.346778 -0.000000 -0.937947
vn 0.346778 -0.000000 -0.937947
vn 0.346778 -0.000000 -0.937947
vn 0.346778 -0.000000 -0.937947
vn 0.346778 -0.000000 -0.937947
vn 0.346778 -0.000000 -0.937947
vn 0.346778 -0.000000 -0.937947
vn 0.346778 -0.000000 -0.937947
vn 0.346778 -0.000000 -0.937947
vn 0.346778 -0.000000 -0.937947
vn 0.346778 -0.000000 -0.937947
vn 0.346778 -0.000000 -0.937947
vn 0.346778 -0.000000 -0.937947
vn 0.566529 -0.000000 -0.824042
vn 0.566529 -0.000000 -0.824042
vn 0.566529 -0.000000 -0.824042
vn 0.566529 -0.000000 -0.824042
vn 0.566527 -0.000000 -0.824043
vn 0.566527 -0.000000 -0.824043
vn 0.566527 -0.000000 -0.824043
vn 0.566527 -0.000000 -0.824043
vn 0.566527 -0.000000 -0.824043
vn 0.566527 -0.000000 -0.824043
vn 0.566527 -0.000000 -0.824043
vn 0.566527 -0.000000 -0.824043
vn 0.566527 -0.000000 -0.824043
vn 0.566527 -0.000000 -0.824043
vn 0.566527 -0.000000 -0.824043
vn 0.566527 -0.000000 -0.824043
vn 0.999059 0.012671 0.041491
vn 0.999059 0.012671 0.041491
vn 0.999059 0.012671 0.041491
vn 0.999059 0.012671 0.041491
vn 0.999059 -0.012671 0.041491
vn 0.999059 -0.012671 0.041491
vn 0.999059 -0.012671 0.041491
vn 0.999059 -0.012671 0.041491
vn 0.999059 0.012671 0.041491
vn 0.999059 0.012671 0.041491
vn 0.999059 0.012671 0.041491
vn 0.999059 0.012671 0.041491
vn 0.999059 -0.012671 0.041491
vn 0.999059 -0.012671 0.041491
vn 0.999059 -0.012671 0.041491
vn 0.999059 -0.012671 0.041491
vn 0.346778 -0.000000 -0.937947
vn 0.346778 -0.000000 -0.937947
vn 0.346778 -0.000000 -0.937947
vn 0.346778 -0.000000 -0.937947
vn 0.346778 -0.000000 -0.937947
vn 0.346778 -0.000000 -0.937947
vn 0.346778 -0.000000 -0.937947
vn 0.346778 -0.000000 -0.937947
vn 0.346778 -0.000000 -0.937947
vn 0.346778 -0.000000 -0.937947
vn 0.346778 -0.000000 -0.937947
vn 0.346778 -0.000000 -0.937947
vn 0.346778 -0.000000 -0.937947
vn 0.346778 -0.000000 -0.937947
vn 0.346778 -0.000000 -0.937947
vn 0.346778 -0.000000 -0.937947
vn 0.346778 -0.000000 -0.937947
vn 0.346778 -0.000000 -0.937947
vn 0.346778 -0.000000 -0.937947
vn 0.346778 -0.000000 -0.937947
vn 0.566527 -0.000000 -0.824043
vn 0.566527 -0.000000 -0.824043
vn 0.566527 -0.000000 -0.824043
vn 0.566527 -0.000000 -0.824043
vn 0.566527 -0.000000 -0.824043
vn 0.566527 -0.000000 -0.824043
vn 0.566527 -0.000000 -0.824043
vn 0.566527 -0.000000 -0.824043
vn 0.566527 -0.000000 -0.824043
vn 0.566527 -0.000000 -0.824043
vn 0.566527 -0.000000 -0.824043
vn 0.566527 -0.000000 -0.824043
vn 0.566527 -0.000000 -0.824043
vn 0.566527 -0.000000 -0.824043
vn 0.566527 -0.000000 -0.824043
vn 0.566527 -0.000000 -0.824043
vn 0.566527 -0.000000 -0.824043
vn 0.566527 -0.000000 -0.824043
vn 0.566527 -0.000000 -0.824043
vn 0.566527 -0.000000 -0.824043
vn 0.999059 0.012671 0.041491
vn 0.999059 0.012671 0.041491
vn 0.999059 0.012671 0.041491
vn 0.999059 0.012671 0.041491
vn 0.999059 -0.012671 0.041491
vn 0.999059 -0.012671 0.041491
vn 0.999059 -0.012671 0.041491
vn 0.999059 -0.012671 0.041491
vn 0.999059 0.012671 0.041491
vn 0.999059 0.012671 0.041491
vn 0.999059 0.012671 0.041491
vn 0.999059 0.012671 0.041491
vn 0.999059 -0.012671 0.041491
vn 0.999059 -0.012671 0.041491
vn 0.999059 -0.012671 0.041491
vn 0.999059 -0.012671 0.041491
vn 0.999059 0.012671 0.041491
vn 0.999059 0.012671 0.041491
vn 0.999059 0.012671 0.041491
vn 0.999059 0.012671 0.041491
vn 0.999059 -0.012671 0.041491
vn 0.999059 -0.012671 0.041491
vn 0.999059 -0.012671 0.041491
vn 0.999059 -0.012671 0.041491
vn 0.566527 -0.000000 -0.824043
vn 0.566527 -0.000000 -0.824043
vn 0.566527 -0.000000 -0.824043
vn 0.566527 -0.000000 -0.824043
vn 0.346778 0.000000 0.937947
vn 0.346778 0.000000 0.937947
vn 0.346778 0.000000 0.937947
vn 0.346778 0.000000 0.937947
vn 0.346778 0.000000 0.937947
vn 0.346778 0.000000 0.937947
vn 0.346778 0.000000 0.937947
vn 0.346778 0.000000 0.937947
vn 0.346778 0.000000 0.937947
vn 0.346778 0.000000 0.937947
vn 0.346778 0.000000 0.937947
vn 0.346778 0.000000 0.937947
vn 0.346778 0.000000 0.937947
vn 0.346778 0.000000 0.937947
vn 0.346778 0.000000 0.937947
vn 0.346778 0.000000 0.937947
vn 0.346778 0.000000 0.937947
vn 0.346778 0.000000 0.937947
vn 0.346778 0.000000 0.937947
vn 0.346778 0.000000 0.937947
vn 0.566517 0.000000 0.824050
vn 0.566517 0.000000 0.824050
vn 0.566517 0.000000 0.824050
vn 0.566517 0.000000 0.824050
vn 0.566516 0.000000 0.824051
vn 0.566516 0.000000 0.824051
vn 0.566516 0.000000 0.824051
vn 0.566516 0.000000 0.824051
vn 0.566516 0.000000 0.824051
vn 0.566516 0.000000 0.824051
vn 0.566516 0.000000 0.824051
vn 0.566516 0.000000 0.824051
vn 0.566523 0.000005 0.824046
vn 0.566523 0.000005 0.824046
vn 0.566523 0.000005 0.824046
vn 0.566523 0.000005 0.824046
vn 0.999059 -0.012669 -0.041486
vn 0.999059 -0.012669 -0.041486
vn 0.999059 -0.012669 -0.041486
vn 0.999059 -0.012669 -0.041486
vn 0.999059 0.012669 -0.041486
vn 0.999059 0.012669 -0.041486
vn 0.999059 0.012669 -0.041486
vn 0.999059 0.012669 -0.041486
vn 0.999059 -0.012669 -0.041486
vn 0.999059 -0.012669 -0.041486
vn 0.999059 -0.012669 -0.041486
vn 0.999059 -0.012669 -0.041486
vn 0.999059 0.012665 -0.041489
vn 0.999059 0.012665 -0.041489
vn 0.999059 0.012665 -0.041489
vn 0.999059 0.012665 -0.041489
vn 0.346778 0.000000 0.937947
vn 0.346778 0.000000 0.937947
vn 0.346778 0.000000 0.937947
vn 0.346778 0.000000 0.937947
vn 0.346778 0.000000 0.937947
vn 0.346778 0.000000 0.937947
vn 0.346778 0.000000 0.937947
vn 0.346778 0.000000 0.937947
vn 0.346778 0.000000 0.937947
vn 0.346778 0.000000 0.937947
vn 0.346778 0.000000 0.937947
vn 0.346778 0.000000 0.937947
vn 0.346778 0.000000 0.937947
vn 0.346778 0.000000 0.937947
vn 0.346778 0.000000 0.937947
vn 0.346778 0.000000 0.937947
vn 0.346778 0.000000 0.937947
vn 0.346778 0.000000 0.937947
vn 0.346778 0.000000 0.937947
vn 0.346778 0.000000 0.937947
vn 0.566516 0.000000 0.824051
vn 0.566516 0.000000 0.824051
vn 0.566516 0.000000 0.824051
vn 0.566516 0.000000 0.824051
vn 0.566516 0.000000 0.824051
vn 0.566516 0.000000 0.824051
vn 0.566516 0.000000 0.824051
vn 0.566516 0.000000 0.824051
vn 0.566516 0.000000 0.824051
vn 0.566516 0.000000 0.824051
vn 0.566516 0.000000 0.824051
vn 0.566516 0.000000 0.824051
vn 0.566516 0.000000 0.824051
vn 0.566516 0.000000 0.824051
vn 0.566516 0.000000 0.824051
vn 0.566516 0.000000 0.824051
vn 0.566523 -0.000004 0.824046
vn 0.566523 -0.000004 0.824046
vn 0.566523 -0.000004 0.824046
vn 0.566523 -0.000004 0.824046
vn 0.999059 -0.012669 -0.041486
vn 0.999059 -0.012669 -0.041486
vn 0.999059 -0.012669 -0.041486
vn 0.999059 -0.012669 -0.041486
vn 0.999059 0.012669 -0.041486
vn 0.999059 0.012669 -0.041486
vn 0.999059 0.012669 -0.041486
vn 0.999059 0.012669 -0.041486
vn 0.999059 -0.012669 -0.041486
vn 0.999059 -0.012669 -0.041486
vn 0.999059 -0.012669 -0.041486
vn 0.999059 -0.012669 -0.041486
vn 0.999059 0.012669 -0.041486
vn 0.999059 0.012669 -0.041486
vn 0.999059 0.012669 -0.041486
vn 0.999059 0.012669 -0.041486
vn 0.999059 -0.012665 -0.041489
vn 0.999059 -0.012665 -0.041489
vn 0.999059 -0.012665 -0.041489
vn 0.999059 -0.012665 -0.041489
vn 0.999059 0.012669 -0.041486
vn 0.999059 0.012669 -0.041486
vn 0.999059 0.012669 -0.041486
vn 0.999059 0.012669 -0.041486
vn 0.566516 0.000000 0.824051
vn 0.566516 0.000000 0.824051
vn 0.566516 0.000000 0.824051
vn 0.566516 0.000000 0.824051
vn -0.346778 0.000000 0.937947
vn -0.346778 0.000000 0.937947
vn -0.346778 0.000000 0.937947
vn -0.346778 0.000000 0.937947
vn -0.346778 0.000000 0.937947
vn -0.346778 0.000000 0.937947
vn -0.346778 0.000000 0.937947
vn -0.346778 0.000000 0.937947
vn -0.346778 0.000000 0.937947
vn -0.346778 0.000000 0.937947
vn -0.346778 0.000000 0.937947
vn -0.346778 0.000000 0.937947
vn -0.346778 0.000000 0.937947
vn -0.346778 0.000000 0.937947
vn -0.346778 0.000000 0.937947
vn -0.346778 0.000000 0.937947
vn -0.346778 0.000000 0.937947
vn -0.346778 0.000000 0.937947
vn -0.346778 0.000000 0.937947
vn -0.346778 0.000000 0.937947
vn -0.566517 0.000000 0.824050
vn -0.566517 0.000000 0.824050
vn -0.566517 0.000000 0.824050
vn -0.566517 0.000000 0.824050
vn -0.566516 0.000000 0.824051
vn -0.566516 0.000000 0.824051
vn -0.566516 0.000000 0.824051
vn -0.566516 0.000000 0.824051
vn -0.566516 0.000000 0.824051
vn -0.566516 0.000000 0.824051
vn -0.566516 0.000000 0.824051
vn -0.566516 0.000000 0.824051
vn -0.566523 0.000005 0.824046
vn -0.566523 0.000005 0.824046
vn -0.566523 0.000005 0.824046
vn -0.566523 0.000005 0.824046
vn -0.999059 -0.012669 -0.041486
vn -0.999059 -0.012669 -0.041486
vn -0.999059 -0.012669 -0.041486
vn -0.999059 -0.012669 -0.041486
vn -0.999059 0.012669 -0.041486
vn -0.999059 0.012669 -0.041486
vn -0.999059 0.012669 -0.041486
vn -0.999059 0.012669 -0.041486
vn -0.999059 -0.012669 -0.041486
vn -0.999059 -0.012669 -0.041486
vn -0.999059 -0.012669 -0.041486
vn -0.999059 -0.012669 -0.041486
vn -0.999059 0.012665 -0.041489
vn -0.999059 0.012665 -0.041489
vn -0.999059 0.012665 -0.041489
vn -0.999059 0.012665 -0.041489
vn -0.346778 0.000000 0.937947
vn -0.346778 0.000000 0.937947
vn -0.346778 0.000000 0.937947
vn -0.346778 0.000000 0.937947
vn -0.346778 0.000000 0.937947
vn -0.346778 0.000000 0.937947
vn -0.346778 0.000000 0.937947
vn -0.346778 0.000000 0.937947
vn -0.346778 0.000000 0.937947
vn -0.346778 0.000000 0.937947
vn -0.346778 0.000000 0.937947
vn -0.346778 0.000000 0.937947
vn -0.346778 0.000000 0.937947
vn -0.346778 0.000000 0.937947
vn -0.346778 0.000000 0.937947
vn -0.346778 0.000000 0.937947
vn -0.346778 0.000000 0.937947
vn -0.346778 0.000000 0.937947
vn -0.346778 0.000000 0.937947
vn -0.346778 0.000000 0.937947
vn -0.566516 0.000000 0.824051
vn -0.566516 0.000000 0.824051
vn -0.566516 0.000000 0.824051
vn -0.566516 0.000000 0.824051
vn -0.566516 0.000000 0.824051
vn -0.566516 0.000000 0.824051
vn -0.566516 0.000000 0.824051
vn -0.566516 0.000000 0.824051
vn -0.566516 0.000000 0.824051
vn -0.566516 0.000000 0.824051
vn -0.566516 0.000000 0.824051
vn -0.566516 0.000000 0.824051
vn -0.566516 0.000000 0.824051
vn -0.566516 0.000000 0.824051
vn -0.566516 0.000000 0.824051
vn -0.566516 0.000000 0.824051
vn -0.566523 -0.000004 0.824046
vn -0.566523 -0.000004 0.824046
vn -0.566523 -0.000004 0.824046
vn -0.566523 -0.000004 0.824046
vn -0.999059 -0.012669 -0.041486
vn -0.999059 -0.012669 -0.041486
vn -0.999059 -0.012669 -0.041486
vn -0.999059 -0.012669 -0.041486
vn -0.999059 0.012669 -0.041486
vn -0.999059 0.012669 -0.041486
vn -0.999059 0.012669 -0.041486
vn -0.999059 0.012669 -0.041486
vn -0.999059 -0.012669 -0.041486
vn -0.999059 -0.012669 -0.041486
vn -0.999059 -0.012669 -0.041486
vn -0.999059 -0.012669 -0.041486
vn -0.999059 0.012669 -0.041486
vn -0.999059 0.012669 -0.041486
vn -0.999059 0.012669 -0.041486
vn -0.999059 0.012669 -0.041486
vn -0.999059 -0.012665 -0.041489
vn -0.999059 -0.012665 -0.041489
vn -0.999059 -0.012665 -0.041489
vn -0.999059 -0.012665 -0.041489
vn -0.999059 0.012669 -0.041486
vn -0.999059 0.012669 -0.041486
vn -0.999059 0.012669 -0.041486
vn -0.999059 0.012669 -0.041486
vn -0.566516 0.000000 0.824051
vn -0.566516 0.000000 0.824051
vn -0.566516 0.000000 0.824051
vn -0.566516 0.000000 0.824051
vn -0.035399 0.520906 -0.852880
vn -0.035399 0.520906 -0.852880
vn -0.035399 0.520906 -0.852880
vn -0.035399 0.520906 -0.852880
vn -0.035405 -0.520906 -0.852879
vn -0.035405 -0.520906 -0.852879
vn -0.035405 -0.520906 -0.852879
vn -0.035405 -0.520906 -0.852879
vn -0.035405 0.520906 -0.852880
vn -0.035405 0.520906 -0.852880
vn -0.035405 0.520906 -0.852880
vn -0.035405 0.520906 -0.852880
vn -0.035399 -0.520906 -0.852880
vn -0.035399 -0.520906 -0.852880
vn -0.035399 -0.520906 -0.852880
vn -0.035399 -0.520906 -0.852880
vn -0.035399 0.520906 -0.852880
vn -0.035399 0.520906 -0.852880
vn -0.035399 0.520906 -0.852880
vn -0.035399 0.520906 -0.852880
vn -0.035405 -0.520906 -0.852880
vn -0.035405 -0.520906 -0.852880
vn -0.035405 -0.520906 -0.852880
vn -0.035405 -0.520906 -0.852880
vn -0.035405 0.520906 -0.852880
vn -0.035405 0.520906 -0.852880
vn -0.035405 0.520906 -0.852880
vn -0.035405 0.520906 -0.852880
vn -0.035405 -0.520906 -0.852880
vn -0.035405 -0.520906 -0.852880
vn -0.035405 -0.520906 -0.852880
vn -0.035405 -0.520906 -0.852880
vn 0.035399 0.520906 -0.852880
vn 0.035399 0.520906 -0.852880
vn 0.035399 0.520906 -0.852880
vn 0.035399 0.520906 -0.852880
vn 0.035405 -0.520906 -0.852879
vn 0.035405 -0.520906 -0.852879
vn 0.035405 -0.520906 -0.852879
vn 0.035405 -0.520906 -0.852879
vn 0.035405 0.520906 -0.852880
vn 0.035405 0.520906 -0.852880
vn 0.035405 0.520906 -0.852880
vn 0.035405 0.520906 -0.852880
vn 0.035399 -0.520906 -0.852880
vn 0.035399 -0.520906 -0.852880
vn 0.035399 -0.520906 -0.852880
vn 0.035399 -0.520906 -0.852880
vn 0.035399 0.520906 -0.852880
vn 0.035399 0.520906 -0.852880
vn 0.035399 0.520906 -0.852880
vn 0.035399 0.520906 -0.852880
vn 0.035405 -0.520906 -0.852880
vn 0.035405 -0.520906 -0.852880
vn 0.035405 -0.520906 -0.852880
vn 0.035405 -0.520906 -0.852880
vn 0.035405 0.520906 -0.852880
vn 0.035405 0.520906 -0.852880
vn 0.035405 0.520906 -0.852880
vn 0.035405 0.520906 -0.852880
vn 0.035405 -0.520906 -0.852880
vn 0.035405 -0.520906 -0.852880
vn 0.035405 -0.520906 -0.852880
vn 0.035405 -0.520906 -0.852880
vn -0.346778 -0.000000 -0.937947
vn -0.346778 -0.000000 -0.937947
vn -0.346778 -0.000000 -0.937947
vn -0.346778 -0.000000 -0.937947
vn -0.346778 -0.000000 -0.937947
vn -0.346778 -0.000000 -0.937947
vn -0.346778 -0.000000 -0.937947
vn -0.346778 -0.000000 -0.937947
vn -0.346778 -0.000000 -0.937947
vn -0.346778 -0.000000 -0.937947
vn -0.346778 -0.000000 -0.937947
vn -0.346778 -0.000000 -0.937947
vn -0.346778 -0.000000 -0.937947
vn -0.346778 -0.000000 -0.937947
vn -0.346778 -0.000000 -0.937947
vn -0.346778 -0.000000 -0.937947
vn -0.566527 -0.000000 -0.824043
vn -0.566527 -0.000000 -0.824043
vn -0.566527 -0.000000 -0.824043
vn -0.566527 -0.000000 -0.824043
vn -0.566527 -0.000000 -0.824043
vn -0.566527 -0.000000 -0.824043
vn -0.566527 -0.000000 -0.824043
vn -0.566527 -0.000000 -0.824043
vn -0.566527 -0.000000 -0.824043
vn -0.566527 -0.000000 -0.824043
vn -0.999059 -0.012671 0.041491
vn -0.999059 -0.012671 0.041491
vn -0.999059 -0.012671 0.041491
vn -0.999059 -0.012671 0.041491
vn -0.999059 0.012671 0.041491
vn -0.999059 0.012671 0.041491
vn -0.999059 0.012671 0.041491
vn -0.999059 0.012671 0.041491
vn -0.999059 -0.012671 0.041491
vn -0.999059 -0.012671 0.041491
vn -0.999059 -0.012671 0.041491
vn -0.999059 -0.012671 0.041491
vn -0.999059 0.012671 0.041491
vn -0.999059 0.012671 0.041491
vn -0.999059 0.012671 0.041491
vn -0.999059 0.012671 0.041491
vn -0.566529 -0.000000 -0.824042
vn -0.566529 -0.000000 -0.824042
vn -0.566529 -0.000000 -0.824042
vn -0.566529 -0.000000 -0.824042
vn -0.346778 -0.000000 -0.937947
vn -0.346778 -0.000000 -0.937947
vn -0.346778 -0.000000 -0.937947
vn -0.346778 -0.000000 -0.937947
vn -0.346778 -0.000000 -0.937947
vn -0.346778 -0.000000 -0.937947
vn -0.346778 -0.000000 -0.937947
vn -0.346778 -0.000000 -0.937947
vn -0.346778 -0.000000 -0.937947
vn -0.346778 -0.000000 -0.937947
vn -0.346778 -0.000000 -0.937947
vn -0.346778 -0.000000 -0.937947
vn -0.346778 -0.000000 -0.937947
vn -0.346778 -0.000000 -0.937947
vn -0.346778 -0.000000 -0.937947
vn -0.346778 -0.000000 -0.937947
vn -0.566529 -0.000000 -0.824042
vn -0.566529 -0.000000 -0.824042
vn -0.566529 -0.000000 -0.824042
vn -0.566529 -0.000000 -0.824042
vn -0.566529 -0.000000 -0.824042
vn -0.566529 -0.000000 -0.824042
vn -0.566529 -0.000000 -0.824042
vn -0.566529 -0.000000 -0.824042
vn -0.566527 -0.000000 -0.824043
vn -0.566527 -0.000000 -0.824043
vn -0.566527 -0.000000 -0.824043
vn -0.566527 -0.000000 -0.824043
vn -0.566527 -0.000000 -0.824043
vn -0.566527 -0.000000 -0.824043
vn -0.566527 -0.000000 -0.824043
vn -0.566527 -0.000000 -0.824043
vn -0.999059 -0.012671 0.041491
vn -0.999059 -0.012671 0.041491
vn -0.999059 -0.012671 0.041491
vn -0.999059 -0.012671 0.041491
vn -0.999059 0.012671 0.041491
vn -0.999059 0.012671 0.041491
vn -0.999059 0.012671 0.041491
vn -0.999059 0.012671 0.041491
vn -0.999059 -0.012671 0.041491
vn -0.999059 -0.012671 0.041491
vn -0.999059 -0.012671 0.041491
vn -0.999059 -0.012671 0.041491
vn -0.999059 0.012671 0.041491
vn -0.999059 0.012671 0.041491
vn -0.999059 0.012671 0.041491
vn -0.999059 0.012671 0.041491
vn 0.346778 -0.000000 -0.937947
vn 0.346778 -0.000000 -0.937947
vn 0.346778 -0.000000 -0.937947
vn 0.346778 -0.000000 -0.937947
vn 0.346778 -0.000000 -0.937947
vn 0.346778 -0.000000 -0.937947
vn 0.346778 -0.000000 -0.937947
vn 0.346778 -0.000000 -0.937947
vn 0.346778 -0.000000 -0.937947
vn 0.346778 -0.000000 -0.937947
vn 0.346778 -0.000000 -0.937947
vn 0.346778 -0.000000 -0.937947
vn 0.346778 -0.000000 -0.937947
vn 0.346778 -0.000000 -0.937947
vn 0.346778 -0.000000 -0.937947
vn 0.346778 -0.000000 -0.937947
vn 0.566527 -0.000000 -0.824043
vn 0.566527 -0.000000 -0.824043
vn 0.566527 -0.000000 -0.824043
vn 0.566527 -0.000000 -0.824043
vn 0.566527 -0.000000 -0.824043
vn 0.566527 -0.000000 -0.824043
vn 0.566527 -0.000000 -0.824043
vn 0.566527 -0.000000 -0.824043
vn 0.566527 -0.000000 -0.824043
vn 0.566527 -0.000000 -0.824043
vn 0.999059 -0.012671 0.041491
vn 0.999059 -0.012671 0.041491
vn 0.999059 -0.012671 0.041491
vn 0.999059 -0.012671 0.041491
vn 0.999059 0.012671 0.041491
vn 0.999059 0.012671 0.041491
vn 0.999059 0.012671 0.041491
vn 0.999059 0.012671 0.041491
vn 0.999059 -0.012671 0.041491
vn 0.999059 -0.012671 0.041491
vn 0.999059 -0.012671 0.041491
vn 0.999059 -0.012671 0.041491
vn 0.999059 0.012671 0.041491
vn 0.999059 0.012671 0.041491
vn 0.999059 0.012671 0.041491
vn 0.999059 0.012671 0.041491
vn 0.566529 -0.000000 -0.824042
vn 0.566529 -0.000000 -0.824042
vn 0.566529 -0.000000 -0.824042
vn 0.566529 -0.000000 -0.824042
vn 0.346778 -0.000000 -0.937947
vn 0.346778 -0.000000 -0.937947
vn 0.346778 -0.000000 -0.937947
vn 0.346778 -0.000000 -0.937947
vn 0.346778 -0.000000 -0.937947
vn 0.346778 -0.000000 -0.937947
vn 0.346778 -0.000000 -0.937947
vn 0.346778 -0.000000 -0.937947
vn 0.346778 -0.000000 -0.937947
vn 0.346778 -0.000000 -0.937947
vn 0.346778 -0.000000 -0.937947
vn 0.346778 -0.000000 -0.937947
vn 0.346778 -0.000000 -0.937947
vn 0.346778 -0.000000 -0.937947
vn 0.346778 -0.000000 -0.937947
vn 0.346778 -0.000000 -0.937947
vn 0.566529 -0.000000 -0.824042
vn 0.566529 -0.000000 -0.824042
vn 0.566529 -0.000000 -0.824042
vn 0.566529 -0.000000 -0.824042
vn 0.566529 -0.000000 -0.824042
vn 0.566529 -0.000000 -0.824042
vn 0.566529 -0.000000 -0.824042
vn 0.566529 -0.000000 -0.824042
vn 0.566527 -0.000000 -0.824043
vn 0.566527 -0.000000 -0.824043
vn 0.566527 -0.000000 -0.824043
vn 0.566527 -0.000000 -0.824043
vn 0.566527 -0.000000 -0.824043
vn 0.566527 -0.000000 -0.824043
vn 0.566527 -0.000000 -0.824043
vn 0.566527 -0.000000 -0.824043
vn 0.999059 -0.012671 0.041491
vn 0.999059 -0.012671 0.041491
vn 0.999059 -0.012671 0.041491
vn 0.999059 -0.012671 0.041491
vn 0.999059 0.012671 0.041491
vn 0.999059 0.012671 0.041491
vn 0.999059 0.012671 0.041491
vn 0.999059 0.012671 0.041491
vn 0.999059 -0.012671 0.041491
vn 0.999059 -0.012671 0.041491
vn 0.999059 -0.012671 0.041491
vn 0.999059 -0.012671 0.041491
vn 0.999059 0.012671 0.041491
vn 0.999059 0.012671 0.041491
vn 0.999059 0.012671 0.041491
vn 0.999059 0.012671 0.041491
vn 0.346778 0.000000 0.937947
vn 0.346778 0.000000 0.937947
vn 0.346778 0.000000 0.937947
vn 0.346778 0.000000 0.937947
vn 0.346778 0.000000 0.937947
vn 0.346778 0.000000 0.937947
vn 0.346778 0.000000 0.937947
vn 0.346778 0.000000 0.937947
vn 0.346778 0.000000 0.937947
vn 0.346778 0.000000 0.937947
vn 0.346778 0.000000 0.937947
vn 0.346778 0.000000 0.937947
vn 0.346778 0.000000 0.937947
vn 0.346778 0.000000 0.937947
vn 0.566516 0.000000 0.824051
vn 0.566516 0.000000 0.824051
vn 0.566516 0.000000 0.824051
vn 0.566516 0.000000 0.824051
vn 0.566516 0.000000 0.824050
vn 0.566516 0.000000 0.824050
vn 0.566516 0.000000 0.824050
vn 0.566516 0.000000 0.824050
vn 0.566516 0.000000 0.824051
vn 0.566516 0.000000 0.824051
vn 0.566516 0.000000 0.824051
vn 0.566516 0.000000 0.824051
vn 0.999059 0.012669 -0.041486
vn 0.999059 0.012669 -0.041486
vn 0.999059 0.012669 -0.041486
vn 0.999059 0.012669 -0.041486
vn 0.999059 -0.012669 -0.041486
vn 0.999059 -0.012669 -0.041486
vn 0.999059 -0.012669 -0.041486
vn 0.999059 -0.012669 -0.041486
vn 0.999059 0.012669 -0.041486
vn 0.999059 0.012669 -0.041486
vn 0.999059 0.012669 -0.041486
vn 0.999059 0.012669 -0.041486
vn 0.999059 -0.012669 -0.041486
vn 0.999059 -0.012669 -0.041486
vn 0.999059 -0.012669 -0.041486
vn 0.999059 -0.012669 -0.041486
vn 0.566516 0.000000 0.824051
vn 0.566516 0.000000 0.824051
vn 0.566516 0.000000 0.824051
vn 0.566516 0.000000 0.824051
vn 0.346778 0.000000 0.937947
vn 0.346778 0.000000 0.937947
vn 0.346778 0.000000 0.937947
vn 0.346778 0.000000 0.937947
vn 0.346778 0.000000 0.937947
vn 0.346778 0.000000 0.937947
vn 0.346778 0.000000 0.937947
vn 0.346778 0.000000 0.937947
vn 0.346778 0.000000 0.937947
vn 0.346778 0.000000 0.937947
vn 0.346778 0.000000 0.937947
vn 0.346778 0.000000 0.937947
vn 0.346778 0.000000 0.937947
vn 0.346778 0.000000 0.937947
vn 0.346778 0.000000 0.937947
vn 0.346778 0.000000 0.937947
vn 0.566516 0.000000 0.824051
vn 0.566516 0.000000 0.824051
vn 0.566516 0.000000 0.824051
vn 0.566516 0.000000 0.824051
vn 0.566516 0.000000 0.824051
vn 0.566516 0.000000 0.824051
vn 0.566516 0.000000 0.824051
vn 0.566516 0.000000 0.824051
vn 0.566516 0.000000 0.824051
vn 0.566516 0.000000 0.824051
vn 0.566516 0.000000 0.824051
vn 0.566516 0.000000 0.824051
vn 0.566516 0.000000 0.824051
vn 0.566516 0.000000 0.824051
vn 0.566516 0.000000 0.824051
vn 0.566516 0.000000 0.824051
vn 0.999059 0.012669 -0.041486
vn 0.999059 0.012669 -0.041486
vn 0.999059 0.012669 -0.041486
vn 0.999059 0.012669 -0.041486
vn 0.999059 -0.012669 -0.041486
vn 0.999059 -0.012669 -0.041486
vn 0.999059 -0.012669 -0.041486
vn 0.999059 -0.012669 -0.041486
vn 0.999059 0.012669 -0.041486
vn 0.999059 0.012669 -0.041486
vn 0.999059 0.012669 -0.041486
vn 0.999059 0.012669 -0.041486
vn 0.999059 -0.012669 -0.041486
vn 0.999059 -0.012669 -0.041486
vn 0.999059 -0.012669 -0.041486
vn 0.999059 -0.012669 -0.041486
vn -0.346778 0.000000 0.937947
vn -0.346778 0.000000 0.937947
vn -0.346778 0.000000 0.937947
vn -0.346778 0.000000 0.937947
vn -0.346778 0.000000 0.937947
vn -0.346778 0.000000 0.937947
vn -0.346778 0.000000 0.937947
vn -0.346778 0.000000 0.937947
vn -0.346778 0.000000 0.937947
vn -0.346778 0.000000 0.937947
vn -0.346778 0.000000 0.937947
vn -0.346778 0.000000 0.937947
vn -0.346778 0.000000 0.937947
vn -0.346778 0.000000 0.937947
vn -0.566516 0.000000 0.824051
vn -0.566516 0.000000 0.824051
vn -0.566516 0.000000 0.824051
vn -0.566516 0.000000 0.824051
vn -0.566516 0.000000 0.824050
vn -0.566516 0.000000 0.824050
vn -0.566516 0.000000 0.824050
vn -0.566516 0.000000 0.824050
vn -0.566516 0.000000 0.824051
vn -0.566516 0.000000 0.824051
vn -0.566516 0.000000 0.824051
vn -0.566516 0.000000 0.824051
vn -0.999059 0.012669 -0.041486
vn -0.999059 0.012669 -0.041486
vn -0.999059 0.012669 -0.041486
vn -0.999059 0.012669 -0.041486
vn -0.999059 -0.012669 -0.041486
vn -0.999059 -0.012669 -0.041486
vn -0.999059 -0.012669 -0.041486
vn -0.999059 -0.012669 -0.041486
vn -0.999059 0.012669 -0.041486
vn -0.999059 0.012669 -0.041486
vn -0.999059 0.012669 -0.041486
vn -0.999059 0.012669 -0.041486
vn -0.999059 -0.012669 -0.041486
vn -0.999059 -0.012669 -0.041486
vn -0.999059 -0.012669 -0.041486
vn -0.999059 -0.012669 -0.041486
vn -0.566516 0.000000 0.824051
vn -0.566516 0.000000 0.824051
vn -0.566516 0.000000 0.824051
vn -0.566516 0.000000 0.824051
vn -0.346778 0.000000 0.937947
vn -0.346778 0.000000 0.937947
vn -0.346778 0.000000 0.937947
vn -0.346778 0.000000 0.937947
vn -0.346778 0.000000 0.937947
vn -0.346778 0.000000 0.937947
vn -0.346778 0.000000 0.937947
vn -0.346778 0.000000 0.937947
vn -0.346778 0.000000 0.937947
vn -0.346778 0.000000 0.937947
vn -0.346778 0.000000 0.937947
vn -0.346778 0.000000 0.937947
vn -0.346778 0.000000 0.937947
vn -0.346778 0.000000 0.937947
vn -0.566516 0.000000 0.824051
vn -0.566516 0.000000 0.824051
vn -0.566516 0.000000 0.824051
vn -0.566516 0.000000 0.824051
vn -0.566516 0.000000 0.824051
vn -0.566516 0.000000 0.824051
vn -0.566516 0.000000 0.824051
vn -0.566516 0.000000 0.824051
vn -0.566516 0.000000 0.824051
vn -0.566516 0.000000 0.824051
vn -0.566516 0.000000 0.824051
vn -0.566516 0.000000 0.824051
vn -0.566516 0.000000 0.824051
vn -0.566516 0.000000 0.824051
vn -0.566516 0.000000 0.824051
vn -0.566516 0.000000 0.824051
vn -0.999059 0.012669 -0.041486
vn -0.999059 0.012669 -0.041486
vn -0.999059 0.012669 -0.041486
vn -0.999059 0.012669 -0.041486
vn -0.999059 -0.012669 -0.041486
vn -0.999059 -0.012669 -0.041486
vn -0.999059 -0.012669 -0.041486
vn -0.999059 -0.012669 -0.041486
vn -0.999059 0.012669 -0.041486
vn -0.999059 0.012669 -0.041486
vn -0.999059 0.012669 -0.041486
vn -0.999059 0.012669 -0.041486
vn -0.999059 -0.012669 -0.041486
vn -0.999059 -0.012669 -0.041486
vn -0.999059 -0.012669 -0.041486
vn -0.999059 -0.012669 -0.041486
vn 0.999722 -0.023598 -0.000000
vn 0.999722 -0.023598 -0.000000
vn 0.999722 -0.023598 -0.000000
vn 0.999722 -0.023598 -0.000000
vn 0.000000 -0.000000 -1.000000
vn 0.000000 -0.000000 -1.000000
vn 0.000000 -0.000000 -1.000000
vn 0.000000 -0.000000 -1.000000
vn -0.999962 -0.008699 -0.000000
vn -0.999962 -0.008699 -0.000000
vn -0.999962 -0.008699 -0.000000
vn -0.999962 -0.008699 -0.000000
vn 0.000000 0.000000 1.000000
vn 0.000000 0.000000 1.000000
vn 0.000000 0.000000 1.000000
vn 0.000000 0.000000 1.000000
vn -0.999999 0.001356 -0.000000
vn -0.999999 0.001356 -0.000000
vn -0.999999 0.001356 -0.000000
vn -0.999999 0.001356 -0.000000
vn 0.000001 0.000000 1.000000
vn 0.000001 0.000000 1.000000
vn 0.000001 0.000000 1.000000
vn 0.000001 0.000000 1.000000
vn 0.957185 0.289476 -0.000000
vn 0.957185 0.289476 -0.000000
vn 0.957185 0.289476 -0.000000
vn 0.957185 0.289476 -0.000000
vn 0.000000 -0.000000 -1.000000
vn 0.000000 -0.000000 -1.000000
vn 0.000000 -0.000000 -1.000000
vn 0.000000 -0.000000 -1.000000
vn -0.000000 -0.000000 -1.000000
vn -0.000000 -0.000000 -1.000000
vn -0.000000 -0.000000 -1.000000
vn -0.000000 -0.000000 -1.000000
vn 0.999607 -0.028038 -0.000000
vn 0.999607 -0.028038 -0.000000
vn 0.999607 -0.028038 -0.000000
vn 0.999607 -0.028038 -0.000000
vn -0.957440 0.288632 -0.000000
vn -0.957440 0.288632 -0.000000
vn -0.957440 0.288632 -0.000000
vn -0.957440 0.288632 -0.000000
vn 0.000000 0.000000 1.000000
vn 0.000000 0.000000 1.000000
vn 0.000000 0.000000 1.000000
vn 0.000000 0.000000 1.000000
vn 0.000000 0.000001 1.000000
vn 0.000000 0.000001 1.000000
vn 0.000000 0.000001 1.000000
vn 0.000000 0.000001 1.000000
vn -0.999824 0.018780 -0.000000
vn -0.999824 0.018780 -0.000000
vn -0.999824 0.018780 -0.000000
vn -0.999824 0.018780 -0.000000
vn 0.000000 0.000000 -1.000000
vn 0.000000 0.000000 -1.000000
vn 0.000000 0.000000 -1.000000
vn 0.000000 0.000000 -1.000000
vn 0.915550 -0.373681 0.148762
vn 0.915550 -0.373681 0.148762
vn 0.915550 -0.373681 0.148762
vn 0.915550 -0.373681 0.148762
vn 0.999997 0.002340 -0.000000
vn 0.999997 0.002340 -0.000000
vn 0.999997 0.002340 -0.000000
vn 0.999997 0.002340 -0.000000
vn -0.000000 -0.000000 -1.000000
vn -0.000000 -0.000000 -1.000000
vn -0.000000 -0.000000 -1.000000
vn -0.000000 -0.000000 -1.000000
vn 0.000000 -0.000000 1.000000
vn 0.000000 -0.000000 1.000000
vn 0.000000 -0.000000 1.000000
vn 0.000000 -0.000000 1.000000
vn -0.999962 -0.008699 0.000000
vn -0.999962 -0.008699 0.000000
vn -0.999962 -0.008699 0.000000
vn -0.999962 -0.008699 0.000000
vn 0.986920 0.016536 0.160360
vn 0.986920 0.016536 0.160360
vn 0.986920 0.016536 0.160360
vn 0.986920 0.016536 0.160360
vn -0.999824 0.018780 -0.000000
vn -0.999824 0.018780 -0.000000
vn -0.999824 0.018780 -0.000000
vn -0.999824 0.018780 -0.000000
vn 0.000000 -0.000000 -1.000000
vn 0.000000 -0.000000 -1.000000
vn 0.000000 -0.000000 -1.000000
vn 0.000000 -0.000000 -1.000000
vn -0.000000 0.000000 1.000000
vn -0.000000 0.000000 1.000000
vn -0.000000 0.000000 1.000000
vn -0.000000 0.000000 1.000000
vn 0.000000 0.000000 1.000000
vn 0.000000 0.000000 1.000000
vn 0.000000 0.000000 1.000000
vn 0.000000 0.000000 1.000000
vn -0.000000 -0.000000 -1.000000
vn -0.000000 -0.000000 -1.000000
vn -0.000000 -0.000000 -1.000000
vn -0.000000 -0.000000 -1.000000
vn -0.999543 -0.030218 -0.000001
vn -0.999543 -0.030218 -0.000001
vn -0.999543 -0.030218 -0.000001
vn -0.999543 -0.030218 -0.000001
vn 0.000000 -1.000000 0.000001
vn 0.000000 -1.000000 0.000001
vn 0.000000 -1.000000 0.000001
vn 0.000000 -1.000000 0.000001
vn 0.999139 0.041479 -0.000000
vn 0.999139 0.041479 -0.000000
vn 0.999139 0.041479 -0.000000
vn 0.999139 0.041479 -0.000000
vn 0.000000 1.000000 0.000002
vn 0.000000 1.000000 0.000002
vn 0.000000 1.000000 0.000002
vn 0.000000 1.000000 0.000002
vn -0.983008 0.039155 0.179337
vn -0.983008 0.039155 0.179337
vn -0.983008 0.039155 0.179337
vn -0.983008 0.039155 0.179337
vn -0.000000 0.000000 -1.000000
vn -0.000000 0.000000 -1.000000
vn -0.000000 0.000000 -1.000000
vn -0.000000 0.000000 -1.000000
vn 0.999962 0.008698 -0.000000
vn 0.999962 0.008698 -0.000000
vn 0.999962 0.008698 -0.000000
vn 0.999962 0.008698 -0.000000
vn 0.000000 0.000000 1.000000
vn 0.000000 0.000000 1.000000
vn 0.000000 0.000000 1.000000
vn 0.000000 0.000000 1.000000
vn 0.999999 -0.001356 -0.000000
vn 0.999999 -0.001356 -0.000000
vn 0.999999 -0.001356 -0.000000
vn 0.999999 -0.001356 -0.000000
vn 0.000001 0.000000 1.000000
vn 0.000001 0.000000 1.000000
vn 0.000001 0.000000 1.000000
vn 0.000001 0.000000 1.000000
vn -0.957186 -0.289475 0.000000
vn -0.957186 -0.289475 0.000000
vn -0.957186 -0.289475 0.000000
vn -0.957186 -0.289475 0.000000
vn 0.000000 0.000000 -1.000000
vn 0.000000 0.000000 -1.000000
vn 0.000000 0.000000 -1.000000
vn 0.000000 0.000000 -1.000000
vn 0.000000 -0.000000 -1.000000
vn 0.000000 -0.000000 -1.000000
vn 0.000000 -0.000000 -1.000000
vn 0.000000 -0.000000 -1.000000
vn -0.999607 0.028038 -0.000000
vn -0.999607 0.028038 -0.000000
vn -0.999607 0.028038 -0.000000
vn -0.999607 0.028038 -0.000000
vn 0.957440 -0.288632 0.000000
vn 0.957440 -0.288632 0.000000
vn 0.957440 -0.288632 0.000000
vn 0.957440 -0.288632 0.000000
vn 0.000000 -0.000001 1.000000
vn 0.000000 -0.000001 1.000000
vn 0.000000 -0.000001 1.000000
vn 0.000000 -0.000001 1.000000
vn 0.000000 0.000000 1.000000
vn 0.000000 0.000000 1.000000
vn 0.000000 0.000000 1.000000
vn 0.999824 -0.018780 0.000000
vn 0.999824 -0.018780 0.000000
vn 0.999824 -0.018780 0.000000
vn 0.999824 -0.018780 0.000000
vn -0.000000 0.000001 -1.000000
vn -0.000000 0.000001 -1.000000
vn -0.000000 0.000001 -1.000000
vn -0.000000 0.000001 -1.000000
vn -0.872030 0.489452 -0.000000
vn -0.872030 0.489452 -0.000000
vn -0.872030 0.489452 -0.000000
vn -0.872030 0.489452 -0.000000
vn -0.999997 -0.002338 -0.000001
vn -0.999997 -0.002338 -0.000001
vn -0.999997 -0.002338 -0.000001
vn -0.999997 -0.002338 -0.000001
vn 0.000000 -0.000000 -1.000000
vn 0.000000 -0.000000 -1.000000
vn 0.000000 -0.000000 -1.000000
vn 0.000000 -0.000000 -1.000000
vn 0.000000 0.000000 1.000000
vn 0.000000 0.000000 1.000000
vn 0.000000 0.000000 1.000000
vn 0.000000 0.000000 1.000000
vn 0.999962 0.008698 0.000000
vn 0.999962 0.008698 0.000000
vn 0.999962 0.008698 0.000000
vn 0.999962 0.008698 0.000000
vn -0.999543 -0.030217 -0.000000
vn -0.999543 -0.030217 -0.000000
vn -0.999543 -0.030217 -0.000000
vn -0.999543 -0.030217 -0.000000
vn 0.999824 -0.018780 0.000000
vn 0.999824 -0.018780 0.000000
vn 0.999824 -0.018780 0.000000
vn 0.999824 -0.018780 0.000000
vn 0.000000 -0.000000 -1.000000
vn 0.000000 -0.000000 -1.000000
vn 0.000000 -0.000000 -1.000000
vn 0.000000 -0.000000 -1.000000
vn 0.000000 0.000000 1.000000
vn 0.000000 0.000000 1.000000
vn 0.000000 0.000000 1.000000
vn 0.000000 0.000000 1.000000
vn 0.000000 0.000000 1.000000
vn -0.000000 -0.000000 -1.000000
vn -0.000000 -0.000000 -1.000000
vn -0.000000 -0.000000 -1.000000
vn -0.000000 -0.000000 -1.000000
vn 0.999543 0.030217 0.000000
vn 0.999543 0.030217 0.000000
vn 0.999543 0.030217 0.000000
vn 0.999543 0.030217 0.000000
vn 0.000000 1.000000 -0.000001
vn 0.000000 1.000000 -0.000001
vn 0.000000 1.000000 -0.000001
vn 0.000000 1.000000 -0.000001
vn -0.982165 -0.056964 0.179185
vn -0.982165 -0.056964 0.179185
vn -0.982165 -0.056964 0.179185
vn -0.982165 -0.056964 0.179185
vn 0.000000 -1.000000 0.000000
vn 0.000000 -1.000000 0.000000
vn 0.000000 -1.000000 0.000000
vn 0.000000 -1.000000 0.000000
vn -0.999722 0.023598 -0.000000
vn -0.999722 0.023598 -0.000000
vn -0.999722 0.023598 -0.000000
vn -0.999722 0.023598 -0.000000
vn 0.000000 -0.000000 -1.000000
vn 0.000000 -0.000000 -1.000000
vn 0.000000 -0.000000 -1.000000
vn 0.000000 -0.000000 -1.000000
vn 0.999962 0.008699 0.000000
vn 0.999962 0.008699 0.000000
vn 0.999962 0.008699 0.000000
vn 0.999962 0.008699 0.000000
vn -0.000000 -0.000000 1.000000
vn -0.000000 -0.000000 1.000000
vn -0.000000 -0.000000 1.000000
vn -0.000000 -0.000000 1.000000
vn 0.999999 -0.001356 -0.000000
vn 0.999999 -0.001356 -0.000000
vn 0.999999 -0.001356 -0.000000
vn 0.999999 -0.001356 -0.000000
vn -0.000001 0.000000 1.000000
vn -0.000001 0.000000 1.000000
vn -0.000001 0.000000 1.000000
vn -0.000001 0.000000 1.000000
vn -0.957185 -0.289475 0.000000
vn -0.957185 -0.289475 0.000000
vn -0.957185 -0.289475 0.000000
vn -0.957185 -0.289475 0.000000
vn 0.000000 0.000000 -1.000000
vn 0.000000 0.000000 -1.000000
vn 0.000000 0.000000 -1.000000
vn 0.000000 0.000000 -1.000000
vn 0.000000 -0.000000 -1.000000
vn 0.000000 -0.000000 -1.000000
vn 0.000000 -0.000000 -1.000000
vn 0.000000 -0.000000 -1.000000
vn -0.999607 0.028038 -0.000000
vn -0.999607 0.028038 -0.000000
vn -0.999607 0.028038 -0.000000
vn -0.999607 0.028038 -0.000000
vn 0.957440 -0.288632 -0.000000
vn 0.957440 -0.288632 -0.000000
vn 0.957440 -0.288632 -0.000000
vn 0.957440 -0.288632 -0.000000
vn -0.000001 0.000000 1.000000
vn -0.000001 0.000000 1.000000
vn -0.000001 0.000000 1.000000
vn -0.000001 0.000000 1.000000
vn -0.000000 -0.000001 1.000000
vn -0.000000 -0.000001 1.000000
vn -0.000000 -0.000001 1.000000
vn -0.000000 -0.000001 1.000000
vn 0.999824 -0.018780 0.000000
vn 0.999824 -0.018780 0.000000
vn 0.999824 -0.018780 0.000000
vn 0.999824 -0.018780 0.000000
vn 0.000000 -0.000000 -1.000000
vn 0.000000 -0.000000 -1.000000
vn 0.000000 -0.000000 -1.000000
vn 0.000000 -0.000000 -1.000000
vn -0.915550 0.373681 0.148763
vn -0.915550 0.373681 0.148763
vn -0.915550 0.373681 0.148763
vn -0.915550 0.373681 0.148763
vn -0.999997 -0.002340 -0.000000
vn -0.999997 -0.002340 -0.000000
vn -0.999997 -0.002340 -0.000000
vn -0.999997 -0.002340 -0.000000
vn 0.000000 -0.000000 -1.000000
vn 0.000000 -0.000000 -1.000000
vn 0.000000 -0.000000 -1.000000
vn 0.000000 -0.000000 -1.000000
vn -0.000000 0.000000 1.000000
vn -0.000000 0.000000 1.000000
vn -0.000000 0.000000 1.000000
vn -0.000000 0.000000 1.000000
vn 0.999962 0.008699 0.000000
vn 0.999962 0.008699 0.000000
vn 0.999962 0.008699 0.000000
vn 0.999962 0.008699 0.000000
vn -0.986920 -0.016536 0.160360
vn -0.986920 -0.016536 0.160360
vn -0.986920 -0.016536 0.160360
vn -0.986920 -0.016536 0.160360
vn 0.999824 -0.018780 0.000000
vn 0.999824 -0.018780 0.000000
vn 0.999824 -0.018780 0.000000
vn 0.999824 -0.018780 0.000000
vn 0.000000 -0.000000 -1.000000
vn 0.000000 -0.000000 -1.000000
vn 0.000000 -0.000000 -1.000000
vn 0.000000 -0.000000 -1.000000
vn 0.000000 0.000000 1.000000
vn 0.000000 0.000000 1.000000
vn 0.000000 0.000000 1.000000
vn 0.000000 0.000000 1.000000
vn -0.000000 0.000000 1.000000
vn -0.000000 0.000000 1.000000
vn -0.000000 0.000000 1.000000
vn -0.000000 0.000000 1.000000
vn 0.000000 -0.000000 -1.000000
vn 0.000000 -0.000000 -1.000000
vn 0.000000 -0.000000 -1.000000
vn 0.000000 -0.000000 -1.000000
vn 0.999543 0.030218 0.000000
vn 0.999543 0.030218 0.000000
vn 0.999543 0.030218 0.000000
vn 0.999543 0.030218 0.000000
vn 0.000000 1.000000 0.000000
vn 0.000000 1.000000 0.000000
vn 0.000000 1.000000 0.000000
vn 0.000000 1.000000 0.000000
vn -0.999139 -0.041479 0.000000
vn -0.999139 -0.041479 0.000000
vn -0.999139 -0.041479 0.000000
vn -0.999139 -0.041479 0.000000
vn 0.000000 -1.000000 0.000000
vn 0.000000 -1.000000 0.000000
vn 0.000000 -1.000000 0.000000
vn 0.000000 -1.000000 0.000000
vn 0.983008 -0.039155 0.179337
vn 0.983008 -0.039155 0.179337
vn 0.983008 -0.039155 0.179337
vn 0.983008 -0.039155 0.179337
vn 0.000000 -0.000000 -1.000000
vn 0.000000 -0.000000 -1.000000
vn 0.000000 -0.000000 -1.000000
vn 0.000000 -0.000000 -1.000000
vn -0.999962 -0.008698 0.000001
vn -0.999962 -0.008698 0.000001
vn -0.999962 -0.008698 0.000001
vn -0.999962 -0.008698 0.000001
vn -0.000000 0.000000 1.000000
vn -0.000000 0.000000 1.000000
vn -0.000000 0.000000 1.000000
vn -0.000000 0.000000 1.000000
vn -0.999999 0.001356 -0.000000
vn -0.999999 0.001356 -0.000000
vn -0.999999 0.001356 -0.000000
vn -0.999999 0.001356 -0.000000
vn -0.000001 0.000000 1.000000
vn -0.000001 0.000000 1.000000
vn -0.000001 0.000000 1.000000
vn -0.000001 0.000000 1.000000
vn 0.957185 0.289476 -0.000000
vn 0.957185 0.289476 -0.000000
vn 0.957185 0.289476 -0.000000
vn 0.957185 0.289476 -0.000000
vn 0.000000 -0.000000 -1.000000
vn 0.000000 -0.000000 -1.000000
vn 0.000000 -0.000000 -1.000000
vn 0.000000 -0.000000 -1.000000
vn -0.000000 -0.000000 -1.000000
vn -0.000000 -0.000000 -1.000000
vn -0.000000 -0.000000 -1.000000
vn -0.000000 -0.000000 -1.000000
vn 0.999607 -0.028038 -0.000000
vn 0.999607 -0.028038 -0.000000
vn 0.999607 -0.028038 -0.000000
vn 0.999607 -0.028038 -0.000000
vn -0.957440 0.288633 -0.000000
vn -0.957440 0.288633 -0.000000
vn -0.957440 0.288633 -0.000000
vn -0.957440 0.288633 -0.000000
vn -0.000000 0.000001 1.000000
vn -0.000000 0.000001 1.000000
vn -0.000000 0.000001 1.000000
vn -0.000000 0.000001 1.000000
vn 0.000000 0.000000 1.000000
vn 0.000000 0.000000 1.000000
vn 0.000000 0.000000 1.000000
vn -0.999824 0.018780 0.000000
vn -0.999824 0.018780 0.000000
vn -0.999824 0.018780 0.000000
vn -0.999824 0.018780 0.000000
vn 0.000000 -0.000001 -1.000000
vn 0.000000 -0.000001 -1.000000
vn 0.000000 -0.000001 -1.000000
vn 0.000000 -0.000001 -1.000000
vn 0.872030 -0.489453 -0.000001
vn 0.872030 -0.489453 -0.000001
vn 0.872030 -0.489453 -0.000001
vn 0.872030 -0.489453 -0.000001
vn 0.999997 0.002338 -0.000001
vn 0.999997 0.002338 -0.000001
vn 0.999997 0.002338 -0.000001
vn 0.999997 0.002338 -0.000001
vn 0.000000 -0.000000 -1.000000
vn 0.000000 -0.000000 -1.000000
vn 0.000000 -0.000000 -1.000000
vn 0.000000 -0.000000 -1.000000
vn -0.000000 0.000000 1.000000
vn -0.000000 0.000000 1.000000
vn -0.000000 0.000000 1.000000
vn -0.000000 0.000000 1.000000
vn -0.999962 -0.008698 0.000000
vn -0.999962 -0.008698 0.000000
vn -0.999962 -0.008698 0.000000
vn -0.999962 -0.008698 0.000000
vn 0.999543 0.030217 -0.000001
vn 0.999543 0.030217 -0.000001
vn 0.999543 0.030217 -0.000001
vn 0.999543 0.030217 -0.000001
vn -0.999824 0.018780 0.000000
vn -0.999824 0.018780 0.000000
vn -0.999824 0.018780 0.000000
vn -0.999824 0.018780 0.000000
vn 0.000000 -0.000000 -1.000000
vn 0.000000 -0.000000 -1.000000
vn 0.000000 -0.000000 -1.000000
vn 0.000000 -0.000000 -1.000000
vn 0.000000 0.000000 1.000000
vn 0.000000 0.000000 1.000000
vn 0.000000 0.000000 1.000000
vn 0.000000 0.000000 1.000000
vn 0.000000 0.000000 1.000000
vn 0.000000 0.000000 -1.000000
vn 0.000000 0.000000 -1.000000
vn 0.000000 0.000000 -1.000000
vn 0.000000 0.000000 -1.000000
vn -0.999543 -0.030217 0.000000
vn -0.999543 -0.030217 0.000000
vn -0.999543 -0.030217 0.000000
vn -0.999543 -0.030217 0.000000
vn 0.000000 -1.000000 0.000001
vn 0.000000 -1.000000 0.000001
vn 0.000000 -1.000000 0.000001
vn 0.000000 -1.000000 0.000001
vn 0.982165 0.056964 0.179184
vn 0.982165 0.056964 0.179184
vn 0.982165 0.056964 0.179184
vn 0.982165 0.056964 0.179184
vn 0.000000 1.000000 -0.000000
vn 0.000000 1.000000 -0.000000
vn 0.000000 1.000000 -0.000000
vn 0.000000 1.000000 -0.000000
vn 0.000000 -1.000000 -0.000002
vn 0.000000 -1.000000 -0.000002
vn 0.000000 -1.000000 -0.000002
vn 0.000000 -1.000000 -0.000002
vn -0.950124 -0.000000 -0.311871
vn -0.950124 -0.000000 -0.311871
vn -0.950124 -0.000000 -0.311871
vn -0.950124 -0.000000 -0.311871
vn 0.000000 1.000000 -0.000000
vn 0.000000 1.000000 -0.000000
vn 0.000000 1.000000 -0.000000
vn 0.000000 1.000000 -0.000000
vn 0.000000 1.000000 -0.000000
vn 1.000000 -0.000000 0.000000
vn 1.000000 -0.000000 0.000000
vn 1.000000 -0.000000 0.000000
vn 1.000000 -0.000000 0.000000
vn 0.000000 -1.000000 0.000001
vn 0.000000 -1.000000 0.000001
vn 0.000000 -1.000000 0.000001
vn 0.000000 -1.000000 0.000001
vn -0.996477 0.000000 0.083868
vn -0.996477 0.000000 0.083868
vn -0.996477 0.000000 0.083868
vn -0.996477 0.000000 0.083868
vn -1.000000 0.000000 0.000000
vn -1.000000 0.000000 0.000000
vn -1.000000 0.000000 0.000000
vn -1.000000 0.000000 0.000000
vn 0.976741 0.000000 0.214422
vn 0.976741 0.000000 0.214422
vn 0.976741 0.000000 0.214422
vn 0.976741 0.000000 0.214422
vn -1.000000 0.000000 0.000000
vn -1.000000 0.000000 0.000000
vn 0.000000 -1.000000 0.000000
vn 0.000000 -1.000000 0.000000
vn 0.000000 -1.000000 0.000000
vn 0.000000 -1.000000 0.000000
vn 0.000000 -1.000000 0.000000
vn 1.000000 -0.000000 0.000000
vn 1.000000 -0.000000 0.000000
vn 1.000000 -0.000000 0.000000
vn 1.000000 -0.000000 0.000000
vn 0.000000 1.000000 -0.000000
vn 0.000000 1.000000 -0.000000
vn 0.000000 1.000000 -0.000000
vn 0.000000 1.000000 -0.000000
vn 0.000000 1.000000 -0.000000
vn 0.999757 -0.000000 -0.022023
vn 0.999757 -0.000000 -0.022023
vn 0.999757 -0.000000 -0.022023
vn 0.999757 -0.000000 -0.022023
vn 0.000000 -1.000000 0.000000
vn 0.000000 -1.000000 0.000000
vn 0.000000 -1.000000 0.000000
vn -1.000000 0.000000 -0.000000
vn -1.000000 0.000000 -0.000000
vn -1.000000 0.000000 -0.000000
vn -1.000000 0.000000 -0.000000
vn -0.935470 -0.000000 0.353405
vn -0.935470 -0.000000 0.353405
vn -0.935470 -0.000000 0.353405
vn -0.935470 -0.000000 0.353405
vn 0.000000 -1.000000 0.000002
vn 0.000000 -1.000000 0.000002
vn 0.000000 -1.000000 0.000002
vn 0.000000 -1.000000 0.000002
vn 0.000000 1.000000 -0.000000
vn 0.000000 1.000000 -0.000000
vn 0.000000 1.000000 -0.000000
vn 0.000000 0.000000 1.000000
vn 0.000000 0.000000 1.000000
vn 0.000000 0.000000 1.000000
vn 1.000000 -0.000000 0.000000
vn 1.000000 -0.000000 0.000000
vn 1.000000 -0.000000 0.000000
vn 0.000000 -0.000000 -1.000000
vn 0.000000 -0.000000 -1.000000
vn 0.000000 -0.000000 -1.000000
vn 0.000000 -0.000000 -1.000000
vn -1.000000 -0.000000 0.000000
vn -1.000000 -0.000000 0.000000
vn -1.000000 -0.000000 0.000000
vn -1.000000 -0.000000 0.000000
vn 0.000000 0.000000 1.000000
vn 0.000000 0.000000 1.000000
vn 0.000000 0.000000 1.000000
vn 0.000000 0.000000 1.000000
vn 1.000000 -0.000000 0.000000
vn 1.000000 -0.000000 0.000000
vn 1.000000 -0.000000 0.000000
vn 1.000000 -0.000000 0.000000
vn 0.000000 -0.000000 -1.000000
vn 0.000000 -0.000000 -1.000000
vn 0.000000 -0.000000 -1.000000
vn 0.000000 -0.000000 -1.000000
vn -1.000000 0.000000 0.000000
vn -1.000000 0.000000 0.000000
vn -1.000000 0.000000 0.000000
vn -1.000000 0.000000 0.000000
vn 0.000000 1.000000 -0.000000
vn 0.000000 1.000000 -0.000000
vn 0.000000 1.000000 -0.000000
vn 0.000000 1.000000 -0.000000
vn 0.000000 0.000000 1.000000
vn 0.000000 0.000000 1.000000
vn 0.000000 0.000000 1.000000
vn 0.000000 0.000000 1.000000
vn 1.000000 -0.000000 0.000000
vn 1.000000 -0.000000 0.000000
vn 1.000000 -0.000000 0.000000
vn 1.000000 -0.000000 0.000000
vn 0.000000 -0.000000 -1.000000
vn 0.000000 -0.000000 -1.000000
vn 0.000000 -0.000000 -1.000000
vn 0.000000 -0.000000 -1.000000
vn -1.000000 0.000000 0.000000
vn -1.000000 0.000000 0.000000
vn -1.000000 0.000000 0.000000
vn -1.000000 0.000000 0.000000
vn 0.000000 0.000000 1.000000
vn 0.000000 0.000000 1.000000
vn 0.000000 0.000000 1.000000
vn 0.000000 0.000000 1.000000
vn 0.000000 -0.000000 -1.000000
vn 0.000000 -0.000000 -1.000000
vn 0.000000 -0.000000 -1.000000
vn 0.000000 -0.000000 -1.000000
vn 0.000000 1.000000 -0.000000
vn 0.000000 1.000000 -0.000000
vn 0.000000 1.000000 -0.000000
vn 1.000000 -0.000000 0.000000
vn 1.000000 -0.000000 0.000000
vn 1.000000 -0.000000 0.000000
vn 1.000000 -0.000000 0.000000
vn 1.000000 -0.000000 0.000000
vn 1.000000 -0.000000 0.000000
vn 0.000000 -1.000000 -0.000000
vn 0.000000 -1.000000 -0.000000
vn 0.000000 -1.000000 -0.000000
vn 0.000000 -1.000000 -0.000000
vn -0.999014 0.000000 -0.044401
vn -0.999014 0.000000 -0.044401
vn -0.999014 0.000000 -0.044401
vn -0.999014 0.000000 -0.044401
vn -0.950124 -0.000000 -0.311872
vn -0.950124 -0.000000 -0.311872
vn -0.950124 -0.000000 -0.311872
vn -0.950124 -0.000000 -0.311872
vn 0.000000 -1.000000 0.000000
vn 0.000000 -1.000000 0.000000
vn 0.000000 -1.000000 0.000000
vn 0.000000 -1.000000 0.000000
vn 0.000000 -1.000000 0.000000
vn 0.000000 -1.000000 0.000000
vn 1.000000 -0.000000 0.000000
vn 1.000000 -0.000000 0.000000
vn 1.000000 -0.000000 0.000000
vn 1.000000 -0.000000 0.000000
vn 1.000000 -0.000000 0.000000
vn 0.000000 1.000000 -0.000000
vn 0.000000 1.000000 -0.000000
vn 0.000000 1.000000 -0.000000
vn 0.000000 1.000000 -0.000000
vn 0.000000 1.000000 -0.000000
vn -0.996477 0.000000 0.083868
vn -0.996477 0.000000 0.083868
vn -0.996477 0.000000 0.083868
vn -0.996477 0.000000 0.083868
vn 0.976741 0.000000 0.214421
vn 0.976741 0.000000 0.214421
vn 0.976741 0.000000 0.214421
vn 0.976741 0.000000 0.214421
vn -1.000000 0.000000 0.000000
vn -1.000000 0.000000 0.000000
vn -1.000000 0.000000 0.000000
vn -1.000000 0.000000 0.000000
vn -1.000000 0.000000 0.000000
vn 0.000000 1.000000 -0.000000
vn 0.000000 1.000000 -0.000000
vn 0.000000 1.000000 -0.000000
vn 0.000000 1.000000 -0.000000
vn 1.000000 -0.000000 0.000000
vn 1.000000 -0.000000 0.000000
vn 1.000000 -0.000000 0.000000
vn 0.000000 -1.000000 0.000000
vn 0.000000 -1.000000 0.000000
vn 0.000000 -1.000000 0.000000
vn 0.000000 -1.000000 0.000000
vn 0.000000 -1.000000 0.000000
vn 0.000000 -1.000000 0.000000
vn 0.999757 -0.000000 -0.022023
vn 0.999757 -0.000000 -0.022023
vn 0.999757 -0.000000 -0.022023
vn 0.999757 -0.000000 -0.022023
vn 0.000000 1.000000 -0.000000
vn 0.000000 1.000000 -0.000000
vn 0.000000 1.000000 -0.000000
vn -1.000000 0.000000 0.000000
vn -1.000000 0.000000 0.000000
vn -1.000000 0.000000 0.000000
vn -0.935470 0.000000 0.353405
vn -0.935470 0.000000 0.353405
vn -0.935470 0.000000 0.353405
vn -0.935470 0.000000 0.353405
vn 0.000000 1.000000 0.000002
vn 0.000000 1.000000 0.000002
vn 0.000000 1.000000 0.000002
vn 0.000000 1.000000 0.000002
vn 1.000000 -0.000000 0.000000
vn 1.000000 -0.000000 0.000000
vn 1.000000 -0.000000 0.000000
vn 0.000000 -1.000000 0.000001
vn 0.000000 -1.000000 0.000001
vn 0.000000 -1.000000 0.000001
vn 0.000000 -1.000000 0.000001
vn 0.000000 0.000000 1.000000
vn 0.000000 0.000000 1.000000
vn 0.000000 0.000000 1.000000
vn 1.000000 -0.000000 0.000000
vn 1.000000 -0.000000 0.000000
vn 1.000000 -0.000000 0.000000
vn 0.000000 -0.000000 -1.000000
vn 0.000000 -0.000000 -1.000000
vn 0.000000 -0.000000 -1.000000
vn 0.000000 -0.000000 -1.000000
vn -1.000000 0.000000 -0.000000
vn -1.000000 0.000000 -0.000000
vn -1.000000 0.000000 -0.000000
vn -1.000000 0.000000 -0.000000
vn 0.000000 0.000000 1.000000
vn 0.000000 0.000000 1.000000
vn 0.000000 0.000000 1.000000
vn 0.000000 0.000000 1.000000
vn 1.000000 0.000000 -0.000000
vn 1.000000 0.000000 -0.000000
vn 1.000000 0.000000 -0.000000
vn 1.000000 0.000000 -0.000000
vn 0.000000 -0.000000 -1.000000
vn 0.000000 -0.000000 -1.000000
vn 0.000000 -0.000000 -1.000000
vn 0.000000 -0.000000 -1.000000
vn -1.000000 0.000000 -0.000000
vn -1.000000 0.000000 -0.000000
vn -1.000000 0.000000 -0.000000
vn -1.000000 0.000000 -0.000000
vn 0.000000 -1.000000 0.000000
vn 0.000000 -1.000000 0.000000
vn 0.000000 -1.000000 0.000000
vn 0.000000 -1.000000 0.000000
vn 0.000000 0.000000 1.000000
vn 0.000000 0.000000 1.000000
vn 0.000000 0.000000 1.000000
vn 0.000000 0.000000 1.000000
vn 1.000000 0.000000 -0.000000
vn 1.000000 0.000000 -0.000000
vn 1.000000 0.000000 -0.000000
vn 1.000000 0.000000 -0.000000
vn 0.000000 -0.000000 -1.000000
vn 0.000000 -0.000000 -1.000000
vn 0.000000 -0.000000 -1.000000
vn 0.000000 -0.000000 -1.000000
vn -1.000000 0.000000 -0.000000
vn -1.000000 0.000000 -0.000000
vn -1.000000 0.000000 -0.000000
vn -1.000000 0.000000 -0.000000
vn 0.000000 0.000000 1.000000
vn 0.000000 0.000000 1.000000
vn 0.000000 0.000000 1.000000
vn 0.000000 0.000000 1.000000
vn 0.000000 -0.000000 -1.000000
vn 0.000000 -0.000000 -1.000000
vn 0.000000 -0.000000 -1.000000
vn 0.000000 -0.000000 -1.000000
vn 0.000000 -1.000000 0.000000
vn 0.000000 -1.000000 0.000000
vn 0.000000 -1.000000 0.000000
vn 0.000000 -1.000000 0.000000
vn 1.000000 -0.000000 0.000000
vn 1.000000 -0.000000 0.000000
vn 1.000000 -0.000000 0.000000
vn 0.000000 1.000000 -0.000000
vn 0.000000 1.000000 -0.000000
vn 0.000000 1.000000 -0.000000
vn 0.000000 1.000000 -0.000000
vn -0.999014 -0.000000 -0.044401
vn -0.999014 -0.000000 -0.044401
vn -0.999014 -0.000000 -0.044401
vn -0.999014 -0.000000 -0.044401
vn 0.000000 0.000000 1.000000
vn 0.000000 0.000000 1.000000
vn 0.000000 0.000000 1.000000
vn 0.000000 0.000000 1.000000
vn 0.000000 -1.000000 0.000001
vn 0.000000 -1.000000 0.000001
vn 0.000000 -1.000000 0.000001
vn 0.000000 -1.000000 0.000001
vn 0.000000 -0.000000 -1.000000
vn 0.000000 -0.000000 -1.000000
vn 0.000000 -0.000000 -1.000000
vn 0.000000 -0.000000 -1.000000
vn -0.481098 0.862848 0.155044
vn -0.481098 0.862848 0.155044
vn -0.481098 0.862848 0.155044
vn -0.481098 0.862848 0.155044
vn 0.000000 0.000000 1.000000
vn 0.000000 0.000000 1.000000
vn 0.000000 0.000000 1.000000
vn 0.000000 0.000000 1.000000
vn -0.000000 -1.000000 0.000000
vn -0.000000 -1.000000 0.000000
vn -0.000000 -1.000000 0.000000
vn -0.000000 -1.000000 0.000000
vn -0.000000 -0.000000 -1.000000
vn -0.000000 -0.000000 -1.000000
vn -0.000000 -0.000000 -1.000000
vn -0.000000 -0.000000 -1.000000
vn 0.055173 0.997814 -0.036387
vn 0.055173 0.997814 -0.036387
vn 0.055173 0.997814 -0.036387
vn 0.055173 0.997814 -0.036387
vn -0.000003 -1.000000 0.000000
vn -0.000003 -1.000000 0.000000
vn -0.000003 -1.000000 0.000000
vn -0.000003 -1.000000 0.000000
vn 0.000002 1.000000 -0.000000
vn 0.000002 1.000000 -0.000000
vn 0.000002 1.000000 -0.000000
vn 0.000002 1.000000 -0.000000
vn -0.192057 0.000000 0.981384
vn -0.192057 0.000000 0.981384
vn -0.192057 0.000000 0.981384
vn -0.192057 0.000000 0.981384
vn -0.000003 -1.000000 0.000000
vn -0.000003 -1.000000 0.000000
vn -0.000003 -1.000000 0.000000
vn -0.000003 -1.000000 0.000000
vn 0.000002 1.000000 -0.000000
vn 0.000002 1.000000 -0.000000
vn 0.000002 1.000000 -0.000000
vn 0.000002 1.000000 -0.000000
vn 0.000000 -0.000000 -1.000000
vn 0.000000 -0.000000 -1.000000
vn 0.000000 -0.000000 -1.000000
vn 0.000000 -0.000000 -1.000000
vn 0.000000 -0.000000 -1.000000
vn 0.192057 0.000000 0.981384
vn 0.192057 0.000000 0.981384
vn 0.192057 0.000000 0.981384
vn 0.192057 0.000000 0.981384
vn 0.939045 -0.000000 -0.343794
vn 0.939045 -0.000000 -0.343794
vn 0.939045 -0.000000 -0.343794
vn 0.939045 -0.000000 -0.343794
vn 0.000000 -1.000000 0.000002
vn 0.000000 -1.000000 0.000002
vn 0.000000 -1.000000 0.000002
vn 0.000000 -1.000000 0.000002
vn -0.290448 0.000002 0.956891
vn -0.290448 0.000002 0.956891
vn -0.290448 0.000002 0.956891
vn -0.290448 0.000002 0.956891
vn 0.000000 1.000000 0.000001
vn 0.000000 1.000000 0.000001
vn 0.000000 1.000000 0.000001
vn 0.000000 1.000000 0.000001
vn -0.946659 0.000007 -0.322238
vn -0.946659 0.000007 -0.322238
vn -0.946659 0.000007 -0.322238
vn -0.946659 0.000007 -0.322238
vn 0.000000 -1.000000 0.000000
vn 0.000000 -1.000000 0.000000
vn 0.000000 -1.000000 0.000000
vn 0.000000 1.000000 0.000003
vn 0.000000 1.000000 0.000003
vn 0.000000 1.000000 0.000003
vn 0.000000 1.000000 0.000003
vn 1.000000 -0.000000 0.000000
vn 1.000000 -0.000000 0.000000
vn 1.000000 -0.000000 0.000000
vn 0.000000 1.000000 -0.000000
vn 0.000000 1.000000 -0.000000
vn 0.000000 1.000000 -0.000000
vn 0.000000 1.000000 -0.000000
vn -1.000000 0.000000 0.000000
vn -1.000000 0.000000 0.000000
vn -1.000000 0.000000 0.000000
vn 0.000000 -1.000000 0.000000
vn 0.000000 -1.000000 0.000000
vn 0.000000 -1.000000 0.000000
vn 1.000000 -0.000000 0.000000
vn 1.000000 -0.000000 0.000000
vn 1.000000 -0.000000 0.000000
vn 1.000000 -0.000000 0.000000
vn 0.918219 0.000000 0.396072
vn 0.918219 0.000000 0.396072
vn 0.918219 0.000000 0.396072
vn 0.918219 0.000000 0.396072
vn 0.000000 -1.000000 0.000000
vn 0.000000 -1.000000 0.000000
vn 0.000000 -1.000000 0.000000
vn -1.000000 0.000000 0.000000
vn -1.000000 0.000000 0.000000
vn 0.000000 1.000000 0.000000
vn 0.000000 1.000000 0.000000
vn 0.000000 1.000000 0.000000
vn 0.000000 1.000000 0.000000
vn 1.000000 -0.000000 0.000000
vn 1.000000 -0.000000 0.000000
vn 1.000000 -0.000000 0.000000
vn 1.000000 -0.000000 0.000000
vn 1.000000 -0.000000 0.000000
vn 1.000000 -0.000000 0.000000
vn 1.000000 -0.000000 0.000000
vn 0.000000 1.000000 -0.000000
vn 0.000000 1.000000 -0.000000
vn 0.000000 1.000000 -0.000000
vn 0.000000 1.000000 -0.000000
vn 0.000000 -1.000000 0.000000
vn 0.000000 -1.000000 0.000000
vn 0.000000 -1.000000 0.000000
vn -0.999326 0.000008 0.036709
vn -0.999326 0.000008 0.036709
vn -0.999326 0.000008 0.036709
vn -0.999326 0.000008 0.036709
vn 0.000000 1.000000 -0.000000
vn 0.000000 1.000000 -0.000000
vn 0.000000 1.000000 -0.000000
vn 0.000000 1.000000 -0.000000
vn -0.290447 0.000001 0.956891
vn -0.290447 0.000001 0.956891
vn -0.290447 0.000001 0.956891
vn -0.290447 0.000001 0.956891
vn -0.000001 -1.000000 0.000000
vn -0.000001 -1.000000 0.000000
vn -0.000001 -1.000000 0.000000
vn -0.000001 -1.000000 0.000000
vn -0.000001 -1.000000 -0.000001
vn -0.000001 -1.000000 -0.000001
vn -0.000001 -1.000000 -0.000001
vn -0.000001 -1.000000 -0.000001
vn 0.604441 -0.000000 -0.796650
vn 0.604441 -0.000000 -0.796650
vn 0.604441 -0.000000 -0.796650
vn 0.604441 -0.000000 -0.796650
vn 0.000001 1.000000 0.000000
vn 0.000001 1.000000 0.000000
vn 0.000001 1.000000 0.000000
vn 0.000001 1.000000 0.000000
vn 0.081429 -0.000000 -0.996679
vn 0.081429 -0.000000 -0.996679
vn 0.081429 -0.000000 -0.996679
vn 0.081429 -0.000000 -0.996679
vn 0.000000 1.000000 -0.000001
vn 0.000000 1.000000 -0.000001
vn 0.000000 1.000000 -0.000001
vn 0.000000 1.000000 -0.000001
vn -0.907878 0.000000 0.419234
vn -0.907878 0.000000 0.419234
vn -0.907878 0.000000 0.419234
vn -0.907878 0.000000 0.419234
vn 0.000000 -1.000000 0.000000
vn 0.000000 -1.000000 0.000000
vn 0.000000 -1.000000 0.000000
vn 0.000000 -1.000000 0.000000
vn -0.600115 0.000002 0.799914
vn -0.600115 0.000002 0.799914
vn -0.600115 0.000002 0.799914
vn -0.600115 0.000002 0.799914
vn 0.000000 1.000000 -0.000000
vn 0.000000 1.000000 -0.000000
vn 0.000000 1.000000 -0.000000
vn 0.000000 1.000000 -0.000000
vn -0.999958 0.000004 0.009136
vn -0.999958 0.000004 0.009136
vn -0.999958 0.000004 0.009136
vn -0.999958 0.000004 0.009136
vn 0.000000 -1.000000 -0.000001
vn 0.000000 -1.000000 -0.000001
vn 0.000000 -1.000000 -0.000001
vn 0.000000 -1.000000 -0.000001
vn 0.999941 0.000000 0.010899
vn 0.999941 0.000000 0.010899
vn 0.999941 0.000000 0.010899
vn 0.999941 0.000000 0.010899
vn 0.912266 -0.000000 -0.409599
vn 0.912266 -0.000000 -0.409599
vn 0.912266 -0.000000 -0.409599
vn 0.912266 -0.000000 -0.409599
vn 0.000000 0.000000 1.000000
vn 0.000000 0.000000 1.000000
vn 0.000000 0.000000 1.000000
vn 0.000000 0.000000 1.000000
vn 0.000000 -0.000000 -1.000000
vn 0.000000 -0.000000 -1.000000
vn 0.000000 -0.000000 -1.000000
vn 0.000003 1.000000 -0.000000
vn 0.000003 1.000000 -0.000000
vn 0.000003 1.000000 -0.000000
vn 0.000003 1.000000 -0.000000
vn -0.000002 -1.000000 0.000000
vn -0.000002 -1.000000 0.000000
vn -0.000002 -1.000000 0.000000
vn -0.000002 -1.000000 0.000000
vn 0.346194 0.000000 0.938163
vn 0.346194 0.000000 0.938163
vn 0.346194 0.000000 0.938163
vn 0.346194 0.000000 0.938163
vn 0.000000 -0.000000 -1.000000
vn 0.000000 -0.000000 -1.000000
vn 0.000000 -0.000000 -1.000000
vn 0.000000 -0.000000 -1.000000
vn 0.000000 1.000000 -0.000000
vn 0.000000 1.000000 -0.000000
vn 0.000000 1.000000 -0.000000
vn 0.000000 1.000000 -0.000000
vn -1.000000 0.000000 0.000000
vn -1.000000 0.000000 0.000000
vn -1.000000 0.000000 0.000000
vn 0.000000 -1.000000 0.000000
vn 0.000000 -1.000000 0.000000
vn 0.998792 -0.000000 -0.049137
vn 0.998792 -0.000000 -0.049137
vn 0.998792 -0.000000 -0.049137
vn 0.998792 -0.000000 -0.049137
vn -1.000000 0.000000 0.000000
vn -1.000000 0.000000 0.000000
vn -1.000000 0.000000 0.000000
vn -1.000000 0.000000 0.000000
vn 1.000000 -0.000000 0.000000
vn 1.000000 -0.000000 0.000000
vn 1.000000 -0.000000 0.000000
vn 1.000000 -0.000000 0.000000
vn -0.000000 1.000000 -0.000000
vn -0.000000 1.000000 -0.000000
vn -0.000000 1.000000 -0.000000
vn -0.000000 1.000000 -0.000000
vn 0.000000 -0.000000 -1.000000
vn 0.000000 -0.000000 -1.000000
vn 0.000000 -0.000000 -1.000000
vn 0.000000 -0.000000 -1.000000
vn 0.000001 -1.000000 0.000002
vn 0.000001 -1.000000 0.000002
vn 0.000001 -1.000000 0.000002
vn 0.000001 -1.000000 0.000002
vn -0.000000 0.000000 1.000000
vn -0.000000 0.000000 1.000000
vn -0.000000 0.000000 1.000000
vn -0.000000 0.000000 1.000000
vn 0.719119 0.000000 0.694887
vn 0.719119 0.000000 0.694887
vn 0.719119 0.000000 0.694887
vn 0.719119 0.000000 0.694887
vn -0.000000 1.000000 -0.000000
vn -0.000000 1.000000 -0.000000
vn -0.000000 1.000000 -0.000000
vn -0.000000 1.000000 -0.000000
vn 0.000000 -0.000000 -1.000000
vn 0.000000 -0.000000 -1.000000
vn 0.000000 -0.000000 -1.000000
vn 0.000000 -0.000000 -1.000000
vn 0.000000 -1.000000 0.000002
vn 0.000000 -1.000000 0.000002
vn 0.000000 -1.000000 0.000002
vn 0.000000 -1.000000 0.000002
vn -0.000000 0.000000 1.000000
vn -0.000000 0.000000 1.000000
vn -0.000000 0.000000 1.000000
vn -0.000000 0.000000 1.000000
vn 0.833585 -0.000000 -0.552391
vn 0.833585 -0.000000 -0.552391
vn 0.833585 -0.000000 -0.552391
vn 0.833585 -0.000000 -0.552391
vn -0.860164 0.000000 0.510018
vn -0.860164 0.000000 0.510018
vn -0.860164 0.000000 0.510018
vn -0.860164 0.000000 0.510018
vn -0.000000 1.000000 -0.000000
vn -0.000000 1.000000 -0.000000
vn -0.000000 1.000000 -0.000000
vn -0.000000 1.000000 -0.000000
vn 0.340634 0.000000 0.940196
vn 0.340634 0.000000 0.940196
vn 0.340634 0.000000 0.940196
vn 0.340634 0.000000 0.940196
vn 0.000000 -1.000000 0.000000
vn 0.000000 -1.000000 0.000000
vn 0.000000 -1.000000 0.000000
vn 0.000000 -1.000000 0.000000
vn -0.340984 -0.000000 -0.940069
vn -0.340984 -0.000000 -0.940069
vn -0.340984 -0.000000 -0.940069
vn -0.340984 -0.000000 -0.940069
vn 0.000003 -1.000000 0.000000
vn 0.000003 -1.000000 0.000000
vn 0.000003 -1.000000 0.000000
vn 0.000003 -1.000000 0.000000
vn -0.000002 1.000000 -0.000000
vn -0.000002 1.000000 -0.000000
vn -0.000002 1.000000 -0.000000
vn -0.000002 1.000000 -0.000000
vn -0.000000 -0.000000 -1.000000
vn -0.000000 -0.000000 -1.000000
vn -0.000000 -0.000000 -1.000000
vn -0.000000 -0.000000 -1.000000
vn 0.192057 0.000000 0.981384
vn 0.192057 0.000000 0.981384
vn 0.192057 0.000000 0.981384
vn 0.192057 0.000000 0.981384
vn 0.000003 -1.000000 0.000000
vn 0.000003 -1.000000 0.000000
vn 0.000003 -1.000000 0.000000
vn 0.000003 -1.000000 0.000000
vn -0.000002 1.000000 -0.000000
vn -0.000002 1.000000 -0.000000
vn -0.000002 1.000000 -0.000000
vn -0.000002 1.000000 -0.000000
vn -0.000000 -0.000000 -1.000000
vn -0.000000 -0.000000 -1.000000
vn -0.000000 -0.000000 -1.000000
vn -0.000000 -0.000000 -1.000000
vn -0.192057 0.000000 0.981384
vn -0.192057 0.000000 0.981384
vn -0.192057 0.000000 0.981384
vn -0.192057 0.000000 0.981384
vn -0.939045 -0.000000 -0.343794
vn -0.939045 -0.000000 -0.343794
vn -0.939045 -0.000000 -0.343794
vn -0.939045 -0.000000 -0.343794
vn 0.000000 -1.000000 0.000002
vn 0.000000 -1.000000 0.000002
vn 0.000000 -1.000000 0.000002
vn 0.000000 -1.000000 0.000002
vn 0.290448 0.000002 0.956891
vn 0.290448 0.000002 0.956891
vn 0.290448 0.000002 0.956891
vn 0.290448 0.000002 0.956891
vn 0.000000 1.000000 0.000002
vn 0.000000 1.000000 0.000002
vn 0.000000 1.000000 0.000002
vn 0.000000 1.000000 0.000002
vn 0.946659 0.000007 -0.322238
vn 0.946659 0.000007 -0.322238
vn 0.946659 0.000007 -0.322238
vn 0.946659 0.000007 -0.322238
vn 0.000000 -1.000000 0.000001
vn 0.000000 -1.000000 0.000001
vn 0.000000 -1.000000 0.000001
vn 0.000000 -1.000000 0.000001
vn 0.000000 1.000000 0.000003
vn 0.000000 1.000000 0.000003
vn 0.000000 1.000000 0.000003
vn 0.000000 1.000000 0.000003
vn -1.000000 0.000000 0.000000
vn -1.000000 0.000000 0.000000
vn -1.000000 0.000000 0.000000
vn 0.000000 -1.000000 0.000000
vn 0.000000 -1.000000 0.000000
vn 0.000000 -1.000000 0.000000
vn -1.000000 0.000000 0.000000
vn -1.000000 0.000000 0.000000
vn -1.000000 0.000000 0.000000
vn -1.000000 0.000000 0.000000
vn -0.918219 0.000000 0.396072
vn -0.918219 0.000000 0.396072
vn -0.918219 0.000000 0.396072
vn -0.918219 0.000000 0.396072
vn 0.000000 -1.000000 0.000000
vn 0.000000 -1.000000 0.000000
vn 1.000000 -0.000000 0.000000
vn 1.000000 -0.000000 0.000000
vn 1.000000 -0.000000 0.000000
vn 1.000000 -0.000000 0.000000
vn 0.000000 1.000000 -0.000000
vn 0.000000 1.000000 -0.000000
vn 0.000000 1.000000 -0.000000
vn 0.000000 1.000000 -0.000000
vn 0.000000 1.000000 -0.000000
vn -1.000000 0.000000 0.000000
vn -1.000000 0.000000 0.000000
vn -1.000000 0.000000 0.000000
vn -1.000000 0.000000 0.000000
vn -1.000000 0.000000 0.000000
vn -1.000000 0.000000 0.000000
vn -1.000000 0.000000 0.000000
vn 0.000000 1.000000 -0.000000
vn 0.000000 1.000000 -0.000000
vn 0.000000 1.000000 -0.000000
vn 0.000000 1.000000 -0.000000
vn 0.000000 -1.000000 0.000000
vn 0.000000 -1.000000 0.000000
vn 0.000000 -1.000000 0.000000
vn 0.000000 -1.000000 0.000000
vn 0.999326 0.000008 0.036709
vn 0.999326 0.000008 0.036709
vn 0.999326 0.000008 0.036709
vn 0.999326 0.000008 0.036709
vn 0.000000 1.000000 -0.000000
vn 0.000000 1.000000 -0.000000
vn 0.000000 1.000000 -0.000000
vn 0.000000 1.000000 -0.000000
vn 0.290447 0.000001 0.956891
vn 0.290447 0.000001 0.956891
vn 0.290447 0.000001 0.956891
vn 0.290447 0.000001 0.956891
vn 0.000001 -1.000000 0.000000
vn 0.000001 -1.000000 0.000000
vn 0.000001 -1.000000 0.000000
vn 0.000001 -1.000000 0.000000
vn 0.000001 -1.000000 -0.000001
vn 0.000001 -1.000000 -0.000001
vn 0.000001 -1.000000 -0.000001
vn 0.000001 -1.000000 -0.000001
vn -0.604441 -0.000000 -0.796650
vn -0.604441 -0.000000 -0.796650
vn -0.604441 -0.000000 -0.796650
vn -0.604441 -0.000000 -0.796650
vn -0.000001 1.000000 -0.000000
vn -0.000001 1.000000 -0.000000
vn -0.000001 1.000000 -0.000000
vn -0.000001 1.000000 -0.000000
vn -0.081429 -0.000000 -0.996679
vn -0.081429 -0.000000 -0.996679
vn -0.081429 -0.000000 -0.996679
vn -0.081429 -0.000000 -0.996679
vn 0.000000 1.000000 -0.000001
vn 0.000000 1.000000 -0.000001
vn 0.000000 1.000000 -0.000001
vn 0.000000 1.000000 -0.000001
vn 0.907878 0.000000 0.419234
vn 0.907878 0.000000 0.419234
vn 0.907878 0.000000 0.419234
vn 0.907878 0.000000 0.419234
vn 0.000000 -1.000000 0.000000
vn 0.000000 -1.000000 0.000000
vn 0.000000 -1.000000 0.000000
vn 0.000000 -1.000000 0.000000
vn 0.600115 0.000002 0.799914
vn 0.600115 0.000002 0.799914
vn 0.600115 0.000002 0.799914
vn 0.600115 0.000002 0.799914
vn 0.000000 1.000000 0.000000
vn 0.000000 1.000000 0.000000
vn 0.000000 1.000000 0.000000
vn 0.000000 1.000000 0.000000
vn 0.999958 0.000004 0.009136
vn 0.999958 0.000004 0.009136
vn 0.999958 0.000004 0.009136
vn 0.999958 0.000004 0.009136
vn 0.000000 -1.000000 -0.000001
vn 0.000000 -1.000000 -0.000001
vn 0.000000 -1.000000 -0.000001
vn 0.000000 -1.000000 -0.000001
vn -0.999941 0.000000 0.010899
vn -0.999941 0.000000 0.010899
vn -0.999941 0.000000 0.010899
vn -0.999941 0.000000 0.010899
vn -0.912266 -0.000000 -0.409599
vn -0.912266 -0.000000 -0.409599
vn -0.912266 -0.000000 -0.409599
vn -0.912266 -0.000000 -0.409599
vn 0.000000 0.000000 1.000000
vn 0.000000 0.000000 1.000000
vn 0.000000 0.000000 1.000000
vn 0.000000 0.000000 1.000000
vn -0.000000 -0.000000 -1.000000
vn -0.000000 -0.000000 -1.000000
vn -0.000000 -0.000000 -1.000000
vn -0.000000 -0.000000 -1.000000
vn -0.000003 1.000000 -0.000000
vn -0.000003 1.000000 -0.000000
vn -0.000003 1.000000 -0.000000
vn -0.000003 1.000000 -0.000000
vn 0.000002 -1.000000 0.000000
vn 0.000002 -1.000000 0.000000
vn 0.000002 -1.000000 0.000000
vn 0.000002 -1.000000 0.000000
vn -0.346194 0.000000 0.938163
vn -0.346194 0.000000 0.938163
vn -0.346194 0.000000 0.938163
vn -0.346194 0.000000 0.938163
vn 0.000000 -0.000000 -1.000000
vn 0.000000 -0.000000 -1.000000
vn 0.000000 -0.000000 -1.000000
vn 0.000000 -0.000000 -1.000000
vn 0.000000 1.000000 -0.000000
vn 0.000000 1.000000 -0.000000
vn 0.000000 1.000000 -0.000000
vn 1.000000 -0.000000 0.000000
vn 1.000000 -0.000000 0.000000
vn 1.000000 -0.000000 0.000000
vn 1.000000 -0.000000 0.000000
vn 0.000000 -1.000000 0.000000
vn 0.000000 -1.000000 0.000000
vn 0.000000 -1.000000 0.000000
vn -0.998792 -0.000000 -0.049137
vn -0.998792 -0.000000 -0.049137
vn -0.998792 -0.000000 -0.049137
vn -0.998792 -0.000000 -0.049137
vn 1.000000 -0.000000 0.000000
vn 1.000000 -0.000000 0.000000
vn 1.000000 -0.000000 0.000000
vn 1.000000 -0.000000 0.000000
vn 0.000000 1.000000 -0.000000
vn 0.000000 1.000000 -0.000000
vn 0.000000 1.000000 -0.000000
vn 0.000000 1.000000 -0.000000
vn -0.000000 -0.000000 -1.000000
vn -0.000000 -0.000000 -1.000000
vn -0.000000 -0.000000 -1.000000
vn -0.000000 -0.000000 -1.000000
vn -0.000001 -1.000000 0.000002
vn -0.000001 -1.000000 0.000002
vn -0.000001 -1.000000 0.000002
vn -0.000001 -1.000000 0.000002
vn 0.000000 0.000000 1.000000
vn 0.000000 0.000000 1.000000
vn 0.000000 0.000000 1.000000
vn 0.000000 0.000000 1.000000
vn -0.719119 0.000000 0.694887
vn -0.719119 0.000000 0.694887
vn -0.719119 0.000000 0.694887
vn -0.719119 0.000000 0.694887
vn 0.000000 1.000000 -0.000000
vn 0.000000 1.000000 -0.000000
vn 0.000000 1.000000 -0.000000
vn 0.000000 1.000000 -0.000000
vn -0.000000 -0.000000 -1.000000
vn -0.000000 -0.000000 -1.000000
vn -0.000000 -0.000000 -1.000000
vn -0.000000 -0.000000 -1.000000
vn -0.000000 -1.000000 0.000000
vn -0.000000 -1.000000 0.000000
vn -0.000000 -1.000000 0.000000
vn -0.000000 -1.000000 0.000000
vn 0.000000 0.000000 1.000000
vn 0.000000 0.000000 1.000000
vn 0.000000 0.000000 1.000000
vn 0.000000 0.000000 1.000000
vn -0.833585 -0.000000 -0.552391
vn -0.833585 -0.000000 -0.552391
vn -0.833585 -0.000000 -0.552391
vn -0.833585 -0.000000 -0.552391
vn 0.860164 0.000000 0.510018
vn 0.860164 0.000000 0.510018
vn 0.860164 0.000000 0.510018
vn 0.860164 0.000000 0.510018
vn 0.000000 1.000000 -0.000000
vn 0.000000 1.000000 -0.000000
vn 0.000000 1.000000 -0.000000
vn 0.000000 1.000000 -0.000000
vn -0.340634 0.000000 0.940196
vn -0.340634 0.000000 0.940196
vn -0.340634 0.000000 0.940196
vn -0.340634 0.000000 0.940196
vn -0.000000 -1.000000 0.000000
vn -0.000000 -1.000000 0.000000
vn -0.000000 -1.000000 0.000000
vn -0.000000 -1.000000 0.000000
vn 0.340984 -0.000000 -0.940069
vn 0.340984 -0.000000 -0.940069
vn 0.340984 -0.000000 -0.940069
vn 0.340984 -0.000000 -0.940069
vn 0.000000 0.000000 1.000000
vn 0.000000 0.000000 1.000000
vn 0.000000 0.000000 1.000000
vn 0.000000 0.000000 1.000000
vn 0.000000 1.000000 0.000002
vn 0.000000 1.000000 0.000002
vn 0.000000 1.000000 0.000002
vn 0.000000 1.000000 0.000002
vn 0.000000 -0.000000 -1.000000
vn 0.000000 -0.000000 -1.000000
vn 0.000000 -0.000000 -1.000000
vn -0.481098 -0.862848 0.155044
vn -0.481098 -0.862848 0.155044
vn -0.481098 -0.862848 0.155044
vn -0.481098 -0.862848 0.155044
vn 0.000000 0.000000 1.000000
vn 0.000000 0.000000 1.000000
vn 0.000000 0.000000 1.000000
vn 0.000000 0.000000 1.000000
vn -0.000000 1.000000 -0.000000
vn -0.000000 1.000000 -0.000000
vn -0.000000 1.000000 -0.000000
vn -0.000000 1.000000 -0.000000
vn -0.000000 -0.000000 -1.000000
vn -0.000000 -0.000000 -1.000000
vn -0.000000 -0.000000 -1.000000
vn -0.000000 -0.000000 -1.000000
vn 0.055173 -0.997814 -0.036387
vn 0.055173 -0.997814 -0.036387
vn 0.055173 -0.997814 -0.036387
vn 0.055173 -0.997814 -0.036387
vn -0.000003 1.000000 -0.000000
vn -0.000003 1.000000 -0.000000
vn -0.000003 1.000000 -0.000000
vn -0.000003 1.000000 -0.000000
vn 0.000003 -1.000000 0.000000
vn 0.000003 -1.000000 0.000000
vn 0.000003 -1.000000 0.000000
vn 0.000003 -1.000000 0.000000
vn 0.000000 -0.000000 -1.000000
vn 0.000000 -0.000000 -1.000000
vn 0.000000 -0.000000 -1.000000
vn 0.000000 -0.000000 -1.000000
vn -0.192057 0.000000 0.981384
vn -0.192057 0.000000 0.981384
vn -0.192057 0.000000 0.981384
vn -0.192057 0.000000 0.981384
vn -0.000003 1.000000 -0.000000
vn -0.000003 1.000000 -0.000000
vn -0.000003 1.000000 -0.000000
vn -0.000003 1.000000 -0.000000
vn 0.000002 -1.000000 0.000000
vn 0.000002 -1.000000 0.000000
vn 0.000002 -1.000000 0.000000
vn 0.000002 -1.000000 0.000000
vn 0.000000 -0.000000 -1.000000
vn 0.000000 -0.000000 -1.000000
vn 0.000000 -0.000000 -1.000000
vn 0.000000 -0.000000 -1.000000
vn 0.192057 0.000000 0.981384
vn 0.192057 0.000000 0.981384
vn 0.192057 0.000000 0.981384
vn 0.192057 0.000000 0.981384
vn 0.939045 -0.000000 -0.343794
vn 0.939045 -0.000000 -0.343794
vn 0.939045 -0.000000 -0.343794
vn 0.939045 -0.000000 -0.343794
vn 0.000000 1.000000 0.000001
vn 0.000000 1.000000 0.000001
vn 0.000000 1.000000 0.000001
vn 0.000000 1.000000 0.000001
vn -0.290448 -0.000002 0.956891
vn -0.290448 -0.000002 0.956891
vn -0.290448 -0.000002 0.956891
vn -0.290448 -0.000002 0.956891
vn 0.000000 -1.000000 0.000000
vn 0.000000 -1.000000 0.000000
vn 0.000000 -1.000000 0.000000
vn -0.946659 -0.000007 -0.322238
vn -0.946659 -0.000007 -0.322238
vn -0.946659 -0.000007 -0.322238
vn -0.946659 -0.000007 -0.322238
vn 0.000000 1.000000 -0.000001
vn 0.000000 1.000000 -0.000001
vn 0.000000 1.000000 -0.000001
vn 0.000000 1.000000 -0.000001
vn 0.000000 -1.000000 0.000000
vn 0.000000 -1.000000 0.000000
vn 0.000000 -1.000000 0.000000
vn 1.000000 -0.000000 0.000000
vn 1.000000 -0.000000 0.000000
vn 1.000000 -0.000000 0.000000
vn 0.000000 1.000000 -0.000000
vn 0.000000 1.000000 -0.000000
vn 0.000000 1.000000 -0.000000
vn 0.000000 1.000000 -0.000000
vn 1.000000 -0.000000 0.000000
vn 1.000000 -0.000000 0.000000
vn 1.000000 -0.000000 0.000000
vn 1.000000 -0.000000 0.000000
vn 0.918219 0.000000 0.396072
vn 0.918219 0.000000 0.396072
vn 0.918219 0.000000 0.396072
vn 0.918219 0.000000 0.396072
vn 0.000000 1.000000 0.000001
vn 0.000000 1.000000 0.000001
vn 0.000000 1.000000 0.000001
vn 0.000000 1.000000 0.000001
vn -1.000000 0.000000 0.000000
vn -1.000000 0.000000 0.000000
vn -1.000000 0.000000 0.000000
vn -1.000000 0.000000 0.000000
vn 0.000000 -1.000000 0.000000
vn 0.000000 -1.000000 0.000000
vn 0.000000 -1.000000 0.000000
vn 0.000000 -1.000000 0.000000
vn 0.000000 -1.000000 0.000000
vn 1.000000 -0.000000 0.000000
vn 1.000000 -0.000000 0.000000
vn 1.000000 -0.000000 0.000000
vn 1.000000 -0.000000 0.000000
vn 1.000000 -0.000000 0.000000
vn 1.000000 -0.000000 0.000000
vn 1.000000 -0.000000 0.000000
vn 0.000000 -1.000000 0.000000
vn 0.000000 -1.000000 0.000000
vn 0.000000 -1.000000 0.000000
vn 0.000000 1.000000 -0.000000
vn 0.000000 1.000000 -0.000000
vn 0.000000 1.000000 -0.000000
vn 0.000000 1.000000 -0.000000
vn -0.999326 -0.000008 0.036709
vn -0.999326 -0.000008 0.036709
vn -0.999326 -0.000008 0.036709
vn -0.999326 -0.000008 0.036709
vn 0.000000 -1.000000 0.000000
vn 0.000000 -1.000000 0.000000
vn 0.000000 -1.000000 0.000000
vn -0.290446 -0.000001 0.956891
vn -0.290446 -0.000001 0.956891
vn -0.290446 -0.000001 0.956891
vn -0.290446 -0.000001 0.956891
vn -0.000001 1.000000 -0.000000
vn -0.000001 1.000000 -0.000000
vn -0.000001 1.000000 -0.000000
vn -0.000001 1.000000 -0.000000
vn -0.000001 1.000000 -0.000001
vn -0.000001 1.000000 -0.000001
vn -0.000001 1.000000 -0.000001
vn -0.000001 1.000000 -0.000001
vn 0.604441 -0.000000 -0.796650
vn 0.604441 -0.000000 -0.796650
vn 0.604441 -0.000000 -0.796650
vn 0.604441 -0.000000 -0.796650
vn 0.000002 -1.000000 0.000001
vn 0.000002 -1.000000 0.000001
vn 0.000002 -1.000000 0.000001
vn 0.000002 -1.000000 0.000001
vn 0.081429 -0.000000 -0.996679
vn 0.081429 -0.000000 -0.996679
vn 0.081429 -0.000000 -0.996679
vn 0.081429 -0.000000 -0.996679
vn 0.000000 -1.000000 -0.000001
vn 0.000000 -1.000000 -0.000001
vn 0.000000 -1.000000 -0.000001
vn 0.000000 -1.000000 -0.000001
vn -0.907878 0.000000 0.419234
vn -0.907878 0.000000 0.419234
vn -0.907878 0.000000 0.419234
vn -0.907878 0.000000 0.419234
vn 0.000000 1.000000 -0.000000
vn 0.000000 1.000000 -0.000000
vn 0.000000 1.000000 -0.000000
vn 0.000000 1.000000 -0.000000
vn -0.600116 -0.000002 0.799913
vn -0.600116 -0.000002 0.799913
vn -0.600116 -0.000002 0.799913
vn -0.600116 -0.000002 0.799913
vn 0.000000 -1.000000 0.000000
vn 0.000000 -1.000000 0.000000
vn 0.000000 -1.000000 0.000000
vn 0.000000 -1.000000 0.000000
vn -0.999958 -0.000004 0.009136
vn -0.999958 -0.000004 0.009136
vn -0.999958 -0.000004 0.009136
vn -0.999958 -0.000004 0.009136
vn 0.000000 1.000000 -0.000000
vn 0.000000 1.000000 -0.000000
vn 0.000000 1.000000 -0.000000
vn 0.000000 1.000000 -0.000000
vn 0.999941 0.000000 0.010899
vn 0.999941 0.000000 0.010899
vn 0.999941 0.000000 0.010899
vn 0.999941 0.000000 0.010899
vn 0.912266 -0.000000 -0.409599
vn 0.912266 -0.000000 -0.409599
vn 0.912266 -0.000000 -0.409599
vn 0.912266 -0.000000 -0.409599
vn -0.000000 0.000000 1.000000
vn -0.000000 0.000000 1.000000
vn -0.000000 0.000000 1.000000
vn -0.000000 0.000000 1.000000
vn 0.000000 -0.000000 -1.000000
vn 0.000000 -0.000000 -1.000000
vn 0.000000 -0.000000 -1.000000
vn 0.000000 -0.000000 -1.000000
vn 0.000002 -1.000000 0.000000
vn 0.000002 -1.000000 0.000000
vn 0.000002 -1.000000 0.000000
vn 0.000002 -1.000000 0.000000
vn -0.000002 1.000000 -0.000000
vn -0.000002 1.000000 -0.000000
vn -0.000002 1.000000 -0.000000
vn -0.000002 1.000000 -0.000000
vn 0.346194 0.000000 0.938163
vn 0.346194 0.000000 0.938163
vn 0.346194 0.000000 0.938163
vn 0.346194 0.000000 0.938163
vn 0.000000 -0.000000 -1.000000
vn 0.000000 -0.000000 -1.000000
vn 0.000000 -0.000000 -1.000000
vn 0.000000 -0.000000 -1.000000
vn 0.000000 -1.000000 0.000000
vn 0.000000 -1.000000 0.000000
vn 0.000000 -1.000000 0.000000
vn -1.000000 0.000000 0.000000
vn -1.000000 0.000000 0.000000
vn -1.000000 0.000000 0.000000
vn -1.000000 0.000000 0.000000
vn 0.000000 1.000000 -0.000000
vn 0.000000 1.000000 -0.000000
vn 0.000000 1.000000 -0.000000
vn 0.000000 1.000000 -0.000000
vn 0.998792 -0.000000 -0.049137
vn 0.998792 -0.000000 -0.049137
vn 0.998792 -0.000000 -0.049137
vn 0.998792 -0.000000 -0.049137
vn -1.000000 0.000000 0.000000
vn -1.000000 0.000000 0.000000
vn -1.000000 0.000000 0.000000
vn -1.000000 0.000000 0.000000
vn 1.000000 -0.000000 0.000000
vn 1.000000 -0.000000 0.000000
vn 1.000000 -0.000000 0.000000
vn 1.000000 -0.000000 0.000000
vn -0.000000 -1.000000 0.000000
vn -0.000000 -1.000000 0.000000
vn -0.000000 -1.000000 0.000000
vn -0.000000 -1.000000 0.000000
vn 0.000000 -0.000000 -1.000000
vn 0.000000 -0.000000 -1.000000
vn 0.000000 -0.000000 -1.000000
vn 0.000000 -0.000000 -1.000000
vn 0.000000 1.000000 -0.000000
vn 0.000000 1.000000 -0.000000
vn 0.000000 1.000000 -0.000000
vn 0.000000 1.000000 -0.000000
vn -0.000000 0.000000 1.000000
vn -0.000000 0.000000 1.000000
vn -0.000000 0.000000 1.000000
vn -0.000000 0.000000 1.000000
vn 0.719119 0.000000 0.694887
vn 0.719119 0.000000 0.694887
vn 0.719119 0.000000 0.694887
vn 0.719119 0.000000 0.694887
vn -0.000000 -1.000000 -0.000001
vn -0.000000 -1.000000 -0.000001
vn -0.000000 -1.000000 -0.000001
vn -0.000000 -1.000000 -0.000001
vn 0.000000 -0.000000 -1.000000
vn 0.000000 -0.000000 -1.000000
vn 0.000000 -0.000000 -1.000000
vn 0.000000 -0.000000 -1.000000
vn 0.000000 1.000000 -0.000000
vn 0.000000 1.000000 -0.000000
vn 0.000000 1.000000 -0.000000
vn 0.000000 1.000000 -0.000000
vn -0.000000 0.000000 1.000000
vn -0.000000 0.000000 1.000000
vn -0.000000 0.000000 1.000000
vn -0.000000 0.000000 1.000000
vn 0.833585 -0.000000 -0.552391
vn 0.833585 -0.000000 -0.552391
vn 0.833585 -0.000000 -0.552391
vn 0.833585 -0.000000 -0.552391
vn -0.860164 0.000000 0.510018
vn -0.860164 0.000000 0.510018
vn -0.860164 0.000000 0.510018
vn -0.860164 0.000000 0.510018
vn -0.000000 -1.000000 0.000001
vn -0.000000 -1.000000 0.000001
vn -0.000000 -1.000000 0.000001
vn -0.000000 -1.000000 0.000001
vn 0.340635 0.000000 0.940196
vn 0.340635 0.000000 0.940196
vn 0.340635 0.000000 0.940196
vn 0.340635 0.000000 0.940196
vn 0.000000 1.000000 -0.000001
vn 0.000000 1.000000 -0.000001
vn 0.000000 1.000000 -0.000001
vn 0.000000 1.000000 -0.000001
vn -0.340985 -0.000000 -0.940069
vn -0.340985 -0.000000 -0.940069
vn -0.340985 -0.000000 -0.940069
vn -0.340985 -0.000000 -0.940069
vn 0.000003 1.000000 -0.000000
vn 0.000003 1.000000 -0.000000
vn 0.000003 1.000000 -0.000000
vn 0.000003 1.000000 -0.000000
vn -0.000003 -1.000000 0.000000
vn -0.000003 -1.000000 0.000000
vn -0.000003 -1.000000 0.000000
vn -0.000003 -1.000000 0.000000
vn 0.192057 0.000000 0.981384
vn 0.192057 0.000000 0.981384
vn 0.192057 0.000000 0.981384
vn 0.192057 0.000000 0.981384
vn 0.000003 1.000000 -0.000000
vn 0.000003 1.000000 -0.000000
vn 0.000003 1.000000 -0.000000
vn 0.000003 1.000000 -0.000000
vn -0.000002 -1.000000 0.000000
vn -0.000002 -1.000000 0.000000
vn -0.000002 -1.000000 0.000000
vn -0.000002 -1.000000 0.000000
vn 0.000000 -0.000000 -1.000000
vn 0.000000 -0.000000 -1.000000
vn 0.000000 -0.000000 -1.000000
vn 0.000000 -0.000000 -1.000000
vn 0.000000 -0.000000 -1.000000
vn 0.000000 -0.000000 -1.000000
vn -0.192057 0.000000 0.981384
vn -0.192057 0.000000 0.981384
vn -0.192057 0.000000 0.981384
vn -0.192057 0.000000 0.981384
vn -0.939045 -0.000000 -0.343794
vn -0.939045 -0.000000 -0.343794
vn -0.939045 -0.000000 -0.343794
vn -0.939045 -0.000000 -0.343794
vn 0.000000 1.000000 0.000001
vn 0.000000 1.000000 0.000001
vn 0.000000 1.000000 0.000001
vn 0.000000 1.000000 0.000001
vn 0.290448 -0.000002 0.956891
vn 0.290448 -0.000002 0.956891
vn 0.290448 -0.000002 0.956891
vn 0.290448 -0.000002 0.956891
vn 0.000000 -1.000000 0.000001
vn 0.000000 -1.000000 0.000001
vn 0.000000 -1.000000 0.000001
vn 0.000000 -1.000000 0.000001
vn 0.946659 -0.000007 -0.322238
vn 0.946659 -0.000007 -0.322238
vn 0.946659 -0.000007 -0.322238
vn 0.946659 -0.000007 -0.322238
vn -1.000000 0.000000 0.000000
vn -1.000000 0.000000 0.000000
vn -1.000000 0.000000 0.000000
vn 0.000000 -1.000000 0.000000
vn 0.000000 -1.000000 0.000000
vn 0.000000 -1.000000 0.000000
vn 1.000000 -0.000000 0.000000
vn 1.000000 -0.000000 0.000000
vn 1.000000 -0.000000 0.000000
vn 0.000000 1.000000 -0.000000
vn 0.000000 1.000000 -0.000000
vn 0.000000 1.000000 -0.000000
vn 0.000000 1.000000 -0.000000
vn -1.000000 0.000000 0.000000
vn -1.000000 0.000000 0.000000
vn -1.000000 0.000000 0.000000
vn -1.000000 0.000000 0.000000
vn -0.918219 0.000000 0.396072
vn -0.918219 0.000000 0.396072
vn -0.918219 0.000000 0.396072
vn -0.918219 0.000000 0.396072
vn 0.000000 1.000000 0.000001
vn 0.000000 1.000000 0.000001
vn 0.000000 1.000000 0.000001
vn 0.000000 1.000000 0.000001
vn 1.000000 -0.000000 0.000000
vn 1.000000 -0.000000 0.000000
vn 0.000000 -1.000000 0.000000
vn 0.000000 -1.000000 0.000000
vn -1.000000 0.000000 0.000000
vn -1.000000 0.000000 0.000000
vn -1.000000 0.000000 0.000000
vn -1.000000 0.000000 0.000000
vn -1.000000 0.000000 0.000000
vn -1.000000 0.000000 0.000000
vn -1.000000 0.000000 0.000000
vn 0.000000 -1.000000 0.000000
vn 0.000000 -1.000000 0.000000
vn 0.000000 -1.000000 0.000000
vn 0.000000 -1.000000 0.000000
vn 0.000000 -1.000000 0.000000
vn 0.000000 1.000000 -0.000000
vn 0.000000 1.000000 -0.000000
vn 0.000000 1.000000 -0.000000
vn 0.000000 1.000000 -0.000000
vn 0.000000 1.000000 -0.000000
vn 0.000000 1.000000 -0.000000
vn 0.999326 -0.000008 0.036709
vn 0.999326 -0.000008 0.036709
vn 0.999326 -0.000008 0.036709
vn 0.999326 -0.000008 0.036709
vn 0.000000 -1.000000 0.000000
vn 0.000000 -1.000000 0.000000
vn 0.000000 -1.000000 0.000000
vn 0.000000 -1.000000 0.000000
vn 0.290446 -0.000001 0.956891
vn 0.290446 -0.000001 0.956891
vn 0.290446 -0.000001 0.956891
vn 0.290446 -0.000001 0.956891
vn 0.000001 1.000000 -0.000000
vn 0.000001 1.000000 -0.000000
vn 0.000001 1.000000 -0.000000
vn 0.000001 1.000000 -0.000000
vn 0.000001 1.000000 -0.000001
vn 0.000001 1.000000 -0.000001
vn 0.000001 1.000000 -0.000001
vn 0.000001 1.000000 -0.000001
vn -0.604441 -0.000000 -0.796650
vn -0.604441 -0.000000 -0.796650
vn -0.604441 -0.000000 -0.796650
vn -0.604441 -0.000000 -0.796650
vn -0.000002 -1.000000 0.000002
vn -0.000002 -1.000000 0.000002
vn -0.000002 -1.000000 0.000002
vn -0.000002 -1.000000 0.000002
vn -0.081429 -0.000000 -0.996679
vn -0.081429 -0.000000 -0.996679
vn -0.081429 -0.000000 -0.996679
vn -0.081429 -0.000000 -0.996679
vn 0.000000 -1.000000 -0.000001
vn 0.000000 -1.000000 -0.000001
vn 0.000000 -1.000000 -0.000001
vn 0.000000 -1.000000 -0.000001
vn 0.907878 0.000000 0.419234
vn 0.907878 0.000000 0.419234
vn 0.907878 0.000000 0.419234
vn 0.907878 0.000000 0.419234
vn 0.000000 1.000000 -0.000000
vn 0.000000 1.000000 -0.000000
vn 0.000000 1.000000 -0.000000
vn 0.600116 -0.000002 0.799913
vn 0.600116 -0.000002 0.799913
vn 0.600116 -0.000002 0.799913
vn 0.600116 -0.000002 0.799913
vn 0.000000 -1.000000 0.000000
vn 0.000000 -1.000000 0.000000
vn 0.000000 -1.000000 0.000000
vn 0.999958 -0.000004 0.009136
vn 0.999958 -0.000004 0.009136
vn 0.999958 -0.000004 0.009136
vn 0.999958 -0.000004 0.009136
vn 0.000000 1.000000 -0.000000
vn -0.999941 0.000000 0.010899
vn -0.999941 0.000000 0.010899
vn -0.999941 0.000000 0.010899
vn -0.999941 0.000000 0.010899
vn -0.912266 -0.000000 -0.409599
vn -0.912266 -0.000000 -0.409599
vn -0.912266 -0.000000 -0.409599
vn -0.912266 -0.000000 -0.409599
vn 0.000000 0.000000 1.000000
vn 0.000000 0.000000 1.000000
vn 0.000000 0.000000 1.000000
vn 0.000000 0.000000 1.000000
vn 0.000000 -0.000000 -1.000000
vn 0.000000 -0.000000 -1.000000
vn -0.000002 -1.000000 0.000000
vn -0.000002 -1.000000 0.000000
vn -0.000002 -1.000000 0.000000
vn -0.000002 -1.000000 0.000000
vn 0.000002 1.000000 -0.000000
vn 0.000002 1.000000 -0.000000
vn 0.000002 1.000000 -0.000000
vn 0.000002 1.000000 -0.000000
vn -0.346194 0.000000 0.938163
vn -0.346194 0.000000 0.938163
vn -0.346194 0.000000 0.938163
vn -0.346194 0.000000 0.938163
vn 0.000000 -0.000000 -1.000000
vn 0.000000 -0.000000 -1.000000
vn 0.000000 -0.000000 -1.000000
vn 0.000000 -0.000000 -1.000000
vn 0.000000 -1.000000 0.000000
vn 0.000000 -1.000000 0.000000
vn 0.000000 -1.000000 0.000000
vn 1.000000 -0.000000 0.000000
vn 1.000000 -0.000000 0.000000
vn 1.000000 -0.000000 0.000000
vn 0.000000 1.000000 -0.000000
vn 0.000000 1.000000 -0.000000
vn 0.000000 1.000000 -0.000000
vn 0.000000 1.000000 -0.000000
vn -0.998792 -0.000000 -0.049137
vn -0.998792 -0.000000 -0.049137
vn -0.998792 -0.000000 -0.049137
vn -0.998792 -0.000000 -0.049137
vn 1.000000 -0.000000 0.000000
vn 1.000000 -0.000000 0.000000
vn 1.000000 -0.000000 0.000000
vn 1.000000 -0.000000 0.000000
vn 0.000000 -1.000000 0.000000
vn 0.000000 -1.000000 0.000000
vn 0.000000 -1.000000 0.000000
vn 0.000000 -1.000000 0.000000
vn -0.000000 -0.000000 -1.000000
vn -0.000000 -0.000000 -1.000000
vn -0.000000 -0.000000 -1.000000
vn -0.000000 -0.000000 -1.000000
vn -0.000001 1.000000 -0.000000
vn -0.000001 1.000000 -0.000000
vn -0.000001 1.000000 -0.000000
vn -0.000001 1.000000 -0.000000
vn 0.000000 0.000000 1.000000
vn 0.000000 0.000000 1.000000
vn 0.000000 0.000000 1.000000
vn 0.000000 0.000000 1.000000
vn -0.719119 0.000000 0.694887
vn -0.719119 0.000000 0.694887
vn -0.719119 0.000000 0.694887
vn -0.719119 0.000000 0.694887
vn 0.000000 -1.000000 0.000000
vn 0.000000 -1.000000 0.000000
vn 0.000000 -1.000000 0.000000
vn 0.000000 -1.000000 0.000000
vn 0.000000 -0.000000 -1.000000
vn 0.000000 -0.000000 -1.000000
vn 0.000000 -0.000000 -1.000000
vn -0.000000 1.000000 -0.000000
vn -0.000000 1.000000 -0.000000
vn -0.000000 1.000000 -0.000000
vn -0.000000 1.000000 -0.000000
vn -0.000000 0.000000 1.000000
vn -0.000000 0.000000 1.000000
vn -0.000000 0.000000 1.000000
vn -0.000000 0.000000 1.000000
vn -0.833585 -0.000000 -0.552391
vn -0.833585 -0.000000 -0.552391
vn -0.833585 -0.000000 -0.552391
vn -0.833585 -0.000000 -0.552391
vn 0.860164 0.000000 0.510018
vn 0.860164 0.000000 0.510018
vn 0.860164 0.000000 0.510018
vn 0.860164 0.000000 0.510018
vn 0.000000 -1.000000 0.000001
vn 0.000000 -1.000000 0.000001
vn 0.000000 -1.000000 0.000001
vn 0.000000 -1.000000 0.000001
vn -0.340635 0.000000 0.940196
vn -0.340635 0.000000 0.940196
vn -0.340635 0.000000 0.940196
vn -0.340635 0.000000 0.940196
vn -0.000000 1.000000 -0.000001
vn -0.000000 1.000000 -0.000001
vn -0.000000 1.000000 -0.000001
vn -0.000000 1.000000 -0.000001
vn 0.340985 -0.000000 -0.940069
vn 0.340985 -0.000000 -0.940069
vn 0.340985 -0.000000 -0.940069
vn 0.340985 -0.000000 -0.940069
vn 0.000000 1.000000 -0.000000
vn 0.000000 1.000000 -0.000000
vn 0.000000 1.000000 -0.000000
vn 0.000000 1.000000 -0.000000
vn 0.000000 -1.000000 0.000000
vn 0.000000 -1.000000 0.000000
vn 0.000000 -1.000000 0.000000
vn 0.000000 -1.000000 0.000000
f 1/1/1 2/2/2 3/3/3
f 2/2/2 1/1/1 4/4/4
f 5/5/5 6/6/6 7/7/7
f 7/7/7 8/8/8 5/5/5
f 9/9/9 10/10/10 11/11/11
f 10/10/10 9/9/9 12/12/12
f 13/13/13 14/14/14 15/15/15
f 14/14/14 13/13/13 16/16/16
f 17/17/17 18/18/18 19/19/19
f 18/18/18 17/17/17 20/20/20
f 21/21/21 22/22/22 23/23/23
f 22/22/22 21/21/21 24/24/24
f 25/25/25 26/26/26 27/27/27
f 26/26/26 25/25/25 28/28/28
f 29/29/29 30/30/30 31/31/31
f 30/30/30 29/29/29 32/32/32
f 33/33/33 34/34/34 35/35/35
f 34/34/34 33/33/33 36/36/36
f 37/37/37 38/38/38 39/39/39
f 38/38/38 37/37/37 40/40/40
f 41/41/41 42/42/42 43/43/43
f 42/42/42 41/41/41 44/44/44
f 45/45/45 46/46/46 47/47/47
f 46/46/46 45/45/45 48/48/48
f 49/49/49 50/50/50 51/51/51
f 50/50/50 49/49/49 52/52/52
f 53/53/53 54/54/54 55/55/55
f 54/54/54 53/53/53 56/56/56
f 57/57/57 58/58/58 59/59/59
f 58/58/58 57/57/57 60/60/60
f 61/61/61 62/62/62 63/63/63
f 62/62/62 61/61/61 64/64/64
f 65/65/65 66/66/66 67/67/67
f 67/67/67 68/68/68 65/65/65
f 69/69/69 70/70/70 71/71/71
f 70/70/70 69/69/69 72/72/72
f 73/73/73 74/74/74 75/75/75
f 74/74/74 73/73/73 76/76/76
f 77/77/77 78/78/78 79/79/79
f 78/78/78 77/77/77 80/80/80
f 81/81/81 82/82/82 83/83/83
f 83/83/83 84/84/84 81/81/81
f 85/85/85 86/86/86 87/87/87
f 87/87/87 88/88/88 85/85/85
f 89/89/89 90/90/90 91/91/91
f 91/91/91 92/92/92 89/89/89
f 93/93/93 94/94/94 95/95/95
f 95/95/95 96/96/96 93/93/93
f 97/97/97 98/98/98 99/99/99
f 99/99/99 100/100/100 97/97/97
f 101/101/101 102/102/102 103/103/103
f 103/103/103 104/104/104 101/101/101
f 105/105/105 106/106/106 107/107/107
f 107/107/107 108/108/108 105/105/105
f 109/109/109 110/110/110 111/111/111
f 111/111/111 112/112/112 109/109/109
f 113/113/113 114/114/114 115/115/115
f 114/114/114 113/113/113 116/116/116
f 117/117/117 118/118/118 119/119/119
f 118/118/118 117/117/117 120/120/120
f 121/121/121 122/122/122 123/123/123
f 123/123/123 124/124/124 121/121/121
f 125/125/125 126/126/126 127/127/127
f 126/126/126 125/125/125 128/128/128
f 129/129/129 130/130/130 131/131/131
f 129/129/129 132/132/132 130/130/130
f 131/131/131 133/133/133 134/134/134
f 131/131/131 130/130/130 133/133/133
f 135/135/135 136/136/136 137/137/137
f 135/135/135 138/138/138 136/136/136
f 139/139/139 140/140/140 141/141/141
f 139/139/139 142/142/142 140/140/140
f 143/143/143 144/144/144 145/145/145
f 146/146/146 147/147/147 148/148/148
f 149/149/149 147/147/147 146/146/146
f 150/150/150 151/151/151 152/152/152
f 153/153/153 151/151/151 150/150/150
f 154/154/154 155/155/155 156/156/156
f 157/157/157 155/155/155 154/154/154
f 158/158/158 159/159/159 160/160/160
f 161/161/161 159/159/159 158/158/158
f 162/162/162 163/163/163 164/164/164
f 165/165/165 162/162/162 164/164/164
f 166/166/166 167/167/167 168/168/168
f 167/167/167 166/166/166 169/169/169
f 170/170/170 171/171/171 172/172/172
f 173/173/173 170/170/170 172/172/172
f 174/174/174 175/175/175 176/176/176
f 175/175/175 174/174/174 177/177/177
f 144/144/144 143/143/143 178/178/178
f 179/179/179 180/180/180 181/181/181
f 182/182/182 181/181/181 180/180/180
f 183/183/183 184/184/184 185/185/185
f 184/184/184 183/183/183 186/186/186
f 187/187/187 188/188/188 189/189/189
f 188/188/188 187/187/187 190/190/190
f 191/191/191 192/192/192 193/193/193
f 192/192/192 191/191/191 194/194/194
f 195/195/195 196/196/196 197/197/197
f 196/196/196 195/195/195 198/198/198
f 199/199/199 200/200/200 201/201/201
f 201/201/201 202/202/202 199/199/199
f 203/203/203 204/204/204 205/205/205
f 205/205/205 206/206/206 203/203/203
f 207/207/207 208/208/208 209/209/209
f 209/209/209 210/210/210 207/207/207
f 211/211/211 212/212/212 213/213/213
f 213/213/213 214/214/214 211/211/211
f 215/215/215 216/216/216 217/217/217
f 217/217/217 218/218/218 215/215/215
f 219/219/219 220/220/220 221/221/221
f 220/220/220 219/219/219 222/222/222
f 223/223/223 224/224/224 225/225/225
f 226/226/226 225/225/225 224/224/224
f 227/227/227 228/228/228 229/229/229
f 228/228/228 227/227/227 230/230/230
f 231/231/231 232/232/232 233/233/233
f 233/233/233 232/232/232 234/234/234
f 235/235/235 236/236/236 237/237/237
f 236/236/236 235/235/235 238/238/238
f 239/239/239 240/240/240 241/241/241
f 242/242/242 241/241/241 240/240/240
f 243/243/243 244/244/244 245/245/245
f 245/245/245 246/246/246 243/243/243
f 247/247/247 248/248/248 249/249/249
f 248/248/248 247/247/247 250/250/250
f 251/251/251 252/252/252 253/253/253
f 252/252/252 251/251/251 254/254/254
f 255/255/255 256/256/256 257/257/257
f 256/256/256 255/255/255 258/258/258
f 259/259/259 260/260/260 261/261/261
f 260/260/260 259/259/259 262/262/262
f 263/263/263 264/264/264 265/265/265
f 264/264/264 263/263/263 266/266/266
f 267/267/267 268/268/268 269/269/269
f 268/268/268 267/267/267 270/270/270
f 271/271/271 272/272/272 273/273/273
f 272/272/272 271/271/271 274/274/274
f 275/275/275 276/276/276 277/277/277
f 276/276/276 275/275/275 278/278/278
f 279/279/279 280/280/280 281/281/281
f 280/280/280 279/279/279 282/282/282
f 283/283/283 284/284/284 285/285/285
f 286/286/286 285/285/285 284/284/284
f 287/287/287 288/288/288 289/289/289
f 288/288/288 287/287/287 290/290/290
f 291/291/291 292/292/292 293/293/293
f 293/293/293 292/292/292 294/294/294
f 295/295/295 296/296/296 297/297/297
f 296/296/296 295/295/295 298/298/298
f 299/299/299 300/300/300 301/301/301
f 299/299/299 301/301/301 302/302/302
f 303/303/303 304/304/304 305/305/305
f 304/304/304 303/303/303 306/306/306
f 307/307/307 308/308/308 309/309/309
f 308/308/308 307/307/307 310/310/310
f 311/311/311 312/312/312 313/313/313
f 312/312/312 311/311/311 314/314/314
f 315/315/315 316/316/316 317/317/317
f 316/316/316 315/315/315 318/318/318
f 319/319/319 320/320/320 321/321/321
f 322/322/322 320/320/320 319/319/319
f 323/323/323 324/324/324 325/325/325
f 326/326/326 324/324/324 323/323/323
f 327/327/327 328/328/328 329/329/329
f 330/330/330 328/328/328 327/327/327
f 331/331/331 332/332/332 333/333/333
f 334/334/334 332/332/332 331/331/331
f 335/335/335 336/336/336 337/337/337
f 338/338/338 336/336/336 335/335/335
f 339/339/339 340/340/340 341/341/341
f 340/340/340 339/339/339 342/342/342
f 343/343/343 344/344/344 345/345/345
f 346/346/346 343/343/343 345/345/345
f 347/347/347 348/348/348 349/349/349
f 348/348/348 347/347/347 350/350/350
f 351/351/351 352/352/352 353/353/353
f 354/354/354 351/351/351 353/353/353
f 355/355/355 356/356/356 357/357/357
f 356/356/356 355/355/355 358/358/358
f 359/359/359 360/360/360 361/361/361
f 362/362/362 359/359/359 361/361/361
f 363/363/363 364/364/364 365/365/365
f 364/364/364 363/363/363 366/366/366
f 367/367/367 368/368/368 369/369/369
f 370/370/370 369/369/369 368/368/368
f 371/371/371 372/372/372 373/373/373
f 374/374/374 373/373/373 372/372/372
f 375/375/375 376/376/376 377/377/377
f 378/378/378 377/377/377 376/376/376
f 379/379/379 380/380/380 381/381/381
f 382/382/382 381/381/381 380/380/380
f 383/383/383 384/384/384 385/385/385
f 384/384/384 383/383/383 386/386/386
f 387/387/387 388/388/388 389/389/389
f 389/389/389 390/390/390 387/387/387
f 391/391/391 392/392/392 393/393/393
f 393/393/393 394/394/394 391/391/391
f 395/395/395 396/396/396 397/397/397
f 397/397/397 398/398/398 395/395/395
f 399/399/399 400/400/400 401/401/401
f 401/401/401 402/402/402 399/399/399
f 403/403/403 404/404/404 405/405/405
f 406/406/406 405/405/405 404/404/404
f 407/407/407 408/408/408 409/409/409
f 408/408/408 407/407/407 410/410/410
f 411/411/411 412/412/412 413/413/413
f 414/414/414 413/413/413 412/412/412
f 415/415/415 416/416/416 417/417/417
f 416/416/416 415/415/415 418/418/418
f 419/419/419 420/420/420 421/421/421
f 419/419/419 422/422/422 420/420/420
f 423/423/423 424/424/424 425/425/425
f 424/424/424 423/423/423 426/426/426
f 427/427/427 428/428/428 429/429/429
f 428/428/428 427/427/427 430/430/430
f 431/431/431 432/432/432 433/433/433
f 432/432/432 431/431/431 434/434/434
f 435/435/435 436/436/436 437/437/437
f 436/436/436 435/435/435 438/438/438
f 439/439/439 440/440/440 441/441/441
f 442/442/442 440/440/440 439/439/439
f 443/443/443 444/444/444 445/445/445
f 446/446/446 444/444/444 443/443/443
f 447/447/447 448/448/448 449/449/449
f 450/450/450 448/448/448 447/447/447
f 451/451/451 452/452/452 453/453/453
f 454/454/454 452/452/452 451/451/451
f 455/455/455 456/456/456 457/457/457
f 458/458/458 456/456/456 455/455/455
f 459/459/459 460/460/460 461/461/461
f 460/460/460 459/459/459 462/462/462
f 463/463/463 464/464/464 465/465/465
f 466/466/466 463/463/463 465/465/465
f 467/467/467 468/468/468 469/469/469
f 468/468/468 467/467/467 470/470/470
f 471/471/471 472/472/472 473/473/473
f 474/474/474 471/471/471 473/473/473
f 475/475/475 476/476/476 477/477/477
f 476/476/476 475/475/475 478/478/478
f 479/479/479 480/480/480 481/481/481
f 482/482/482 479/479/479 481/481/481
f 483/483/483 484/484/484 485/485/485
f 486/486/486 484/484/484 483/483/483
f 487/487/487 488/488/488 489/489/489
f 487/487/487 490/490/490 488/488/488
f 491/491/491 492/492/492 493/493/493
f 491/491/491 494/494/494 492/492/492
f 495/495/495 496/496/496 497/497/497
f 495/495/495 498/498/498 496/496/496
f 499/499/499 500/500/500 501/501/501
f 499/499/499 502/502/502 500/500/500
f 503/503/503 504/504/504 505/505/505
f 504/504/504 503/503/503 506/506/506
f 507/507/507 508/508/508 509/509/509
f 510/510/510 508/508/508 507/507/507
f 511/511/511 512/512/512 513/513/513
f 514/514/514 512/512/512 511/511/511
f 515/515/515 516/516/516 517/517/517
f 518/518/518 516/516/516 515/515/515
f 519/519/519 520/520/520 521/521/521
f 522/522/522 520/520/520 519/519/519
f 523/523/523 524/524/524 525/525/525
f 526/526/526 523/523/523 525/525/525
f 527/527/527 528/528/528 529/529/529
f 528/528/528 527/527/527 530/530/530
f 531/531/531 532/532/532 533/533/533
f 534/534/534 531/531/531 533/533/533
f 535/535/535 536/536/536 537/537/537
f 536/536/536 535/535/535 538/538/538
f 539/539/539 540/540/540 541/541/541
f 540/540/540 539/539/539 542/542/542
f 543/543/543 544/544/544 545/545/545
f 544/544/544 543/543/543 546/546/546
f 547/547/547 548/548/548 549/549/549
f 548/548/548 547/547/547 550/550/550
f 551/551/551 552/552/552 553/553/553
f 552/552/552 551/551/551 554/554/554
f 555/555/555 556/556/556 557/557/557
f 556/556/556 555/555/555 558/558/558
f 559/559/559 560/560/560 561/561/561
f 560/560/560 559/559/559 562/562/562
f 563/563/563 564/564/564 565/565/565
f 564/564/564 563/563/563 566/566/566
f 567/567/567 568/568/568 569/569/569
f 568/568/568 567/567/567 570/570/570
f 571/571/571 572/572/572 573/573/573
f 572/572/572 571/571/571 574/574/574
f 575/575/575 576/576/576 577/577/577
f 576/576/576 575/575/575 578/578/578
f 579/579/579 580/580/580 581/581/581
f 580/580/580 579/579/579 582/582/582
f 583/583/583 584/584/584 585/585/585
f 586/586/586 585/585/585 584/584/584
f 587/587/587 588/588/588 589/589/589
f 588/588/588 587/587/587 590/590/590
f 591/591/591 592/592/592 593/593/593
f 594/594/594 593/593/593 592/592/592
f 595/595/595 596/596/596 597/597/597
f 596/596/596 595/595/595 598/598/598
f 599/599/599 600/600/600 601/601/601
f 602/602/602 601/601/601 600/600/600
f 603/603/603 604/604/604 605/605/605
f 604/604/604 603/603/603 606/606/606
f 607/607/607 608/608/608 609/609/609
f 608/608/608 607/607/607 610/610/610
f 611/611/611 612/612/612 613/613/613
f 612/612/612 611/611/611 614/614/614
f 615/615/615 616/616/616 617/617/617
f 616/616/616 615/615/615 618/618/618
f 619/619/619 620/620/620 621/621/621
f 620/620/620 619/619/619 622/622/622
f 623/623/623 624/624/624 625/625/625
f 624/624/624 623/623/623 626/626/626
f 627/627/627 628/628/628 629/629/629
f 628/628/628 627/627/627 630/630/630
f 631/631/631 632/632/632 633/633/633
f 632/632/632 631/631/631 634/634/634
f 635/635/635 636/636/636 637/637/637
f 636/636/636 635/635/635 638/638/638
f 639/639/639 640/640/640 641/641/641
f 641/641/641 642/642/642 639/639/639
f 643/643/643 644/644/644 645/645/645
f 645/645/645 646/646/646 643/643/643
f 647/647/647 648/648/648 649/649/649
f 649/649/649 650/650/650 647/647/647
f 651/651/651 652/652/652 653/653/653
f 653/653/653 654/654/654 651/651/651
f 655/655/655 656/656/656 657/657/657
f 657/657/657 658/658/658 655/655/655
f 659/659/659 660/660/660 661/661/661
f 661/661/661 662/662/662 659/659/659
f 663/663/663 664/664/664 665/665/665
f 665/665/665 666/666/666 663/663/663
f 667/667/667 668/668/668 669/669/669
f 669/669/669 670/670/670 667/667/667
f 671/671/671 672/672/672 673/673/673
f 671/671/671 674/674/674 672/672/672
f 675/675/675 676/676/676 677/677/677
f 675/675/675 678/678/678 676/676/676
f 679/679/679 680/680/680 681/681/681
f 679/679/679 682/682/682 680/680/680
f 683/683/683 684/684/684 685/685/685
f 683/683/683 686/686/686 684/684/684
f 687/687/687 688/688/688 689/689/689
f 690/690/690 688/688/688 687/687/687
f 691/691/691 692/692/692 693/693/693
f 694/694/694 692/692/692 691/691/691
f 693/693/693 695/695/695 696/696/696
f 692/692/692 695/695/695 693/693/693
f 697/697/697 698/698/698 699/699/699
f 698/698/698 697/697/697 700/700/700
f 701/701/701 702/702/702 703/703/703
f 704/704/704 701/701/701 703/703/703
f 705/705/705 706/706/706 707/707/707
f 706/706/706 705/705/705 708/708/708
f 709/709/709 710/710/710 711/711/711
f 712/712/712 709/709/709 711/711/711
f 713/713/713 714/714/714 715/715/715
f 716/716/716 714/714/714 713/713/713
f 717/717/717 718/718/718 719/719/719
f 718/718/718 717/717/717 720/720/720
f 721/721/721 722/722/722 723/723/723
f 724/724/724 723/723/723 722/722/722
f 725/725/725 726/726/726 727/727/727
f 726/726/726 725/725/725 728/728/728
f 729/729/729 730/730/730 731/731/731
f 730/730/730 729/729/729 732/732/732
f 733/733/733 734/734/734 735/735/735
f 735/735/735 736/736/736 733/733/733
f 737/737/737 738/738/738 739/739/739
f 739/739/739 740/740/740 737/737/737
f 741/741/741 742/742/742 743/743/743
f 743/743/743 744/744/744 741/741/741
f 745/745/745 746/746/746 747/747/747
f 747/747/747 748/748/748 745/745/745
f 749/749/749 750/750/750 751/751/751
f 752/752/752 751/751/751 750/750/750
f 753/753/753 754/754/754 755/755/755
f 754/754/754 753/753/753 756/756/756
f 757/757/757 758/758/758 759/759/759
f 759/759/759 758/758/758 760/760/760
f 761/761/761 762/762/762 763/763/763
f 762/762/762 761/761/761 764/764/764
f 765/765/765 766/766/766 767/767/767
f 766/766/766 765/765/765 768/768/768
f 769/769/769 770/770/770 771/771/771
f 770/770/770 769/769/769 772/772/772
f 773/773/773 774/774/774 775/775/775
f 774/774/774 773/773/773 776/776/776
f 777/777/777 778/778/778 779/779/779
f 778/778/778 777/777/777 780/780/780
f 781/781/781 782/782/782 783/783/783
f 782/782/782 781/781/781 784/784/784
f 785/785/785 786/786/786 787/787/787
f 786/786/786 785/785/785 788/788/788
f 789/789/789 788/788/788 790/790/790
f 788/788/788 789/789/789 786/786/786
f 791/791/791 792/792/792 793/793/793
f 792/792/792 791/791/791 794/794/794
f 795/795/795 796/796/796 797/797/797
f 798/798/798 797/797/797 796/796/796
f 799/799/799 800/800/800 801/801/801
f 800/800/800 799/799/799 802/802/802
f 803/803/803 804/804/804 805/805/805
f 806/806/806 805/805/805 804/804/804
f 807/807/807 808/808/808 809/809/809
f 808/808/808 807/807/807 810/810/810
f 811/811/811 812/812/812 813/813/813
f 812/812/812 811/811/811 814/814/814
f 815/815/815 816/816/816 817/817/817
f 815/815/815 818/818/818 816/816/816
f 819/819/819 820/820/820 821/821/821
f 820/820/820 819/819/819 822/822/822
f 823/823/823 824/824/824 825/825/825
f 824/824/824 823/823/823 826/826/826
f 827/827/827 828/828/828 829/829/829
f 830/830/830 828/828/828 827/827/827
f 831/831/831 832/832/832 833/833/833
f 834/834/834 832/832/832 831/831/831
f 835/835/835 836/836/836 837/837/837
f 838/838/838 836/836/836 835/835/835
f 839/839/839 840/840/840 841/841/841
f 842/842/842 840/840/840 839/839/839
f 843/843/843 844/844/844 845/845/845
f 846/846/846 843/843/843 845/845/845
f 847/847/847 848/848/848 849/849/849
f 848/848/848 847/847/847 850/850/850
f 851/851/851 852/852/852 853/853/853
f 854/854/854 851/851/851 853/853/853
f 855/855/855 856/856/856 857/857/857
f 856/856/856 855/855/855 858/858/858
f 859/859/859 860/860/860 861/861/861
f 862/862/862 863/863/863 864/864/864
f 865/865/865 864/864/864 863/863/863
f 866/866/866 867/867/867 868/868/868
f 869/869/869 868/868/868 867/867/867
f 861/861/861 870/870/870 871/871/871
f 870/870/870 861/861/861 860/860/860
f 872/872/872 871/871/871 870/870/870
f 873/873/873 874/874/874 875/875/875
f 875/875/875 876/876/876 873/873/873
f 877/877/877 878/878/878 879/879/879
f 879/879/879 880/880/880 877/877/877
f 881/881/881 882/882/882 883/883/883
f 883/883/883 884/884/884 881/881/881
f 885/885/885 886/886/886 887/887/887
f 886/886/886 885/885/885 888/888/888
f 889/889/889 890/890/890 891/891/891
f 892/892/892 891/891/891 890/890/890
f 893/893/893 894/894/894 895/895/895
f 894/894/894 893/893/893 896/896/896
f 897/897/897 898/898/898 899/899/899
f 900/900/900 899/899/899 898/898/898
f 901/901/901 902/902/902 903/903/903
f 903/903/903 904/904/904 901/901/901
f 905/905/905 906/906/906 907/907/907
f 906/906/906 905/905/905 908/908/908
f 909/909/909 910/910/910 911/911/911
f 909/909/909 912/912/912 910/910/910
f 913/913/913 914/914/914 915/915/915
f 914/914/914 913/913/913 916/916/916
f 917/917/917 918/918/918 919/919/919
f 918/918/918 917/917/917 920/920/920
f 921/921/921 922/922/922 923/923/923
f 924/924/924 922/922/922 921/921/921
f 925/925/925 926/926/926 927/927/927
f 928/928/928 926/926/926 925/925/925
f 929/929/929 930/930/930 931/931/931
f 932/932/932 930/930/930 929/929/929
f 933/933/933 934/934/934 935/935/935
f 936/936/936 934/934/934 933/933/933
f 937/937/937 938/938/938 939/939/939
f 940/940/940 937/937/937 939/939/939
f 941/941/941 942/942/942 943/943/943
f 942/942/942 941/941/941 944/944/944
f 945/945/945 946/946/946 947/947/947
f 948/948/948 945/945/945 947/947/947
f 949/949/949 950/950/950 951/951/951
f 950/950/950 949/949/949 952/952/952
f 953/953/953 954/954/954 955/955/955
f 953/953/953 955/955/955 956/956/956
f 957/957/957 958/958/958 959/959/959
f 957/957/957 959/959/959 960/960/960
f 961/961/961 962/962/962 963/963/963
f 961/961/961 963/963/963 964/964/964
f 956/956/956 965/965/965 966/966/966
f 956/956/956 955/955/955 965/965/965
f 967/967/967 968/968/968 969/969/969
f 968/968/968 967/967/967 970/970/970
f 971/971/971 972/972/972 973/973/973
f 972/972/972 971/971/971 974/974/974
f 975/975/975 976/976/976 977/977/977
f 978/978/978 976/976/976 975/975/975
f 979/979/979 980/980/980 981/981/981
f 980/980/980 979/979/979 982/982/982
f 983/983/983 984/984/984 985/985/985
f 986/986/986 983/983/983 985/985/985
f 987/987/987 988/988/988 989/989/989
f 988/988/988 987/987/987 990/990/990
f 991/991/991 992/992/992 993/993/993
f 994/994/994 991/991/991 993/993/993
f 995/995/995 996/996/996 997/997/997
f 998/998/998 996/996/996 995/995/995
f 999/999/999 1000/1000/1000 1001/1001/1001
f 1002/1002/1002 1000/1000/1000 1003/1003/1003
f 1000/1000/1000 999/999/999 1004/1004/1004
f 1000/1000/1000 1002/1002/1002 1001/1001/1001
f 1005/1005/1005 1006/1006/1006 1007/1007/1007
f 1006/1006/1006 1005/1005/1005 1008/1008/1008
f 1009/1009/1009 1010/1010/1010 1011/1011/1011
f 1010/1010/1010 1009/1009/1009 1012/1012/1012
f 1013/1013/1013 1014/1014/1014 1015/1015/1015
f 1014/1014/1014 1013/1013/1013 1016/1016/1016
f 1017/1017/1017 1018/1018/1018 1019/1019/1019
f 1018/1018/1018 1017/1017/1017 1020/1020/1020
f 1021/1021/1021 1022/1022/1022 1023/1023/1023
f 1022/1022/1022 1021/1021/1021 1024/1024/1024
f 1025/1025/1025 1026/1026/1026 1027/1027/1027
f 1026/1026/1026 1025/1025/1025 1028/1028/1028
f 1029/1029/1029 1030/1030/1030 1031/1031/1031
f 1032/1032/1032 1031/1031/1031 1030/1030/1030
f 1033/1033/1033 1034/1034/1034 1035/1035/1035
f 1034/1034/1034 1033/1033/1033 1036/1036/1036
f 1037/1037/1037 1038/1038/1038 1039/1039/1039
f 1040/1040/1040 1039/1039/1039 1038/1038/1038
f 1041/1041/1041 1042/1042/1042 1043/1043/1043
f 1042/1042/1042 1041/1041/1041 1044/1044/1044
f 1045/1045/1045 1046/1046/1046 1047/1047/1047
f 1046/1046/1046 1045/1045/1045 1048/1048/1048
f 1049/1049/1049 1050/1050/1050 1051/1051/1051
f 1050/1050/1050 1049/1049/1049 1052/1052/1052
f 1053/1053/1053 1054/1054/1054 1055/1055/1055
f 1054/1054/1054 1053/1053/1053 1056/1056/1056
f 1057/1057/1057 1058/1058/1058 1059/1059/1059
f 1058/1058/1058 1057/1057/1057 1060/1060/1060
f 1061/1061/1061 1062/1062/1062 1063/1063/1063
f 1062/1062/1062 1061/1061/1061 1064/1064/1064
f 1065/1065/1065 1066/1066/1066 1067/1067/1067
f 1066/1066/1066 1065/1065/1065 1068/1068/1068
f 1069/1069/1069 1070/1070/1070 1071/1071/1071
f 1070/1070/1070 1069/1069/1069 1072/1072/1072
f 1073/1073/1073 1074/1074/1074 1075/1075/1075
f 1074/1074/1074 1073/1073/1073 1076/1076/1076
f 1077/1077/1077 1078/1078/1078 1079/1079/1079
f 1078/1078/1078 1077/1077/1077 1080/1080/1080
f 1081/1081/1081 1082/1082/1082 1083/1083/1083
f 1082/1082/1082 1081/1081/1081 1084/1084/1084
f 1085/1085/1085 1086/1086/1086 1087/1087/1087
f 1086/1086/1086 1085/1085/1085 1088/1088/1088
f 1089/1089/1089 1090/1090/1090 1091/1091/1091
f 1090/1090/1090 1089/1089/1089 1092/1092/1092
f 1093/1093/1093 1094/1094/1094 1095/1095/1095
f 1094/1094/1094 1093/1093/1093 1096/1096/1096
f 1097/1097/1097 1098/1098/1098 1099/1099/1099
f 1098/1098/1098 1097/1097/1097 1100/1100/1100
f 1101/1101/1101 1102/1102/1102 1103/1103/1103
f 1102/1102/1102 1101/1101/1101 1104/1104/1104
f 1105/1105/1105 1106/1106/1106 1107/1107/1107
f 1106/1106/1106 1105/1105/1105 1108/1108/1108
f 1109/1109/1109 1110/1110/1110 1111/1111/1111
f 1110/1110/1110 1109/1109/1109 1112/1112/1112
f 1113/1113/1113 1114/1114/1114 1115/1115/1115
f 1114/1114/1114 1113/1113/1113 1116/1116/1116
f 1117/1117/1117 1118/1118/1118 1119/1119/1119
f 1118/1118/1118 1117/1117/1117 1120/1120/1120
f 1121/1121/1121 1122/1122/1122 1123/1123/1123
f 1122/1122/1122 1121/1121/1121 1124/1124/1124
f 1125/1125/1125 1126/1126/1126 1127/1127/1127
f 1126/1126/1126 1125/1125/1125 1128/1128/1128
f 1129/1129/1129 1130/1130/1130 1131/1131/1131
f 1130/1130/1130 1129/1129/1129 1132/1132/1132
f 1133/1133/1133 1134/1134/1134 1135/1135/1135
f 1134/1134/1134 1133/1133/1133 1136/1136/1136
f 1137/1137/1137 1138/1138/1138 1139/1139/1139
f 1138/1138/1138 1137/1137/1137 1140/1140/1140
f 1141/1141/1141 1142/1142/1142 1143/1143/1143
f 1142/1142/1142 1141/1141/1141 1144/1144/1144
f 1145/1145/1145 1146/1146/1146 1147/1147/1147
f 1146/1146/1146 1145/1145/1145 1148/1148/1148
f 1149/1149/1149 1150/1150/1150 1151/1151/1151
f 1150/1150/1150 1149/1149/1149 1152/1152/1152
f 1153/1153/1153 1154/1154/1154 1155/1155/1155
f 1154/1154/1154 1153/1153/1153 1156/1156/1156
f 1157/1157/1157 1158/1158/1158 1159/1159/1159
f 1158/1158/1158 1157/1157/1157 1160/1160/1160
f 1161/1161/1161 1162/1162/1162 1163/1163/1163
f 1162/1162/1162 1161/1161/1161 1164/1164/1164
f 1165/1165/1165 1166/1166/1166 1167/1167/1167
f 1166/1166/1166 1165/1165/1165 1168/1168/1168
f 1169/1169/1169 1170/1170/1170 1171/1171/1171
f 1171/1171/1171 1172/1172/1172 1169/1169/1169
f 1173/1173/1173 1174/1174/1174 1175/1175/1175
f 1174/1174/1174 1173/1173/1173 1176/1176/1176
f 1177/1177/1177 1178/1178/1178 1179/1179/1179
f 1178/1178/1178 1177/1177/1177 1180/1180/1180
f 1181/1181/1181 1182/1182/1182 1183/1183/1183
f 1182/1182/1182 1181/1181/1181 1184/1184/1184
f 1185/1185/1185 1186/1186/1186 1187/1187/1187
f 1186/1186/1186 1185/1185/1185 1188/1188/1188
f 1189/1189/1189 1190/1190/1190 1191/1191/1191
f 1190/1190/1190 1189/1189/1189 1192/1192/1192
f 1193/1193/1193 1194/1194/1194 1195/1195/1195
f 1196/1196/1196 1193/1193/1193 1195/1195/1195
f 1197/1197/1197 1198/1198/1198 1199/1199/1199
f 1199/1199/1199 1200/1200/1200 1197/1197/1197
f 1201/1201/1201 1202/1202/1202 1203/1203/1203
f 1202/1202/1202 1201/1201/1201 1204/1204/1204
f 1205/1205/1205 1206/1206/1206 1207/1207/1207
f 1206/1206/1206 1205/1205/1205 1208/1208/1208
f 1209/1209/1209 1210/1210/1210 1211/1211/1211
f 1212/1212/1212 1211/1211/1211 1210/1210/1210
f 1213/1213/1213 1214/1214/1214 1215/1215/1215
f 1216/1216/1216 1217/1217/1217 1218/1218/1218
f 1217/1217/1217 1216/1216/1216 1219/1219/1219
f 1220/1220/1220 1221/1221/1221 1222/1222/1222
f 1221/1221/1221 1220/1220/1220 1223/1223/1223
f 1224/1224/1224 1225/1225/1225 1226/1226/1226
f 1225/1225/1225 1224/1224/1224 1227/1227/1227
f 1228/1228/1228 1229/1229/1229 1230/1230/1230
f 1229/1229/1229 1228/1228/1228 1231/1231/1231
f 1232/1232/1232 1233/1233/1233 1234/1234/1234
f 1233/1233/1233 1232/1232/1232 1235/1235/1235
f 1236/1236/1236 1237/1237/1237 1238/1238/1238
f 1238/1238/1238 1239/1239/1239 1236/1236/1236
f 1240/1240/1240 1241/1241/1241 1242/1242/1242
f 1241/1241/1241 1240/1240/1240 1243/1243/1243
f 1244/1244/1244 1245/1245/1245 1246/1246/1246
f 1245/1245/1245 1244/1244/1244 1247/1247/1247
f 1248/1248/1248 1249/1249/1249 1250/1250/1250
f 1249/1249/1249 1248/1248/1248 1251/1251/1251
f 1252/1252/1252 1253/1253/1253 1254/1254/1254
f 1254/1254/1254 1255/1255/1255 1252/1252/1252
f 1215/1215/1215 1214/1214/1214 1256/1256/1256
f 1214/1214/1214 1213/1213/1213 1257/1257/1257
f 1258/1258/1258 1256/1256/1256 1214/1214/1214
f 1259/1259/1259 1256/1256/1256 1258/1258/1258
f 1256/1256/1256 1259/1259/1259 1260/1260/1260
f 1261/1261/1261 1262/1262/1262 1263/1263/1263
f 1263/1263/1263 1264/1264/1264 1261/1261/1261
f 1265/1265/1265 1266/1266/1266 1267/1267/1267
f 1266/1266/1266 1265/1265/1265 1268/1268/1268
f 1269/1269/1269 1270/1270/1270 1271/1271/1271
f 1270/1270/1270 1269/1269/1269 1272/1272/1272
f 1273/1273/1273 1274/1274/1274 1275/1275/1275
f 1274/1274/1274 1273/1273/1273 1276/1276/1276
f 1277/1277/1277 1278/1278/1278 1279/1279/1279
f 1278/1278/1278 1277/1277/1277 1280/1280/1280
f 1281/1281/1281 1282/1282/1282 1283/1283/1283
f 1282/1282/1282 1281/1281/1281 1284/1284/1284
f 1285/1285/1285 1286/1286/1286 1287/1287/1287
f 1287/1287/1287 1288/1288/1288 1285/1285/1285
f 1289/1289/1289 1290/1290/1290 1291/1291/1291
f 1290/1290/1290 1289/1289/1289 1292/1292/1292
f 1293/1293/1293 1294/1294/1294 1295/1295/1295
f 1294/1294/1294 1293/1293/1293 1296/1296/1296
f 1297/1297/1297 1298/1298/1298 1299/1299/1299
f 1298/1298/1298 1297/1297/1297 1300/1300/1300
f 1301/1301/1301 1302/1302/1302 1303/1303/1303
f 1302/1302/1302 1301/1301/1301 1304/1304/1304
f 1305/1305/1305 1306/1306/1306 1307/1307/1307
f 1306/1306/1306 1305/1305/1305 1308/1308/1308
f 1309/1309/1309 1310/1310/1310 1311/1311/1311
f 1312/1312/1312 1309/1309/1309 1311/1311/1311
f 1313/1313/1313 1314/1314/1314 1315/1315/1315
f 1315/1315/1315 1316/1316/1316 1313/1313/1313
f 1317/1317/1317 1318/1318/1318 1319/1319/1319
f 1318/1318/1318 1317/1317/1317 1320/1320/1320
f 1321/1321/1321 1322/1322/1322 1323/1323/1323
f 1322/1322/1322 1321/1321/1321 1324/1324/1324
f 1325/1325/1325 1326/1326/1326 1327/1327/1327
f 1328/1328/1328 1327/1327/1327 1326/1326/1326
f 1329/1329/1329 1330/1330/1330 1331/1331/1331
f 1330/1330/1330 1329/1329/1329 1332/1332/1332
f 1333/1333/1333 1334/1334/1334 1335/1335/1335
f 1334/1334/1334 1333/1333/1333 1336/1336/1336
f 1337/1337/1337 1338/1338/1338 1339/1339/1339
f 1338/1338/1338 1337/1337/1337 1340/1340/1340
f 1341/1341/1341 1342/1342/1342 1343/1343/1343
f 1342/1342/1342 1341/1341/1341 1344/1344/1344
f 1345/1345/1345 1346/1346/1346 1347/1347/1347
f 1346/1346/1346 1345/1345/1345 1348/1348/1348
f 1349/1349/1349 1350/1350/1350 1351/1351/1351
f 1350/1350/1350 1349/1349/1349 1352/1352/1352
f 1353/1353/1353 1354/1354/1354 1355/1355/1355
f 1354/1354/1354 1353/1353/1353 1356/1356/1356
f 1357/1357/1357 1358/1358/1358 1359/1359/1359
f 1358/1358/1358 1357/1357/1357 1360/1360/1360
f 1361/1361/1361 1362/1362/1362 1363/1363/1363
f 1362/1362/1362 1361/1361/1361 1364/1364/1364
f 1365/1365/1365 1366/1366/1366 1367/1367/1367
f 1366/1366/1366 1365/1365/1365 1368/1368/1368
f 1369/1369/1369 1370/1370/1370 1371/1371/1371
f 1371/1371/1371 1372/1372/1372 1369/1369/1369
f 1373/1373/1373 1374/1374/1374 1375/1375/1375
f 1376/1376/1376 1375/1375/1375 1374/1374/1374
f 1377/1377/1377 1378/1378/1378 1379/1379/1379
f 1378/1378/1378 1377/1377/1377 1380/1380/1380
f 1381/1381/1381 1382/1382/1382 1383/1383/1383
f 1383/1383/1383 1384/1384/1384 1381/1381/1381
f 1385/1385/1385 1386/1386/1386 1387/1387/1387
f 1386/1386/1386 1385/1385/1385 1388/1388/1388
f 1389/1389/1389 1390/1390/1390 1391/1391/1391
f 1390/1390/1390 1389/1389/1389 1392/1392/1392
f 1393/1393/1393 1394/1394/1394 1395/1395/1395
f 1394/1394/1394 1393/1393/1393 1396/1396/1396
f 1397/1397/1397 1398/1398/1398 1399/1399/1399
f 1398/1398/1398 1397/1397/1397 1400/1400/1400
f 1401/1401/1401 1402/1402/1402 1403/1403/1403
f 1402/1402/1402 1401/1401/1401 1404/1404/1404
f 1405/1405/1405 1406/1406/1406 1407/1407/1407
f 1406/1406/1406 1405/1405/1405 1408/1408/1408
f 1409/1409/1409 1410/1410/1410 1411/1411/1411
f 1410/1410/1410 1409/1409/1409 1412/1412/1412
f 1413/1413/1413 1414/1414/1414 1415/1415/1415
f 1414/1414/1414 1413/1413/1413 1416/1416/1416
f 1417/1417/1417 1418/1418/1418 1419/1419/1419
f 1418/1418/1418 1417/1417/1417 1420/1420/1420
f 1421/1421/1421 1422/1422/1422 1423/1423/1423
f 1422/1422/1422 1421/1421/1421 1424/1424/1424
f 1425/1425/1425 1426/1426/1426 1427/1427/1427
f 1426/1426/1426 1425/1425/1425 1428/1428/1428
f 1429/1429/1429 1430/1430/1430 1431/1431/1431
f 1430/1430/1430 1429/1429/1429 1432/1432/1432
f 1433/1433/1433 1434/1434/1434 1435/1435/1435
f 1434/1434/1434 1433/1433/1433 1436/1436/1436
f 1437/1437/1437 1438/1438/1438 1439/1439/1439
f 1438/1438/1438 1437/1437/1437 1440/1440/1440
f 1441/1441/1441 1442/1442/1442 1443/1443/1443
f 1442/1442/1442 1441/1441/1441 1444/1444/1444
f 1445/1445/1445 1446/1446/1446 1447/1447/1447
f 1446/1446/1446 1445/1445/1445 1448/1448/1448
f 1449/1449/1449 1450/1450/1450 1451/1451/1451
f 1452/1452/1452 1453/1453/1453 1454/1454/1454
f 1453/1453/1453 1452/1452/1452 1455/1455/1455
f 1456/1456/1456 1457/1457/1457 1458/1458/1458
f 1457/1457/1457 1456/1456/1456 1459/1459/1459
f 1460/1460/1460 1461/1461/1461 1462/1462/1462
f 1461/1461/1461 1460/1460/1460 1463/1463/1463
f 1464/1464/1464 1465/1465/1465 1466/1466/1466
f 1465/1465/1465 1464/1464/1464 1467/1467/1467
f 1468/1468/1468 1469/1469/1469 1470/1470/1470
f 1469/1469/1469 1468/1468/1468 1471/1471/1471
f 1472/1472/1472 1473/1473/1473 1474/1474/1474
f 1473/1473/1473 1472/1472/1472 1475/1475/1475
f 1476/1476/1476 1477/1477/1477 1478/1478/1478
f 1477/1477/1477 1476/1476/1476 1479/1479/1479
f 1480/1480/1480 1481/1481/1481 1482/1482/1482
f 1481/1481/1481 1480/1480/1480 1483/1483/1483
f 1484/1484/1484 1485/1485/1485 1486/1486/1486
f 1485/1485/1485 1484/1484/1484 1487/1487/1487
f 1488/1488/1488 1489/1489/1489 1490/1490/1490
f 1489/1489/1489 1488/1488/1488 1491/1491/1491
f 1450/1450/1450 1492/1492/1492 1451/1451/1451
f 1450/1450/1450 1449/1449/1449 1493/1493/1493
f 1494/1494/1494 1492/1492/1492 1450/1450/1450
f 1492/1492/1492 1495/1495/1495 1496/1496/1496
f 1495/1495/1495 1492/1492/1492 1494/1494/1494
f 1497/1497/1497 1498/1498/1498 1499/1499/1499
f 1498/1498/1498 1497/1497/1497 1500/1500/1500
f 1501/1501/1501 1502/1502/1502 1503/1503/1503
f 1502/1502/1502 1501/1501/1501 1504/1504/1504
f 1505/1505/1505 1506/1506/1506 1507/1507/1507
f 1506/1506/1506 1505/1505/1505 1508/1508/1508
f 1509/1509/1509 1510/1510/1510 1511/1511/1511
f 1510/1510/1510 1509/1509/1509 1512/1512/1512
f 1513/1513/1513 1514/1514/1514 1515/1515/1515
f 1514/1514/1514 1513/1513/1513 1516/1516/1516
f 1517/1517/1517 1518/1518/1518 1519/1519/1519
f 1517/1517/1517 1520/1520/1520 1518/1518/1518
f 1521/1521/1521 1522/1522/1522 1523/1523/1523
f 1521/1521/1521 1524/1524/1524 1522/1522/1522
f 1525/1525/1525 1526/1526/1526 1527/1527/1527
f 1525/1525/1525 1528/1528/1528 1526/1526/1526
f 1525/1525/1525 1529/1529/1529 1528/1528/1528
f 1530/1530/1530 1531/1531/1531 1532/1532/1532
f 1530/1530/1530 1533/1533/1533 1531/1531/1531
f 1534/1534/1534 1535/1535/1535 1536/1536/1536
f 1535/1535/1535 1534/1534/1534 1537/1537/1537
f 1538/1538/1538 1539/1539/1539 1540/1540/1540
f 1538/1538/1538 1541/1541/1541 1539/1539/1539
f 1542/1542/1542 1543/1543/1543 1544/1544/1544
f 1542/1542/1542 1544/1544/1544 1545/1545/1545
f 1546/1546/1546 1547/1547/1547 1548/1548/1548
f 1546/1546/1546 1549/1549/1549 1547/1547/1547
f 1545/1545/1545 1550/1550/1550 1551/1551/1551
f 1544/1544/1544 1550/1550/1550 1545/1545/1545
f 1552/1552/1552 1553/1553/1553 1554/1554/1554
f 1555/1555/1555 1553/1553/1553 1552/1552/1552
f 1555/1555/1555 1552/1552/1552 1556/1556/1556
f 1557/1557/1557 1558/1558/1558 1533/1533/1533
f 1557/1557/1557 1533/1533/1533 1530/1530/1530
f 1559/1559/1559 1558/1558/1558 1557/1557/1557
f 1560/1560/1560 1558/1558/1558 1559/1559/1559
f 1561/1561/1561 1562/1562/1562 1563/1563/1563
f 1561/1561/1561 1529/1529/1529 1564/1564/1564
f 1529/1529/1529 1525/1525/1525 1564/1564/1564
f 1563/1563/1563 1529/1529/1529 1561/1561/1561
f 1562/1562/1562 1561/1561/1561 1565/1565/1565
f 1566/1566/1566 1567/1567/1567 1568/1568/1568
f 1569/1569/1569 1567/1567/1567 1566/1566/1566
f 1556/1556/1556 1570/1570/1570 1571/1571/1571
f 1556/1556/1556 1571/1571/1571 1555/1555/1555
f 1570/1570/1570 1556/1556/1556 1572/1572/1572
f 1573/1573/1573 1574/1574/1574 1575/1575/1575
f 1576/1576/1576 1574/1574/1574 1573/1573/1573
f 1577/1577/1577 1578/1578/1578 1579/1579/1579
f 1577/1577/1577 1580/1580/1580 1578/1578/1578
f 1581/1581/1581 1582/1582/1582 1583/1583/1583
f 1582/1582/1582 1581/1581/1581 1584/1584/1584
f 1585/1585/1585 1562/1562/1562 1565/1565/1565
f 1586/1586/1586 1562/1562/1562 1585/1585/1585
f 1586/1586/1586 1585/1585/1585 1587/1587/1587
f 1588/1588/1588 1589/1589/1589 1590/1590/1590
f 1591/1591/1591 1592/1592/1592 1593/1593/1593
f 1594/1594/1594 1595/1595/1595 1596/1596/1596
f 1597/1597/1597 1595/1595/1595 1594/1594/1594
f 1598/1598/1598 1599/1599/1599 1600/1600/1600
f 1599/1599/1599 1598/1598/1598 1601/1601/1601
f 1602/1602/1602 1603/1603/1603 1604/1604/1604
f 1605/1605/1605 1603/1603/1603 1602/1602/1602
f 1606/1606/1606 1607/1607/1607 1608/1608/1608
f 1607/1607/1607 1606/1606/1606 1609/1609/1609
f 1610/1610/1610 1611/1611/1611 1612/1612/1612
f 1613/1613/1613 1611/1611/1611 1610/1610/1610
f 1614/1614/1614 1615/1615/1615 1616/1616/1616
f 1615/1615/1615 1614/1614/1614 1617/1617/1617
f 1618/1618/1618 1619/1619/1619 1620/1620/1620
f 1619/1619/1619 1618/1618/1618 1621/1621/1621
f 1622/1622/1622 1623/1623/1623 1624/1624/1624
f 1625/1625/1625 1623/1623/1623 1622/1622/1622
f 1626/1626/1626 1627/1627/1627 1628/1628/1628
f 1627/1627/1627 1626/1626/1626 1629/1629/1629
f 1630/1630/1630 1631/1631/1631 1632/1632/1632
f 1633/1633/1633 1631/1631/1631 1630/1630/1630
f 1634/1634/1634 1635/1635/1635 1636/1636/1636
f 1635/1635/1635 1634/1634/1634 1637/1637/1637
f 1638/1638/1638 1639/1639/1639 1640/1640/1640
f 1639/1639/1639 1638/1638/1638 1641/1641/1641
f 1642/1642/1642 1643/1643/1643 1644/1644/1644
f 1645/1645/1645 1642/1642/1642 1644/1644/1644
f 1587/1587/1587 1646/1646/1646 1647/1647/1647
f 1587/1587/1587 1647/1647/1647 1586/1586/1586
f 1646/1646/1646 1587/1587/1587 1648/1648/1648
f 1649/1649/1649 1650/1650/1650 1651/1651/1651
f 1649/1649/1649 1652/1652/1652 1650/1650/1650
f 1653/1653/1653 1652/1652/1652 1649/1649/1649
f 1654/1654/1654 1652/1652/1652 1653/1653/1653
f 1655/1655/1655 1656/1656/1656 1657/1657/1657
f 1658/1658/1658 1656/1656/1656 1655/1655/1655
f 1659/1659/1659 1660/1660/1660 1661/1661/1661
f 1662/1662/1662 1660/1660/1660 1659/1659/1659
f 1663/1663/1663 1664/1664/1664 1665/1665/1665
f 1664/1664/1664 1663/1663/1663 1666/1666/1666
f 1667/1667/1667 1668/1668/1668 1669/1669/1669
f 1668/1668/1668 1667/1667/1667 1670/1670/1670
f 1668/1668/1668 1671/1671/1671 1672/1672/1672
f 1673/1673/1673 1674/1674/1674 1675/1675/1675
f 1676/1676/1676 1675/1675/1675 1677/1677/1677
f 1675/1675/1675 1676/1676/1676 1673/1673/1673
f 1678/1678/1678 1679/1679/1679 1680/1680/1680
f 1679/1679/1679 1678/1678/1678 1681/1681/1681
f 1679/1679/1679 1682/1682/1682 1680/1680/1680
f 1683/1683/1683 1684/1684/1684 1685/1685/1685
f 1684/1684/1684 1683/1683/1683 1686/1686/1686
f 1687/1687/1687 1688/1688/1688 1689/1689/1689
f 1688/1688/1688 1687/1687/1687 1690/1690/1690
f 1691/1691/1691 1692/1692/1692 1693/1693/1693
f 1694/1694/1694 1693/1693/1693 1695/1695/1695
f 1693/1693/1693 1694/1694/1694 1691/1691/1691
f 1682/1682/1682 1679/1679/1679 1696/1696/1696
f 1697/1697/1697 1698/1698/1698 1699/1699/1699
f 1696/1696/1696 1699/1699/1699 1682/1682/1682
f 1699/1699/1699 1696/1696/1696 1697/1697/1697
f 1674/1674/1674 1673/1673/1673 1700/1700/1700
f 1700/1700/1700 1701/1701/1701 1674/1674/1674
f 1701/1701/1701 1700/1700/1700 1702/1702/1702
f 1671/1671/1671 1703/1703/1703 1672/1672/1672
f 1671/1671/1671 1668/1668/1668 1670/1670/1670
f 1703/1703/1703 1704/1704/1704 1705/1705/1705
f 1703/1703/1703 1671/1671/1671 1706/1706/1706
f 1704/1704/1704 1707/1707/1707 1705/1705/1705
f 1704/1704/1704 1703/1703/1703 1706/1706/1706
f 1707/1707/1707 1704/1704/1704 1708/1708/1708
f 1709/1709/1709 1710/1710/1710 1711/1711/1711
f 1710/1710/1710 1709/1709/1709 1712/1712/1712
f 1698/1698/1698 1713/1713/1713 1714/1714/1714
f 1698/1698/1698 1697/1697/1697 1715/1715/1715
f 1713/1713/1713 1698/1698/1698 1715/1715/1715
f 1692/1692/1692 1691/1691/1691 1716/1716/1716
f 1716/1716/1716 1717/1717/1717 1692/1692/1692
f 1717/1717/1717 1716/1716/1716 1718/1718/1718
f 1719/1719/1719 1720/1720/1720 1721/1721/1721
f 1720/1720/1720 1719/1719/1719 1722/1722/1722
f 1723/1723/1723 1724/1724/1724 1725/1725/1725
f 1724/1724/1724 1723/1723/1723 1726/1726/1726
f 1727/1727/1727 1728/1728/1728 1729/1729/1729
f 1730/1730/1730 1731/1731/1731 1732/1732/1732
f 1731/1731/1731 1730/1730/1730 1733/1733/1733
f 1734/1734/1734 1589/1589/1589 1735/1735/1735
f 1589/1589/1589 1734/1734/1734 1590/1590/1590
f 1589/1589/1589 1588/1588/1588 1736/1736/1736
f 1592/1592/1592 1737/1737/1737 1593/1593/1593
f 1592/1592/1592 1738/1738/1738 1737/1737/1737
f 1592/1592/1592 1591/1591/1591 1739/1739/1739
f 1740/1740/1740 1741/1741/1741 1742/1742/1742
f 1742/1742/1742 1743/1743/1743 1740/1740/1740
f 1744/1744/1744 1745/1745/1745 1746/1746/1746
f 1745/1745/1745 1744/1744/1744 1747/1747/1747
f 1748/1748/1748 1749/1749/1749 1750/1750/1750
f 1749/1749/1749 1748/1748/1748 1751/1751/1751
f 1752/1752/1752 1753/1753/1753 1754/1754/1754
f 1752/1752/1752 1754/1754/1754 1755/1755/1755
f 1756/1756/1756 1757/1757/1757 1758/1758/1758
f 1758/1758/1758 1759/1759/1759 1756/1756/1756
f 1760/1760/1760 1761/1761/1761 1762/1762/1762
f 1761/1761/1761 1760/1760/1760 1763/1763/1763
f 1764/1764/1764 1765/1765/1765 1766/1766/1766
f 1764/1764/1764 1767/1767/1767 1765/1765/1765
f 1768/1768/1768 1769/1769/1769 1770/1770/1770
f 1769/1769/1769 1768/1768/1768 1771/1771/1771
f 1772/1772/1772 1773/1773/1773 1774/1774/1774
f 1772/1772/1772 1774/1774/1774 1775/1775/1775
f 1776/1776/1776 1777/1777/1777 1778/1778/1778
f 1778/1778/1778 1779/1779/1779 1776/1776/1776
f 1780/1780/1780 1781/1781/1781 1782/1782/1782
f 1781/1781/1781 1780/1780/1780 1783/1783/1783
f 1784/1784/1784 1785/1785/1785 1786/1786/1786
f 1787/1787/1787 1785/1785/1785 1784/1784/1784
f 1788/1788/1788 1789/1789/1789 1790/1790/1790
f 1788/1788/1788 1791/1791/1791 1789/1789/1789
f 1792/1792/1792 1793/1793/1793 1794/1794/1794
f 1793/1793/1793 1792/1792/1792 1795/1795/1795
f 1728/1728/1728 1727/1727/1727 1796/1796/1796
f 1796/1796/1796 1797/1797/1797 1728/1728/1728
f 1797/1797/1797 1796/1796/1796 1798/1798/1798
f 1799/1799/1799 1800/1800/1800 1801/1801/1801
f 1800/1800/1800 1799/1799/1799 1802/1802/1802
f 1803/1803/1803 1804/1804/1804 1805/1805/1805
f 1804/1804/1804 1803/1803/1803 1806/1806/1806
f 1807/1807/1807 1808/1808/1808 1809/1809/1809
f 1810/1810/1810 1807/1807/1807 1809/1809/1809
f 1811/1811/1811 1812/1812/1812 1813/1813/1813
f 1813/1813/1813 1814/1814/1814 1811/1811/1811
f 1815/1815/1815 1816/1816/1816 1817/1817/1817
f 1816/1816/1816 1815/1815/1815 1818/1818/1818
f 1819/1819/1819 1820/1820/1820 1821/1821/1821
f 1820/1820/1820 1819/1819/1819 1822/1822/1822
f 1823/1823/1823 1824/1824/1824 1825/1825/1825
f 1824/1824/1824 1823/1823/1823 1826/1826/1826
f 1827/1827/1827 1828/1828/1828 1829/1829/1829
f 1830/1830/1830 1829/1829/1829 1828/1828/1828
f 1831/1831/1831 1832/1832/1832 1833/1833/1833
f 1834/1834/1834 1833/1833/1833 1832/1832/1832
f 1835/1835/1835 1836/1836/1836 1837/1837/1837
f 1836/1836/1836 1835/1835/1835 1838/1838/1838
f 1839/1839/1839 1840/1840/1840 1841/1841/1841
f 1839/1839/1839 1841/1841/1841 1842/1842/1842
f 1843/1843/1843 1844/1844/1844 1845/1845/1845
f 1844/1844/1844 1843/1843/1843 1846/1846/1846
f 1847/1847/1847 1848/1848/1848 1849/1849/1849
f 1848/1848/1848 1847/1847/1847 1850/1850/1850
f 1851/1851/1851 1852/1852/1852 1853/1853/1853
f 1851/1851/1851 1853/1853/1853 1854/1854/1854
f 1855/1855/1855 1856/1856/1856 1857/1857/1857
f 1856/1856/1856 1855/1855/1855 1858/1858/1858
f 1859/1859/1859 1860/1860/1860 1861/1861/1861
f 1859/1859/1859 1861/1861/1861 1862/1862/1862
f 1863/1863/1863 1861/1861/1861 1860/1860/1860
f 1864/1864/1864 1865/1865/1865 1866/1866/1866
f 1865/1865/1865 1864/1864/1864 1867/1867/1867
f 1868/1868/1868 1869/1869/1869 1870/1870/1870
f 1868/1868/1868 1870/1870/1870 1871/1871/1871
f 1872/1872/1872 1873/1873/1873 1874/1874/1874
f 1872/1872/1872 1874/1874/1874 1875/1875/1875
f 1876/1876/1876 1877/1877/1877 1878/1878/1878
f 1878/1878/1878 1879/1879/1879 1876/1876/1876
f 1880/1880/1880 1881/1881/1881 1882/1882/1882
f 1881/1881/1881 1880/1880/1880 1883/1883/1883
f 1884/1884/1884 1885/1885/1885 1886/1886/1886
f 1885/1885/1885 1884/1884/1884 1887/1887/1887
f 1888/1888/1888 1889/1889/1889 1890/1890/1890
f 1891/1891/1891 1892/1892/1892 1893/1893/1893
f 1892/1892/1892 1891/1891/1891 1894/1894/1894
f 1895/1895/1895 1896/1896/1896 1897/1897/1897
f 1898/1898/1898 1899/1899/1899 1900/1900/1900
f 1899/1899/1899 1898/1898/1898 1901/1901/1901
f 1902/1902/1902 1903/1903/1903 1904/1904/1904
f 1905/1905/1905 1906/1906/1906 1907/1907/1907
f 1908/1908/1908 1909/1909/1909 1910/1910/1910
f 1909/1909/1909 1908/1908/1908 1911/1911/1911
f 1912/1912/1912 1913/1913/1913 1914/1914/1914
f 1913/1913/1913 1912/1912/1912 1915/1915/1915
f 1906/1906/1906 1905/1905/1905 1916/1916/1916
f 1907/1907/1907 1917/1917/1917 1918/1918/1918
f 1903/1903/1903 1902/1902/1902 1919/1919/1919
f 1919/1919/1919 1920/1920/1920 1903/1903/1903
f 1921/1921/1921 1922/1922/1922 1923/1923/1923
f 1922/1922/1922 1921/1921/1921 1924/1924/1924
f 1925/1925/1925 1926/1926/1926 1927/1927/1927
f 1928/1928/1928 1925/1925/1925 1927/1927/1927
f 1897/1897/1897 1929/1929/1929 1930/1930/1930
f 1896/1896/1896 1929/1929/1929 1897/1897/1897
f 1896/1896/1896 1895/1895/1895 1931/1931/1931
f 1932/1932/1932 1933/1933/1933 1934/1934/1934
f 1935/1935/1935 1933/1933/1933 1932/1932/1932
f 1936/1936/1936 1889/1889/1889 1937/1937/1937
f 1889/1889/1889 1936/1936/1936 1890/1890/1890
f 1889/1889/1889 1888/1888/1888 1938/1938/1938
f 1939/1939/1939 1940/1940/1940 1941/1941/1941
f 1942/1942/1942 1940/1940/1940 1939/1939/1939
f 1943/1943/1943 1944/1944/1944 1945/1945/1945
f 1944/1944/1944 1943/1943/1943 1946/1946/1946
f 1947/1947/1947 1948/1948/1948 1949/1949/1949
f 1950/1950/1950 1949/1949/1949 1948/1948/1948
f 1951/1951/1951 1952/1952/1952 1953/1953/1953
f 1954/1954/1954 1953/1953/1953 1952/1952/1952
f 1955/1955/1955 1956/1956/1956 1957/1957/1957
f 1956/1956/1956 1955/1955/1955 1958/1958/1958
f 1959/1959/1959 1960/1960/1960 1961/1961/1961
f 1962/1962/1962 1961/1961/1961 1960/1960/1960
f 1963/1963/1963 1964/1964/1964 1965/1965/1965
f 1964/1964/1964 1963/1963/1963 1966/1966/1966
f 1967/1967/1967 1968/1968/1968 1969/1969/1969
f 1970/1970/1970 1969/1969/1969 1968/1968/1968
f 1971/1971/1971 1972/1972/1972 1973/1973/1973
f 1972/1972/1972 1971/1971/1971 1974/1974/1974
f 1975/1975/1975 1976/1976/1976 1977/1977/1977
f 1978/1978/1978 1976/1976/1976 1975/1975/1975
f 1979/1979/1979 1980/1980/1980 1981/1981/1981
f 1980/1980/1980 1979/1979/1979 1982/1982/1982
f 1983/1983/1983 1984/1984/1984 1985/1985/1985
f 1986/1986/1986 1985/1985/1985 1984/1984/1984
f 1987/1987/1987 1988/1988/1988 1989/1989/1989
f 1988/1988/1988 1987/1987/1987 1990/1990/1990
f 1991/1991/1991 1992/1992/1992 1993/1993/1993
f 1994/1994/1994 1992/1992/1992 1991/1991/1991
f 1995/1995/1995 1996/1996/1996 1997/1997/1997
f 1995/1995/1995 1997/1997/1997 1998/1998/1998
f 1999/1999/1999 2000/2000/2000 2001/2001/2001
f 1999/1999/1999 2001/2001/2001 2002/2002/2002
f 2003/2003/2003 2004/2004/2004 2005/2005/2005
f 2003/2003/2003 2005/2005/2005 2006/2006/2006
f 2007/2007/2007 2008/2008/2008 2009/2009/2009
f 2008/2008/2008 2007/2007/2007 2010/2010/2010
f 2011/2011/2011 1862/1862/1862 2012/2012/2012
f 2011/2011/2011 1859/1859/1859 1862/1862/1862
f 2013/2013/2013 2011/2011/2011 2012/2012/2012
f 2014/2014/2014 2015/2015/2015 2016/2016/2016
f 2015/2015/2015 2014/2014/2014 2017/2017/2017
f 2018/2018/2018 2019/2019/2019 2020/2020/2020
f 2019/2019/2019 2018/2018/2018 2021/2021/2021
f 2022/2022/2022 2023/2023/2023 2024/2024/2024
f 2022/2022/2022 2024/2024/2024 2025/2025/2025
f 2026/2026/2026 2027/2027/2027 2028/2028/2028
f 2027/2027/2027 2026/2026/2026 2029/2029/2029
f 2030/2030/2030 2031/2031/2031 2032/2032/2032
f 2030/2030/2030 2033/2033/2033 2031/2031/2031
f 1920/1920/1920 1919/1919/1919 2034/2034/2034
f 2034/2034/2034 2035/2035/2035 1920/1920/1920
f 2035/2035/2035 2034/2034/2034 2036/2036/2036
f 1917/1917/1917 1907/1907/1907 1906/1906/1906
f 1918/1918/1918 2037/2037/2037 2038/2038/2038
f 2037/2037/2037 1918/1918/1918 1917/1917/1917
f 2039/2039/2039 2040/2040/2040 2041/2041/2041
f 2040/2040/2040 2039/2039/2039 2042/2042/2042
f 2043/2043/2043 2044/2044/2044 2045/2045/2045
f 2044/2044/2044 2043/2043/2043 2046/2046/2046
f 2047/2047/2047 2048/2048/2048 2049/2049/2049
f 2050/2050/2050 2047/2047/2047 2049/2049/2049
f 2051/2051/2051 2052/2052/2052 2053/2053/2053
f 2051/2051/2051 2053/2053/2053 2054/2054/2054
f 2055/2055/2055 2056/2056/2056 2057/2057/2057
f 2055/2055/2055 2057/2057/2057 2058/2058/2058
f 2059/2059/2059 2060/2060/2060 2061/2061/2061
f 2060/2060/2060 2059/2059/2059 2062/2062/2062
f 2063/2063/2063 2064/2064/2064 2065/2065/2065
f 2064/2064/2064 2063/2063/2063 2066/2066/2066
f 2067/2067/2067 2068/2068/2068 2069/2069/2069
f 2070/2070/2070 2067/2067/2067 2069/2069/2069
f 2071/2071/2071 2072/2072/2072 2073/2073/2073
f 2072/2072/2072 2071/2071/2071 2074/2074/2074
f 2075/2075/2075 2076/2076/2076 2077/2077/2077
f 2075/2075/2075 2077/2077/2077 2078/2078/2078
f 2079/2079/2079 2080/2080/2080 2081/2081/2081
f 2079/2079/2079 2081/2081/2081 2082/2082/2082
f 2083/2083/2083 2084/2084/2084 2085/2085/2085
f 2084/2084/2084 2083/2083/2083 2086/2086/2086
f 2087/2087/2087 2088/2088/2088 2089/2089/2089
f 2090/2090/2090 2087/2087/2087 2089/2089/2089
f 2091/2091/2091 2092/2092/2092 2093/2093/2093
f 2092/2092/2092 2091/2091/2091 2094/2094/2094
f 2095/2095/2095 2096/2096/2096 2097/2097/2097
f 2096/2096/2096 2095/2095/2095 2098/2098/2098
f 2099/2099/2099 2100/2100/2100 2101/2101/2101
f 2099/2099/2099 2101/2101/2101 2102/2102/2102
f 2103/2103/2103 2104/2104/2104 2105/2105/2105
f 2104/2104/2104 2103/2103/2103 2106/2106/2106
f 2107/2107/2107 2108/2108/2108 2109/2109/2109
f 2108/2108/2108 2107/2107/2107 2110/2110/2110
f 2111/2111/2111 2112/2112/2112 2113/2113/2113
f 2112/2112/2112 2111/2111/2111 2114/2114/2114
f 2115/2115/2115 2116/2116/2116 2117/2117/2117
f 2115/2115/2115 2117/2117/2117 2118/2118/2118
f 2119/2119/2119 2120/2120/2120 2121/2121/2121
f 2122/2122/2122 2120/2120/2120 2119/2119/2119
f 2123/2123/2123 2124/2124/2124 2125/2125/2125
f 2124/2124/2124 2123/2123/2123 2126/2126/2126
f 2127/2127/2127 2128/2128/2128 2129/2129/2129
f 2128/2128/2128 2127/2127/2127 2130/2130/2130
f 2131/2131/2131 2132/2132/2132 2133/2133/2133
f 2131/2131/2131 2133/2133/2133 2134/2134/2134
f 2135/2135/2135 2136/2136/2136 2137/2137/2137
f 2135/2135/2135 2137/2137/2137 2138/2138/2138
f 2139/2139/2139 2140/2140/2140 2141/2141/2141
f 2140/2140/2140 2139/2139/2139 2142/2142/2142
f 2143/2143/2143 2144/2144/2144 2145/2145/2145
f 2144/2144/2144 2143/2143/2143 2146/2146/2146
f 2147/2147/2147 2148/2148/2148 2149/2149/2149
f 2150/2150/2150 2149/2149/2149 2148/2148/2148
f 2151/2151/2151 2152/2152/2152 2153/2153/2153
f 2154/2154/2154 2152/2152/2152 2151/2151/2151
f 2155/2155/2155 2156/2156/2156 2157/2157/2157
f 2156/2156/2156 2155/2155/2155 2158/2158/2158
f 2159/2159/2159 2160/2160/2160 2161/2161/2161
f 2162/2162/2162 2161/2161/2161 2160/2160/2160
f 2163/2163/2163 2164/2164/2164 2165/2165/2165
f 2166/2166/2166 2165/2165/2165 2164/2164/2164
f 2167/2167/2167 2168/2168/2168 2169/2169/2169
f 2168/2168/2168 2167/2167/2167 2170/2170/2170
f 2171/2171/2171 2172/2172/2172 2173/2173/2173
f 2174/2174/2174 2175/2175/2175 2176/2176/2176
f 2177/2177/2177 2178/2178/2178 2179/2179/2179
f 2180/2180/2180 2178/2178/2178 2177/2177/2177
f 2181/2181/2181 2182/2182/2182 2183/2183/2183
f 2181/2181/2181 2183/2183/2183 2184/2184/2184
f 2175/2175/2175 2174/2174/2174 2185/2185/2185
f 2185/2185/2185 2186/2186/2186 2175/2175/2175
f 2187/2187/2187 2188/2188/2188 2189/2189/2189
f 2190/2190/2190 2188/2188/2188 2187/2187/2187
f 2191/2191/2191 2192/2192/2192 2193/2193/2193
f 2194/2194/2194 2191/2191/2191 2195/2195/2195
f 2194/2194/2194 2192/2192/2192 2191/2191/2191
f 2196/2196/2196 2197/2197/2197 2198/2198/2198
f 2199/2199/2199 2197/2197/2197 2196/2196/2196
f 2200/2200/2200 2201/2201/2201 2202/2202/2202
f 2200/2200/2200 2173/2173/2173 2172/2172/2172
f 2202/2202/2202 2173/2173/2173 2200/2200/2200
f 2203/2203/2203 2204/2204/2204 2205/2205/2205
f 2205/2205/2205 2206/2206/2206 2203/2203/2203
f 2207/2207/2207 2208/2208/2208 2209/2209/2209
f 2208/2208/2208 2207/2207/2207 2210/2210/2210
f 2211/2211/2211 2212/2212/2212 2213/2213/2213
f 2213/2213/2213 2214/2214/2214 2211/2211/2211
f 2215/2215/2215 2216/2216/2216 2217/2217/2217
f 2216/2216/2216 2215/2215/2215 2218/2218/2218
f 2219/2219/2219 2220/2220/2220 2221/2221/2221
f 2219/2219/2219 2221/2221/2221 2222/2222/2222
f 2223/2223/2223 2224/2224/2224 2225/2225/2225
f 2223/2223/2223 2225/2225/2225 2226/2226/2226
f 2227/2227/2227 2228/2228/2228 2229/2229/2229
f 2229/2229/2229 2230/2230/2230 2227/2227/2227
f 2231/2231/2231 2232/2232/2232 2233/2233/2233
f 2231/2231/2231 2233/2233/2233 2234/2234/2234
f 2235/2235/2235 2236/2236/2236 2237/2237/2237
f 2236/2236/2236 2235/2235/2235 2238/2238/2238
f 2239/2239/2239 2240/2240/2240 2241/2241/2241
f 2239/2239/2239 2241/2241/2241 2242/2242/2242
f 2243/2243/2243 2244/2244/2244 2245/2245/2245
f 2244/2244/2244 2243/2243/2243 2246/2246/2246
f 2247/2247/2247 2248/2248/2248 2249/2249/2249
f 2248/2248/2248 2247/2247/2247 2250/2250/2250
f 2251/2251/2251 2252/2252/2252 2253/2253/2253
f 2251/2251/2251 2253/2253/2253 2254/2254/2254
f 2255/2255/2255 2256/2256/2256 2257/2257/2257
f 2256/2256/2256 2255/2255/2255 2258/2258/2258
f 2259/2259/2259 2260/2260/2260 2261/2261/2261
f 2260/2260/2260 2259/2259/2259 2262/2262/2262
f 2263/2263/2263 2264/2264/2264 2265/2265/2265
f 2264/2264/2264 2263/2263/2263 2266/2266/2266
f 2267/2267/2267 2268/2268/2268 2269/2269/2269
f 2268/2268/2268 2267/2267/2267 2270/2270/2270
f 2271/2271/2271 2272/2272/2272 2273/2273/2273
f 2272/2272/2272 2271/2271/2271 2274/2274/2274
f 2275/2275/2275 2276/2276/2276 2277/2277/2277
f 2276/2276/2276 2275/2275/2275 2278/2278/2278
f 2279/2279/2279 2280/2280/2280 2281/2281/2281
f 2280/2280/2280 2279/2279/2279 2282/2282/2282
f 2283/2283/2283 2284/2284/2284 2285/2285/2285
f 2286/2286/2286 2284/2284/2284 2283/2283/2283
f 2287/2287/2287 2288/2288/2288 2289/2289/2289
f 2288/2288/2288 2287/2287/2287 2290/2290/2290
f 2291/2291/2291 2292/2292/2292 2293/2293/2293
f 2292/2292/2292 2291/2291/2291 2294/2294/2294
f 2295/2295/2295 2296/2296/2296 2297/2297/2297
f 2296/2296/2296 2295/2295/2295 2298/2298/2298
f 2299/2299/2299 2300/2300/2300 2301/2301/2301
f 2302/2302/2302 2299/2299/2299 2301/2301/2301
f 2195/2195/2195 2303/2303/2303 2194/2194/2194
f 2304/2304/2304 2303/2303/2303 2195/2195/2195
f 2305/2305/2305 2303/2303/2303 2304/2304/2304
f 2306/2306/2306 2307/2307/2307 2190/2190/2190
f 2306/2306/2306 2190/2190/2190 2187/2187/2187
f 2308/2308/2308 2307/2307/2307 2306/2306/2306
f 2309/2309/2309 2307/2307/2307 2308/2308/2308
f 2186/2186/2186 2185/2185/2185 2310/2310/2310
f 2310/2310/2310 2311/2311/2311 2186/2186/2186
f 2311/2311/2311 2310/2310/2310 2312/2312/2312
f 2313/2313/2313 2314/2314/2314 2315/2315/2315
f 2316/2316/2316 2314/2314/2314 2313/2313/2313
f 2317/2317/2317 2318/2318/2318 2319/2319/2319
f 2318/2318/2318 2317/2317/2317 2320/2320/2320
f 2321/2321/2321 2322/2322/2322 2323/2323/2323
f 2322/2322/2322 2321/2321/2321 2324/2324/2324
f 2325/2325/2325 2326/2326/2326 2327/2327/2327
f 2328/2328/2328 2327/2327/2327 2326/2326/2326
f 2329/2329/2329 2330/2330/2330 2331/2331/2331
f 2330/2330/2330 2329/2329/2329 2332/2332/2332
f 2333/2333/2333 2334/2334/2334 2335/2335/2335
f 2334/2334/2334 2333/2333/2333 2336/2336/2336
f 2337/2337/2337 2338/2338/2338 2339/2339/2339
f 2340/2340/2340 2338/2338/2338 2337/2337/2337
f 2341/2341/2341 2342/2342/2342 2343/2343/2343
f 2342/2342/2342 2341/2341/2341 2344/2344/2344
f 2345/2345/2345 2346/2346/2346 2347/2347/2347
f 2348/2348/2348 2347/2347/2347 2346/2346/2346
f 2349/2349/2349 2350/2350/2350 2351/2351/2351
f 2352/2352/2352 2351/2351/2351 2350/2350/2350
f 2353/2353/2353 2354/2354/2354 2355/2355/2355
f 2356/2356/2356 2355/2355/2355 2354/2354/2354
f 2357/2357/2357 2358/2358/2358 2359/2359/2359
f 2360/2360/2360 2358/2358/2358 2357/2357/2357
f 2361/2361/2361 2362/2362/2362 2363/2363/2363
f 2362/2362/2362 2361/2361/2361 2364/2364/2364
f 2365/2365/2365 2366/2366/2366 2367/2367/2367
f 2368/2368/2368 2367/2367/2367 2366/2366/2366
f 2369/2369/2369 2370/2370/2370 2371/2371/2371
f 2370/2370/2370 2369/2369/2369 2372/2372/2372
f 2373/2373/2373 2374/2374/2374 2375/2375/2375
f 2374/2374/2374 2373/2373/2373 2376/2376/2376
f 2377/2377/2377 2378/2378/2378 2379/2379/2379
f 2378/2378/2378 2377/2377/2377 2380/2380/2380
f 2381/2381/2381 2382/2382/2382 2383/2383/2383
f 2381/2381/2381 2384/2384/2384 2382/2382/2382
f 2385/2385/2385 2386/2386/2386 2387/2387/2387
f 2388/2388/2388 2386/2386/2386 2385/2385/2385
f 2389/2389/2389 2390/2390/2390 2391/2391/2391
f 2392/2392/2392 2393/2393/2393 2394/2394/2394
f 2393/2393/2393 2392/2392/2392 2395/2395/2395
f 2396/2396/2396 2397/2397/2397 2398/2398/2398
f 2397/2397/2397 2396/2396/2396 2399/2399/2399
f 2400/2400/2400 2401/2401/2401 2402/2402/2402
f 2400/2400/2400 2402/2402/2402 2403/2403/2403
f 2404/2404/2404 2405/2405/2405 2406/2406/2406
f 2404/2404/2404 2406/2406/2406 2407/2407/2407
f 2408/2408/2408 2409/2409/2409 2410/2410/2410
f 2409/2409/2409 2408/2408/2408 2411/2411/2411
f 2412/2412/2412 2413/2413/2413 2414/2414/2414
f 2413/2413/2413 2412/2412/2412 2415/2415/2415
f 2416/2416/2416 2417/2417/2417 2418/2418/2418
f 2416/2416/2416 2418/2418/2418 2419/2419/2419
f 2420/2420/2420 2421/2421/2421 2422/2422/2422
f 2420/2420/2420 2422/2422/2422 2423/2423/2423
f 2424/2424/2424 2425/2425/2425 2426/2426/2426
f 2425/2425/2425 2424/2424/2424 2427/2427/2427
f 2428/2428/2428 2429/2429/2429 2430/2430/2430
f 2429/2429/2429 2428/2428/2428 2431/2431/2431
f 2432/2432/2432 2433/2433/2433 2434/2434/2434
f 2432/2432/2432 2434/2434/2434 2435/2435/2435
f 2436/2436/2436 2437/2437/2437 2438/2438/2438
f 2436/2436/2436 2438/2438/2438 2439/2439/2439
f 2440/2440/2440 2441/2441/2441 2442/2442/2442
f 2441/2441/2441 2440/2440/2440 2443/2443/2443
f 2444/2444/2444 2445/2445/2445 2446/2446/2446
f 2445/2445/2445 2444/2444/2444 2447/2447/2447
f 2448/2448/2448 2449/2449/2449 2450/2450/2450
f 2451/2451/2451 2450/2450/2450 2449/2449/2449
f 2452/2452/2452 2453/2453/2453 2454/2454/2454
f 2455/2455/2455 2453/2453/2453 2452/2452/2452
f 2456/2456/2456 2457/2457/2457 2458/2458/2458
f 2459/2459/2459 2460/2460/2460 2461/2461/2461
f 2462/2462/2462 2461/2461/2461 2460/2460/2460
f 2463/2463/2463 2464/2464/2464 2465/2465/2465
f 2466/2466/2466 2465/2465/2465 2464/2464/2464
f 2467/2467/2467 2468/2468/2468 2469/2469/2469
f 2470/2470/2470 2471/2471/2471 2472/2472/2472
f 2473/2473/2473 2474/2474/2474 2475/2475/2475
f 2474/2474/2474 2473/2473/2473 2476/2476/2476
f 2477/2477/2477 2478/2478/2478 2479/2479/2479
f 2480/2480/2480 2478/2478/2478 2477/2477/2477
f 2481/2481/2481 2482/2482/2482 2483/2483/2483
f 2481/2481/2481 2483/2483/2483 2484/2484/2484
f 2485/2485/2485 2486/2486/2486 2487/2487/2487
f 2486/2486/2486 2485/2485/2485 2488/2488/2488
f 2489/2489/2489 2490/2490/2490 2491/2491/2491
f 2492/2492/2492 2490/2490/2490 2489/2489/2489
f 2493/2493/2493 2494/2494/2494 2495/2495/2495
f 2496/2496/2496 2493/2493/2493 2497/2497/2497
f 2496/2496/2496 2494/2494/2494 2493/2493/2493
f 2498/2498/2498 2499/2499/2499 2500/2500/2500
f 2501/2501/2501 2499/2499/2499 2498/2498/2498
f 2502/2502/2502 2503/2503/2503 2504/2504/2504
f 2502/2502/2502 2472/2472/2472 2471/2471/2471
f 2504/2504/2504 2472/2472/2472 2502/2502/2502
f 2468/2468/2468 2505/2505/2505 2506/2506/2506
f 2468/2468/2468 2467/2467/2467 2507/2507/2507
f 2506/2506/2506 2469/2469/2469 2468/2468/2468
f 2508/2508/2508 2509/2509/2509 2510/2510/2510
f 2509/2509/2509 2508/2508/2508 2511/2511/2511
f 2512/2512/2512 2513/2513/2513 2514/2514/2514
f 2514/2514/2514 2515/2515/2515 2512/2512/2512
f 2457/2457/2457 2456/2456/2456 2516/2516/2516
f 2517/2517/2517 2458/2458/2458 2457/2457/2457
f 2458/2458/2458 2517/2517/2517 2518/2518/2518
f 2519/2519/2519 2520/2520/2520 2521/2521/2521
f 2519/2519/2519 2521/2521/2521 2522/2522/2522
f 2523/2523/2523 2524/2524/2524 2525/2525/2525
f 2523/2523/2523 2525/2525/2525 2526/2526/2526
f 2527/2527/2527 2528/2528/2528 2529/2529/2529
f 2529/2529/2529 2530/2530/2530 2527/2527/2527
f 2531/2531/2531 2532/2532/2532 2533/2533/2533
f 2531/2531/2531 2533/2533/2533 2534/2534/2534
f 2535/2535/2535 2536/2536/2536 2537/2537/2537
f 2536/2536/2536 2535/2535/2535 2538/2538/2538
f 2539/2539/2539 2540/2540/2540 2541/2541/2541
f 2539/2539/2539 2541/2541/2541 2542/2542/2542
f 2543/2543/2543 2544/2544/2544 2545/2545/2545
f 2544/2544/2544 2543/2543/2543 2546/2546/2546
f 2547/2547/2547 2548/2548/2548 2549/2549/2549
f 2548/2548/2548 2547/2547/2547 2550/2550/2550
f 2551/2551/2551 2552/2552/2552 2553/2553/2553
f 2551/2551/2551 2553/2553/2553 2554/2554/2554
f 2555/2555/2555 2556/2556/2556 2557/2557/2557
f 2555/2555/2555 2557/2557/2557 2558/2558/2558
f 2559/2559/2559 2560/2560/2560 2561/2561/2561
f 2560/2560/2560 2559/2559/2559 2562/2562/2562
f 2563/2563/2563 2564/2564/2564 2565/2565/2565
f 2564/2564/2564 2563/2563/2563 2566/2566/2566
f 2567/2567/2567 2568/2568/2568 2569/2569/2569
f 2568/2568/2568 2567/2567/2567 2570/2570/2570
f 2571/2571/2571 2572/2572/2572 2573/2573/2573
f 2572/2572/2572 2571/2571/2571 2574/2574/2574
f 2575/2575/2575 2576/2576/2576 2577/2577/2577
f 2576/2576/2576 2575/2575/2575 2578/2578/2578
f 2579/2579/2579 2580/2580/2580 2581/2581/2581
f 2580/2580/2580 2579/2579/2579 2582/2582/2582
f 2583/2583/2583 2584/2584/2584 2585/2585/2585
f 2583/2583/2583 2585/2585/2585 2586/2586/2586
f 2587/2587/2587 2588/2588/2588 2589/2589/2589
f 2588/2588/2588 2587/2587/2587 2590/2590/2590
f 2591/2591/2591 2592/2592/2592 2593/2593/2593
f 2592/2592/2592 2591/2591/2591 2594/2594/2594
f 2595/2595/2595 2596/2596/2596 2597/2597/2597
f 2598/2598/2598 2595/2595/2595 2597/2597/2597
f 2599/2599/2599 2600/2600/2600 2601/2601/2601
f 2600/2600/2600 2599/2599/2599 2602/2602/2602
f 2497/2497/2497 2603/2603/2603 2496/2496/2496
f 2604/2604/2604 2603/2603/2603 2497/2497/2497
f 2605/2605/2605 2603/2603/2603 2604/2604/2604
f 2606/2606/2606 2607/2607/2607 2492/2492/2492
f 2606/2606/2606 2492/2492/2492 2489/2489/2489
f 2608/2608/2608 2607/2607/2607 2606/2606/2606
f 2609/2609/2609 2607/2607/2607 2608/2608/2608
f 2610/2610/2610 2611/2611/2611 2612/2612/2612
f 2611/2611/2611 2610/2610/2610 2613/2613/2613
f 2614/2614/2614 2615/2615/2615 2616/2616/2616
f 2617/2617/2617 2615/2615/2615 2614/2614/2614
f 2618/2618/2618 2619/2619/2619 2620/2620/2620
f 2618/2618/2618 2620/2620/2620 2621/2621/2621
f 2622/2622/2622 2623/2623/2623 2624/2624/2624
f 2625/2625/2625 2623/2623/2623 2622/2622/2622
f 2626/2626/2626 2627/2627/2627 2628/2628/2628
f 2627/2627/2627 2626/2626/2626 2629/2629/2629
f 2630/2630/2630 2631/2631/2631 2632/2632/2632
f 2631/2631/2631 2630/2630/2630 2633/2633/2633
f 2634/2634/2634 2635/2635/2635 2636/2636/2636
f 2635/2635/2635 2634/2634/2634 2637/2637/2637
f 2638/2638/2638 2639/2639/2639 2640/2640/2640
f 2639/2639/2639 2638/2638/2638 2641/2641/2641
f 2642/2642/2642 2643/2643/2643 2644/2644/2644
f 2645/2645/2645 2643/2643/2643 2642/2642/2642
f 2646/2646/2646 2647/2647/2647 2648/2648/2648
f 2647/2647/2647 2646/2646/2646 2649/2649/2649
f 2650/2650/2650 2651/2651/2651 2652/2652/2652
f 2651/2651/2651 2650/2650/2650 2653/2653/2653
f 2654/2654/2654 2655/2655/2655 2656/2656/2656
f 2657/2657/2657 2656/2656/2656 2655/2655/2655
f 2658/2658/2658 2659/2659/2659 2660/2660/2660
f 2659/2659/2659 2658/2658/2658 2661/2661/2661
f 2662/2662/2662 2663/2663/2663 2664/2664/2664
f 2665/2665/2665 2663/2663/2663 2662/2662/2662
f 2666/2666/2666 2667/2667/2667 2668/2668/2668
f 2667/2667/2667 2666/2666/2666 2669/2669/2669
f 2670/2670/2670 2671/2671/2671 2672/2672/2672
f 2673/2673/2673 2672/2672/2672 2671/2671/2671
f 2674/2674/2674 2675/2675/2675 2676/2676/2676
f 2677/2677/2677 2676/2676/2676 2675/2675/2675
f 2678/2678/2678 2679/2679/2679 2680/2680/2680
f 2679/2679/2679 2678/2678/2678 2681/2681/2681
f 2682/2682/2682 2683/2683/2683 2684/2684/2684
f 2683/2683/2683 2682/2682/2682 2685/2685/2685
f 2686/2686/2686 2687/2687/2687 2688/2688/2688
f 2686/2686/2686 2688/2688/2688 2689/2689/2689
f 2690/2690/2690 2691/2691/2691 2692/2692/2692
f 2691/2691/2691 2690/2690/2690 2693/2693/2693
f 2694/2694/2694 2695/2695/2695 2696/2696/2696
f 2695/2695/2695 2694/2694/2694 2697/2697/2697
f 2698/2698/2698 2699/2699/2699 2700/2700/2700
f 2698/2698/2698 2700/2700/2700 2701/2701/2701
f 2702/2702/2702 2703/2703/2703 2704/2704/2704
f 2703/2703/2703 2702/2702/2702 2705/2705/2705
f 2706/2706/2706 2707/2707/2707 2708/2708/2708
f 2709/2709/2709 2710/2710/2710 2706/2706/2706
f 2710/2710/2710 2709/2709/2709 2711/2711/2711
f 2712/2712/2712 2713/2713/2713 2714/2714/2714
f 2713/2713/2713 2712/2712/2712 2715/2715/2715
f 2716/2716/2716 2717/2717/2717 2718/2718/2718
f 2716/2716/2716 2718/2718/2718 2719/2719/2719
f 2720/2720/2720 2721/2721/2721 2722/2722/2722
f 2720/2720/2720 2722/2722/2722 2723/2723/2723
f 2724/2724/2724 2725/2725/2725 2726/2726/2726
f 2725/2725/2725 2724/2724/2724 2727/2727/2727
f 2728/2728/2728 2729/2729/2729 2730/2730/2730
f 2729/2729/2729 2728/2728/2728 2731/2731/2731
f 2732/2732/2732 2733/2733/2733 2734/2734/2734
f 2733/2733/2733 2732/2732/2732 2735/2735/2735
f 2736/2736/2736 2737/2737/2737 2738/2738/2738
f 2739/2739/2739 2740/2740/2740 2741/2741/2741
f 2742/2742/2742 2743/2743/2743 2744/2744/2744
f 2745/2745/2745 2746/2746/2746 2747/2747/2747
f 2746/2746/2746 2745/2745/2745 2748/2748/2748
f 2749/2749/2749 2750/2750/2750 2751/2751/2751
f 2750/2750/2750 2749/2749/2749 2752/2752/2752
f 2753/2753/2753 2754/2754/2754 2755/2755/2755
f 2754/2754/2754 2753/2753/2753 2756/2756/2756
f 2757/2757/2757 2758/2758/2758 2759/2759/2759
f 2758/2758/2758 2757/2757/2757 2760/2760/2760
f 2743/2743/2743 2742/2742/2742 2761/2761/2761
f 2761/2761/2761 2762/2762/2762 2743/2743/2743
f 2740/2740/2740 2739/2739/2739 2763/2763/2763
f 2763/2763/2763 2764/2764/2764 2740/2740/2740
f 2765/2765/2765 2766/2766/2766 2767/2767/2767
f 2768/2768/2768 2765/2765/2765 2767/2767/2767
f 2738/2738/2738 2769/2769/2769 2770/2770/2770
f 2737/2737/2737 2769/2769/2769 2738/2738/2738
f 2737/2737/2737 2736/2736/2736 2771/2771/2771
f 2772/2772/2772 2773/2773/2773 2774/2774/2774
f 2772/2772/2772 2775/2775/2775 2776/2776/2776
f 2774/2774/2774 2775/2775/2775 2772/2772/2772
f 2777/2777/2777 2778/2778/2778 2779/2779/2779
f 2778/2778/2778 2780/2780/2780 2781/2781/2781
f 2778/2778/2778 2777/2777/2777 2782/2782/2782
f 2783/2783/2783 2784/2784/2784 2785/2785/2785
f 2786/2786/2786 2784/2784/2784 2783/2783/2783
f 2787/2787/2787 2788/2788/2788 2789/2789/2789
f 2788/2788/2788 2787/2787/2787 2790/2790/2790
f 2791/2791/2791 2792/2792/2792 2793/2793/2793
f 2792/2792/2792 2791/2791/2791 2794/2794/2794
f 2795/2795/2795 2796/2796/2796 2797/2797/2797
f 2798/2798/2798 2797/2797/2797 2796/2796/2796
f 2799/2799/2799 2800/2800/2800 2801/2801/2801
f 2800/2800/2800 2799/2799/2799 2802/2802/2802
f 2803/2803/2803 2804/2804/2804 2805/2805/2805
f 2804/2804/2804 2803/2803/2803 2806/2806/2806
f 2807/2807/2807 2808/2808/2808 2809/2809/2809
f 2808/2808/2808 2807/2807/2807 2810/2810/2810
f 2811/2811/2811 2812/2812/2812 2813/2813/2813
f 2812/2812/2812 2811/2811/2811 2814/2814/2814
f 2815/2815/2815 2816/2816/2816 2817/2817/2817
f 2816/2816/2816 2815/2815/2815 2818/2818/2818
f 2819/2819/2819 2820/2820/2820 2821/2821/2821
f 2822/2822/2822 2820/2820/2820 2819/2819/2819
f 2823/2823/2823 2824/2824/2824 2825/2825/2825
f 2826/2826/2826 2827/2827/2827 2828/2828/2828
f 2827/2827/2827 2826/2826/2826 2829/2829/2829
f 2773/2773/2773 2772/2772/2772 2830/2830/2830
f 2830/2830/2830 2831/2831/2831 2773/2773/2773
f 2831/2831/2831 2830/2830/2830 2832/2832/2832
f 2833/2833/2833 2834/2834/2834 2835/2835/2835
f 2836/2836/2836 2834/2834/2834 2833/2833/2833
f 2780/2780/2780 2778/2778/2778 2782/2782/2782
f 2824/2824/2824 2823/2823/2823 2837/2837/2837
f 2825/2825/2825 2824/2824/2824 2781/2781/2781
f 2825/2825/2825 2781/2781/2781 2780/2780/2780
f 2838/2838/2838 2839/2839/2839 2840/2840/2840
f 2838/2838/2838 2840/2840/2840 2841/2841/2841
f 2842/2842/2842 2843/2843/2843 2844/2844/2844
f 2842/2842/2842 2844/2844/2844 2845/2845/2845
f 2846/2846/2846 2847/2847/2847 2848/2848/2848
f 2847/2847/2847 2846/2846/2846 2849/2849/2849
f 2707/2707/2707 2706/2706/2706 2710/2710/2710
f 2708/2708/2708 2850/2850/2850 2851/2851/2851
f 2850/2850/2850 2708/2708/2708 2707/2707/2707
f 2852/2852/2852 2853/2853/2853 2854/2854/2854
f 2853/2853/2853 2852/2852/2852 2855/2855/2855
f 2856/2856/2856 2857/2857/2857 2858/2858/2858
f 2857/2857/2857 2856/2856/2856 2859/2859/2859
f 2860/2860/2860 2861/2861/2861 2862/2862/2862
f 2861/2861/2861 2860/2860/2860 2863/2863/2863
f 2864/2864/2864 2865/2865/2865 2866/2866/2866
f 2864/2864/2864 2866/2866/2866 2867/2867/2867
f 2764/2764/2764 2763/2763/2763 2868/2868/2868
f 2869/2869/2869 2868/2868/2868 2870/2870/2870
f 2869/2869/2869 2764/2764/2764 2868/2868/2868
f 2762/2762/2762 2761/2761/2761 2871/2871/2871
f 2871/2871/2871 2872/2872/2872 2762/2762/2762
f 2872/2872/2872 2871/2871/2871 2873/2873/2873
f 2874/2874/2874 2875/2875/2875 2876/2876/2876
f 2875/2875/2875 2874/2874/2874 2877/2877/2877
f 2878/2878/2878 2879/2879/2879 2880/2880/2880
f 2879/2879/2879 2878/2878/2878 2881/2881/2881
f 2882/2882/2882 2883/2883/2883 2884/2884/2884
f 2883/2883/2883 2882/2882/2882 2885/2885/2885
f 2886/2886/2886 2887/2887/2887 2888/2888/2888
f 2886/2886/2886 2888/2888/2888 2889/2889/2889
f 2890/2890/2890 2891/2891/2891 2892/2892/2892
f 2890/2890/2890 2892/2892/2892 2893/2893/2893
f 2894/2894/2894 2895/2895/2895 2896/2896/2896
f 2895/2895/2895 2894/2894/2894 2897/2897/2897
f 2898/2898/2898 2899/2899/2899 2900/2900/2900
f 2899/2899/2899 2898/2898/2898 2901/2901/2901
f 2902/2902/2902 2903/2903/2903 2904/2904/2904
f 2905/2905/2905 2902/2902/2902 2904/2904/2904
f 2906/2906/2906 2907/2907/2907 2908/2908/2908
f 2907/2907/2907 2906/2906/2906 2909/2909/2909
f 2390/2390/2390 2389/2389/2389 2910/2910/2910
f 2911/2911/2911 2391/2391/2391 2390/2390/2390
f 2911/2911/2911 2390/2390/2390 2912/2912/2912
f 2913/2913/2913 2914/2914/2914 2915/2915/2915
f 2913/2913/2913 2915/2915/2915 2916/2916/2916
f 2917/2917/2917 2918/2918/2918 2919/2919/2919
f 2918/2918/2918 2917/2917/2917 2920/2920/2920
f 2921/2921/2921 2922/2922/2922 2923/2923/2923
f 2924/2924/2924 2921/2921/2921 2923/2923/2923
f 2925/2925/2925 2926/2926/2926 2927/2927/2927
f 2926/2926/2926 2925/2925/2925 2928/2928/2928
f 2929/2929/2929 2930/2930/2930 2931/2931/2931
f 2930/2930/2930 2929/2929/2929 2932/2932/2932
f 2933/2933/2933 2934/2934/2934 2935/2935/2935
f 2933/2933/2933 2935/2935/2935 2936/2936/2936
f 2937/2937/2937 2938/2938/2938 2939/2939/2939
f 2938/2938/2938 2937/2937/2937 2940/2940/2940
f 2941/2941/2941 2942/2942/2942 2943/2943/2943
f 2942/2942/2942 2941/2941/2941 2944/2944/2944
f 2945/2945/2945 2946/2946/2946 2947/2947/2947
f 2946/2946/2946 2945/2945/2945 2948/2948/2948
f 2949/2949/2949 2950/2950/2950 2951/2951/2951
f 2949/2949/2949 2952/2952/2952 2950/2950/2950
