# Shared OBJ attributes; Tools/Art/compact_obj.py
v -157.5 -722.5 -1.5
v -160.387 -725.387 0.613
v -161.036 -722.5 -0.036
v -157.5 -727.5 3.5
v -157.5 -726.036 -0.036
v -162.5 -722.5 3.5
v -161.036 -726.036 3.5
v -160.387 -725.387 6.387
v -157.5 -722.5 8.5
v -157.5 -726.036 7.036
v -161.036 -722.5 7.036
v -157.5 722.5 -1.5
v -160.387 725.387 0.613
v -157.5 726.036 -0.036
v -162.5 722.5 3.5
v -161.036 722.5 -0.036
v -157.5 727.5 3.5
v -161.036 726.036 3.5
v -157.5 722.5 8.5
v -160.387 725.387 6.387
v -161.036 722.5 7.036
v -157.5 726.036 7.036
v 157.5 -722.5 -1.5
v 160.387 -725.387 0.613
v 157.5 -726.036 -0.036
v 162.5 -722.5 3.5
v 161.036 -722.5 -0.036
v 157.5 -727.5 3.5
v 161.036 -726.036 3.5
v 157.5 -722.5 8.5
v 160.387 -725.387 6.387
v 161.036 -722.5 7.036
v 157.5 -726.036 7.036
v 157.5 722.5 -1.5
v 160.387 725.387 0.613
v 161.036 722.5 -0.036
v 157.5 727.5 3.5
v 157.5 726.036 -0.036
v 162.5 722.5 3.5
v 161.036 726.036 3.5
v 157.5 722.5 8.5
v 160.387 725.387 6.387
v 157.5 726.036 7.036
v 161.036 722.5 7.036
v -172 -740 0
v -173.443 -741.443 1.057
v -173.768 -740 0.732
v -172 -742.5 2.5
v -172 -741.768 0.732
v -174.5 -740 2.5
v -173.768 -741.768 2.5
v -172 -742.5 23.5
v -173.443 -741.443 24.943
v -173.768 -741.768 23.5
v -172 -740 26
v -172 -741.768 25.268
v -174.5 -740 23.5
v -173.768 -740 25.268
v -172 740 0
v -173.443 741.443 1.057
v -172 741.768 0.732
v -174.5 740 2.5
v -173.768 740 0.732
v -172 742.5 2.5
v -173.768 741.768 2.5
v -172 740 26
v -173.443 741.443 24.943
v -173.768 740 25.268
v -172 742.5 23.5
v -172 741.768 25.268
v -174.5 740 23.5
v -173.768 741.768 23.5
v -164 -740 0
v -162.557 -741.443 1.057
v -164 -741.768 0.732
v -161.5 -740 2.5
v -162.232 -740 0.732
v -164 -742.5 2.5
v -162.232 -741.768 2.5
v -164 -740 26
v -162.557 -741.443 24.943
v -162.232 -740 25.268
v -164 -742.5 23.5
v -164 -741.768 25.268
v -161.5 -740 23.5
v -162.232 -741.768 23.5
v -164 740 0
v -162.557 741.443 1.057
v -162.232 740 0.732
v -164 742.5 2.5
v -164 741.768 0.732
v -161.5 740 2.5
v -162.232 741.768 2.5
v -164 740 26
v -162.557 741.443 24.943
v -164 741.768 25.268
v -161.5 740 23.5
v -162.232 740 25.268
v -164 742.5 23.5
v -162.232 741.768 23.5
v -174 -731 0
v -175.443 -732.443 1.057
v -175.768 -731 0.732
v -174 -733.5 2.5
v -174 -732.768 0.732
v -176.5 -731 2.5
v -175.768 -732.768 2.5
v -174 -733.5 43.5
v -175.443 -732.443 44.943
v -175.768 -732.768 43.5
v -174 -731 46
v -174 -732.768 45.268
v -176.5 -731 43.5
v -175.768 -731 45.268
v -174 -719 0
v -175.443 -717.557 1.057
v -174 -717.232 0.732
v -176.5 -719 2.5
v -175.768 -719 0.732
v -174 -716.5 2.5
v -175.768 -717.232 2.5
v -174 -719 46
v -175.443 -717.557 44.943
v -175.768 -719 45.268
v -174 -716.5 43.5
v -174 -717.232 45.268
v -176.5 -719 43.5
v -175.768 -717.232 43.5
v -162 -731 0
v -160.557 -732.443 1.057
v -162 -732.768 0.732
v -159.5 -731 2.5
v -160.232 -731 0.732
v -162 -733.5 2.5
v -160.232 -732.768 2.5
v -162 -731 46
v -160.557 -732.443 44.943
v -160.232 -731 45.268
v -162 -733.5 43.5
v -162 -732.768 45.268
v -159.5 -731 43.5
v -160.232 -732.768 43.5
v -162 -719 0
v -160.557 -717.557 1.057
v -160.232 -719 0.732
v -162 -716.5 2.5
v -162 -717.232 0.732
v -159.5 -719 2.5
v -160.232 -717.232 2.5
v -162 -719 46
v -160.557 -717.557 44.943
v -162 -717.232 45.268
v -159.5 -719 43.5
v -160.232 -719 45.268
v -162 -716.5 43.5
v -160.232 -717.232 43.5
v -174 -486 0
v -175.443 -487.443 1.057
v -175.768 -486 0.732
v -174 -488.5 2.5
v -174 -487.768 0.732
v -176.5 -486 2.5
v -175.768 -487.768 2.5
v -174 -488.5 43.5
v -175.443 -487.443 44.943
v -175.768 -487.768 43.5
v -174 -486 46
v -174 -487.768 45.268
v -176.5 -486 43.5
v -175.768 -486 45.268
v -174 -474 0
v -175.443 -472.557 1.057
v -174 -472.232 0.732
v -176.5 -474 2.5
v -175.768 -474 0.732
v -174 -471.5 2.5
v -175.768 -472.232 2.5
v -174 -474 46
v -175.443 -472.557 44.943
v -175.768 -474 45.268
v -174 -471.5 43.5
v -174 -472.232 45.268
v -176.5 -474 43.5
v -175.768 -472.232 43.5
v -162 -486 0
v -160.557 -487.443 1.057
v -162 -487.768 0.732
v -159.5 -486 2.5
v -160.232 -486 0.732
v -162 -488.5 2.5
v -160.232 -487.768 2.5
v -162 -486 46
v -160.557 -487.443 44.943
v -160.232 -486 45.268
v -162 -488.5 43.5
v -162 -487.768 45.268
v -159.5 -486 43.5
v -160.232 -487.768 43.5
v -162 -474 0
v -160.557 -472.557 1.057
v -160.232 -474 0.732
v -162 -471.5 2.5
v -162 -472.232 0.732
v -159.5 -474 2.5
v -160.232 -472.232 2.5
v -162 -474 46
v -160.557 -472.557 44.943
v -162 -472.232 45.268
v -159.5 -474 43.5
v -160.232 -474 45.268
v -162 -471.5 43.5
v -160.232 -472.232 43.5
v -174 -246 0
v -175.443 -247.443 1.057
v -175.768 -246 0.732
v -174 -248.5 2.5
v -174 -247.768 0.732
v -176.5 -246 2.5
v -175.768 -247.768 2.5
v -174 -248.5 43.5
v -175.443 -247.443 44.943
v -175.768 -247.768 43.5
v -174 -246 46
v -174 -247.768 45.268
v -176.5 -246 43.5
v -175.768 -246 45.268
v -174 -234 0
v -175.443 -232.557 1.057
v -174 -232.232 0.732
v -176.5 -234 2.5
v -175.768 -234 0.732
v -174 -231.5 2.5
v -175.768 -232.232 2.5
v -174 -234 46
v -175.443 -232.557 44.943
v -175.768 -234 45.268
v -174 -231.5 43.5
v -174 -232.232 45.268
v -176.5 -234 43.5
v -175.768 -232.232 43.5
v -162 -246 0
v -160.557 -247.443 1.057
v -162 -247.768 0.732
v -159.5 -246 2.5
v -160.232 -246 0.732
v -162 -248.5 2.5
v -160.232 -247.768 2.5
v -162 -246 46
v -160.557 -247.443 44.943
v -160.232 -246 45.268
v -162 -248.5 43.5
v -162 -247.768 45.268
v -159.5 -246 43.5
v -160.232 -247.768 43.5
v -162 -234 0
v -160.557 -232.557 1.057
v -160.232 -234 0.732
v -162 -231.5 2.5
v -162 -232.232 0.732
v -159.5 -234 2.5
v -160.232 -232.232 2.5
v -162 -234 46
v -160.557 -232.557 44.943
v -162 -232.232 45.268
v -159.5 -234 43.5
v -160.232 -234 45.268
v -162 -231.5 43.5
v -160.232 -232.232 43.5
v -174 -6 0
v -175.443 -7.443 1.057
v -175.768 -6 0.732
v -174 -8.5 2.5
v -174 -7.768 0.732
v -176.5 -6 2.5
v -175.768 -7.768 2.5
v -174 -8.5 43.5
v -175.443 -7.443 44.943
v -175.768 -7.768 43.5
v -174 -6 46
v -174 -7.768 45.268
v -176.5 -6 43.5
v -175.768 -6 45.268
v -174 6 0
v -175.443 7.443 1.057
v -174 7.768 0.732
v -176.5 6 2.5
v -175.768 6 0.732
v -174 8.5 2.5
v -175.768 7.768 2.5
v -174 6 46
v -175.443 7.443 44.943
v -175.768 6 45.268
v -174 8.5 43.5
v -174 7.768 45.268
v -176.5 6 43.5
v -175.768 7.768 43.5
v -162 -6 0
v -160.557 -7.443 1.057
v -162 -7.768 0.732
v -159.5 -6 2.5
v -160.232 -6 0.732
v -162 -8.5 2.5
v -160.232 -7.768 2.5
v -162 -6 46
v -160.557 -7.443 44.943
v -160.232 -6 45.268
v -162 -8.5 43.5
v -162 -7.768 45.268
v -159.5 -6 43.5
v -160.232 -7.768 43.5
v -162 6 0
v -160.557 7.443 1.057
v -160.232 6 0.732
v -162 8.5 2.5
v -162 7.768 0.732
v -159.5 6 2.5
v -160.232 7.768 2.5
v -162 6 46
v -160.557 7.443 44.943
v -162 7.768 45.268
v -159.5 6 43.5
v -160.232 6 45.268
v -162 8.5 43.5
v -160.232 7.768 43.5
v -174 234 0
v -175.443 232.557 1.057
v -175.768 234 0.732
v -174 231.5 2.5
v -174 232.232 0.732
v -176.5 234 2.5
v -175.768 232.232 2.5
v -174 231.5 43.5
v -175.443 232.557 44.943
v -175.768 232.232 43.5
v -174 234 46
v -174 232.232 45.268
v -176.5 234 43.5
v -175.768 234 45.268
v -174 246 0
v -175.443 247.443 1.057
v -174 247.768 0.732
v -176.5 246 2.5
v -175.768 246 0.732
v -174 248.5 2.5
v -175.768 247.768 2.5
v -174 246 46
v -175.443 247.443 44.943
v -175.768 246 45.268
v -174 248.5 43.5
v -174 247.768 45.268
v -176.5 246 43.5
v -175.768 247.768 43.5
v -162 234 0
v -160.557 232.557 1.057
v -162 232.232 0.732
v -159.5 234 2.5
v -160.232 234 0.732
v -162 231.5 2.5
v -160.232 232.232 2.5
v -162 234 46
v -160.557 232.557 44.943
v -160.232 234 45.268
v -162 231.5 43.5
v -162 232.232 45.268
v -159.5 234 43.5
v -160.232 232.232 43.5
v -162 246 0
v -160.557 247.443 1.057
v -160.232 246 0.732
v -162 248.5 2.5
v -162 247.768 0.732
v -159.5 246 2.5
v -160.232 247.768 2.5
v -162 246 46
v -160.557 247.443 44.943
v -162 247.768 45.268
v -159.5 246 43.5
v -160.232 246 45.268
v -162 248.5 43.5
v -160.232 247.768 43.5
v -174 474 0
v -175.443 472.557 1.057
v -175.768 474 0.732
v -174 471.5 2.5
v -174 472.232 0.732
v -176.5 474 2.5
v -175.768 472.232 2.5
v -174 471.5 43.5
v -175.443 472.557 44.943
v -175.768 472.232 43.5
v -174 474 46
v -174 472.232 45.268
v -176.5 474 43.5
v -175.768 474 45.268
v -174 486 0
v -175.443 487.443 1.057
v -174 487.768 0.732
v -176.5 486 2.5
v -175.768 486 0.732
v -174 488.5 2.5
v -175.768 487.768 2.5
v -174 486 46
v -175.443 487.443 44.943
v -175.768 486 45.268
v -174 488.5 43.5
v -174 487.768 45.268
v -176.5 486 43.5
v -175.768 487.768 43.5
v -162 474 0
v -160.557 472.557 1.057
v -162 472.232 0.732
v -159.5 474 2.5
v -160.232 474 0.732
v -162 471.5 2.5
v -160.232 472.232 2.5
v -162 474 46
v -160.557 472.557 44.943
v -160.232 474 45.268
v -162 471.5 43.5
v -162 472.232 45.268
v -159.5 474 43.5
v -160.232 472.232 43.5
v -162 486 0
v -160.557 487.443 1.057
v -160.232 486 0.732
v -162 488.5 2.5
v -162 487.768 0.732
v -159.5 486 2.5
v -160.232 487.768 2.5
v -162 486 46
v -160.557 487.443 44.943
v -162 487.768 45.268
v -159.5 486 43.5
v -160.232 486 45.268
v -162 488.5 43.5
v -160.232 487.768 43.5
v -174 719 0
v -175.443 717.557 1.057
v -175.768 719 0.732
v -174 716.5 2.5
v -174 717.232 0.732
v -176.5 719 2.5
v -175.768 717.232 2.5
v -174 716.5 43.5
v -175.443 717.557 44.943
v -175.768 717.232 43.5
v -174 719 46
v -174 717.232 45.268
v -176.5 719 43.5
v -175.768 719 45.268
v -174 731 0
v -175.443 732.443 1.057
v -174 732.768 0.732
v -176.5 731 2.5
v -175.768 731 0.732
v -174 733.5 2.5
v -175.768 732.768 2.5
v -174 731 46
v -175.443 732.443 44.943
v -175.768 731 45.268
v -174 733.5 43.5
v -174 732.768 45.268
v -176.5 731 43.5
v -175.768 732.768 43.5
v -162 719 0
v -160.557 717.557 1.057
v -162 717.232 0.732
v -159.5 719 2.5
v -160.232 719 0.732
v -162 716.5 2.5
v -160.232 717.232 2.5
v -162 719 46
v -160.557 717.557 44.943
v -160.232 719 45.268
v -162 716.5 43.5
v -162 717.232 45.268
v -159.5 719 43.5
v -160.232 717.232 43.5
v -162 731 0
v -160.557 732.443 1.057
v -160.232 731 0.732
v -162 733.5 2.5
v -162 732.768 0.732
v -159.5 731 2.5
v -160.232 732.768 2.5
v -162 731 46
v -160.557 732.443 44.943
v -162 732.768 45.268
v -159.5 731 43.5
v -160.232 731 45.268
v -162 733.5 43.5
v -160.232 732.768 43.5
v -169.5 -728.5 30.25
v -170.366 -729.366 30.884
v -170.561 -728.5 30.689
v -169.5 -730 31.75
v -169.5 -729.561 30.689
v -171 -728.5 31.75
v -170.561 -729.561 31.75
v -169.5 -730 36.25
v -170.366 -729.366 37.116
v -170.561 -729.561 36.25
v -169.5 -728.5 37.75
v -169.5 -729.561 37.311
v -171 -728.5 36.25
v -170.561 -728.5 37.311
v -169.5 728.5 30.25
v -170.366 729.366 30.884
v -169.5 729.561 30.689
v -171 728.5 31.75
v -170.561 728.5 30.689
v -169.5 730 31.75
v -170.561 729.561 31.75
v -169.5 728.5 37.75
v -170.366 729.366 37.116
v -170.561 728.5 37.311
v -169.5 730 36.25
v -169.5 729.561 37.311
v -171 728.5 36.25
v -170.561 729.561 36.25
v -166.5 -728.5 30.25
v -165.634 -729.366 30.884
v -166.5 -729.561 30.689
v -165 -728.5 31.75
v -165.439 -728.5 30.689
v -166.5 -730 31.75
v -165.439 -729.561 31.75
v -166.5 -728.5 37.75
v -165.634 -729.366 37.116
v -165.439 -728.5 37.311
v -166.5 -730 36.25
v -166.5 -729.561 37.311
v -165 -728.5 36.25
v -165.439 -729.561 36.25
v -166.5 728.5 30.25
v -165.634 729.366 30.884
v -165.439 728.5 30.689
v -166.5 730 31.75
v -166.5 729.561 30.689
v -165 728.5 31.75
v -165.439 729.561 31.75
v -166.5 728.5 37.75
v -165.634 729.366 37.116
v -166.5 729.561 37.311
v -165 728.5 36.25
v -165.439 728.5 37.311
v -166.5 730 36.25
v -165.439 729.561 36.25
v 164 -740 0
v 162.557 -741.443 1.057
v 162.232 -740 0.732
v 164 -742.5 2.5
v 164 -741.768 0.732
v 161.5 -740 2.5
v 162.232 -741.768 2.5
v 164 -742.5 23.5
v 162.557 -741.443 24.943
v 162.232 -741.768 23.5
v 164 -740 26
v 164 -741.768 25.268
v 161.5 -740 23.5
v 162.232 -740 25.268
v 164 740 0
v 162.557 741.443 1.057
v 164 741.768 0.732
v 161.5 740 2.5
v 162.232 740 0.732
v 164 742.5 2.5
v 162.232 741.768 2.5
v 164 740 26
v 162.557 741.443 24.943
v 162.232 740 25.268
v 164 742.5 23.5
v 164 741.768 25.268
v 161.5 740 23.5
v 162.232 741.768 23.5
v 172 -740 0
v 173.443 -741.443 1.057
v 172 -741.768 0.732
v 174.5 -740 2.5
v 173.768 -740 0.732
v 172 -742.5 2.5
v 173.768 -741.768 2.5
v 172 -740 26
v 173.443 -741.443 24.943
v 173.768 -740 25.268
v 172 -742.5 23.5
v 172 -741.768 25.268
v 174.5 -740 23.5
v 173.768 -741.768 23.5
v 172 740 0
v 173.443 741.443 1.057
v 173.768 740 0.732
v 172 742.5 2.5
v 172 741.768 0.732
v 174.5 740 2.5
v 173.768 741.768 2.5
v 172 740 26
v 173.443 741.443 24.943
v 172 741.768 25.268
v 174.5 740 23.5
v 173.768 740 25.268
v 172 742.5 23.5
v 173.768 741.768 23.5
v 162 -731 0
v 160.557 -732.443 1.057
v 160.232 -731 0.732
v 162 -733.5 2.5
v 162 -732.768 0.732
v 159.5 -731 2.5
v 160.232 -732.768 2.5
v 162 -733.5 43.5
v 160.557 -732.443 44.943
v 160.232 -732.768 43.5
v 162 -731 46
v 162 -732.768 45.268
v 159.5 -731 43.5
v 160.232 -731 45.268
v 162 -719 0
v 160.557 -717.557 1.057
v 162 -717.232 0.732
v 159.5 -719 2.5
v 160.232 -719 0.732
v 162 -716.5 2.5
v 160.232 -717.232 2.5
v 162 -719 46
v 160.557 -717.557 44.943
v 160.232 -719 45.268
v 162 -716.5 43.5
v 162 -717.232 45.268
v 159.5 -719 43.5
v 160.232 -717.232 43.5
v 174 -731 0
v 175.443 -732.443 1.057
v 174 -732.768 0.732
v 176.5 -731 2.5
v 175.768 -731 0.732
v 174 -733.5 2.5
v 175.768 -732.768 2.5
v 174 -731 46
v 175.443 -732.443 44.943
v 175.768 -731 45.268
v 174 -733.5 43.5
v 174 -732.768 45.268
v 176.5 -731 43.5
v 175.768 -732.768 43.5
v 174 -719 0
v 175.443 -717.557 1.057
v 175.768 -719 0.732
v 174 -716.5 2.5
v 174 -717.232 0.732
v 176.5 -719 2.5
v 175.768 -717.232 2.5
v 174 -719 46
v 175.443 -717.557 44.943
v 174 -717.232 45.268
v 176.5 -719 43.5
v 175.768 -719 45.268
v 174 -716.5 43.5
v 175.768 -717.232 43.5
v 162 -486 0
v 160.557 -487.443 1.057
v 160.232 -486 0.732
v 162 -488.5 2.5
v 162 -487.768 0.732
v 159.5 -486 2.5
v 160.232 -487.768 2.5
v 162 -488.5 43.5
v 160.557 -487.443 44.943
v 160.232 -487.768 43.5
v 162 -486 46
v 162 -487.768 45.268
v 159.5 -486 43.5
v 160.232 -486 45.268
v 162 -474 0
v 160.557 -472.557 1.057
v 162 -472.232 0.732
v 159.5 -474 2.5
v 160.232 -474 0.732
v 162 -471.5 2.5
v 160.232 -472.232 2.5
v 162 -474 46
v 160.557 -472.557 44.943
v 160.232 -474 45.268
v 162 -471.5 43.5
v 162 -472.232 45.268
v 159.5 -474 43.5
v 160.232 -472.232 43.5
v 174 -486 0
v 175.443 -487.443 1.057
v 174 -487.768 0.732
v 176.5 -486 2.5
v 175.768 -486 0.732
v 174 -488.5 2.5
v 175.768 -487.768 2.5
v 174 -486 46
v 175.443 -487.443 44.943
v 175.768 -486 45.268
v 174 -488.5 43.5
v 174 -487.768 45.268
v 176.5 -486 43.5
v 175.768 -487.768 43.5
v 174 -474 0
v 175.443 -472.557 1.057
v 175.768 -474 0.732
v 174 -471.5 2.5
v 174 -472.232 0.732
v 176.5 -474 2.5
v 175.768 -472.232 2.5
v 174 -474 46
v 175.443 -472.557 44.943
v 174 -472.232 45.268
v 176.5 -474 43.5
v 175.768 -474 45.268
v 174 -471.5 43.5
v 175.768 -472.232 43.5
v 162 -246 0
v 160.557 -247.443 1.057
v 160.232 -246 0.732
v 162 -248.5 2.5
v 162 -247.768 0.732
v 159.5 -246 2.5
v 160.232 -247.768 2.5
v 162 -248.5 43.5
v 160.557 -247.443 44.943
v 160.232 -247.768 43.5
v 162 -246 46
v 162 -247.768 45.268
v 159.5 -246 43.5
v 160.232 -246 45.268
v 162 -234 0
v 160.557 -232.557 1.057
v 162 -232.232 0.732
v 159.5 -234 2.5
v 160.232 -234 0.732
v 162 -231.5 2.5
v 160.232 -232.232 2.5
v 162 -234 46
v 160.557 -232.557 44.943
v 160.232 -234 45.268
v 162 -231.5 43.5
v 162 -232.232 45.268
v 159.5 -234 43.5
v 160.232 -232.232 43.5
v 174 -246 0
v 175.443 -247.443 1.057
v 174 -247.768 0.732
v 176.5 -246 2.5
v 175.768 -246 0.732
v 174 -248.5 2.5
v 175.768 -247.768 2.5
v 174 -246 46
v 175.443 -247.443 44.943
v 175.768 -246 45.268
v 174 -248.5 43.5
v 174 -247.768 45.268
v 176.5 -246 43.5
v 175.768 -247.768 43.5
v 174 -234 0
v 175.443 -232.557 1.057
v 175.768 -234 0.732
v 174 -231.5 2.5
v 174 -232.232 0.732
v 176.5 -234 2.5
v 175.768 -232.232 2.5
v 174 -234 46
v 175.443 -232.557 44.943
v 174 -232.232 45.268
v 176.5 -234 43.5
v 175.768 -234 45.268
v 174 -231.5 43.5
v 175.768 -232.232 43.5
v 162 -6 0
v 160.557 -7.443 1.057
v 160.232 -6 0.732
v 162 -8.5 2.5
v 162 -7.768 0.732
v 159.5 -6 2.5
v 160.232 -7.768 2.5
v 162 -8.5 43.5
v 160.557 -7.443 44.943
v 160.232 -7.768 43.5
v 162 -6 46
v 162 -7.768 45.268
v 159.5 -6 43.5
v 160.232 -6 45.268
v 162 6 0
v 160.557 7.443 1.057
v 162 7.768 0.732
v 159.5 6 2.5
v 160.232 6 0.732
v 162 8.5 2.5
v 160.232 7.768 2.5
v 162 6 46
v 160.557 7.443 44.943
v 160.232 6 45.268
v 162 8.5 43.5
v 162 7.768 45.268
v 159.5 6 43.5
v 160.232 7.768 43.5
v 174 -6 0
v 175.443 -7.443 1.057
v 174 -7.768 0.732
v 176.5 -6 2.5
v 175.768 -6 0.732
v 174 -8.5 2.5
v 175.768 -7.768 2.5
v 174 -6 46
v 175.443 -7.443 44.943
v 175.768 -6 45.268
v 174 -8.5 43.5
v 174 -7.768 45.268
v 176.5 -6 43.5
v 175.768 -7.768 43.5
v 174 6 0
v 175.443 7.443 1.057
v 175.768 6 0.732
v 174 8.5 2.5
v 174 7.768 0.732
v 176.5 6 2.5
v 175.768 7.768 2.5
v 174 6 46
v 175.443 7.443 44.943
v 174 7.768 45.268
v 176.5 6 43.5
v 175.768 6 45.268
v 174 8.5 43.5
v 175.768 7.768 43.5
v 162 234 0
v 160.557 232.557 1.057
v 160.232 234 0.732
v 162 231.5 2.5
v 162 232.232 0.732
v 159.5 234 2.5
v 160.232 232.232 2.5
v 162 231.5 43.5
v 160.557 232.557 44.943
v 160.232 232.232 43.5
v 162 234 46
v 162 232.232 45.268
v 159.5 234 43.5
v 160.232 234 45.268
v 162 246 0
v 160.557 247.443 1.057
v 162 247.768 0.732
v 159.5 246 2.5
v 160.232 246 0.732
v 162 248.5 2.5
v 160.232 247.768 2.5
v 162 246 46
v 160.557 247.443 44.943
v 160.232 246 45.268
v 162 248.5 43.5
v 162 247.768 45.268
v 159.5 246 43.5
v 160.232 247.768 43.5
v 174 234 0
v 175.443 232.557 1.057
v 174 232.232 0.732
v 176.5 234 2.5
v 175.768 234 0.732
v 174 231.5 2.5
v 175.768 232.232 2.5
v 174 234 46
v 175.443 232.557 44.943
v 175.768 234 45.268
v 174 231.5 43.5
v 174 232.232 45.268
v 176.5 234 43.5
v 175.768 232.232 43.5
v 174 246 0
v 175.443 247.443 1.057
v 175.768 246 0.732
v 174 248.5 2.5
v 174 247.768 0.732
v 176.5 246 2.5
v 175.768 247.768 2.5
v 174 246 46
v 175.443 247.443 44.943
v 174 247.768 45.268
v 176.5 246 43.5
v 175.768 246 45.268
v 174 248.5 43.5
v 175.768 247.768 43.5
v 162 474 0
v 160.557 472.557 1.057
v 160.232 474 0.732
v 162 471.5 2.5
v 162 472.232 0.732
v 159.5 474 2.5
v 160.232 472.232 2.5
v 162 471.5 43.5
v 160.557 472.557 44.943
v 160.232 472.232 43.5
v 162 474 46
v 162 472.232 45.268
v 159.5 474 43.5
v 160.232 474 45.268
v 162 486 0
v 160.557 487.443 1.057
v 162 487.768 0.732
v 159.5 486 2.5
v 160.232 486 0.732
v 162 488.5 2.5
v 160.232 487.768 2.5
v 162 486 46
v 160.557 487.443 44.943
v 160.232 486 45.268
v 162 488.5 43.5
v 162 487.768 45.268
v 159.5 486 43.5
v 160.232 487.768 43.5
v 174 474 0
v 175.443 472.557 1.057
v 174 472.232 0.732
v 176.5 474 2.5
v 175.768 474 0.732
v 174 471.5 2.5
v 175.768 472.232 2.5
v 174 474 46
v 175.443 472.557 44.943
v 175.768 474 45.268
v 174 471.5 43.5
v 174 472.232 45.268
v 176.5 474 43.5
v 175.768 472.232 43.5
v 174 486 0
v 175.443 487.443 1.057
v 175.768 486 0.732
v 174 488.5 2.5
v 174 487.768 0.732
v 176.5 486 2.5
v 175.768 487.768 2.5
v 174 486 46
v 175.443 487.443 44.943
v 174 487.768 45.268
v 176.5 486 43.5
v 175.768 486 45.268
v 174 488.5 43.5
v 175.768 487.768 43.5
v 162 719 0
v 160.557 717.557 1.057
v 160.232 719 0.732
v 162 716.5 2.5
v 162 717.232 0.732
v 159.5 719 2.5
v 160.232 717.232 2.5
v 162 716.5 43.5
v 160.557 717.557 44.943
v 160.232 717.232 43.5
v 162 719 46
v 162 717.232 45.268
v 159.5 719 43.5
v 160.232 719 45.268
v 162 731 0
v 160.557 732.443 1.057
v 162 732.768 0.732
v 159.5 731 2.5
v 160.232 731 0.732
v 162 733.5 2.5
v 160.232 732.768 2.5
v 162 731 46
v 160.557 732.443 44.943
v 160.232 731 45.268
v 162 733.5 43.5
v 162 732.768 45.268
v 159.5 731 43.5
v 160.232 732.768 43.5
v 174 719 0
v 175.443 717.557 1.057
v 174 717.232 0.732
v 176.5 719 2.5
v 175.768 719 0.732
v 174 716.5 2.5
v 175.768 717.232 2.5
v 174 719 46
v 175.443 717.557 44.943
v 175.768 719 45.268
v 174 716.5 43.5
v 174 717.232 45.268
v 176.5 719 43.5
v 175.768 717.232 43.5
v 174 731 0
v 175.443 732.443 1.057
v 175.768 731 0.732
v 174 733.5 2.5
v 174 732.768 0.732
v 176.5 731 2.5
v 175.768 732.768 2.5
v 174 731 46
v 175.443 732.443 44.943
v 174 732.768 45.268
v 176.5 731 43.5
v 175.768 731 45.268
v 174 733.5 43.5
v 175.768 732.768 43.5
v 166.5 -728.5 30.25
v 165.634 -729.366 30.884
v 165.439 -728.5 30.689
v 166.5 -730 31.75
v 166.5 -729.561 30.689
v 165 -728.5 31.75
v 165.439 -729.561 31.75
v 166.5 -730 36.25
v 165.634 -729.366 37.116
v 165.439 -729.561 36.25
v 166.5 -728.5 37.75
v 166.5 -729.561 37.311
v 165 -728.5 36.25
v 165.439 -728.5 37.311
v 166.5 728.5 30.25
v 165.634 729.366 30.884
v 166.5 729.561 30.689
v 165 728.5 31.75
v 165.439 728.5 30.689
v 166.5 730 31.75
v 165.439 729.561 31.75
v 166.5 728.5 37.75
v 165.634 729.366 37.116
v 165.439 728.5 37.311
v 166.5 730 36.25
v 166.5 729.561 37.311
v 165 728.5 36.25
v 165.439 729.561 36.25
v 169.5 -728.5 30.25
v 170.366 -729.366 30.884
v 169.5 -729.561 30.689
v 171 -728.5 31.75
v 170.561 -728.5 30.689
v 169.5 -730 31.75
v 170.561 -729.561 31.75
v 169.5 -728.5 37.75
v 170.366 -729.366 37.116
v 170.561 -728.5 37.311
v 169.5 -730 36.25
v 169.5 -729.561 37.311
v 171 -728.5 36.25
v 170.561 -729.561 36.25
v 169.5 728.5 30.25
v 170.366 729.366 30.884
v 170.561 728.5 30.689
v 169.5 730 31.75
v 169.5 729.561 30.689
v 171 728.5 31.75
v 170.561 729.561 31.75
v 169.5 728.5 37.75
v 170.366 729.366 37.116
v 169.5 729.561 37.311
v 171 728.5 36.25
v 170.561 728.5 37.311
v 169.5 730 36.25
v 170.561 729.561 36.25
v -167.5 731.5 -0
v -168.943 730.057 1.057
v -169.268 731.5 0.732
v -167.5 729 2.5
v -167.5 729.732 0.732
v -170 731.5 2.5
v -169.268 729.732 2.5
v -167.5 729 21.5
v -168.943 730.057 22.943
v -169.268 729.732 21.5
v -167.5 731.5 24
v -167.5 729.732 23.268
v -170 731.5 21.5
v -169.268 731.5 23.268
v -167.5 738.5 -0
v -168.943 739.943 1.057
v -167.5 740.268 0.732
v -170 738.5 2.5
v -169.268 738.5 0.732
v -167.5 741 2.5
v -169.268 740.268 2.5
v -167.5 738.5 24
v -168.943 739.943 22.943
v -169.268 738.5 23.268
v -167.5 741 21.5
v -167.5 740.268 23.268
v -170 738.5 21.5
v -169.268 740.268 21.5
v 167.5 731.5 -0
v 168.943 730.057 1.057
v 167.5 729.732 0.732
v 170 731.5 2.5
v 169.268 731.5 0.732
v 167.5 729 2.5
v 169.268 729.732 2.5
v 167.5 731.5 24
v 168.943 730.057 22.943
v 169.268 731.5 23.268
v 167.5 729 21.5
v 167.5 729.732 23.268
v 170 731.5 21.5
v 169.268 729.732 21.5
v 167.5 738.5 -0
v 168.943 739.943 1.057
v 169.268 738.5 0.732
v 167.5 741 2.5
v 167.5 740.268 0.732
v 170 738.5 2.5
v 169.268 740.268 2.5
v 167.5 738.5 24
v 168.943 739.943 22.943
v 167.5 740.268 23.268
v 170 738.5 21.5
v 169.268 738.5 23.268
v 167.5 741 21.5
v 169.268 740.268 21.5
v -106.596 709.961 1.404
v -97.404 710.006 1.404
v -102 709.977 -0.5
v -108.5 709.968 6
v -95.5 710.032 6
v -106.596 709.994 10.596
v -97.404 710.039 10.596
v -102 710.023 12.5
v -97.404 -710.006 1.404
v -106.596 -709.961 1.404
v -102 -709.977 -0.5
v -95.5 -710.032 6
v -108.5 -709.968 6
v -97.404 -710.039 10.596
v -106.596 -709.994 10.596
v -102 -710.023 12.5
v -107.957 -611.238 6.388
v -106.053 -611.269 10.984
v -101.457 -611.305 12.888
v -94.957 -611.316 6.388
v -96.861 -611.285 1.791
v -101.457 -611.249 -0.112
v -106.053 -611.23 1.792
v -107.377 -521.06 6.802
v -105.473 -521.094 11.399
v -96.861 -611.324 10.984
v -100.877 -521.134 13.302
v -94.377 -521.146 6.802
v -96.28 -521.112 2.206
v -100.876 -521.072 0.302
v -105.473 -521.05 2.206
v -106.792 -436.583 7.22
v -104.888 -436.619 11.816
v -96.281 -521.156 11.398
v -100.292 -436.66 13.72
v -93.792 -436.672 7.22
v -95.696 -436.637 2.624
v -100.292 -436.596 0.72
v -104.888 -436.574 2.624
v -106.237 -354.96 7.616
v -104.334 -354.993 12.212
v -95.696 -436.682 11.816
v -99.738 -355.032 14.116
v -93.238 -355.044 7.616
v -95.141 -355.01 3.02
v -99.737 -354.972 1.116
v -104.334 -354.951 3.02
v -105.747 -273.341 7.966
v -103.843 -273.369 12.563
v -95.142 -355.052 12.212
v -99.247 -273.401 14.466
v -92.747 -273.41 7.966
v -94.651 -273.383 3.37
v -99.247 -273.351 1.466
v -103.843 -273.334 3.37
v -105.355 -188.875 8.247
v -103.451 -188.895 12.843
v -94.651 -273.418 12.562
v -98.855 -188.917 14.747
v -92.355 -188.924 8.247
v -94.258 -188.905 3.65
v -98.855 -188.882 1.747
v -103.451 -188.87 3.65
v -105.094 -98.712 8.433
v -103.191 -98.722 13.029
v -94.259 -188.93 12.843
v -98.594 -98.733 14.933
v -92.094 -98.737 8.433
v -93.998 -98.727 3.836
v -98.594 -98.716 1.933
v -103.19 -98.709 3.836
v -103.096 0 13.096
v -98.5 0 15
v -93.904 0 13.096
v -93.998 -98.74 13.029
v -92 0 8.5
v -93.904 0 3.904
v -98.5 -0 2
v -105 -0 8.5
v -105.094 98.712 8.433
v -103.191 98.722 13.029
v -98.594 98.733 14.933
v -92.094 98.737 8.433
v -93.998 98.727 3.836
v -98.594 98.716 1.933
v -103.19 98.709 3.836
v -103.096 -0 3.904
v -103.451 188.895 12.843
v -98.855 188.917 14.747
v -94.259 188.93 12.843
v -93.998 98.74 13.029
v -92.355 188.924 8.247
v -94.258 188.905 3.65
v -98.855 188.882 1.747
v -105.355 188.875 8.247
v -103.843 273.369 12.563
v -99.247 273.401 14.466
v -94.651 273.418 12.562
v -92.747 273.41 7.966
v -94.651 273.383 3.37
v -103.451 188.87 3.65
v -99.247 273.351 1.466
v -105.747 273.341 7.966
v -104.334 354.993 12.212
v -99.738 355.032 14.116
v -95.142 355.052 12.212
v -93.238 355.043 7.616
v -95.141 355.01 3.02
v -103.843 273.334 3.37
v -99.737 354.972 1.116
v -106.237 354.96 7.616
v -104.888 436.619 11.816
v -100.292 436.66 13.72
v -95.696 436.682 11.816
v -93.792 436.672 7.22
v -95.696 436.637 2.624
v -104.334 354.951 3.02
v -100.292 436.596 0.72
v -106.792 436.583 7.22
v -105.473 521.094 11.399
v -100.877 521.134 13.302
v -96.281 521.156 11.398
v -94.377 521.146 6.802
v -96.28 521.112 2.206
v -104.888 436.574 2.624
v -100.877 521.072 0.302
v -107.377 521.059 6.802
v -106.054 611.269 10.984
v -101.457 611.305 12.888
v -96.861 611.324 10.984
v -94.957 611.316 6.388
v -96.861 611.285 1.791
v -105.473 521.05 2.206
v -101.457 611.249 -0.112
v -107.957 611.238 6.388
v -106.053 611.23 1.792
v -38.596 709.961 1.404
v -29.404 710.006 1.404
v -34 709.977 -0.5
v -40.5 709.968 6
v -27.5 710.032 6
v -38.596 709.994 10.596
v -29.404 710.039 10.596
v -34 710.023 12.5
v -29.404 -710.006 1.404
v -38.596 -709.961 1.404
v -34 -709.977 -0.5
v -27.5 -710.032 6
v -40.5 -709.968 6
v -29.404 -710.039 10.596
v -38.596 -709.994 10.596
v -34 -710.023 12.5
v -39.957 -611.238 6.388
v -38.054 -611.269 10.984
v -33.457 -611.305 12.888
v -26.957 -611.316 6.388
v -28.861 -611.285 1.791
v -33.457 -611.249 -0.112
v -38.053 -611.23 1.792
v -39.377 -521.06 6.802
v -37.473 -521.094 11.399
v -28.861 -611.324 10.984
v -32.877 -521.134 13.302
v -26.377 -521.146 6.802
v -28.28 -521.112 2.206
v -32.876 -521.072 0.302
v -37.473 -521.05 2.206
v -38.792 -436.583 7.22
v -36.888 -436.619 11.816
v -28.281 -521.156 11.398
v -32.292 -436.66 13.72
v -25.792 -436.672 7.22
v -27.696 -436.637 2.624
v -32.292 -436.596 0.72
v -36.888 -436.574 2.624
v -38.237 -354.96 7.616
v -36.334 -354.993 12.212
v -27.696 -436.682 11.816
v -31.738 -355.032 14.116
v -25.238 -355.044 7.616
v -27.141 -355.01 3.02
v -31.737 -354.972 1.116
v -36.334 -354.951 3.02
v -37.747 -273.341 7.966
v -35.843 -273.369 12.563
v -27.142 -355.052 12.212
v -31.247 -273.401 14.466
v -24.747 -273.41 7.966
v -26.651 -273.383 3.37
v -31.247 -273.351 1.466
v -35.843 -273.334 3.37
v -37.355 -188.875 8.247
v -35.451 -188.895 12.843
v -26.651 -273.418 12.562
v -30.855 -188.917 14.747
v -24.355 -188.924 8.247
v -26.258 -188.905 3.65
v -30.855 -188.882 1.747
v -35.451 -188.87 3.65
v -37.094 -98.712 8.433
v -35.191 -98.722 13.029
v -26.259 -188.93 12.843
v -30.594 -98.733 14.933
v -24.094 -98.737 8.433
v -25.998 -98.727 3.836
v -30.594 -98.716 1.933
v -35.19 -98.709 3.836
v -35.096 0 13.096
v -30.5 0 15
v -25.904 0 13.096
v -25.998 -98.74 13.029
v -24 -0 8.5
v -25.904 -0 3.904
v -30.5 -0 2
v -37 0 8.5
v -37.094 98.712 8.433
v -35.191 98.722 13.029
v -30.594 98.733 14.933
v -24.094 98.737 8.433
v -25.998 98.727 3.836
v -30.594 98.716 1.933
v -35.19 98.709 3.836
v -35.096 -0 3.904
v -35.451 188.895 12.843
v -30.855 188.917 14.747
v -26.259 188.93 12.843
v -25.998 98.74 13.029
v -24.355 188.924 8.247
v -26.258 188.905 3.65
v -30.855 188.882 1.747
v -37.355 188.875 8.247
v -35.843 273.369 12.563
v -31.247 273.401 14.466
v -26.651 273.418 12.562
v -24.747 273.41 7.966
v -26.651 273.383 3.37
v -35.451 188.87 3.65
v -31.247 273.351 1.466
v -37.747 273.341 7.966
v -36.334 354.993 12.212
v -31.738 355.032 14.116
v -27.142 355.052 12.212
v -25.238 355.043 7.616
v -27.141 355.01 3.02
v -35.843 273.334 3.37
v -31.737 354.972 1.116
v -38.237 354.96 7.616
v -36.888 436.619 11.816
v -32.292 436.66 13.72
v -27.696 436.682 11.816
v -25.792 436.672 7.22
v -27.696 436.637 2.624
v -36.334 354.951 3.02
v -32.292 436.596 0.72
v -38.792 436.583 7.22
v -37.473 521.094 11.399
v -32.877 521.134 13.302
v -28.281 521.156 11.398
v -26.377 521.146 6.802
v -28.28 521.112 2.206
v -36.888 436.574 2.624
v -32.876 521.072 0.302
v -39.377 521.059 6.802
v -38.054 611.269 10.984
v -33.457 611.305 12.888
v -28.861 611.324 10.984
v -26.957 611.316 6.388
v -28.861 611.285 1.791
v -37.473 521.05 2.206
v -33.457 611.249 -0.112
v -39.957 611.238 6.388
v -38.053 611.23 1.792
v 29.404 709.961 1.404
v 38.596 710.006 1.404
v 34 709.977 -0.5
v 27.5 709.968 6
v 40.5 710.032 6
v 29.404 709.994 10.596
v 38.596 710.039 10.596
v 34 710.023 12.5
v 38.596 -710.006 1.404
v 29.404 -709.961 1.404
v 34 -709.977 -0.5
v 40.5 -710.032 6
v 27.5 -709.968 6
v 38.596 -710.039 10.596
v 29.404 -709.994 10.596
v 34 -710.023 12.5
v 28.043 -611.238 6.388
v 29.946 -611.269 10.984
v 34.543 -611.305 12.888
v 41.043 -611.316 6.388
v 39.139 -611.285 1.791
v 34.543 -611.249 -0.112
v 29.947 -611.23 1.792
v 28.623 -521.06 6.802
v 30.527 -521.094 11.399
v 39.139 -611.324 10.984
v 35.123 -521.134 13.302
v 41.623 -521.146 6.802
v 39.72 -521.112 2.206
v 35.124 -521.072 0.302
v 30.527 -521.05 2.206
v 29.208 -436.583 7.22
v 31.112 -436.619 11.816
v 39.719 -521.156 11.398
v 35.708 -436.66 13.72
v 42.208 -436.672 7.22
v 40.304 -436.637 2.624
v 35.708 -436.596 0.72
v 31.112 -436.574 2.624
v 29.763 -354.96 7.616
v 31.666 -354.993 12.212
v 40.304 -436.682 11.816
v 36.262 -355.032 14.116
v 42.762 -355.044 7.616
v 40.859 -355.01 3.02
v 36.263 -354.972 1.116
v 31.666 -354.951 3.02
v 30.253 -273.341 7.966
v 32.157 -273.369 12.563
v 40.858 -355.052 12.212
v 36.753 -273.401 14.466
v 43.253 -273.41 7.966
v 41.349 -273.383 3.37
v 36.753 -273.351 1.466
v 32.157 -273.334 3.37
v 30.645 -188.875 8.247
v 32.549 -188.895 12.843
v 41.349 -273.418 12.562
v 37.145 -188.917 14.747
v 43.645 -188.924 8.247
v 41.742 -188.905 3.65
v 37.145 -188.882 1.747
v 32.549 -188.87 3.65
v 30.906 -98.712 8.433
v 32.809 -98.722 13.029
v 41.741 -188.93 12.843
v 37.406 -98.733 14.933
v 43.906 -98.737 8.433
v 42.002 -98.727 3.836
v 37.406 -98.716 1.933
v 32.81 -98.709 3.836
v 32.904 0 13.096
v 37.5 0 15
v 42.096 0 13.096
v 42.002 -98.74 13.029
v 44 -0 8.5
v 42.096 -0 3.904
v 37.5 -0 2
v 31 0 8.5
v 30.906 98.712 8.433
v 32.809 98.722 13.029
v 37.406 98.733 14.933
v 43.906 98.737 8.433
v 42.002 98.727 3.836
v 37.406 98.716 1.933
v 32.81 98.709 3.836
v 32.904 -0 3.904
v 32.549 188.895 12.843
v 37.145 188.917 14.747
v 41.741 188.93 12.843
v 42.002 98.74 13.029
v 43.645 188.924 8.247
v 41.742 188.905 3.65
v 37.145 188.882 1.747
v 30.645 188.875 8.247
v 32.157 273.369 12.563
v 36.753 273.401 14.466
v 41.349 273.418 12.562
v 43.253 273.41 7.966
v 41.349 273.383 3.37
v 32.549 188.87 3.65
v 36.753 273.351 1.466
v 30.253 273.341 7.966
v 31.666 354.993 12.212
v 36.262 355.032 14.116
v 40.858 355.052 12.212
v 42.762 355.043 7.616
v 40.859 355.01 3.02
v 32.157 273.334 3.37
v 36.263 354.972 1.116
v 29.763 354.96 7.616
v 31.112 436.619 11.816
v 35.708 436.66 13.72
v 40.304 436.682 11.816
v 42.208 436.672 7.22
v 40.304 436.637 2.624
v 31.666 354.951 3.02
v 35.708 436.596 0.72
v 29.208 436.583 7.22
v 30.527 521.094 11.399
v 35.123 521.134 13.302
v 39.719 521.156 11.398
v 41.623 521.146 6.802
v 39.72 521.112 2.206
v 31.112 436.574 2.624
v 35.124 521.072 0.302
v 28.623 521.059 6.802
v 29.946 611.269 10.984
v 34.543 611.305 12.888
v 39.139 611.324 10.984
v 41.043 611.316 6.388
v 39.139 611.285 1.791
v 30.527 521.05 2.206
v 34.543 611.249 -0.112
v 28.043 611.238 6.388
v 29.947 611.23 1.792
v 97.404 709.961 1.404
v 106.596 710.006 1.404
v 102 709.977 -0.5
v 95.5 709.968 6
v 108.5 710.032 6
v 97.404 709.994 10.596
v 106.596 710.039 10.596
v 102 710.023 12.5
v 106.596 -710.006 1.404
v 97.404 -709.961 1.404
v 102 -709.977 -0.5
v 108.5 -710.032 6
v 95.5 -709.968 6
v 106.596 -710.039 10.596
v 97.404 -709.994 10.596
v 102 -710.023 12.5
v 96.043 -611.238 6.388
v 97.947 -611.269 10.984
v 102.543 -611.305 12.888
v 109.043 -611.316 6.388
v 107.139 -611.285 1.791
v 102.543 -611.249 -0.112
v 97.947 -611.23 1.792
v 96.623 -521.06 6.802
v 98.527 -521.094 11.399
v 107.139 -611.324 10.984
v 103.123 -521.134 13.302
v 109.623 -521.146 6.802
v 107.72 -521.112 2.206
v 103.123 -521.072 0.302
v 98.527 -521.05 2.206
v 97.208 -436.583 7.22
v 99.112 -436.619 11.816
v 107.719 -521.156 11.398
v 103.708 -436.66 13.72
v 110.208 -436.672 7.22
v 108.304 -436.637 2.624
v 103.708 -436.596 0.72
v 99.112 -436.574 2.624
v 97.763 -354.96 7.616
v 99.666 -354.993 12.212
v 108.304 -436.682 11.816
v 104.262 -355.032 14.116
v 110.762 -355.044 7.616
v 108.859 -355.01 3.02
v 104.263 -354.972 1.116
v 99.666 -354.951 3.02
v 98.253 -273.341 7.966
v 100.157 -273.369 12.563
v 108.858 -355.052 12.212
v 104.753 -273.401 14.466
v 111.253 -273.41 7.966
v 109.349 -273.383 3.37
v 104.753 -273.351 1.466
v 100.157 -273.334 3.37
v 98.645 -188.875 8.247
v 100.549 -188.895 12.843
v 109.349 -273.418 12.562
v 105.145 -188.917 14.747
v 111.645 -188.924 8.247
v 109.742 -188.905 3.65
v 105.145 -188.882 1.747
v 100.549 -188.87 3.65
v 98.906 -98.712 8.433
v 100.809 -98.722 13.029
v 109.741 -188.93 12.843
v 105.406 -98.733 14.933
v 111.906 -98.737 8.433
v 110.002 -98.727 3.836
v 105.406 -98.716 1.933
v 100.81 -98.709 3.836
v 100.904 0 13.096
v 105.5 0 15
v 110.096 0 13.096
v 110.002 -98.74 13.029
v 112 0 8.5
v 110.096 -0 3.904
v 105.5 -0 2
v 99 -0 8.5
v 98.906 98.712 8.433
v 100.809 98.722 13.029
v 105.406 98.733 14.933
v 111.906 98.737 8.433
v 110.002 98.727 3.836
v 105.406 98.716 1.933
v 100.81 98.709 3.836
v 100.904 -0 3.904
v 100.549 188.895 12.843
v 105.145 188.917 14.747
v 109.741 188.93 12.843
v 110.002 98.74 13.029
v 111.645 188.924 8.247
v 109.742 188.905 3.65
v 105.145 188.882 1.747
v 98.645 188.875 8.247
v 100.157 273.369 12.563
v 104.753 273.401 14.466
v 109.349 273.418 12.562
v 111.253 273.41 7.966
v 109.349 273.383 3.37
v 100.549 188.87 3.65
v 104.753 273.351 1.466
v 98.253 273.341 7.966
v 99.666 354.993 12.212
v 104.262 355.032 14.116
v 108.858 355.052 12.212
v 110.762 355.043 7.616
v 108.859 355.01 3.02
v 100.157 273.334 3.37
v 104.263 354.972 1.116
v 97.763 354.96 7.616
v 99.112 436.619 11.816
v 103.708 436.66 13.72
v 108.304 436.682 11.816
v 110.208 436.672 7.22
v 108.304 436.637 2.624
v 99.666 354.951 3.02
v 103.708 436.596 0.72
v 97.208 436.583 7.22
v 98.527 521.094 11.399
v 103.123 521.134 13.302
v 107.719 521.156 11.398
v 109.623 521.146 6.802
v 107.72 521.112 2.206
v 99.112 436.574 2.624
v 103.123 521.072 0.302
v 96.623 521.059 6.802
v 97.947 611.269 10.984
v 102.543 611.305 12.888
v 107.139 611.324 10.984
v 109.043 611.316 6.388
v 107.139 611.285 1.791
v 98.527 521.05 2.206
v 102.543 611.249 -0.112
v 96.043 611.238 6.388
v 97.947 611.23 1.792
v 110.926 256.617 8.75
v 110.465 256.155 9.088
v 110.361 256.617 8.984
v 110.926 255.817 9.55
v 110.926 256.051 8.984
v 110.126 256.617 9.55
v 110.361 256.051 9.55
v 110.926 255.817 10.45
v 110.465 256.155 10.912
v 110.361 256.051 10.45
v 110.926 256.617 11.25
v 110.926 256.051 11.016
v 110.126 256.617 10.45
v 110.361 256.617 11.016
v 110.926 258.517 8.75
v 110.465 258.979 9.088
v 110.926 259.083 8.984
v 110.126 258.517 9.55
v 110.361 258.517 8.984
v 110.926 259.317 9.55
v 110.361 259.083 9.55
v 110.926 258.517 11.25
v 110.465 258.979 10.912
v 110.361 258.517 11.016
v 110.926 259.317 10.45
v 110.926 259.083 11.016
v 110.126 258.517 10.45
v 110.361 259.083 10.45
v 116.326 256.617 8.75
v 116.788 256.155 9.088
v 116.326 256.051 8.984
v 117.126 256.617 9.55
v 116.892 256.617 8.984
v 116.326 255.817 9.55
v 116.892 256.051 9.55
v 116.326 256.617 11.25
v 116.788 256.155 10.912
v 116.892 256.617 11.016
v 116.326 255.817 10.45
v 116.326 256.051 11.016
v 117.126 256.617 10.45
v 116.892 256.051 10.45
v 116.326 258.517 8.75
v 116.788 258.979 9.088
v 116.892 258.517 8.984
v 116.326 259.317 9.55
v 116.326 259.083 8.984
v 117.126 258.517 9.55
v 116.892 259.083 9.55
v 116.326 258.517 11.25
v 116.788 258.979 10.912
v 116.326 259.083 11.016
v 117.126 258.517 10.45
v 116.892 258.517 11.016
v 116.326 259.317 10.45
v 116.892 259.083 10.45
v -132.307 206.944 8.75
v -132.769 206.482 9.088
v -132.873 206.944 8.984
v -132.307 206.144 9.55
v -132.307 206.378 8.984
v -133.107 206.944 9.55
v -132.873 206.378 9.55
v -132.307 206.144 10.45
v -132.769 206.482 10.912
v -132.873 206.378 10.45
v -132.307 206.944 11.25
v -132.307 206.378 11.016
v -133.107 206.944 10.45
v -132.873 206.944 11.016
v -132.307 208.844 8.75
v -132.769 209.306 9.088
v -132.307 209.41 8.984
v -133.107 208.844 9.55
v -132.873 208.844 8.984
v -132.307 209.644 9.55
v -132.873 209.41 9.55
v -132.307 208.844 11.25
v -132.769 209.306 10.912
v -132.873 208.844 11.016
v -132.307 209.644 10.45
v -132.307 209.41 11.016
v -133.107 208.844 10.45
v -132.873 209.41 10.45
v -126.907 206.944 8.75
v -126.445 206.482 9.088
v -126.907 206.378 8.984
v -126.107 206.944 9.55
v -126.341 206.944 8.984
v -126.907 206.144 9.55
v -126.341 206.378 9.55
v -126.907 206.944 11.25
v -126.445 206.482 10.912
v -126.341 206.944 11.016
v -126.907 206.144 10.45
v -126.907 206.378 11.016
v -126.107 206.944 10.45
v -126.341 206.378 10.45
v -126.907 208.844 8.75
v -126.445 209.306 9.088
v -126.341 208.844 8.984
v -126.907 209.644 9.55
v -126.907 209.41 8.984
v -126.107 208.844 9.55
v -126.341 209.41 9.55
v -126.907 208.844 11.25
v -126.445 209.306 10.912
v -126.907 209.41 11.016
v -126.107 208.844 10.45
v -126.341 208.844 11.016
v -126.907 209.644 10.45
v -126.341 209.41 10.45
v 37.46 -688.672 8.75
v 36.998 -689.134 9.088
v 36.895 -688.672 8.984
v 37.46 -689.472 9.55
v 37.46 -689.238 8.984
v 36.66 -688.672 9.55
v 36.895 -689.238 9.55
v 37.46 -689.472 10.45
v 36.998 -689.134 10.912
v 36.895 -689.238 10.45
v 37.46 -688.672 11.25
v 37.46 -689.238 11.016
v 36.66 -688.672 10.45
v 36.895 -688.672 11.016
v 37.46 -686.772 8.75
v 36.998 -686.311 9.088
v 37.46 -686.207 8.984
v 36.66 -686.772 9.55
v 36.895 -686.772 8.984
v 37.46 -685.972 9.55
v 36.895 -686.207 9.55
v 37.46 -686.772 11.25
v 36.998 -686.311 10.912
v 36.895 -686.772 11.016
v 37.46 -685.972 10.45
v 37.46 -686.207 11.016
v 36.66 -686.772 10.45
v 36.895 -686.207 10.45
v 42.86 -688.672 8.75
v 43.322 -689.134 9.088
v 42.86 -689.238 8.984
v 43.66 -688.672 9.55
v 43.426 -688.672 8.984
v 42.86 -689.472 9.55
v 43.426 -689.238 9.55
v 42.86 -688.672 11.25
v 43.322 -689.134 10.912
v 43.426 -688.672 11.016
v 42.86 -689.472 10.45
v 42.86 -689.238 11.016
v 43.66 -688.672 10.45
v 43.426 -689.238 10.45
v 42.86 -686.772 8.75
v 43.322 -686.311 9.088
v 43.426 -686.772 8.984
v 42.86 -685.972 9.55
v 42.86 -686.207 8.984
v 43.66 -686.772 9.55
v 43.426 -686.207 9.55
v 42.86 -686.772 11.25
v 43.322 -686.311 10.912
v 42.86 -686.207 11.016
v 43.66 -686.772 10.45
v 43.426 -686.772 11.016
v 42.86 -685.972 10.45
v 43.426 -686.207 10.45
v -37.29 212.618 8.75
v -37.752 212.156 9.088
v -37.856 212.618 8.984
v -37.29 211.818 9.55
v -37.29 212.053 8.984
v -38.09 212.618 9.55
v -37.856 212.053 9.55
v -37.29 211.818 10.45
v -37.752 212.156 10.912
v -37.856 212.053 10.45
v -37.29 212.618 11.25
v -37.29 212.053 11.016
v -38.09 212.618 10.45
v -37.856 212.618 11.016
v -37.29 214.518 8.75
v -37.752 214.98 9.088
v -37.29 215.084 8.984
v -38.09 214.518 9.55
v -37.856 214.518 8.984
v -37.29 215.318 9.55
v -37.856 215.084 9.55
v -37.29 214.518 11.25
v -37.752 214.98 10.912
v -37.856 214.518 11.016
v -37.29 215.318 10.45
v -37.29 215.084 11.016
v -38.09 214.518 10.45
v -37.856 215.084 10.45
v -31.89 212.618 8.75
v -31.428 212.156 9.088
v -31.89 212.053 8.984
v -31.09 212.618 9.55
v -31.325 212.618 8.984
v -31.89 211.818 9.55
v -31.325 212.053 9.55
v -31.89 212.618 11.25
v -31.428 212.156 10.912
v -31.325 212.618 11.016
v -31.89 211.818 10.45
v -31.89 212.053 11.016
v -31.09 212.618 10.45
v -31.325 212.053 10.45
v -31.89 214.518 8.75
v -31.428 214.98 9.088
v -31.325 214.518 8.984
v -31.89 215.318 9.55
v -31.89 215.084 8.984
v -31.09 214.518 9.55
v -31.325 215.084 9.55
v -31.89 214.518 11.25
v -31.428 214.98 10.912
v -31.89 215.084 11.016
v -31.09 214.518 10.45
v -31.325 214.518 11.016
v -31.89 215.318 10.45
v -31.325 215.084 10.45
v 132.342 599.585 8.75
v 131.881 599.123 9.088
v 131.777 599.585 8.984
v 132.342 598.785 9.55
v 132.342 599.019 8.984
v 131.542 599.585 9.55
v 131.777 599.019 9.55
v 132.342 598.785 10.45
v 131.881 599.123 10.912
v 131.777 599.019 10.45
v 132.342 599.585 11.25
v 132.342 599.019 11.016
v 131.542 599.585 10.45
v 131.777 599.585 11.016
v 132.342 601.485 8.75
v 131.881 601.947 9.088
v 132.342 602.051 8.984
v 131.542 601.485 9.55
v 131.777 601.485 8.984
v 132.342 602.285 9.55
v 131.777 602.051 9.55
v 132.342 601.485 11.25
v 131.881 601.947 10.912
v 131.777 601.485 11.016
v 132.342 602.285 10.45
v 132.342 602.051 11.016
v 131.542 601.485 10.45
v 131.777 602.051 10.45
v 137.742 599.585 8.75
v 138.204 599.123 9.088
v 137.742 599.019 8.984
v 138.542 599.585 9.55
v 138.308 599.585 8.984
v 137.742 598.785 9.55
v 138.308 599.019 9.55
v 137.742 599.585 11.25
v 138.204 599.123 10.912
v 138.308 599.585 11.016
v 137.742 598.785 10.45
v 137.742 599.019 11.016
v 138.542 599.585 10.45
v 138.308 599.019 10.45
v 137.742 601.485 8.75
v 138.204 601.947 9.088
v 138.308 601.485 8.984
v 137.742 602.285 9.55
v 137.742 602.051 8.984
v 138.542 601.485 9.55
v 138.308 602.051 9.55
v 137.742 601.485 11.25
v 138.204 601.947 10.912
v 137.742 602.051 11.016
v 138.542 601.485 10.45
v 138.308 601.485 11.016
v 137.742 602.285 10.45
v 138.308 602.051 10.45
v 18.159 123.442 8.75
v 17.698 122.98 9.088
v 17.594 123.442 8.984
v 18.159 122.642 9.55
v 18.159 122.876 8.984
v 17.359 123.442 9.55
v 17.594 122.876 9.55
v 18.159 122.642 10.45
v 17.698 122.98 10.912
v 17.594 122.876 10.45
v 18.159 123.442 11.25
v 18.159 122.876 11.016
v 17.359 123.442 10.45
v 17.594 123.442 11.016
v 18.159 125.342 8.75
v 17.698 125.804 9.088
v 18.159 125.907 8.984
v 17.359 125.342 9.55
v 17.594 125.342 8.984
v 18.159 126.142 9.55
v 17.594 125.907 9.55
v 18.159 125.342 11.25
v 17.698 125.804 10.912
v 17.594 125.342 11.016
v 18.159 126.142 10.45
v 18.159 125.907 11.016
v 17.359 125.342 10.45
v 17.594 125.907 10.45
v 23.559 123.442 8.75
v 24.021 122.98 9.088
v 23.559 122.876 8.984
v 24.359 123.442 9.55
v 24.125 123.442 8.984
v 23.559 122.642 9.55
v 24.125 122.876 9.55
v 23.559 123.442 11.25
v 24.021 122.98 10.912
v 24.125 123.442 11.016
v 23.559 122.642 10.45
v 23.559 122.876 11.016
v 24.359 123.442 10.45
v 24.125 122.876 10.45
v 23.559 125.342 8.75
v 24.021 125.804 9.088
v 24.125 125.342 8.984
v 23.559 126.142 9.55
v 23.559 125.907 8.984
v 24.359 125.342 9.55
v 24.125 125.907 9.55
v 23.559 125.342 11.25
v 24.021 125.804 10.912
v 23.559 125.907 11.016
v 24.359 125.342 10.45
v 24.125 125.342 11.016
v 23.559 126.142 10.45
v 24.125 125.907 10.45
v 134.841 -406.073 8.75
v 134.379 -406.535 9.088
v 134.275 -406.073 8.984
v 134.841 -406.873 9.55
v 134.841 -406.638 8.984
v 134.041 -406.073 9.55
v 134.275 -406.638 9.55
v 134.841 -406.873 10.45
v 134.379 -406.535 10.912
v 134.275 -406.638 10.45
v 134.841 -406.073 11.25
v 134.841 -406.638 11.016
v 134.041 -406.073 10.45
v 134.275 -406.073 11.016
v 134.841 -404.173 8.75
v 134.379 -403.711 9.088
v 134.841 -403.607 8.984
v 134.041 -404.173 9.55
v 134.275 -404.173 8.984
v 134.841 -403.373 9.55
v 134.275 -403.607 9.55
v 134.841 -404.173 11.25
v 134.379 -403.711 10.912
v 134.275 -404.173 11.016
v 134.841 -403.373 10.45
v 134.841 -403.607 11.016
v 134.041 -404.173 10.45
v 134.275 -403.607 10.45
v 140.241 -406.073 8.75
v 140.703 -406.535 9.088
v 140.241 -406.638 8.984
v 141.041 -406.073 9.55
v 140.806 -406.073 8.984
v 140.241 -406.873 9.55
v 140.806 -406.638 9.55
v 140.241 -406.073 11.25
v 140.703 -406.535 10.912
v 140.806 -406.073 11.016
v 140.241 -406.873 10.45
v 140.241 -406.638 11.016
v 141.041 -406.073 10.45
v 140.806 -406.638 10.45
v 140.241 -404.173 8.75
v 140.703 -403.711 9.088
v 140.806 -404.173 8.984
v 140.241 -403.373 9.55
v 140.241 -403.607 8.984
v 141.041 -404.173 9.55
v 140.806 -403.607 9.55
v 140.241 -404.173 11.25
v 140.703 -403.711 10.912
v 140.241 -403.607 11.016
v 141.041 -404.173 10.45
v 140.806 -404.173 11.016
v 140.241 -403.373 10.45
v 140.806 -403.607 10.45
v 0.043 -614.789 8.75
v -0.419 -615.251 9.088
v -0.523 -614.789 8.984
v 0.043 -615.589 9.55
v 0.043 -615.354 8.984
v -0.757 -614.789 9.55
v -0.523 -615.354 9.55
v 0.043 -615.589 10.45
v -0.419 -615.251 10.912
v -0.523 -615.354 10.45
v 0.043 -614.789 11.25
v 0.043 -615.354 11.016
v -0.757 -614.789 10.45
v -0.523 -614.789 11.016
v 0.043 -612.889 8.75
v -0.419 -612.427 9.088
v 0.043 -612.323 8.984
v -0.757 -612.889 9.55
v -0.523 -612.889 8.984
v 0.043 -612.089 9.55
v -0.523 -612.323 9.55
v 0.043 -612.889 11.25
v -0.419 -612.427 10.912
v -0.523 -612.889 11.016
v 0.043 -612.089 10.45
v 0.043 -612.323 11.016
v -0.757 -612.889 10.45
v -0.523 -612.323 10.45
v 5.443 -614.789 8.75
v 5.905 -615.251 9.088
v 5.443 -615.354 8.984
v 6.243 -614.789 9.55
v 6.009 -614.789 8.984
v 5.443 -615.589 9.55
v 6.009 -615.354 9.55
v 5.443 -614.789 11.25
v 5.905 -615.251 10.912
v 6.009 -614.789 11.016
v 5.443 -615.589 10.45
v 5.443 -615.354 11.016
v 6.243 -614.789 10.45
v 6.009 -615.354 10.45
v 5.443 -612.889 8.75
v 5.905 -612.427 9.088
v 6.009 -612.889 8.984
v 5.443 -612.089 9.55
v 5.443 -612.323 8.984
v 6.243 -612.889 9.55
v 6.009 -612.323 9.55
v 5.443 -612.889 11.25
v 5.905 -612.427 10.912
v 5.443 -612.323 11.016
v 6.243 -612.889 10.45
v 6.009 -612.889 11.016
v 5.443 -612.089 10.45
v 6.009 -612.323 10.45
v 79.679 214.154 8.75
v 79.217 213.692 9.088
v 79.113 214.154 8.984
v 79.679 213.354 9.55
v 79.679 213.588 8.984
v 78.879 214.154 9.55
v 79.113 213.588 9.55
v 79.679 213.354 10.45
v 79.217 213.692 10.912
v 79.113 213.588 10.45
v 79.679 214.154 11.25
v 79.679 213.588 11.016
v 78.879 214.154 10.45
v 79.113 214.154 11.016
v 79.679 216.054 8.75
v 79.217 216.516 9.088
v 79.679 216.619 8.984
v 78.879 216.054 9.55
v 79.113 216.054 8.984
v 79.679 216.854 9.55
v 79.113 216.619 9.55
v 79.679 216.054 11.25
v 79.217 216.516 10.912
v 79.113 216.054 11.016
v 79.679 216.854 10.45
v 79.679 216.619 11.016
v 78.879 216.054 10.45
v 79.113 216.619 10.45
v 85.079 214.154 8.75
v 85.541 213.692 9.088
v 85.079 213.588 8.984
v 85.879 214.154 9.55
v 85.645 214.154 8.984
v 85.079 213.354 9.55
v 85.645 213.588 9.55
v 85.079 214.154 11.25
v 85.541 213.692 10.912
v 85.645 214.154 11.016
v 85.079 213.354 10.45
v 85.079 213.588 11.016
v 85.879 214.154 10.45
v 85.645 213.588 10.45
v 85.079 216.054 8.75
v 85.541 216.516 9.088
v 85.645 216.054 8.984
v 85.079 216.854 9.55
v 85.079 216.619 8.984
v 85.879 216.054 9.55
v 85.645 216.619 9.55
v 85.079 216.054 11.25
v 85.541 216.516 10.912
v 85.079 216.619 11.016
v 85.879 216.054 10.45
v 85.645 216.054 11.016
v 85.079 216.854 10.45
v 85.645 216.619 10.45
v -89.525 -425.034 8.75
v -89.987 -425.496 9.088
v -90.091 -425.034 8.984
v -89.525 -425.834 9.55
v -89.525 -425.6 8.984
v -90.325 -425.034 9.55
v -90.091 -425.6 9.55
v -89.525 -425.834 10.45
v -89.987 -425.496 10.912
v -90.091 -425.6 10.45
v -89.525 -425.034 11.25
v -89.525 -425.6 11.016
v -90.325 -425.034 10.45
v -90.091 -425.034 11.016
v -89.525 -423.134 8.75
v -89.987 -422.672 9.088
v -89.525 -422.568 8.984
v -90.325 -423.134 9.55
v -90.091 -423.134 8.984
v -89.525 -422.334 9.55
v -90.091 -422.568 9.55
v -89.525 -423.134 11.25
v -89.987 -422.672 10.912
v -90.091 -423.134 11.016
v -89.525 -422.334 10.45
v -89.525 -422.568 11.016
v -90.325 -423.134 10.45
v -90.091 -422.568 10.45
v -84.125 -425.034 8.75
v -83.663 -425.496 9.088
v -84.125 -425.6 8.984
v -83.325 -425.034 9.55
v -83.559 -425.034 8.984
v -84.125 -425.834 9.55
v -83.559 -425.6 9.55
v -84.125 -425.034 11.25
v -83.663 -425.496 10.912
v -83.559 -425.034 11.016
v -84.125 -425.834 10.45
v -84.125 -425.6 11.016
v -83.325 -425.034 10.45
v -83.559 -425.6 10.45
v -84.125 -423.134 8.75
v -83.663 -422.672 9.088
v -83.559 -423.134 8.984
v -84.125 -422.334 9.55
v -84.125 -422.568 8.984
v -83.325 -423.134 9.55
v -83.559 -422.568 9.55
v -84.125 -423.134 11.25
v -83.663 -422.672 10.912
v -84.125 -422.568 11.016
v -83.325 -423.134 10.45
v -83.559 -423.134 11.016
v -84.125 -422.334 10.45
v -83.559 -422.568 10.45
v 4.417 351.433 8.75
v 3.955 350.971 9.088
v 3.851 351.433 8.984
v 4.417 350.633 9.55
v 4.417 350.867 8.984
v 3.617 351.433 9.55
v 3.851 350.867 9.55
v 4.417 350.633 10.45
v 3.955 350.971 10.912
v 3.851 350.867 10.45
v 4.417 351.433 11.25
v 4.417 350.867 11.016
v 3.617 351.433 10.45
v 3.851 351.433 11.016
v 4.417 353.333 8.75
v 3.955 353.795 9.088
v 4.417 353.898 8.984
v 3.617 353.333 9.55
v 3.851 353.333 8.984
v 4.417 354.133 9.55
v 3.851 353.898 9.55
v 4.417 353.333 11.25
v 3.955 353.795 10.912
v 3.851 353.333 11.016
v 4.417 354.133 10.45
v 4.417 353.898 11.016
v 3.617 353.333 10.45
v 3.851 353.898 10.45
v 9.817 351.433 8.75
v 10.279 350.971 9.088
v 9.817 350.867 8.984
v 10.617 351.433 9.55
v 10.383 351.433 8.984
v 9.817 350.633 9.55
v 10.383 350.867 9.55
v 9.817 351.433 11.25
v 10.279 350.971 10.912
v 10.383 351.433 11.016
v 9.817 350.633 10.45
v 9.817 350.867 11.016
v 10.617 351.433 10.45
v 10.383 350.867 10.45
v 9.817 353.333 8.75
v 10.279 353.795 9.088
v 10.383 353.333 8.984
v 9.817 354.133 9.55
v 9.817 353.898 8.984
v 10.617 353.333 9.55
v 10.383 353.898 9.55
v 9.817 353.333 11.25
v 10.279 353.795 10.912
v 9.817 353.898 11.016
v 10.617 353.333 10.45
v 10.383 353.333 11.016
v 9.817 354.133 10.45
v 10.383 353.898 10.45
v -111.934 -248.183 8.75
v -112.396 -248.645 9.088
v -112.499 -248.183 8.984
v -111.934 -248.983 9.55
v -111.934 -248.749 8.984
v -112.734 -248.183 9.55
v -112.499 -248.749 9.55
v -111.934 -248.983 10.45
v -112.396 -248.645 10.912
v -112.499 -248.749 10.45
v -111.934 -248.183 11.25
v -111.934 -248.749 11.016
v -112.734 -248.183 10.45
v -112.499 -248.183 11.016
v -111.934 -246.283 8.75
v -112.396 -245.821 9.088
v -111.934 -245.718 8.984
v -112.734 -246.283 9.55
v -112.499 -246.283 8.984
v -111.934 -245.483 9.55
v -112.499 -245.718 9.55
v -111.934 -246.283 11.25
v -112.396 -245.821 10.912
v -112.499 -246.283 11.016
v -111.934 -245.483 10.45
v -111.934 -245.718 11.016
v -112.734 -246.283 10.45
v -112.499 -245.718 10.45
v -106.534 -248.183 8.75
v -106.072 -248.645 9.088
v -106.534 -248.749 8.984
v -105.734 -248.183 9.55
v -105.968 -248.183 8.984
v -106.534 -248.983 9.55
v -105.968 -248.749 9.55
v -106.534 -248.183 11.25
v -106.072 -248.645 10.912
v -105.968 -248.183 11.016
v -106.534 -248.983 10.45
v -106.534 -248.749 11.016
v -105.734 -248.183 10.45
v -105.968 -248.749 10.45
v -106.534 -246.283 8.75
v -106.072 -245.821 9.088
v -105.968 -246.283 8.984
v -106.534 -245.483 9.55
v -106.534 -245.718 8.984
v -105.734 -246.283 9.55
v -105.968 -245.718 9.55
v -106.534 -246.283 11.25
v -106.072 -245.821 10.912
v -106.534 -245.718 11.016
v -105.734 -246.283 10.45
v -105.968 -246.283 11.016
v -106.534 -245.483 10.45
v -105.968 -245.718 10.45
v 1.127 -335.271 8.75
v 0.665 -335.733 9.088
v 0.561 -335.271 8.984
v 1.127 -336.071 9.55
v 1.127 -335.837 8.984
v 0.327 -335.271 9.55
v 0.561 -335.837 9.55
v 1.127 -336.071 10.45
v 0.665 -335.733 10.912
v 0.561 -335.837 10.45
v 1.127 -335.271 11.25
v 1.127 -335.837 11.016
v 0.327 -335.271 10.45
v 0.561 -335.271 11.016
v 1.127 -333.371 8.75
v 0.665 -332.909 9.088
v 1.127 -332.805 8.984
v 0.327 -333.371 9.55
v 0.561 -333.371 8.984
v 1.127 -332.571 9.55
v 0.561 -332.805 9.55
v 1.127 -333.371 11.25
v 0.665 -332.909 10.912
v 0.561 -333.371 11.016
v 1.127 -332.571 10.45
v 1.127 -332.805 11.016
v 0.327 -333.371 10.45
v 0.561 -332.805 10.45
v 6.527 -335.271 8.75
v 6.989 -335.733 9.088
v 6.527 -335.837 8.984
v 7.327 -335.271 9.55
v 7.093 -335.271 8.984
v 6.527 -336.071 9.55
v 7.093 -335.837 9.55
v 6.527 -335.271 11.25
v 6.989 -335.733 10.912
v 7.093 -335.271 11.016
v 6.527 -336.071 10.45
v 6.527 -335.837 11.016
v 7.327 -335.271 10.45
v 7.093 -335.837 10.45
v 6.527 -333.371 8.75
v 6.989 -332.909 9.088
v 7.093 -333.371 8.984
v 6.527 -332.571 9.55
v 6.527 -332.805 8.984
v 7.327 -333.371 9.55
v 7.093 -332.805 9.55
v 6.527 -333.371 11.25
v 6.989 -332.909 10.912
v 6.527 -332.805 11.016
v 7.327 -333.371 10.45
v 7.093 -333.371 11.016
v 6.527 -332.571 10.45
v 7.093 -332.805 10.45
v 112.643 314.101 8.75
v 112.182 313.639 9.088
v 112.078 314.101 8.984
v 112.643 313.301 9.55
v 112.643 313.535 8.984
v 111.843 314.101 9.55
v 112.078 313.535 9.55
v 112.643 313.301 10.45
v 112.182 313.639 10.912
v 112.078 313.535 10.45
v 112.643 314.101 11.25
v 112.643 313.535 11.016
v 111.843 314.101 10.45
v 112.078 314.101 11.016
v 112.643 316.001 8.75
v 112.182 316.463 9.088
v 112.643 316.567 8.984
v 111.843 316.001 9.55
v 112.078 316.001 8.984
v 112.643 316.801 9.55
v 112.078 316.567 9.55
v 112.643 316.001 11.25
v 112.182 316.463 10.912
v 112.078 316.001 11.016
v 112.643 316.801 10.45
v 112.643 316.567 11.016
v 111.843 316.001 10.45
v 112.078 316.567 10.45
v 118.043 314.101 8.75
v 118.505 313.639 9.088
v 118.043 313.535 8.984
v 118.843 314.101 9.55
v 118.609 314.101 8.984
v 118.043 313.301 9.55
v 118.609 313.535 9.55
v 118.043 314.101 11.25
v 118.505 313.639 10.912
v 118.609 314.101 11.016
v 118.043 313.301 10.45
v 118.043 313.535 11.016
v 118.843 314.101 10.45
v 118.609 313.535 10.45
v 118.043 316.001 8.75
v 118.505 316.463 9.088
v 118.609 316.001 8.984
v 118.043 316.801 9.55
v 118.043 316.567 8.984
v 118.843 316.001 9.55
v 118.609 316.567 9.55
v 118.043 316.001 11.25
v 118.505 316.463 10.912
v 118.043 316.567 11.016
v 118.843 316.001 10.45
v 118.609 316.001 11.016
v 118.043 316.801 10.45
v 118.609 316.567 10.45
v 133.921 196.418 8.75
v 133.459 195.956 9.088
v 133.355 196.418 8.984
v 133.921 195.618 9.55
v 133.921 195.852 8.984
v 133.121 196.418 9.55
v 133.355 195.852 9.55
v 133.921 195.618 10.45
v 133.459 195.956 10.912
v 133.355 195.852 10.45
v 133.921 196.418 11.25
v 133.921 195.852 11.016
v 133.121 196.418 10.45
v 133.355 196.418 11.016
v 133.921 198.318 8.75
v 133.459 198.78 9.088
v 133.921 198.883 8.984
v 133.121 198.318 9.55
v 133.355 198.318 8.984
v 133.921 199.118 9.55
v 133.355 198.883 9.55
v 133.921 198.318 11.25
v 133.459 198.78 10.912
v 133.355 198.318 11.016
v 133.921 199.118 10.45
v 133.921 198.883 11.016
v 133.121 198.318 10.45
v 133.355 198.883 10.45
v 139.321 196.418 8.75
v 139.783 195.956 9.088
v 139.321 195.852 8.984
v 140.121 196.418 9.55
v 139.886 196.418 8.984
v 139.321 195.618 9.55
v 139.886 195.852 9.55
v 139.321 196.418 11.25
v 139.783 195.956 10.912
v 139.886 196.418 11.016
v 139.321 195.618 10.45
v 139.321 195.852 11.016
v 140.121 196.418 10.45
v 139.886 195.852 10.45
v 139.321 198.318 8.75
v 139.783 198.78 9.088
v 139.886 198.318 8.984
v 139.321 199.118 9.55
v 139.321 198.883 8.984
v 140.121 198.318 9.55
v 139.886 198.883 9.55
v 139.321 198.318 11.25
v 139.783 198.78 10.912
v 139.321 198.883 11.016
v 140.121 198.318 10.45
v 139.886 198.318 11.016
v 139.321 199.118 10.45
v 139.886 198.883 10.45
v 51.683 -301.295 8.75
v 51.221 -301.757 9.088
v 51.117 -301.295 8.984
v 51.683 -302.095 9.55
v 51.683 -301.861 8.984
v 50.883 -301.295 9.55
v 51.117 -301.861 9.55
v 51.683 -302.095 10.45
v 51.221 -301.757 10.912
v 51.117 -301.861 10.45
v 51.683 -301.295 11.25
v 51.683 -301.861 11.016
v 50.883 -301.295 10.45
v 51.117 -301.295 11.016
v 51.683 -299.395 8.75
v 51.221 -298.933 9.088
v 51.683 -298.83 8.984
v 50.883 -299.395 9.55
v 51.117 -299.395 8.984
v 51.683 -298.595 9.55
v 51.117 -298.83 9.55
v 51.683 -299.395 11.25
v 51.221 -298.933 10.912
v 51.117 -299.395 11.016
v 51.683 -298.595 10.45
v 51.683 -298.83 11.016
v 50.883 -299.395 10.45
v 51.117 -298.83 10.45
v 57.083 -301.295 8.75
v 57.545 -301.757 9.088
v 57.083 -301.861 8.984
v 57.883 -301.295 9.55
v 57.648 -301.295 8.984
v 57.083 -302.095 9.55
v 57.648 -301.861 9.55
v 57.083 -301.295 11.25
v 57.545 -301.757 10.912
v 57.648 -301.295 11.016
v 57.083 -302.095 10.45
v 57.083 -301.861 11.016
v 57.883 -301.295 10.45
v 57.648 -301.861 10.45
v 57.083 -299.395 8.75
v 57.545 -298.933 9.088
v 57.648 -299.395 8.984
v 57.083 -298.595 9.55
v 57.083 -298.83 8.984
v 57.883 -299.395 9.55
v 57.648 -298.83 9.55
v 57.083 -299.395 11.25
v 57.545 -298.933 10.912
v 57.083 -298.83 11.016
v 57.883 -299.395 10.45
v 57.648 -299.395 11.016
v 57.083 -298.595 10.45
v 57.648 -298.83 10.45
v -1.287 -100.001 8.75
v -1.749 -100.463 9.088
v -1.852 -100.001 8.984
v -1.287 -100.801 9.55
v -1.287 -100.566 8.984
v -2.087 -100.001 9.55
v -1.852 -100.566 9.55
v -1.287 -100.801 10.45
v -1.749 -100.463 10.912
v -1.852 -100.566 10.45
v -1.287 -100.001 11.25
v -1.287 -100.566 11.016
v -2.087 -100.001 10.45
v -1.852 -100.001 11.016
v -1.287 -98.101 8.75
v -1.749 -97.639 9.088
v -1.287 -97.535 8.984
v -2.087 -98.101 9.55
v -1.852 -98.101 8.984
v -1.287 -97.301 9.55
v -1.852 -97.535 9.55
v -1.287 -98.101 11.25
v -1.749 -97.639 10.912
v -1.852 -98.101 11.016
v -1.287 -97.301 10.45
v -1.287 -97.535 11.016
v -2.087 -98.101 10.45
v -1.852 -97.535 10.45
v 4.113 -100.001 8.75
v 4.575 -100.463 9.088
v 4.113 -100.566 8.984
v 4.913 -100.001 9.55
v 4.679 -100.001 8.984
v 4.113 -100.801 9.55
v 4.679 -100.566 9.55
v 4.113 -100.001 11.25
v 4.575 -100.463 10.912
v 4.679 -100.001 11.016
v 4.113 -100.801 10.45
v 4.113 -100.566 11.016
v 4.913 -100.001 10.45
v 4.679 -100.566 10.45
v 4.113 -98.101 8.75
v 4.575 -97.639 9.088
v 4.679 -98.101 8.984
v 4.113 -97.301 9.55
v 4.113 -97.535 8.984
v 4.913 -98.101 9.55
v 4.679 -97.535 9.55
v 4.113 -98.101 11.25
v 4.575 -97.639 10.912
v 4.113 -97.535 11.016
v 4.913 -98.101 10.45
v 4.679 -98.101 11.016
v 4.113 -97.301 10.45
v 4.679 -97.535 10.45
v -9.163 -613.493 8.75
v -9.625 -613.954 9.088
v -9.729 -613.493 8.984
v -9.163 -614.293 9.55
v -9.163 -614.058 8.984
v -9.963 -613.493 9.55
v -9.729 -614.058 9.55
v -9.163 -614.293 10.45
v -9.625 -613.954 10.912
v -9.729 -614.058 10.45
v -9.163 -613.493 11.25
v -9.163 -614.058 11.016
v -9.963 -613.493 10.45
v -9.729 -613.493 11.016
v -9.163 -611.593 8.75
v -9.625 -611.131 9.088
v -9.163 -611.027 8.984
v -9.963 -611.593 9.55
v -9.729 -611.593 8.984
v -9.163 -610.793 9.55
v -9.729 -611.027 9.55
v -9.163 -611.593 11.25
v -9.625 -611.131 10.912
v -9.729 -611.593 11.016
v -9.163 -610.793 10.45
v -9.163 -611.027 11.016
v -9.963 -611.593 10.45
v -9.729 -611.027 10.45
v -3.763 -613.493 8.75
v -3.302 -613.954 9.088
v -3.763 -614.058 8.984
v -2.963 -613.493 9.55
v -3.198 -613.493 8.984
v -3.763 -614.293 9.55
v -3.198 -614.058 9.55
v -3.763 -613.493 11.25
v -3.302 -613.954 10.912
v -3.198 -613.493 11.016
v -3.763 -614.293 10.45
v -3.763 -614.058 11.016
v -2.963 -613.493 10.45
v -3.198 -614.058 10.45
v -3.763 -611.593 8.75
v -3.302 -611.131 9.088
v -3.198 -611.593 8.984
v -3.763 -610.793 9.55
v -3.763 -611.027 8.984
v -2.963 -611.593 9.55
v -3.198 -611.027 9.55
v -3.763 -611.593 11.25
v -3.302 -611.131 10.912
v -3.763 -611.027 11.016
v -2.963 -611.593 10.45
v -3.198 -611.593 11.016
v -3.763 -610.793 10.45
v -3.198 -611.027 10.45
v 102.203 -484.763 8.75
v 101.741 -485.225 9.088
v 101.638 -484.763 8.984
v 102.203 -485.563 9.55
v 102.203 -485.329 8.984
v 101.403 -484.763 9.55
v 101.638 -485.329 9.55
v 102.203 -485.563 10.45
v 101.741 -485.225 10.912
v 101.638 -485.329 10.45
v 102.203 -484.763 11.25
v 102.203 -485.329 11.016
v 101.403 -484.763 10.45
v 101.638 -484.763 11.016
v 102.203 -482.863 8.75
v 101.741 -482.401 9.088
v 102.203 -482.297 8.984
v 101.403 -482.863 9.55
v 101.638 -482.863 8.984
v 102.203 -482.063 9.55
v 101.638 -482.297 9.55
v 102.203 -482.863 11.25
v 101.741 -482.401 10.912
v 101.638 -482.863 11.016
v 102.203 -482.063 10.45
v 102.203 -482.297 11.016
v 101.403 -482.863 10.45
v 101.638 -482.297 10.45
v 107.603 -484.763 8.75
v 108.065 -485.225 9.088
v 107.603 -485.329 8.984
v 108.403 -484.763 9.55
v 108.169 -484.763 8.984
v 107.603 -485.563 9.55
v 108.169 -485.329 9.55
v 107.603 -484.763 11.25
v 108.065 -485.225 10.912
v 108.169 -484.763 11.016
v 107.603 -485.563 10.45
v 107.603 -485.329 11.016
v 108.403 -484.763 10.45
v 108.169 -485.329 10.45
v 107.603 -482.863 8.75
v 108.065 -482.401 9.088
v 108.169 -482.863 8.984
v 107.603 -482.063 9.55
v 107.603 -482.297 8.984
v 108.403 -482.863 9.55
v 108.169 -482.297 9.55
v 107.603 -482.863 11.25
v 108.065 -482.401 10.912
v 107.603 -482.297 11.016
v 108.403 -482.863 10.45
v 108.169 -482.863 11.016
v 107.603 -482.063 10.45
v 108.169 -482.297 10.45
v -15.201 601.108 8.75
v -15.663 600.646 9.088
v -15.766 601.108 8.984
v -15.201 600.308 9.55
v -15.201 600.543 8.984
v -16.001 601.108 9.55
v -15.766 600.543 9.55
v -15.201 600.308 10.45
v -15.663 600.646 10.912
v -15.766 600.543 10.45
v -15.201 601.108 11.25
v -15.201 600.543 11.016
v -16.001 601.108 10.45
v -15.766 601.108 11.016
v -15.201 603.008 8.75
v -15.663 603.47 9.088
v -15.201 603.574 8.984
v -16.001 603.008 9.55
v -15.766 603.008 8.984
v -15.201 603.808 9.55
v -15.766 603.574 9.55
v -15.201 603.008 11.25
v -15.663 603.47 10.912
v -15.766 603.008 11.016
v -15.201 603.808 10.45
v -15.201 603.574 11.016
v -16.001 603.008 10.45
v -15.766 603.574 10.45
v -9.801 601.108 8.75
v -9.339 600.646 9.088
v -9.801 600.543 8.984
v -9.001 601.108 9.55
v -9.235 601.108 8.984
v -9.801 600.308 9.55
v -9.235 600.543 9.55
v -9.801 601.108 11.25
v -9.339 600.646 10.912
v -9.235 601.108 11.016
v -9.801 600.308 10.45
v -9.801 600.543 11.016
v -9.001 601.108 10.45
v -9.235 600.543 10.45
v -9.801 603.008 8.75
v -9.339 603.47 9.088
v -9.235 603.008 8.984
v -9.801 603.808 9.55
v -9.801 603.574 8.984
v -9.001 603.008 9.55
v -9.235 603.574 9.55
v -9.801 603.008 11.25
v -9.339 603.47 10.912
v -9.801 603.574 11.016
v -9.001 603.008 10.45
v -9.235 603.008 11.016
v -9.801 603.808 10.45
v -9.235 603.574 10.45
v 1.186 514.975 8.75
v 0.724 514.513 9.088
v 0.621 514.975 8.984
v 1.186 514.175 9.55
v 1.186 514.409 8.984
v 0.386 514.975 9.55
v 0.621 514.409 9.55
v 1.186 514.175 10.45
v 0.724 514.513 10.912
v 0.621 514.409 10.45
v 1.186 514.975 11.25
v 1.186 514.409 11.016
v 0.386 514.975 10.45
v 0.621 514.975 11.016
v 1.186 516.875 8.75
v 0.724 517.337 9.088
v 1.186 517.44 8.984
v 0.386 516.875 9.55
v 0.621 516.875 8.984
v 1.186 517.675 9.55
v 0.621 517.44 9.55
v 1.186 516.875 11.25
v 0.724 517.337 10.912
v 0.621 516.875 11.016
v 1.186 517.675 10.45
v 1.186 517.44 11.016
v 0.386 516.875 10.45
v 0.621 517.44 10.45
v 6.586 514.975 8.75
v 7.048 514.513 9.088
v 6.586 514.409 8.984
v 7.386 514.975 9.55
v 7.152 514.975 8.984
v 6.586 514.175 9.55
v 7.152 514.409 9.55
v 6.586 514.975 11.25
v 7.048 514.513 10.912
v 7.152 514.975 11.016
v 6.586 514.175 10.45
v 6.586 514.409 11.016
v 7.386 514.975 10.45
v 7.152 514.409 10.45
v 6.586 516.875 8.75
v 7.048 517.337 9.088
v 7.152 516.875 8.984
v 6.586 517.675 9.55
v 6.586 517.44 8.984
v 7.386 516.875 9.55
v 7.152 517.44 9.55
v 6.586 516.875 11.25
v 7.048 517.337 10.912
v 6.586 517.44 11.016
v 7.386 516.875 10.45
v 7.152 516.875 11.016
v 6.586 517.675 10.45
v 7.152 517.44 10.45
v -74.548 -47.357 8.75
v -75.01 -47.819 9.088
v -75.113 -47.357 8.984
v -74.548 -48.157 9.55
v -74.548 -47.922 8.984
v -75.348 -47.357 9.55
v -75.113 -47.922 9.55
v -74.548 -48.157 10.45
v -75.01 -47.819 10.912
v -75.113 -47.922 10.45
v -74.548 -47.357 11.25
v -74.548 -47.922 11.016
v -75.348 -47.357 10.45
v -75.113 -47.357 11.016
v -74.548 -45.457 8.75
v -75.01 -44.995 9.088
v -74.548 -44.891 8.984
v -75.348 -45.457 9.55
v -75.113 -45.457 8.984
v -74.548 -44.657 9.55
v -75.113 -44.891 9.55
v -74.548 -45.457 11.25
v -75.01 -44.995 10.912
v -75.113 -45.457 11.016
v -74.548 -44.657 10.45
v -74.548 -44.891 11.016
v -75.348 -45.457 10.45
v -75.113 -44.891 10.45
v -69.148 -47.357 8.75
v -68.686 -47.819 9.088
v -69.148 -47.922 8.984
v -68.348 -47.357 9.55
v -68.582 -47.357 8.984
v -69.148 -48.157 9.55
v -68.582 -47.922 9.55
v -69.148 -47.357 11.25
v -68.686 -47.819 10.912
v -68.582 -47.357 11.016
v -69.148 -48.157 10.45
v -69.148 -47.922 11.016
v -68.348 -47.357 10.45
v -68.582 -47.922 10.45
v -69.148 -45.457 8.75
v -68.686 -44.995 9.088
v -68.582 -45.457 8.984
v -69.148 -44.657 9.55
v -69.148 -44.891 8.984
v -68.348 -45.457 9.55
v -68.582 -44.891 9.55
v -69.148 -45.457 11.25
v -68.686 -44.995 10.912
v -69.148 -44.891 11.016
v -68.348 -45.457 10.45
v -68.582 -45.457 11.016
v -69.148 -44.657 10.45
v -68.582 -44.891 10.45
v -38.925 -246.947 8.75
v -39.386 -247.409 9.088
v -39.49 -246.947 8.984
v -38.925 -247.747 9.55
v -38.925 -247.513 8.984
v -39.725 -246.947 9.55
v -39.49 -247.513 9.55
v -38.925 -247.747 10.45
v -39.386 -247.409 10.912
v -39.49 -247.513 10.45
v -38.925 -246.947 11.25
v -38.925 -247.513 11.016
v -39.725 -246.947 10.45
v -39.49 -246.947 11.016
v -38.925 -245.047 8.75
v -39.386 -244.585 9.088
v -38.925 -244.481 8.984
v -39.725 -245.047 9.55
v -39.49 -245.047 8.984
v -38.925 -244.247 9.55
v -39.49 -244.481 9.55
v -38.925 -245.047 11.25
v -39.386 -244.585 10.912
v -39.49 -245.047 11.016
v -38.925 -244.247 10.45
v -38.925 -244.481 11.016
v -39.725 -245.047 10.45
v -39.49 -244.481 10.45
v -33.525 -246.947 8.75
v -33.063 -247.409 9.088
v -33.525 -247.513 8.984
v -32.725 -246.947 9.55
v -32.959 -246.947 8.984
v -33.525 -247.747 9.55
v -32.959 -247.513 9.55
v -33.525 -246.947 11.25
v -33.063 -247.409 10.912
v -32.959 -246.947 11.016
v -33.525 -247.747 10.45
v -33.525 -247.513 11.016
v -32.725 -246.947 10.45
v -32.959 -247.513 10.45
v -33.525 -245.047 8.75
v -33.063 -244.585 9.088
v -32.959 -245.047 8.984
v -33.525 -244.247 9.55
v -33.525 -244.481 8.984
v -32.725 -245.047 9.55
v -32.959 -244.481 9.55
v -33.525 -245.047 11.25
v -33.063 -244.585 10.912
v -33.525 -244.481 11.016
v -32.725 -245.047 10.45
v -32.959 -245.047 11.016
v -33.525 -244.247 10.45
v -32.959 -244.481 10.45
v -41.876 -77.608 8.75
v -42.338 -78.07 9.088
v -42.442 -77.608 8.984
v -41.876 -78.408 9.55
v -41.876 -78.174 8.984
v -42.676 -77.608 9.55
v -42.442 -78.174 9.55
v -41.876 -78.408 10.45
v -42.338 -78.07 10.912
v -42.442 -78.174 10.45
v -41.876 -77.608 11.25
v -41.876 -78.174 11.016
v -42.676 -77.608 10.45
v -42.442 -77.608 11.016
v -41.876 -75.708 8.75
v -42.338 -75.246 9.088
v -41.876 -75.143 8.984
v -42.676 -75.708 9.55
v -42.442 -75.708 8.984
v -41.876 -74.908 9.55
v -42.442 -75.143 9.55
v -41.876 -75.708 11.25
v -42.338 -75.246 10.912
v -42.442 -75.708 11.016
v -41.876 -74.908 10.45
v -41.876 -75.143 11.016
v -42.676 -75.708 10.45
v -42.442 -75.143 10.45
v -36.476 -77.608 8.75
v -36.014 -78.07 9.088
v -36.476 -78.174 8.984
v -35.676 -77.608 9.55
v -35.911 -77.608 8.984
v -36.476 -78.408 9.55
v -35.911 -78.174 9.55
v -36.476 -77.608 11.25
v -36.014 -78.07 10.912
v -35.911 -77.608 11.016
v -36.476 -78.408 10.45
v -36.476 -78.174 11.016
v -35.676 -77.608 10.45
v -35.911 -78.174 10.45
v -36.476 -75.708 8.75
v -36.014 -75.246 9.088
v -35.911 -75.708 8.984
v -36.476 -74.908 9.55
v -36.476 -75.143 8.984
v -35.676 -75.708 9.55
v -35.911 -75.143 9.55
v -36.476 -75.708 11.25
v -36.014 -75.246 10.912
v -36.476 -75.143 11.016
v -35.676 -75.708 10.45
v -35.911 -75.708 11.016
v -36.476 -74.908 10.45
v -35.911 -75.143 10.45
v 99.83 658.39 8.75
v 99.368 657.928 9.088
v 99.264 658.39 8.984
v 99.83 657.59 9.55
v 99.83 657.824 8.984
v 99.03 658.39 9.55
v 99.264 657.824 9.55
v 99.83 657.59 10.45
v 99.368 657.928 10.912
v 99.264 657.824 10.45
v 99.83 658.39 11.25
v 99.83 657.824 11.016
v 99.03 658.39 10.45
v 99.264 658.39 11.016
v 99.83 660.29 8.75
v 99.368 660.752 9.088
v 99.83 660.856 8.984
v 99.03 660.29 9.55
v 99.264 660.29 8.984
v 99.83 661.09 9.55
v 99.264 660.856 9.55
v 99.83 660.29 11.25
v 99.368 660.752 10.912
v 99.264 660.29 11.016
v 99.83 661.09 10.45
v 99.83 660.856 11.016
v 99.03 660.29 10.45
v 99.264 660.856 10.45
v 105.23 658.39 8.75
v 105.692 657.928 9.088
v 105.23 657.824 8.984
v 106.03 658.39 9.55
v 105.795 658.39 8.984
v 105.23 657.59 9.55
v 105.795 657.824 9.55
v 105.23 658.39 11.25
v 105.692 657.928 10.912
v 105.795 658.39 11.016
v 105.23 657.59 10.45
v 105.23 657.824 11.016
v 106.03 658.39 10.45
v 105.795 657.824 10.45
v 105.23 660.29 8.75
v 105.692 660.752 9.088
v 105.795 660.29 8.984
v 105.23 661.09 9.55
v 105.23 660.856 8.984
v 106.03 660.29 9.55
v 105.795 660.856 9.55
v 105.23 660.29 11.25
v 105.692 660.752 10.912
v 105.23 660.856 11.016
v 106.03 660.29 10.45
v 105.795 660.29 11.016
v 105.23 661.09 10.45
v 105.795 660.856 10.45
v -124.319 233.819 8.75
v -124.78 233.357 9.088
v -124.884 233.819 8.984
v -124.319 233.019 9.55
v -124.319 233.253 8.984
v -125.119 233.819 9.55
v -124.884 233.253 9.55
v -124.319 233.019 10.45
v -124.78 233.357 10.912
v -124.884 233.253 10.45
v -124.319 233.819 11.25
v -124.319 233.253 11.016
v -125.119 233.819 10.45
v -124.884 233.819 11.016
v -124.319 235.719 8.75
v -124.78 236.181 9.088
v -124.319 236.285 8.984
v -125.119 235.719 9.55
v -124.884 235.719 8.984
v -124.319 236.519 9.55
v -124.884 236.285 9.55
v -124.319 235.719 11.25
v -124.78 236.181 10.912
v -124.884 235.719 11.016
v -124.319 236.519 10.45
v -124.319 236.285 11.016
v -125.119 235.719 10.45
v -124.884 236.285 10.45
v -118.919 233.819 8.75
v -118.457 233.357 9.088
v -118.919 233.253 8.984
v -118.119 233.819 9.55
v -118.353 233.819 8.984
v -118.919 233.019 9.55
v -118.353 233.253 9.55
v -118.919 233.819 11.25
v -118.457 233.357 10.912
v -118.353 233.819 11.016
v -118.919 233.019 10.45
v -118.919 233.253 11.016
v -118.119 233.819 10.45
v -118.353 233.253 10.45
v -118.919 235.719 8.75
v -118.457 236.181 9.088
v -118.353 235.719 8.984
v -118.919 236.519 9.55
v -118.919 236.285 8.984
v -118.119 235.719 9.55
v -118.353 236.285 9.55
v -118.919 235.719 11.25
v -118.457 236.181 10.912
v -118.919 236.285 11.016
v -118.119 235.719 10.45
v -118.353 235.719 11.016
v -118.919 236.519 10.45
v -118.353 236.285 10.45
v 5.952 -122.525 8.75
v 5.49 -122.987 9.088
v 5.387 -122.525 8.984
v 5.952 -123.325 9.55
v 5.952 -123.09 8.984
v 5.152 -122.525 9.55
v 5.387 -123.09 9.55
v 5.952 -123.325 10.45
v 5.49 -122.987 10.912
v 5.387 -123.09 10.45
v 5.952 -122.525 11.25
v 5.952 -123.09 11.016
v 5.152 -122.525 10.45
v 5.387 -122.525 11.016
v 5.952 -120.625 8.75
v 5.49 -120.163 9.088
v 5.952 -120.059 8.984
v 5.152 -120.625 9.55
v 5.387 -120.625 8.984
v 5.952 -119.825 9.55
v 5.387 -120.059 9.55
v 5.952 -120.625 11.25
v 5.49 -120.163 10.912
v 5.387 -120.625 11.016
v 5.952 -119.825 10.45
v 5.952 -120.059 11.016
v 5.152 -120.625 10.45
v 5.387 -120.059 10.45
v 11.352 -122.525 8.75
v 11.814 -122.987 9.088
v 11.352 -123.09 8.984
v 12.152 -122.525 9.55
v 11.918 -122.525 8.984
v 11.352 -123.325 9.55
v 11.918 -123.09 9.55
v 11.352 -122.525 11.25
v 11.814 -122.987 10.912
v 11.918 -122.525 11.016
v 11.352 -123.325 10.45
v 11.352 -123.09 11.016
v 12.152 -122.525 10.45
v 11.918 -123.09 10.45
v 11.352 -120.625 8.75
v 11.814 -120.163 9.088
v 11.918 -120.625 8.984
v 11.352 -119.825 9.55
v 11.352 -120.059 8.984
v 12.152 -120.625 9.55
v 11.918 -120.059 9.55
v 11.352 -120.625 11.25
v 11.814 -120.163 10.912
v 11.352 -120.059 11.016
v 12.152 -120.625 10.45
v 11.918 -120.625 11.016
v 11.352 -119.825 10.45
v 11.918 -120.059 10.45
v -140.473 -194.371 8.75
v -140.934 -194.833 9.088
v -141.038 -194.371 8.984
v -140.473 -195.171 9.55
v -140.473 -194.937 8.984
v -141.273 -194.371 9.55
v -141.038 -194.937 9.55
v -140.473 -195.171 10.45
v -140.934 -194.833 10.912
v -141.038 -194.937 10.45
v -140.473 -194.371 11.25
v -140.473 -194.937 11.016
v -141.273 -194.371 10.45
v -141.038 -194.371 11.016
v -140.473 -192.471 8.75
v -140.934 -192.01 9.088
v -140.473 -191.906 8.984
v -141.273 -192.471 9.55
v -141.038 -192.471 8.984
v -140.473 -191.671 9.55
v -141.038 -191.906 9.55
v -140.473 -192.471 11.25
v -140.934 -192.01 10.912
v -141.038 -192.471 11.016
v -140.473 -191.671 10.45
v -140.473 -191.906 11.016
v -141.273 -192.471 10.45
v -141.038 -191.906 10.45
v -135.073 -194.371 8.75
v -134.611 -194.833 9.088
v -135.073 -194.937 8.984
v -134.273 -194.371 9.55
v -134.507 -194.371 8.984
v -135.073 -195.171 9.55
v -134.507 -194.937 9.55
v -135.073 -194.371 11.25
v -134.611 -194.833 10.912
v -134.507 -194.371 11.016
v -135.073 -195.171 10.45
v -135.073 -194.937 11.016
v -134.273 -194.371 10.45
v -134.507 -194.937 10.45
v -135.073 -192.471 8.75
v -134.611 -192.01 9.088
v -134.507 -192.471 8.984
v -135.073 -191.671 9.55
v -135.073 -191.906 8.984
v -134.273 -192.471 9.55
v -134.507 -191.906 9.55
v -135.073 -192.471 11.25
v -134.611 -192.01 10.912
v -135.073 -191.906 11.016
v -134.273 -192.471 10.45
v -134.507 -192.471 11.016
v -135.073 -191.671 10.45
v -134.507 -191.906 10.45
v -57.6 -187.041 8.75
v -58.062 -187.503 9.088
v -58.166 -187.041 8.984
v -57.6 -187.841 9.55
v -57.6 -187.607 8.984
v -58.4 -187.041 9.55
v -58.166 -187.607 9.55
v -57.6 -187.841 10.45
v -58.062 -187.503 10.912
v -58.166 -187.607 10.45
v -57.6 -187.041 11.25
v -57.6 -187.607 11.016
v -58.4 -187.041 10.45
v -58.166 -187.041 11.016
v -57.6 -185.141 8.75
v -58.062 -184.679 9.088
v -57.6 -184.576 8.984
v -58.4 -185.141 9.55
v -58.166 -185.141 8.984
v -57.6 -184.341 9.55
v -58.166 -184.576 9.55
v -57.6 -185.141 11.25
v -58.062 -184.679 10.912
v -58.166 -185.141 11.016
v -57.6 -184.341 10.45
v -57.6 -184.576 11.016
v -58.4 -185.141 10.45
v -58.166 -184.576 10.45
v -52.2 -187.041 8.75
v -51.738 -187.503 9.088
v -52.2 -187.607 8.984
v -51.4 -187.041 9.55
v -51.634 -187.041 8.984
v -52.2 -187.841 9.55
v -51.634 -187.607 9.55
v -52.2 -187.041 11.25
v -51.738 -187.503 10.912
v -51.634 -187.041 11.016
v -52.2 -187.841 10.45
v -52.2 -187.607 11.016
v -51.4 -187.041 10.45
v -51.634 -187.607 10.45
v -52.2 -185.141 8.75
v -51.738 -184.679 9.088
v -51.634 -185.141 8.984
v -52.2 -184.341 9.55
v -52.2 -184.576 8.984
v -51.4 -185.141 9.55
v -51.634 -184.576 9.55
v -52.2 -185.141 11.25
v -51.738 -184.679 10.912
v -52.2 -184.576 11.016
v -51.4 -185.141 10.45
v -51.634 -185.141 11.016
v -52.2 -184.341 10.45
v -51.634 -184.576 10.45
v 25.342 -187.006 8.75
v 24.88 -187.468 9.088
v 24.776 -187.006 8.984
v 25.342 -187.806 9.55
v 25.342 -187.572 8.984
v 24.542 -187.006 9.55
v 24.776 -187.572 9.55
v 25.342 -187.806 10.45
v 24.88 -187.468 10.912
v 24.776 -187.572 10.45
v 25.342 -187.006 11.25
v 25.342 -187.572 11.016
v 24.542 -187.006 10.45
v 24.776 -187.006 11.016
v 25.342 -185.106 8.75
v 24.88 -184.644 9.088
v 25.342 -184.54 8.984
v 24.542 -185.106 9.55
v 24.776 -185.106 8.984
v 25.342 -184.306 9.55
v 24.776 -184.54 9.55
v 25.342 -185.106 11.25
v 24.88 -184.644 10.912
v 24.776 -185.106 11.016
v 25.342 -184.306 10.45
v 25.342 -184.54 11.016
v 24.542 -185.106 10.45
v 24.776 -184.54 10.45
v 30.742 -187.006 8.75
v 31.204 -187.468 9.088
v 30.742 -187.572 8.984
v 31.542 -187.006 9.55
v 31.307 -187.006 8.984
v 30.742 -187.806 9.55
v 31.307 -187.572 9.55
v 30.742 -187.006 11.25
v 31.204 -187.468 10.912
v 31.307 -187.006 11.016
v 30.742 -187.806 10.45
v 30.742 -187.572 11.016
v 31.542 -187.006 10.45
v 31.307 -187.572 10.45
v 30.742 -185.106 8.75
v 31.204 -184.644 9.088
v 31.307 -185.106 8.984
v 30.742 -184.306 9.55
v 30.742 -184.54 8.984
v 31.542 -185.106 9.55
v 31.307 -184.54 9.55
v 30.742 -185.106 11.25
v 31.204 -184.644 10.912
v 30.742 -184.54 11.016
v 31.542 -185.106 10.45
v 31.307 -185.106 11.016
v 30.742 -184.306 10.45
v 31.307 -184.54 10.45
v -63.968 -316.972 8.75
v -64.43 -317.434 9.088
v -64.534 -316.972 8.984
v -63.968 -317.772 9.55
v -63.968 -317.537 8.984
v -64.768 -316.972 9.55
v -64.534 -317.537 9.55
v -63.968 -317.772 10.45
v -64.43 -317.434 10.912
v -64.534 -317.537 10.45
v -63.968 -316.972 11.25
v -63.968 -317.537 11.016
v -64.768 -316.972 10.45
v -64.534 -316.972 11.016
v -63.968 -315.072 8.75
v -64.43 -314.61 9.088
v -63.968 -314.506 8.984
v -64.768 -315.072 9.55
v -64.534 -315.072 8.984
v -63.968 -314.272 9.55
v -64.534 -314.506 9.55
v -63.968 -315.072 11.25
v -64.43 -314.61 10.912
v -64.534 -315.072 11.016
v -63.968 -314.272 10.45
v -63.968 -314.506 11.016
v -64.768 -315.072 10.45
v -64.534 -314.506 10.45
v -58.568 -316.972 8.75
v -58.106 -317.434 9.088
v -58.568 -317.537 8.984
v -57.768 -316.972 9.55
v -58.002 -316.972 8.984
v -58.568 -317.772 9.55
v -58.002 -317.537 9.55
v -58.568 -316.972 11.25
v -58.106 -317.434 10.912
v -58.002 -316.972 11.016
v -58.568 -317.772 10.45
v -58.568 -317.537 11.016
v -57.768 -316.972 10.45
v -58.002 -317.537 10.45
v -58.568 -315.072 8.75
v -58.106 -314.61 9.088
v -58.002 -315.072 8.984
v -58.568 -314.272 9.55
v -58.568 -314.506 8.984
v -57.768 -315.072 9.55
v -58.002 -314.506 9.55
v -58.568 -315.072 11.25
v -58.106 -314.61 10.912
v -58.568 -314.506 11.016
v -57.768 -315.072 10.45
v -58.002 -315.072 11.016
v -58.568 -314.272 10.45
v -58.002 -314.506 10.45
v 140.483 -152.355 8.75
v 140.021 -152.817 9.088
v 139.917 -152.355 8.984
v 140.483 -153.155 9.55
v 140.483 -152.921 8.984
v 139.683 -152.355 9.55
v 139.917 -152.921 9.55
v 140.483 -153.155 10.45
v 140.021 -152.817 10.912
v 139.917 -152.921 10.45
v 140.483 -152.355 11.25
v 140.483 -152.921 11.016
v 139.683 -152.355 10.45
v 139.917 -152.355 11.016
v 140.483 -150.455 8.75
v 140.021 -149.993 9.088
v 140.483 -149.889 8.984
v 139.683 -150.455 9.55
v 139.917 -150.455 8.984
v 140.483 -149.655 9.55
v 139.917 -149.889 9.55
v 140.483 -150.455 11.25
v 140.021 -149.993 10.912
v 139.917 -150.455 11.016
v 140.483 -149.655 10.45
v 140.483 -149.889 11.016
v 139.683 -150.455 10.45
v 139.917 -149.889 10.45
v 145.883 -152.355 8.75
v 146.345 -152.817 9.088
v 145.883 -152.921 8.984
v 146.683 -152.355 9.55
v 146.449 -152.355 8.984
v 145.883 -153.155 9.55
v 146.449 -152.921 9.55
v 145.883 -152.355 11.25
v 146.345 -152.817 10.912
v 146.449 -152.355 11.016
v 145.883 -153.155 10.45
v 145.883 -152.921 11.016
v 146.683 -152.355 10.45
v 146.449 -152.921 10.45
v 145.883 -150.455 8.75
v 146.345 -149.993 9.088
v 146.449 -150.455 8.984
v 145.883 -149.655 9.55
v 145.883 -149.889 8.984
v 146.683 -150.455 9.55
v 146.449 -149.889 9.55
v 145.883 -150.455 11.25
v 146.345 -149.993 10.912
v 145.883 -149.889 11.016
v 146.683 -150.455 10.45
v 146.449 -150.455 11.016
v 145.883 -149.655 10.45
v 146.449 -149.889 10.45
vt 0.15227 0.0089
vt 0.15358 0.00758
vt 0.15388 0.00889
vt 0.632 0.81316
vt 0.63068 0.81447
vt 0.63039 0.81316
vt 0.83537 0.66659
vt 0.83669 0.6679
vt 0.83537 0.6682
vt 0.63331 0.81447
vt 0.632 0.81477
vt 0.17006 0.0089
vt 0.16874 0.00758
vt 0.17006 0.00728
vt 0.83406 0.6679
vt 0.83376 0.66659
vt 0.15227 0.66659
vt 0.15358 0.6679
vt 0.15227 0.6682
vt 0.83537 0.0089
vt 0.83669 0.00758
vt 0.83698 0.00889
vt 0.61421 0.66979
vt 0.61289 0.66847
vt 0.61421 0.66818
vt 0.17006 0.66659
vt 0.16874 0.6679
vt 0.16845 0.66659
vt 0.61552 0.66847
vt 0.61582 0.66978
vt 0.83406 0.00758
vt 0.83537 0.00728
vt 0.00889 0.0089
vt 0.00758 0.00758
vt 0.00889 0.00728
vt 0.85316 0.0089
vt 0.85448 0.00758
vt 0.85477 0.00889
vt 0.632 0.66978
vt 0.63068 0.66847
vt 0.632 0.66818
vt 0.31343 0.0089
vt 0.31474 0.00758
vt 0.31504 0.00889
vt 0.63331 0.66847
vt 0.63361 0.66978
vt 0.85185 0.00758
vt 0.85316 0.00728
vt 0.00889 0.66659
vt 0.00758 0.6679
vt 0.00728 0.66659
vt 0.61421 0.81316
vt 0.61289 0.81447
vt 0.6126 0.81316
vt 0.85316 0.66659
vt 0.85448 0.6679
vt 0.85316 0.6682
vt 0.31343 0.66659
vt 0.31474 0.6679
vt 0.31343 0.6682
vt 0.85185 0.6679
vt 0.85155 0.66659
vt 0.61552 0.81447
vt 0.61421 0.81477
vt 0.15388 0.66659
vt 0.83698 0.66659
vt 0.16845 0.00889
vt 0.83376 0.00889
vt 0.00889 0.6682
vt 0.6126 0.66978
vt 0.17006 0.6682
vt 0.61582 0.81316
vt 0.00728 0.00889
vt 0.85477 0.66659
vt 0.31504 0.66659
vt 0.85155 0.00889
vt 0.15227 0.00728
vt 0.63039 0.66978
vt 0.31343 0.00728
vt 0.63361 0.81316
vt 0.43701 0.00809
vt 0.43766 0.00743
vt 0.43781 0.00809
vt 0.4639 0.74229
vt 0.46456 0.74295
vt 0.4639 0.7431
vt 0.33997 0.68171
vt 0.34063 0.68237
vt 0.33997 0.68252
vt 0.4639 0.73273
vt 0.46456 0.73208
vt 0.46471 0.73273
vt 0.45319 0.00809
vt 0.45253 0.00743
vt 0.45319 0.00728
vt 0.33041 0.68171
vt 0.32976 0.68237
vt 0.32961 0.68171
vt 0.43701 0.68171
vt 0.43766 0.68237
vt 0.43701 0.68252
vt 0.33997 0.00809
vt 0.34063 0.00743
vt 0.34078 0.00809
vt 0.48008 0.74229
vt 0.47943 0.74295
vt 0.47928 0.74229
vt 0.45319 0.68171
vt 0.45253 0.68237
vt 0.45238 0.68171
vt 0.48008 0.73273
vt 0.47943 0.73208
vt 0.48008 0.73193
vt 0.33041 0.00809
vt 0.32976 0.00743
vt 0.33041 0.00728
vt 0.43337 0.00809
vt 0.43271 0.00743
vt 0.43337 0.00728
vt 0.36571 0.00809
vt 0.36637 0.00743
vt 0.36651 0.00809
vt 0.46026 0.74229
vt 0.4596 0.74295
vt 0.45946 0.74229
vt 0.45683 0.00809
vt 0.45748 0.00743
vt 0.45763 0.00809
vt 0.46026 0.73273
vt 0.4596 0.73208
vt 0.46026 0.73193
vt 0.35615 0.00809
vt 0.35549 0.00743
vt 0.35615 0.00728
vt 0.43337 0.68171
vt 0.43271 0.68237
vt 0.43256 0.68171
vt 0.48373 0.74229
vt 0.48438 0.74295
vt 0.48373 0.7431
vt 0.36571 0.68171
vt 0.36637 0.68237
vt 0.36571 0.68252
vt 0.45683 0.68171
vt 0.45748 0.68237
vt 0.45683 0.68252
vt 0.35615 0.68171
vt 0.35549 0.68237
vt 0.35535 0.68171
vt 0.48373 0.73273
vt 0.48438 0.73208
vt 0.48453 0.73273
vt 0.43781 0.68171
vt 0.34078 0.68171
vt 0.46471 0.74229
vt 0.33041 0.68252
vt 0.45238 0.00809
vt 0.32961 0.00809
vt 0.47928 0.73273
vt 0.33997 0.00728
vt 0.43337 0.68252
vt 0.48008 0.7431
vt 0.45319 0.68252
vt 0.48373 0.73193
vt 0.35615 0.68252
vt 0.48453 0.74229
vt 0.43256 0.00809
vt 0.36651 0.68171
vt 0.45763 0.68171
vt 0.35535 0.00809
vt 0.45946 0.73273
vt 0.36571 0.00728
vt 0.43701 0.00728
vt 0.46026 0.7431
vt 0.45683 0.00728
vt 0.4639 0.73193
vt 0.1163 0.75325
vt 0.11564 0.7526
vt 0.1163 0.75245
vt 0.65445 0.68764
vt 0.6551 0.6883
vt 0.65445 0.68845
vt 0.51265 0.68767
vt 0.51199 0.68833
vt 0.51184 0.68767
vt 0.65445 0.66898
vt 0.6551 0.66832
vt 0.65525 0.66898
vt 0.13794 0.75872
vt 0.13728 0.75937
vt 0.13714 0.75872
vt 0.51265 0.66901
vt 0.51199 0.66835
vt 0.51265 0.66821
vt 0.12176 0.75325
vt 0.12242 0.7526
vt 0.12256 0.75325
vt 0.51811 0.68767
vt 0.51877 0.68833
vt 0.51811 0.68848
vt 0.53429 0.68767
vt 0.53363 0.68833
vt 0.53349 0.68767
vt 0.1434 0.75872
vt 0.14406 0.75937
vt 0.1434 0.75952
vt 0.53429 0.66901
vt 0.53363 0.66835
vt 0.53429 0.66821
vt 0.51811 0.66901
vt 0.51877 0.66835
vt 0.51892 0.66901
vt 0.1163 0.75872
vt 0.11564 0.75937
vt 0.11549 0.75872
vt 0.56139 0.68767
vt 0.56205 0.68833
vt 0.56139 0.68848
vt 0.64898 0.68764
vt 0.64833 0.6883
vt 0.64818 0.68764
vt 0.13794 0.75325
vt 0.13728 0.7526
vt 0.13794 0.75245
vt 0.64898 0.66898
vt 0.64833 0.66832
vt 0.64898 0.66818
vt 0.56139 0.66901
vt 0.56205 0.66835
vt 0.5622 0.66901
vt 0.12176 0.75872
vt 0.12242 0.75937
vt 0.12176 0.75952
vt 0.53975 0.68767
vt 0.54041 0.68833
vt 0.53975 0.68848
vt 0.55593 0.68767
vt 0.55527 0.68833
vt 0.55513 0.68767
vt 0.1434 0.75325
vt 0.14406 0.7526
vt 0.14421 0.75325
vt 0.55593 0.66901
vt 0.55527 0.66835
vt 0.55593 0.66821
vt 0.53975 0.66901
vt 0.54041 0.66835
vt 0.54056 0.66901
vt 0.12176 0.75245
vt 0.51265 0.68848
vt 0.65525 0.68764
vt 0.51184 0.66901
vt 0.13794 0.75952
vt 0.51811 0.66821
vt 0.53349 0.66901
vt 0.51892 0.68767
vt 0.12256 0.75872
vt 0.53429 0.68848
vt 0.14421 0.75872
vt 0.53975 0.66821
vt 0.55513 0.66901
vt 0.54056 0.68767
vt 0.1163 0.75952
vt 0.55593 0.68848
vt 0.1434 0.75245
vt 0.56139 0.66821
vt 0.64818 0.66898
vt 0.5622 0.68767
vt 0.11549 0.75325
vt 0.64898 0.68845
vt 0.13714 0.75325
vt 0.65445 0.66818
vt 0.15958 0.75325
vt 0.15892 0.7526
vt 0.15958 0.75245
vt 0.68089 0.68767
vt 0.68155 0.68833
vt 0.68089 0.68848
vt 0.00809 0.70223
vt 0.00743 0.70289
vt 0.00728 0.70223
vt 0.68089 0.66901
vt 0.68155 0.66835
vt 0.6817 0.66901
vt 0.18122 0.75872
vt 0.18057 0.75937
vt 0.18042 0.75872
vt 0.00809 0.68357
vt 0.00743 0.68292
vt 0.00809 0.68277
vt 0.16504 0.75325
vt 0.1657 0.7526
vt 0.16585 0.75325
vt 0.01355 0.70223
vt 0.01421 0.70289
vt 0.01355 0.70304
vt 0.02973 0.70223
vt 0.02907 0.70289
vt 0.02893 0.70223
vt 0.18668 0.75872
vt 0.18734 0.75937
vt 0.18668 0.75952
vt 0.02973 0.68357
vt 0.02907 0.68292
vt 0.02973 0.68277
vt 0.01355 0.68357
vt 0.01421 0.68292
vt 0.01436 0.68357
vt 0.15958 0.75872
vt 0.15892 0.75937
vt 0.15878 0.75872
vt 0.05683 0.70223
vt 0.05749 0.70289
vt 0.05683 0.70304
vt 0.67543 0.68767
vt 0.67477 0.68833
vt 0.67462 0.68767
vt 0.18122 0.75325
vt 0.18057 0.7526
vt 0.18122 0.75245
vt 0.67543 0.66901
vt 0.67477 0.66835
vt 0.67543 0.66821
vt 0.05683 0.68357
vt 0.05749 0.68292
vt 0.05764 0.68357
vt 0.16504 0.75872
vt 0.1657 0.75937
vt 0.16504 0.75952
vt 0.03519 0.70223
vt 0.03585 0.70289
vt 0.03519 0.70304
vt 0.05137 0.70223
vt 0.05072 0.70289
vt 0.05057 0.70223
vt 0.18668 0.75325
vt 0.18734 0.7526
vt 0.18749 0.75325
vt 0.05137 0.68357
vt 0.05072 0.68292
vt 0.05137 0.68277
vt 0.03519 0.68357
vt 0.03585 0.68292
vt 0.036 0.68357
vt 0.16504 0.75245
vt 0.00809 0.70304
vt 0.6817 0.68767
vt 0.00728 0.68357
vt 0.18122 0.75952
vt 0.01355 0.68277
vt 0.02893 0.68357
vt 0.01436 0.70223
vt 0.16585 0.75872
vt 0.02973 0.70304
vt 0.18749 0.75872
vt 0.03519 0.68277
vt 0.05057 0.68357
vt 0.036 0.70223
vt 0.15958 0.75952
vt 0.05137 0.70304
vt 0.18668 0.75245
vt 0.05683 0.68277
vt 0.67462 0.66901
vt 0.05764 0.70223
vt 0.15878 0.75325
vt 0.67543 0.68848
vt 0.18042 0.75325
vt 0.68089 0.66821
vt 0.67543 0.73869
vt 0.67477 0.73803
vt 0.67543 0.73789
vt 0.07848 0.70223
vt 0.07913 0.70289
vt 0.07848 0.70304
vt 0.09466 0.70223
vt 0.094 0.70289
vt 0.09385 0.70223
vt 0.07848 0.68357
vt 0.07913 0.68292
vt 0.07928 0.68357
vt 0.69707 0.74415
vt 0.69641 0.74481
vt 0.69627 0.74415
vt 0.09466 0.68357
vt 0.094 0.68292
vt 0.09466 0.68277
vt 0.68089 0.73869
vt 0.68155 0.73803
vt 0.6817 0.73869
vt 0.10012 0.70223
vt 0.10078 0.70289
vt 0.10012 0.70304
vt 0.1163 0.70223
vt 0.11564 0.70289
vt 0.11549 0.70223
vt 0.70253 0.74415
vt 0.70319 0.74481
vt 0.70253 0.74496
vt 0.1163 0.68357
vt 0.11564 0.68292
vt 0.1163 0.68277
vt 0.10012 0.68357
vt 0.10078 0.68292
vt 0.10092 0.68357
vt 0.67543 0.74415
vt 0.67477 0.74481
vt 0.67462 0.74415
vt 0.1434 0.70223
vt 0.14406 0.70289
vt 0.1434 0.70304
vt 0.07301 0.70223
vt 0.07236 0.70289
vt 0.07221 0.70223
vt 0.69707 0.73869
vt 0.69641 0.73803
vt 0.69707 0.73789
vt 0.07301 0.68357
vt 0.07236 0.68292
vt 0.07301 0.68277
vt 0.1434 0.68357
vt 0.14406 0.68292
vt 0.14421 0.68357
vt 0.68089 0.74415
vt 0.68155 0.74481
vt 0.68089 0.74496
vt 0.12176 0.70223
vt 0.12242 0.70289
vt 0.12176 0.70304
vt 0.13794 0.70223
vt 0.13728 0.70289
vt 0.13714 0.70223
vt 0.70253 0.73869
vt 0.70319 0.73803
vt 0.70334 0.73869
vt 0.13794 0.68357
vt 0.13728 0.68292
vt 0.13794 0.68277
vt 0.12176 0.68357
vt 0.12242 0.68292
vt 0.12256 0.68357
vt 0.68089 0.73789
vt 0.09466 0.70304
vt 0.07928 0.70223
vt 0.09385 0.68357
vt 0.69707 0.74496
vt 0.10012 0.68277
vt 0.11549 0.68357
vt 0.10092 0.70223
vt 0.6817 0.74415
vt 0.1163 0.70304
vt 0.70334 0.74415
vt 0.12176 0.68277
vt 0.13714 0.68357
vt 0.12256 0.70223
vt 0.67543 0.74496
vt 0.13794 0.70304
vt 0.70253 0.73789
vt 0.1434 0.68277
vt 0.07221 0.68357
vt 0.14421 0.70223
vt 0.67462 0.73869
vt 0.07301 0.70304
vt 0.69627 0.73869
vt 0.07848 0.68277
vt 0.64898 0.7644
vt 0.64833 0.76374
vt 0.64898 0.7636
vt 0.16504 0.70223
vt 0.1657 0.70289
vt 0.16504 0.70304
vt 0.3737 0.7514
vt 0.37304 0.75205
vt 0.37289 0.7514
vt 0.16504 0.68357
vt 0.1657 0.68292
vt 0.16585 0.68357
vt 0.51265 0.76989
vt 0.51199 0.77055
vt 0.51184 0.76989
vt 0.3737 0.73273
vt 0.37304 0.73208
vt 0.3737 0.73193
vt 0.65445 0.7644
vt 0.6551 0.76374
vt 0.65525 0.7644
vt 0.37916 0.7514
vt 0.37982 0.75205
vt 0.37916 0.7522
vt 0.18122 0.70223
vt 0.18057 0.70289
vt 0.18042 0.70223
vt 0.51811 0.76989
vt 0.51877 0.77055
vt 0.51811 0.7707
vt 0.18122 0.68357
vt 0.18057 0.68292
vt 0.18122 0.68277
vt 0.37916 0.73273
vt 0.37982 0.73208
vt 0.37996 0.73273
vt 0.64898 0.76986
vt 0.64833 0.77052
vt 0.64818 0.76986
vt 0.4008 0.7514
vt 0.40146 0.75205
vt 0.4008 0.7522
vt 0.15958 0.70223
vt 0.15892 0.70289
vt 0.15878 0.70223
vt 0.51265 0.76443
vt 0.51199 0.76377
vt 0.51265 0.76362
vt 0.15958 0.68357
vt 0.15892 0.68292
vt 0.15958 0.68277
vt 0.4008 0.73273
vt 0.40146 0.73208
vt 0.4016 0.73273
vt 0.65445 0.76986
vt 0.6551 0.77052
vt 0.65445 0.77067
vt 0.18668 0.70223
vt 0.18734 0.70289
vt 0.18668 0.70304
vt 0.39534 0.7514
vt 0.39468 0.75205
vt 0.39453 0.7514
vt 0.51811 0.76443
vt 0.51877 0.76377
vt 0.51892 0.76443
vt 0.39534 0.73273
vt 0.39468 0.73208
vt 0.39534 0.73193
vt 0.18668 0.68357
vt 0.18734 0.68292
vt 0.18749 0.68357
vt 0.65445 0.7636
vt 0.3737 0.7522
vt 0.16585 0.70223
vt 0.37289 0.73273
vt 0.51265 0.7707
vt 0.37916 0.73193
vt 0.18042 0.68357
vt 0.37996 0.7514
vt 0.65525 0.76986
vt 0.18122 0.70304
vt 0.51892 0.76989
vt 0.18668 0.68277
vt 0.39453 0.73273
vt 0.18749 0.70223
vt 0.64898 0.77067
vt 0.39534 0.7522
vt 0.51811 0.76362
vt 0.4008 0.73193
vt 0.15878 0.68357
vt 0.4016 0.7514
vt 0.64818 0.7644
vt 0.15958 0.70304
vt 0.51184 0.76443
vt 0.16504 0.68277
vt 0.71871 0.73869
vt 0.71805 0.73803
vt 0.71871 0.73789
vt 0.20833 0.70223
vt 0.20898 0.70289
vt 0.20833 0.70304
vt 0.22451 0.70223
vt 0.22385 0.70289
vt 0.2237 0.70223
vt 0.20833 0.68357
vt 0.20898 0.68292
vt 0.20913 0.68357
vt 0.00809 0.75872
vt 0.00743 0.75937
vt 0.00728 0.75872
vt 0.22451 0.68357
vt 0.22385 0.68292
vt 0.22451 0.68277
vt 0.72417 0.73869
vt 0.72483 0.73803
vt 0.72498 0.73869
vt 0.22997 0.70223
vt 0.23062 0.70289
vt 0.22997 0.70304
vt 0.24615 0.70223
vt 0.24549 0.70289
vt 0.24534 0.70223
vt 0.01355 0.75872
vt 0.01421 0.75937
vt 0.01355 0.75952
vt 0.24615 0.68357
vt 0.24549 0.68292
vt 0.24615 0.68277
vt 0.22997 0.68357
vt 0.23062 0.68292
vt 0.23077 0.68357
vt 0.71871 0.74415
vt 0.71805 0.74481
vt 0.71791 0.74415
vt 0.27325 0.70223
vt 0.27391 0.70289
vt 0.27325 0.70304
vt 0.20286 0.70223
vt 0.20221 0.70289
vt 0.20206 0.70223
vt 0.00809 0.75325
vt 0.00743 0.7526
vt 0.00809 0.75245
vt 0.20286 0.68357
vt 0.20221 0.68292
vt 0.20286 0.68277
vt 0.27325 0.68357
vt 0.27391 0.68292
vt 0.27405 0.68357
vt 0.72417 0.74415
vt 0.72483 0.74481
vt 0.72417 0.74496
vt 0.25161 0.70223
vt 0.25227 0.70289
vt 0.25161 0.70304
vt 0.26779 0.70223
vt 0.26713 0.70289
vt 0.26698 0.70223
vt 0.01355 0.75325
vt 0.01421 0.7526
vt 0.01436 0.75325
vt 0.26779 0.68357
vt 0.26713 0.68292
vt 0.26779 0.68277
vt 0.25161 0.68357
vt 0.25227 0.68292
vt 0.25241 0.68357
vt 0.72417 0.73789
vt 0.22451 0.70304
vt 0.20913 0.70223
vt 0.2237 0.68357
vt 0.00809 0.75952
vt 0.22997 0.68277
vt 0.24534 0.68357
vt 0.23077 0.70223
vt 0.72498 0.74415
vt 0.24615 0.70304
vt 0.01436 0.75872
vt 0.25161 0.68277
vt 0.26698 0.68357
vt 0.25241 0.70223
vt 0.71871 0.74496
vt 0.26779 0.70304
vt 0.01355 0.75245
vt 0.27325 0.68277
vt 0.20206 0.68357
vt 0.27405 0.70223
vt 0.71791 0.73869
vt 0.20286 0.70304
vt 0.00728 0.75325
vt 0.20833 0.68277
vt 0.20286 0.75325
vt 0.20221 0.7526
vt 0.20286 0.75245
vt 0.29489 0.70223
vt 0.29555 0.70289
vt 0.29489 0.70304
vt 0.69707 0.68767
vt 0.69641 0.68833
vt 0.69627 0.68767
vt 0.29489 0.68357
vt 0.29555 0.68292
vt 0.2957 0.68357
vt 0.22451 0.75872
vt 0.22385 0.75937
vt 0.2237 0.75872
vt 0.69707 0.66901
vt 0.69641 0.66835
vt 0.69707 0.66821
vt 0.20833 0.75325
vt 0.20898 0.7526
vt 0.20913 0.75325
vt 0.70253 0.68767
vt 0.70319 0.68833
vt 0.70253 0.68848
vt 0.33041 0.71655
vt 0.32976 0.71721
vt 0.32961 0.71655
vt 0.22997 0.75872
vt 0.23062 0.75937
vt 0.22997 0.75952
vt 0.33041 0.69789
vt 0.32976 0.69724
vt 0.33041 0.69709
vt 0.70253 0.66901
vt 0.70319 0.66835
vt 0.70334 0.66901
vt 0.20286 0.75872
vt 0.20221 0.75937
vt 0.20206 0.75872
vt 0.35752 0.71655
vt 0.35817 0.71721
vt 0.35752 0.71736
vt 0.28943 0.70223
vt 0.28877 0.70289
vt 0.28863 0.70223
vt 0.22451 0.75325
vt 0.22385 0.7526
vt 0.22451 0.75245
vt 0.28943 0.68357
vt 0.28877 0.68292
vt 0.28943 0.68277
vt 0.35752 0.69789
vt 0.35817 0.69724
vt 0.35832 0.69789
vt 0.20833 0.75872
vt 0.20898 0.75937
vt 0.20833 0.75952
vt 0.33587 0.71655
vt 0.33653 0.71721
vt 0.33587 0.71736
vt 0.35206 0.71655
vt 0.3514 0.71721
vt 0.35125 0.71655
vt 0.22997 0.75325
vt 0.23062 0.7526
vt 0.23077 0.75325
vt 0.35206 0.69789
vt 0.3514 0.69724
vt 0.35206 0.69709
vt 0.33587 0.69789
vt 0.33653 0.69724
vt 0.33668 0.69789
vt 0.20833 0.75245
vt 0.69707 0.68848
vt 0.2957 0.70223
vt 0.69627 0.66901
vt 0.22451 0.75952
vt 0.70253 0.66821
vt 0.32961 0.69789
vt 0.70334 0.68767
vt 0.20913 0.75872
vt 0.33041 0.71736
vt 0.23077 0.75872
vt 0.33587 0.69709
vt 0.35125 0.69789
vt 0.33668 0.71655
vt 0.20286 0.75952
vt 0.35206 0.71736
vt 0.22997 0.75245
vt 0.35752 0.69709
vt 0.28863 0.68357
vt 0.35832 0.71655
vt 0.20206 0.75325
vt 0.28943 0.70304
vt 0.2237 0.75325
vt 0.29489 0.68277
vt 0.24615 0.75325
vt 0.24549 0.7526
vt 0.24615 0.75245
vt 0.37916 0.71655
vt 0.37982 0.71721
vt 0.37916 0.71736
vt 0.39534 0.71655
vt 0.39468 0.71721
vt 0.39453 0.71655
vt 0.37916 0.69789
vt 0.37982 0.69724
vt 0.37996 0.69789
vt 0.26779 0.75872
vt 0.26713 0.75937
vt 0.26698 0.75872
vt 0.39534 0.69789
vt 0.39468 0.69724
vt 0.39534 0.69709
vt 0.25161 0.75325
vt 0.25227 0.7526
vt 0.25241 0.75325
vt 0.4008 0.71655
vt 0.40146 0.71721
vt 0.4008 0.71736
vt 0.41698 0.71655
vt 0.41632 0.71721
vt 0.41618 0.71655
vt 0.27325 0.75872
vt 0.27391 0.75937
vt 0.27325 0.75952
vt 0.41698 0.69789
vt 0.41632 0.69724
vt 0.41698 0.69709
vt 0.4008 0.69789
vt 0.40146 0.69724
vt 0.4016 0.69789
vt 0.24615 0.75872
vt 0.24549 0.75937
vt 0.24534 0.75872
vt 0.44408 0.71655
vt 0.44474 0.71721
vt 0.44408 0.71736
vt 0.3737 0.71655
vt 0.37304 0.71721
vt 0.37289 0.71655
vt 0.26779 0.75325
vt 0.26713 0.7526
vt 0.26779 0.75245
vt 0.3737 0.69789
vt 0.37304 0.69724
vt 0.3737 0.69709
vt 0.44408 0.69789
vt 0.44474 0.69724
vt 0.44489 0.69789
vt 0.25161 0.75872
vt 0.25227 0.75937
vt 0.25161 0.75952
vt 0.42244 0.71655
vt 0.4231 0.71721
vt 0.42244 0.71736
vt 0.43862 0.71655
vt 0.43796 0.71721
vt 0.43782 0.71655
vt 0.27325 0.75325
vt 0.27391 0.7526
vt 0.27405 0.75325
vt 0.43862 0.69789
vt 0.43796 0.69724
vt 0.43862 0.69709
vt 0.42244 0.69789
vt 0.4231 0.69724
vt 0.42325 0.69789
vt 0.25161 0.75245
vt 0.39534 0.71736
vt 0.37996 0.71655
vt 0.39453 0.69789
vt 0.26779 0.75952
vt 0.4008 0.69709
vt 0.41618 0.69789
vt 0.4016 0.71655
vt 0.25241 0.75872
vt 0.41698 0.71736
vt 0.27405 0.75872
vt 0.42244 0.69709
vt 0.43782 0.69789
vt 0.42325 0.71655
vt 0.24615 0.75952
vt 0.43862 0.71736
vt 0.27325 0.75245
vt 0.44408 0.69709
vt 0.37289 0.69789
vt 0.44489 0.71655
vt 0.24534 0.75325
vt 0.3737 0.71736
vt 0.26698 0.75325
vt 0.37916 0.69709
vt 0.94153 0.00777
vt 0.94192 0.00737
vt 0.94201 0.00777
vt 0.31212 0.6853
vt 0.31251 0.68569
vt 0.31212 0.68578
vt 0.87187 0.67092
vt 0.87227 0.67132
vt 0.87187 0.67141
vt 0.31212 0.68325
vt 0.31251 0.68286
vt 0.3126 0.68325
vt 0.95706 0.00777
vt 0.95667 0.00737
vt 0.95706 0.00728
vt 0.86982 0.67092
vt 0.86943 0.67132
vt 0.86934 0.67092
vt 0.94153 0.67092
vt 0.94192 0.67132
vt 0.94153 0.67141
vt 0.87187 0.00777
vt 0.87227 0.00737
vt 0.87235 0.00777
vt 0.31075 0.70288
vt 0.31036 0.70328
vt 0.31027 0.70288
vt 0.95706 0.67092
vt 0.95667 0.67132
vt 0.95658 0.67092
vt 0.31075 0.70083
vt 0.31036 0.70044
vt 0.31075 0.70035
vt 0.86982 0.00777
vt 0.86943 0.00737
vt 0.86982 0.00728
vt 0.94016 0.00777
vt 0.93977 0.00737
vt 0.94016 0.00728
vt 0.88946 0.00777
vt 0.88985 0.00737
vt 0.88994 0.00777
vt 0.31075 0.6853
vt 0.31036 0.68569
vt 0.31027 0.6853
vt 0.95843 0.00777
vt 0.95882 0.00737
vt 0.95891 0.00777
vt 0.31075 0.68325
vt 0.31036 0.68286
vt 0.31075 0.68277
vt 0.88741 0.00777
vt 0.88701 0.00737
vt 0.88741 0.00728
vt 0.94016 0.67092
vt 0.93977 0.67132
vt 0.93968 0.67092
vt 0.31212 0.70288
vt 0.31251 0.70328
vt 0.31212 0.70337
vt 0.88946 0.67092
vt 0.88985 0.67132
vt 0.88946 0.67141
vt 0.95843 0.67092
vt 0.95882 0.67132
vt 0.95843 0.67141
vt 0.88741 0.67092
vt 0.88701 0.67132
vt 0.88693 0.67092
vt 0.31212 0.70083
vt 0.31251 0.70044
vt 0.3126 0.70083
vt 0.94201 0.67092
vt 0.87235 0.67092
vt 0.3126 0.6853
vt 0.86982 0.67141
vt 0.95658 0.00777
vt 0.86934 0.00777
vt 0.31027 0.70083
vt 0.87187 0.00728
vt 0.94016 0.67141
vt 0.31075 0.70337
vt 0.95706 0.67141
vt 0.31212 0.70035
vt 0.88741 0.67141
vt 0.3126 0.70288
vt 0.93968 0.00777
vt 0.88994 0.67092
vt 0.95891 0.67092
vt 0.88693 0.00777
vt 0.31027 0.68325
vt 0.88946 0.00728
vt 0.94153 0.00728
vt 0.31075 0.68578
vt 0.95843 0.00728
vt 0.31212 0.68277
vt 0.47665 0.00809
vt 0.4773 0.00743
vt 0.47745 0.00809
vt 0.65262 0.74822
vt 0.65328 0.74888
vt 0.65262 0.74903
vt 0.39145 0.68171
vt 0.3921 0.68237
vt 0.39145 0.68252
vt 0.65262 0.73866
vt 0.65328 0.73801
vt 0.65343 0.73866
vt 0.49283 0.00809
vt 0.49217 0.00743
vt 0.49283 0.00728
vt 0.38189 0.68171
vt 0.38123 0.68237
vt 0.38108 0.68171
vt 0.47665 0.68171
vt 0.4773 0.68237
vt 0.47665 0.68252
vt 0.39145 0.00809
vt 0.3921 0.00743
vt 0.39225 0.00809
vt 0.51265 0.74825
vt 0.51199 0.74891
vt 0.51184 0.74825
vt 0.49283 0.68171
vt 0.49217 0.68237
vt 0.49202 0.68171
vt 0.51265 0.73869
vt 0.51199 0.73803
vt 0.51265 0.73789
vt 0.38189 0.00809
vt 0.38123 0.00743
vt 0.38189 0.00728
vt 0.47301 0.00809
vt 0.47235 0.00743
vt 0.47301 0.00728
vt 0.41718 0.00809
vt 0.41784 0.00743
vt 0.41799 0.00809
vt 0.64898 0.74822
vt 0.64833 0.74888
vt 0.64818 0.74822
vt 0.49647 0.00809
vt 0.49713 0.00743
vt 0.49727 0.00809
vt 0.64898 0.73866
vt 0.64833 0.73801
vt 0.64898 0.73786
vt 0.40763 0.00809
vt 0.40697 0.00743
vt 0.40763 0.00728
vt 0.47301 0.68171
vt 0.47235 0.68237
vt 0.4722 0.68171
vt 0.51629 0.74825
vt 0.51695 0.74891
vt 0.51629 0.74906
vt 0.41718 0.68171
vt 0.41784 0.68237
vt 0.41718 0.68252
vt 0.49647 0.68171
vt 0.49713 0.68237
vt 0.49647 0.68252
vt 0.40763 0.68171
vt 0.40697 0.68237
vt 0.40682 0.68171
vt 0.51629 0.73869
vt 0.51695 0.73803
vt 0.51709 0.73869
vt 0.47745 0.68171
vt 0.39225 0.68171
vt 0.65343 0.74822
vt 0.38189 0.68252
vt 0.49202 0.00809
vt 0.38108 0.00809
vt 0.51184 0.73869
vt 0.39145 0.00728
vt 0.47301 0.68252
vt 0.51265 0.74906
vt 0.49283 0.68252
vt 0.51629 0.73789
vt 0.40763 0.68252
vt 0.51709 0.74825
vt 0.4722 0.00809
vt 0.41799 0.68171
vt 0.49727 0.68171
vt 0.40682 0.00809
vt 0.64818 0.73866
vt 0.41718 0.00728
vt 0.47665 0.00728
vt 0.64898 0.74903
vt 0.49647 0.00728
vt 0.65262 0.73786
vt 0.28943 0.75325
vt 0.28877 0.7526
vt 0.28943 0.75245
vt 0.46572 0.71655
vt 0.46638 0.71721
vt 0.46572 0.71736
vt 0.4819 0.71655
vt 0.48125 0.71721
vt 0.4811 0.71655
vt 0.46572 0.69789
vt 0.46638 0.69724
vt 0.46653 0.69789
vt 0.46026 0.76393
vt 0.4596 0.76459
vt 0.45946 0.76393
vt 0.4819 0.69789
vt 0.48125 0.69724
vt 0.4819 0.69709
vt 0.29489 0.75325
vt 0.29555 0.7526
vt 0.2957 0.75325
vt 0.48737 0.71655
vt 0.48802 0.71721
vt 0.48737 0.71736
vt 0.64898 0.72248
vt 0.64833 0.72314
vt 0.64818 0.72248
vt 0.46572 0.76393
vt 0.46638 0.76459
vt 0.46572 0.76474
vt 0.64898 0.70382
vt 0.64833 0.70317
vt 0.64898 0.70302
vt 0.48737 0.69789
vt 0.48802 0.69724
vt 0.48817 0.69789
vt 0.28943 0.75872
vt 0.28877 0.75937
vt 0.28863 0.75872
vt 0.51811 0.72251
vt 0.51877 0.72317
vt 0.51811 0.72332
vt 0.46026 0.71655
vt 0.4596 0.71721
vt 0.45946 0.71655
vt 0.46026 0.75847
vt 0.4596 0.75782
vt 0.46026 0.75767
vt 0.46026 0.69789
vt 0.4596 0.69724
vt 0.46026 0.69709
vt 0.51811 0.70385
vt 0.51877 0.70319
vt 0.51892 0.70385
vt 0.29489 0.75872
vt 0.29555 0.75937
vt 0.29489 0.75952
vt 0.65445 0.72248
vt 0.6551 0.72314
vt 0.65445 0.72329
vt 0.51265 0.72251
vt 0.51199 0.72317
vt 0.51184 0.72251
vt 0.46572 0.75847
vt 0.46638 0.75782
vt 0.46653 0.75847
vt 0.51265 0.70385
vt 0.51199 0.70319
vt 0.51265 0.70305
vt 0.65445 0.70382
vt 0.6551 0.70317
vt 0.65525 0.70382
vt 0.29489 0.75245
vt 0.4819 0.71736
vt 0.46653 0.71655
vt 0.4811 0.69789
vt 0.46026 0.76474
vt 0.48737 0.69709
vt 0.64818 0.70382
vt 0.48817 0.71655
vt 0.2957 0.75872
vt 0.64898 0.72329
vt 0.46653 0.76393
vt 0.65445 0.70302
vt 0.51184 0.70385
vt 0.65525 0.72248
vt 0.28943 0.75952
vt 0.51265 0.72332
vt 0.46572 0.75767
vt 0.51811 0.70305
vt 0.45946 0.69789
vt 0.51892 0.72251
vt 0.28863 0.75325
vt 0.46026 0.71736
vt 0.45946 0.75847
vt 0.46572 0.69709
vt 0.4819 0.75847
vt 0.48125 0.75782
vt 0.4819 0.75767
vt 0.53975 0.72251
vt 0.54041 0.72317
vt 0.53975 0.72332
vt 0.55593 0.72251
vt 0.55527 0.72317
vt 0.55513 0.72251
vt 0.53975 0.70385
vt 0.54041 0.70319
vt 0.54056 0.70385
vt 0.67543 0.7658
vt 0.67477 0.76645
vt 0.67462 0.7658
vt 0.55593 0.70385
vt 0.55527 0.70319
vt 0.55593 0.70305
vt 0.48737 0.75847
vt 0.48802 0.75782
vt 0.48817 0.75847
vt 0.56139 0.72251
vt 0.56205 0.72317
vt 0.56139 0.72332
vt 0.67543 0.72251
vt 0.67477 0.72317
vt 0.67462 0.72251
vt 0.68089 0.7658
vt 0.68155 0.76645
vt 0.68089 0.7666
vt 0.67543 0.70385
vt 0.67477 0.70319
vt 0.67543 0.70305
vt 0.56139 0.70385
vt 0.56205 0.70319
vt 0.5622 0.70385
vt 0.4819 0.76393
vt 0.48125 0.76459
vt 0.4811 0.76393
vt 0.70253 0.72251
vt 0.70319 0.72317
vt 0.70253 0.72332
vt 0.53429 0.72251
vt 0.53363 0.72317
vt 0.53349 0.72251
vt 0.67543 0.76033
vt 0.67477 0.75968
vt 0.67543 0.75953
vt 0.53429 0.70385
vt 0.53363 0.70319
vt 0.53429 0.70305
vt 0.70253 0.70385
vt 0.70319 0.70319
vt 0.70334 0.70385
vt 0.48737 0.76393
vt 0.48802 0.76459
vt 0.48737 0.76474
vt 0.68089 0.72251
vt 0.68155 0.72317
vt 0.68089 0.72332
vt 0.69707 0.72251
vt 0.69641 0.72317
vt 0.69627 0.72251
vt 0.68089 0.76033
vt 0.68155 0.75968
vt 0.6817 0.76033
vt 0.69707 0.70385
vt 0.69641 0.70319
vt 0.69707 0.70305
vt 0.68089 0.70385
vt 0.68155 0.70319
vt 0.6817 0.70385
vt 0.48737 0.75767
vt 0.55593 0.72332
vt 0.54056 0.72251
vt 0.55513 0.70385
vt 0.67543 0.7666
vt 0.56139 0.70305
vt 0.67462 0.70385
vt 0.5622 0.72251
vt 0.48817 0.76393
vt 0.67543 0.72332
vt 0.6817 0.7658
vt 0.68089 0.70305
vt 0.69627 0.70385
vt 0.6817 0.72251
vt 0.4819 0.76474
vt 0.69707 0.72332
vt 0.68089 0.75953
vt 0.70253 0.70305
vt 0.53349 0.70385
vt 0.70334 0.72251
vt 0.4811 0.75847
vt 0.53429 0.72332
vt 0.67462 0.76033
vt 0.53975 0.70305
vt 0.02973 0.75325
vt 0.02908 0.7526
vt 0.02973 0.75245
vt 0.72417 0.68767
vt 0.72483 0.68833
vt 0.72417 0.68848
vt 0.71871 0.72251
vt 0.71805 0.72317
vt 0.71791 0.72251
vt 0.72417 0.66901
vt 0.72483 0.66835
vt 0.72498 0.66901
vt 0.05137 0.75872
vt 0.05072 0.75937
vt 0.05057 0.75872
vt 0.71871 0.70385
vt 0.71805 0.70319
vt 0.71871 0.70305
vt 0.03519 0.75325
vt 0.03585 0.7526
vt 0.036 0.75325
vt 0.72417 0.72251
vt 0.72483 0.72317
vt 0.72417 0.72332
vt 0.00809 0.73707
vt 0.00743 0.73773
vt 0.00728 0.73707
vt 0.05683 0.75872
vt 0.05749 0.75937
vt 0.05683 0.75952
vt 0.00809 0.71841
vt 0.00743 0.71776
vt 0.00809 0.71761
vt 0.72417 0.70385
vt 0.72483 0.70319
vt 0.72498 0.70385
vt 0.02973 0.75872
vt 0.02908 0.75937
vt 0.02893 0.75872
vt 0.03519 0.73707
vt 0.03585 0.73773
vt 0.03519 0.73788
vt 0.71871 0.68767
vt 0.71805 0.68833
vt 0.71791 0.68767
vt 0.05137 0.75325
vt 0.05072 0.7526
vt 0.05137 0.75245
vt 0.71871 0.66901
vt 0.71805 0.66835
vt 0.71871 0.66821
vt 0.03519 0.71841
vt 0.03585 0.71776
vt 0.036 0.71841
vt 0.03519 0.75872
vt 0.03585 0.75937
vt 0.03519 0.75952
vt 0.01355 0.73707
vt 0.01421 0.73773
vt 0.01355 0.73788
vt 0.02973 0.73707
vt 0.02908 0.73773
vt 0.02893 0.73707
vt 0.05683 0.75325
vt 0.05749 0.7526
vt 0.05764 0.75325
vt 0.02973 0.71841
vt 0.02908 0.71776
vt 0.02973 0.71761
vt 0.01355 0.71841
vt 0.01421 0.71776
vt 0.01436 0.71841
vt 0.03519 0.75245
vt 0.71871 0.72332
vt 0.72498 0.68767
vt 0.71791 0.70385
vt 0.05137 0.75952
vt 0.72417 0.70305
vt 0.00728 0.71841
vt 0.72498 0.72251
vt 0.036 0.75872
vt 0.00809 0.73788
vt 0.05764 0.75872
vt 0.01355 0.71761
vt 0.02893 0.71841
vt 0.01436 0.73707
vt 0.02973 0.75952
vt 0.02973 0.73788
vt 0.05683 0.75245
vt 0.03519 0.71761
vt 0.71791 0.66901
vt 0.036 0.73707
vt 0.02893 0.75325
vt 0.71871 0.68848
vt 0.05057 0.75325
vt 0.72417 0.66821
vt 0.33041 0.76758
vt 0.32976 0.76692
vt 0.33041 0.76677
vt 0.05683 0.73707
vt 0.05749 0.73773
vt 0.05683 0.73788
vt 0.41698 0.7514
vt 0.41632 0.75205
vt 0.41618 0.7514
vt 0.05683 0.71841
vt 0.05749 0.71776
vt 0.05764 0.71841
vt 0.35206 0.77304
vt 0.3514 0.77369
vt 0.35125 0.77304
vt 0.41698 0.73273
vt 0.41632 0.73208
vt 0.41698 0.73193
vt 0.33587 0.76758
vt 0.33653 0.76692
vt 0.33668 0.76758
vt 0.42244 0.7514
vt 0.4231 0.75205
vt 0.42244 0.7522
vt 0.07301 0.73707
vt 0.07236 0.73773
vt 0.07221 0.73707
vt 0.35752 0.77304
vt 0.35817 0.77369
vt 0.35752 0.77384
vt 0.07301 0.71841
vt 0.07236 0.71776
vt 0.07301 0.71761
vt 0.42244 0.73273
vt 0.4231 0.73208
vt 0.42325 0.73273
vt 0.33041 0.77304
vt 0.32976 0.77369
vt 0.32961 0.77304
vt 0.44408 0.7514
vt 0.44474 0.75205
vt 0.44408 0.7522
vt 0.05137 0.73707
vt 0.05072 0.73773
vt 0.05057 0.73707
vt 0.35206 0.76758
vt 0.3514 0.76692
vt 0.35206 0.76677
vt 0.05137 0.71841
vt 0.05072 0.71776
vt 0.05137 0.71761
vt 0.44408 0.73273
vt 0.44474 0.73208
vt 0.44489 0.73273
vt 0.33587 0.77304
vt 0.33653 0.77369
vt 0.33587 0.77384
vt 0.07848 0.73707
vt 0.07913 0.73773
vt 0.07848 0.73788
vt 0.43862 0.7514
vt 0.43796 0.75205
vt 0.43782 0.7514
vt 0.35752 0.76758
vt 0.35817 0.76692
vt 0.35832 0.76758
vt 0.43862 0.73273
vt 0.43796 0.73208
vt 0.43862 0.73193
vt 0.07848 0.71841
vt 0.07913 0.71776
vt 0.07928 0.71841
vt 0.33587 0.76677
vt 0.41698 0.7522
vt 0.05764 0.73707
vt 0.41618 0.73273
vt 0.35206 0.77384
vt 0.42244 0.73193
vt 0.07221 0.71841
vt 0.42325 0.7514
vt 0.33668 0.77304
vt 0.07301 0.73788
vt 0.35832 0.77304
vt 0.07848 0.71761
vt 0.43782 0.73273
vt 0.07928 0.73707
vt 0.33041 0.77384
vt 0.43862 0.7522
vt 0.35752 0.76677
vt 0.44408 0.73193
vt 0.05057 0.71841
vt 0.44489 0.7514
vt 0.32961 0.76758
vt 0.05137 0.73788
vt 0.35125 0.76758
vt 0.05683 0.71761
vt 0.07301 0.75325
vt 0.07236 0.7526
vt 0.07301 0.75245
vt 0.10012 0.73707
vt 0.10078 0.73773
vt 0.10012 0.73788
vt 0.1163 0.73707
vt 0.11564 0.73773
vt 0.11549 0.73707
vt 0.10012 0.71841
vt 0.10078 0.71776
vt 0.10092 0.71841
vt 0.09466 0.75872
vt 0.094 0.75937
vt 0.09385 0.75872
vt 0.1163 0.71841
vt 0.11564 0.71776
vt 0.1163 0.71761
vt 0.07848 0.75325
vt 0.07913 0.7526
vt 0.07928 0.75325
vt 0.12176 0.73707
vt 0.12242 0.73773
vt 0.12176 0.73788
vt 0.13794 0.73707
vt 0.13728 0.73773
vt 0.13714 0.73707
vt 0.10012 0.75872
vt 0.10078 0.75937
vt 0.10012 0.75952
vt 0.13794 0.71841
vt 0.13728 0.71776
vt 0.13794 0.71761
vt 0.12176 0.71841
vt 0.12242 0.71776
vt 0.12256 0.71841
vt 0.07301 0.75872
vt 0.07236 0.75937
vt 0.07221 0.75872
vt 0.16504 0.73707
vt 0.1657 0.73773
vt 0.16504 0.73788
vt 0.09466 0.73707
vt 0.094 0.73773
vt 0.09385 0.73707
vt 0.09466 0.75325
vt 0.094 0.7526
vt 0.09466 0.75245
vt 0.09466 0.71841
vt 0.094 0.71776
vt 0.09466 0.71761
vt 0.16504 0.71841
vt 0.1657 0.71776
vt 0.16585 0.71841
vt 0.07848 0.75872
vt 0.07913 0.75937
vt 0.07848 0.75952
vt 0.1434 0.73707
vt 0.14406 0.73773
vt 0.1434 0.73788
vt 0.15958 0.73707
vt 0.15892 0.73773
vt 0.15878 0.73707
vt 0.10012 0.75325
vt 0.10078 0.7526
vt 0.10092 0.75325
vt 0.15958 0.71841
vt 0.15892 0.71776
vt 0.15958 0.71761
vt 0.1434 0.71841
vt 0.14406 0.71776
vt 0.14421 0.71841
vt 0.07848 0.75245
vt 0.1163 0.73788
vt 0.10092 0.73707
vt 0.11549 0.71841
vt 0.09466 0.75952
vt 0.12176 0.71761
vt 0.13714 0.71841
vt 0.12256 0.73707
vt 0.07928 0.75872
vt 0.13794 0.73788
vt 0.10092 0.75872
vt 0.1434 0.71761
vt 0.15878 0.71841
vt 0.14421 0.73707
vt 0.07301 0.75952
vt 0.15958 0.73788
vt 0.10012 0.75245
vt 0.16504 0.71761
vt 0.09385 0.71841
vt 0.16585 0.73707
vt 0.07221 0.75325
vt 0.09466 0.73788
vt 0.09385 0.75325
vt 0.10012 0.71761
vt 0.69707 0.76033
vt 0.69641 0.75968
vt 0.69707 0.75953
vt 0.18668 0.73707
vt 0.18734 0.73773
vt 0.18668 0.73788
vt 0.20286 0.73707
vt 0.20221 0.73773
vt 0.20206 0.73707
vt 0.18668 0.71841
vt 0.18734 0.71776
vt 0.18749 0.71841
vt 0.71871 0.7658
vt 0.71805 0.76645
vt 0.71791 0.7658
vt 0.20286 0.71841
vt 0.20221 0.71776
vt 0.20286 0.71761
vt 0.70253 0.76033
vt 0.70319 0.75968
vt 0.70334 0.76033
vt 0.20833 0.73707
vt 0.20898 0.73773
vt 0.20833 0.73788
vt 0.22451 0.73707
vt 0.22385 0.73773
vt 0.2237 0.73707
vt 0.72417 0.7658
vt 0.72483 0.76645
vt 0.72417 0.7666
vt 0.22451 0.71841
vt 0.22385 0.71776
vt 0.22451 0.71761
vt 0.20833 0.71841
vt 0.20898 0.71776
vt 0.20913 0.71841
vt 0.69707 0.7658
vt 0.69641 0.76645
vt 0.69627 0.7658
vt 0.25161 0.73707
vt 0.25227 0.73773
vt 0.25161 0.73788
vt 0.18122 0.73707
vt 0.18057 0.73773
vt 0.18042 0.73707
vt 0.71871 0.76033
vt 0.71805 0.75968
vt 0.71871 0.75953
vt 0.18122 0.71841
vt 0.18057 0.71776
vt 0.18122 0.71761
vt 0.25161 0.71841
vt 0.25227 0.71776
vt 0.25241 0.71841
vt 0.70253 0.7658
vt 0.70319 0.76645
vt 0.70253 0.7666
vt 0.22997 0.73707
vt 0.23062 0.73773
vt 0.22997 0.73788
vt 0.24615 0.73707
vt 0.24549 0.73773
vt 0.24534 0.73707
vt 0.72417 0.76033
vt 0.72483 0.75968
vt 0.72498 0.76033
vt 0.24615 0.71841
vt 0.24549 0.71776
vt 0.24615 0.71761
vt 0.22997 0.71841
vt 0.23062 0.71776
vt 0.23077 0.71841
vt 0.70253 0.75953
vt 0.20286 0.73788
vt 0.18749 0.73707
vt 0.20206 0.71841
vt 0.71871 0.7666
vt 0.20833 0.71761
vt 0.2237 0.71841
vt 0.20913 0.73707
vt 0.70334 0.7658
vt 0.22451 0.73788
vt 0.72498 0.7658
vt 0.22997 0.71761
vt 0.24534 0.71841
vt 0.23077 0.73707
vt 0.69707 0.7666
vt 0.24615 0.73788
vt 0.72417 0.75953
vt 0.25161 0.71761
vt 0.18042 0.71841
vt 0.25241 0.73707
vt 0.69627 0.76033
vt 0.18122 0.73788
vt 0.71791 0.76033
vt 0.18668 0.71761
vt 0.53429 0.76352
vt 0.53363 0.76286
vt 0.53429 0.76272
vt 0.27325 0.73707
vt 0.27391 0.73773
vt 0.27325 0.73788
vt 0.28943 0.73707
vt 0.28877 0.73773
vt 0.28863 0.73707
vt 0.27325 0.71841
vt 0.27391 0.71776
vt 0.27405 0.71841
vt 0.55593 0.76898
vt 0.55527 0.76964
vt 0.55513 0.76898
vt 0.28943 0.71841
vt 0.28877 0.71776
vt 0.28943 0.71761
vt 0.53975 0.76352
vt 0.54041 0.76286
vt 0.54056 0.76352
vt 0.29489 0.73707
vt 0.29555 0.73773
vt 0.29489 0.73788
vt 0.33041 0.7514
vt 0.32976 0.75205
vt 0.32961 0.7514
vt 0.56139 0.76898
vt 0.56205 0.76964
vt 0.56139 0.76979
vt 0.33041 0.73273
vt 0.32976 0.73208
vt 0.33041 0.73193
vt 0.29489 0.71841
vt 0.29555 0.71776
vt 0.2957 0.71841
vt 0.53429 0.76898
vt 0.53363 0.76964
vt 0.53349 0.76898
vt 0.35752 0.7514
vt 0.35817 0.75205
vt 0.35752 0.7522
vt 0.26779 0.73707
vt 0.26713 0.73773
vt 0.26698 0.73707
vt 0.55593 0.76352
vt 0.55527 0.76286
vt 0.55593 0.76272
vt 0.26779 0.71841
vt 0.26713 0.71776
vt 0.26779 0.71761
vt 0.35752 0.73273
vt 0.35817 0.73208
vt 0.35832 0.73273
vt 0.53975 0.76898
vt 0.54041 0.76964
vt 0.53975 0.76979
vt 0.33587 0.7514
vt 0.33653 0.75205
vt 0.33587 0.7522
vt 0.35206 0.7514
vt 0.3514 0.75205
vt 0.35125 0.7514
vt 0.56139 0.76352
vt 0.56205 0.76286
vt 0.5622 0.76352
vt 0.35206 0.73273
vt 0.3514 0.73208
vt 0.35206 0.73193
vt 0.33587 0.73273
vt 0.33653 0.73208
vt 0.33668 0.73273
vt 0.53975 0.76272
vt 0.28943 0.73788
vt 0.27405 0.73707
vt 0.28863 0.71841
vt 0.55593 0.76979
vt 0.29489 0.71761
vt 0.32961 0.73273
vt 0.2957 0.73707
vt 0.54056 0.76898
vt 0.33041 0.7522
vt 0.5622 0.76898
vt 0.33587 0.73193
vt 0.35125 0.73273
vt 0.33668 0.7514
vt 0.53429 0.76979
vt 0.35206 0.7522
vt 0.56139 0.76272
vt 0.35752 0.73193
vt 0.26698 0.71841
vt 0.35832 0.7514
vt 0.53349 0.76352
vt 0.26779 0.73788
vt 0.55513 0.76352
vt 0.27325 0.71761
vt 0.97533 0.00777
vt 0.97572 0.00737
vt 0.97581 0.00777
vt 0.31212 0.72047
vt 0.31251 0.72086
vt 0.31212 0.72095
vt 0.90704 0.67092
vt 0.90743 0.67132
vt 0.90704 0.67141
vt 0.31212 0.71842
vt 0.31251 0.71803
vt 0.3126 0.71842
vt 0.99087 0.00777
vt 0.99047 0.00737
vt 0.99087 0.00728
vt 0.90499 0.67092
vt 0.9046 0.67132
vt 0.90451 0.67092
vt 0.97533 0.67092
vt 0.97572 0.67132
vt 0.97533 0.67141
vt 0.90704 0.00777
vt 0.90743 0.00737
vt 0.90752 0.00777
vt 0.31075 0.73805
vt 0.31036 0.73845
vt 0.31027 0.73805
vt 0.99087 0.67092
vt 0.99047 0.67132
vt 0.99038 0.67092
vt 0.31075 0.736
vt 0.31036 0.73561
vt 0.31075 0.73552
vt 0.90499 0.00777
vt 0.9046 0.00737
vt 0.90499 0.00728
vt 0.97396 0.00777
vt 0.97357 0.00737
vt 0.97396 0.00728
vt 0.92463 0.00777
vt 0.92502 0.00737
vt 0.92511 0.00777
vt 0.31075 0.72047
vt 0.31036 0.72086
vt 0.31027 0.72047
vt 0.99223 0.00777
vt 0.99263 0.00737
vt 0.99272 0.00777
vt 0.31075 0.71842
vt 0.31036 0.71803
vt 0.31075 0.71794
vt 0.92258 0.00777
vt 0.92218 0.00737
vt 0.92258 0.00728
vt 0.97396 0.67092
vt 0.97357 0.67132
vt 0.97348 0.67092
vt 0.31212 0.73805
vt 0.31251 0.73845
vt 0.31212 0.73853
vt 0.92463 0.67092
vt 0.92502 0.67132
vt 0.92463 0.67141
vt 0.99223 0.67092
vt 0.99263 0.67132
vt 0.99223 0.67141
vt 0.92258 0.67092
vt 0.92218 0.67132
vt 0.92209 0.67092
vt 0.31212 0.736
vt 0.31251 0.73561
vt 0.3126 0.736
vt 0.97581 0.67092
vt 0.90752 0.67092
vt 0.3126 0.72047
vt 0.90499 0.67141
vt 0.99038 0.00777
vt 0.90451 0.00777
vt 0.31027 0.736
vt 0.90704 0.00728
vt 0.97396 0.67141
vt 0.31075 0.73853
vt 0.99087 0.67141
vt 0.31212 0.73552
vt 0.92258 0.67141
vt 0.3126 0.73805
vt 0.97348 0.00777
vt 0.92511 0.67092
vt 0.99272 0.67092
vt 0.92209 0.00777
vt 0.31027 0.71842
vt 0.92463 0.00728
vt 0.97533 0.00728
vt 0.31075 0.72095
vt 0.99223 0.00728
vt 0.31212 0.71794
vt 0.80465 0.66897
vt 0.804 0.66831
vt 0.80465 0.66816
vt 0.77983 0.82144
vt 0.77917 0.8221
vt 0.77902 0.82144
vt 0.53429 0.74734
vt 0.53363 0.748
vt 0.53349 0.74734
vt 0.78847 0.82144
vt 0.78913 0.8221
vt 0.78847 0.82225
vt 0.59404 0.82146
vt 0.59338 0.82211
vt 0.59323 0.82146
vt 0.53429 0.73869
vt 0.53363 0.73803
vt 0.53429 0.73789
vt 0.80784 0.66897
vt 0.8085 0.66831
vt 0.80864 0.66897
vt 0.53748 0.74734
vt 0.53813 0.748
vt 0.53748 0.74814
vt 0.755 0.66897
vt 0.75434 0.66831
vt 0.755 0.66816
vt 0.59723 0.82146
vt 0.59788 0.82211
vt 0.59723 0.82226
vt 0.76365 0.66897
vt 0.7643 0.66831
vt 0.76445 0.66897
vt 0.53748 0.73869
vt 0.53813 0.73803
vt 0.53828 0.73869
vt 0.80465 0.82144
vt 0.804 0.8221
vt 0.80385 0.82144
vt 0.55684 0.74734
vt 0.5575 0.748
vt 0.55684 0.74814
vt 0.77983 0.66897
vt 0.77917 0.66831
vt 0.77983 0.66816
vt 0.59404 0.66898
vt 0.59338 0.66832
vt 0.59404 0.66818
vt 0.78847 0.66897
vt 0.78913 0.66831
vt 0.78928 0.66897
vt 0.55684 0.73869
vt 0.5575 0.73803
vt 0.55765 0.73869
vt 0.80784 0.82144
vt 0.8085 0.8221
vt 0.80784 0.82225
vt 0.755 0.82144
vt 0.75434 0.8221
vt 0.75419 0.82144
vt 0.55366 0.74734
vt 0.553 0.748
vt 0.55285 0.74734
vt 0.59723 0.66898
vt 0.59788 0.66832
vt 0.59803 0.66898
vt 0.55366 0.73869
vt 0.553 0.73803
vt 0.55366 0.73789
vt 0.76365 0.82144
vt 0.7643 0.8221
vt 0.76365 0.82225
vt 0.80784 0.66816
vt 0.53429 0.74814
vt 0.77983 0.82225
vt 0.53349 0.73869
vt 0.59404 0.82226
vt 0.53748 0.73789
vt 0.76365 0.66816
vt 0.53828 0.74734
vt 0.80864 0.82144
vt 0.75419 0.66897
vt 0.59803 0.82146
vt 0.76445 0.82144
vt 0.55285 0.73869
vt 0.755 0.82225
vt 0.80465 0.82225
vt 0.55366 0.74814
vt 0.59723 0.66818
vt 0.55684 0.73789
vt 0.78847 0.66816
vt 0.55765 0.74734
vt 0.80385 0.66897
vt 0.77902 0.66897
vt 0.59323 0.66898
vt 0.78928 0.82144
vt 0.37289 0.77064
vt 0.37676 0.77224
vt 0.37449 0.77224
vt 0.37289 0.76837
vt 0.37836 0.77064
vt 0.37449 0.76677
vt 0.37836 0.76837
vt 0.37676 0.76677
vt 0.41457 0.77224
vt 0.41843 0.77064
vt 0.41683 0.77224
vt 0.41297 0.77064
vt 0.41843 0.76837
vt 0.41297 0.76837
vt 0.41683 0.76677
vt 0.41457 0.76677
vt 0.75838 0.00728
vt 0.75646 0.05223
vt 0.75629 0.0073
vt 0.51394 0.00729
vt 0.51209 0.05224
vt 0.51184 0.00731
vt 0.51603 0.00728
vt 0.51418 0.05222
vt 0.67689 0.6087
vt 0.67881 0.65363
vt 0.67672 0.65363
vt 0.6748 0.60869
vt 0.67462 0.65362
vt 0.65772 0.05223
vt 0.65587 0.00728
vt 0.65796 0.0073
vt 0.65981 0.05224
vt 0.66005 0.00731
vt 0.75437 0.05224
vt 0.75419 0.0073
vt 0.75855 0.05222
vt 0.75665 0.09328
vt 0.51236 0.09328
vt 0.51628 0.05221
vt 0.51445 0.09327
vt 0.67708 0.56766
vt 0.67898 0.60871
vt 0.67499 0.56764
vt 0.65745 0.09328
vt 0.65562 0.05222
vt 0.65954 0.09329
vt 0.75456 0.09328
vt 0.75874 0.09326
vt 0.75684 0.13173
vt 0.51262 0.13173
vt 0.51654 0.09326
vt 0.51471 0.13171
vt 0.67727 0.52921
vt 0.67917 0.56766
vt 0.67518 0.5292
vt 0.65718 0.13173
vt 0.65536 0.09326
vt 0.65928 0.13174
vt 0.75475 0.13173
vt 0.75893 0.13171
vt 0.75702 0.16888
vt 0.51287 0.16889
vt 0.5168 0.1317
vt 0.51497 0.16887
vt 0.67745 0.49206
vt 0.67936 0.52922
vt 0.67536 0.49204
vt 0.65693 0.16888
vt 0.65509 0.13171
vt 0.65902 0.16889
vt 0.75493 0.16888
vt 0.75911 0.16886
vt 0.75718 0.20603
vt 0.5131 0.20604
vt 0.51706 0.16886
vt 0.51519 0.20602
vt 0.67761 0.4549
vt 0.67954 0.49206
vt 0.67552 0.45489
vt 0.65671 0.20603
vt 0.65484 0.16886
vt 0.6588 0.20604
vt 0.75509 0.20603
vt 0.75927 0.20602
vt 0.75731 0.24447
vt 0.51328 0.24448
vt 0.51728 0.20601
vt 0.51537 0.24447
vt 0.67774 0.41645
vt 0.6797 0.45491
vt 0.67565 0.41644
vt 0.65653 0.24447
vt 0.65462 0.20602
vt 0.65862 0.24448
vt 0.75522 0.24447
vt 0.7594 0.24446
vt 0.75739 0.28551
vt 0.51339 0.28553
vt 0.51746 0.24447
vt 0.51549 0.28552
vt 0.67782 0.3754
vt 0.67983 0.41645
vt 0.67573 0.3754
vt 0.65641 0.28552
vt 0.65444 0.24446
vt 0.6585 0.28552
vt 0.7553 0.28551
vt 0.75952 0.33044
vt 0.75948 0.28551
vt 0.51553 0.33046
vt 0.51762 0.33046
vt 0.51758 0.28552
vt 0.67995 0.33046
vt 0.67992 0.3754
vt 0.67785 0.33046
vt 0.65428 0.33044
vt 0.65432 0.28551
vt 0.65637 0.33044
vt 0.75742 0.33044
vt 0.75739 0.37537
vt 0.51339 0.37539
vt 0.51344 0.33046
vt 0.51549 0.3754
vt 0.67782 0.28552
vt 0.67573 0.28552
vt 0.67576 0.33046
vt 0.65641 0.37538
vt 0.6585 0.37537
vt 0.65846 0.33044
vt 0.7553 0.37537
vt 0.75533 0.33044
vt 0.7594 0.41641
vt 0.75948 0.37537
vt 0.51537 0.41645
vt 0.51746 0.41645
vt 0.51758 0.3754
vt 0.67983 0.24447
vt 0.67992 0.28552
vt 0.67774 0.24447
vt 0.65444 0.41643
vt 0.65432 0.37538
vt 0.65653 0.41641
vt 0.75731 0.41641
vt 0.75927 0.45486
vt 0.51519 0.4549
vt 0.51328 0.41644
vt 0.51728 0.45491
vt 0.6797 0.20601
vt 0.67565 0.24448
vt 0.67761 0.20602
vt 0.65462 0.45488
vt 0.65862 0.41641
vt 0.65671 0.45486
vt 0.75718 0.45485
vt 0.75522 0.4164
vt 0.75911 0.49201
vt 0.51497 0.49205
vt 0.5131 0.45488
vt 0.51706 0.49206
vt 0.67954 0.16886
vt 0.67552 0.20603
vt 0.67745 0.16886
vt 0.65484 0.49203
vt 0.6588 0.45485
vt 0.65693 0.49201
vt 0.75702 0.492
vt 0.75509 0.45485
vt 0.75893 0.52917
vt 0.51471 0.52921
vt 0.51287 0.49204
vt 0.5168 0.52922
vt 0.67936 0.1317
vt 0.67536 0.16888
vt 0.67727 0.13171
vt 0.65509 0.52918
vt 0.65902 0.492
vt 0.65718 0.52916
vt 0.75684 0.52915
vt 0.75493 0.492
vt 0.75874 0.56762
vt 0.51445 0.56766
vt 0.51262 0.52919
vt 0.51654 0.56766
vt 0.67917 0.09326
vt 0.67518 0.13173
vt 0.67708 0.09326
vt 0.65536 0.56763
vt 0.65928 0.52915
vt 0.65745 0.56761
vt 0.75665 0.5676
vt 0.75475 0.52915
vt 0.75855 0.60866
vt 0.51418 0.6087
vt 0.51236 0.56764
vt 0.51628 0.60871
vt 0.67898 0.05221
vt 0.67499 0.09328
vt 0.67689 0.05222
vt 0.65562 0.60867
vt 0.65954 0.5676
vt 0.65772 0.60866
vt 0.75646 0.60864
vt 0.75456 0.5676
vt 0.75838 0.65359
vt 0.51394 0.65363
vt 0.51209 0.60868
vt 0.51603 0.65363
vt 0.67881 0.00728
vt 0.6748 0.05223
vt 0.67672 0.00729
vt 0.65587 0.65361
vt 0.65981 0.60865
vt 0.65796 0.65359
vt 0.75629 0.65358
vt 0.75437 0.60864
vt 0.433 0.77064
vt 0.43687 0.77224
vt 0.4346 0.77224
vt 0.433 0.76837
vt 0.43847 0.77064
vt 0.4346 0.76677
vt 0.43847 0.76837
vt 0.43687 0.76677
vt 0.00889 0.77956
vt 0.01275 0.77796
vt 0.01115 0.77956
vt 0.00728 0.77796
vt 0.01275 0.77569
vt 0.00728 0.77569
vt 0.01115 0.77409
vt 0.00889 0.77409
vt 0.77827 0.00728
vt 0.77636 0.05223
vt 0.77618 0.0073
vt 0.53428 0.00729
vt 0.53244 0.05224
vt 0.53219 0.00731
vt 0.53638 0.00728
vt 0.53453 0.05222
vt 0.69678 0.6087
vt 0.6987 0.65363
vt 0.69661 0.65363
vt 0.69469 0.60869
vt 0.69452 0.65362
vt 0.59667 0.05223
vt 0.59483 0.00728
vt 0.59692 0.0073
vt 0.59876 0.05224
vt 0.59901 0.00731
vt 0.77426 0.05224
vt 0.77409 0.0073
vt 0.77845 0.05222
vt 0.77654 0.09328
vt 0.5327 0.09328
vt 0.53662 0.05221
vt 0.5348 0.09327
vt 0.69697 0.56766
vt 0.69888 0.60871
vt 0.69488 0.56764
vt 0.59641 0.09328
vt 0.59458 0.05222
vt 0.5985 0.09329
vt 0.77445 0.09328
vt 0.77864 0.09326
vt 0.77673 0.13173
vt 0.53297 0.13173
vt 0.53689 0.09326
vt 0.53506 0.13171
vt 0.69716 0.52921
vt 0.69907 0.56766
vt 0.69507 0.5292
vt 0.59614 0.13173
vt 0.59432 0.09326
vt 0.59823 0.13174
vt 0.77464 0.13173
vt 0.77883 0.13171
vt 0.77691 0.16888
vt 0.53322 0.16889
vt 0.53715 0.1317
vt 0.53531 0.16887
vt 0.69734 0.49206
vt 0.69926 0.52922
vt 0.69525 0.49204
vt 0.59589 0.16888
vt 0.59405 0.13171
vt 0.59798 0.16889
vt 0.77482 0.16888
vt 0.77901 0.16886
vt 0.77707 0.20603
vt 0.53344 0.20604
vt 0.53741 0.16886
vt 0.53554 0.20602
vt 0.6975 0.4549
vt 0.69944 0.49206
vt 0.69541 0.45489
vt 0.59567 0.20603
vt 0.5938 0.16886
vt 0.59776 0.20604
vt 0.77498 0.20603
vt 0.77916 0.20602
vt 0.7772 0.24447
vt 0.53362 0.24448
vt 0.53763 0.20601
vt 0.53572 0.24447
vt 0.69763 0.41645
vt 0.6996 0.45491
vt 0.69554 0.41644
vt 0.59549 0.24447
vt 0.59357 0.20602
vt 0.59758 0.24448
vt 0.77511 0.24447
vt 0.77929 0.24446
vt 0.77729 0.28551
vt 0.53374 0.28553
vt 0.53781 0.24447
vt 0.53583 0.28552
vt 0.69772 0.3754
vt 0.69972 0.41645
vt 0.69562 0.3754
vt 0.59537 0.28552
vt 0.5934 0.24446
vt 0.59746 0.28552
vt 0.77519 0.28551
vt 0.77941 0.33044
vt 0.77938 0.28551
vt 0.53588 0.33046
vt 0.53797 0.33046
vt 0.53793 0.28552
vt 0.69984 0.33046
vt 0.69981 0.3754
vt 0.69775 0.33046
vt 0.59323 0.33044
vt 0.59328 0.28551
vt 0.59533 0.33044
vt 0.77732 0.33044
vt 0.77729 0.37537
vt 0.53374 0.37539
vt 0.53378 0.33046
vt 0.53583 0.3754
vt 0.69772 0.28552
vt 0.69562 0.28552
vt 0.69566 0.33046
vt 0.59537 0.37538
vt 0.59746 0.37537
vt 0.59742 0.33044
vt 0.77519 0.37537
vt 0.77522 0.33044
vt 0.77929 0.41641
vt 0.77938 0.37537
vt 0.53572 0.41645
vt 0.53781 0.41645
vt 0.53793 0.3754
vt 0.69972 0.24447
vt 0.69981 0.28552
vt 0.69763 0.24447
vt 0.5934 0.41643
vt 0.59328 0.37538
vt 0.59549 0.41641
vt 0.7772 0.41641
vt 0.77916 0.45486
vt 0.53554 0.4549
vt 0.53362 0.41644
vt 0.53763 0.45491
vt 0.6996 0.20601
vt 0.69554 0.24448
vt 0.6975 0.20602
vt 0.59357 0.45488
vt 0.59758 0.41641
vt 0.59567 0.45486
vt 0.77707 0.45485
vt 0.77511 0.4164
vt 0.77901 0.49201
vt 0.53531 0.49205
vt 0.53344 0.45488
vt 0.53741 0.49206
vt 0.69944 0.16886
vt 0.69541 0.20603
vt 0.69734 0.16886
vt 0.5938 0.49203
vt 0.59776 0.45485
vt 0.59589 0.49201
vt 0.77691 0.492
vt 0.77498 0.45485
vt 0.77883 0.52917
vt 0.53506 0.52921
vt 0.53322 0.49204
vt 0.53715 0.52922
vt 0.69926 0.1317
vt 0.69525 0.16888
vt 0.69716 0.13171
vt 0.59405 0.52918
vt 0.59798 0.492
vt 0.59614 0.52916
vt 0.77673 0.52915
vt 0.77482 0.492
vt 0.77864 0.56762
vt 0.5348 0.56766
vt 0.53297 0.52919
vt 0.53689 0.56766
vt 0.69907 0.09326
vt 0.69507 0.13173
vt 0.69697 0.09326
vt 0.59432 0.56763
vt 0.59823 0.52915
vt 0.59641 0.56761
vt 0.77654 0.5676
vt 0.77464 0.52915
vt 0.77845 0.60866
vt 0.53453 0.6087
vt 0.5327 0.56764
vt 0.53662 0.60871
vt 0.69888 0.05221
vt 0.69488 0.09328
vt 0.69678 0.05222
vt 0.59458 0.60867
vt 0.5985 0.5676
vt 0.59667 0.60866
vt 0.77636 0.60864
vt 0.77445 0.5676
vt 0.77827 0.65359
vt 0.53428 0.65363
vt 0.53244 0.60868
vt 0.53638 0.65363
vt 0.6987 0.00728
vt 0.69469 0.05223
vt 0.69661 0.00729
vt 0.59483 0.65361
vt 0.59876 0.60865
vt 0.59692 0.65359
vt 0.77618 0.65358
vt 0.77426 0.60864
vt 0.02732 0.77796
vt 0.03119 0.77956
vt 0.02892 0.77956
vt 0.02732 0.77569
vt 0.03279 0.77796
vt 0.02892 0.77409
vt 0.03279 0.77569
vt 0.03119 0.77409
vt 0.04896 0.77956
vt 0.05283 0.77796
vt 0.05122 0.77956
vt 0.04736 0.77796
vt 0.05283 0.77569
vt 0.04736 0.77569
vt 0.05122 0.77409
vt 0.04896 0.77409
vt 0.79816 0.00728
vt 0.79625 0.05223
vt 0.79607 0.0073
vt 0.55463 0.00729
vt 0.55279 0.05224
vt 0.55254 0.00731
vt 0.55672 0.00728
vt 0.55488 0.05222
vt 0.71668 0.6087
vt 0.71859 0.65363
vt 0.7165 0.65363
vt 0.71459 0.60869
vt 0.71441 0.65362
vt 0.61702 0.05223
vt 0.61518 0.00728
vt 0.61727 0.0073
vt 0.61911 0.05224
vt 0.61936 0.00731
vt 0.79416 0.05224
vt 0.79398 0.0073
vt 0.79834 0.05222
vt 0.79644 0.09328
vt 0.55305 0.09328
vt 0.55697 0.05221
vt 0.55514 0.09327
vt 0.71687 0.56766
vt 0.71877 0.60871
vt 0.71477 0.56764
vt 0.61676 0.09328
vt 0.61493 0.05222
vt 0.61885 0.09329
vt 0.79434 0.09328
vt 0.79853 0.09326
vt 0.79663 0.13173
vt 0.55332 0.13173
vt 0.55723 0.09326
vt 0.55541 0.13171
vt 0.71706 0.52921
vt 0.71896 0.56766
vt 0.71496 0.5292
vt 0.61649 0.13173
vt 0.61466 0.09326
vt 0.61858 0.13174
vt 0.79453 0.13173
vt 0.79872 0.13171
vt 0.79681 0.16888
vt 0.55357 0.16889
vt 0.5575 0.1317
vt 0.55566 0.16887
vt 0.71724 0.49206
vt 0.71915 0.52922
vt 0.71515 0.49204
vt 0.61624 0.16888
vt 0.6144 0.13171
vt 0.61833 0.16889
vt 0.79471 0.16888
vt 0.7989 0.16886
vt 0.79697 0.20603
vt 0.55379 0.20604
vt 0.55775 0.16886
vt 0.55588 0.20602
vt 0.7174 0.4549
vt 0.71933 0.49206
vt 0.7153 0.45489
vt 0.61601 0.20603
vt 0.61415 0.16886
vt 0.61811 0.20604
vt 0.79487 0.20603
vt 0.79906 0.20602
vt 0.79709 0.24447
vt 0.55397 0.24448
vt 0.55798 0.20601
vt 0.55606 0.24447
vt 0.71752 0.41645
vt 0.71949 0.45491
vt 0.71543 0.41644
vt 0.61584 0.24447
vt 0.61392 0.20602
vt 0.61793 0.24448
vt 0.795 0.24447
vt 0.79919 0.24446
vt 0.79718 0.28551
vt 0.55409 0.28553
vt 0.55815 0.24447
vt 0.55618 0.28552
vt 0.71761 0.3754
vt 0.71962 0.41645
vt 0.71552 0.3754
vt 0.61572 0.28552
vt 0.61374 0.24446
vt 0.61781 0.28552
vt 0.79509 0.28551
vt 0.7993 0.33044
vt 0.79927 0.28551
vt 0.55622 0.33046
vt 0.55832 0.33046
vt 0.55827 0.28552
vt 0.71973 0.33046
vt 0.7197 0.3754
vt 0.71764 0.33046
vt 0.61358 0.33044
vt 0.61362 0.28551
vt 0.61567 0.33044
vt 0.79721 0.33044
vt 0.79718 0.37537
vt 0.55409 0.37539
vt 0.55413 0.33046
vt 0.55618 0.3754
vt 0.71761 0.28552
vt 0.71552 0.28552
vt 0.71555 0.33046
vt 0.61572 0.37538
vt 0.61781 0.37537
vt 0.61777 0.33044
vt 0.79509 0.37537
vt 0.79512 0.33044
vt 0.79919 0.41641
vt 0.79927 0.37537
vt 0.55606 0.41645
vt 0.55815 0.41645
vt 0.55827 0.3754
vt 0.71962 0.24447
vt 0.7197 0.28552
vt 0.71752 0.24447
vt 0.61374 0.41643
vt 0.61362 0.37538
vt 0.61584 0.41641
vt 0.79709 0.41641
vt 0.79906 0.45486
vt 0.55588 0.4549
vt 0.55397 0.41644
vt 0.55798 0.45491
vt 0.71949 0.20601
vt 0.71543 0.24448
vt 0.7174 0.20602
vt 0.61392 0.45488
vt 0.61793 0.41641
vt 0.61601 0.45486
vt 0.79697 0.45485
vt 0.795 0.4164
vt 0.7989 0.49201
vt 0.55566 0.49205
vt 0.55379 0.45488
vt 0.55775 0.49206
vt 0.71933 0.16886
vt 0.7153 0.20603
vt 0.71724 0.16886
vt 0.61415 0.49203
vt 0.61811 0.45485
vt 0.61624 0.49201
vt 0.79681 0.492
vt 0.79487 0.45485
vt 0.79872 0.52917
vt 0.55541 0.52921
vt 0.55357 0.49204
vt 0.5575 0.52922
vt 0.71915 0.1317
vt 0.71515 0.16888
vt 0.71706 0.13171
vt 0.6144 0.52918
vt 0.61833 0.492
vt 0.61649 0.52916
vt 0.79663 0.52915
vt 0.79471 0.492
vt 0.79853 0.56762
vt 0.55514 0.56766
vt 0.55332 0.52919
vt 0.55723 0.56766
vt 0.71896 0.09326
vt 0.71496 0.13173
vt 0.71687 0.09326
vt 0.61466 0.56763
vt 0.61858 0.52915
vt 0.61676 0.56761
vt 0.79644 0.5676
vt 0.79453 0.52915
vt 0.79834 0.60866
vt 0.55488 0.6087
vt 0.55305 0.56764
vt 0.55697 0.60871
vt 0.71877 0.05221
vt 0.71477 0.09328
vt 0.71668 0.05222
vt 0.61493 0.60867
vt 0.61885 0.5676
vt 0.61702 0.60866
vt 0.79625 0.60864
vt 0.79434 0.5676
vt 0.79816 0.65359
vt 0.55463 0.65363
vt 0.55279 0.60868
vt 0.55672 0.65363
vt 0.71859 0.00728
vt 0.71459 0.05223
vt 0.7165 0.00729
vt 0.61518 0.65361
vt 0.61911 0.60865
vt 0.61727 0.65359
vt 0.79607 0.65358
vt 0.79416 0.60864
vt 0.57222 0.74175
vt 0.57608 0.74335
vt 0.57382 0.74335
vt 0.57222 0.73949
vt 0.57768 0.74175
vt 0.57382 0.73789
vt 0.57768 0.73949
vt 0.57608 0.73789
vt 0.39453 0.77224
vt 0.39839 0.77064
vt 0.39679 0.77224
vt 0.39293 0.77064
vt 0.39839 0.76837
vt 0.39293 0.76837
vt 0.39679 0.76677
vt 0.39453 0.76677
vt 0.81805 0.00728
vt 0.81614 0.05223
vt 0.81596 0.0073
vt 0.57498 0.00729
vt 0.57313 0.05224
vt 0.57289 0.00731
vt 0.57707 0.00728
vt 0.57523 0.05222
vt 0.73657 0.6087
vt 0.73849 0.65363
vt 0.73639 0.65363
vt 0.73448 0.60869
vt 0.7343 0.65362
vt 0.63737 0.05223
vt 0.63552 0.00728
vt 0.63761 0.0073
vt 0.63946 0.05224
vt 0.63971 0.00731
vt 0.81405 0.05224
vt 0.81387 0.0073
vt 0.81823 0.05222
vt 0.81633 0.09328
vt 0.5734 0.09328
vt 0.57732 0.05221
vt 0.57549 0.09327
vt 0.73676 0.56766
vt 0.73866 0.60871
vt 0.73467 0.56764
vt 0.6371 0.09328
vt 0.63528 0.05222
vt 0.63919 0.09329
vt 0.81424 0.09328
vt 0.81842 0.09326
vt 0.81652 0.13173
vt 0.57366 0.13173
vt 0.57758 0.09326
vt 0.57576 0.13171
vt 0.73695 0.52921
vt 0.73885 0.56766
vt 0.73486 0.5292
vt 0.63684 0.13173
vt 0.63501 0.09326
vt 0.63893 0.13174
vt 0.81443 0.13173
vt 0.81861 0.13171
vt 0.8167 0.16888
vt 0.57392 0.16889
vt 0.57785 0.1317
vt 0.57601 0.16887
vt 0.73713 0.49206
vt 0.73904 0.52922
vt 0.73504 0.49204
vt 0.63658 0.16888
vt 0.63475 0.13171
vt 0.63868 0.16889
vt 0.81461 0.16888
vt 0.81879 0.16886
vt 0.81686 0.20603
vt 0.57414 0.20604
vt 0.5781 0.16886
vt 0.57623 0.20602
vt 0.73729 0.4549
vt 0.73922 0.49206
vt 0.7352 0.45489
vt 0.63636 0.20603
vt 0.63449 0.16886
vt 0.63845 0.20604
vt 0.81477 0.20603
vt 0.81895 0.20602
vt 0.81699 0.24447
vt 0.57432 0.24448
vt 0.57832 0.20601
vt 0.57641 0.24447
vt 0.73742 0.41645
vt 0.73938 0.45491
vt 0.73532 0.41644
vt 0.63618 0.24447
vt 0.63427 0.20602
vt 0.63828 0.24448
vt 0.81489 0.24447
vt 0.81908 0.24446
vt 0.81707 0.28551
vt 0.57444 0.28553
vt 0.5785 0.24447
vt 0.57653 0.28552
vt 0.7375 0.3754
vt 0.73951 0.41645
vt 0.73541 0.3754
vt 0.63606 0.28552
vt 0.63409 0.24446
vt 0.63816 0.28552
vt 0.81498 0.28551
vt 0.81919 0.33044
vt 0.81916 0.28551
vt 0.57657 0.33046
vt 0.57866 0.33046
vt 0.57862 0.28552
vt 0.73962 0.33046
vt 0.73959 0.3754
vt 0.73753 0.33046
vt 0.63393 0.33044
vt 0.63397 0.28551
vt 0.63602 0.33044
vt 0.8171 0.33044
vt 0.81707 0.37537
vt 0.57444 0.37539
vt 0.57448 0.33046
vt 0.57653 0.3754
vt 0.7375 0.28552
vt 0.73541 0.28552
vt 0.73544 0.33046
vt 0.63606 0.37538
vt 0.63816 0.37537
vt 0.63811 0.33044
vt 0.81498 0.37537
vt 0.81501 0.33044
vt 0.81908 0.41641
vt 0.81916 0.37537
vt 0.57641 0.41645
vt 0.5785 0.41645
vt 0.57862 0.3754
vt 0.73951 0.24447
vt 0.73959 0.28552
vt 0.73742 0.24447
vt 0.63409 0.41643
vt 0.63397 0.37538
vt 0.63618 0.41641
vt 0.81699 0.41641
vt 0.81895 0.45486
vt 0.57623 0.4549
vt 0.57432 0.41644
vt 0.57832 0.45491
vt 0.73938 0.20601
vt 0.73532 0.24448
vt 0.73729 0.20602
vt 0.63427 0.45488
vt 0.63828 0.41641
vt 0.63636 0.45486
vt 0.81686 0.45485
vt 0.81489 0.4164
vt 0.81879 0.49201
vt 0.57601 0.49205
vt 0.57414 0.45488
vt 0.5781 0.49206
vt 0.73922 0.16886
vt 0.7352 0.20603
vt 0.73713 0.16886
vt 0.63449 0.49203
vt 0.63845 0.45485
vt 0.63658 0.49201
vt 0.8167 0.492
vt 0.81477 0.45485
vt 0.81861 0.52917
vt 0.57576 0.52921
vt 0.57392 0.49204
vt 0.57785 0.52922
vt 0.73904 0.1317
vt 0.73504 0.16888
vt 0.73695 0.13171
vt 0.63475 0.52918
vt 0.63868 0.492
vt 0.63684 0.52916
vt 0.81652 0.52915
vt 0.81461 0.492
vt 0.81842 0.56762
vt 0.57549 0.56766
vt 0.57366 0.52919
vt 0.57758 0.56766
vt 0.73885 0.09326
vt 0.73486 0.13173
vt 0.73676 0.09326
vt 0.63501 0.56763
vt 0.63893 0.52915
vt 0.6371 0.56761
vt 0.81633 0.5676
vt 0.81443 0.52915
vt 0.81823 0.60866
vt 0.57523 0.6087
vt 0.5734 0.56764
vt 0.57732 0.60871
vt 0.73866 0.05221
vt 0.73467 0.09328
vt 0.73657 0.05222
vt 0.63528 0.60867
vt 0.63919 0.5676
vt 0.63737 0.60866
vt 0.81614 0.60864
vt 0.81424 0.5676
vt 0.81805 0.65359
vt 0.57498 0.65363
vt 0.57313 0.60868
vt 0.57707 0.65363
vt 0.73849 0.00728
vt 0.73448 0.05223
vt 0.73639 0.00729
vt 0.63552 0.65361
vt 0.63946 0.60865
vt 0.63761 0.65359
vt 0.81596 0.65358
vt 0.81405 0.60864
vt 0.29345 0.77435
vt 0.29324 0.77414
vt 0.29345 0.77409
vt 0.73909 0.78143
vt 0.7393 0.78122
vt 0.73935 0.78143
vt 0.83443 0.73174
vt 0.83464 0.73195
vt 0.83443 0.732
vt 0.73868 0.78143
vt 0.73847 0.78122
vt 0.73868 0.78117
vt 0.45971 0.78202
vt 0.4595 0.78224
vt 0.45946 0.78202
vt 0.83402 0.73174
vt 0.83381 0.73195
vt 0.83376 0.73174
vt 0.29432 0.77435
vt 0.29453 0.77414
vt 0.29457 0.77435
vt 0.83443 0.73088
vt 0.83464 0.73067
vt 0.83469 0.73088
vt 0.69083 0.79897
vt 0.69062 0.79876
vt 0.69083 0.79871
vt 0.46058 0.78202
vt 0.46079 0.78224
vt 0.46058 0.78228
vt 0.69124 0.79897
vt 0.69145 0.79876
vt 0.6915 0.79897
vt 0.83402 0.73088
vt 0.83381 0.73067
vt 0.83402 0.73062
vt 0.29345 0.77681
vt 0.29324 0.77702
vt 0.29319 0.77681
vt 0.83443 0.74683
vt 0.83464 0.74662
vt 0.83469 0.74683
vt 0.73909 0.78389
vt 0.7393 0.7841
vt 0.73909 0.78414
vt 0.45971 0.77957
vt 0.4595 0.77936
vt 0.45971 0.77931
vt 0.73868 0.78389
vt 0.73847 0.7841
vt 0.73842 0.78389
vt 0.83402 0.74683
vt 0.83381 0.74662
vt 0.83402 0.74657
vt 0.29432 0.77681
vt 0.29453 0.77702
vt 0.29432 0.77706
vt 0.69083 0.80143
vt 0.69062 0.80164
vt 0.69058 0.80143
vt 0.83443 0.74769
vt 0.83464 0.7479
vt 0.83443 0.74795
vt 0.46058 0.77957
vt 0.46079 0.77936
vt 0.46084 0.77957
vt 0.83402 0.74769
vt 0.83381 0.7479
vt 0.83376 0.74769
vt 0.69124 0.80143
vt 0.69145 0.80164
vt 0.69124 0.80169
vt 0.29432 0.77409
vt 0.83469 0.73174
vt 0.73909 0.78117
vt 0.83402 0.732
vt 0.45971 0.78228
vt 0.83376 0.73088
vt 0.69124 0.79871
vt 0.83443 0.73062
vt 0.29457 0.77681
vt 0.69058 0.79897
vt 0.46084 0.78202
vt 0.6915 0.80143
vt 0.83402 0.74795
vt 0.69083 0.80169
vt 0.29345 0.77706
vt 0.83469 0.74769
vt 0.46058 0.77931
vt 0.83376 0.74683
vt 0.73868 0.78414
vt 0.83443 0.74657
vt 0.29319 0.77435
vt 0.73935 0.78389
vt 0.45946 0.77957
vt 0.73842 0.78143
vt 0.47567 0.77957
vt 0.47546 0.77936
vt 0.47567 0.77931
vt 0.70719 0.79897
vt 0.7074 0.79876
vt 0.70745 0.79897
vt 0.83443 0.76364
vt 0.83464 0.76385
vt 0.83443 0.7639
vt 0.70678 0.79897
vt 0.70657 0.79876
vt 0.70678 0.79871
vt 0.49162 0.78202
vt 0.49141 0.78223
vt 0.49136 0.78202
vt 0.83402 0.76364
vt 0.83381 0.76385
vt 0.83376 0.76364
vt 0.47653 0.77957
vt 0.47674 0.77936
vt 0.47679 0.77957
vt 0.83443 0.76278
vt 0.83464 0.76257
vt 0.83469 0.76278
vt 0.72314 0.80143
vt 0.72335 0.80164
vt 0.72314 0.80169
vt 0.49248 0.78202
vt 0.49269 0.78223
vt 0.49248 0.78228
vt 0.72273 0.80143
vt 0.72252 0.80164
vt 0.72247 0.80143
vt 0.83402 0.76278
vt 0.83381 0.76257
vt 0.83402 0.76252
vt 0.47567 0.78202
vt 0.47546 0.78224
vt 0.47541 0.78202
vt 0.83443 0.77873
vt 0.83464 0.77852
vt 0.83469 0.77873
vt 0.70719 0.80143
vt 0.7074 0.80164
vt 0.70719 0.80169
vt 0.49162 0.77957
vt 0.49141 0.77936
vt 0.49162 0.77931
vt 0.70678 0.80143
vt 0.70657 0.80164
vt 0.70652 0.80143
vt 0.83402 0.77873
vt 0.83381 0.77852
vt 0.83402 0.77847
vt 0.47653 0.78202
vt 0.47674 0.78224
vt 0.47653 0.78228
vt 0.72314 0.79897
vt 0.72335 0.79876
vt 0.7234 0.79897
vt 0.83443 0.77959
vt 0.83464 0.7798
vt 0.83443 0.77985
vt 0.49248 0.77957
vt 0.49269 0.77936
vt 0.49274 0.77957
vt 0.83402 0.77959
vt 0.83381 0.7798
vt 0.83376 0.77959
vt 0.72273 0.79897
vt 0.72252 0.79876
vt 0.72273 0.79871
vt 0.47653 0.77931
vt 0.83469 0.76364
vt 0.70719 0.79871
vt 0.83402 0.7639
vt 0.49162 0.78228
vt 0.83376 0.76278
vt 0.72273 0.80169
vt 0.83443 0.76252
vt 0.47679 0.78202
vt 0.7234 0.80143
vt 0.49274 0.78202
vt 0.72247 0.79897
vt 0.83402 0.77985
vt 0.72314 0.79871
vt 0.47567 0.78228
vt 0.83469 0.77959
vt 0.49248 0.77931
vt 0.83376 0.77873
vt 0.70678 0.80169
vt 0.83443 0.77847
vt 0.47541 0.77957
vt 0.70745 0.80143
vt 0.49136 0.77957
vt 0.70652 0.79897
vt 0.21145 0.79189
vt 0.21124 0.79168
vt 0.21145 0.79163
vt 0.70674 0.81651
vt 0.70695 0.8163
vt 0.70699 0.81651
vt 0.83443 0.79554
vt 0.83464 0.79575
vt 0.83443 0.7958
vt 0.70633 0.81651
vt 0.70612 0.8163
vt 0.70633 0.81626
vt 0.2274 0.79435
vt 0.22719 0.79456
vt 0.22715 0.79435
vt 0.83402 0.79554
vt 0.83381 0.79575
vt 0.83376 0.79554
vt 0.21232 0.79189
vt 0.21253 0.79168
vt 0.21257 0.79189
vt 0.83443 0.79468
vt 0.83464 0.79447
vt 0.83469 0.79468
vt 0.72273 0.81651
vt 0.72252 0.8163
vt 0.72273 0.81626
vt 0.22827 0.79435
vt 0.22848 0.79456
vt 0.22827 0.79461
vt 0.72314 0.81651
vt 0.72335 0.8163
vt 0.7234 0.81651
vt 0.83402 0.79468
vt 0.83381 0.79447
vt 0.83402 0.79442
vt 0.21145 0.79435
vt 0.21124 0.79456
vt 0.21119 0.79435
vt 0.83443 0.81063
vt 0.83464 0.81042
vt 0.83469 0.81063
vt 0.70674 0.81897
vt 0.70695 0.81918
vt 0.70674 0.81923
vt 0.2274 0.79189
vt 0.22719 0.79168
vt 0.2274 0.79163
vt 0.70633 0.81897
vt 0.70612 0.81918
vt 0.70607 0.81897
vt 0.83402 0.81063
vt 0.83381 0.81042
vt 0.83402 0.81037
vt 0.21232 0.79435
vt 0.21253 0.79456
vt 0.21232 0.79461
vt 0.72273 0.81897
vt 0.72252 0.81918
vt 0.72247 0.81897
vt 0.83443 0.81149
vt 0.83464 0.8117
vt 0.83443 0.81175
vt 0.22827 0.79189
vt 0.22848 0.79168
vt 0.22853 0.79189
vt 0.83402 0.81149
vt 0.83381 0.8117
vt 0.83376 0.81149
vt 0.72314 0.81897
vt 0.72335 0.81918
vt 0.72314 0.81923
vt 0.21232 0.79163
vt 0.83469 0.79554
vt 0.70674 0.81626
vt 0.83402 0.7958
vt 0.2274 0.79461
vt 0.83376 0.79468
vt 0.72314 0.81626
vt 0.83443 0.79442
vt 0.21257 0.79435
vt 0.72247 0.81651
vt 0.22853 0.79435
vt 0.7234 0.81897
vt 0.83402 0.81175
vt 0.72273 0.81923
vt 0.21145 0.79461
vt 0.83469 0.81149
vt 0.22827 0.79163
vt 0.83376 0.81063
vt 0.70633 0.81923
vt 0.83443 0.81037
vt 0.21119 0.79189
vt 0.70699 0.81897
vt 0.22715 0.79189
vt 0.70607 0.81651
vt 0.24335 0.79189
vt 0.24314 0.79168
vt 0.24335 0.79163
vt 0.73864 0.81651
vt 0.73885 0.8163
vt 0.73889 0.81651
vt 0.83443 0.82744
vt 0.83464 0.82765
vt 0.83443 0.8277
vt 0.73823 0.81651
vt 0.73802 0.8163
vt 0.73823 0.81626
vt 0.2593 0.79435
vt 0.25909 0.79456
vt 0.25905 0.79435
vt 0.83402 0.82744
vt 0.83381 0.82765
vt 0.83376 0.82744
vt 0.24422 0.79189
vt 0.24443 0.79168
vt 0.24447 0.79189
vt 0.83443 0.82658
vt 0.83464 0.82637
vt 0.83469 0.82658
vt 0.53374 0.8197
vt 0.53353 0.81949
vt 0.53374 0.81944
vt 0.26017 0.79435
vt 0.26038 0.79456
vt 0.26017 0.79461
vt 0.53415 0.8197
vt 0.53436 0.81949
vt 0.53441 0.8197
vt 0.83402 0.82658
vt 0.83381 0.82637
vt 0.83402 0.82632
vt 0.24335 0.79435
vt 0.24314 0.79456
vt 0.2431 0.79435
vt 0.67529 0.83406
vt 0.6755 0.83385
vt 0.67555 0.83406
vt 0.73864 0.81897
vt 0.73885 0.81918
vt 0.73864 0.81923
vt 0.2593 0.79189
vt 0.25909 0.79168
vt 0.2593 0.79163
vt 0.73823 0.81897
vt 0.73802 0.81918
vt 0.73797 0.81897
vt 0.67488 0.83406
vt 0.67467 0.83385
vt 0.67488 0.8338
vt 0.24422 0.79435
vt 0.24443 0.79456
vt 0.24422 0.79461
vt 0.53374 0.82216
vt 0.53353 0.82237
vt 0.53349 0.82216
vt 0.67529 0.83492
vt 0.6755 0.83513
vt 0.67529 0.83518
vt 0.26017 0.79189
vt 0.26038 0.79168
vt 0.26043 0.79189
vt 0.67488 0.83492
vt 0.67467 0.83513
vt 0.67462 0.83492
vt 0.53415 0.82216
vt 0.53436 0.82237
vt 0.53415 0.82242
vt 0.24422 0.79163
vt 0.83469 0.82744
vt 0.73864 0.81626
vt 0.83402 0.8277
vt 0.2593 0.79461
vt 0.83376 0.82658
vt 0.53415 0.81944
vt 0.83443 0.82632
vt 0.24447 0.79435
vt 0.53349 0.8197
vt 0.26043 0.79435
vt 0.53441 0.82216
vt 0.67488 0.83518
vt 0.53374 0.82242
vt 0.24335 0.79461
vt 0.67555 0.83492
vt 0.26017 0.79163
vt 0.67462 0.83406
vt 0.73823 0.81923
vt 0.67529 0.8338
vt 0.2431 0.79189
vt 0.73889 0.81897
vt 0.25905 0.79189
vt 0.73797 0.81651
vt 0.57703 0.78052
vt 0.57682 0.78031
vt 0.57703 0.78026
vt 0.73909 0.79897
vt 0.7393 0.79876
vt 0.73935 0.79897
vt 0.69079 0.83492
vt 0.691 0.83513
vt 0.69079 0.83518
vt 0.73868 0.79897
vt 0.73847 0.79876
vt 0.73868 0.79871
vt 0.67488 0.78389
vt 0.67467 0.7841
vt 0.67462 0.78389
vt 0.69038 0.83492
vt 0.69017 0.83513
vt 0.69012 0.83492
vt 0.57789 0.78052
vt 0.5781 0.78031
vt 0.57815 0.78052
vt 0.69079 0.83406
vt 0.691 0.83385
vt 0.69104 0.83406
vt 0.53415 0.80461
vt 0.53436 0.80483
vt 0.53415 0.80487
vt 0.67575 0.78389
vt 0.67596 0.7841
vt 0.67575 0.78414
vt 0.53374 0.80461
vt 0.53353 0.80483
vt 0.53349 0.80461
vt 0.69038 0.83406
vt 0.69017 0.83385
vt 0.69038 0.8338
vt 0.57703 0.78297
vt 0.57682 0.78318
vt 0.57677 0.78297
vt 0.70674 0.83406
vt 0.70695 0.83385
vt 0.70699 0.83406
vt 0.73909 0.80143
vt 0.7393 0.80164
vt 0.73909 0.80169
vt 0.67488 0.78143
vt 0.67467 0.78122
vt 0.67488 0.78117
vt 0.73868 0.80143
vt 0.73847 0.80164
vt 0.73842 0.80143
vt 0.70633 0.83406
vt 0.70612 0.83385
vt 0.70633 0.8338
vt 0.57789 0.78297
vt 0.5781 0.78318
vt 0.57789 0.78323
vt 0.53415 0.80216
vt 0.53436 0.80195
vt 0.53441 0.80216
vt 0.70674 0.83492
vt 0.70695 0.83513
vt 0.70674 0.83518
vt 0.67575 0.78143
vt 0.67596 0.78122
vt 0.676 0.78143
vt 0.70633 0.83492
vt 0.70612 0.83513
vt 0.70607 0.83492
vt 0.53374 0.80216
vt 0.53353 0.80195
vt 0.53374 0.8019
vt 0.57789 0.78026
vt 0.69104 0.83492
vt 0.73909 0.79871
vt 0.69038 0.83518
vt 0.67488 0.78414
vt 0.69012 0.83406
vt 0.53374 0.80487
vt 0.69079 0.8338
vt 0.57815 0.78297
vt 0.53441 0.80461
vt 0.676 0.78389
vt 0.53349 0.80216
vt 0.70633 0.83518
vt 0.53415 0.8019
vt 0.57703 0.78323
vt 0.70699 0.83492
vt 0.67575 0.78117
vt 0.70607 0.83406
vt 0.73868 0.80169
vt 0.70674 0.8338
vt 0.57677 0.78052
vt 0.73935 0.80143
vt 0.67462 0.78143
vt 0.73842 0.79897
vt 0.09955 0.77435
vt 0.09934 0.77414
vt 0.09955 0.77409
vt 0.14761 0.80944
vt 0.14782 0.80922
vt 0.14786 0.80944
vt 0.57744 0.72196
vt 0.57765 0.72217
vt 0.57744 0.72222
vt 0.1472 0.80944
vt 0.14699 0.80922
vt 0.1472 0.80918
vt 0.11575 0.77681
vt 0.11554 0.77702
vt 0.11549 0.77681
vt 0.57703 0.72196
vt 0.57682 0.72217
vt 0.57677 0.72196
vt 0.10042 0.77435
vt 0.10063 0.77414
vt 0.10068 0.77435
vt 0.57744 0.72109
vt 0.57765 0.72088
vt 0.57769 0.72109
vt 0.1631 0.81189
vt 0.16331 0.8121
vt 0.1631 0.81215
vt 0.11661 0.77681
vt 0.11683 0.77702
vt 0.11661 0.77706
vt 0.16269 0.81189
vt 0.16248 0.8121
vt 0.16243 0.81189
vt 0.57703 0.72109
vt 0.57682 0.72088
vt 0.57703 0.72084
vt 0.09955 0.77681
vt 0.09934 0.77702
vt 0.0993 0.77681
vt 0.19591 0.82698
vt 0.19612 0.82677
vt 0.19617 0.82698
vt 0.14761 0.81189
vt 0.14782 0.8121
vt 0.14761 0.81215
vt 0.11575 0.77435
vt 0.11554 0.77414
vt 0.11575 0.77409
vt 0.1472 0.81189
vt 0.14699 0.8121
vt 0.14694 0.81189
vt 0.1955 0.82698
vt 0.19529 0.82677
vt 0.1955 0.82672
vt 0.10042 0.77681
vt 0.10063 0.77702
vt 0.10042 0.77706
vt 0.1631 0.80944
vt 0.16331 0.80922
vt 0.16336 0.80944
vt 0.19591 0.82784
vt 0.19612 0.82805
vt 0.19591 0.8281
vt 0.11661 0.77435
vt 0.11683 0.77414
vt 0.11687 0.77435
vt 0.1955 0.82784
vt 0.19529 0.82805
vt 0.19525 0.82784
vt 0.16269 0.80944
vt 0.16248 0.80922
vt 0.16269 0.80918
vt 0.10042 0.77409
vt 0.57769 0.72196
vt 0.14761 0.80918
vt 0.57703 0.72222
vt 0.11575 0.77706
vt 0.57677 0.72109
vt 0.16269 0.81215
vt 0.57744 0.72084
vt 0.10068 0.77681
vt 0.16336 0.81189
vt 0.11687 0.77681
vt 0.16243 0.80944
vt 0.1955 0.8281
vt 0.1631 0.80918
vt 0.09955 0.77706
vt 0.19617 0.82784
vt 0.11661 0.77409
vt 0.19525 0.82698
vt 0.1472 0.81215
vt 0.19591 0.82672
vt 0.0993 0.77435
vt 0.14786 0.81189
vt 0.11549 0.77435
vt 0.14694 0.80944
vt 0.69083 0.78143
vt 0.69062 0.78122
vt 0.69083 0.78117
vt 0.5501 0.80216
vt 0.55031 0.80195
vt 0.55036 0.80216
vt 0.72223 0.83492
vt 0.72244 0.83513
vt 0.72223 0.83518
vt 0.54969 0.80216
vt 0.54948 0.80195
vt 0.54969 0.8019
vt 0.70678 0.78389
vt 0.70657 0.7841
vt 0.70652 0.78389
vt 0.72182 0.83492
vt 0.72161 0.83513
vt 0.72157 0.83492
vt 0.6917 0.78143
vt 0.69191 0.78122
vt 0.69195 0.78143
vt 0.72223 0.83406
vt 0.72244 0.83385
vt 0.72249 0.83406
vt 0.64885 0.8055
vt 0.64906 0.80571
vt 0.64885 0.80575
vt 0.70765 0.78389
vt 0.70786 0.7841
vt 0.70765 0.78414
vt 0.64844 0.8055
vt 0.64823 0.80571
vt 0.64818 0.8055
vt 0.72182 0.83406
vt 0.72161 0.83385
vt 0.72182 0.8338
vt 0.69083 0.78389
vt 0.69062 0.7841
vt 0.69058 0.78389
vt 0.73864 0.83406
vt 0.73885 0.83385
vt 0.73889 0.83406
vt 0.5501 0.80461
vt 0.55031 0.80483
vt 0.5501 0.80487
vt 0.70678 0.78143
vt 0.70657 0.78122
vt 0.70678 0.78117
vt 0.54969 0.80461
vt 0.54948 0.80483
vt 0.54944 0.80461
vt 0.73823 0.83406
vt 0.73802 0.83385
vt 0.73823 0.8338
vt 0.6917 0.78389
vt 0.69191 0.7841
vt 0.6917 0.78414
vt 0.64885 0.80304
vt 0.64906 0.80283
vt 0.6491 0.80304
vt 0.73864 0.83492
vt 0.73885 0.83513
vt 0.73864 0.83518
vt 0.70765 0.78143
vt 0.70786 0.78122
vt 0.70791 0.78143
vt 0.73823 0.83492
vt 0.73802 0.83513
vt 0.73797 0.83492
vt 0.64844 0.80304
vt 0.64823 0.80283
vt 0.64844 0.80278
vt 0.6917 0.78117
vt 0.72249 0.83492
vt 0.5501 0.8019
vt 0.72182 0.83518
vt 0.70678 0.78414
vt 0.72157 0.83406
vt 0.64844 0.80575
vt 0.72223 0.8338
vt 0.69195 0.78389
vt 0.6491 0.8055
vt 0.70791 0.78389
vt 0.64818 0.80304
vt 0.73823 0.83518
vt 0.64885 0.80278
vt 0.69083 0.78414
vt 0.73889 0.83492
vt 0.70765 0.78117
vt 0.73797 0.83406
vt 0.54969 0.80487
vt 0.73864 0.8338
vt 0.69058 0.78143
vt 0.55036 0.80461
vt 0.70652 0.78143
vt 0.54944 0.80216
vt 0.31052 0.78845
vt 0.31032 0.78824
vt 0.31052 0.78819
vt 0.17996 0.80944
vt 0.18017 0.80922
vt 0.18022 0.80944
vt 0.75486 0.83794
vt 0.75507 0.83815
vt 0.75486 0.8382
vt 0.17955 0.80944
vt 0.17934 0.80922
vt 0.17955 0.80918
vt 0.32987 0.79113
vt 0.32966 0.79134
vt 0.32961 0.79113
vt 0.75445 0.83794
vt 0.75424 0.83815
vt 0.75419 0.83794
vt 0.31139 0.78845
vt 0.3116 0.78824
vt 0.31165 0.78845
vt 0.75486 0.83708
vt 0.75507 0.83687
vt 0.75512 0.83708
vt 0.19591 0.81189
vt 0.19612 0.8121
vt 0.19591 0.81215
vt 0.33073 0.79113
vt 0.33094 0.79134
vt 0.33073 0.79139
vt 0.1955 0.81189
vt 0.19529 0.8121
vt 0.19525 0.81189
vt 0.75445 0.83708
vt 0.75424 0.83687
vt 0.75445 0.83682
vt 0.31052 0.79091
vt 0.31032 0.79112
vt 0.31027 0.79091
vt 0.77036 0.83708
vt 0.77057 0.83687
vt 0.77061 0.83708
vt 0.17996 0.81189
vt 0.18017 0.8121
vt 0.17996 0.81215
vt 0.32987 0.78867
vt 0.32966 0.78846
vt 0.32987 0.78841
vt 0.17955 0.81189
vt 0.17934 0.8121
vt 0.17929 0.81189
vt 0.76995 0.83708
vt 0.76974 0.83687
vt 0.76995 0.83682
vt 0.31139 0.79091
vt 0.3116 0.79112
vt 0.31139 0.79116
vt 0.19591 0.80944
vt 0.19612 0.80922
vt 0.19617 0.80944
vt 0.77036 0.83794
vt 0.77057 0.83815
vt 0.77036 0.8382
vt 0.33073 0.78867
vt 0.33094 0.78846
vt 0.33099 0.78867
vt 0.76995 0.83794
vt 0.76974 0.83815
vt 0.76969 0.83794
vt 0.1955 0.80944
vt 0.19529 0.80922
vt 0.1955 0.80918
vt 0.31139 0.78819
vt 0.75512 0.83794
vt 0.17996 0.80918
vt 0.75445 0.8382
vt 0.32987 0.79139
vt 0.75419 0.83708
vt 0.1955 0.81215
vt 0.75486 0.83682
vt 0.31165 0.79091
vt 0.19617 0.81189
vt 0.33099 0.79113
vt 0.76995 0.8382
vt 0.19591 0.80918
vt 0.31052 0.79116
vt 0.77061 0.83794
vt 0.33073 0.78841
vt 0.76969 0.83708
vt 0.17955 0.81215
vt 0.77036 0.83682
vt 0.31027 0.78845
vt 0.32961 0.78867
vt 0.17929 0.80944
vt 0.27525 0.79189
vt 0.27504 0.79168
vt 0.27525 0.79163
vt 0.54965 0.8197
vt 0.54986 0.81949
vt 0.5499 0.8197
vt 0.78585 0.83794
vt 0.78606 0.83815
vt 0.78585 0.8382
vt 0.54924 0.8197
vt 0.54903 0.81949
vt 0.54924 0.81944
vt 0.2912 0.79435
vt 0.29099 0.79456
vt 0.29095 0.79435
vt 0.78544 0.83794
vt 0.78523 0.83815
vt 0.78518 0.83794
vt 0.27612 0.79189
vt 0.27633 0.79168
vt 0.27638 0.79189
vt 0.78585 0.83708
vt 0.78606 0.83687
vt 0.78611 0.83708
vt 0.64885 0.82304
vt 0.64906 0.82325
vt 0.64885 0.8233
vt 0.29207 0.79435
vt 0.29228 0.79456
vt 0.29207 0.79461
vt 0.64844 0.82304
vt 0.64823 0.82325
vt 0.64818 0.82304
vt 0.78544 0.83708
vt 0.78523 0.83687
vt 0.78544 0.83682
vt 0.27525 0.79435
vt 0.27504 0.79456
vt 0.275 0.79435
vt 0.80135 0.83708
vt 0.80156 0.83687
vt 0.8016 0.83708
vt 0.54965 0.82216
vt 0.54986 0.82237
vt 0.54965 0.82242
vt 0.2912 0.79189
vt 0.29099 0.79168
vt 0.2912 0.79163
vt 0.54924 0.82216
vt 0.54903 0.82237
vt 0.54898 0.82216
vt 0.80094 0.83708
vt 0.80073 0.83687
vt 0.80094 0.83682
vt 0.27612 0.79435
vt 0.27633 0.79456
vt 0.27612 0.79461
vt 0.64885 0.82058
vt 0.64906 0.82037
vt 0.6491 0.82058
vt 0.80135 0.83794
vt 0.80156 0.83815
vt 0.80135 0.8382
vt 0.29207 0.79189
vt 0.29228 0.79168
vt 0.29233 0.79189
vt 0.80094 0.83794
vt 0.80073 0.83815
vt 0.80068 0.83794
vt 0.64844 0.82058
vt 0.64823 0.82037
vt 0.64844 0.82032
vt 0.27612 0.79163
vt 0.78611 0.83794
vt 0.54965 0.81944
vt 0.78544 0.8382
vt 0.2912 0.79461
vt 0.78518 0.83708
vt 0.64844 0.8233
vt 0.78585 0.83682
vt 0.27638 0.79435
vt 0.6491 0.82304
vt 0.29233 0.79435
vt 0.64818 0.82058
vt 0.80094 0.8382
vt 0.64885 0.82032
vt 0.27525 0.79461
vt 0.8016 0.83794
vt 0.29207 0.79163
vt 0.80068 0.83708
vt 0.54924 0.82242
vt 0.80135 0.83682
vt 0.275 0.79189
vt 0.5499 0.82216
vt 0.29095 0.79189
vt 0.54898 0.8197
vt 0.00754 0.79439
vt 0.00733 0.79417
vt 0.00754 0.79413
vt 0.51251 0.82061
vt 0.51272 0.8204
vt 0.51277 0.82061
vt 0.81684 0.83794
vt 0.81705 0.83815
vt 0.81684 0.8382
vt 0.5121 0.82061
vt 0.51189 0.8204
vt 0.5121 0.82035
vt 0.04762 0.79684
vt 0.04741 0.79705
vt 0.04736 0.79684
vt 0.81643 0.83794
vt 0.81622 0.83815
vt 0.81617 0.83794
vt 0.00841 0.79439
vt 0.00862 0.79417
vt 0.00867 0.79439
vt 0.81684 0.83708
vt 0.81705 0.83687
vt 0.8171 0.83708
vt 0.37356 0.82461
vt 0.37377 0.82482
vt 0.37356 0.82487
vt 0.04848 0.79684
vt 0.04869 0.79705
vt 0.04848 0.7971
vt 0.37315 0.82461
vt 0.37294 0.82482
vt 0.37289 0.82461
vt 0.81643 0.83708
vt 0.81622 0.83687
vt 0.81643 0.83682
vt 0.00754 0.79684
vt 0.00733 0.79705
vt 0.00728 0.79684
vt 0.5939 0.83709
vt 0.59411 0.83688
vt 0.59416 0.83709
vt 0.51251 0.82307
vt 0.51272 0.82328
vt 0.51251 0.82333
vt 0.04762 0.79439
vt 0.04741 0.79417
vt 0.04762 0.79413
vt 0.5121 0.82307
vt 0.51189 0.82328
vt 0.51184 0.82307
vt 0.59349 0.83709
vt 0.59328 0.83688
vt 0.59349 0.83683
vt 0.00841 0.79684
vt 0.00862 0.79705
vt 0.00841 0.7971
vt 0.37356 0.82215
vt 0.37377 0.82194
vt 0.37382 0.82215
vt 0.5939 0.83795
vt 0.59411 0.83816
vt 0.5939 0.83821
vt 0.04848 0.79439
vt 0.04869 0.79417
vt 0.04874 0.79439
vt 0.59349 0.83795
vt 0.59328 0.83816
vt 0.59323 0.83795
vt 0.37315 0.82215
vt 0.37294 0.82194
vt 0.37315 0.82189
vt 0.00841 0.79413
vt 0.8171 0.83794
vt 0.51251 0.82035
vt 0.81643 0.8382
vt 0.04762 0.7971
vt 0.81617 0.83708
vt 0.37315 0.82487
vt 0.81684 0.83682
vt 0.00867 0.79684
vt 0.37382 0.82461
vt 0.04874 0.79684
vt 0.37289 0.82215
vt 0.59349 0.83821
vt 0.37356 0.82189
vt 0.00754 0.7971
vt 0.59416 0.83795
vt 0.04848 0.79413
vt 0.59323 0.83709
vt 0.5121 0.82333
vt 0.5939 0.83683
vt 0.00728 0.79439
vt 0.51277 0.82307
vt 0.04736 0.79439
vt 0.51184 0.82061
vt 0.34582 0.78867
vt 0.34561 0.78846
vt 0.34582 0.78841
vt 0.21141 0.80944
vt 0.21162 0.80922
vt 0.21166 0.80944
vt 0.53415 0.83811
vt 0.53436 0.83832
vt 0.53415 0.83837
vt 0.211 0.80944
vt 0.21079 0.80922
vt 0.211 0.80918
vt 0.06765 0.79435
vt 0.06744 0.79456
vt 0.0674 0.79435
vt 0.53374 0.83811
vt 0.53353 0.83832
vt 0.53349 0.83811
vt 0.34668 0.78867
vt 0.34689 0.78846
vt 0.34694 0.78867
vt 0.53415 0.83724
vt 0.53436 0.83703
vt 0.53441 0.83724
vt 0.22649 0.80944
vt 0.22628 0.80922
vt 0.22649 0.80918
vt 0.06852 0.79435
vt 0.06873 0.79456
vt 0.06852 0.79461
vt 0.2269 0.80944
vt 0.22711 0.80922
vt 0.22716 0.80944
vt 0.53374 0.83724
vt 0.53353 0.83703
vt 0.53374 0.83699
vt 0.34582 0.79113
vt 0.34561 0.79134
vt 0.34556 0.79113
vt 0.54965 0.83724
vt 0.54986 0.83703
vt 0.5499 0.83724
vt 0.21141 0.81189
vt 0.21162 0.8121
vt 0.21141 0.81215
vt 0.06765 0.79189
vt 0.06744 0.79168
vt 0.06765 0.79163
vt 0.211 0.81189
vt 0.21079 0.8121
vt 0.21074 0.81189
vt 0.54924 0.83724
vt 0.54903 0.83703
vt 0.54924 0.83699
vt 0.34668 0.79113
vt 0.34689 0.79134
vt 0.34668 0.79139
vt 0.22649 0.81189
vt 0.22628 0.8121
vt 0.22623 0.81189
vt 0.54965 0.83811
vt 0.54986 0.83832
vt 0.54965 0.83837
vt 0.06852 0.79189
vt 0.06873 0.79168
vt 0.06878 0.79189
vt 0.54924 0.83811
vt 0.54903 0.83832
vt 0.54898 0.83811
vt 0.2269 0.81189
vt 0.22711 0.8121
vt 0.2269 0.81215
vt 0.34668 0.78841
vt 0.53441 0.83811
vt 0.21141 0.80918
vt 0.53374 0.83837
vt 0.06765 0.79461
vt 0.53349 0.83724
vt 0.2269 0.80918
vt 0.53415 0.83699
vt 0.34694 0.79113
vt 0.22623 0.80944
vt 0.06878 0.79435
vt 0.54924 0.83837
vt 0.22649 0.81215
vt 0.34582 0.79139
vt 0.5499 0.83811
vt 0.06852 0.79163
vt 0.54898 0.83724
vt 0.211 0.81215
vt 0.54965 0.83699
vt 0.34556 0.78867
vt 0.0674 0.79189
vt 0.21074 0.80944
vt 0.72273 0.78143
vt 0.72252 0.78122
vt 0.72273 0.78117
vt 0.51251 0.80307
vt 0.51272 0.80286
vt 0.51277 0.80307
vt 0.64885 0.83899
vt 0.64906 0.8392
vt 0.64885 0.83925
vt 0.5121 0.80307
vt 0.51189 0.80286
vt 0.5121 0.80281
vt 0.53374 0.78707
vt 0.53353 0.78728
vt 0.53349 0.78707
vt 0.64844 0.83899
vt 0.64823 0.8392
vt 0.64818 0.83899
vt 0.7236 0.78143
vt 0.72381 0.78122
vt 0.72386 0.78143
vt 0.64885 0.83813
vt 0.64906 0.83791
vt 0.6491 0.83813
vt 0.37315 0.80461
vt 0.37294 0.8044
vt 0.37315 0.80435
vt 0.53461 0.78707
vt 0.53482 0.78728
vt 0.53461 0.78733
vt 0.37356 0.80461
vt 0.37377 0.8044
vt 0.37382 0.80461
vt 0.64844 0.83813
vt 0.64823 0.83791
vt 0.64844 0.83787
vt 0.72273 0.78389
vt 0.72252 0.7841
vt 0.72247 0.78389
vt 0.51251 0.83815
vt 0.51272 0.83794
vt 0.51277 0.83815
vt 0.51251 0.80553
vt 0.51272 0.80574
vt 0.51251 0.80578
vt 0.53374 0.78461
vt 0.53353 0.7844
vt 0.53374 0.78436
vt 0.5121 0.80553
vt 0.51189 0.80574
vt 0.51184 0.80553
vt 0.5121 0.83815
vt 0.51189 0.83794
vt 0.5121 0.8379
vt 0.7236 0.78389
vt 0.72381 0.7841
vt 0.7236 0.78414
vt 0.37315 0.80707
vt 0.37294 0.80728
vt 0.37289 0.80707
vt 0.51251 0.83902
vt 0.51272 0.83923
vt 0.51251 0.83928
vt 0.53461 0.78461
vt 0.53482 0.7844
vt 0.53487 0.78461
vt 0.5121 0.83902
vt 0.51189 0.83923
vt 0.51184 0.83902
vt 0.37356 0.80707
vt 0.37377 0.80728
vt 0.37356 0.80732
vt 0.7236 0.78117
vt 0.6491 0.83899
vt 0.51251 0.80281
vt 0.64844 0.83925
vt 0.53374 0.78733
vt 0.64818 0.83813
vt 0.37356 0.80435
vt 0.64885 0.83787
vt 0.72386 0.78389
vt 0.37289 0.80461
vt 0.53487 0.78707
vt 0.37382 0.80707
vt 0.5121 0.83928
vt 0.37315 0.80732
vt 0.72273 0.78414
vt 0.51277 0.83902
vt 0.53461 0.78436
vt 0.51184 0.83815
vt 0.5121 0.80578
vt 0.51251 0.8379
vt 0.72247 0.78143
vt 0.51277 0.80553
vt 0.53349 0.78461
vt 0.51184 0.80307
vt 0.0836 0.79189
vt 0.08339 0.79168
vt 0.0836 0.79163
vt 0.24376 0.80944
vt 0.24397 0.80922
vt 0.24402 0.80944
vt 0.37356 0.84056
vt 0.37377 0.84077
vt 0.37356 0.84082
vt 0.24335 0.80944
vt 0.24314 0.80922
vt 0.24335 0.80918
vt 0.09956 0.79435
vt 0.09934 0.79456
vt 0.0993 0.79435
vt 0.37315 0.84056
vt 0.37294 0.84077
vt 0.37289 0.84056
vt 0.08447 0.79189
vt 0.08468 0.79168
vt 0.08473 0.79189
vt 0.37356 0.83969
vt 0.37377 0.83949
vt 0.37382 0.83969
vt 0.2593 0.80944
vt 0.25909 0.80922
vt 0.2593 0.80918
vt 0.10042 0.79435
vt 0.10063 0.79456
vt 0.10042 0.79461
vt 0.25971 0.80944
vt 0.25992 0.80922
vt 0.25997 0.80944
vt 0.37315 0.83969
vt 0.37294 0.83949
vt 0.37315 0.83944
vt 0.0836 0.79435
vt 0.08339 0.79456
vt 0.08335 0.79435
vt 0.38905 0.83969
vt 0.38926 0.83949
vt 0.38931 0.83969
vt 0.24376 0.81189
vt 0.24397 0.8121
vt 0.24376 0.81215
vt 0.09956 0.79189
vt 0.09934 0.79168
vt 0.09956 0.79163
vt 0.24335 0.81189
vt 0.24314 0.8121
vt 0.2431 0.81189
vt 0.38864 0.83969
vt 0.38843 0.83949
vt 0.38864 0.83944
vt 0.08447 0.79435
vt 0.08468 0.79456
vt 0.08447 0.79461
vt 0.2593 0.81189
vt 0.25909 0.8121
vt 0.25905 0.81189
vt 0.38905 0.84056
vt 0.38926 0.84077
vt 0.38905 0.84082
vt 0.10042 0.79189
vt 0.10063 0.79168
vt 0.10068 0.79189
vt 0.38864 0.84056
vt 0.38843 0.84077
vt 0.38839 0.84056
vt 0.25971 0.81189
vt 0.25992 0.8121
vt 0.25971 0.81215
vt 0.08447 0.79163
vt 0.37382 0.84056
vt 0.24376 0.80918
vt 0.37315 0.84082
vt 0.09956 0.79461
vt 0.37289 0.83969
vt 0.25971 0.80918
vt 0.37356 0.83944
vt 0.08473 0.79435
vt 0.25905 0.80944
vt 0.10068 0.79435
vt 0.25997 0.81189
vt 0.38864 0.84082
vt 0.2593 0.81215
vt 0.0836 0.79461
vt 0.38931 0.84056
vt 0.10042 0.79163
vt 0.38839 0.83969
vt 0.24335 0.81215
vt 0.38905 0.83944
vt 0.08335 0.79189
vt 0.24402 0.81189
vt 0.0993 0.79189
vt 0.2431 0.80944
vt 0.54969 0.78461
vt 0.54948 0.7844
vt 0.54969 0.78436
vt 0.38951 0.80461
vt 0.38972 0.8044
vt 0.38977 0.80461
vt 0.405 0.84056
vt 0.40521 0.84077
vt 0.405 0.84082
vt 0.3891 0.80461
vt 0.38889 0.8044
vt 0.3891 0.80435
vt 0.64844 0.78795
vt 0.64823 0.78816
vt 0.64818 0.78795
vt 0.40459 0.84056
vt 0.40438 0.84077
vt 0.40434 0.84056
vt 0.55056 0.78461
vt 0.55077 0.7844
vt 0.55082 0.78461
vt 0.405 0.83969
vt 0.40521 0.83949
vt 0.40526 0.83969
vt 0.40546 0.80707
vt 0.40567 0.80728
vt 0.40546 0.80732
vt 0.6493 0.78795
vt 0.64951 0.78816
vt 0.6493 0.78821
vt 0.40505 0.80707
vt 0.40484 0.80728
vt 0.40479 0.80707
vt 0.40459 0.83969
vt 0.40438 0.83949
vt 0.40459 0.83944
vt 0.54969 0.78707
vt 0.54948 0.78728
vt 0.54944 0.78707
vt 0.42181 0.83969
vt 0.42202 0.83949
vt 0.42206 0.83969
vt 0.38951 0.80707
vt 0.38972 0.80728
vt 0.38951 0.80732
vt 0.64844 0.7855
vt 0.64823 0.78529
vt 0.64844 0.78524
vt 0.3891 0.80707
vt 0.38889 0.80728
vt 0.38884 0.80707
vt 0.4214 0.83969
vt 0.42119 0.83949
vt 0.4214 0.83944
vt 0.55056 0.78707
vt 0.55077 0.78728
vt 0.55056 0.78733
vt 0.40546 0.80461
vt 0.40567 0.8044
vt 0.40572 0.80461
vt 0.42181 0.84056
vt 0.42202 0.84077
vt 0.42181 0.84082
vt 0.6493 0.7855
vt 0.64951 0.78529
vt 0.64956 0.7855
vt 0.4214 0.84056
vt 0.42119 0.84077
vt 0.42114 0.84056
vt 0.40505 0.80461
vt 0.40484 0.8044
vt 0.40505 0.80435
vt 0.55056 0.78436
vt 0.40526 0.84056
vt 0.38951 0.80435
vt 0.40459 0.84082
vt 0.64844 0.78821
vt 0.40434 0.83969
vt 0.40505 0.80732
vt 0.405 0.83944
vt 0.55082 0.78707
vt 0.40572 0.80707
vt 0.64956 0.78795
vt 0.40479 0.80461
vt 0.4214 0.84082
vt 0.40546 0.80435
vt 0.54969 0.78733
vt 0.42206 0.84056
vt 0.6493 0.78524
vt 0.42114 0.83969
vt 0.3891 0.80732
vt 0.42181 0.83944
vt 0.54944 0.78461
vt 0.38977 0.80707
vt 0.64818 0.7855
vt 0.38884 0.80461
vt 0.57703 0.66846
vt 0.57682 0.66825
vt 0.57703 0.66821
vt 0.42181 0.80461
vt 0.42202 0.8044
vt 0.42206 0.80461
vt 0.21141 0.82784
vt 0.21162 0.82805
vt 0.21141 0.8281
vt 0.4214 0.80461
vt 0.42119 0.8044
vt 0.4214 0.80435
vt 0.57703 0.68846
vt 0.57682 0.68867
vt 0.57677 0.68846
vt 0.211 0.82784
vt 0.21079 0.82805
vt 0.21074 0.82784
vt 0.57789 0.66846
vt 0.5781 0.66825
vt 0.57815 0.66846
vt 0.21141 0.82698
vt 0.21162 0.82677
vt 0.21166 0.82698
vt 0.43776 0.80707
vt 0.43797 0.80728
vt 0.43776 0.80732
vt 0.57789 0.68846
vt 0.5781 0.68867
vt 0.57789 0.68872
vt 0.43735 0.80707
vt 0.43714 0.80728
vt 0.43709 0.80707
vt 0.211 0.82698
vt 0.21079 0.82677
vt 0.211 0.82672
vt 0.57703 0.67092
vt 0.57682 0.67113
vt 0.57677 0.67092
vt 0.2269 0.82698
vt 0.22711 0.82677
vt 0.22716 0.82698
vt 0.42181 0.80707
vt 0.42202 0.80728
vt 0.42181 0.80732
vt 0.57703 0.68601
vt 0.57682 0.6858
vt 0.57703 0.68575
vt 0.4214 0.80707
vt 0.42119 0.80728
vt 0.42114 0.80707
vt 0.22649 0.82698
vt 0.22628 0.82677
vt 0.22649 0.82672
vt 0.57789 0.67092
vt 0.5781 0.67113
vt 0.57789 0.67118
vt 0.43776 0.80461
vt 0.43797 0.8044
vt 0.43801 0.80461
vt 0.2269 0.82784
vt 0.22711 0.82805
vt 0.2269 0.8281
vt 0.57789 0.68601
vt 0.5781 0.6858
vt 0.57815 0.68601
vt 0.22649 0.82784
vt 0.22628 0.82805
vt 0.22623 0.82784
vt 0.43735 0.80461
vt 0.43714 0.8044
vt 0.43735 0.80435
vt 0.57789 0.66821
vt 0.21166 0.82784
vt 0.42181 0.80435
vt 0.211 0.8281
vt 0.57703 0.68872
vt 0.21074 0.82698
vt 0.43735 0.80732
vt 0.21141 0.82672
vt 0.57815 0.67092
vt 0.43801 0.80707
vt 0.57815 0.68846
vt 0.43709 0.80461
vt 0.22649 0.8281
vt 0.43776 0.80435
vt 0.57703 0.67118
vt 0.22716 0.82784
vt 0.57789 0.68575
vt 0.22623 0.82698
vt 0.4214 0.80732
vt 0.2269 0.82672
vt 0.57677 0.66846
vt 0.42206 0.80707
vt 0.57677 0.68601
vt 0.42114 0.80461
vt 0.03167 0.79439
vt 0.03146 0.79417
vt 0.03167 0.79413
vt 0.38905 0.82215
vt 0.38926 0.82194
vt 0.38931 0.82215
vt 0.4373 0.84056
vt 0.43751 0.84077
vt 0.4373 0.84082
vt 0.38864 0.82215
vt 0.38843 0.82194
vt 0.38864 0.82189
vt 0.45971 0.79957
vt 0.4595 0.79978
vt 0.45946 0.79957
vt 0.43689 0.84056
vt 0.43668 0.84077
vt 0.43663 0.84056
vt 0.03253 0.79439
vt 0.03274 0.79417
vt 0.03279 0.79439
vt 0.4373 0.83969
vt 0.43751 0.83949
vt 0.43756 0.83969
vt 0.405 0.82461
vt 0.40521 0.82482
vt 0.405 0.82487
vt 0.46058 0.79957
vt 0.46079 0.79978
vt 0.46058 0.79983
vt 0.40459 0.82461
vt 0.40438 0.82482
vt 0.40434 0.82461
vt 0.43689 0.83969
vt 0.43668 0.83949
vt 0.43689 0.83944
vt 0.03167 0.79684
vt 0.03146 0.79705
vt 0.03141 0.79684
vt 0.31094 0.84108
vt 0.31115 0.84087
vt 0.31119 0.84108
vt 0.38905 0.82461
vt 0.38926 0.82482
vt 0.38905 0.82487
vt 0.45971 0.79711
vt 0.4595 0.7969
vt 0.45971 0.79685
vt 0.38864 0.82461
vt 0.38843 0.82482
vt 0.38839 0.82461
vt 0.31052 0.84108
vt 0.31032 0.84087
vt 0.31052 0.84082
vt 0.03253 0.79684
vt 0.03274 0.79705
vt 0.03253 0.7971
vt 0.405 0.82215
vt 0.40521 0.82194
vt 0.40526 0.82215
vt 0.31094 0.84194
vt 0.31115 0.84215
vt 0.31094 0.8422
vt 0.46058 0.79711
vt 0.46079 0.7969
vt 0.46084 0.79711
vt 0.31052 0.84194
vt 0.31032 0.84215
vt 0.31027 0.84194
vt 0.40459 0.82215
vt 0.40438 0.82194
vt 0.40459 0.82189
vt 0.03253 0.79413
vt 0.43756 0.84056
vt 0.38905 0.82189
vt 0.43689 0.84082
vt 0.45971 0.79983
vt 0.43663 0.83969
vt 0.40459 0.82487
vt 0.4373 0.83944
vt 0.03279 0.79684
vt 0.40526 0.82461
vt 0.46084 0.79957
vt 0.40434 0.82215
vt 0.31052 0.8422
vt 0.405 0.82189
vt 0.03167 0.7971
vt 0.31119 0.84194
vt 0.46058 0.79685
vt 0.31027 0.84108
vt 0.38864 0.82487
vt 0.31094 0.84082
vt 0.03141 0.79439
vt 0.38931 0.82461
vt 0.45946 0.79711
vt 0.38839 0.82215
vt 0.2456 0.77435
vt 0.24539 0.77414
vt 0.2456 0.77409
vt 0.27566 0.80944
vt 0.27587 0.80922
vt 0.27592 0.80944
vt 0.83443 0.69984
vt 0.83464 0.70005
vt 0.83443 0.7001
vt 0.27525 0.80944
vt 0.27504 0.80922
vt 0.27525 0.80918
vt 0.26155 0.77681
vt 0.26134 0.77702
vt 0.26129 0.77681
vt 0.83402 0.69984
vt 0.83381 0.70005
vt 0.83376 0.69984
vt 0.24646 0.77435
vt 0.24668 0.77414
vt 0.24672 0.77435
vt 0.83443 0.69898
vt 0.83464 0.69876
vt 0.83469 0.69898
vt 0.29116 0.81189
vt 0.29137 0.8121
vt 0.29116 0.81215
vt 0.26242 0.77681
vt 0.26263 0.77702
vt 0.26242 0.77706
vt 0.29075 0.81189
vt 0.29054 0.8121
vt 0.29049 0.81189
vt 0.83402 0.69898
vt 0.83381 0.69876
vt 0.83402 0.69872
vt 0.2456 0.77681
vt 0.24539 0.77702
vt 0.24534 0.77681
vt 0.83443 0.71493
vt 0.83464 0.71471
vt 0.83469 0.71493
vt 0.27566 0.81189
vt 0.27587 0.8121
vt 0.27566 0.81215
vt 0.26155 0.77435
vt 0.26134 0.77414
vt 0.26155 0.77409
vt 0.27525 0.81189
vt 0.27504 0.8121
vt 0.275 0.81189
vt 0.83402 0.71493
vt 0.83381 0.71471
vt 0.83402 0.71467
vt 0.24646 0.77681
vt 0.24668 0.77702
vt 0.24646 0.77706
vt 0.29116 0.80944
vt 0.29137 0.80922
vt 0.29142 0.80944
vt 0.83443 0.71579
vt 0.83464 0.716
vt 0.83443 0.71605
vt 0.26242 0.77435
vt 0.26263 0.77414
vt 0.26267 0.77435
vt 0.83402 0.71579
vt 0.83381 0.716
vt 0.83376 0.71579
vt 0.29075 0.80944
vt 0.29054 0.80922
vt 0.29075 0.80918
vt 0.24646 0.77409
vt 0.83469 0.69984
vt 0.27566 0.80918
vt 0.83402 0.7001
vt 0.26155 0.77706
vt 0.83376 0.69898
vt 0.29075 0.81215
vt 0.83443 0.69872
vt 0.24672 0.77681
vt 0.29142 0.81189
vt 0.26267 0.77681
vt 0.29049 0.80944
vt 0.83402 0.71605
vt 0.29116 0.80918
vt 0.2456 0.77706
vt 0.83469 0.71579
vt 0.26242 0.77409
vt 0.83376 0.71493
vt 0.27525 0.81215
vt 0.83443 0.71467
vt 0.24534 0.77435
vt 0.27592 0.81189
vt 0.26129 0.77435
vt 0.275 0.80944
vt 0.11575 0.79189
vt 0.11554 0.79168
vt 0.11575 0.79163
vt 0.00795 0.81193
vt 0.00816 0.81172
vt 0.00821 0.81193
vt 0.33027 0.84216
vt 0.33049 0.84237
vt 0.33027 0.84242
vt 0.00754 0.81193
vt 0.00733 0.81172
vt 0.00754 0.81167
vt 0.1317 0.79435
vt 0.13149 0.79456
vt 0.13144 0.79435
vt 0.32987 0.84216
vt 0.32966 0.84237
vt 0.32961 0.84216
vt 0.11661 0.79189
vt 0.11683 0.79168
vt 0.11687 0.79189
vt 0.33027 0.8413
vt 0.33049 0.84109
vt 0.33053 0.8413
vt 0.03208 0.81439
vt 0.03229 0.8146
vt 0.03208 0.81464
vt 0.13257 0.79435
vt 0.13278 0.79456
vt 0.13257 0.79461
vt 0.03167 0.81439
vt 0.03146 0.8146
vt 0.03141 0.81439
vt 0.32987 0.8413
vt 0.32966 0.84109
vt 0.32987 0.84104
vt 0.11575 0.79435
vt 0.11554 0.79456
vt 0.11549 0.79435
vt 0.34577 0.8413
vt 0.34598 0.84109
vt 0.34603 0.8413
vt 0.00795 0.81439
vt 0.00816 0.8146
vt 0.00795 0.81464
vt 0.1317 0.79189
vt 0.13149 0.79168
vt 0.1317 0.79163
vt 0.00754 0.81439
vt 0.00733 0.8146
vt 0.00728 0.81439
vt 0.34536 0.8413
vt 0.34515 0.84109
vt 0.34536 0.84104
vt 0.11661 0.79435
vt 0.11683 0.79456
vt 0.11661 0.79461
vt 0.03208 0.81193
vt 0.03229 0.81172
vt 0.03233 0.81193
vt 0.34577 0.84216
vt 0.34598 0.84237
vt 0.34577 0.84242
vt 0.13257 0.79189
vt 0.13278 0.79168
vt 0.13282 0.79189
vt 0.34536 0.84216
vt 0.34515 0.84237
vt 0.3451 0.84216
vt 0.03167 0.81193
vt 0.03146 0.81172
vt 0.03167 0.81167
vt 0.11661 0.79163
vt 0.33053 0.84216
vt 0.00795 0.81167
vt 0.32987 0.84242
vt 0.1317 0.79461
vt 0.32961 0.8413
vt 0.03167 0.81464
vt 0.33027 0.84104
vt 0.11687 0.79435
vt 0.13282 0.79435
vt 0.03141 0.81193
vt 0.34536 0.84242
vt 0.03208 0.81167
vt 0.11575 0.79461
vt 0.34603 0.84216
vt 0.13257 0.79163
vt 0.3451 0.8413
vt 0.00754 0.81464
vt 0.34577 0.84104
vt 0.11549 0.79189
vt 0.00821 0.81439
vt 0.13144 0.79189
vt 0.5121 0.78552
vt 0.51189 0.78531
vt 0.5121 0.78527
vt 0.31094 0.80599
vt 0.31115 0.80578
vt 0.31119 0.80599
vt 0.83443 0.84339
vt 0.83464 0.8436
vt 0.83443 0.84365
vt 0.31052 0.80599
vt 0.31032 0.80578
vt 0.31052 0.80573
vt 0.37315 0.78952
vt 0.37294 0.78973
vt 0.37289 0.78952
vt 0.83402 0.84339
vt 0.83381 0.8436
vt 0.83376 0.84339
vt 0.51297 0.78552
vt 0.51318 0.78531
vt 0.51322 0.78552
vt 0.83443 0.84253
vt 0.83464 0.84232
vt 0.83469 0.84253
vt 0.32987 0.80621
vt 0.32966 0.806
vt 0.32987 0.80595
vt 0.37401 0.78952
vt 0.37422 0.78973
vt 0.37401 0.78978
vt 0.33027 0.80621
vt 0.33049 0.806
vt 0.33053 0.80621
vt 0.83402 0.84253
vt 0.83381 0.84232
vt 0.83402 0.84227
vt 0.5121 0.78798
vt 0.51189 0.78819
vt 0.51184 0.78798
vt 0.19591 0.84293
vt 0.19612 0.84272
vt 0.19617 0.84293
vt 0.31094 0.80845
vt 0.31115 0.80866
vt 0.31094 0.80871
vt 0.37315 0.78707
vt 0.37294 0.78685
vt 0.37315 0.78681
vt 0.31052 0.80845
vt 0.31032 0.80866
vt 0.31027 0.80845
vt 0.1955 0.84293
vt 0.19529 0.84272
vt 0.1955 0.84267
vt 0.51297 0.78798
vt 0.51318 0.78819
vt 0.51297 0.78824
vt 0.32987 0.80867
vt 0.32966 0.80888
vt 0.32961 0.80867
vt 0.19591 0.84379
vt 0.19612 0.844
vt 0.19591 0.84405
vt 0.37401 0.78707
vt 0.37422 0.78685
vt 0.37427 0.78707
vt 0.1955 0.84379
vt 0.19529 0.844
vt 0.19525 0.84379
vt 0.33027 0.80867
vt 0.33049 0.80888
vt 0.33027 0.80893
vt 0.51297 0.78527
vt 0.83469 0.84339
vt 0.31094 0.80573
vt 0.83402 0.84365
vt 0.37315 0.78978
vt 0.83376 0.84253
vt 0.33027 0.80595
vt 0.83443 0.84227
vt 0.51322 0.78798
vt 0.32961 0.80621
vt 0.37427 0.78952
vt 0.33053 0.80867
vt 0.1955 0.84405
vt 0.32987 0.80893
vt 0.5121 0.78824
vt 0.19617 0.84379
vt 0.37401 0.78681
vt 0.19525 0.84293
vt 0.31052 0.80871
vt 0.19591 0.84267
vt 0.51184 0.78552
vt 0.31119 0.80845
vt 0.37289 0.78707
vt 0.31027 0.80599
vt 0.14765 0.79189
vt 0.14744 0.79168
vt 0.14765 0.79163
vt 0.04803 0.81193
vt 0.04824 0.81172
vt 0.04828 0.81193
vt 0.21141 0.84379
vt 0.21162 0.844
vt 0.21141 0.84405
vt 0.04762 0.81193
vt 0.04741 0.81172
vt 0.04762 0.81167
vt 0.1636 0.79435
vt 0.16339 0.79456
vt 0.16334 0.79435
vt 0.211 0.84379
vt 0.21079 0.844
vt 0.21074 0.84379
vt 0.14852 0.79189
vt 0.14873 0.79168
vt 0.14877 0.79189
vt 0.21141 0.84293
vt 0.21162 0.84272
vt 0.21166 0.84293
vt 0.42181 0.82461
vt 0.42202 0.82482
vt 0.42181 0.82487
vt 0.16447 0.79435
vt 0.16468 0.79456
vt 0.16447 0.79461
vt 0.4214 0.82461
vt 0.42119 0.82482
vt 0.42114 0.82461
vt 0.211 0.84293
vt 0.21079 0.84272
vt 0.211 0.84267
vt 0.14765 0.79435
vt 0.14744 0.79456
vt 0.14739 0.79435
vt 0.2269 0.84293
vt 0.22711 0.84272
vt 0.22716 0.84293
vt 0.04803 0.81439
vt 0.04824 0.8146
vt 0.04803 0.81464
vt 0.1636 0.79189
vt 0.16339 0.79168
vt 0.1636 0.79163
vt 0.04762 0.81439
vt 0.04741 0.8146
vt 0.04736 0.81439
vt 0.22649 0.84293
vt 0.22628 0.84272
vt 0.22649 0.84267
vt 0.14852 0.79435
vt 0.14873 0.79456
vt 0.14852 0.79461
vt 0.42181 0.82215
vt 0.42202 0.82194
vt 0.42206 0.82215
vt 0.2269 0.84379
vt 0.22711 0.844
vt 0.2269 0.84405
vt 0.16447 0.79189
vt 0.16468 0.79168
vt 0.16472 0.79189
vt 0.22649 0.84379
vt 0.22628 0.844
vt 0.22623 0.84379
vt 0.4214 0.82215
vt 0.42119 0.82194
vt 0.4214 0.82189
vt 0.14852 0.79163
vt 0.21166 0.84379
vt 0.04803 0.81167
vt 0.211 0.84405
vt 0.1636 0.79461
vt 0.21074 0.84293
vt 0.4214 0.82487
vt 0.21141 0.84267
vt 0.14877 0.79435
vt 0.42206 0.82461
vt 0.16472 0.79435
vt 0.22649 0.84405
vt 0.42181 0.82189
vt 0.14765 0.79461
vt 0.22716 0.84379
vt 0.16447 0.79163
vt 0.22623 0.84293
vt 0.04762 0.81464
vt 0.2269 0.84267
vt 0.14739 0.79189
vt 0.16334 0.79189
vt 0.04736 0.81193
vt 0.17955 0.79189
vt 0.17934 0.79168
vt 0.17955 0.79163
vt 0.46013 0.81465
vt 0.46033 0.81444
vt 0.46038 0.81465
vt 0.2424 0.84379
vt 0.24261 0.844
vt 0.2424 0.84405
vt 0.45971 0.81465
vt 0.4595 0.81444
vt 0.45971 0.8144
vt 0.1955 0.79435
vt 0.19529 0.79456
vt 0.19525 0.79435
vt 0.24199 0.84379
vt 0.24178 0.844
vt 0.24173 0.84379
vt 0.18042 0.79189
vt 0.18063 0.79168
vt 0.18067 0.79189
vt 0.2424 0.84293
vt 0.24261 0.84272
vt 0.24266 0.84293
vt 0.47608 0.81711
vt 0.47629 0.81732
vt 0.47608 0.81737
vt 0.19637 0.79435
vt 0.19658 0.79456
vt 0.19637 0.79461
vt 0.47567 0.81711
vt 0.47546 0.81732
vt 0.47541 0.81711
vt 0.24199 0.84293
vt 0.24178 0.84272
vt 0.24199 0.84267
vt 0.17955 0.79435
vt 0.17934 0.79456
vt 0.17929 0.79435
vt 0.25789 0.84293
vt 0.2581 0.84272
vt 0.25815 0.84293
vt 0.46013 0.81711
vt 0.46033 0.81732
vt 0.46013 0.81737
vt 0.1955 0.79189
vt 0.19529 0.79168
vt 0.1955 0.79163
vt 0.45971 0.81711
vt 0.4595 0.81732
vt 0.45946 0.81711
vt 0.25748 0.84293
vt 0.25727 0.84272
vt 0.25748 0.84267
vt 0.18042 0.79435
vt 0.18063 0.79456
vt 0.18042 0.79461
vt 0.47608 0.81465
vt 0.47629 0.81444
vt 0.47633 0.81465
vt 0.25789 0.84379
vt 0.2581 0.844
vt 0.25789 0.84405
vt 0.19637 0.79189
vt 0.19658 0.79168
vt 0.19662 0.79189
vt 0.25748 0.84379
vt 0.25727 0.844
vt 0.25722 0.84379
vt 0.47567 0.81465
vt 0.47546 0.81444
vt 0.47567 0.8144
vt 0.18042 0.79163
vt 0.24266 0.84379
vt 0.46013 0.8144
vt 0.24199 0.84405
vt 0.1955 0.79461
vt 0.24173 0.84293
vt 0.47567 0.81737
vt 0.2424 0.84267
vt 0.18067 0.79435
vt 0.47633 0.81711
vt 0.19662 0.79435
vt 0.25748 0.84405
vt 0.47608 0.8144
vt 0.17955 0.79461
vt 0.25815 0.84379
vt 0.19637 0.79163
vt 0.25722 0.84293
vt 0.45971 0.81737
vt 0.25789 0.84267
vt 0.17929 0.79189
vt 0.19525 0.79189
vt 0.45946 0.81465
vt 0.1317 0.77435
vt 0.13149 0.77414
vt 0.1317 0.77409
vt 0.4373 0.82215
vt 0.43751 0.82194
vt 0.43756 0.82215
vt 0.2424 0.82784
vt 0.24261 0.82805
vt 0.2424 0.8281
vt 0.43689 0.82215
vt 0.43668 0.82194
vt 0.43689 0.82189
vt 0.14765 0.77681
vt 0.14744 0.77702
vt 0.14739 0.77681
vt 0.24199 0.82784
vt 0.24178 0.82805
vt 0.24173 0.82784
vt 0.13257 0.77435
vt 0.13278 0.77414
vt 0.13282 0.77435
vt 0.2424 0.82698
vt 0.24261 0.82677
vt 0.24266 0.82698
vt 0.31094 0.82599
vt 0.31115 0.8262
vt 0.31094 0.82625
vt 0.14852 0.77681
vt 0.14873 0.77702
vt 0.14852 0.77706
vt 0.31052 0.82599
vt 0.31032 0.8262
vt 0.31027 0.82599
vt 0.24199 0.82698
vt 0.24178 0.82677
vt 0.24199 0.82672
vt 0.1317 0.77681
vt 0.13149 0.77702
vt 0.13144 0.77681
vt 0.25789 0.82698
vt 0.2581 0.82677
vt 0.25815 0.82698
vt 0.4373 0.82461
vt 0.43751 0.82482
vt 0.4373 0.82487
vt 0.14765 0.77435
vt 0.14744 0.77414
vt 0.14765 0.77409
vt 0.43689 0.82461
vt 0.43668 0.82482
vt 0.43663 0.82461
vt 0.25748 0.82698
vt 0.25727 0.82677
vt 0.25748 0.82672
vt 0.13257 0.77681
vt 0.13278 0.77702
vt 0.13257 0.77706
vt 0.31094 0.82354
vt 0.31115 0.82332
vt 0.31119 0.82354
vt 0.25789 0.82784
vt 0.2581 0.82805
vt 0.25789 0.8281
vt 0.14852 0.77435
vt 0.14873 0.77414
vt 0.14877 0.77435
vt 0.25748 0.82784
vt 0.25727 0.82805
vt 0.25722 0.82784
vt 0.31052 0.82354
vt 0.31032 0.82332
vt 0.31052 0.82328
vt 0.13257 0.77409
vt 0.24266 0.82784
vt 0.4373 0.82189
vt 0.24199 0.8281
vt 0.14765 0.77706
vt 0.24173 0.82698
vt 0.31052 0.82625
vt 0.2424 0.82672
vt 0.13282 0.77681
vt 0.31119 0.82599
vt 0.14877 0.77681
vt 0.31027 0.82354
vt 0.25748 0.8281
vt 0.31094 0.82328
vt 0.1317 0.77706
vt 0.25815 0.82784
vt 0.14852 0.77409
vt 0.25722 0.82698
vt 0.43689 0.82487
vt 0.25789 0.82672
vt 0.13144 0.77435
vt 0.43756 0.82461
vt 0.14739 0.77435
vt 0.43663 0.82215
vt 0.47567 0.79711
vt 0.47546 0.7969
vt 0.47567 0.79685
vt 0.33027 0.82376
vt 0.33049 0.82355
vt 0.33053 0.82376
vt 0.27339 0.84379
vt 0.2736 0.844
vt 0.27339 0.84405
vt 0.32987 0.82376
vt 0.32966 0.82355
vt 0.32987 0.8235
vt 0.49162 0.79957
vt 0.49141 0.79978
vt 0.49136 0.79957
vt 0.27298 0.84379
vt 0.27277 0.844
vt 0.27272 0.84379
vt 0.47653 0.79711
vt 0.47674 0.7969
vt 0.47679 0.79711
vt 0.27339 0.84293
vt 0.2736 0.84272
vt 0.27365 0.84293
vt 0.34577 0.82621
vt 0.34598 0.82642
vt 0.34577 0.82647
vt 0.49248 0.79957
vt 0.49269 0.79978
vt 0.49248 0.79983
vt 0.34536 0.82621
vt 0.34515 0.82642
vt 0.3451 0.82621
vt 0.27298 0.84293
vt 0.27277 0.84272
vt 0.27298 0.84267
vt 0.47567 0.79957
vt 0.47546 0.79978
vt 0.47541 0.79957
vt 0.28888 0.84293
vt 0.28909 0.84272
vt 0.28914 0.84293
vt 0.33027 0.82621
vt 0.33049 0.82642
vt 0.33027 0.82647
vt 0.49162 0.79711
vt 0.49141 0.7969
vt 0.49162 0.79685
vt 0.32987 0.82621
vt 0.32966 0.82642
vt 0.32961 0.82621
vt 0.28847 0.84293
vt 0.28826 0.84272
vt 0.28847 0.84267
vt 0.47653 0.79957
vt 0.47674 0.79978
vt 0.47653 0.79983
vt 0.34577 0.82376
vt 0.34598 0.82355
vt 0.34603 0.82376
vt 0.28888 0.84379
vt 0.28909 0.844
vt 0.28888 0.84405
vt 0.49248 0.79711
vt 0.49269 0.7969
vt 0.49274 0.79711
vt 0.28847 0.84379
vt 0.28826 0.844
vt 0.28822 0.84379
vt 0.34536 0.82376
vt 0.34515 0.82355
vt 0.34536 0.8235
vt 0.47653 0.79685
vt 0.27365 0.84379
vt 0.33027 0.8235
vt 0.27298 0.84405
vt 0.49162 0.79983
vt 0.27272 0.84293
vt 0.34536 0.82647
vt 0.27339 0.84267
vt 0.47679 0.79957
vt 0.34603 0.82621
vt 0.49274 0.79957
vt 0.3451 0.82376
vt 0.28847 0.84405
vt 0.34577 0.8235
vt 0.47567 0.79983
vt 0.28914 0.84379
vt 0.49248 0.79685
vt 0.28822 0.84293
vt 0.32987 0.82647
vt 0.28888 0.84267
vt 0.47541 0.79711
vt 0.33053 0.82621
vt 0.49136 0.79711
vt 0.32961 0.82376
vt 0.06765 0.77435
vt 0.06744 0.77414
vt 0.06765 0.77409
vt 0.06806 0.82698
vt 0.06827 0.82677
vt 0.06832 0.82698
vt 0.27339 0.82784
vt 0.2736 0.82805
vt 0.27339 0.8281
vt 0.06765 0.82698
vt 0.06744 0.82677
vt 0.06765 0.82672
vt 0.0836 0.77681
vt 0.08339 0.77702
vt 0.08335 0.77681
vt 0.27298 0.82784
vt 0.27277 0.82805
vt 0.27272 0.82784
vt 0.06852 0.77435
vt 0.06873 0.77414
vt 0.06878 0.77435
vt 0.27339 0.82698
vt 0.2736 0.82677
vt 0.27365 0.82698
vt 0.08315 0.82698
vt 0.08294 0.82677
vt 0.08315 0.82672
vt 0.08447 0.77681
vt 0.08468 0.77702
vt 0.08447 0.77706
vt 0.08356 0.82698
vt 0.08377 0.82677
vt 0.08382 0.82698
vt 0.27298 0.82698
vt 0.27277 0.82677
vt 0.27298 0.82672
vt 0.06765 0.77681
vt 0.06744 0.77702
vt 0.0674 0.77681
vt 0.28888 0.82698
vt 0.28909 0.82677
vt 0.28914 0.82698
vt 0.06806 0.82944
vt 0.06827 0.82965
vt 0.06806 0.82969
vt 0.0836 0.77435
vt 0.08339 0.77414
vt 0.0836 0.77409
vt 0.06765 0.82944
vt 0.06744 0.82965
vt 0.0674 0.82944
vt 0.28847 0.82698
vt 0.28826 0.82677
vt 0.28847 0.82672
vt 0.06852 0.77681
vt 0.06873 0.77702
vt 0.06852 0.77706
vt 0.08315 0.82944
vt 0.08294 0.82965
vt 0.08289 0.82944
vt 0.28888 0.82784
vt 0.28909 0.82805
vt 0.28888 0.8281
vt 0.08447 0.77435
vt 0.08468 0.77414
vt 0.08473 0.77435
vt 0.28847 0.82784
vt 0.28826 0.82805
vt 0.28822 0.82784
vt 0.08356 0.82944
vt 0.08377 0.82965
vt 0.08356 0.82969
vt 0.06852 0.77409
vt 0.27365 0.82784
vt 0.06806 0.82672
vt 0.27298 0.8281
vt 0.0836 0.77706
vt 0.27272 0.82698
vt 0.08356 0.82672
vt 0.27339 0.82672
vt 0.06878 0.77681
vt 0.08289 0.82698
vt 0.08473 0.77681
vt 0.08382 0.82944
vt 0.28847 0.8281
vt 0.08315 0.82969
vt 0.06765 0.77706
vt 0.28914 0.82784
vt 0.08447 0.77409
vt 0.28822 0.82698
vt 0.06765 0.82969
vt 0.28888 0.82672
vt 0.0674 0.77435
vt 0.06832 0.82944
vt 0.08335 0.77435
vt 0.0674 0.82698
vt 0.43735 0.78707
vt 0.43714 0.78685
vt 0.43735 0.78681
vt 0.49202 0.81465
vt 0.49224 0.81444
vt 0.49228 0.81465
vt 0.06806 0.84539
vt 0.06827 0.8456
vt 0.06806 0.84564
vt 0.49162 0.81465
vt 0.49141 0.81444
vt 0.49162 0.8144
vt 0.4214 0.78952
vt 0.42119 0.78973
vt 0.42114 0.78952
vt 0.06765 0.84539
vt 0.06744 0.8456
vt 0.0674 0.84539
vt 0.43821 0.78707
vt 0.43842 0.78685
vt 0.43847 0.78707
vt 0.06806 0.84452
vt 0.06827 0.84431
vt 0.06832 0.84452
vt 0.57703 0.8156
vt 0.57682 0.81539
vt 0.57703 0.81534
vt 0.42226 0.78952
vt 0.42247 0.78973
vt 0.42226 0.78978
vt 0.57744 0.8156
vt 0.57765 0.81539
vt 0.57769 0.8156
vt 0.06765 0.84452
vt 0.06744 0.84431
vt 0.06765 0.84426
vt 0.43735 0.78952
vt 0.43714 0.78973
vt 0.43709 0.78952
vt 0.08356 0.84452
vt 0.08377 0.84431
vt 0.08382 0.84452
vt 0.49202 0.81711
vt 0.49224 0.81732
vt 0.49202 0.81737
vt 0.4214 0.78707
vt 0.42119 0.78685
vt 0.4214 0.78681
vt 0.49162 0.81711
vt 0.49141 0.81732
vt 0.49136 0.81711
vt 0.08315 0.84452
vt 0.08294 0.84431
vt 0.08315 0.84426
vt 0.43821 0.78952
vt 0.43842 0.78973
vt 0.43821 0.78978
vt 0.57703 0.81806
vt 0.57682 0.81827
vt 0.57677 0.81806
vt 0.08356 0.84539
vt 0.08377 0.8456
vt 0.08356 0.84564
vt 0.42226 0.78707
vt 0.42247 0.78685
vt 0.42252 0.78707
vt 0.08315 0.84539
vt 0.08294 0.8456
vt 0.08289 0.84539
vt 0.57744 0.81806
vt 0.57765 0.81827
vt 0.57744 0.81832
vt 0.43821 0.78681
vt 0.06832 0.84539
vt 0.49202 0.8144
vt 0.06765 0.84564
vt 0.4214 0.78978
vt 0.0674 0.84452
vt 0.57744 0.81534
vt 0.06806 0.84426
vt 0.43847 0.78952
vt 0.57677 0.8156
vt 0.42252 0.78952
vt 0.57769 0.81806
vt 0.08315 0.84564
vt 0.57703 0.81832
vt 0.43735 0.78978
vt 0.08382 0.84539
vt 0.42226 0.78681
vt 0.08289 0.84452
vt 0.49162 0.81737
vt 0.08356 0.84426
vt 0.43709 0.78707
vt 0.49228 0.81711
vt 0.42114 0.78707
vt 0.49136 0.81465
vt 0.3891 0.78707
vt 0.38889 0.78685
vt 0.3891 0.78681
vt 0.34623 0.80621
vt 0.34644 0.806
vt 0.34648 0.80621
vt 0.09905 0.84539
vt 0.09926 0.8456
vt 0.09905 0.84564
vt 0.34582 0.80621
vt 0.34561 0.806
vt 0.34582 0.80595
vt 0.40505 0.78952
vt 0.40484 0.78973
vt 0.40479 0.78952
vt 0.09864 0.84539
vt 0.09843 0.8456
vt 0.09839 0.84539
vt 0.38996 0.78707
vt 0.39017 0.78685
vt 0.39022 0.78707
vt 0.09905 0.84452
vt 0.09926 0.84431
vt 0.09931 0.84452
vt 0.06806 0.81189
vt 0.06827 0.8121
vt 0.06806 0.81215
vt 0.40591 0.78952
vt 0.40613 0.78973
vt 0.40591 0.78978
vt 0.06765 0.81189
vt 0.06744 0.8121
vt 0.0674 0.81189
vt 0.09864 0.84452
vt 0.09843 0.84431
vt 0.09864 0.84426
vt 0.3891 0.78952
vt 0.38889 0.78973
vt 0.38884 0.78952
vt 0.11546 0.84452
vt 0.11567 0.84431
vt 0.11572 0.84452
vt 0.34623 0.80867
vt 0.34644 0.80888
vt 0.34623 0.80893
vt 0.40505 0.78707
vt 0.40484 0.78685
vt 0.40505 0.78681
vt 0.34582 0.80867
vt 0.34561 0.80888
vt 0.34556 0.80867
vt 0.11505 0.84452
vt 0.11484 0.84431
vt 0.11505 0.84426
vt 0.38996 0.78952
vt 0.39017 0.78973
vt 0.38996 0.78978
vt 0.06806 0.80944
vt 0.06827 0.80922
vt 0.06832 0.80944
vt 0.11546 0.84539
vt 0.11567 0.8456
vt 0.11546 0.84564
vt 0.40591 0.78707
vt 0.40613 0.78685
vt 0.40617 0.78707
vt 0.11505 0.84539
vt 0.11484 0.8456
vt 0.11479 0.84539
vt 0.06765 0.80944
vt 0.06744 0.80922
vt 0.06765 0.80918
vt 0.38996 0.78681
vt 0.09931 0.84539
vt 0.34623 0.80595
vt 0.09864 0.84564
vt 0.40505 0.78978
vt 0.09839 0.84452
vt 0.06765 0.81215
vt 0.09905 0.84426
vt 0.39022 0.78952
vt 0.06832 0.81189
vt 0.40617 0.78952
vt 0.0674 0.80944
vt 0.11505 0.84564
vt 0.06806 0.80918
vt 0.3891 0.78978
vt 0.11572 0.84539
vt 0.40591 0.78681
vt 0.11479 0.84452
vt 0.34582 0.80893
vt 0.11546 0.84426
vt 0.38884 0.78707
vt 0.34648 0.80867
vt 0.40479 0.78707
vt 0.34556 0.80621
vt 0.1636 0.77435
vt 0.16339 0.77414
vt 0.1636 0.77409
vt 0.67529 0.81651
vt 0.6755 0.8163
vt 0.67555 0.81651
vt 0.00795 0.83034
vt 0.00816 0.83055
vt 0.00795 0.83059
vt 0.67488 0.81651
vt 0.67467 0.8163
vt 0.67488 0.81626
vt 0.17955 0.77681
vt 0.17934 0.77702
vt 0.17929 0.77681
vt 0.00754 0.83034
vt 0.00733 0.83055
vt 0.00728 0.83034
vt 0.16447 0.77435
vt 0.16468 0.77414
vt 0.16472 0.77435
vt 0.00795 0.82947
vt 0.00816 0.82926
vt 0.00821 0.82947
vt 0.69124 0.81897
vt 0.69145 0.81918
vt 0.69124 0.81923
vt 0.18042 0.77681
vt 0.18063 0.77702
vt 0.18042 0.77706
vt 0.69083 0.81897
vt 0.69062 0.81918
vt 0.69058 0.81897
vt 0.00754 0.82947
vt 0.00733 0.82926
vt 0.00754 0.82922
vt 0.1636 0.77681
vt 0.16339 0.77702
vt 0.16334 0.77681
vt 0.03208 0.82947
vt 0.03229 0.82926
vt 0.03233 0.82947
vt 0.67529 0.81897
vt 0.6755 0.81918
vt 0.67529 0.81923
vt 0.17955 0.77435
vt 0.17934 0.77414
vt 0.17955 0.77409
vt 0.67488 0.81897
vt 0.67467 0.81918
vt 0.67462 0.81897
vt 0.03167 0.82947
vt 0.03146 0.82926
vt 0.03167 0.82922
vt 0.16447 0.77681
vt 0.16468 0.77702
vt 0.16447 0.77706
vt 0.69124 0.81651
vt 0.69145 0.8163
vt 0.6915 0.81651
vt 0.03208 0.83034
vt 0.03229 0.83055
vt 0.03208 0.83059
vt 0.18042 0.77435
vt 0.18063 0.77414
vt 0.18067 0.77435
vt 0.03167 0.83034
vt 0.03146 0.83055
vt 0.03141 0.83034
vt 0.69083 0.81651
vt 0.69062 0.8163
vt 0.69083 0.81626
vt 0.16447 0.77409
vt 0.00821 0.83034
vt 0.67529 0.81626
vt 0.00754 0.83059
vt 0.17955 0.77706
vt 0.00728 0.82947
vt 0.69083 0.81923
vt 0.00795 0.82922
vt 0.16472 0.77681
vt 0.6915 0.81897
vt 0.18067 0.77681
vt 0.03167 0.83059
vt 0.69124 0.81626
vt 0.1636 0.77706
vt 0.03233 0.83034
vt 0.18042 0.77409
vt 0.03141 0.82947
vt 0.67488 0.81923
vt 0.03208 0.82922
vt 0.16334 0.77435
vt 0.17929 0.77435
vt 0.67462 0.81651
vt 0.57703 0.70355
vt 0.57682 0.70334
vt 0.57703 0.70329
vt 0.08401 0.80944
vt 0.08422 0.80922
vt 0.08427 0.80944
vt 0.04757 0.83034
vt 0.04778 0.83055
vt 0.04757 0.83059
vt 0.0836 0.80944
vt 0.08339 0.80922
vt 0.0836 0.80918
vt 0.31052 0.75582
vt 0.31032 0.75603
vt 0.31027 0.75582
vt 0.04716 0.83034
vt 0.04695 0.83055
vt 0.0469 0.83034
vt 0.57789 0.70355
vt 0.5781 0.70334
vt 0.57815 0.70355
vt 0.04757 0.82947
vt 0.04778 0.82926
vt 0.04783 0.82947
vt 0.09956 0.80944
vt 0.09934 0.80922
vt 0.09956 0.80918
vt 0.31139 0.75582
vt 0.3116 0.75603
vt 0.31139 0.75608
vt 0.09996 0.80944
vt 0.10017 0.80922
vt 0.10022 0.80944
vt 0.04716 0.82947
vt 0.04695 0.82926
vt 0.04716 0.82922
vt 0.57703 0.70601
vt 0.57682 0.70622
vt 0.57677 0.70601
vt 0.61327 0.82959
vt 0.61348 0.82939
vt 0.61352 0.82959
vt 0.08401 0.81189
vt 0.08422 0.8121
vt 0.08401 0.81215
vt 0.31052 0.75336
vt 0.31032 0.75315
vt 0.31052 0.75311
vt 0.0836 0.81189
vt 0.08339 0.8121
vt 0.08335 0.81189
vt 0.61286 0.82959
vt 0.61265 0.82939
vt 0.61286 0.82934
vt 0.57789 0.70601
vt 0.5781 0.70622
vt 0.57789 0.70627
vt 0.09956 0.81189
vt 0.09934 0.8121
vt 0.0993 0.81189
vt 0.61327 0.83046
vt 0.61348 0.83067
vt 0.61327 0.83072
vt 0.31139 0.75336
vt 0.3116 0.75315
vt 0.31165 0.75336
vt 0.61286 0.83046
vt 0.61265 0.83067
vt 0.6126 0.83046
vt 0.09996 0.81189
vt 0.10017 0.8121
vt 0.09996 0.81215
vt 0.57789 0.70329
vt 0.04783 0.83034
vt 0.08401 0.80918
vt 0.04716 0.83059
vt 0.31052 0.75608
vt 0.0469 0.82947
vt 0.09996 0.80918
vt 0.04757 0.82922
vt 0.57815 0.70601
vt 0.0993 0.80944
vt 0.31165 0.75582
vt 0.10022 0.81189
vt 0.61286 0.83072
vt 0.09956 0.81215
vt 0.57703 0.70627
vt 0.61352 0.83046
vt 0.31139 0.75311
vt 0.6126 0.82959
vt 0.0836 0.81215
vt 0.61327 0.82934
vt 0.57677 0.70355
vt 0.08427 0.81189
vt 0.31027 0.75336
vt 0.08335 0.80944
vt 0.1955 0.77435
vt 0.19529 0.77414
vt 0.1955 0.77409
vt 0.09996 0.82698
vt 0.10017 0.82677
vt 0.10022 0.82698
vt 0.62876 0.83046
vt 0.62897 0.83067
vt 0.62876 0.83072
vt 0.09955 0.82698
vt 0.09934 0.82677
vt 0.09956 0.82672
vt 0.21145 0.77681
vt 0.21124 0.77702
vt 0.21119 0.77681
vt 0.62835 0.83046
vt 0.62814 0.83067
vt 0.62809 0.83046
vt 0.19637 0.77435
vt 0.19658 0.77414
vt 0.19662 0.77435
vt 0.62876 0.82959
vt 0.62897 0.82939
vt 0.62902 0.82959
vt 0.11505 0.82698
vt 0.11484 0.82677
vt 0.11505 0.82672
vt 0.21232 0.77681
vt 0.21253 0.77702
vt 0.21232 0.77706
vt 0.11546 0.82698
vt 0.11567 0.82677
vt 0.11572 0.82698
vt 0.62835 0.82959
vt 0.62814 0.82939
vt 0.62835 0.82934
vt 0.1955 0.77681
vt 0.19529 0.77702
vt 0.19525 0.77681
vt 0.46013 0.8322
vt 0.46033 0.83199
vt 0.46038 0.8322
vt 0.09996 0.82944
vt 0.10017 0.82965
vt 0.09996 0.82969
vt 0.21145 0.77435
vt 0.21124 0.77414
vt 0.21145 0.77409
vt 0.09955 0.82944
vt 0.09934 0.82965
vt 0.0993 0.82944
vt 0.45971 0.8322
vt 0.4595 0.83199
vt 0.45971 0.83194
vt 0.19637 0.77681
vt 0.19658 0.77702
vt 0.19637 0.77706
vt 0.11505 0.82944
vt 0.11484 0.82965
vt 0.11479 0.82944
vt 0.46013 0.83306
vt 0.46033 0.83327
vt 0.46013 0.83332
vt 0.21232 0.77435
vt 0.21253 0.77414
vt 0.21257 0.77435
vt 0.45971 0.83306
vt 0.4595 0.83327
vt 0.45946 0.83306
vt 0.11546 0.82944
vt 0.11567 0.82965
vt 0.11546 0.82969
vt 0.19637 0.77409
vt 0.62902 0.83046
vt 0.09996 0.82672
vt 0.62835 0.83072
vt 0.21145 0.77706
vt 0.62809 0.82959
vt 0.11546 0.82672
vt 0.62876 0.82934
vt 0.19662 0.77681
vt 0.11479 0.82698
vt 0.21257 0.77681
vt 0.11572 0.82944
vt 0.45971 0.83332
vt 0.11505 0.82969
vt 0.1955 0.77706
vt 0.46038 0.83306
vt 0.21232 0.77409
vt 0.45946 0.8322
vt 0.09956 0.82969
vt 0.46013 0.83194
vt 0.19525 0.77435
vt 0.10022 0.82944
vt 0.21119 0.77435
vt 0.0993 0.82698
vt 0.2775 0.77435
vt 0.27729 0.77414
vt 0.2775 0.77409
vt 0.13211 0.82698
vt 0.13232 0.82677
vt 0.13237 0.82698
vt 0.47562 0.83306
vt 0.47583 0.83327
vt 0.47562 0.83332
vt 0.1317 0.82698
vt 0.13149 0.82677
vt 0.1317 0.82672
vt 0.2274 0.77681
vt 0.22719 0.77702
vt 0.22715 0.77681
vt 0.47521 0.83306
vt 0.475 0.83327
vt 0.47495 0.83306
vt 0.27837 0.77435
vt 0.27858 0.77414
vt 0.27862 0.77435
vt 0.47562 0.8322
vt 0.47583 0.83199
vt 0.47588 0.8322
vt 0.14761 0.82944
vt 0.14782 0.82965
vt 0.14761 0.82969
vt 0.22827 0.77681
vt 0.22848 0.77702
vt 0.22827 0.77706
vt 0.1472 0.82944
vt 0.14699 0.82965
vt 0.14694 0.82944
vt 0.47521 0.8322
vt 0.475 0.83199
vt 0.47521 0.83194
vt 0.2775 0.77681
vt 0.27729 0.77702
vt 0.27724 0.77681
vt 0.49202 0.8322
vt 0.49224 0.83199
vt 0.49228 0.8322
vt 0.13211 0.82944
vt 0.13232 0.82965
vt 0.13211 0.82969
vt 0.2274 0.77435
vt 0.22719 0.77414
vt 0.2274 0.77409
vt 0.1317 0.82944
vt 0.13149 0.82965
vt 0.13144 0.82944
vt 0.49162 0.8322
vt 0.49141 0.83199
vt 0.49162 0.83194
vt 0.27837 0.77681
vt 0.27858 0.77702
vt 0.27837 0.77706
vt 0.14761 0.82698
vt 0.14782 0.82677
vt 0.14786 0.82698
vt 0.49202 0.83306
vt 0.49224 0.83327
vt 0.49202 0.83332
vt 0.22827 0.77435
vt 0.22848 0.77414
vt 0.22853 0.77435
vt 0.49162 0.83306
vt 0.49141 0.83327
vt 0.49136 0.83306
vt 0.1472 0.82698
vt 0.14699 0.82677
vt 0.1472 0.82672
vt 0.27837 0.77409
vt 0.47588 0.83306
vt 0.13211 0.82672
vt 0.47521 0.83332
vt 0.2274 0.77706
vt 0.47495 0.8322
vt 0.1472 0.82969
vt 0.47562 0.83194
vt 0.27862 0.77681
vt 0.14786 0.82944
vt 0.22853 0.77681
vt 0.14694 0.82698
vt 0.49162 0.83332
vt 0.14761 0.82672
vt 0.2775 0.77706
vt 0.49228 0.83306
vt 0.22827 0.77409
vt 0.49136 0.8322
vt 0.1317 0.82969
vt 0.49202 0.83194
vt 0.27724 0.77435
vt 0.13237 0.82944
vt 0.22715 0.77435
vt 0.13144 0.82698
vt 0.57703 0.79806
vt 0.57682 0.79785
vt 0.57703 0.7978
vt 0.1631 0.82698
vt 0.16331 0.82677
vt 0.16336 0.82698
vt 0.13095 0.84539
vt 0.13117 0.8456
vt 0.13095 0.84564
vt 0.16269 0.82698
vt 0.16248 0.82677
vt 0.16269 0.82672
vt 0.67488 0.80143
vt 0.67467 0.80164
vt 0.67462 0.80143
vt 0.13054 0.84539
vt 0.13034 0.8456
vt 0.13029 0.84539
vt 0.57789 0.79806
vt 0.5781 0.79785
vt 0.57815 0.79806
vt 0.13095 0.84452
vt 0.13117 0.84431
vt 0.13121 0.84452
vt 0.17819 0.82698
vt 0.17798 0.82677
vt 0.17819 0.82672
vt 0.67575 0.80143
vt 0.67596 0.80164
vt 0.67575 0.80169
vt 0.1786 0.82698
vt 0.17881 0.82677
vt 0.17885 0.82698
vt 0.13054 0.84452
vt 0.13034 0.84431
vt 0.13054 0.84426
vt 0.57703 0.80052
vt 0.57682 0.80073
vt 0.57677 0.80052
vt 0.14645 0.84452
vt 0.14666 0.84431
vt 0.14671 0.84452
vt 0.1631 0.82944
vt 0.16331 0.82965
vt 0.1631 0.82969
vt 0.67488 0.79897
vt 0.67467 0.79876
vt 0.67488 0.79871
vt 0.16269 0.82944
vt 0.16248 0.82965
vt 0.16243 0.82944
vt 0.14604 0.84452
vt 0.14583 0.84431
vt 0.14604 0.84426
vt 0.57789 0.80052
vt 0.5781 0.80073
vt 0.57789 0.80077
vt 0.17819 0.82944
vt 0.17798 0.82965
vt 0.17793 0.82944
vt 0.14645 0.84539
vt 0.14666 0.8456
vt 0.14645 0.84564
vt 0.67575 0.79897
vt 0.67596 0.79876
vt 0.676 0.79897
vt 0.14604 0.84539
vt 0.14583 0.8456
vt 0.14578 0.84539
vt 0.1786 0.82944
vt 0.17881 0.82965
vt 0.1786 0.82969
vt 0.57789 0.7978
vt 0.13121 0.84539
vt 0.1631 0.82672
vt 0.13054 0.84564
vt 0.67488 0.80169
vt 0.13029 0.84452
vt 0.1786 0.82672
vt 0.13095 0.84426
vt 0.57815 0.80052
vt 0.17793 0.82698
vt 0.676 0.80143
vt 0.17885 0.82944
vt 0.14604 0.84564
vt 0.17819 0.82969
vt 0.57703 0.80077
vt 0.14671 0.84539
vt 0.67575 0.79871
vt 0.14578 0.84452
vt 0.16269 0.82969
vt 0.14645 0.84426
vt 0.57677 0.79806
vt 0.16336 0.82944
vt 0.67462 0.79897
vt 0.16243 0.82698
vt 0.57703 0.76297
vt 0.57682 0.76276
vt 0.57703 0.76272
vt 0.11546 0.80944
vt 0.11567 0.80922
vt 0.11572 0.80944
vt 0.57744 0.83401
vt 0.57765 0.83422
vt 0.57744 0.83427
vt 0.11505 0.80944
vt 0.11484 0.80922
vt 0.11505 0.80918
vt 0.31052 0.77336
vt 0.31032 0.77357
vt 0.31027 0.77336
vt 0.57703 0.83401
vt 0.57682 0.83422
vt 0.57677 0.83401
vt 0.57789 0.76297
vt 0.5781 0.76276
vt 0.57815 0.76297
vt 0.57744 0.83315
vt 0.57765 0.83293
vt 0.57769 0.83315
vt 0.13211 0.81189
vt 0.13232 0.8121
vt 0.13211 0.81215
vt 0.31139 0.77336
vt 0.3116 0.77357
vt 0.31139 0.77362
vt 0.1317 0.81189
vt 0.13149 0.8121
vt 0.13144 0.81189
vt 0.57703 0.83315
vt 0.57682 0.83293
vt 0.57703 0.83289
vt 0.57703 0.76543
vt 0.57682 0.76564
vt 0.57677 0.76543
vt 0.83443 0.68302
vt 0.83464 0.68281
vt 0.83469 0.68302
vt 0.11546 0.81189
vt 0.11567 0.8121
vt 0.11546 0.81215
vt 0.31052 0.7709
vt 0.31032 0.7707
vt 0.31052 0.77065
vt 0.11505 0.81189
vt 0.11484 0.8121
vt 0.11479 0.81189
vt 0.83402 0.68302
vt 0.83381 0.68281
vt 0.83402 0.68277
vt 0.57789 0.76543
vt 0.5781 0.76564
vt 0.57789 0.76569
vt 0.13211 0.80944
vt 0.13232 0.80922
vt 0.13237 0.80944
vt 0.83443 0.68389
vt 0.83464 0.6841
vt 0.83443 0.68415
vt 0.31139 0.7709
vt 0.3116 0.7707
vt 0.31165 0.7709
vt 0.83402 0.68389
vt 0.83381 0.6841
vt 0.83376 0.68389
vt 0.1317 0.80944
vt 0.13149 0.80922
vt 0.1317 0.80918
vt 0.57789 0.76272
vt 0.57769 0.83401
vt 0.11546 0.80918
vt 0.57703 0.83427
vt 0.31052 0.77362
vt 0.57677 0.83315
vt 0.1317 0.81215
vt 0.57744 0.83289
vt 0.57815 0.76543
vt 0.13237 0.81189
vt 0.31165 0.77336
vt 0.13144 0.80944
vt 0.83402 0.68415
vt 0.13211 0.80918
vt 0.57703 0.76569
vt 0.83469 0.68389
vt 0.31139 0.77065
vt 0.83376 0.68302
vt 0.11505 0.81215
vt 0.83443 0.68277
vt 0.57677 0.76297
vt 0.11572 0.81189
vt 0.31027 0.7709
vt 0.11479 0.80944
vt 0.51184 0.65361
vt 0.67462 0.0073
vt 0.66005 0.65358
vt 0.75419 0.65358
vt 0.53219 0.65361
vt 0.69452 0.0073
vt 0.59901 0.65358
vt 0.77409 0.65358
vt 0.55254 0.65361
vt 0.71441 0.0073
vt 0.61936 0.65358
vt 0.79398 0.65358
vt 0.57289 0.65361
vt 0.7343 0.0073
vt 0.63971 0.65358
vt 0.81387 0.65358
vt 0.18022 0.81189
vt 0.19525 0.80944
vt 0.21166 0.81189
vt 0.22716 0.81189
vt 0.00728 0.81193
vt 0.03233 0.81439
vt 0.04828 0.81439
vt 0.42114 0.82215
vt 0.46038 0.81711
vt 0.47541 0.81465
vt 0.67555 0.81897
vt 0.69058 0.81651
vn 0.072 -0.162 -0.984
vn -0.577 -0.577 -0.577
vn -0.708 0.022 -0.706
vn 0.148 -0.95 0.276
vn -0.136 -0.573 -0.809
vn -0.948 0.14 -0.287
vn -0.664 -0.658 0.354
vn -0.577 -0.577 0.577
vn -0.167 0.072 0.983
vn -0.136 -0.809 0.573
vn -0.571 -0.136 0.81
vn -0.167 -0.072 -0.983
vn -0.577 0.577 -0.577
vn 0.019 0.708 -0.706
vn -0.949 -0.149 0.276
vn -0.571 0.136 -0.81
vn 0.139 0.948 -0.286
vn -0.683 0.64 0.353
vn 0.072 0.162 0.984
vn -0.577 0.577 0.577
vn -0.708 -0.022 0.706
vn -0.136 0.573 0.809
vn 0.167 0.072 -0.983
vn 0.577 -0.577 -0.577
vn -0.019 -0.708 -0.706
vn 0.949 0.149 0.276
vn 0.571 -0.136 -0.81
vn -0.139 -0.948 -0.286
vn 0.626 -0.697 0.351
vn -0.072 -0.162 0.984
vn 0.577 -0.577 0.577
vn 0.708 0.022 0.706
vn 0.136 -0.573 0.809
vn -0.072 0.162 -0.984
vn 0.577 0.577 -0.577
vn 0.708 -0.022 -0.706
vn -0.148 0.95 0.276
vn 0.136 0.573 -0.809
vn 0.948 -0.14 -0.287
vn 0.636 0.687 -0.352
vn 0.167 -0.072 0.983
vn 0.577 0.577 0.577
vn -0.019 0.708 0.706
vn 0.571 0.136 0.81
vn 0.019 -0.116 -0.993
vn -0.199 -0.98 0.006
vn -0.14 -0.613 -0.778
vn -0.981 0.055 -0.188
vn -0.588 -0.797 -0.137
vn 0 -0.99 0.14
vn -0.708 -0.706 0
vn -0.22 0.027 0.975
vn -0.14 -0.778 0.613
vn -0.988 -0.144 -0.051
vn -0.57 -0.135 0.81
vn -0.22 -0.027 -0.975
vn -0.032 0.708 -0.706
vn -0.988 0.144 0.051
vn -0.57 0.135 -0.81
vn 0 0.99 -0.14
vn -0.797 0.588 -0.137
vn 0.019 0.116 0.993
vn -0.199 0.98 -0.006
vn -0.14 0.613 0.778
vn -0.981 -0.055 0.188
vn -0.588 0.797 0.137
vn 0.22 0.027 -0.975
vn 0.032 -0.708 -0.706
vn 0.988 -0.144 0.051
vn 0.57 -0.135 -0.81
vn -0 -0.99 -0.14
vn 0.797 -0.588 -0.137
vn -0.019 -0.116 0.993
vn 0.199 -0.98 -0.006
vn 0.14 -0.613 0.778
vn 0.981 0.055 0.188
vn 0.588 -0.797 0.137
vn -0.019 0.116 -0.993
vn 0.199 0.98 0.006
vn 0.14 0.613 -0.778
vn 0.981 -0.055 -0.188
vn 0.588 0.797 -0.137
vn 0.22 -0.027 0.975
vn 0.032 0.708 0.706
vn 0.988 0.144 -0.051
vn 0.57 0.135 0.81
vn -0 0.99 0.14
vn 0.797 0.588 0.137
vn 0.005 -0.169 -0.986
vn -0.708 -0.015 -0.706
vn -0.193 -0.981 0.03
vn -0.139 -0.6 -0.788
vn -0.989 0.025 -0.143
vn -0.58 -0.803 -0.137
vn 0.025 -0.989 0.143
vn -0.708 -0.706 -0.011
vn -0.169 0.004 0.986
vn -0.139 -0.788 0.6
vn -0.981 -0.193 -0.03
vn -0.6 -0.138 0.788
vn -0.169 -0.004 -0.986
vn -0.015 0.708 -0.706
vn -0.981 0.193 0.03
vn -0.6 0.139 -0.788
vn 0.025 0.989 -0.143
vn -0.803 0.58 -0.136
vn 0.005 0.169 0.986
vn -0.708 0.015 0.706
vn -0.193 0.981 -0.03
vn -0.139 0.6 0.788
vn -0.989 -0.025 0.143
vn -0.58 0.803 0.137
vn 0.169 0.004 -0.986
vn 0.015 -0.708 -0.706
vn 0.981 -0.193 0.03
vn 0.6 -0.139 -0.788
vn -0.025 -0.989 -0.143
vn 0.803 -0.58 -0.136
vn -0.005 -0.169 0.986
vn 0.708 -0.015 0.706
vn 0.193 -0.981 -0.03
vn 0.139 -0.6 0.788
vn 0.989 0.025 0.143
vn 0.58 -0.803 0.137
vn -0.005 0.169 -0.986
vn 0.708 0.015 -0.706
vn 0.193 0.981 0.03
vn 0.139 0.6 -0.788
vn 0.989 -0.025 -0.143
vn 0.58 0.803 -0.136
vn 0.169 -0.004 0.986
vn 0.015 0.708 0.706
vn 0.981 0.193 -0.03
vn 0.6 0.138 0.788
vn -0.025 0.989 0.143
vn 0.803 0.58 0.136
vn -0.58 -0.803 -0.136
vn -0.58 0.803 0.136
vn 0.58 -0.803 0.136
vn -0.6 -0.139 0.788
vn -0.6 0.138 -0.788
vn 0.6 -0.138 -0.788
vn 0.6 0.139 0.788
vn -0.006 -0.095 -0.995
vn -0.193 -0.98 -0.046
vn -0.142 -0.633 -0.761
vn -0.975 0.025 -0.223
vn -0.616 -0.776 -0.14
vn -0.05 -0.987 0.152
vn -0.707 -0.706 0.035
vn -0.244 0.006 0.97
vn -0.142 -0.761 0.633
vn -0.993 -0.114 -0.016
vn -0.244 -0.006 -0.97
vn -0.057 0.707 -0.705
vn -0.993 0.114 0.016
vn -0.05 0.987 -0.152
vn -0.776 0.616 -0.14
vn -0.006 0.095 0.995
vn -0.193 0.98 0.046
vn -0.142 0.633 0.761
vn -0.975 -0.025 0.223
vn -0.616 0.776 0.14
vn 0.244 0.006 -0.97
vn 0.057 -0.707 -0.705
vn 0.993 -0.114 0.016
vn 0.05 -0.987 -0.152
vn 0.776 -0.616 -0.14
vn 0.006 -0.095 0.995
vn 0.193 -0.98 0.046
vn 0.142 -0.633 0.761
vn 0.975 0.025 0.223
vn 0.616 -0.776 0.14
vn 0.006 0.095 -0.995
vn 0.193 0.98 -0.046
vn 0.142 0.633 -0.761
vn 0.975 -0.025 -0.223
vn 0.616 0.776 -0.14
vn 0.244 -0.006 0.97
vn 0.057 0.707 0.705
vn 0.993 0.114 -0.016
vn 0.05 0.987 0.152
vn 0.776 0.616 0.14
vn 0.02 -0.225 -0.974
vn -0.707 -0.038 -0.706
vn -0.143 -0.989 0.048
vn -0.136 -0.571 -0.809
vn -0.991 -0.008 -0.136
vn -0.59 -0.796 -0.138
vn 0.051 -0.981 0.189
vn -0.708 -0.706 0.002
vn -0.112 0.011 0.994
vn -0.136 -0.81 0.571
vn -0.979 -0.204 0.002
vn -0.618 -0.14 0.773
vn -0.112 -0.011 -0.994
vn 0.021 0.708 -0.706
vn -0.979 0.204 -0.002
vn -0.618 0.14 -0.773
vn 0.051 0.981 -0.189
vn -0.796 0.59 -0.137
vn 0.02 0.225 0.974
vn -0.707 0.038 0.706
vn -0.143 0.989 -0.048
vn -0.136 0.571 0.809
vn -0.991 0.008 0.136
vn -0.59 0.796 0.138
vn 0.112 0.011 -0.994
vn -0.021 -0.708 -0.706
vn 0.979 -0.204 -0.002
vn 0.618 -0.14 -0.773
vn -0.051 -0.981 -0.189
vn 0.796 -0.59 -0.138
vn -0.02 -0.225 0.974
vn 0.707 -0.038 0.706
vn 0.143 -0.989 -0.048
vn 0.136 -0.571 0.809
vn 0.991 -0.008 0.136
vn 0.59 -0.796 0.138
vn -0.02 0.225 -0.974
vn 0.707 0.038 -0.706
vn 0.143 0.989 0.048
vn 0.136 0.571 -0.809
vn 0.991 0.008 -0.136
vn 0.59 0.796 -0.137
vn 0.112 -0.011 0.994
vn -0.021 0.708 0.706
vn 0.979 0.204 0.002
vn 0.618 0.14 0.773
vn -0.051 0.981 0.189
vn 0.796 0.59 0.138
vn -0.074 0.995 -0.073
vn 0.042 0.998 -0.051
vn 0 -0.103 -0.995
vn -0.076 0.997 -0.003
vn 0.066 0.998 -0.004
vn -0.052 0.998 0.044
vn 0.043 0.998 0.044
vn 0 -0.096 0.995
vn 0.052 -0.997 -0.06
vn -0.06 -0.996 -0.059
vn 0 0.103 -0.995
vn 0.066 -0.998 -0.004
vn -0.076 -0.997 -0.004
vn 0.037 -0.999 0.039
vn -0.061 -0.997 0.053
vn 0 0.096 0.995
vn -1 0.006 -0
vn -0.707 0.001 0.707
vn -0 -0.004 1
vn 1 -0.006 -0
vn 0.707 -0.001 -0.707
vn -0 0.004 -1
vn -0.707 0.007 -0.707
vn -1 0.007 -0
vn 0.707 -0.007 0.707
vn -0 -0.005 1
vn 1 -0.007 -0
vn -0 0.005 -1
vn -0.707 0.008 -0.707
vn -1 0.007 0
vn 0.707 -0.008 0.707
vn 1 -0.007 0
vn 0 0.005 -1
vn -1 0.006 0
vn 0 -0.005 1
vn 1 -0.006 0
vn -1 0.005 0
vn 0 -0.004 1
vn 1 -0.005 0
vn 0 0.004 -1
vn -0.707 0.006 -0.707
vn -1 0.004 0
vn 0.707 -0.006 0.707
vn 0 -0.003 1
vn 1 -0.004 0
vn 0 0.003 -1
vn -0.707 0.005 -0.707
vn -1 0.002 0
vn -0.707 0 0.707
vn 0.707 -0.005 0.707
vn 0 -0.001 1
vn 1 -0.002 0
vn 0.707 -0 -0.707
vn 0 0.001 -1
vn -0.707 0.002 -0.707
vn -0.707 -0 0.707
vn 0 0 1
vn 0.707 0 0.707
vn 0.707 -0.002 0.707
vn 1 0 0
vn 0.707 0 -0.707
vn 0 -0 -1
vn -1 -0 0
vn -1 -0.002 0
vn 0 0.001 1
vn 1 0.002 0
vn 0 -0.001 -1
vn -0.707 -0.002 -0.707
vn -0.707 -0 -0.707
vn -0.707 -0.001 0.707
vn 0 0.003 1
vn 0.707 0.005 0.707
vn 0.707 0.002 0.707
vn 1 0.004 0
vn 0.707 0.001 -0.707
vn 0 -0.003 -1
vn -1 -0.004 0
vn 0 0.004 1
vn 0.707 0.006 0.707
vn 1 0.005 0
vn -0.707 -0.005 -0.707
vn 0 -0.004 -1
vn -1 -0.005 0
vn 0 0.005 1
vn 0.707 0.008 0.707
vn 1 0.006 0
vn -0.707 -0.006 -0.707
vn 0 -0.005 -1
vn -1 -0.006 0
vn -0 0.005 1
vn 1 0.007 0
vn -0.707 -0.008 -0.707
vn -1 -0.007 0
vn 1 0.007 -0
vn -0 -0.005 -1
vn -1 -0.007 -0
vn -0 0.004 1
vn 0.707 0.007 0.707
vn 1 0.006 -0
vn -0 -0.004 -1
vn -1 -0.006 -0
vn -0.707 -0.007 -0.707
vn -1 0 0
vn -0.707 0 -0.707
vn -0.012 -0.21 -0.978
vn -0.707 -0.047 -0.706
vn -0.089 -0.994 -0.064
vn -0.138 -0.592 -0.794
vn -0.971 -0.087 -0.221
vn -0.664 -0.733 -0.145
vn -0.052 -0.965 0.257
vn -0.704 -0.703 0.099
vn -0.132 -0.018 0.991
vn -0.138 -0.794 0.592
vn -0.987 -0.13 0.093
vn -0.625 -0.141 0.768
vn -0.132 0.018 -0.991
vn -0.005 0.708 -0.706
vn -0.987 0.13 -0.093
vn -0.625 0.141 -0.768
vn -0.052 0.965 -0.257
vn -0.733 0.664 -0.145
vn -0.012 0.21 0.978
vn -0.707 0.047 0.706
vn -0.089 0.994 0.064
vn -0.138 0.592 0.794
vn -0.971 0.087 0.221
vn -0.664 0.733 0.145
vn 0.132 -0.018 -0.991
vn 0.005 -0.708 -0.706
vn 0.987 -0.13 -0.093
vn 0.625 -0.141 -0.768
vn 0.052 -0.965 -0.257
vn 0.733 -0.664 -0.145
vn 0.012 -0.21 0.978
vn 0.707 -0.047 0.706
vn 0.089 -0.994 0.064
vn 0.138 -0.592 0.794
vn 0.971 -0.087 0.221
vn 0.664 -0.733 0.145
vn 0.012 0.21 -0.978
vn 0.707 0.047 -0.706
vn 0.089 0.994 -0.064
vn 0.138 0.592 -0.794
vn 0.971 0.087 -0.221
vn 0.664 0.733 -0.145
vn 0.132 0.018 0.991
vn 0.005 0.708 0.706
vn 0.987 0.13 0.093
vn 0.625 0.141 0.768
vn 0.052 0.965 0.257
vn 0.733 0.664 0.145
vn -0.972 0.087 0.221
vn -0.972 -0.087 -0.221
vn 0.972 -0.087 0.221
vn -0.138 -0.593 -0.793
vn -0.138 -0.793 0.593
vn -0.006 0.708 -0.706
vn -0.138 0.593 0.793
vn 0.004 -0.708 -0.706
vn 0.138 -0.591 0.795
vn 0.138 0.591 -0.795
vn 0.004 0.708 0.706
vn -0.138 -0.591 -0.795
vn -0.138 -0.795 0.591
vn -0.004 0.708 -0.706
vn -0.138 0.591 0.795
vn 0.006 -0.708 -0.706
vn 0.138 -0.593 0.793
vn 0.138 0.593 -0.793
vn 0.006 0.708 0.706
f 1/1/1 2/2/2 3/3/3
f 4/4/4 2/5/2 5/6/5
f 6/7/6 2/8/2 7/9/7
f 4/4/4 8/10/8 7/11/7
f 9/12/9 8/13/8 10/14/10
f 6/7/6 8/15/8 11/16/11
f 12/17/12 13/18/13 14/19/14
f 15/20/15 13/21/13 16/22/16
f 17/23/17 13/24/13 18/25/18
f 19/26/19 20/27/20 21/28/21
f 17/23/17 20/29/20 22/30/22
f 15/20/15 20/31/20 18/32/18
f 23/33/23 24/34/24 25/35/25
f 26/36/26 24/37/24 27/38/27
f 28/39/28 24/40/24 29/41/29
f 30/42/30 31/43/31 32/44/32
f 28/39/28 31/45/31 33/46/33
f 26/36/26 31/47/31 29/48/29
f 34/49/34 35/50/35 36/51/36
f 37/52/37 35/53/35 38/54/38
f 39/55/39 35/56/35 40/57/40
f 41/58/41 42/59/42 43/60/43
f 39/55/39 42/61/42 44/62/44
f 37/52/37 42/63/42 40/64/40
f 1/1/1 16/65/16 12/17/12
f 3/66/3 15/20/15 16/22/16
f 19/26/19 11/67/11 9/12/9
f 21/68/21 6/7/6 11/16/11
f 12/17/12 38/69/38 34/49/34
f 14/70/14 37/52/37 38/54/38
f 41/58/41 22/71/22 19/26/19
f 43/72/43 17/23/17 22/30/22
f 34/49/34 27/73/27 23/33/23
f 36/74/36 26/36/26 27/38/27
f 30/42/30 44/75/44 41/58/41
f 32/76/32 39/55/39 44/62/44
f 23/33/23 5/77/5 1/1/1
f 25/78/25 4/4/4 5/6/5
f 9/12/9 33/79/33 30/42/30
f 10/80/10 28/39/28 33/46/33
f 34/49/34 1/1/1 12/17/12
f 19/26/19 30/42/30 41/58/41
f 45/81/45 46/82/2 47/83/3
f 48/84/46 46/85/2 49/86/47
f 50/87/48 46/88/2 51/89/49
f 52/90/50 53/91/8 54/92/51
f 55/93/52 53/94/8 56/95/53
f 57/96/54 53/97/8 58/98/55
f 59/99/56 60/100/13 61/101/57
f 62/102/58 60/103/13 63/104/59
f 64/105/60 60/106/13 65/107/61
f 66/108/62 67/109/20 68/110/21
f 69/111/63 67/112/20 70/113/64
f 71/114/65 67/115/20 72/116/66
f 73/117/67 74/118/24 75/119/68
f 76/120/69 74/121/24 77/122/70
f 78/123/71 74/124/24 79/125/72
f 80/126/73 81/127/31 82/128/32
f 83/129/74 81/130/31 84/131/75
f 85/132/76 81/133/31 86/134/77
f 87/135/78 88/136/35 89/137/36
f 90/138/79 88/139/35 91/140/80
f 92/141/81 88/142/35 93/143/82
f 94/144/83 95/145/42 96/146/84
f 97/147/85 95/148/42 98/149/86
f 99/150/87 95/151/42 100/152/88
f 45/81/45 63/153/59 59/99/56
f 47/154/3 62/102/58 63/104/59
f 52/90/50 51/155/49 48/84/46
f 54/156/51 50/87/48 51/89/49
f 66/108/62 58/157/55 55/93/52
f 68/158/21 57/96/54 58/98/55
f 64/105/60 72/159/66 69/111/63
f 65/160/61 71/114/65 72/116/66
f 59/99/56 91/161/80 87/135/78
f 61/162/57 90/138/79 91/140/80
f 94/144/83 70/163/64 66/108/62
f 96/164/84 69/111/63 70/113/64
f 92/141/81 100/165/88 97/147/85
f 93/166/82 99/150/87 100/152/88
f 87/135/78 77/167/70 73/117/67
f 89/168/36 76/120/69 77/122/70
f 80/126/73 98/169/86 94/144/83
f 82/170/32 97/147/85 98/149/86
f 78/123/71 86/171/77 83/129/74
f 79/172/72 85/132/76 86/134/77
f 73/117/67 49/173/47 45/81/45
f 75/174/68 48/84/46 49/86/47
f 55/93/52 84/175/75 80/126/73
f 56/176/53 83/129/74 84/131/75
f 87/135/78 45/81/45 59/99/56
f 57/96/54 62/102/58 50/87/48
f 83/129/74 48/84/46 78/123/71
f 66/108/62 80/126/73 94/144/83
f 69/111/63 90/138/79 64/105/60
f 97/147/85 76/120/69 92/141/81
f 101/177/89 102/178/2 103/179/90
f 104/180/91 102/181/2 105/182/92
f 106/183/93 102/184/2 107/185/94
f 108/186/95 109/187/8 110/188/96
f 111/189/97 109/190/8 112/191/98
f 113/192/99 109/193/8 114/194/100
f 115/195/101 116/196/13 117/197/102
f 118/198/103 116/199/13 119/200/104
f 120/201/105 116/202/13 121/203/106
f 122/204/107 123/205/20 124/206/108
f 125/207/109 123/208/20 126/209/110
f 127/210/111 123/211/20 128/212/112
f 129/213/113 130/214/24 131/215/114
f 132/216/115 130/217/24 133/218/116
f 134/219/117 130/220/24 135/221/118
f 136/222/119 137/223/31 138/224/120
f 139/225/121 137/226/31 140/227/122
f 141/228/123 137/229/31 142/230/124
f 143/231/125 144/232/35 145/233/126
f 146/234/127 144/235/35 147/236/128
f 148/237/129 144/238/35 149/239/130
f 150/240/131 151/241/42 152/242/132
f 153/243/133 151/244/42 154/245/134
f 155/246/135 151/247/42 156/248/136
f 101/177/89 119/249/104 115/195/101
f 103/250/90 118/198/103 119/200/104
f 108/186/95 107/251/94 104/180/91
f 110/252/96 106/183/93 107/185/94
f 122/204/107 114/253/100 111/189/97
f 124/254/108 113/192/99 114/194/100
f 120/201/105 128/255/112 125/207/109
f 121/256/106 127/210/111 128/212/112
f 115/195/101 147/257/128 143/231/125
f 117/258/102 146/234/127 147/236/128
f 150/240/131 126/259/110 122/204/107
f 152/260/132 125/207/109 126/209/110
f 148/237/129 156/261/136 153/243/133
f 149/262/130 155/246/135 156/248/136
f 143/231/125 133/263/116 129/213/113
f 145/264/126 132/216/115 133/218/116
f 136/222/119 154/265/134 150/240/131
f 138/266/120 153/243/133 154/245/134
f 134/219/117 142/267/124 139/225/121
f 135/268/118 141/228/123 142/230/124
f 129/213/113 105/269/92 101/177/89
f 131/270/114 104/180/91 105/182/92
f 111/189/97 140/271/122 136/222/119
f 112/272/98 139/225/121 140/227/122
f 143/231/125 101/177/89 115/195/101
f 113/192/99 118/198/103 106/183/93
f 139/225/121 104/180/91 134/219/117
f 122/204/107 136/222/119 150/240/131
f 125/207/109 146/234/127 120/201/105
f 153/243/133 132/216/115 148/237/129
f 157/273/89 158/274/2 159/275/90
f 160/276/91 158/277/2 161/278/92
f 162/279/93 158/280/2 163/281/137
f 164/282/95 165/283/8 166/284/96
f 167/285/97 165/286/8 168/287/98
f 169/288/99 165/289/8 170/290/100
f 171/291/101 172/292/13 173/293/102
f 174/294/103 172/295/13 175/296/104
f 176/297/105 172/298/13 177/299/106
f 178/300/107 179/301/20 180/302/108
f 181/303/109 179/304/20 182/305/110
f 183/306/111 179/307/20 184/308/138
f 185/309/113 186/310/24 187/311/114
f 188/312/115 186/313/24 189/314/116
f 190/315/117 186/316/24 191/317/118
f 192/318/119 193/319/31 194/320/120
f 195/321/121 193/322/31 196/323/122
f 197/324/123 193/325/31 198/326/139
f 199/327/125 200/328/35 201/329/126
f 202/330/127 200/331/35 203/332/128
f 204/333/129 200/334/35 205/335/130
f 206/336/131 207/337/42 208/338/132
f 209/339/133 207/340/42 210/341/134
f 211/342/135 207/343/42 212/344/136
f 157/273/89 175/345/104 171/291/101
f 159/346/90 174/294/103 175/296/104
f 164/282/95 163/347/137 160/276/91
f 166/348/96 162/279/93 163/281/137
f 178/300/107 170/349/100 167/285/97
f 180/350/108 169/288/99 170/290/100
f 176/297/105 184/351/138 181/303/109
f 177/352/106 183/306/111 184/308/138
f 171/291/101 203/353/128 199/327/125
f 173/354/102 202/330/127 203/332/128
f 206/336/131 182/355/110 178/300/107
f 208/356/132 181/303/109 182/305/110
f 204/333/129 212/357/136 209/339/133
f 205/358/130 211/342/135 212/344/136
f 199/327/125 189/359/116 185/309/113
f 201/360/126 188/312/115 189/314/116
f 192/318/119 210/361/134 206/336/131
f 194/362/120 209/339/133 210/341/134
f 190/315/117 198/363/139 195/321/121
f 191/364/118 197/324/123 198/326/139
f 185/309/113 161/365/92 157/273/89
f 187/366/114 160/276/91 161/278/92
f 167/285/97 196/367/122 192/318/119
f 168/368/98 195/321/121 196/323/122
f 199/327/125 157/273/89 171/291/101
f 169/288/99 174/294/103 162/279/93
f 195/321/121 160/276/91 190/315/117
f 178/300/107 192/318/119 206/336/131
f 181/303/109 202/330/127 176/297/105
f 209/339/133 188/312/115 204/333/129
f 213/369/89 214/370/2 215/371/90
f 216/372/91 214/373/2 217/374/92
f 218/375/93 214/376/2 219/377/137
f 220/378/95 221/379/8 222/380/96
f 223/381/97 221/382/8 224/383/98
f 225/384/99 221/385/8 226/386/100
f 227/387/101 228/388/13 229/389/102
f 230/390/103 228/391/13 231/392/104
f 232/393/105 228/394/13 233/395/106
f 234/396/107 235/397/20 236/398/108
f 237/399/109 235/400/20 238/401/110
f 239/402/111 235/403/20 240/404/138
f 241/405/113 242/406/24 243/407/114
f 244/408/115 242/409/24 245/410/116
f 246/411/117 242/412/24 247/413/118
f 248/414/119 249/415/31 250/416/120
f 251/417/121 249/418/31 252/419/122
f 253/420/123 249/421/31 254/422/139
f 255/423/125 256/424/35 257/425/126
f 258/426/127 256/427/35 259/428/128
f 260/429/129 256/430/35 261/431/130
f 262/432/131 263/433/42 264/434/132
f 265/435/133 263/436/42 266/437/134
f 267/438/135 263/439/42 268/440/136
f 213/369/89 231/441/104 227/387/101
f 215/442/90 230/390/103 231/392/104
f 220/378/95 219/443/137 216/372/91
f 222/444/96 218/375/93 219/377/137
f 234/396/107 226/445/100 223/381/97
f 236/446/108 225/384/99 226/386/100
f 232/393/105 240/447/138 237/399/109
f 233/448/106 239/402/111 240/404/138
f 227/387/101 259/449/128 255/423/125
f 229/450/102 258/426/127 259/428/128
f 262/432/131 238/451/110 234/396/107
f 264/452/132 237/399/109 238/401/110
f 260/429/129 268/453/136 265/435/133
f 261/454/130 267/438/135 268/440/136
f 255/423/125 245/455/116 241/405/113
f 257/456/126 244/408/115 245/410/116
f 248/414/119 266/457/134 262/432/131
f 250/458/120 265/435/133 266/437/134
f 246/411/117 254/459/139 251/417/121
f 247/460/118 253/420/123 254/422/139
f 241/405/113 217/461/92 213/369/89
f 243/462/114 216/372/91 217/374/92
f 223/381/97 252/463/122 248/414/119
f 224/464/98 251/417/121 252/419/122
f 255/423/125 213/369/89 227/387/101
f 225/384/99 230/390/103 218/375/93
f 251/417/121 216/372/91 246/411/117
f 234/396/107 248/414/119 262/432/131
f 237/399/109 258/426/127 232/393/105
f 265/435/133 244/408/115 260/429/129
f 269/465/89 270/466/2 271/467/90
f 272/468/91 270/469/2 273/470/92
f 274/471/93 270/472/2 275/473/94
f 276/474/95 277/475/8 278/476/96
f 279/477/97 277/478/8 280/479/98
f 281/480/99 277/481/8 282/482/140
f 283/483/101 284/484/13 285/485/102
f 286/486/103 284/487/13 287/488/141
f 288/489/105 284/490/13 289/491/106
f 290/492/107 291/493/20 292/494/108
f 293/495/109 291/496/20 294/497/110
f 295/498/111 291/499/20 296/500/138
f 297/501/113 298/502/24 299/503/114
f 300/504/115 298/505/24 301/506/142
f 302/507/117 298/508/24 303/509/118
f 304/510/119 305/511/31 306/512/120
f 307/513/121 305/514/31 308/515/122
f 309/516/123 305/517/31 310/518/139
f 311/519/125 312/520/35 313/521/126
f 314/522/127 312/523/35 315/524/128
f 316/525/129 312/526/35 317/527/130
f 318/528/131 319/529/42 320/530/132
f 321/531/133 319/532/42 322/533/143
f 323/534/135 319/535/42 324/536/136
f 269/465/89 287/537/141 283/483/101
f 271/538/90 286/486/103 287/488/141
f 276/474/95 275/539/94 272/468/91
f 278/540/96 274/471/93 275/473/94
f 290/492/107 282/541/140 279/477/97
f 292/542/108 281/480/99 282/482/140
f 288/489/105 296/543/138 293/495/109
f 289/544/106 295/498/111 296/500/138
f 283/483/101 315/545/128 311/519/125
f 285/546/102 314/522/127 315/524/128
f 318/528/131 294/547/110 290/492/107
f 320/548/132 293/495/109 294/497/110
f 316/525/129 324/549/136 321/531/133
f 317/550/130 323/534/135 324/536/136
f 311/519/125 301/551/142 297/501/113
f 313/552/126 300/504/115 301/506/142
f 304/510/119 322/553/143 318/528/131
f 306/554/120 321/531/133 322/533/143
f 302/507/117 310/555/139 307/513/121
f 303/556/118 309/516/123 310/518/139
f 297/501/113 273/557/92 269/465/89
f 299/558/114 272/468/91 273/470/92
f 279/477/97 308/559/122 304/510/119
f 280/560/98 307/513/121 308/515/122
f 311/519/125 269/465/89 283/483/101
f 281/480/99 286/486/103 274/471/93
f 307/513/121 272/468/91 302/507/117
f 290/492/107 304/510/119 318/528/131
f 293/495/109 314/522/127 288/489/105
f 321/531/133 300/504/115 316/525/129
f 325/561/89 326/562/2 327/563/90
f 328/564/91 326/565/2 329/566/92
f 330/567/93 326/568/2 331/569/137
f 332/570/95 333/571/8 334/572/96
f 335/573/97 333/574/8 336/575/98
f 337/576/99 333/577/8 338/578/100
f 339/579/101 340/580/13 341/581/102
f 342/582/103 340/583/13 343/584/104
f 344/585/105 340/586/13 345/587/106
f 346/588/107 347/589/20 348/590/108
f 349/591/109 347/592/20 350/593/110
f 351/594/111 347/595/20 352/596/138
f 353/597/113 354/598/24 355/599/114
f 356/600/115 354/601/24 357/602/116
f 358/603/117 354/604/24 359/605/118
f 360/606/119 361/607/31 362/608/120
f 363/609/121 361/610/31 364/611/122
f 365/612/123 361/613/31 366/614/139
f 367/615/125 368/616/35 369/617/126
f 370/618/127 368/619/35 371/620/128
f 372/621/129 368/622/35 373/623/130
f 374/624/131 375/625/42 376/626/132
f 377/627/133 375/628/42 378/629/134
f 379/630/135 375/631/42 380/632/136
f 325/561/89 343/633/104 339/579/101
f 327/634/90 342/582/103 343/584/104
f 332/570/95 331/635/137 328/564/91
f 334/636/96 330/567/93 331/569/137
f 346/588/107 338/637/100 335/573/97
f 348/638/108 337/576/99 338/578/100
f 344/585/105 352/639/138 349/591/109
f 345/640/106 351/594/111 352/596/138
f 339/579/101 371/641/128 367/615/125
f 341/642/102 370/618/127 371/620/128
f 374/624/131 350/643/110 346/588/107
f 376/644/132 349/591/109 350/593/110
f 372/621/129 380/645/136 377/627/133
f 373/646/130 379/630/135 380/632/136
f 367/615/125 357/647/116 353/597/113
f 369/648/126 356/600/115 357/602/116
f 360/606/119 378/649/134 374/624/131
f 362/650/120 377/627/133 378/629/134
f 358/603/117 366/651/139 363/609/121
f 359/652/118 365/612/123 366/614/139
f 353/597/113 329/653/92 325/561/89
f 355/654/114 328/564/91 329/566/92
f 335/573/97 364/655/122 360/606/119
f 336/656/98 363/609/121 364/611/122
f 367/615/125 325/561/89 339/579/101
f 337/576/99 342/582/103 330/567/93
f 363/609/121 328/564/91 358/603/117
f 346/588/107 360/606/119 374/624/131
f 349/591/109 370/618/127 344/585/105
f 377/627/133 356/600/115 372/621/129
f 381/657/89 382/658/2 383/659/90
f 384/660/91 382/661/2 385/662/92
f 386/663/93 382/664/2 387/665/137
f 388/666/95 389/667/8 390/668/96
f 391/669/97 389/670/8 392/671/98
f 393/672/99 389/673/8 394/674/100
f 395/675/101 396/676/13 397/677/102
f 398/678/103 396/679/13 399/680/104
f 400/681/105 396/682/13 401/683/106
f 402/684/107 403/685/20 404/686/108
f 405/687/109 403/688/20 406/689/110
f 407/690/111 403/691/20 408/692/138
f 409/693/113 410/694/24 411/695/114
f 412/696/115 410/697/24 413/698/116
f 414/699/117 410/700/24 415/701/118
f 416/702/119 417/703/31 418/704/120
f 419/705/121 417/706/31 420/707/122
f 421/708/123 417/709/31 422/710/139
f 423/711/125 424/712/35 425/713/126
f 426/714/127 424/715/35 427/716/128
f 428/717/129 424/718/35 429/719/130
f 430/720/131 431/721/42 432/722/132
f 433/723/133 431/724/42 434/725/134
f 435/726/135 431/727/42 436/728/136
f 381/657/89 399/729/104 395/675/101
f 383/730/90 398/678/103 399/680/104
f 388/666/95 387/731/137 384/660/91
f 390/732/96 386/663/93 387/665/137
f 402/684/107 394/733/100 391/669/97
f 404/734/108 393/672/99 394/674/100
f 400/681/105 408/735/138 405/687/109
f 401/736/106 407/690/111 408/692/138
f 395/675/101 427/737/128 423/711/125
f 397/738/102 426/714/127 427/716/128
f 430/720/131 406/739/110 402/684/107
f 432/740/132 405/687/109 406/689/110
f 428/717/129 436/741/136 433/723/133
f 429/742/130 435/726/135 436/728/136
f 423/711/125 413/743/116 409/693/113
f 425/744/126 412/696/115 413/698/116
f 416/702/119 434/745/134 430/720/131
f 418/746/120 433/723/133 434/725/134
f 414/699/117 422/747/139 419/705/121
f 415/748/118 421/708/123 422/710/139
f 409/693/113 385/749/92 381/657/89
f 411/750/114 384/660/91 385/662/92
f 391/669/97 420/751/122 416/702/119
f 392/752/98 419/705/121 420/707/122
f 423/711/125 381/657/89 395/675/101
f 393/672/99 398/678/103 386/663/93
f 419/705/121 384/660/91 414/699/117
f 402/684/107 416/702/119 430/720/131
f 405/687/109 426/714/127 400/681/105
f 433/723/133 412/696/115 428/717/129
f 437/753/89 438/754/2 439/755/90
f 440/756/91 438/757/2 441/758/92
f 442/759/93 438/760/2 443/761/94
f 444/762/95 445/763/8 446/764/96
f 447/765/97 445/766/8 448/767/98
f 449/768/99 445/769/8 450/770/100
f 451/771/101 452/772/13 453/773/102
f 454/774/103 452/775/13 455/776/104
f 456/777/105 452/778/13 457/779/106
f 458/780/107 459/781/20 460/782/108
f 461/783/109 459/784/20 462/785/110
f 463/786/111 459/787/20 464/788/112
f 465/789/113 466/790/24 467/791/114
f 468/792/115 466/793/24 469/794/116
f 470/795/117 466/796/24 471/797/118
f 472/798/119 473/799/31 474/800/120
f 475/801/121 473/802/31 476/803/122
f 477/804/123 473/805/31 478/806/124
f 479/807/125 480/808/35 481/809/126
f 482/810/127 480/811/35 483/812/128
f 484/813/129 480/814/35 485/815/130
f 486/816/131 487/817/42 488/818/132
f 489/819/133 487/820/42 490/821/134
f 491/822/135 487/823/42 492/824/136
f 437/753/89 455/825/104 451/771/101
f 439/826/90 454/774/103 455/776/104
f 444/762/95 443/827/94 440/756/91
f 446/828/96 442/759/93 443/761/94
f 458/780/107 450/829/100 447/765/97
f 460/830/108 449/768/99 450/770/100
f 456/777/105 464/831/112 461/783/109
f 457/832/106 463/786/111 464/788/112
f 451/771/101 483/833/128 479/807/125
f 453/834/102 482/810/127 483/812/128
f 486/816/131 462/835/110 458/780/107
f 488/836/132 461/783/109 462/785/110
f 484/813/129 492/837/136 489/819/133
f 485/838/130 491/822/135 492/824/136
f 479/807/125 469/839/116 465/789/113
f 481/840/126 468/792/115 469/794/116
f 472/798/119 490/841/134 486/816/131
f 474/842/120 489/819/133 490/821/134
f 470/795/117 478/843/124 475/801/121
f 471/844/118 477/804/123 478/806/124
f 465/789/113 441/845/92 437/753/89
f 467/846/114 440/756/91 441/758/92
f 447/765/97 476/847/122 472/798/119
f 448/848/98 475/801/121 476/803/122
f 479/807/125 437/753/89 451/771/101
f 449/768/99 454/774/103 442/759/93
f 475/801/121 440/756/91 470/795/117
f 458/780/107 472/798/119 486/816/131
f 461/783/109 482/810/127 456/777/105
f 489/819/133 468/792/115 484/813/129
f 493/849/144 494/850/2 495/851/3
f 496/852/145 494/853/2 497/854/146
f 498/855/147 494/856/2 499/857/148
f 500/858/149 501/859/8 502/860/150
f 503/861/151 501/862/8 504/863/152
f 505/864/153 501/865/8 506/866/55
f 507/867/154 508/868/13 509/869/155
f 510/870/156 508/871/13 511/872/59
f 512/873/157 508/874/13 513/875/158
f 514/876/159 515/877/20 516/878/21
f 517/879/160 515/880/20 518/881/161
f 519/882/162 515/883/20 520/884/163
f 521/885/164 522/886/24 523/887/165
f 524/888/166 522/889/24 525/890/70
f 526/891/167 522/892/24 527/893/168
f 528/894/169 529/895/31 530/896/32
f 531/897/170 529/898/31 532/899/171
f 533/900/172 529/901/31 534/902/173
f 535/903/174 536/904/35 537/905/36
f 538/906/175 536/907/35 539/908/176
f 540/909/177 536/910/35 541/911/178
f 542/912/179 543/913/42 544/914/180
f 545/915/181 543/916/42 546/917/86
f 547/918/182 543/919/42 548/920/183
f 493/849/144 511/921/59 507/867/154
f 495/922/3 510/870/156 511/872/59
f 500/858/149 499/923/148 496/852/145
f 502/924/150 498/855/147 499/857/148
f 514/876/159 506/925/55 503/861/151
f 516/926/21 505/864/153 506/866/55
f 512/873/157 520/927/163 517/879/160
f 513/928/158 519/882/162 520/884/163
f 507/867/154 539/929/176 535/903/174
f 509/930/155 538/906/175 539/908/176
f 542/912/179 518/931/161 514/876/159
f 544/932/180 517/879/160 518/881/161
f 540/909/177 548/933/183 545/915/181
f 541/934/178 547/918/182 548/920/183
f 535/903/174 525/935/70 521/885/164
f 537/936/36 524/888/166 525/890/70
f 528/894/169 546/937/86 542/912/179
f 530/938/32 545/915/181 546/917/86
f 526/891/167 534/939/173 531/897/170
f 527/940/168 533/900/172 534/902/173
f 521/885/164 497/941/146 493/849/144
f 523/942/165 496/852/145 497/854/146
f 503/861/151 532/943/171 528/894/169
f 504/944/152 531/897/170 532/899/171
f 535/903/174 493/849/144 507/867/154
f 505/864/153 510/870/156 498/855/147
f 531/897/170 496/852/145 526/891/167
f 514/876/159 528/894/169 542/912/179
f 517/879/160 538/906/175 512/873/157
f 545/915/181 524/888/166 540/909/177
f 549/945/45 550/946/2 551/947/3
f 552/948/46 550/949/2 553/950/47
f 554/951/48 550/952/2 555/953/49
f 556/954/50 557/955/8 558/956/51
f 559/957/52 557/958/8 560/959/53
f 561/960/54 557/961/8 562/962/55
f 563/963/56 564/964/13 565/965/57
f 566/966/58 564/967/13 567/968/59
f 568/969/60 564/970/13 569/971/61
f 570/972/62 571/973/20 572/974/21
f 573/975/63 571/976/20 574/977/64
f 575/978/65 571/979/20 576/980/66
f 577/981/67 578/982/24 579/983/68
f 580/984/69 578/985/24 581/986/70
f 582/987/71 578/988/24 583/989/72
f 584/990/73 585/991/31 586/992/32
f 587/993/74 585/994/31 588/995/75
f 589/996/76 585/997/31 590/998/77
f 591/999/78 592/1000/35 593/1001/36
f 594/1002/79 592/1003/35 595/1004/80
f 596/1005/81 592/1006/35 597/1007/82
f 598/1008/83 599/1009/42 600/1010/84
f 601/1011/85 599/1012/42 602/1013/86
f 603/1014/87 599/1015/42 604/1016/88
f 549/945/45 567/1017/59 563/963/56
f 551/1018/3 566/966/58 567/968/59
f 556/954/50 555/1019/49 552/948/46
f 558/1020/51 554/951/48 555/953/49
f 570/972/62 562/1021/55 559/957/52
f 572/1022/21 561/960/54 562/962/55
f 568/969/60 576/1023/66 573/975/63
f 569/1024/61 575/978/65 576/980/66
f 563/963/56 595/1025/80 591/999/78
f 565/1026/57 594/1002/79 595/1004/80
f 598/1008/83 574/1027/64 570/972/62
f 600/1028/84 573/975/63 574/977/64
f 596/1005/81 604/1029/88 601/1011/85
f 597/1030/82 603/1014/87 604/1016/88
f 591/999/78 581/1031/70 577/981/67
f 593/1032/36 580/984/69 581/986/70
f 584/990/73 602/1033/86 598/1008/83
f 586/1034/32 601/1011/85 602/1013/86
f 582/987/71 590/1035/77 587/993/74
f 583/1036/72 589/996/76 590/998/77
f 577/981/67 553/1037/47 549/945/45
f 579/1038/68 552/948/46 553/950/47
f 559/957/52 588/1039/75 584/990/73
f 560/1040/53 587/993/74 588/995/75
f 591/999/78 549/945/45 563/963/56
f 561/960/54 566/966/58 554/951/48
f 587/993/74 552/948/46 582/987/71
f 570/972/62 584/990/73 598/1008/83
f 573/975/63 594/1002/79 568/969/60
f 601/1011/85 580/984/69 596/1005/81
f 605/1041/89 606/1042/2 607/1043/90
f 608/1044/91 606/1045/2 609/1046/92
f 610/1047/93 606/1048/2 611/1049/94
f 612/1050/95 613/1051/8 614/1052/96
f 615/1053/97 613/1054/8 616/1055/98
f 617/1056/99 613/1057/8 618/1058/100
f 619/1059/101 620/1060/13 621/1061/102
f 622/1062/103 620/1063/13 623/1064/104
f 624/1065/105 620/1066/13 625/1067/106
f 626/1068/107 627/1069/20 628/1070/108
f 629/1071/109 627/1072/20 630/1073/110
f 631/1074/111 627/1075/20 632/1076/112
f 633/1077/113 634/1078/24 635/1079/114
f 636/1080/115 634/1081/24 637/1082/116
f 638/1083/117 634/1084/24 639/1085/118
f 640/1086/119 641/1087/31 642/1088/120
f 643/1089/121 641/1090/31 644/1091/122
f 645/1092/123 641/1093/31 646/1094/124
f 647/1095/125 648/1096/35 649/1097/126
f 650/1098/127 648/1099/35 651/1100/128
f 652/1101/129 648/1102/35 653/1103/130
f 654/1104/131 655/1105/42 656/1106/132
f 657/1107/133 655/1108/42 658/1109/134
f 659/1110/135 655/1111/42 660/1112/136
f 605/1041/89 623/1113/104 619/1059/101
f 607/1114/90 622/1062/103 623/1064/104
f 612/1050/95 611/1115/94 608/1044/91
f 614/1116/96 610/1047/93 611/1049/94
f 626/1068/107 618/1117/100 615/1053/97
f 628/1118/108 617/1056/99 618/1058/100
f 624/1065/105 632/1119/112 629/1071/109
f 625/1120/106 631/1074/111 632/1076/112
f 619/1059/101 651/1121/128 647/1095/125
f 621/1122/102 650/1098/127 651/1100/128
f 654/1104/131 630/1123/110 626/1068/107
f 656/1124/132 629/1071/109 630/1073/110
f 652/1101/129 660/1125/136 657/1107/133
f 653/1126/130 659/1110/135 660/1112/136
f 647/1095/125 637/1127/116 633/1077/113
f 649/1128/126 636/1080/115 637/1082/116
f 640/1086/119 658/1129/134 654/1104/131
f 642/1130/120 657/1107/133 658/1109/134
f 638/1083/117 646/1131/124 643/1089/121
f 639/1132/118 645/1092/123 646/1094/124
f 633/1077/113 609/1133/92 605/1041/89
f 635/1134/114 608/1044/91 609/1046/92
f 615/1053/97 644/1135/122 640/1086/119
f 616/1136/98 643/1089/121 644/1091/122
f 647/1095/125 605/1041/89 619/1059/101
f 617/1056/99 622/1062/103 610/1047/93
f 643/1089/121 608/1044/91 638/1083/117
f 626/1068/107 640/1086/119 654/1104/131
f 629/1071/109 650/1098/127 624/1065/105
f 657/1107/133 636/1080/115 652/1101/129
f 661/1137/89 662/1138/2 663/1139/90
f 664/1140/91 662/1141/2 665/1142/92
f 666/1143/93 662/1144/2 667/1145/137
f 668/1146/95 669/1147/8 670/1148/96
f 671/1149/97 669/1150/8 672/1151/98
f 673/1152/99 669/1153/8 674/1154/100
f 675/1155/101 676/1156/13 677/1157/102
f 678/1158/103 676/1159/13 679/1160/104
f 680/1161/105 676/1162/13 681/1163/106
f 682/1164/107 683/1165/20 684/1166/108
f 685/1167/109 683/1168/20 686/1169/110
f 687/1170/111 683/1171/20 688/1172/138
f 689/1173/113 690/1174/24 691/1175/114
f 692/1176/115 690/1177/24 693/1178/116
f 694/1179/117 690/1180/24 695/1181/118
f 696/1182/119 697/1183/31 698/1184/120
f 699/1185/121 697/1186/31 700/1187/122
f 701/1188/123 697/1189/31 702/1190/139
f 703/1191/125 704/1192/35 705/1193/126
f 706/1194/127 704/1195/35 707/1196/128
f 708/1197/129 704/1198/35 709/1199/130
f 710/1200/131 711/1201/42 712/1202/132
f 713/1203/133 711/1204/42 714/1205/134
f 715/1206/135 711/1207/42 716/1208/136
f 661/1137/89 679/1209/104 675/1155/101
f 663/1210/90 678/1158/103 679/1160/104
f 668/1146/95 667/1211/137 664/1140/91
f 670/1212/96 666/1143/93 667/1145/137
f 682/1164/107 674/1213/100 671/1149/97
f 684/1214/108 673/1152/99 674/1154/100
f 680/1161/105 688/1215/138 685/1167/109
f 681/1216/106 687/1170/111 688/1172/138
f 675/1155/101 707/1217/128 703/1191/125
f 677/1218/102 706/1194/127 707/1196/128
f 710/1200/131 686/1219/110 682/1164/107
f 712/1220/132 685/1167/109 686/1169/110
f 708/1197/129 716/1221/136 713/1203/133
f 709/1222/130 715/1206/135 716/1208/136
f 703/1191/125 693/1223/116 689/1173/113
f 705/1224/126 692/1176/115 693/1178/116
f 696/1182/119 714/1225/134 710/1200/131
f 698/1226/120 713/1203/133 714/1205/134
f 694/1179/117 702/1227/139 699/1185/121
f 695/1228/118 701/1188/123 702/1190/139
f 689/1173/113 665/1229/92 661/1137/89
f 691/1230/114 664/1140/91 665/1142/92
f 671/1149/97 700/1231/122 696/1182/119
f 672/1232/98 699/1185/121 700/1187/122
f 703/1191/125 661/1137/89 675/1155/101
f 673/1152/99 678/1158/103 666/1143/93
f 699/1185/121 664/1140/91 694/1179/117
f 682/1164/107 696/1182/119 710/1200/131
f 685/1167/109 706/1194/127 680/1161/105
f 713/1203/133 692/1176/115 708/1197/129
f 717/1233/89 718/1234/2 719/1235/90
f 720/1236/91 718/1237/2 721/1238/92
f 722/1239/93 718/1240/2 723/1241/94
f 724/1242/95 725/1243/8 726/1244/96
f 727/1245/97 725/1246/8 728/1247/98
f 729/1248/99 725/1249/8 730/1250/100
f 731/1251/101 732/1252/13 733/1253/102
f 734/1254/103 732/1255/13 735/1256/104
f 736/1257/105 732/1258/13 737/1259/106
f 738/1260/107 739/1261/20 740/1262/108
f 741/1263/109 739/1264/20 742/1265/110
f 743/1266/111 739/1267/20 744/1268/138
f 745/1269/113 746/1270/24 747/1271/114
f 748/1272/115 746/1273/24 749/1274/116
f 750/1275/117 746/1276/24 751/1277/118
f 752/1278/119 753/1279/31 754/1280/120
f 755/1281/121 753/1282/31 756/1283/122
f 757/1284/123 753/1285/31 758/1286/139
f 759/1287/125 760/1288/35 761/1289/126
f 762/1290/127 760/1291/35 763/1292/128
f 764/1293/129 760/1294/35 765/1295/130
f 766/1296/131 767/1297/42 768/1298/132
f 769/1299/133 767/1300/42 770/1301/134
f 771/1302/135 767/1303/42 772/1304/136
f 717/1233/89 735/1305/104 731/1251/101
f 719/1306/90 734/1254/103 735/1256/104
f 724/1242/95 723/1307/94 720/1236/91
f 726/1308/96 722/1239/93 723/1241/94
f 738/1260/107 730/1309/100 727/1245/97
f 740/1310/108 729/1248/99 730/1250/100
f 736/1257/105 744/1311/138 741/1263/109
f 737/1312/106 743/1266/111 744/1268/138
f 731/1251/101 763/1313/128 759/1287/125
f 733/1314/102 762/1290/127 763/1292/128
f 766/1296/131 742/1315/110 738/1260/107
f 768/1316/132 741/1263/109 742/1265/110
f 764/1293/129 772/1317/136 769/1299/133
f 765/1318/130 771/1302/135 772/1304/136
f 759/1287/125 749/1319/116 745/1269/113
f 761/1320/126 748/1272/115 749/1274/116
f 752/1278/119 770/1321/134 766/1296/131
f 754/1322/120 769/1299/133 770/1301/134
f 750/1275/117 758/1323/139 755/1281/121
f 751/1324/118 757/1284/123 758/1286/139
f 745/1269/113 721/1325/92 717/1233/89
f 747/1326/114 720/1236/91 721/1238/92
f 727/1245/97 756/1327/122 752/1278/119
f 728/1328/98 755/1281/121 756/1283/122
f 759/1287/125 717/1233/89 731/1251/101
f 729/1248/99 734/1254/103 722/1239/93
f 755/1281/121 720/1236/91 750/1275/117
f 738/1260/107 752/1278/119 766/1296/131
f 741/1263/109 762/1290/127 736/1257/105
f 769/1299/133 748/1272/115 764/1293/129
f 773/1329/89 774/1330/2 775/1331/90
f 776/1332/91 774/1333/2 777/1334/92
f 778/1335/93 774/1336/2 779/1337/94
f 780/1338/95 781/1339/8 782/1340/96
f 783/1341/97 781/1342/8 784/1343/98
f 785/1344/99 781/1345/8 786/1346/140
f 787/1347/101 788/1348/13 789/1349/102
f 790/1350/103 788/1351/13 791/1352/141
f 792/1353/105 788/1354/13 793/1355/106
f 794/1356/107 795/1357/20 796/1358/108
f 797/1359/109 795/1360/20 798/1361/110
f 799/1362/111 795/1363/20 800/1364/138
f 801/1365/113 802/1366/24 803/1367/114
f 804/1368/115 802/1369/24 805/1370/142
f 806/1371/117 802/1372/24 807/1373/118
f 808/1374/119 809/1375/31 810/1376/120
f 811/1377/121 809/1378/31 812/1379/122
f 813/1380/123 809/1381/31 814/1382/139
f 815/1383/125 816/1384/35 817/1385/126
f 818/1386/127 816/1387/35 819/1388/128
f 820/1389/129 816/1390/35 821/1391/130
f 822/1392/131 823/1393/42 824/1394/132
f 825/1395/133 823/1396/42 826/1397/143
f 827/1398/135 823/1399/42 828/1400/136
f 773/1329/89 791/1401/141 787/1347/101
f 775/1402/90 790/1350/103 791/1352/141
f 780/1338/95 779/1403/94 776/1332/91
f 782/1404/96 778/1335/93 779/1337/94
f 794/1356/107 786/1405/140 783/1341/97
f 796/1406/108 785/1344/99 786/1346/140
f 792/1353/105 800/1407/138 797/1359/109
f 793/1408/106 799/1362/111 800/1364/138
f 787/1347/101 819/1409/128 815/1383/125
f 789/1410/102 818/1386/127 819/1388/128
f 822/1392/131 798/1411/110 794/1356/107
f 824/1412/132 797/1359/109 798/1361/110
f 820/1389/129 828/1413/136 825/1395/133
f 821/1414/130 827/1398/135 828/1400/136
f 815/1383/125 805/1415/142 801/1365/113
f 817/1416/126 804/1368/115 805/1370/142
f 808/1374/119 826/1417/143 822/1392/131
f 810/1418/120 825/1395/133 826/1397/143
f 806/1371/117 814/1419/139 811/1377/121
f 807/1420/118 813/1380/123 814/1382/139
f 801/1365/113 777/1421/92 773/1329/89
f 803/1422/114 776/1332/91 777/1334/92
f 783/1341/97 812/1423/122 808/1374/119
f 784/1424/98 811/1377/121 812/1379/122
f 815/1383/125 773/1329/89 787/1347/101
f 785/1344/99 790/1350/103 778/1335/93
f 811/1377/121 776/1332/91 806/1371/117
f 794/1356/107 808/1374/119 822/1392/131
f 797/1359/109 818/1386/127 792/1353/105
f 825/1395/133 804/1368/115 820/1389/129
f 829/1425/89 830/1426/2 831/1427/90
f 832/1428/91 830/1429/2 833/1430/92
f 834/1431/93 830/1432/2 835/1433/137
f 836/1434/95 837/1435/8 838/1436/96
f 839/1437/97 837/1438/8 840/1439/98
f 841/1440/99 837/1441/8 842/1442/100
f 843/1443/101 844/1444/13 845/1445/102
f 846/1446/103 844/1447/13 847/1448/104
f 848/1449/105 844/1450/13 849/1451/106
f 850/1452/107 851/1453/20 852/1454/108
f 853/1455/109 851/1456/20 854/1457/110
f 855/1458/111 851/1459/20 856/1460/138
f 857/1461/113 858/1462/24 859/1463/114
f 860/1464/115 858/1465/24 861/1466/116
f 862/1467/117 858/1468/24 863/1469/118
f 864/1470/119 865/1471/31 866/1472/120
f 867/1473/121 865/1474/31 868/1475/122
f 869/1476/123 865/1477/31 870/1478/139
f 871/1479/125 872/1480/35 873/1481/126
f 874/1482/127 872/1483/35 875/1484/128
f 876/1485/129 872/1486/35 877/1487/130
f 878/1488/131 879/1489/42 880/1490/132
f 881/1491/133 879/1492/42 882/1493/134
f 883/1494/135 879/1495/42 884/1496/136
f 829/1425/89 847/1497/104 843/1443/101
f 831/1498/90 846/1446/103 847/1448/104
f 836/1434/95 835/1499/137 832/1428/91
f 838/1500/96 834/1431/93 835/1433/137
f 850/1452/107 842/1501/100 839/1437/97
f 852/1502/108 841/1440/99 842/1442/100
f 848/1449/105 856/1503/138 853/1455/109
f 849/1504/106 855/1458/111 856/1460/138
f 843/1443/101 875/1505/128 871/1479/125
f 845/1506/102 874/1482/127 875/1484/128
f 878/1488/131 854/1507/110 850/1452/107
f 880/1508/132 853/1455/109 854/1457/110
f 876/1485/129 884/1509/136 881/1491/133
f 877/1510/130 883/1494/135 884/1496/136
f 871/1479/125 861/1511/116 857/1461/113
f 873/1512/126 860/1464/115 861/1466/116
f 864/1470/119 882/1513/134 878/1488/131
f 866/1514/120 881/1491/133 882/1493/134
f 862/1467/117 870/1515/139 867/1473/121
f 863/1516/118 869/1476/123 870/1478/139
f 857/1461/113 833/1517/92 829/1425/89
f 859/1518/114 832/1428/91 833/1430/92
f 839/1437/97 868/1519/122 864/1470/119
f 840/1520/98 867/1473/121 868/1475/122
f 871/1479/125 829/1425/89 843/1443/101
f 841/1440/99 846/1446/103 834/1431/93
f 867/1473/121 832/1428/91 862/1467/117
f 850/1452/107 864/1470/119 878/1488/131
f 853/1455/109 874/1482/127 848/1449/105
f 881/1491/133 860/1464/115 876/1485/129
f 885/1521/89 886/1522/2 887/1523/90
f 888/1524/91 886/1525/2 889/1526/92
f 890/1527/93 886/1528/2 891/1529/94
f 892/1530/95 893/1531/8 894/1532/96
f 895/1533/97 893/1534/8 896/1535/98
f 897/1536/99 893/1537/8 898/1538/100
f 899/1539/101 900/1540/13 901/1541/102
f 902/1542/103 900/1543/13 903/1544/104
f 904/1545/105 900/1546/13 905/1547/106
f 906/1548/107 907/1549/20 908/1550/108
f 909/1551/109 907/1552/20 910/1553/110
f 911/1554/111 907/1555/20 912/1556/138
f 913/1557/113 914/1558/24 915/1559/114
f 916/1560/115 914/1561/24 917/1562/116
f 918/1563/117 914/1564/24 919/1565/118
f 920/1566/119 921/1567/31 922/1568/120
f 923/1569/121 921/1570/31 924/1571/122
f 925/1572/123 921/1573/31 926/1574/139
f 927/1575/125 928/1576/35 929/1577/126
f 930/1578/127 928/1579/35 931/1580/128
f 932/1581/129 928/1582/35 933/1583/130
f 934/1584/131 935/1585/42 936/1586/132
f 937/1587/133 935/1588/42 938/1589/134
f 939/1590/135 935/1591/42 940/1592/136
f 885/1521/89 903/1593/104 899/1539/101
f 887/1594/90 902/1542/103 903/1544/104
f 892/1530/95 891/1595/94 888/1524/91
f 894/1596/96 890/1527/93 891/1529/94
f 906/1548/107 898/1597/100 895/1533/97
f 908/1598/108 897/1536/99 898/1538/100
f 904/1545/105 912/1599/138 909/1551/109
f 905/1600/106 911/1554/111 912/1556/138
f 899/1539/101 931/1601/128 927/1575/125
f 901/1602/102 930/1578/127 931/1580/128
f 934/1584/131 910/1603/110 906/1548/107
f 936/1604/132 909/1551/109 910/1553/110
f 932/1581/129 940/1605/136 937/1587/133
f 933/1606/130 939/1590/135 940/1592/136
f 927/1575/125 917/1607/116 913/1557/113
f 929/1608/126 916/1560/115 917/1562/116
f 920/1566/119 938/1609/134 934/1584/131
f 922/1610/120 937/1587/133 938/1589/134
f 918/1563/117 926/1611/139 923/1569/121
f 919/1612/118 925/1572/123 926/1574/139
f 913/1557/113 889/1613/92 885/1521/89
f 915/1614/114 888/1524/91 889/1526/92
f 895/1533/97 924/1615/122 920/1566/119
f 896/1616/98 923/1569/121 924/1571/122
f 927/1575/125 885/1521/89 899/1539/101
f 897/1536/99 902/1542/103 890/1527/93
f 923/1569/121 888/1524/91 918/1563/117
f 906/1548/107 920/1566/119 934/1584/131
f 909/1551/109 930/1578/127 904/1545/105
f 937/1587/133 916/1560/115 932/1581/129
f 941/1617/89 942/1618/2 943/1619/90
f 944/1620/91 942/1621/2 945/1622/92
f 946/1623/93 942/1624/2 947/1625/94
f 948/1626/95 949/1627/8 950/1628/96
f 951/1629/97 949/1630/8 952/1631/98
f 953/1632/99 949/1633/8 954/1634/100
f 955/1635/101 956/1636/13 957/1637/102
f 958/1638/103 956/1639/13 959/1640/104
f 960/1641/105 956/1642/13 961/1643/106
f 962/1644/107 963/1645/20 964/1646/108
f 965/1647/109 963/1648/20 966/1649/110
f 967/1650/111 963/1651/20 968/1652/112
f 969/1653/113 970/1654/24 971/1655/114
f 972/1656/115 970/1657/24 973/1658/116
f 974/1659/117 970/1660/24 975/1661/118
f 976/1662/119 977/1663/31 978/1664/120
f 979/1665/121 977/1666/31 980/1667/122
f 981/1668/123 977/1669/31 982/1670/124
f 983/1671/125 984/1672/35 985/1673/126
f 986/1674/127 984/1675/35 987/1676/128
f 988/1677/129 984/1678/35 989/1679/130
f 990/1680/131 991/1681/42 992/1682/132
f 993/1683/133 991/1684/42 994/1685/134
f 995/1686/135 991/1687/42 996/1688/136
f 941/1617/89 959/1689/104 955/1635/101
f 943/1690/90 958/1638/103 959/1640/104
f 948/1626/95 947/1691/94 944/1620/91
f 950/1692/96 946/1623/93 947/1625/94
f 962/1644/107 954/1693/100 951/1629/97
f 964/1694/108 953/1632/99 954/1634/100
f 960/1641/105 968/1695/112 965/1647/109
f 961/1696/106 967/1650/111 968/1652/112
f 955/1635/101 987/1697/128 983/1671/125
f 957/1698/102 986/1674/127 987/1676/128
f 990/1680/131 966/1699/110 962/1644/107
f 992/1700/132 965/1647/109 966/1649/110
f 988/1677/129 996/1701/136 993/1683/133
f 989/1702/130 995/1686/135 996/1688/136
f 983/1671/125 973/1703/116 969/1653/113
f 985/1704/126 972/1656/115 973/1658/116
f 976/1662/119 994/1705/134 990/1680/131
f 978/1706/120 993/1683/133 994/1685/134
f 974/1659/117 982/1707/124 979/1665/121
f 975/1708/118 981/1668/123 982/1670/124
f 969/1653/113 945/1709/92 941/1617/89
f 971/1710/114 944/1620/91 945/1622/92
f 951/1629/97 980/1711/122 976/1662/119
f 952/1712/98 979/1665/121 980/1667/122
f 983/1671/125 941/1617/89 955/1635/101
f 953/1632/99 958/1638/103 946/1623/93
f 979/1665/121 944/1620/91 974/1659/117
f 962/1644/107 976/1662/119 990/1680/131
f 965/1647/109 986/1674/127 960/1641/105
f 993/1683/133 972/1656/115 988/1677/129
f 997/1713/144 998/1714/2 999/1715/3
f 1000/1716/145 998/1717/2 1001/1718/146
f 1002/1719/147 998/1720/2 1003/1721/148
f 1004/1722/149 1005/1723/8 1006/1724/150
f 1007/1725/151 1005/1726/8 1008/1727/152
f 1009/1728/153 1005/1729/8 1010/1730/55
f 1011/1731/154 1012/1732/13 1013/1733/155
f 1014/1734/156 1012/1735/13 1015/1736/59
f 1016/1737/157 1012/1738/13 1017/1739/158
f 1018/1740/159 1019/1741/20 1020/1742/21
f 1021/1743/160 1019/1744/20 1022/1745/161
f 1023/1746/162 1019/1747/20 1024/1748/163
f 1025/1749/164 1026/1750/24 1027/1751/165
f 1028/1752/166 1026/1753/24 1029/1754/70
f 1030/1755/167 1026/1756/24 1031/1757/168
f 1032/1758/169 1033/1759/31 1034/1760/32
f 1035/1761/170 1033/1762/31 1036/1763/171
f 1037/1764/172 1033/1765/31 1038/1766/173
f 1039/1767/174 1040/1768/35 1041/1769/36
f 1042/1770/175 1040/1771/35 1043/1772/176
f 1044/1773/177 1040/1774/35 1045/1775/178
f 1046/1776/179 1047/1777/42 1048/1778/180
f 1049/1779/181 1047/1780/42 1050/1781/86
f 1051/1782/182 1047/1783/42 1052/1784/183
f 997/1713/144 1015/1785/59 1011/1731/154
f 999/1786/3 1014/1734/156 1015/1736/59
f 1004/1722/149 1003/1787/148 1000/1716/145
f 1006/1788/150 1002/1719/147 1003/1721/148
f 1018/1740/159 1010/1789/55 1007/1725/151
f 1020/1790/21 1009/1728/153 1010/1730/55
f 1016/1737/157 1024/1791/163 1021/1743/160
f 1017/1792/158 1023/1746/162 1024/1748/163
f 1011/1731/154 1043/1793/176 1039/1767/174
f 1013/1794/155 1042/1770/175 1043/1772/176
f 1046/1776/179 1022/1795/161 1018/1740/159
f 1048/1796/180 1021/1743/160 1022/1745/161
f 1044/1773/177 1052/1797/183 1049/1779/181
f 1045/1798/178 1051/1782/182 1052/1784/183
f 1039/1767/174 1029/1799/70 1025/1749/164
f 1041/1800/36 1028/1752/166 1029/1754/70
f 1032/1758/169 1050/1801/86 1046/1776/179
f 1034/1802/32 1049/1779/181 1050/1781/86
f 1030/1755/167 1038/1803/173 1035/1761/170
f 1031/1804/168 1037/1764/172 1038/1766/173
f 1025/1749/164 1001/1805/146 997/1713/144
f 1027/1806/165 1000/1716/145 1001/1718/146
f 1007/1725/151 1036/1807/171 1032/1758/169
f 1008/1808/152 1035/1761/170 1036/1763/171
f 1039/1767/174 997/1713/144 1011/1731/154
f 1009/1728/153 1014/1734/156 1002/1719/147
f 1035/1761/170 1000/1716/145 1030/1755/167
f 1018/1740/159 1032/1758/169 1046/1776/179
f 1021/1743/160 1042/1770/175 1016/1737/157
f 1049/1779/181 1028/1752/166 1044/1773/177
f 1053/1809/184 1054/1810/2 1055/1811/185
f 1056/1812/186 1054/1813/2 1057/1814/187
f 1058/1815/188 1054/1816/2 1059/1817/189
f 1060/1818/190 1061/1819/8 1062/1820/191
f 1063/1821/192 1061/1822/8 1064/1823/193
f 1065/1824/194 1061/1825/8 1066/1826/195
f 1067/1827/196 1068/1828/13 1069/1829/197
f 1070/1830/198 1068/1831/13 1071/1832/199
f 1072/1833/200 1068/1834/13 1073/1835/201
f 1074/1836/202 1075/1837/20 1076/1838/203
f 1077/1839/204 1075/1840/20 1078/1841/205
f 1079/1842/206 1075/1843/20 1080/1844/207
f 1081/1845/208 1082/1846/24 1083/1847/209
f 1084/1848/210 1082/1849/24 1085/1850/211
f 1086/1851/212 1082/1852/24 1087/1853/213
f 1088/1854/214 1089/1855/31 1090/1856/215
f 1091/1857/216 1089/1858/31 1092/1859/217
f 1093/1860/218 1089/1861/31 1094/1862/219
f 1095/1863/220 1096/1864/35 1097/1865/221
f 1098/1866/222 1096/1867/35 1099/1868/223
f 1100/1869/224 1096/1870/35 1101/1871/225
f 1102/1872/226 1103/1873/42 1104/1874/227
f 1105/1875/228 1103/1876/42 1106/1877/229
f 1107/1878/230 1103/1879/42 1108/1880/231
f 1053/1809/184 1071/1881/199 1067/1827/196
f 1055/1882/185 1070/1830/198 1071/1832/199
f 1060/1818/190 1059/1883/189 1056/1812/186
f 1062/1884/191 1058/1815/188 1059/1817/189
f 1074/1836/202 1066/1885/195 1063/1821/192
f 1076/1886/203 1065/1824/194 1066/1826/195
f 1072/1833/200 1080/1887/207 1077/1839/204
f 1073/1888/201 1079/1842/206 1080/1844/207
f 1067/1827/196 1099/1889/223 1095/1863/220
f 1069/1890/197 1098/1866/222 1099/1868/223
f 1102/1872/226 1078/1891/205 1074/1836/202
f 1104/1892/227 1077/1839/204 1078/1841/205
f 1100/1869/224 1108/1893/231 1105/1875/228
f 1101/1894/225 1107/1878/230 1108/1880/231
f 1095/1863/220 1085/1895/211 1081/1845/208
f 1097/1896/221 1084/1848/210 1085/1850/211
f 1088/1854/214 1106/1897/229 1102/1872/226
f 1090/1898/215 1105/1875/228 1106/1877/229
f 1086/1851/212 1094/1899/219 1091/1857/216
f 1087/1900/213 1093/1860/218 1094/1862/219
f 1081/1845/208 1057/1901/187 1053/1809/184
f 1083/1902/209 1056/1812/186 1057/1814/187
f 1063/1821/192 1092/1903/217 1088/1854/214
f 1064/1904/193 1091/1857/216 1092/1859/217
f 1095/1863/220 1053/1809/184 1067/1827/196
f 1065/1824/194 1070/1830/198 1058/1815/188
f 1091/1857/216 1056/1812/186 1086/1851/212
f 1074/1836/202 1088/1854/214 1102/1872/226
f 1077/1839/204 1098/1866/222 1072/1833/200
f 1105/1875/228 1084/1848/210 1100/1869/224
f 1109/1905/232 1110/1906/233 1111/1907/234
f 1112/1908/235 1110/1906/233 1109/1905/232
f 1112/1908/235 1113/1909/236 1110/1906/233
f 1114/1910/237 1113/1909/236 1112/1908/235
f 1114/1910/237 1115/1911/238 1113/1909/236
f 1116/1912/239 1115/1911/238 1114/1910/237
f 1117/1913/240 1118/1914/241 1119/1915/242
f 1120/1916/243 1118/1914/241 1117/1913/240
f 1120/1916/243 1121/1917/244 1118/1914/241
f 1122/1918/245 1121/1917/244 1120/1916/243
f 1122/1918/245 1123/1919/246 1121/1917/244
f 1124/1920/247 1123/1919/246 1122/1918/245
f 1123/1921/246 1125/1922/248 1121/1923/244
f 1124/1924/247 1126/1925/249 1123/1926/246
f 1122/1927/245 1127/1928/250 1124/1924/247
f 1128/1929/251 1122/1930/245 1120/1931/243
f 1129/1932/252 1120/1931/243 1117/1933/240
f 1130/1934/253 1117/1935/240 1119/1936/242
f 1131/1937/254 1119/1936/242 1118/1938/241
f 1121/1923/244 1131/1939/254 1118/1940/241
f 1126/1941/249 1132/1942/255 1125/1922/248
f 1127/1928/250 1133/1943/249 1126/1925/249
f 1134/1944/256 1135/1945/257 1127/1928/250
f 1136/1946/258 1134/1947/256 1128/1929/251
f 1137/1948/252 1128/1929/251 1129/1932/252
f 1138/1949/259 1129/1950/252 1130/1934/253
f 1139/1951/260 1130/1934/253 1131/1937/254
f 1125/1922/248 1139/1952/260 1131/1939/254
f 1133/1953/249 1140/1954/261 1132/1942/255
f 1135/1945/257 1141/1955/249 1133/1943/249
f 1142/1956/262 1143/1957/257 1135/1945/257
f 1144/1958/263 1142/1959/262 1136/1946/258
f 1145/1960/252 1136/1946/258 1137/1948/252
f 1146/1961/264 1137/1962/252 1138/1949/259
f 1147/1963/260 1138/1949/259 1139/1951/260
f 1132/1942/255 1147/1964/260 1139/1952/260
f 1141/1965/249 1148/1966/265 1140/1954/261
f 1143/1957/257 1149/1967/249 1141/1955/249
f 1150/1968/262 1151/1969/266 1143/1957/257
f 1152/1970/267 1150/1971/262 1144/1958/263
f 1153/1972/252 1144/1958/263 1145/1960/252
f 1154/1973/264 1145/1974/252 1146/1961/264
f 1155/1975/260 1146/1961/264 1147/1963/260
f 1140/1954/261 1155/1976/260 1147/1964/260
f 1149/1977/249 1156/1978/268 1148/1966/265
f 1151/1969/266 1157/1979/249 1149/1967/249
f 1158/1980/262 1159/1981/269 1151/1969/266
f 1160/1982/270 1158/1983/262 1152/1970/267
f 1161/1984/252 1152/1970/267 1153/1972/252
f 1162/1985/271 1153/1986/252 1154/1973/264
f 1163/1987/272 1154/1973/264 1155/1975/260
f 1148/1966/265 1163/1988/272 1155/1976/260
f 1157/1989/249 1164/1990/273 1156/1978/268
f 1159/1981/269 1165/1991/249 1157/1979/249
f 1166/1992/274 1167/1993/275 1159/1981/269
f 1168/1994/276 1166/1995/274 1160/1982/270
f 1169/1996/252 1160/1982/270 1161/1984/252
f 1170/1997/277 1161/1998/252 1162/1985/271
f 1171/1999/278 1162/1985/271 1163/1987/272
f 1156/1978/268 1171/2000/278 1163/1988/272
f 1165/2001/249 1172/2002/279 1164/1990/273
f 1167/1993/275 1173/2003/280 1165/1991/249
f 1174/2004/281 1175/2005/282 1167/1993/275
f 1176/2006/283 1174/2007/281 1168/1994/276
f 1177/2008/284 1168/1994/276 1169/1996/252
f 1178/2009/285 1169/2010/252 1170/1997/277
f 1179/2011/286 1170/1997/277 1171/1999/278
f 1164/1990/273 1179/2012/286 1171/2000/278
f 1180/2013/287 1172/2002/279 1173/2014/280
f 1181/2015/288 1173/2003/280 1175/2005/282
f 1182/2016/289 1175/2005/282 1183/2017/290
f 1176/2006/283 1182/2018/289 1183/2019/290
f 1177/2008/284 1184/2020/291 1176/2006/283
f 1178/2009/285 1185/2021/292 1177/2022/284
f 1179/2011/286 1186/2023/293 1178/2009/285
f 1187/2024/294 1179/2012/286 1172/2002/279
f 1180/2013/287 1188/2025/295 1187/2024/294
f 1181/2015/288 1189/2026/287 1180/2027/287
f 1182/2016/289 1190/2028/296 1181/2015/288
f 1191/2029/297 1182/2018/289 1184/2020/291
f 1192/2030/292 1184/2020/291 1185/2031/292
f 1193/2032/298 1185/2021/292 1186/2023/293
f 1194/2033/299 1186/2023/293 1195/2034/300
f 1187/2024/294 1194/2035/299 1195/2036/300
f 1196/2037/301 1188/2025/295 1189/2038/287
f 1197/2039/302 1189/2026/287 1190/2028/296
f 1198/2040/303 1190/2028/296 1199/2041/304
f 1191/2029/297 1198/2042/303 1199/2043/304
f 1192/2030/292 1200/2044/305 1191/2029/297
f 1193/2032/298 1201/2045/306 1192/2046/292
f 1194/2033/299 1202/2047/307 1193/2032/298
f 1203/2048/308 1194/2035/299 1188/2025/295
f 1204/2049/301 1203/2048/308 1196/2037/301
f 1205/2050/309 1196/2051/301 1197/2039/302
f 1206/2052/310 1197/2039/302 1198/2040/303
f 1200/2044/305 1206/2053/310 1198/2042/303
f 1201/2054/306 1207/2055/311 1200/2044/305
f 1202/2047/307 1208/2056/306 1201/2045/306
f 1209/2057/312 1210/2058/313 1202/2047/307
f 1211/2059/314 1209/2060/312 1203/2048/308
f 1212/2061/301 1211/2059/314 1204/2049/301
f 1213/2062/315 1204/2063/301 1205/2050/309
f 1214/2064/316 1205/2050/309 1206/2052/310
f 1207/2055/311 1214/2065/316 1206/2053/310
f 1208/2066/306 1215/2067/317 1207/2055/311
f 1210/2058/313 1216/2068/306 1208/2056/306
f 1217/2069/318 1218/2070/319 1210/2058/313
f 1219/2071/320 1217/2072/318 1211/2059/314
f 1220/2073/301 1219/2071/320 1212/2061/301
f 1221/2074/321 1212/2075/301 1213/2062/315
f 1222/2076/316 1213/2062/315 1214/2064/316
f 1215/2067/317 1222/2077/316 1214/2065/316
f 1216/2078/306 1223/2079/322 1215/2067/317
f 1218/2070/319 1224/2080/306 1216/2068/306
f 1225/2081/323 1226/2082/319 1218/2070/319
f 1227/2083/324 1225/2084/323 1219/2071/320
f 1228/2085/301 1227/2083/324 1220/2073/301
f 1229/2086/321 1220/2087/301 1221/2074/321
f 1230/2088/316 1221/2074/321 1222/2076/316
f 1223/2079/322 1230/2089/316 1222/2077/316
f 1224/2090/306 1231/2091/325 1223/2079/322
f 1226/2082/319 1232/2092/306 1224/2080/306
f 1233/2093/323 1234/2094/326 1226/2082/319
f 1235/2095/327 1233/2096/323 1227/2083/324
f 1236/2097/301 1235/2095/327 1228/2085/301
f 1237/2098/328 1228/2099/301 1229/2086/321
f 1238/2100/329 1229/2086/321 1230/2088/316
f 1231/2091/325 1238/2101/329 1230/2089/316
f 1232/2102/306 1239/2103/330 1231/2091/325
f 1234/2094/326 1240/2104/306 1232/2092/306
f 1241/2105/323 1242/2106/331 1234/2094/326
f 1243/2107/332 1241/2108/323 1235/2095/327
f 1114/2109/237 1243/2107/332 1236/2097/301
f 1116/2110/239 1236/2111/301 1237/2098/328
f 1115/2112/238 1237/2098/328 1238/2100/329
f 1239/2103/330 1115/2113/238 1238/2101/329
f 1240/2114/306 1113/2115/236 1239/2103/330
f 1242/2106/331 1110/2116/233 1240/2104/306
f 1244/2117/333 1111/2118/234 1242/2106/331
f 1112/2119/235 1244/2120/333 1243/2107/332
f 1245/2121/232 1246/2122/233 1247/2123/234
f 1248/2124/235 1246/2122/233 1245/2121/232
f 1248/2124/235 1249/2125/236 1246/2122/233
f 1250/2126/237 1249/2125/236 1248/2124/235
f 1250/2126/237 1251/2127/238 1249/2125/236
f 1252/2128/239 1251/2127/238 1250/2126/237
f 1253/2129/240 1254/2130/241 1255/2131/242
f 1256/2132/243 1254/2130/241 1253/2129/240
f 1256/2132/243 1257/2133/244 1254/2130/241
f 1258/2134/245 1257/2133/244 1256/2132/243
f 1258/2134/245 1259/2135/246 1257/2133/244
f 1260/2136/247 1259/2135/246 1258/2134/245
f 1259/2137/246 1261/2138/248 1257/2139/244
f 1260/2140/247 1262/2141/249 1259/2142/246
f 1258/2143/245 1263/2144/250 1260/2140/247
f 1264/2145/251 1258/2146/245 1256/2147/243
f 1265/2148/252 1256/2147/243 1253/2149/240
f 1266/2150/253 1253/2151/240 1255/2152/242
f 1267/2153/254 1255/2152/242 1254/2154/241
f 1257/2139/244 1267/2155/254 1254/2156/241
f 1262/2157/249 1268/2158/255 1261/2138/248
f 1263/2144/250 1269/2159/249 1262/2141/249
f 1270/2160/256 1271/2161/257 1263/2144/250
f 1272/2162/258 1270/2163/256 1264/2145/251
f 1273/2164/252 1264/2145/251 1265/2148/252
f 1274/2165/259 1265/2166/252 1266/2150/253
f 1275/2167/260 1266/2150/253 1267/2153/254
f 1261/2138/248 1275/2168/260 1267/2155/254
f 1269/2169/249 1276/2170/261 1268/2158/255
f 1271/2161/257 1277/2171/249 1269/2159/249
f 1278/2172/262 1279/2173/257 1271/2161/257
f 1280/2174/263 1278/2175/262 1272/2162/258
f 1281/2176/252 1272/2162/258 1273/2164/252
f 1282/2177/264 1273/2178/252 1274/2165/259
f 1283/2179/260 1274/2165/259 1275/2167/260
f 1268/2158/255 1283/2180/260 1275/2168/260
f 1277/2181/249 1284/2182/265 1276/2170/261
f 1279/2173/257 1285/2183/249 1277/2171/249
f 1286/2184/262 1287/2185/266 1279/2173/257
f 1288/2186/267 1286/2187/262 1280/2174/263
f 1289/2188/252 1280/2174/263 1281/2176/252
f 1290/2189/264 1281/2190/252 1282/2177/264
f 1291/2191/260 1282/2177/264 1283/2179/260
f 1276/2170/261 1291/2192/260 1283/2180/260
f 1285/2193/249 1292/2194/268 1284/2182/265
f 1287/2185/266 1293/2195/249 1285/2183/249
f 1294/2196/262 1295/2197/269 1287/2185/266
f 1296/2198/270 1294/2199/262 1288/2186/267
f 1297/2200/252 1288/2186/267 1289/2188/252
f 1298/2201/271 1289/2202/252 1290/2189/264
f 1299/2203/272 1290/2189/264 1291/2191/260
f 1284/2182/265 1299/2204/272 1291/2192/260
f 1293/2205/249 1300/2206/273 1292/2194/268
f 1295/2197/269 1301/2207/249 1293/2195/249
f 1302/2208/274 1303/2209/275 1295/2197/269
f 1304/2210/276 1302/2211/274 1296/2198/270
f 1305/2212/252 1296/2198/270 1297/2200/252
f 1306/2213/277 1297/2214/252 1298/2201/271
f 1307/2215/278 1298/2201/271 1299/2203/272
f 1292/2194/268 1307/2216/278 1299/2204/272
f 1301/2217/249 1308/2218/279 1300/2206/273
f 1303/2209/275 1309/2219/280 1301/2207/249
f 1310/2220/281 1311/2221/282 1303/2209/275
f 1312/2222/283 1310/2223/281 1304/2210/276
f 1313/2224/284 1304/2210/276 1305/2212/252
f 1314/2225/285 1305/2226/252 1306/2213/277
f 1315/2227/286 1306/2213/277 1307/2215/278
f 1300/2206/273 1315/2228/286 1307/2216/278
f 1316/2229/280 1308/2218/279 1309/2230/280
f 1317/2231/288 1309/2219/280 1311/2221/282
f 1318/2232/289 1311/2221/282 1319/2233/290
f 1312/2222/283 1318/2234/289 1319/2235/290
f 1313/2224/284 1320/2236/291 1312/2222/283
f 1314/2225/285 1321/2237/284 1313/2238/284
f 1315/2227/286 1322/2239/293 1314/2225/285
f 1323/2240/294 1315/2228/286 1308/2218/279
f 1316/2229/280 1324/2241/295 1323/2240/294
f 1317/2231/288 1325/2242/287 1316/2243/280
f 1318/2232/289 1326/2244/296 1317/2231/288
f 1327/2245/297 1318/2234/289 1320/2236/291
f 1328/2246/292 1320/2236/291 1321/2247/284
f 1329/2248/298 1321/2237/284 1322/2239/293
f 1330/2249/299 1322/2239/293 1331/2250/300
f 1323/2240/294 1330/2251/299 1331/2252/300
f 1332/2253/301 1324/2241/295 1325/2254/287
f 1333/2255/302 1325/2242/287 1326/2244/296
f 1334/2256/303 1326/2244/296 1335/2257/304
f 1327/2245/297 1334/2258/303 1335/2259/304
f 1328/2246/292 1336/2260/305 1327/2245/297
f 1329/2248/298 1337/2261/306 1328/2262/292
f 1330/2249/299 1338/2263/307 1329/2248/298
f 1339/2264/308 1330/2251/299 1324/2241/295
f 1340/2265/301 1339/2264/308 1332/2253/301
f 1341/2266/309 1332/2267/301 1333/2255/302
f 1342/2268/310 1333/2255/302 1334/2256/303
f 1336/2260/305 1342/2269/310 1334/2258/303
f 1337/2270/306 1343/2271/311 1336/2260/305
f 1338/2263/307 1344/2272/306 1337/2261/306
f 1345/2273/312 1346/2274/313 1338/2263/307
f 1347/2275/314 1345/2276/312 1339/2264/308
f 1348/2277/301 1347/2275/314 1340/2265/301
f 1349/2278/315 1340/2279/301 1341/2266/309
f 1350/2280/316 1341/2266/309 1342/2268/310
f 1343/2271/311 1350/2281/316 1342/2269/310
f 1344/2282/306 1351/2283/317 1343/2271/311
f 1346/2274/313 1352/2284/306 1344/2272/306
f 1353/2285/318 1354/2286/319 1346/2274/313
f 1355/2287/320 1353/2288/318 1347/2275/314
f 1356/2289/301 1355/2287/320 1348/2277/301
f 1357/2290/321 1348/2291/301 1349/2278/315
f 1358/2292/316 1349/2278/315 1350/2280/316
f 1351/2283/317 1358/2293/316 1350/2281/316
f 1352/2294/306 1359/2295/322 1351/2283/317
f 1354/2286/319 1360/2296/306 1352/2284/306
f 1361/2297/323 1362/2298/319 1354/2286/319
f 1363/2299/324 1361/2300/323 1355/2287/320
f 1364/2301/301 1363/2299/324 1356/2289/301
f 1365/2302/321 1356/2303/301 1357/2290/321
f 1366/2304/316 1357/2290/321 1358/2292/316
f 1359/2295/322 1366/2305/316 1358/2293/316
f 1360/2306/306 1367/2307/325 1359/2295/322
f 1362/2298/319 1368/2308/306 1360/2296/306
f 1369/2309/323 1370/2310/326 1362/2298/319
f 1371/2311/327 1369/2312/323 1363/2299/324
f 1372/2313/301 1371/2311/327 1364/2301/301
f 1373/2314/328 1364/2315/301 1365/2302/321
f 1374/2316/329 1365/2302/321 1366/2304/316
f 1367/2307/325 1374/2317/329 1366/2305/316
f 1368/2318/306 1375/2319/330 1367/2307/325
f 1370/2310/326 1376/2320/306 1368/2308/306
f 1377/2321/323 1378/2322/331 1370/2310/326
f 1379/2323/332 1377/2324/323 1371/2311/327
f 1250/2325/237 1379/2323/332 1372/2313/301
f 1252/2326/239 1372/2327/301 1373/2314/328
f 1251/2328/238 1373/2314/328 1374/2316/329
f 1375/2319/330 1251/2329/238 1374/2317/329
f 1376/2330/306 1249/2331/236 1375/2319/330
f 1378/2322/331 1246/2332/233 1376/2320/306
f 1380/2333/333 1247/2334/234 1378/2322/331
f 1248/2335/235 1380/2336/333 1379/2323/332
f 1381/2337/232 1382/2338/233 1383/2339/234
f 1384/2340/235 1382/2338/233 1381/2337/232
f 1384/2340/235 1385/2341/236 1382/2338/233
f 1386/2342/237 1385/2341/236 1384/2340/235
f 1386/2342/237 1387/2343/238 1385/2341/236
f 1388/2344/239 1387/2343/238 1386/2342/237
f 1389/2345/240 1390/2346/241 1391/2347/242
f 1392/2348/243 1390/2346/241 1389/2345/240
f 1392/2348/243 1393/2349/244 1390/2346/241
f 1394/2350/245 1393/2349/244 1392/2348/243
f 1394/2350/245 1395/2351/246 1393/2349/244
f 1396/2352/247 1395/2351/246 1394/2350/245
f 1395/2353/246 1397/2354/248 1393/2355/244
f 1396/2356/247 1398/2357/249 1395/2358/246
f 1394/2359/245 1399/2360/250 1396/2356/247
f 1400/2361/251 1394/2362/245 1392/2363/243
f 1401/2364/252 1392/2363/243 1389/2365/240
f 1402/2366/253 1389/2367/240 1391/2368/242
f 1403/2369/254 1391/2368/242 1390/2370/241
f 1393/2355/244 1403/2371/254 1390/2372/241
f 1398/2373/249 1404/2374/255 1397/2354/248
f 1399/2360/250 1405/2375/249 1398/2357/249
f 1406/2376/256 1407/2377/257 1399/2360/250
f 1408/2378/258 1406/2379/256 1400/2361/251
f 1409/2380/252 1400/2361/251 1401/2364/252
f 1410/2381/259 1401/2382/252 1402/2366/253
f 1411/2383/260 1402/2366/253 1403/2369/254
f 1397/2354/248 1411/2384/260 1403/2371/254
f 1405/2385/249 1412/2386/261 1404/2374/255
f 1407/2377/257 1413/2387/249 1405/2375/249
f 1414/2388/262 1415/2389/257 1407/2377/257
f 1416/2390/263 1414/2391/262 1408/2378/258
f 1417/2392/252 1408/2378/258 1409/2380/252
f 1418/2393/264 1409/2394/252 1410/2381/259
f 1419/2395/260 1410/2381/259 1411/2383/260
f 1404/2374/255 1419/2396/260 1411/2384/260
f 1413/2397/249 1420/2398/265 1412/2386/261
f 1415/2389/257 1421/2399/249 1413/2387/249
f 1422/2400/262 1423/2401/266 1415/2389/257
f 1424/2402/267 1422/2403/262 1416/2390/263
f 1425/2404/252 1416/2390/263 1417/2392/252
f 1426/2405/264 1417/2406/252 1418/2393/264
f 1427/2407/260 1418/2393/264 1419/2395/260
f 1412/2386/261 1427/2408/260 1419/2396/260
f 1421/2409/249 1428/2410/268 1420/2398/265
f 1423/2401/266 1429/2411/249 1421/2399/249
f 1430/2412/262 1431/2413/269 1423/2401/266
f 1432/2414/270 1430/2415/262 1424/2402/267
f 1433/2416/252 1424/2402/267 1425/2404/252
f 1434/2417/271 1425/2418/252 1426/2405/264
f 1435/2419/272 1426/2405/264 1427/2407/260
f 1420/2398/265 1435/2420/272 1427/2408/260
f 1429/2421/249 1436/2422/273 1428/2410/268
f 1431/2413/269 1437/2423/249 1429/2411/249
f 1438/2424/274 1439/2425/275 1431/2413/269
f 1440/2426/276 1438/2427/274 1432/2414/270
f 1441/2428/252 1432/2414/270 1433/2416/252
f 1442/2429/277 1433/2430/252 1434/2417/271
f 1443/2431/278 1434/2417/271 1435/2419/272
f 1428/2410/268 1443/2432/278 1435/2420/272
f 1437/2433/249 1444/2434/279 1436/2422/273
f 1439/2425/275 1445/2435/280 1437/2423/249
f 1446/2436/281 1447/2437/282 1439/2425/275
f 1448/2438/283 1446/2439/281 1440/2426/276
f 1449/2440/284 1440/2426/276 1441/2428/252
f 1450/2441/285 1441/2442/252 1442/2429/277
f 1451/2443/286 1442/2429/277 1443/2431/278
f 1436/2422/273 1451/2444/286 1443/2432/278
f 1452/2445/280 1444/2434/279 1445/2446/280
f 1453/2447/288 1445/2435/280 1447/2437/282
f 1454/2448/289 1447/2437/282 1455/2449/290
f 1448/2438/283 1454/2450/289 1455/2451/290
f 1449/2440/284 1456/2452/291 1448/2438/283
f 1450/2441/285 1457/2453/284 1449/2454/284
f 1451/2443/286 1458/2455/293 1450/2441/285
f 1459/2456/294 1451/2444/286 1444/2434/279
f 1452/2445/280 1460/2457/295 1459/2456/294
f 1453/2447/288 1461/2458/287 1452/2459/280
f 1454/2448/289 1462/2460/296 1453/2447/288
f 1463/2461/297 1454/2450/289 1456/2452/291
f 1464/2462/292 1456/2452/291 1457/2463/284
f 1465/2464/298 1457/2453/284 1458/2455/293
f 1466/2465/299 1458/2455/293 1467/2466/300
f 1459/2456/294 1466/2467/299 1467/2468/300
f 1468/2469/301 1460/2457/295 1461/2470/287
f 1469/2471/302 1461/2458/287 1462/2460/296
f 1470/2472/303 1462/2460/296 1471/2473/304
f 1463/2461/297 1470/2474/303 1471/2475/304
f 1464/2462/292 1472/2476/305 1463/2461/297
f 1465/2464/298 1473/2477/306 1464/2478/292
f 1466/2465/299 1474/2479/307 1465/2464/298
f 1475/2480/308 1466/2467/299 1460/2457/295
f 1476/2481/301 1475/2480/308 1468/2469/301
f 1477/2482/309 1468/2483/301 1469/2471/302
f 1478/2484/310 1469/2471/302 1470/2472/303
f 1472/2476/305 1478/2485/310 1470/2474/303
f 1473/2486/306 1479/2487/311 1472/2476/305
f 1474/2479/307 1480/2488/306 1473/2477/306
f 1481/2489/312 1482/2490/313 1474/2479/307
f 1483/2491/314 1481/2492/312 1475/2480/308
f 1484/2493/301 1483/2491/314 1476/2481/301
f 1485/2494/315 1476/2495/301 1477/2482/309
f 1486/2496/316 1477/2482/309 1478/2484/310
f 1479/2487/311 1486/2497/316 1478/2485/310
f 1480/2498/306 1487/2499/317 1479/2487/311
f 1482/2490/313 1488/2500/306 1480/2488/306
f 1489/2501/318 1490/2502/319 1482/2490/313
f 1491/2503/320 1489/2504/318 1483/2491/314
f 1492/2505/301 1491/2503/320 1484/2493/301
f 1493/2506/321 1484/2507/301 1485/2494/315
f 1494/2508/316 1485/2494/315 1486/2496/316
f 1487/2499/317 1494/2509/316 1486/2497/316
f 1488/2510/306 1495/2511/322 1487/2499/317
f 1490/2502/319 1496/2512/306 1488/2500/306
f 1497/2513/323 1498/2514/319 1490/2502/319
f 1499/2515/324 1497/2516/323 1491/2503/320
f 1500/2517/301 1499/2515/324 1492/2505/301
f 1501/2518/321 1492/2519/301 1493/2506/321
f 1502/2520/316 1493/2506/321 1494/2508/316
f 1495/2511/322 1502/2521/316 1494/2509/316
f 1496/2522/306 1503/2523/325 1495/2511/322
f 1498/2514/319 1504/2524/306 1496/2512/306
f 1505/2525/323 1506/2526/326 1498/2514/319
f 1507/2527/327 1505/2528/323 1499/2515/324
f 1508/2529/301 1507/2527/327 1500/2517/301
f 1509/2530/328 1500/2531/301 1501/2518/321
f 1510/2532/329 1501/2518/321 1502/2520/316
f 1503/2523/325 1510/2533/329 1502/2521/316
f 1504/2534/306 1511/2535/330 1503/2523/325
f 1506/2526/326 1512/2536/306 1504/2524/306
f 1513/2537/323 1514/2538/331 1506/2526/326
f 1515/2539/332 1513/2540/323 1507/2527/327
f 1386/2541/237 1515/2539/332 1508/2529/301
f 1388/2542/239 1508/2543/301 1509/2530/328
f 1387/2544/238 1509/2530/328 1510/2532/329
f 1511/2535/330 1387/2545/238 1510/2533/329
f 1512/2546/306 1385/2547/236 1511/2535/330
f 1514/2538/331 1382/2548/233 1512/2536/306
f 1516/2549/333 1383/2550/234 1514/2538/331
f 1384/2551/235 1516/2552/333 1515/2539/332
f 1517/2553/232 1518/2554/233 1519/2555/234
f 1520/2556/235 1518/2554/233 1517/2553/232
f 1520/2556/235 1521/2557/236 1518/2554/233
f 1522/2558/237 1521/2557/236 1520/2556/235
f 1522/2558/237 1523/2559/238 1521/2557/236
f 1524/2560/239 1523/2559/238 1522/2558/237
f 1525/2561/240 1526/2562/241 1527/2563/242
f 1528/2564/243 1526/2562/241 1525/2561/240
f 1528/2564/243 1529/2565/244 1526/2562/241
f 1530/2566/245 1529/2565/244 1528/2564/243
f 1530/2566/245 1531/2567/246 1529/2565/244
f 1532/2568/247 1531/2567/246 1530/2566/245
f 1531/2569/246 1533/2570/248 1529/2571/244
f 1532/2572/247 1534/2573/249 1531/2574/246
f 1530/2575/245 1535/2576/250 1532/2572/247
f 1536/2577/251 1530/2578/245 1528/2579/243
f 1537/2580/252 1528/2579/243 1525/2581/240
f 1538/2582/253 1525/2583/240 1527/2584/242
f 1539/2585/254 1527/2584/242 1526/2586/241
f 1529/2571/244 1539/2587/254 1526/2588/241
f 1534/2589/249 1540/2590/255 1533/2570/248
f 1535/2576/250 1541/2591/249 1534/2573/249
f 1542/2592/256 1543/2593/257 1535/2576/250
f 1544/2594/258 1542/2595/256 1536/2577/251
f 1545/2596/252 1536/2577/251 1537/2580/252
f 1546/2597/259 1537/2598/252 1538/2582/253
f 1547/2599/260 1538/2582/253 1539/2585/254
f 1533/2570/248 1547/2600/260 1539/2587/254
f 1541/2601/249 1548/2602/261 1540/2590/255
f 1543/2593/257 1549/2603/249 1541/2591/249
f 1550/2604/262 1551/2605/257 1543/2593/257
f 1552/2606/263 1550/2607/262 1544/2594/258
f 1553/2608/252 1544/2594/258 1545/2596/252
f 1554/2609/264 1545/2610/252 1546/2597/259
f 1555/2611/260 1546/2597/259 1547/2599/260
f 1540/2590/255 1555/2612/260 1547/2600/260
f 1549/2613/249 1556/2614/265 1548/2602/261
f 1551/2605/257 1557/2615/249 1549/2603/249
f 1558/2616/262 1559/2617/266 1551/2605/257
f 1560/2618/267 1558/2619/262 1552/2606/263
f 1561/2620/252 1552/2606/263 1553/2608/252
f 1562/2621/264 1553/2622/252 1554/2609/264
f 1563/2623/260 1554/2609/264 1555/2611/260
f 1548/2602/261 1563/2624/260 1555/2612/260
f 1557/2625/249 1564/2626/268 1556/2614/265
f 1559/2617/266 1565/2627/249 1557/2615/249
f 1566/2628/262 1567/2629/269 1559/2617/266
f 1568/2630/270 1566/2631/262 1560/2618/267
f 1569/2632/252 1560/2618/267 1561/2620/252
f 1570/2633/271 1561/2634/252 1562/2621/264
f 1571/2635/272 1562/2621/264 1563/2623/260
f 1556/2614/265 1571/2636/272 1563/2624/260
f 1565/2637/249 1572/2638/273 1564/2626/268
f 1567/2629/269 1573/2639/249 1565/2627/249
f 1574/2640/274 1575/2641/275 1567/2629/269
f 1576/2642/276 1574/2643/274 1568/2630/270
f 1577/2644/252 1568/2630/270 1569/2632/252
f 1578/2645/277 1569/2646/252 1570/2633/271
f 1579/2647/278 1570/2633/271 1571/2635/272
f 1564/2626/268 1579/2648/278 1571/2636/272
f 1573/2649/249 1580/2650/279 1572/2638/273
f 1575/2641/275 1581/2651/280 1573/2639/249
f 1582/2652/281 1583/2653/282 1575/2641/275
f 1584/2654/283 1582/2655/281 1576/2642/276
f 1585/2656/284 1576/2642/276 1577/2644/252
f 1586/2657/285 1577/2658/252 1578/2645/277
f 1587/2659/286 1578/2645/277 1579/2647/278
f 1572/2638/273 1587/2660/286 1579/2648/278
f 1588/2661/280 1580/2650/279 1581/2662/280
f 1589/2663/288 1581/2651/280 1583/2653/282
f 1590/2664/289 1583/2653/282 1591/2665/290
f 1584/2654/283 1590/2666/289 1591/2667/290
f 1585/2656/284 1592/2668/291 1584/2654/283
f 1586/2657/285 1593/2669/284 1585/2670/284
f 1587/2659/286 1594/2671/293 1586/2657/285
f 1595/2672/334 1587/2660/286 1580/2650/279
f 1588/2661/280 1596/2673/295 1595/2672/334
f 1589/2663/288 1597/2674/287 1588/2675/280
f 1590/2664/289 1598/2676/296 1589/2663/288
f 1599/2677/297 1590/2666/289 1592/2668/291
f 1600/2678/292 1592/2668/291 1593/2679/284
f 1601/2680/298 1593/2669/284 1594/2671/293
f 1602/2681/299 1594/2671/293 1603/2682/335
f 1595/2672/334 1602/2683/299 1603/2684/335
f 1604/2685/301 1596/2673/295 1597/2686/287
f 1605/2687/302 1597/2674/287 1598/2676/296
f 1606/2688/303 1598/2676/296 1607/2689/304
f 1599/2677/297 1606/2690/303 1607/2691/304
f 1600/2678/292 1608/2692/305 1599/2677/297
f 1601/2680/298 1609/2693/306 1600/2694/292
f 1602/2681/299 1610/2695/307 1601/2680/298
f 1611/2696/308 1602/2683/299 1596/2673/295
f 1612/2697/301 1611/2696/308 1604/2685/301
f 1613/2698/309 1604/2699/301 1605/2687/302
f 1614/2700/310 1605/2687/302 1606/2688/303
f 1608/2692/305 1614/2701/310 1606/2690/303
f 1609/2702/306 1615/2703/311 1608/2692/305
f 1610/2695/307 1616/2704/306 1609/2693/306
f 1617/2705/312 1618/2706/313 1610/2695/307
f 1619/2707/314 1617/2708/312 1611/2696/308
f 1620/2709/301 1619/2707/314 1612/2697/301
f 1621/2710/315 1612/2711/301 1613/2698/309
f 1622/2712/316 1613/2698/309 1614/2700/310
f 1615/2703/311 1622/2713/316 1614/2701/310
f 1616/2714/306 1623/2715/317 1615/2703/311
f 1618/2706/313 1624/2716/306 1616/2704/306
f 1625/2717/318 1626/2718/319 1618/2706/313
f 1627/2719/320 1625/2720/318 1619/2707/314
f 1628/2721/301 1627/2719/320 1620/2709/301
f 1629/2722/321 1620/2723/301 1621/2710/315
f 1630/2724/316 1621/2710/315 1622/2712/316
f 1623/2715/317 1630/2725/316 1622/2713/316
f 1624/2726/306 1631/2727/322 1623/2715/317
f 1626/2718/319 1632/2728/306 1624/2716/306
f 1633/2729/323 1634/2730/319 1626/2718/319
f 1635/2731/324 1633/2732/323 1627/2719/320
f 1636/2733/301 1635/2731/324 1628/2721/301
f 1637/2734/321 1628/2735/301 1629/2722/321
f 1638/2736/316 1629/2722/321 1630/2724/316
f 1631/2727/322 1638/2737/316 1630/2725/316
f 1632/2738/306 1639/2739/325 1631/2727/322
f 1634/2730/319 1640/2740/306 1632/2728/306
f 1641/2741/323 1642/2742/326 1634/2730/319
f 1643/2743/327 1641/2744/323 1635/2731/324
f 1644/2745/301 1643/2743/327 1636/2733/301
f 1645/2746/328 1636/2747/301 1637/2734/321
f 1646/2748/329 1637/2734/321 1638/2736/316
f 1639/2739/325 1646/2749/329 1638/2737/316
f 1640/2750/306 1647/2751/330 1639/2739/325
f 1642/2742/326 1648/2752/306 1640/2740/306
f 1649/2753/323 1650/2754/331 1642/2742/326
f 1651/2755/332 1649/2756/323 1643/2743/327
f 1522/2757/237 1651/2755/332 1644/2745/301
f 1524/2758/239 1644/2759/301 1645/2746/328
f 1523/2760/238 1645/2746/328 1646/2748/329
f 1647/2751/330 1523/2761/238 1646/2749/329
f 1648/2762/306 1521/2763/236 1647/2751/330
f 1650/2754/331 1518/2764/233 1648/2752/306
f 1652/2765/333 1519/2766/234 1650/2754/331
f 1520/2767/235 1652/2768/333 1651/2755/332
f 1653/2769/336 1654/2770/2 1655/2771/337
f 1656/2772/338 1654/2773/2 1657/2774/339
f 1658/2775/340 1654/2776/2 1659/2777/341
f 1660/2778/342 1661/2779/8 1662/2780/343
f 1663/2781/344 1661/2782/8 1664/2783/345
f 1665/2784/346 1661/2785/8 1666/2786/347
f 1667/2787/348 1668/2788/13 1669/2789/349
f 1670/2790/350 1668/2791/13 1671/2792/351
f 1672/2793/352 1668/2794/13 1673/2795/353
f 1674/2796/354 1675/2797/20 1676/2798/355
f 1677/2799/356 1675/2800/20 1678/2801/357
f 1679/2802/358 1675/2803/20 1680/2804/359
f 1681/2805/360 1682/2806/24 1683/2807/361
f 1684/2808/362 1682/2809/24 1685/2810/363
f 1686/2811/364 1682/2812/24 1687/2813/365
f 1688/2814/366 1689/2815/31 1690/2816/367
f 1691/2817/368 1689/2818/31 1692/2819/369
f 1693/2820/370 1689/2821/31 1694/2822/371
f 1695/2823/372 1696/2824/35 1697/2825/373
f 1698/2826/374 1696/2827/35 1699/2828/375
f 1700/2829/376 1696/2830/35 1701/2831/377
f 1702/2832/378 1703/2833/42 1704/2834/379
f 1705/2835/380 1703/2836/42 1706/2837/381
f 1707/2838/382 1703/2839/42 1708/2840/383
f 1653/2769/336 1671/2841/351 1667/2787/348
f 1655/2842/337 1670/2790/350 1671/2792/351
f 1660/2778/342 1659/2843/341 1656/2772/338
f 1662/2844/343 1658/2775/340 1659/2777/341
f 1674/2796/354 1666/2845/347 1663/2781/344
f 1676/2846/355 1665/2784/346 1666/2786/347
f 1672/2793/352 1680/2847/359 1677/2799/356
f 1673/2848/353 1679/2802/358 1680/2804/359
f 1667/2787/348 1699/2849/375 1695/2823/372
f 1669/2850/349 1698/2826/374 1699/2828/375
f 1702/2832/378 1678/2851/357 1674/2796/354
f 1704/2852/379 1677/2799/356 1678/2801/357
f 1700/2829/376 1708/2853/383 1705/2835/380
f 1701/2854/377 1707/2838/382 1708/2840/383
f 1695/2823/372 1685/2855/363 1681/2805/360
f 1697/2856/373 1684/2808/362 1685/2810/363
f 1688/2814/366 1706/2857/381 1702/2832/378
f 1690/2858/367 1705/2835/380 1706/2837/381
f 1686/2811/364 1694/2859/371 1691/2817/368
f 1687/2860/365 1693/2820/370 1694/2822/371
f 1681/2805/360 1657/2861/339 1653/2769/336
f 1683/2862/361 1656/2772/338 1657/2774/339
f 1663/2781/344 1692/2863/369 1688/2814/366
f 1664/2864/345 1691/2817/368 1692/2819/369
f 1695/2823/372 1653/2769/336 1667/2787/348
f 1665/2784/346 1670/2790/350 1658/2775/340
f 1691/2817/368 1656/2772/338 1686/2811/364
f 1674/2796/354 1688/2814/366 1702/2832/378
f 1677/2799/356 1698/2826/374 1672/2793/352
f 1705/2835/380 1684/2808/362 1700/2829/376
f 1709/2865/336 1710/2866/2 1711/2867/337
f 1712/2868/338 1710/2869/2 1713/2870/339
f 1714/2871/340 1710/2872/2 1715/2873/341
f 1716/2874/342 1717/2875/8 1718/2876/343
f 1719/2877/344 1717/2878/8 1720/2879/345
f 1721/2880/346 1717/2881/8 1722/2882/347
f 1723/2883/348 1724/2884/13 1725/2885/349
f 1726/2886/350 1724/2887/13 1727/2888/351
f 1728/2889/352 1724/2890/13 1729/2891/353
f 1730/2892/354 1731/2893/20 1732/2894/355
f 1733/2895/356 1731/2896/20 1734/2897/357
f 1735/2898/384 1731/2899/20 1736/2900/359
f 1737/2901/360 1738/2902/24 1739/2903/361
f 1740/2904/362 1738/2905/24 1741/2906/363
f 1742/2907/364 1738/2908/24 1743/2909/365
f 1744/2910/366 1745/2911/31 1746/2912/367
f 1747/2913/368 1745/2914/31 1748/2915/369
f 1749/2916/370 1745/2917/31 1750/2918/371
f 1751/2919/372 1752/2920/35 1753/2921/373
f 1754/2922/374 1752/2923/35 1755/2924/375
f 1756/2925/376 1752/2926/35 1757/2927/377
f 1758/2928/378 1759/2929/42 1760/2930/379
f 1761/2931/380 1759/2932/42 1762/2933/381
f 1763/2934/382 1759/2935/42 1764/2936/383
f 1709/2865/336 1727/2937/351 1723/2883/348
f 1711/2938/337 1726/2886/350 1727/2888/351
f 1716/2874/342 1715/2939/341 1712/2868/338
f 1718/2940/343 1714/2871/340 1715/2873/341
f 1730/2892/354 1722/2941/347 1719/2877/344
f 1732/2942/355 1721/2880/346 1722/2882/347
f 1728/2889/352 1736/2943/359 1733/2895/356
f 1729/2944/353 1735/2898/384 1736/2900/359
f 1723/2883/348 1755/2945/375 1751/2919/372
f 1725/2946/349 1754/2922/374 1755/2924/375
f 1758/2928/378 1734/2947/357 1730/2892/354
f 1760/2948/379 1733/2895/356 1734/2897/357
f 1756/2925/376 1764/2949/383 1761/2931/380
f 1757/2950/377 1763/2934/382 1764/2936/383
f 1751/2919/372 1741/2951/363 1737/2901/360
f 1753/2952/373 1740/2904/362 1741/2906/363
f 1744/2910/366 1762/2953/381 1758/2928/378
f 1746/2954/367 1761/2931/380 1762/2933/381
f 1742/2907/364 1750/2955/371 1747/2913/368
f 1743/2956/365 1749/2916/370 1750/2918/371
f 1737/2901/360 1713/2957/339 1709/2865/336
f 1739/2958/361 1712/2868/338 1713/2870/339
f 1719/2877/344 1748/2959/369 1744/2910/366
f 1720/2960/345 1747/2913/368 1748/2915/369
f 1751/2919/372 1709/2865/336 1723/2883/348
f 1721/2880/346 1726/2886/350 1714/2871/340
f 1747/2913/368 1712/2868/338 1742/2907/364
f 1730/2892/354 1744/2910/366 1758/2928/378
f 1733/2895/356 1754/2922/374 1728/2889/352
f 1761/2931/380 1740/2904/362 1756/2925/376
f 1765/2961/336 1766/2962/2 1767/2963/337
f 1768/2964/338 1766/2965/2 1769/2966/339
f 1770/2967/340 1766/2968/2 1771/2969/341
f 1772/2970/342 1773/2971/8 1774/2972/343
f 1775/2973/344 1773/2974/8 1776/2975/345
f 1777/2976/346 1773/2977/8 1778/2978/347
f 1779/2979/348 1780/2980/13 1781/2981/349
f 1782/2982/350 1780/2983/13 1783/2984/351
f 1784/2985/352 1780/2986/13 1785/2987/353
f 1786/2988/354 1787/2989/20 1788/2990/355
f 1789/2991/356 1787/2992/20 1790/2993/357
f 1791/2994/358 1787/2995/20 1792/2996/359
f 1793/2997/360 1794/2998/24 1795/2999/361
f 1796/3000/362 1794/3001/24 1797/3002/363
f 1798/3003/364 1794/3004/24 1799/3005/365
f 1800/3006/366 1801/3007/31 1802/3008/367
f 1803/3009/368 1801/3010/31 1804/3011/369
f 1805/3012/370 1801/3013/31 1806/3014/371
f 1807/3015/372 1808/3016/35 1809/3017/373
f 1810/3018/374 1808/3019/35 1811/3020/375
f 1812/3021/376 1808/3022/35 1813/3023/377
f 1814/3024/378 1815/3025/42 1816/3026/379
f 1817/3027/380 1815/3028/42 1818/3029/381
f 1819/3030/382 1815/3031/42 1820/3032/383
f 1765/2961/336 1783/3033/351 1779/2979/348
f 1767/3034/337 1782/2982/350 1783/2984/351
f 1772/2970/342 1771/3035/341 1768/2964/338
f 1774/3036/343 1770/2967/340 1771/2969/341
f 1786/2988/354 1778/3037/347 1775/2973/344
f 1788/3038/355 1777/2976/346 1778/2978/347
f 1784/2985/352 1792/3039/359 1789/2991/356
f 1785/3040/353 1791/2994/358 1792/2996/359
f 1779/2979/348 1811/3041/375 1807/3015/372
f 1781/3042/349 1810/3018/374 1811/3020/375
f 1814/3024/378 1790/3043/357 1786/2988/354
f 1816/3044/379 1789/2991/356 1790/2993/357
f 1812/3021/376 1820/3045/383 1817/3027/380
f 1813/3046/377 1819/3030/382 1820/3032/383
f 1807/3015/372 1797/3047/363 1793/2997/360
f 1809/3048/373 1796/3000/362 1797/3002/363
f 1800/3006/366 1818/3049/381 1814/3024/378
f 1802/3050/367 1817/3027/380 1818/3029/381
f 1798/3003/364 1806/3051/371 1803/3009/368
f 1799/3052/365 1805/3012/370 1806/3014/371
f 1793/2997/360 1769/3053/339 1765/2961/336
f 1795/3054/361 1768/2964/338 1769/2966/339
f 1775/2973/344 1804/3055/369 1800/3006/366
f 1776/3056/345 1803/3009/368 1804/3011/369
f 1807/3015/372 1765/2961/336 1779/2979/348
f 1777/2976/346 1782/2982/350 1770/2967/340
f 1803/3009/368 1768/2964/338 1798/3003/364
f 1786/2988/354 1800/3006/366 1814/3024/378
f 1789/2991/356 1810/3018/374 1784/2985/352
f 1817/3027/380 1796/3000/362 1812/3021/376
f 1821/3057/336 1822/3058/2 1823/3059/337
f 1824/3060/338 1822/3061/2 1825/3062/339
f 1826/3063/340 1822/3064/2 1827/3065/341
f 1828/3066/342 1829/3067/8 1830/3068/343
f 1831/3069/344 1829/3070/8 1832/3071/345
f 1833/3072/346 1829/3073/8 1834/3074/347
f 1835/3075/348 1836/3076/13 1837/3077/349
f 1838/3078/350 1836/3079/13 1839/3080/351
f 1840/3081/352 1836/3082/13 1841/3083/353
f 1842/3084/354 1843/3085/20 1844/3086/355
f 1845/3087/356 1843/3088/20 1846/3089/357
f 1847/3090/358 1843/3091/20 1848/3092/359
f 1849/3093/360 1850/3094/24 1851/3095/361
f 1852/3096/362 1850/3097/24 1853/3098/363
f 1854/3099/364 1850/3100/24 1855/3101/365
f 1856/3102/366 1857/3103/31 1858/3104/367
f 1859/3105/368 1857/3106/31 1860/3107/369
f 1861/3108/370 1857/3109/31 1862/3110/371
f 1863/3111/372 1864/3112/35 1865/3113/373
f 1866/3114/374 1864/3115/35 1867/3116/375
f 1868/3117/376 1864/3118/35 1869/3119/377
f 1870/3120/378 1871/3121/42 1872/3122/379
f 1873/3123/380 1871/3124/42 1874/3125/381
f 1875/3126/382 1871/3127/42 1876/3128/383
f 1821/3057/336 1839/3129/351 1835/3075/348
f 1823/3130/337 1838/3078/350 1839/3080/351
f 1828/3066/342 1827/3131/341 1824/3060/338
f 1830/3132/343 1826/3063/340 1827/3065/341
f 1842/3084/354 1834/3133/347 1831/3069/344
f 1844/3134/355 1833/3072/346 1834/3074/347
f 1840/3081/352 1848/3135/359 1845/3087/356
f 1841/3136/353 1847/3090/358 1848/3092/359
f 1835/3075/348 1867/3137/375 1863/3111/372
f 1837/3138/349 1866/3114/374 1867/3116/375
f 1870/3120/378 1846/3139/357 1842/3084/354
f 1872/3140/379 1845/3087/356 1846/3089/357
f 1868/3117/376 1876/3141/383 1873/3123/380
f 1869/3142/377 1875/3126/382 1876/3128/383
f 1863/3111/372 1853/3143/363 1849/3093/360
f 1865/3144/373 1852/3096/362 1853/3098/363
f 1856/3102/366 1874/3145/381 1870/3120/378
f 1858/3146/367 1873/3123/380 1874/3125/381
f 1854/3099/364 1862/3147/371 1859/3105/368
f 1855/3148/365 1861/3108/370 1862/3110/371
f 1849/3093/360 1825/3149/339 1821/3057/336
f 1851/3150/361 1824/3060/338 1825/3062/339
f 1831/3069/344 1860/3151/369 1856/3102/366
f 1832/3152/345 1859/3105/368 1860/3107/369
f 1863/3111/372 1821/3057/336 1835/3075/348
f 1833/3072/346 1838/3078/350 1826/3063/340
f 1859/3105/368 1824/3060/338 1854/3099/364
f 1842/3084/354 1856/3102/366 1870/3120/378
f 1845/3087/356 1866/3114/374 1840/3081/352
f 1873/3123/380 1852/3096/362 1868/3117/376
f 1877/3153/336 1878/3154/2 1879/3155/337
f 1880/3156/338 1878/3157/2 1881/3158/339
f 1882/3159/385 1878/3160/2 1883/3161/341
f 1884/3162/342 1885/3163/8 1886/3164/343
f 1887/3165/344 1885/3166/8 1888/3167/345
f 1889/3168/346 1885/3169/8 1890/3170/347
f 1891/3171/348 1892/3172/13 1893/3173/349
f 1894/3174/350 1892/3175/13 1895/3176/351
f 1896/3177/352 1892/3178/13 1897/3179/353
f 1898/3180/354 1899/3181/20 1900/3182/355
f 1901/3183/356 1899/3184/20 1902/3185/357
f 1903/3186/384 1899/3187/20 1904/3188/359
f 1905/3189/360 1906/3190/24 1907/3191/361
f 1908/3192/362 1906/3193/24 1909/3194/363
f 1910/3195/364 1906/3196/24 1911/3197/365
f 1912/3198/366 1913/3199/31 1914/3200/367
f 1915/3201/368 1913/3202/31 1916/3203/369
f 1917/3204/386 1913/3205/31 1918/3206/371
f 1919/3207/372 1920/3208/35 1921/3209/373
f 1922/3210/374 1920/3211/35 1923/3212/375
f 1924/3213/376 1920/3214/35 1925/3215/377
f 1926/3216/378 1927/3217/42 1928/3218/379
f 1929/3219/380 1927/3220/42 1930/3221/381
f 1931/3222/382 1927/3223/42 1932/3224/383
f 1877/3153/336 1895/3225/351 1891/3171/348
f 1879/3226/337 1894/3174/350 1895/3176/351
f 1884/3162/342 1883/3227/341 1880/3156/338
f 1886/3228/343 1882/3159/385 1883/3161/341
f 1898/3180/354 1890/3229/347 1887/3165/344
f 1900/3230/355 1889/3168/346 1890/3170/347
f 1896/3177/352 1904/3231/359 1901/3183/356
f 1897/3232/353 1903/3186/384 1904/3188/359
f 1891/3171/348 1923/3233/375 1919/3207/372
f 1893/3234/349 1922/3210/374 1923/3212/375
f 1926/3216/378 1902/3235/357 1898/3180/354
f 1928/3236/379 1901/3183/356 1902/3185/357
f 1924/3213/376 1932/3237/383 1929/3219/380
f 1925/3238/377 1931/3222/382 1932/3224/383
f 1919/3207/372 1909/3239/363 1905/3189/360
f 1921/3240/373 1908/3192/362 1909/3194/363
f 1912/3198/366 1930/3241/381 1926/3216/378
f 1914/3242/367 1929/3219/380 1930/3221/381
f 1910/3195/364 1918/3243/371 1915/3201/368
f 1911/3244/365 1917/3204/386 1918/3206/371
f 1905/3189/360 1881/3245/339 1877/3153/336
f 1907/3246/361 1880/3156/338 1881/3158/339
f 1887/3165/344 1916/3247/369 1912/3198/366
f 1888/3248/345 1915/3201/368 1916/3203/369
f 1919/3207/372 1877/3153/336 1891/3171/348
f 1889/3168/346 1894/3174/350 1882/3159/385
f 1915/3201/368 1880/3156/338 1910/3195/364
f 1898/3180/354 1912/3198/366 1926/3216/378
f 1901/3183/356 1922/3210/374 1896/3177/352
f 1929/3219/380 1908/3192/362 1924/3213/376
f 1933/3249/336 1934/3250/2 1935/3251/337
f 1936/3252/338 1934/3253/2 1937/3254/339
f 1938/3255/340 1934/3256/2 1939/3257/341
f 1940/3258/342 1941/3259/8 1942/3260/343
f 1943/3261/344 1941/3262/8 1944/3263/345
f 1945/3264/346 1941/3265/8 1946/3266/347
f 1947/3267/348 1948/3268/13 1949/3269/349
f 1950/3270/350 1948/3271/13 1951/3272/351
f 1952/3273/352 1948/3274/13 1953/3275/353
f 1954/3276/354 1955/3277/20 1956/3278/355
f 1957/3279/356 1955/3280/20 1958/3281/357
f 1959/3282/358 1955/3283/20 1960/3284/359
f 1961/3285/360 1962/3286/24 1963/3287/361
f 1964/3288/362 1962/3289/24 1965/3290/363
f 1966/3291/364 1962/3292/24 1967/3293/365
f 1968/3294/366 1969/3295/31 1970/3296/367
f 1971/3297/368 1969/3298/31 1972/3299/369
f 1973/3300/370 1969/3301/31 1974/3302/371
f 1975/3303/372 1976/3304/35 1977/3305/373
f 1978/3306/374 1976/3307/35 1979/3308/375
f 1980/3309/376 1976/3310/35 1981/3311/377
f 1982/3312/378 1983/3313/42 1984/3314/379
f 1985/3315/380 1983/3316/42 1986/3317/381
f 1987/3318/382 1983/3319/42 1988/3320/383
f 1933/3249/336 1951/3321/351 1947/3267/348
f 1935/3322/337 1950/3270/350 1951/3272/351
f 1940/3258/342 1939/3323/341 1936/3252/338
f 1942/3324/343 1938/3255/340 1939/3257/341
f 1954/3276/354 1946/3325/347 1943/3261/344
f 1956/3326/355 1945/3264/346 1946/3266/347
f 1952/3273/352 1960/3327/359 1957/3279/356
f 1953/3328/353 1959/3282/358 1960/3284/359
f 1947/3267/348 1979/3329/375 1975/3303/372
f 1949/3330/349 1978/3306/374 1979/3308/375
f 1982/3312/378 1958/3331/357 1954/3276/354
f 1984/3332/379 1957/3279/356 1958/3281/357
f 1980/3309/376 1988/3333/383 1985/3315/380
f 1981/3334/377 1987/3318/382 1988/3320/383
f 1975/3303/372 1965/3335/363 1961/3285/360
f 1977/3336/373 1964/3288/362 1965/3290/363
f 1968/3294/366 1986/3337/381 1982/3312/378
f 1970/3338/367 1985/3315/380 1986/3317/381
f 1966/3291/364 1974/3339/371 1971/3297/368
f 1967/3340/365 1973/3300/370 1974/3302/371
f 1961/3285/360 1937/3341/339 1933/3249/336
f 1963/3342/361 1936/3252/338 1937/3254/339
f 1943/3261/344 1972/3343/369 1968/3294/366
f 1944/3344/345 1971/3297/368 1972/3299/369
f 1975/3303/372 1933/3249/336 1947/3267/348
f 1945/3264/346 1950/3270/350 1938/3255/340
f 1971/3297/368 1936/3252/338 1966/3291/364
f 1954/3276/354 1968/3294/366 1982/3312/378
f 1957/3279/356 1978/3306/374 1952/3273/352
f 1985/3315/380 1964/3288/362 1980/3309/376
f 1989/3345/336 1990/3346/2 1991/3347/337
f 1992/3348/338 1990/3349/2 1993/3350/339
f 1994/3351/340 1990/3352/2 1995/3353/341
f 1996/3354/342 1997/3355/8 1998/3356/343
f 1999/3357/344 1997/3358/8 2000/3359/345
f 2001/3360/346 1997/3361/8 2002/3362/347
f 2003/3363/348 2004/3364/13 2005/3365/349
f 2006/3366/350 2004/3367/13 2007/3368/351
f 2008/3369/352 2004/3370/13 2009/3371/353
f 2010/3372/354 2011/3373/20 2012/3374/355
f 2013/3375/356 2011/3376/20 2014/3377/357
f 2015/3378/358 2011/3379/20 2016/3380/359
f 2017/3381/360 2018/3382/24 2019/3383/361
f 2020/3384/362 2018/3385/24 2021/3386/363
f 2022/3387/364 2018/3388/24 2023/3389/365
f 2024/3390/366 2025/3391/31 2026/3392/367
f 2027/3393/368 2025/3394/31 2028/3395/369
f 2029/3396/370 2025/3397/31 2030/3398/371
f 2031/3399/372 2032/3400/35 2033/3401/373
f 2034/3402/374 2032/3403/35 2035/3404/375
f 2036/3405/376 2032/3406/35 2037/3407/377
f 2038/3408/378 2039/3409/42 2040/3410/379
f 2041/3411/380 2039/3412/42 2042/3413/381
f 2043/3414/382 2039/3415/42 2044/3416/383
f 1989/3345/336 2007/3417/351 2003/3363/348
f 1991/3418/337 2006/3366/350 2007/3368/351
f 1996/3354/342 1995/3419/341 1992/3348/338
f 1998/3420/343 1994/3351/340 1995/3353/341
f 2010/3372/354 2002/3421/347 1999/3357/344
f 2012/3422/355 2001/3360/346 2002/3362/347
f 2008/3369/352 2016/3423/359 2013/3375/356
f 2009/3424/353 2015/3378/358 2016/3380/359
f 2003/3363/348 2035/3425/375 2031/3399/372
f 2005/3426/349 2034/3402/374 2035/3404/375
f 2038/3408/378 2014/3427/357 2010/3372/354
f 2040/3428/379 2013/3375/356 2014/3377/357
f 2036/3405/376 2044/3429/383 2041/3411/380
f 2037/3430/377 2043/3414/382 2044/3416/383
f 2031/3399/372 2021/3431/363 2017/3381/360
f 2033/3432/373 2020/3384/362 2021/3386/363
f 2024/3390/366 2042/3433/381 2038/3408/378
f 2026/3434/367 2041/3411/380 2042/3413/381
f 2022/3387/364 2030/3435/371 2027/3393/368
f 2023/3436/365 2029/3396/370 2030/3398/371
f 2017/3381/360 1993/3437/339 1989/3345/336
f 2019/3438/361 1992/3348/338 1993/3350/339
f 1999/3357/344 2028/3439/369 2024/3390/366
f 2000/3440/345 2027/3393/368 2028/3395/369
f 2031/3399/372 1989/3345/336 2003/3363/348
f 2001/3360/346 2006/3366/350 1994/3351/340
f 2027/3393/368 1992/3348/338 2022/3387/364
f 2010/3372/354 2024/3390/366 2038/3408/378
f 2013/3375/356 2034/3402/374 2008/3369/352
f 2041/3411/380 2020/3384/362 2036/3405/376
f 2045/3441/336 2046/3442/2 2047/3443/337
f 2048/3444/338 2046/3445/2 2049/3446/387
f 2050/3447/340 2046/3448/2 2051/3449/341
f 2052/3450/342 2053/3451/8 2054/3452/343
f 2055/3453/344 2053/3454/8 2056/3455/388
f 2057/3456/346 2053/3457/8 2058/3458/347
f 2059/3459/348 2060/3460/13 2061/3461/389
f 2062/3462/350 2060/3463/13 2063/3464/351
f 2064/3465/352 2060/3466/13 2065/3467/353
f 2066/3468/354 2067/3469/20 2068/3470/355
f 2069/3471/356 2067/3472/20 2070/3473/390
f 2071/3474/358 2067/3475/20 2072/3476/359
f 2073/3477/360 2074/3478/24 2075/3479/391
f 2076/3480/362 2074/3481/24 2077/3482/363
f 2078/3483/364 2074/3484/24 2079/3485/365
f 2080/3486/366 2081/3487/31 2082/3488/367
f 2083/3489/368 2081/3490/31 2084/3491/392
f 2085/3492/370 2081/3493/31 2086/3494/371
f 2087/3495/372 2088/3496/35 2089/3497/373
f 2090/3498/374 2088/3499/35 2091/3500/393
f 2092/3501/376 2088/3502/35 2093/3503/377
f 2094/3504/378 2095/3505/42 2096/3506/394
f 2097/3507/380 2095/3508/42 2098/3509/381
f 2099/3510/382 2095/3511/42 2100/3512/383
f 2045/3441/336 2063/3513/351 2059/3459/348
f 2047/3514/337 2062/3462/350 2063/3464/351
f 2052/3450/342 2051/3515/341 2048/3444/338
f 2054/3516/343 2050/3447/340 2051/3449/341
f 2066/3468/354 2058/3517/347 2055/3453/344
f 2068/3518/355 2057/3456/346 2058/3458/347
f 2064/3465/352 2072/3519/359 2069/3471/356
f 2065/3520/353 2071/3474/358 2072/3476/359
f 2087/3495/372 2061/3461/389 2091/3521/393
f 2061/3522/389 2090/3498/374 2091/3500/393
f 2094/3504/378 2070/3523/390 2066/3468/354
f 2070/3473/390 2099/3510/382 2069/3471/356
f 2092/3501/376 2100/3524/383 2097/3507/380
f 2093/3525/377 2099/3510/382 2100/3512/383
f 2087/3495/372 2077/3526/363 2073/3477/360
f 2089/3527/373 2076/3480/362 2077/3482/363
f 2080/3486/366 2098/3528/381 2094/3504/378
f 2082/3529/367 2097/3507/380 2098/3509/381
f 2078/3483/364 2086/3530/371 2083/3489/368
f 2079/3531/365 2085/3492/370 2086/3494/371
f 2073/3477/360 2049/3532/387 2045/3441/336
f 2049/3446/387 2078/3483/364 2048/3444/338
f 2080/3486/366 2056/3455/388 2084/3533/392
f 2056/3534/388 2083/3489/368 2084/3491/392
f 2087/3495/372 2045/3441/336 2059/3459/348
f 2057/3456/346 2062/3462/350 2050/3447/340
f 2083/3489/368 2048/3444/338 2078/3483/364
f 2066/3468/354 2080/3486/366 2094/3504/378
f 2069/3471/356 2090/3498/374 2064/3465/352
f 2097/3507/380 2076/3480/362 2092/3501/376
f 2101/3535/336 2102/3536/2 2103/3537/337
f 2104/3538/338 2102/3539/2 2105/3540/339
f 2106/3541/340 2102/3542/2 2107/3543/341
f 2108/3544/342 2109/3545/8 2110/3546/343
f 2111/3547/344 2109/3548/8 2112/3549/345
f 2113/3550/346 2109/3551/8 2114/3552/347
f 2115/3553/348 2116/3554/13 2117/3555/349
f 2118/3556/350 2116/3557/13 2119/3558/351
f 2120/3559/352 2116/3560/13 2121/3561/353
f 2122/3562/354 2123/3563/20 2124/3564/355
f 2125/3565/356 2123/3566/20 2126/3567/357
f 2127/3568/358 2123/3569/20 2128/3570/359
f 2129/3571/360 2130/3572/24 2131/3573/361
f 2132/3574/362 2130/3575/24 2133/3576/363
f 2134/3577/364 2130/3578/24 2135/3579/365
f 2136/3580/366 2137/3581/31 2138/3582/367
f 2139/3583/368 2137/3584/31 2140/3585/369
f 2141/3586/370 2137/3587/31 2142/3588/371
f 2143/3589/372 2144/3590/35 2145/3591/373
f 2146/3592/374 2144/3593/35 2147/3594/375
f 2148/3595/376 2144/3596/35 2149/3597/377
f 2150/3598/378 2151/3599/42 2152/3600/379
f 2153/3601/380 2151/3602/42 2154/3603/381
f 2155/3604/382 2151/3605/42 2156/3606/383
f 2101/3535/336 2119/3607/351 2115/3553/348
f 2103/3608/337 2118/3556/350 2119/3558/351
f 2108/3544/342 2107/3609/341 2104/3538/338
f 2110/3610/343 2106/3541/340 2107/3543/341
f 2122/3562/354 2114/3611/347 2111/3547/344
f 2124/3612/355 2113/3550/346 2114/3552/347
f 2120/3559/352 2128/3613/359 2125/3565/356
f 2121/3614/353 2127/3568/358 2128/3570/359
f 2115/3553/348 2147/3615/375 2143/3589/372
f 2117/3616/349 2146/3592/374 2147/3594/375
f 2150/3598/378 2126/3617/357 2122/3562/354
f 2152/3618/379 2125/3565/356 2126/3567/357
f 2148/3595/376 2156/3619/383 2153/3601/380
f 2149/3620/377 2155/3604/382 2156/3606/383
f 2143/3589/372 2133/3621/363 2129/3571/360
f 2145/3622/373 2132/3574/362 2133/3576/363
f 2136/3580/366 2154/3623/381 2150/3598/378
f 2138/3624/367 2153/3601/380 2154/3603/381
f 2134/3577/364 2142/3625/371 2139/3583/368
f 2135/3626/365 2141/3586/370 2142/3588/371
f 2129/3571/360 2105/3627/339 2101/3535/336
f 2131/3628/361 2104/3538/338 2105/3540/339
f 2111/3547/344 2140/3629/369 2136/3580/366
f 2112/3630/345 2139/3583/368 2140/3585/369
f 2143/3589/372 2101/3535/336 2115/3553/348
f 2113/3550/346 2118/3556/350 2106/3541/340
f 2139/3583/368 2104/3538/338 2134/3577/364
f 2122/3562/354 2136/3580/366 2150/3598/378
f 2125/3565/356 2146/3592/374 2120/3559/352
f 2153/3601/380 2132/3574/362 2148/3595/376
f 2157/3631/336 2158/3632/2 2159/3633/337
f 2160/3634/338 2158/3635/2 2161/3636/339
f 2162/3637/340 2158/3638/2 2163/3639/341
f 2164/3640/342 2165/3641/8 2166/3642/343
f 2167/3643/344 2165/3644/8 2168/3645/345
f 2169/3646/346 2165/3647/8 2170/3648/347
f 2171/3649/348 2172/3650/13 2173/3651/349
f 2174/3652/350 2172/3653/13 2175/3654/351
f 2176/3655/352 2172/3656/13 2177/3657/353
f 2178/3658/354 2179/3659/20 2180/3660/355
f 2181/3661/356 2179/3662/20 2182/3663/357
f 2183/3664/358 2179/3665/20 2184/3666/359
f 2185/3667/360 2186/3668/24 2187/3669/361
f 2188/3670/362 2186/3671/24 2189/3672/363
f 2190/3673/364 2186/3674/24 2191/3675/365
f 2192/3676/366 2193/3677/31 2194/3678/367
f 2195/3679/368 2193/3680/31 2196/3681/369
f 2197/3682/370 2193/3683/31 2198/3684/371
f 2199/3685/372 2200/3686/35 2201/3687/373
f 2202/3688/374 2200/3689/35 2203/3690/375
f 2204/3691/376 2200/3692/35 2205/3693/377
f 2206/3694/378 2207/3695/42 2208/3696/379
f 2209/3697/380 2207/3698/42 2210/3699/381
f 2211/3700/382 2207/3701/42 2212/3702/383
f 2157/3631/336 2175/3703/351 2171/3649/348
f 2159/3704/337 2174/3652/350 2175/3654/351
f 2164/3640/342 2163/3705/341 2160/3634/338
f 2166/3706/343 2162/3637/340 2163/3639/341
f 2178/3658/354 2170/3707/347 2167/3643/344
f 2180/3708/355 2169/3646/346 2170/3648/347
f 2176/3655/352 2184/3709/359 2181/3661/356
f 2177/3710/353 2183/3664/358 2184/3666/359
f 2171/3649/348 2203/3711/375 2199/3685/372
f 2173/3712/349 2202/3688/374 2203/3690/375
f 2206/3694/378 2182/3713/357 2178/3658/354
f 2208/3714/379 2181/3661/356 2182/3663/357
f 2204/3691/376 2212/3715/383 2209/3697/380
f 2205/3716/377 2211/3700/382 2212/3702/383
f 2199/3685/372 2189/3717/363 2185/3667/360
f 2201/3718/373 2188/3670/362 2189/3672/363
f 2192/3676/366 2210/3719/381 2206/3694/378
f 2194/3720/367 2209/3697/380 2210/3699/381
f 2190/3673/364 2198/3721/371 2195/3679/368
f 2191/3722/365 2197/3682/370 2198/3684/371
f 2185/3667/360 2161/3723/339 2157/3631/336
f 2187/3724/361 2160/3634/338 2161/3636/339
f 2167/3643/344 2196/3725/369 2192/3676/366
f 2168/3726/345 2195/3679/368 2196/3681/369
f 2199/3685/372 2157/3631/336 2171/3649/348
f 2169/3646/346 2174/3652/350 2162/3637/340
f 2195/3679/368 2160/3634/338 2190/3673/364
f 2178/3658/354 2192/3676/366 2206/3694/378
f 2181/3661/356 2202/3688/374 2176/3655/352
f 2209/3697/380 2188/3670/362 2204/3691/376
f 2213/3727/336 2214/3728/2 2215/3729/337
f 2216/3730/338 2214/3731/2 2217/3732/387
f 2218/3733/340 2214/3734/2 2219/3735/341
f 2220/3736/342 2221/3737/8 2222/3738/343
f 2223/3739/344 2221/3740/8 2224/3741/388
f 2225/3742/346 2221/3743/8 2226/3744/347
f 2227/3745/348 2228/3746/13 2229/3747/389
f 2230/3748/350 2228/3749/13 2231/3750/351
f 2232/3751/352 2228/3752/13 2233/3753/353
f 2234/3754/354 2235/3755/20 2236/3756/355
f 2237/3757/356 2235/3758/20 2238/3759/390
f 2239/3760/358 2235/3761/20 2240/3762/359
f 2241/3763/360 2242/3764/24 2243/3765/391
f 2244/3766/362 2242/3767/24 2245/3768/363
f 2246/3769/364 2242/3770/24 2247/3771/365
f 2248/3772/366 2249/3773/31 2250/3774/367
f 2251/3775/368 2249/3776/31 2252/3777/392
f 2253/3778/370 2249/3779/31 2254/3780/371
f 2255/3781/372 2256/3782/35 2257/3783/373
f 2258/3784/374 2256/3785/35 2259/3786/393
f 2260/3787/376 2256/3788/35 2261/3789/377
f 2262/3790/378 2263/3791/42 2264/3792/394
f 2265/3793/380 2263/3794/42 2266/3795/381
f 2267/3796/382 2263/3797/42 2268/3798/383
f 2213/3727/336 2231/3799/351 2227/3745/348
f 2215/3800/337 2230/3748/350 2231/3750/351
f 2220/3736/342 2219/3801/341 2216/3730/338
f 2222/3802/343 2218/3733/340 2219/3735/341
f 2234/3754/354 2226/3803/347 2223/3739/344
f 2236/3804/355 2225/3742/346 2226/3744/347
f 2232/3751/352 2240/3805/359 2237/3757/356
f 2233/3806/353 2239/3760/358 2240/3762/359
f 2255/3781/372 2229/3747/389 2259/3807/393
f 2229/3808/389 2258/3784/374 2259/3786/393
f 2262/3790/378 2238/3809/390 2234/3754/354
f 2238/3759/390 2267/3796/382 2237/3757/356
f 2260/3787/376 2268/3810/383 2265/3793/380
f 2261/3811/377 2267/3796/382 2268/3798/383
f 2255/3781/372 2245/3812/363 2241/3763/360
f 2257/3813/373 2244/3766/362 2245/3768/363
f 2248/3772/366 2266/3814/381 2262/3790/378
f 2250/3815/367 2265/3793/380 2266/3795/381
f 2246/3769/364 2254/3816/371 2251/3775/368
f 2247/3817/365 2253/3778/370 2254/3780/371
f 2241/3763/360 2217/3818/387 2213/3727/336
f 2217/3732/387 2246/3769/364 2216/3730/338
f 2248/3772/366 2224/3741/388 2252/3819/392
f 2224/3820/388 2251/3775/368 2252/3777/392
f 2255/3781/372 2213/3727/336 2227/3745/348
f 2225/3742/346 2230/3748/350 2218/3733/340
f 2251/3775/368 2216/3730/338 2246/3769/364
f 2234/3754/354 2248/3772/366 2262/3790/378
f 2237/3757/356 2258/3784/374 2232/3751/352
f 2265/3793/380 2244/3766/362 2260/3787/376
f 2269/3821/336 2270/3822/2 2271/3823/337
f 2272/3824/338 2270/3825/2 2273/3826/339
f 2274/3827/340 2270/3828/2 2275/3829/341
f 2276/3830/342 2277/3831/8 2278/3832/343
f 2279/3833/344 2277/3834/8 2280/3835/345
f 2281/3836/346 2277/3837/8 2282/3838/347
f 2283/3839/348 2284/3840/13 2285/3841/349
f 2286/3842/350 2284/3843/13 2287/3844/351
f 2288/3845/352 2284/3846/13 2289/3847/353
f 2290/3848/354 2291/3849/20 2292/3850/355
f 2293/3851/356 2291/3852/20 2294/3853/357
f 2295/3854/358 2291/3855/20 2296/3856/359
f 2297/3857/360 2298/3858/24 2299/3859/361
f 2300/3860/362 2298/3861/24 2301/3862/363
f 2302/3863/364 2298/3864/24 2303/3865/365
f 2304/3866/366 2305/3867/31 2306/3868/367
f 2307/3869/368 2305/3870/31 2308/3871/369
f 2309/3872/370 2305/3873/31 2310/3874/371
f 2311/3875/372 2312/3876/35 2313/3877/373
f 2314/3878/374 2312/3879/35 2315/3880/375
f 2316/3881/376 2312/3882/35 2317/3883/377
f 2318/3884/378 2319/3885/42 2320/3886/379
f 2321/3887/380 2319/3888/42 2322/3889/381
f 2323/3890/382 2319/3891/42 2324/3892/383
f 2269/3821/336 2287/3893/351 2283/3839/348
f 2271/3894/337 2286/3842/350 2287/3844/351
f 2276/3830/342 2275/3895/341 2272/3824/338
f 2278/3896/343 2274/3827/340 2275/3829/341
f 2290/3848/354 2282/3897/347 2279/3833/344
f 2292/3898/355 2281/3836/346 2282/3838/347
f 2288/3845/352 2296/3899/359 2293/3851/356
f 2289/3900/353 2295/3854/358 2296/3856/359
f 2283/3839/348 2315/3901/375 2311/3875/372
f 2285/3902/349 2314/3878/374 2315/3880/375
f 2318/3884/378 2294/3903/357 2290/3848/354
f 2320/3904/379 2293/3851/356 2294/3853/357
f 2316/3881/376 2324/3905/383 2321/3887/380
f 2317/3906/377 2323/3890/382 2324/3892/383
f 2311/3875/372 2301/3907/363 2297/3857/360
f 2313/3908/373 2300/3860/362 2301/3862/363
f 2304/3866/366 2322/3909/381 2318/3884/378
f 2306/3910/367 2321/3887/380 2322/3889/381
f 2302/3863/364 2310/3911/371 2307/3869/368
f 2303/3912/365 2309/3872/370 2310/3874/371
f 2297/3857/360 2273/3913/339 2269/3821/336
f 2299/3914/361 2272/3824/338 2273/3826/339
f 2279/3833/344 2308/3915/369 2304/3866/366
f 2280/3916/345 2307/3869/368 2308/3871/369
f 2311/3875/372 2269/3821/336 2283/3839/348
f 2281/3836/346 2286/3842/350 2274/3827/340
f 2307/3869/368 2272/3824/338 2302/3863/364
f 2290/3848/354 2304/3866/366 2318/3884/378
f 2293/3851/356 2314/3878/374 2288/3845/352
f 2321/3887/380 2300/3860/362 2316/3881/376
f 2325/3917/336 2326/3918/2 2327/3919/337
f 2328/3920/338 2326/3921/2 2329/3922/339
f 2330/3923/340 2326/3924/2 2331/3925/341
f 2332/3926/342 2333/3927/8 2334/3928/343
f 2335/3929/344 2333/3930/8 2336/3931/345
f 2337/3932/346 2333/3933/8 2338/3934/347
f 2339/3935/348 2340/3936/13 2341/3937/349
f 2342/3938/350 2340/3939/13 2343/3940/351
f 2344/3941/352 2340/3942/13 2345/3943/353
f 2346/3944/354 2347/3945/20 2348/3946/355
f 2349/3947/356 2347/3948/20 2350/3949/357
f 2351/3950/358 2347/3951/20 2352/3952/359
f 2353/3953/360 2354/3954/24 2355/3955/361
f 2356/3956/362 2354/3957/24 2357/3958/363
f 2358/3959/364 2354/3960/24 2359/3961/365
f 2360/3962/366 2361/3963/31 2362/3964/367
f 2363/3965/368 2361/3966/31 2364/3967/369
f 2365/3968/370 2361/3969/31 2366/3970/371
f 2367/3971/372 2368/3972/35 2369/3973/373
f 2370/3974/374 2368/3975/35 2371/3976/375
f 2372/3977/376 2368/3978/35 2373/3979/377
f 2374/3980/378 2375/3981/42 2376/3982/379
f 2377/3983/380 2375/3984/42 2378/3985/381
f 2379/3986/382 2375/3987/42 2380/3988/383
f 2325/3917/336 2343/3989/351 2339/3935/348
f 2327/3990/337 2342/3938/350 2343/3940/351
f 2332/3926/342 2331/3991/341 2328/3920/338
f 2334/3992/343 2330/3923/340 2331/3925/341
f 2346/3944/354 2338/3993/347 2335/3929/344
f 2348/3994/355 2337/3932/346 2338/3934/347
f 2344/3941/352 2352/3995/359 2349/3947/356
f 2345/3996/353 2351/3950/358 2352/3952/359
f 2339/3935/348 2371/3997/375 2367/3971/372
f 2341/3998/349 2370/3974/374 2371/3976/375
f 2374/3980/378 2350/3999/357 2346/3944/354
f 2376/4000/379 2349/3947/356 2350/3949/357
f 2372/3977/376 2380/4001/383 2377/3983/380
f 2373/4002/377 2379/3986/382 2380/3988/383
f 2367/3971/372 2357/4003/363 2353/3953/360
f 2369/4004/373 2356/3956/362 2357/3958/363
f 2360/3962/366 2378/4005/381 2374/3980/378
f 2362/4006/367 2377/3983/380 2378/3985/381
f 2358/3959/364 2366/4007/371 2363/3965/368
f 2359/4008/365 2365/3968/370 2366/3970/371
f 2353/3953/360 2329/4009/339 2325/3917/336
f 2355/4010/361 2328/3920/338 2329/3922/339
f 2335/3929/344 2364/4011/369 2360/3962/366
f 2336/4012/345 2363/3965/368 2364/3967/369
f 2367/3971/372 2325/3917/336 2339/3935/348
f 2337/3932/346 2342/3938/350 2330/3923/340
f 2363/3965/368 2328/3920/338 2358/3959/364
f 2346/3944/354 2360/3962/366 2374/3980/378
f 2349/3947/356 2370/3974/374 2344/3941/352
f 2377/3983/380 2356/3956/362 2372/3977/376
f 2381/4013/336 2382/4014/2 2383/4015/337
f 2384/4016/338 2382/4017/2 2385/4018/339
f 2386/4019/340 2382/4020/2 2387/4021/341
f 2388/4022/342 2389/4023/8 2390/4024/343
f 2391/4025/344 2389/4026/8 2392/4027/345
f 2393/4028/346 2389/4029/8 2394/4030/347
f 2395/4031/348 2396/4032/13 2397/4033/349
f 2398/4034/350 2396/4035/13 2399/4036/351
f 2400/4037/352 2396/4038/13 2401/4039/353
f 2402/4040/354 2403/4041/20 2404/4042/355
f 2405/4043/356 2403/4044/20 2406/4045/357
f 2407/4046/358 2403/4047/20 2408/4048/359
f 2409/4049/360 2410/4050/24 2411/4051/361
f 2412/4052/362 2410/4053/24 2413/4054/363
f 2414/4055/364 2410/4056/24 2415/4057/365
f 2416/4058/366 2417/4059/31 2418/4060/367
f 2419/4061/368 2417/4062/31 2420/4063/369
f 2421/4064/370 2417/4065/31 2422/4066/371
f 2423/4067/372 2424/4068/35 2425/4069/373
f 2426/4070/374 2424/4071/35 2427/4072/375
f 2428/4073/376 2424/4074/35 2429/4075/377
f 2430/4076/378 2431/4077/42 2432/4078/379
f 2433/4079/380 2431/4080/42 2434/4081/381
f 2435/4082/382 2431/4083/42 2436/4084/383
f 2381/4013/336 2399/4085/351 2395/4031/348
f 2383/4086/337 2398/4034/350 2399/4036/351
f 2388/4022/342 2387/4087/341 2384/4016/338
f 2390/4088/343 2386/4019/340 2387/4021/341
f 2402/4040/354 2394/4089/347 2391/4025/344
f 2404/4090/355 2393/4028/346 2394/4030/347
f 2400/4037/352 2408/4091/359 2405/4043/356
f 2401/4092/353 2407/4046/358 2408/4048/359
f 2395/4031/348 2427/4093/375 2423/4067/372
f 2397/4094/349 2426/4070/374 2427/4072/375
f 2430/4076/378 2406/4095/357 2402/4040/354
f 2432/4096/379 2405/4043/356 2406/4045/357
f 2428/4073/376 2436/4097/383 2433/4079/380
f 2429/4098/377 2435/4082/382 2436/4084/383
f 2423/4067/372 2413/4099/363 2409/4049/360
f 2425/4100/373 2412/4052/362 2413/4054/363
f 2416/4058/366 2434/4101/381 2430/4076/378
f 2418/4102/367 2433/4079/380 2434/4081/381
f 2414/4055/364 2422/4103/371 2419/4061/368
f 2415/4104/365 2421/4064/370 2422/4066/371
f 2409/4049/360 2385/4105/339 2381/4013/336
f 2411/4106/361 2384/4016/338 2385/4018/339
f 2391/4025/344 2420/4107/369 2416/4058/366
f 2392/4108/345 2419/4061/368 2420/4063/369
f 2423/4067/372 2381/4013/336 2395/4031/348
f 2393/4028/346 2398/4034/350 2386/4019/340
f 2419/4061/368 2384/4016/338 2414/4055/364
f 2402/4040/354 2416/4058/366 2430/4076/378
f 2405/4043/356 2426/4070/374 2400/4037/352
f 2433/4079/380 2412/4052/362 2428/4073/376
f 2437/4109/336 2438/4110/2 2439/4111/337
f 2440/4112/338 2438/4113/2 2441/4114/339
f 2442/4115/340 2438/4116/2 2443/4117/341
f 2444/4118/342 2445/4119/8 2446/4120/343
f 2447/4121/344 2445/4122/8 2448/4123/345
f 2449/4124/346 2445/4125/8 2450/4126/347
f 2451/4127/348 2452/4128/13 2453/4129/349
f 2454/4130/350 2452/4131/13 2455/4132/351
f 2456/4133/352 2452/4134/13 2457/4135/353
f 2458/4136/354 2459/4137/20 2460/4138/355
f 2461/4139/356 2459/4140/20 2462/4141/357
f 2463/4142/358 2459/4143/20 2464/4144/359
f 2465/4145/360 2466/4146/24 2467/4147/361
f 2468/4148/362 2466/4149/24 2469/4150/363
f 2470/4151/364 2466/4152/24 2471/4153/365
f 2472/4154/366 2473/4155/31 2474/4156/367
f 2475/4157/368 2473/4158/31 2476/4159/369
f 2477/4160/370 2473/4161/31 2478/4162/371
f 2479/4163/372 2480/4164/35 2481/4165/373
f 2482/4166/374 2480/4167/35 2483/4168/375
f 2484/4169/376 2480/4170/35 2485/4171/377
f 2486/4172/378 2487/4173/42 2488/4174/379
f 2489/4175/380 2487/4176/42 2490/4177/381
f 2491/4178/382 2487/4179/42 2492/4180/383
f 2437/4109/336 2455/4181/351 2451/4127/348
f 2439/4182/337 2454/4130/350 2455/4132/351
f 2444/4118/342 2443/4183/341 2440/4112/338
f 2446/4184/343 2442/4115/340 2443/4117/341
f 2458/4136/354 2450/4185/347 2447/4121/344
f 2460/4186/355 2449/4124/346 2450/4126/347
f 2456/4133/352 2464/4187/359 2461/4139/356
f 2457/4188/353 2463/4142/358 2464/4144/359
f 2451/4127/348 2483/4189/375 2479/4163/372
f 2453/4190/349 2482/4166/374 2483/4168/375
f 2486/4172/378 2462/4191/357 2458/4136/354
f 2488/4192/379 2461/4139/356 2462/4141/357
f 2484/4169/376 2492/4193/383 2489/4175/380
f 2485/4194/377 2491/4178/382 2492/4180/383
f 2479/4163/372 2469/4195/363 2465/4145/360
f 2481/4196/373 2468/4148/362 2469/4150/363
f 2472/4154/366 2490/4197/381 2486/4172/378
f 2474/4198/367 2489/4175/380 2490/4177/381
f 2470/4151/364 2478/4199/371 2475/4157/368
f 2471/4200/365 2477/4160/370 2478/4162/371
f 2465/4145/360 2441/4201/339 2437/4109/336
f 2467/4202/361 2440/4112/338 2441/4114/339
f 2447/4121/344 2476/4203/369 2472/4154/366
f 2448/4204/345 2475/4157/368 2476/4159/369
f 2479/4163/372 2437/4109/336 2451/4127/348
f 2449/4124/346 2454/4130/350 2442/4115/340
f 2475/4157/368 2440/4112/338 2470/4151/364
f 2458/4136/354 2472/4154/366 2486/4172/378
f 2461/4139/356 2482/4166/374 2456/4133/352
f 2489/4175/380 2468/4148/362 2484/4169/376
f 2493/4205/336 2494/4206/2 2495/4207/337
f 2496/4208/338 2494/4209/2 2497/4210/339
f 2498/4211/340 2494/4212/2 2499/4213/341
f 2500/4214/342 2501/4215/8 2502/4216/343
f 2503/4217/344 2501/4218/8 2504/4219/345
f 2505/4220/346 2501/4221/8 2506/4222/347
f 2507/4223/348 2508/4224/13 2509/4225/349
f 2510/4226/350 2508/4227/13 2511/4228/351
f 2512/4229/352 2508/4230/13 2513/4231/353
f 2514/4232/354 2515/4233/20 2516/4234/355
f 2517/4235/356 2515/4236/20 2518/4237/357
f 2519/4238/358 2515/4239/20 2520/4240/359
f 2521/4241/360 2522/4242/24 2523/4243/361
f 2524/4244/362 2522/4245/24 2525/4246/363
f 2526/4247/364 2522/4248/24 2527/4249/365
f 2528/4250/366 2529/4251/31 2530/4252/367
f 2531/4253/368 2529/4254/31 2532/4255/369
f 2533/4256/370 2529/4257/31 2534/4258/371
f 2535/4259/372 2536/4260/35 2537/4261/373
f 2538/4262/374 2536/4263/35 2539/4264/375
f 2540/4265/376 2536/4266/35 2541/4267/377
f 2542/4268/378 2543/4269/42 2544/4270/379
f 2545/4271/380 2543/4272/42 2546/4273/381
f 2547/4274/382 2543/4275/42 2548/4276/383
f 2493/4205/336 2511/4277/351 2507/4223/348
f 2495/4278/337 2510/4226/350 2511/4228/351
f 2500/4214/342 2499/4279/341 2496/4208/338
f 2502/4280/343 2498/4211/340 2499/4213/341
f 2514/4232/354 2506/4281/347 2503/4217/344
f 2516/4282/355 2505/4220/346 2506/4222/347
f 2512/4229/352 2520/4283/359 2517/4235/356
f 2513/4284/353 2519/4238/358 2520/4240/359
f 2507/4223/348 2539/4285/375 2535/4259/372
f 2509/4286/349 2538/4262/374 2539/4264/375
f 2542/4268/378 2518/4287/357 2514/4232/354
f 2544/4288/379 2517/4235/356 2518/4237/357
f 2540/4265/376 2548/4289/383 2545/4271/380
f 2541/4290/377 2547/4274/382 2548/4276/383
f 2535/4259/372 2525/4291/363 2521/4241/360
f 2537/4292/373 2524/4244/362 2525/4246/363
f 2528/4250/366 2546/4293/381 2542/4268/378
f 2530/4294/367 2545/4271/380 2546/4273/381
f 2526/4247/364 2534/4295/371 2531/4253/368
f 2527/4296/365 2533/4256/370 2534/4258/371
f 2521/4241/360 2497/4297/339 2493/4205/336
f 2523/4298/361 2496/4208/338 2497/4210/339
f 2503/4217/344 2532/4299/369 2528/4250/366
f 2504/4300/345 2531/4253/368 2532/4255/369
f 2535/4259/372 2493/4205/336 2507/4223/348
f 2505/4220/346 2510/4226/350 2498/4211/340
f 2531/4253/368 2496/4208/338 2526/4247/364
f 2514/4232/354 2528/4250/366 2542/4268/378
f 2517/4235/356 2538/4262/374 2512/4229/352
f 2545/4271/380 2524/4244/362 2540/4265/376
f 2549/4301/336 2550/4302/2 2551/4303/337
f 2552/4304/338 2550/4305/2 2553/4306/339
f 2554/4307/340 2550/4308/2 2555/4309/341
f 2556/4310/342 2557/4311/8 2558/4312/343
f 2559/4313/344 2557/4314/8 2560/4315/345
f 2561/4316/346 2557/4317/8 2562/4318/347
f 2563/4319/348 2564/4320/13 2565/4321/349
f 2566/4322/350 2564/4323/13 2567/4324/351
f 2568/4325/352 2564/4326/13 2569/4327/353
f 2570/4328/354 2571/4329/20 2572/4330/355
f 2573/4331/356 2571/4332/20 2574/4333/357
f 2575/4334/358 2571/4335/20 2576/4336/359
f 2577/4337/360 2578/4338/24 2579/4339/361
f 2580/4340/362 2578/4341/24 2581/4342/363
f 2582/4343/364 2578/4344/24 2583/4345/365
f 2584/4346/366 2585/4347/31 2586/4348/367
f 2587/4349/368 2585/4350/31 2588/4351/369
f 2589/4352/370 2585/4353/31 2590/4354/371
f 2591/4355/372 2592/4356/35 2593/4357/373
f 2594/4358/374 2592/4359/35 2595/4360/375
f 2596/4361/376 2592/4362/35 2597/4363/377
f 2598/4364/378 2599/4365/42 2600/4366/379
f 2601/4367/380 2599/4368/42 2602/4369/381
f 2603/4370/382 2599/4371/42 2604/4372/383
f 2549/4301/336 2567/4373/351 2563/4319/348
f 2551/4374/337 2566/4322/350 2567/4324/351
f 2556/4310/342 2555/4375/341 2552/4304/338
f 2558/4376/343 2554/4307/340 2555/4309/341
f 2570/4328/354 2562/4377/347 2559/4313/344
f 2572/4378/355 2561/4316/346 2562/4318/347
f 2568/4325/352 2576/4379/359 2573/4331/356
f 2569/4380/353 2575/4334/358 2576/4336/359
f 2563/4319/348 2595/4381/375 2591/4355/372
f 2565/4382/349 2594/4358/374 2595/4360/375
f 2598/4364/378 2574/4383/357 2570/4328/354
f 2600/4384/379 2573/4331/356 2574/4333/357
f 2596/4361/376 2604/4385/383 2601/4367/380
f 2597/4386/377 2603/4370/382 2604/4372/383
f 2591/4355/372 2581/4387/363 2577/4337/360
f 2593/4388/373 2580/4340/362 2581/4342/363
f 2584/4346/366 2602/4389/381 2598/4364/378
f 2586/4390/367 2601/4367/380 2602/4369/381
f 2582/4343/364 2590/4391/371 2587/4349/368
f 2583/4392/365 2589/4352/370 2590/4354/371
f 2577/4337/360 2553/4393/339 2549/4301/336
f 2579/4394/361 2552/4304/338 2553/4306/339
f 2559/4313/344 2588/4395/369 2584/4346/366
f 2560/4396/345 2587/4349/368 2588/4351/369
f 2591/4355/372 2549/4301/336 2563/4319/348
f 2561/4316/346 2566/4322/350 2554/4307/340
f 2587/4349/368 2552/4304/338 2582/4343/364
f 2570/4328/354 2584/4346/366 2598/4364/378
f 2573/4331/356 2594/4358/374 2568/4325/352
f 2601/4367/380 2580/4340/362 2596/4361/376
f 2605/4397/336 2606/4398/2 2607/4399/337
f 2608/4400/338 2606/4401/2 2609/4402/395
f 2610/4403/340 2606/4404/2 2611/4405/341
f 2612/4406/342 2613/4407/8 2614/4408/343
f 2615/4409/344 2613/4410/8 2616/4411/396
f 2617/4412/346 2613/4413/8 2618/4414/347
f 2619/4415/348 2620/4416/13 2621/4417/397
f 2622/4418/350 2620/4419/13 2623/4420/351
f 2624/4421/352 2620/4422/13 2625/4423/353
f 2626/4424/354 2627/4425/20 2628/4426/355
f 2629/4427/356 2627/4428/20 2630/4429/398
f 2631/4430/358 2627/4431/20 2632/4432/359
f 2633/4433/360 2634/4434/24 2635/4435/399
f 2636/4436/362 2634/4437/24 2637/4438/363
f 2638/4439/364 2634/4440/24 2639/4441/365
f 2640/4442/366 2641/4443/31 2642/4444/367
f 2643/4445/368 2641/4446/31 2644/4447/400
f 2645/4448/370 2641/4449/31 2646/4450/371
f 2647/4451/372 2648/4452/35 2649/4453/373
f 2650/4454/374 2648/4455/35 2651/4456/401
f 2652/4457/376 2648/4458/35 2653/4459/377
f 2654/4460/378 2655/4461/42 2656/4462/402
f 2657/4463/380 2655/4464/42 2658/4465/381
f 2659/4466/382 2655/4467/42 2660/4468/383
f 2605/4397/336 2623/4469/351 2619/4415/348
f 2607/4470/337 2622/4418/350 2623/4420/351
f 2612/4406/342 2611/4471/341 2608/4400/338
f 2614/4472/343 2610/4403/340 2611/4405/341
f 2626/4424/354 2618/4473/347 2615/4409/344
f 2628/4474/355 2617/4412/346 2618/4414/347
f 2624/4421/352 2632/4475/359 2629/4427/356
f 2625/4476/353 2631/4430/358 2632/4432/359
f 2619/4415/348 2651/4477/401 2647/4451/372
f 2651/4456/401 2624/4421/352 2650/4454/374
f 2626/4424/354 2656/4462/402 2630/4478/398
f 2656/4479/402 2629/4427/356 2630/4429/398
f 2652/4457/376 2660/4480/383 2657/4463/380
f 2653/4481/377 2659/4466/382 2660/4468/383
f 2647/4451/372 2637/4482/363 2633/4433/360
f 2649/4483/373 2636/4436/362 2637/4438/363
f 2640/4442/366 2658/4484/381 2654/4460/378
f 2642/4485/367 2657/4463/380 2658/4465/381
f 2638/4439/364 2646/4486/371 2643/4445/368
f 2639/4487/365 2645/4448/370 2646/4450/371
f 2605/4397/336 2635/4435/399 2609/4488/395
f 2635/4489/399 2608/4400/338 2609/4402/395
f 2615/4409/344 2644/4490/400 2640/4442/366
f 2644/4447/400 2612/4406/342 2643/4445/368
f 2647/4451/372 2605/4397/336 2619/4415/348
f 2617/4412/346 2622/4418/350 2610/4403/340
f 2643/4445/368 2608/4400/338 2638/4439/364
f 2626/4424/354 2640/4442/366 2654/4460/378
f 2629/4427/356 2650/4454/374 2624/4421/352
f 2657/4463/380 2636/4436/362 2652/4457/376
f 2661/4491/336 2662/4492/2 2663/4493/337
f 2664/4494/338 2662/4495/2 2665/4496/339
f 2666/4497/340 2662/4498/2 2667/4499/341
f 2668/4500/342 2669/4501/8 2670/4502/343
f 2671/4503/344 2669/4504/8 2672/4505/345
f 2673/4506/346 2669/4507/8 2674/4508/347
f 2675/4509/348 2676/4510/13 2677/4511/349
f 2678/4512/350 2676/4513/13 2679/4514/351
f 2680/4515/352 2676/4516/13 2681/4517/353
f 2682/4518/354 2683/4519/20 2684/4520/355
f 2685/4521/356 2683/4522/20 2686/4523/357
f 2687/4524/358 2683/4525/20 2688/4526/359
f 2689/4527/360 2690/4528/24 2691/4529/361
f 2692/4530/362 2690/4531/24 2693/4532/363
f 2694/4533/364 2690/4534/24 2695/4535/365
f 2696/4536/366 2697/4537/31 2698/4538/367
f 2699/4539/368 2697/4540/31 2700/4541/369
f 2701/4542/386 2697/4543/31 2702/4544/371
f 2703/4545/372 2704/4546/35 2705/4547/373
f 2706/4548/374 2704/4549/35 2707/4550/375
f 2708/4551/376 2704/4552/35 2709/4553/377
f 2710/4554/378 2711/4555/42 2712/4556/379
f 2713/4557/380 2711/4558/42 2714/4559/381
f 2715/4560/382 2711/4561/42 2716/4562/383
f 2661/4491/336 2679/4563/351 2675/4509/348
f 2663/4564/337 2678/4512/350 2679/4514/351
f 2668/4500/342 2667/4565/341 2664/4494/338
f 2670/4566/343 2666/4497/340 2667/4499/341
f 2682/4518/354 2674/4567/347 2671/4503/344
f 2684/4568/355 2673/4506/346 2674/4508/347
f 2680/4515/352 2688/4569/359 2685/4521/356
f 2681/4570/353 2687/4524/358 2688/4526/359
f 2675/4509/348 2707/4571/375 2703/4545/372
f 2677/4572/349 2706/4548/374 2707/4550/375
f 2710/4554/378 2686/4573/357 2682/4518/354
f 2712/4574/379 2685/4521/356 2686/4523/357
f 2708/4551/376 2716/4575/383 2713/4557/380
f 2709/4576/377 2715/4560/382 2716/4562/383
f 2703/4545/372 2693/4577/363 2689/4527/360
f 2705/4578/373 2692/4530/362 2693/4532/363
f 2696/4536/366 2714/4579/381 2710/4554/378
f 2698/4580/367 2713/4557/380 2714/4559/381
f 2694/4533/364 2702/4581/371 2699/4539/368
f 2695/4582/365 2701/4542/386 2702/4544/371
f 2689/4527/360 2665/4583/339 2661/4491/336
f 2691/4584/361 2664/4494/338 2665/4496/339
f 2671/4503/344 2700/4585/369 2696/4536/366
f 2672/4586/345 2699/4539/368 2700/4541/369
f 2703/4545/372 2661/4491/336 2675/4509/348
f 2673/4506/346 2678/4512/350 2666/4497/340
f 2699/4539/368 2664/4494/338 2694/4533/364
f 2682/4518/354 2696/4536/366 2710/4554/378
f 2685/4521/356 2706/4548/374 2680/4515/352
f 2713/4557/380 2692/4530/362 2708/4551/376
f 2717/4587/336 2718/4588/2 2719/4589/337
f 2720/4590/338 2718/4591/2 2721/4592/387
f 2722/4593/340 2718/4594/2 2723/4595/341
f 2724/4596/342 2725/4597/8 2726/4598/343
f 2727/4599/344 2725/4600/8 2728/4601/388
f 2729/4602/346 2725/4603/8 2730/4604/347
f 2731/4605/348 2732/4606/13 2733/4607/389
f 2734/4608/350 2732/4609/13 2735/4610/351
f 2736/4611/352 2732/4612/13 2737/4613/353
f 2738/4614/354 2739/4615/20 2740/4616/355
f 2741/4617/356 2739/4618/20 2742/4619/390
f 2743/4620/358 2739/4621/20 2744/4622/359
f 2745/4623/360 2746/4624/24 2747/4625/391
f 2748/4626/362 2746/4627/24 2749/4628/363
f 2750/4629/364 2746/4630/24 2751/4631/365
f 2752/4632/366 2753/4633/31 2754/4634/367
f 2755/4635/368 2753/4636/31 2756/4637/392
f 2757/4638/370 2753/4639/31 2758/4640/371
f 2759/4641/372 2760/4642/35 2761/4643/373
f 2762/4644/374 2760/4645/35 2763/4646/393
f 2764/4647/376 2760/4648/35 2765/4649/377
f 2766/4650/378 2767/4651/42 2768/4652/394
f 2769/4653/380 2767/4654/42 2770/4655/381
f 2771/4656/382 2767/4657/42 2772/4658/383
f 2717/4587/336 2735/4659/351 2731/4605/348
f 2719/4660/337 2734/4608/350 2735/4610/351
f 2724/4596/342 2723/4661/341 2720/4590/338
f 2726/4662/343 2722/4593/340 2723/4595/341
f 2738/4614/354 2730/4663/347 2727/4599/344
f 2740/4664/355 2729/4602/346 2730/4604/347
f 2736/4611/352 2744/4665/359 2741/4617/356
f 2737/4666/353 2743/4620/358 2744/4622/359
f 2759/4641/372 2733/4607/389 2763/4667/393
f 2733/4668/389 2762/4644/374 2763/4646/393
f 2766/4650/378 2742/4669/390 2738/4614/354
f 2742/4619/390 2771/4656/382 2741/4617/356
f 2764/4647/376 2772/4670/383 2769/4653/380
f 2765/4671/377 2771/4656/382 2772/4658/383
f 2759/4641/372 2749/4672/363 2745/4623/360
f 2761/4673/373 2748/4626/362 2749/4628/363
f 2752/4632/366 2770/4674/381 2766/4650/378
f 2754/4675/367 2769/4653/380 2770/4655/381
f 2750/4629/364 2758/4676/371 2755/4635/368
f 2751/4677/365 2757/4638/370 2758/4640/371
f 2745/4623/360 2721/4678/387 2717/4587/336
f 2721/4592/387 2750/4629/364 2720/4590/338
f 2752/4632/366 2728/4601/388 2756/4679/392
f 2728/4680/388 2755/4635/368 2756/4637/392
f 2759/4641/372 2717/4587/336 2731/4605/348
f 2729/4602/346 2734/4608/350 2722/4593/340
f 2755/4635/368 2720/4590/338 2750/4629/364
f 2738/4614/354 2752/4632/366 2766/4650/378
f 2741/4617/356 2762/4644/374 2736/4611/352
f 2769/4653/380 2748/4626/362 2764/4647/376
f 2773/4681/336 2774/4682/2 2775/4683/337
f 2776/4684/338 2774/4685/2 2777/4686/387
f 2778/4687/340 2774/4688/2 2779/4689/341
f 2780/4690/342 2781/4691/8 2782/4692/343
f 2783/4693/344 2781/4694/8 2784/4695/388
f 2785/4696/346 2781/4697/8 2786/4698/347
f 2787/4699/348 2788/4700/13 2789/4701/389
f 2790/4702/350 2788/4703/13 2791/4704/351
f 2792/4705/352 2788/4706/13 2793/4707/353
f 2794/4708/354 2795/4709/20 2796/4710/355
f 2797/4711/356 2795/4712/20 2798/4713/390
f 2799/4714/358 2795/4715/20 2800/4716/359
f 2801/4717/360 2802/4718/24 2803/4719/391
f 2804/4720/362 2802/4721/24 2805/4722/363
f 2806/4723/364 2802/4724/24 2807/4725/365
f 2808/4726/366 2809/4727/31 2810/4728/367
f 2811/4729/368 2809/4730/31 2812/4731/392
f 2813/4732/370 2809/4733/31 2814/4734/371
f 2815/4735/372 2816/4736/35 2817/4737/373
f 2818/4738/374 2816/4739/35 2819/4740/393
f 2820/4741/376 2816/4742/35 2821/4743/377
f 2822/4744/378 2823/4745/42 2824/4746/394
f 2825/4747/380 2823/4748/42 2826/4749/381
f 2827/4750/382 2823/4751/42 2828/4752/383
f 2773/4681/336 2791/4753/351 2787/4699/348
f 2775/4754/337 2790/4702/350 2791/4704/351
f 2780/4690/342 2779/4755/341 2776/4684/338
f 2782/4756/343 2778/4687/340 2779/4689/341
f 2794/4708/354 2786/4757/347 2783/4693/344
f 2796/4758/355 2785/4696/346 2786/4698/347
f 2792/4705/352 2800/4759/359 2797/4711/356
f 2793/4760/353 2799/4714/358 2800/4716/359
f 2815/4735/372 2789/4701/389 2819/4761/393
f 2789/4762/389 2818/4738/374 2819/4740/393
f 2822/4744/378 2798/4763/390 2794/4708/354
f 2798/4713/390 2827/4750/382 2797/4711/356
f 2820/4741/376 2828/4764/383 2825/4747/380
f 2821/4765/377 2827/4750/382 2828/4752/383
f 2815/4735/372 2805/4766/363 2801/4717/360
f 2817/4767/373 2804/4720/362 2805/4722/363
f 2808/4726/366 2826/4768/381 2822/4744/378
f 2810/4769/367 2825/4747/380 2826/4749/381
f 2806/4723/364 2814/4770/371 2811/4729/368
f 2807/4771/365 2813/4732/370 2814/4734/371
f 2801/4717/360 2777/4772/387 2773/4681/336
f 2777/4686/387 2806/4723/364 2776/4684/338
f 2808/4726/366 2784/4695/388 2812/4773/392
f 2784/4774/388 2811/4729/368 2812/4731/392
f 2815/4735/372 2773/4681/336 2787/4699/348
f 2785/4696/346 2790/4702/350 2778/4687/340
f 2811/4729/368 2776/4684/338 2806/4723/364
f 2794/4708/354 2808/4726/366 2822/4744/378
f 2797/4711/356 2818/4738/374 2792/4705/352
f 2825/4747/380 2804/4720/362 2820/4741/376
f 2829/4775/336 2830/4776/2 2831/4777/337
f 2832/4778/338 2830/4779/2 2833/4780/339
f 2834/4781/340 2830/4782/2 2835/4783/341
f 2836/4784/342 2837/4785/8 2838/4786/343
f 2839/4787/344 2837/4788/8 2840/4789/345
f 2841/4790/346 2837/4791/8 2842/4792/347
f 2843/4793/348 2844/4794/13 2845/4795/349
f 2846/4796/350 2844/4797/13 2847/4798/351
f 2848/4799/352 2844/4800/13 2849/4801/353
f 2850/4802/354 2851/4803/20 2852/4804/355
f 2853/4805/356 2851/4806/20 2854/4807/357
f 2855/4808/358 2851/4809/20 2856/4810/359
f 2857/4811/360 2858/4812/24 2859/4813/361
f 2860/4814/362 2858/4815/24 2861/4816/363
f 2862/4817/364 2858/4818/24 2863/4819/365
f 2864/4820/366 2865/4821/31 2866/4822/367
f 2867/4823/368 2865/4824/31 2868/4825/369
f 2869/4826/370 2865/4827/31 2870/4828/371
f 2871/4829/372 2872/4830/35 2873/4831/373
f 2874/4832/374 2872/4833/35 2875/4834/375
f 2876/4835/376 2872/4836/35 2877/4837/377
f 2878/4838/378 2879/4839/42 2880/4840/379
f 2881/4841/380 2879/4842/42 2882/4843/381
f 2883/4844/382 2879/4845/42 2884/4846/383
f 2829/4775/336 2847/4847/351 2843/4793/348
f 2831/4848/337 2846/4796/350 2847/4798/351
f 2836/4784/342 2835/4849/341 2832/4778/338
f 2838/4850/343 2834/4781/340 2835/4783/341
f 2850/4802/354 2842/4851/347 2839/4787/344
f 2852/4852/355 2841/4790/346 2842/4792/347
f 2848/4799/352 2856/4853/359 2853/4805/356
f 2849/4854/353 2855/4808/358 2856/4810/359
f 2843/4793/348 2875/4855/375 2871/4829/372
f 2845/4856/349 2874/4832/374 2875/4834/375
f 2878/4838/378 2854/4857/357 2850/4802/354
f 2880/4858/379 2853/4805/356 2854/4807/357
f 2876/4835/376 2884/4859/383 2881/4841/380
f 2877/4860/377 2883/4844/382 2884/4846/383
f 2871/4829/372 2861/4861/363 2857/4811/360
f 2873/4862/373 2860/4814/362 2861/4816/363
f 2864/4820/366 2882/4863/381 2878/4838/378
f 2866/4864/367 2881/4841/380 2882/4843/381
f 2862/4817/364 2870/4865/371 2867/4823/368
f 2863/4866/365 2869/4826/370 2870/4828/371
f 2857/4811/360 2833/4867/339 2829/4775/336
f 2859/4868/361 2832/4778/338 2833/4780/339
f 2839/4787/344 2868/4869/369 2864/4820/366
f 2840/4870/345 2867/4823/368 2868/4825/369
f 2871/4829/372 2829/4775/336 2843/4793/348
f 2841/4790/346 2846/4796/350 2834/4781/340
f 2867/4823/368 2832/4778/338 2862/4817/364
f 2850/4802/354 2864/4820/366 2878/4838/378
f 2853/4805/356 2874/4832/374 2848/4799/352
f 2881/4841/380 2860/4814/362 2876/4835/376
f 2885/4871/336 2886/4872/2 2887/4873/337
f 2888/4874/338 2886/4875/2 2889/4876/339
f 2890/4877/340 2886/4878/2 2891/4879/341
f 2892/4880/342 2893/4881/8 2894/4882/343
f 2895/4883/344 2893/4884/8 2896/4885/345
f 2897/4886/346 2893/4887/8 2898/4888/347
f 2899/4889/348 2900/4890/13 2901/4891/349
f 2902/4892/350 2900/4893/13 2903/4894/351
f 2904/4895/352 2900/4896/13 2905/4897/353
f 2906/4898/354 2907/4899/20 2908/4900/355
f 2909/4901/356 2907/4902/20 2910/4903/357
f 2911/4904/358 2907/4905/20 2912/4906/359
f 2913/4907/360 2914/4908/24 2915/4909/361
f 2916/4910/362 2914/4911/24 2917/4912/363
f 2918/4913/364 2914/4914/24 2919/4915/365
f 2920/4916/366 2921/4917/31 2922/4918/367
f 2923/4919/368 2921/4920/31 2924/4921/369
f 2925/4922/370 2921/4923/31 2926/4924/371
f 2927/4925/372 2928/4926/35 2929/4927/373
f 2930/4928/374 2928/4929/35 2931/4930/375
f 2932/4931/376 2928/4932/35 2933/4933/377
f 2934/4934/378 2935/4935/42 2936/4936/379
f 2937/4937/380 2935/4938/42 2938/4939/381
f 2939/4940/382 2935/4941/42 2940/4942/383
f 2885/4871/336 2903/4943/351 2899/4889/348
f 2887/4944/337 2902/4892/350 2903/4894/351
f 2892/4880/342 2891/4945/341 2888/4874/338
f 2894/4946/343 2890/4877/340 2891/4879/341
f 2906/4898/354 2898/4947/347 2895/4883/344
f 2908/4948/355 2897/4886/346 2898/4888/347
f 2904/4895/352 2912/4949/359 2909/4901/356
f 2905/4950/353 2911/4904/358 2912/4906/359
f 2899/4889/348 2931/4951/375 2927/4925/372
f 2901/4952/349 2930/4928/374 2931/4930/375
f 2934/4934/378 2910/4953/357 2906/4898/354
f 2936/4954/379 2909/4901/356 2910/4903/357
f 2932/4931/376 2940/4955/383 2937/4937/380
f 2933/4956/377 2939/4940/382 2940/4942/383
f 2927/4925/372 2917/4957/363 2913/4907/360
f 2929/4958/373 2916/4910/362 2917/4912/363
f 2920/4916/366 2938/4959/381 2934/4934/378
f 2922/4960/367 2937/4937/380 2938/4939/381
f 2918/4913/364 2926/4961/371 2923/4919/368
f 2919/4962/365 2925/4922/370 2926/4924/371
f 2913/4907/360 2889/4963/339 2885/4871/336
f 2915/4964/361 2888/4874/338 2889/4876/339
f 2895/4883/344 2924/4965/369 2920/4916/366
f 2896/4966/345 2923/4919/368 2924/4921/369
f 2927/4925/372 2885/4871/336 2899/4889/348
f 2897/4886/346 2902/4892/350 2890/4877/340
f 2923/4919/368 2888/4874/338 2918/4913/364
f 2906/4898/354 2920/4916/366 2934/4934/378
f 2909/4901/356 2930/4928/374 2904/4895/352
f 2937/4937/380 2916/4910/362 2932/4931/376
f 2941/4967/336 2942/4968/2 2943/4969/337
f 2944/4970/338 2942/4971/2 2945/4972/339
f 2946/4973/340 2942/4974/2 2947/4975/341
f 2948/4976/342 2949/4977/8 2950/4978/343
f 2951/4979/344 2949/4980/8 2952/4981/345
f 2953/4982/346 2949/4983/8 2954/4984/347
f 2955/4985/348 2956/4986/13 2957/4987/349
f 2958/4988/350 2956/4989/13 2959/4990/351
f 2960/4991/352 2956/4992/13 2961/4993/353
f 2962/4994/354 2963/4995/20 2964/4996/355
f 2965/4997/356 2963/4998/20 2966/4999/357
f 2967/5000/358 2963/5001/20 2968/5002/359
f 2969/5003/360 2970/5004/24 2971/5005/361
f 2972/5006/362 2970/5007/24 2973/5008/363
f 2974/5009/364 2970/5010/24 2975/5011/365
f 2976/5012/366 2977/5013/31 2978/5014/367
f 2979/5015/368 2977/5016/31 2980/5017/369
f 2981/5018/370 2977/5019/31 2982/5020/371
f 2983/5021/372 2984/5022/35 2985/5023/373
f 2986/5024/374 2984/5025/35 2987/5026/375
f 2988/5027/376 2984/5028/35 2989/5029/377
f 2990/5030/378 2991/5031/42 2992/5032/379
f 2993/5033/380 2991/5034/42 2994/5035/381
f 2995/5036/382 2991/5037/42 2996/5038/383
f 2941/4967/336 2959/5039/351 2955/4985/348
f 2943/5040/337 2958/4988/350 2959/4990/351
f 2948/4976/342 2947/5041/341 2944/4970/338
f 2950/5042/343 2946/4973/340 2947/4975/341
f 2962/4994/354 2954/5043/347 2951/4979/344
f 2964/5044/355 2953/4982/346 2954/4984/347
f 2960/4991/352 2968/5045/359 2965/4997/356
f 2961/5046/353 2967/5000/358 2968/5002/359
f 2955/4985/348 2987/5047/375 2983/5021/372
f 2957/5048/349 2986/5024/374 2987/5026/375
f 2990/5030/378 2966/5049/357 2962/4994/354
f 2992/5050/379 2965/4997/356 2966/4999/357
f 2988/5027/376 2996/5051/383 2993/5033/380
f 2989/5052/377 2995/5036/382 2996/5038/383
f 2983/5021/372 2973/5053/363 2969/5003/360
f 2985/5054/373 2972/5006/362 2973/5008/363
f 2976/5012/366 2994/5055/381 2990/5030/378
f 2978/5056/367 2993/5033/380 2994/5035/381
f 2974/5009/364 2982/5057/371 2979/5015/368
f 2975/5058/365 2981/5018/370 2982/5020/371
f 2969/5003/360 2945/5059/339 2941/4967/336
f 2971/5060/361 2944/4970/338 2945/4972/339
f 2951/4979/344 2980/5061/369 2976/5012/366
f 2952/5062/345 2979/5015/368 2980/5017/369
f 2983/5021/372 2941/4967/336 2955/4985/348
f 2953/4982/346 2958/4988/350 2946/4973/340
f 2979/5015/368 2944/4970/338 2974/5009/364
f 2962/4994/354 2976/5012/366 2990/5030/378
f 2965/4997/356 2986/5024/374 2960/4991/352
f 2993/5033/380 2972/5006/362 2988/5027/376
f 2997/5063/336 2998/5064/2 2999/5065/337
f 3000/5066/338 2998/5067/2 3001/5068/339
f 3002/5069/340 2998/5070/2 3003/5071/341
f 3004/5072/342 3005/5073/8 3006/5074/343
f 3007/5075/344 3005/5076/8 3008/5077/345
f 3009/5078/346 3005/5079/8 3010/5080/347
f 3011/5081/348 3012/5082/13 3013/5083/349
f 3014/5084/350 3012/5085/13 3015/5086/351
f 3016/5087/352 3012/5088/13 3017/5089/353
f 3018/5090/354 3019/5091/20 3020/5092/355
f 3021/5093/356 3019/5094/20 3022/5095/357
f 3023/5096/358 3019/5097/20 3024/5098/359
f 3025/5099/360 3026/5100/24 3027/5101/361
f 3028/5102/362 3026/5103/24 3029/5104/363
f 3030/5105/364 3026/5106/24 3031/5107/365
f 3032/5108/366 3033/5109/31 3034/5110/367
f 3035/5111/368 3033/5112/31 3036/5113/369
f 3037/5114/370 3033/5115/31 3038/5116/371
f 3039/5117/372 3040/5118/35 3041/5119/373
f 3042/5120/374 3040/5121/35 3043/5122/375
f 3044/5123/376 3040/5124/35 3045/5125/377
f 3046/5126/378 3047/5127/42 3048/5128/379
f 3049/5129/380 3047/5130/42 3050/5131/381
f 3051/5132/382 3047/5133/42 3052/5134/383
f 2997/5063/336 3015/5135/351 3011/5081/348
f 2999/5136/337 3014/5084/350 3015/5086/351
f 3004/5072/342 3003/5137/341 3000/5066/338
f 3006/5138/343 3002/5069/340 3003/5071/341
f 3018/5090/354 3010/5139/347 3007/5075/344
f 3020/5140/355 3009/5078/346 3010/5080/347
f 3016/5087/352 3024/5141/359 3021/5093/356
f 3017/5142/353 3023/5096/358 3024/5098/359
f 3011/5081/348 3043/5143/375 3039/5117/372
f 3013/5144/349 3042/5120/374 3043/5122/375
f 3046/5126/378 3022/5145/357 3018/5090/354
f 3048/5146/379 3021/5093/356 3022/5095/357
f 3044/5123/376 3052/5147/383 3049/5129/380
f 3045/5148/377 3051/5132/382 3052/5134/383
f 3039/5117/372 3029/5149/363 3025/5099/360
f 3041/5150/373 3028/5102/362 3029/5104/363
f 3032/5108/366 3050/5151/381 3046/5126/378
f 3034/5152/367 3049/5129/380 3050/5131/381
f 3030/5105/364 3038/5153/371 3035/5111/368
f 3031/5154/365 3037/5114/370 3038/5116/371
f 3025/5099/360 3001/5155/339 2997/5063/336
f 3027/5156/361 3000/5066/338 3001/5068/339
f 3007/5075/344 3036/5157/369 3032/5108/366
f 3008/5158/345 3035/5111/368 3036/5113/369
f 3039/5117/372 2997/5063/336 3011/5081/348
f 3009/5078/346 3014/5084/350 3002/5069/340
f 3035/5111/368 3000/5066/338 3030/5105/364
f 3018/5090/354 3032/5108/366 3046/5126/378
f 3021/5093/356 3042/5120/374 3016/5087/352
f 3049/5129/380 3028/5102/362 3044/5123/376
f 3053/5159/336 3054/5160/2 3055/5161/337
f 3056/5162/338 3054/5163/2 3057/5164/339
f 3058/5165/340 3054/5166/2 3059/5167/341
f 3060/5168/342 3061/5169/8 3062/5170/343
f 3063/5171/344 3061/5172/8 3064/5173/345
f 3065/5174/346 3061/5175/8 3066/5176/347
f 3067/5177/348 3068/5178/13 3069/5179/349
f 3070/5180/350 3068/5181/13 3071/5182/351
f 3072/5183/352 3068/5184/13 3073/5185/353
f 3074/5186/354 3075/5187/20 3076/5188/355
f 3077/5189/356 3075/5190/20 3078/5191/357
f 3079/5192/358 3075/5193/20 3080/5194/359
f 3081/5195/360 3082/5196/24 3083/5197/361
f 3084/5198/362 3082/5199/24 3085/5200/363
f 3086/5201/364 3082/5202/24 3087/5203/365
f 3088/5204/366 3089/5205/31 3090/5206/367
f 3091/5207/368 3089/5208/31 3092/5209/369
f 3093/5210/370 3089/5211/31 3094/5212/371
f 3095/5213/372 3096/5214/35 3097/5215/373
f 3098/5216/374 3096/5217/35 3099/5218/375
f 3100/5219/376 3096/5220/35 3101/5221/377
f 3102/5222/378 3103/5223/42 3104/5224/379
f 3105/5225/380 3103/5226/42 3106/5227/381
f 3107/5228/382 3103/5229/42 3108/5230/383
f 3053/5159/336 3071/5231/351 3067/5177/348
f 3055/5232/337 3070/5180/350 3071/5182/351
f 3060/5168/342 3059/5233/341 3056/5162/338
f 3062/5234/343 3058/5165/340 3059/5167/341
f 3074/5186/354 3066/5235/347 3063/5171/344
f 3076/5236/355 3065/5174/346 3066/5176/347
f 3072/5183/352 3080/5237/359 3077/5189/356
f 3073/5238/353 3079/5192/358 3080/5194/359
f 3067/5177/348 3099/5239/375 3095/5213/372
f 3069/5240/349 3098/5216/374 3099/5218/375
f 3102/5222/378 3078/5241/357 3074/5186/354
f 3104/5242/379 3077/5189/356 3078/5191/357
f 3100/5219/376 3108/5243/383 3105/5225/380
f 3101/5244/377 3107/5228/382 3108/5230/383
f 3095/5213/372 3085/5245/363 3081/5195/360
f 3097/5246/373 3084/5198/362 3085/5200/363
f 3088/5204/366 3106/5247/381 3102/5222/378
f 3090/5248/367 3105/5225/380 3106/5227/381
f 3086/5201/364 3094/5249/371 3091/5207/368
f 3087/5250/365 3093/5210/370 3094/5212/371
f 3081/5195/360 3057/5251/339 3053/5159/336
f 3083/5252/361 3056/5162/338 3057/5164/339
f 3063/5171/344 3092/5253/369 3088/5204/366
f 3064/5254/345 3091/5207/368 3092/5209/369
f 3095/5213/372 3053/5159/336 3067/5177/348
f 3065/5174/346 3070/5180/350 3058/5165/340
f 3091/5207/368 3056/5162/338 3086/5201/364
f 3074/5186/354 3088/5204/366 3102/5222/378
f 3077/5189/356 3098/5216/374 3072/5183/352
f 3105/5225/380 3084/5198/362 3100/5219/376
f 3109/5255/336 3110/5256/2 3111/5257/337
f 3112/5258/338 3110/5259/2 3113/5260/387
f 3114/5261/340 3110/5262/2 3115/5263/341
f 3116/5264/342 3117/5265/8 3118/5266/343
f 3119/5267/344 3117/5268/8 3120/5269/388
f 3121/5270/346 3117/5271/8 3122/5272/347
f 3123/5273/348 3124/5274/13 3125/5275/389
f 3126/5276/350 3124/5277/13 3127/5278/351
f 3128/5279/352 3124/5280/13 3129/5281/353
f 3130/5282/354 3131/5283/20 3132/5284/355
f 3133/5285/356 3131/5286/20 3134/5287/390
f 3135/5288/358 3131/5289/20 3136/5290/359
f 3137/5291/360 3138/5292/24 3139/5293/391
f 3140/5294/362 3138/5295/24 3141/5296/363
f 3142/5297/364 3138/5298/24 3143/5299/365
f 3144/5300/366 3145/5301/31 3146/5302/367
f 3147/5303/368 3145/5304/31 3148/5305/392
f 3149/5306/370 3145/5307/31 3150/5308/371
f 3151/5309/372 3152/5310/35 3153/5311/373
f 3154/5312/374 3152/5313/35 3155/5314/393
f 3156/5315/376 3152/5316/35 3157/5317/377
f 3158/5318/378 3159/5319/42 3160/5320/394
f 3161/5321/380 3159/5322/42 3162/5323/381
f 3163/5324/382 3159/5325/42 3164/5326/383
f 3109/5255/336 3127/5327/351 3123/5273/348
f 3111/5328/337 3126/5276/350 3127/5278/351
f 3116/5264/342 3115/5329/341 3112/5258/338
f 3118/5330/343 3114/5261/340 3115/5263/341
f 3130/5282/354 3122/5331/347 3119/5267/344
f 3132/5332/355 3121/5270/346 3122/5272/347
f 3128/5279/352 3136/5333/359 3133/5285/356
f 3129/5334/353 3135/5288/358 3136/5290/359
f 3151/5309/372 3125/5275/389 3155/5335/393
f 3125/5336/389 3154/5312/374 3155/5314/393
f 3158/5318/378 3134/5337/390 3130/5282/354
f 3134/5287/390 3163/5324/382 3133/5285/356
f 3156/5315/376 3164/5338/383 3161/5321/380
f 3157/5339/377 3163/5324/382 3164/5326/383
f 3151/5309/372 3141/5340/363 3137/5291/360
f 3153/5341/373 3140/5294/362 3141/5296/363
f 3144/5300/366 3162/5342/381 3158/5318/378
f 3146/5343/367 3161/5321/380 3162/5323/381
f 3142/5297/364 3150/5344/371 3147/5303/368
f 3143/5345/365 3149/5306/370 3150/5308/371
f 3137/5291/360 3113/5346/387 3109/5255/336
f 3113/5260/387 3142/5297/364 3112/5258/338
f 3144/5300/366 3120/5269/388 3148/5347/392
f 3120/5348/388 3147/5303/368 3148/5305/392
f 3151/5309/372 3109/5255/336 3123/5273/348
f 3121/5270/346 3126/5276/350 3114/5261/340
f 3147/5303/368 3112/5258/338 3142/5297/364
f 3130/5282/354 3144/5300/366 3158/5318/378
f 3133/5285/356 3154/5312/374 3128/5279/352
f 3161/5321/380 3140/5294/362 3156/5315/376
f 3165/5349/336 3166/5350/2 3167/5351/337
f 3168/5352/338 3166/5353/2 3169/5354/339
f 3170/5355/340 3166/5356/2 3171/5357/341
f 3172/5358/342 3173/5359/8 3174/5360/343
f 3175/5361/344 3173/5362/8 3176/5363/345
f 3177/5364/346 3173/5365/8 3178/5366/347
f 3179/5367/348 3180/5368/13 3181/5369/349
f 3182/5370/350 3180/5371/13 3183/5372/351
f 3184/5373/352 3180/5374/13 3185/5375/353
f 3186/5376/354 3187/5377/20 3188/5378/355
f 3189/5379/356 3187/5380/20 3190/5381/357
f 3191/5382/358 3187/5383/20 3192/5384/359
f 3193/5385/360 3194/5386/24 3195/5387/361
f 3196/5388/362 3194/5389/24 3197/5390/363
f 3198/5391/364 3194/5392/24 3199/5393/365
f 3200/5394/366 3201/5395/31 3202/5396/367
f 3203/5397/368 3201/5398/31 3204/5399/369
f 3205/5400/370 3201/5401/31 3206/5402/371
f 3207/5403/372 3208/5404/35 3209/5405/373
f 3210/5406/374 3208/5407/35 3211/5408/375
f 3212/5409/376 3208/5410/35 3213/5411/377
f 3214/5412/378 3215/5413/42 3216/5414/379
f 3217/5415/380 3215/5416/42 3218/5417/381
f 3219/5418/382 3215/5419/42 3220/5420/383
f 3165/5349/336 3183/5421/351 3179/5367/348
f 3167/5422/337 3182/5370/350 3183/5372/351
f 3172/5358/342 3171/5423/341 3168/5352/338
f 3174/5424/343 3170/5355/340 3171/5357/341
f 3186/5376/354 3178/5425/347 3175/5361/344
f 3188/5426/355 3177/5364/346 3178/5366/347
f 3184/5373/352 3192/5427/359 3189/5379/356
f 3185/5428/353 3191/5382/358 3192/5384/359
f 3179/5367/348 3211/5429/375 3207/5403/372
f 3181/5430/349 3210/5406/374 3211/5408/375
f 3214/5412/378 3190/5431/357 3186/5376/354
f 3216/5432/379 3189/5379/356 3190/5381/357
f 3212/5409/376 3220/5433/383 3217/5415/380
f 3213/5434/377 3219/5418/382 3220/5420/383
f 3207/5403/372 3197/5435/363 3193/5385/360
f 3209/5436/373 3196/5388/362 3197/5390/363
f 3200/5394/366 3218/5437/381 3214/5412/378
f 3202/5438/367 3217/5415/380 3218/5417/381
f 3198/5391/364 3206/5439/371 3203/5397/368
f 3199/5440/365 3205/5400/370 3206/5402/371
f 3193/5385/360 3169/5441/339 3165/5349/336
f 3195/5442/361 3168/5352/338 3169/5354/339
f 3175/5361/344 3204/5443/369 3200/5394/366
f 3176/5444/345 3203/5397/368 3204/5399/369
f 3207/5403/372 3165/5349/336 3179/5367/348
f 3177/5364/346 3182/5370/350 3170/5355/340
f 3203/5397/368 3168/5352/338 3198/5391/364
f 3186/5376/354 3200/5394/366 3214/5412/378
f 3189/5379/356 3210/5406/374 3184/5373/352
f 3217/5415/380 3196/5388/362 3212/5409/376
f 3221/5445/336 3222/5446/2 3223/5447/337
f 3224/5448/338 3222/5449/2 3225/5450/339
f 3226/5451/340 3222/5452/2 3227/5453/341
f 3228/5454/342 3229/5455/8 3230/5456/343
f 3231/5457/344 3229/5458/8 3232/5459/345
f 3233/5460/346 3229/5461/8 3234/5462/347
f 3235/5463/348 3236/5464/13 3237/5465/349
f 3238/5466/350 3236/5467/13 3239/5468/351
f 3240/5469/352 3236/5470/13 3241/5471/353
f 3242/5472/354 3243/5473/20 3244/5474/355
f 3245/5475/356 3243/5476/20 3246/5477/357
f 3247/5478/358 3243/5479/20 3248/5480/359
f 3249/5481/360 3250/5482/24 3251/5483/361
f 3252/5484/362 3250/5485/24 3253/5486/363
f 3254/5487/364 3250/5488/24 3255/5489/365
f 3256/5490/366 3257/5491/31 3258/5492/367
f 3259/5493/368 3257/5494/31 3260/5495/369
f 3261/5496/370 3257/5497/31 3262/5498/371
f 3263/5499/372 3264/5500/35 3265/5501/373
f 3266/5502/374 3264/5503/35 3267/5504/375
f 3268/5505/376 3264/5506/35 3269/5507/377
f 3270/5508/378 3271/5509/42 3272/5510/379
f 3273/5511/380 3271/5512/42 3274/5513/381
f 3275/5514/382 3271/5515/42 3276/5516/383
f 3221/5445/336 3239/5517/351 3235/5463/348
f 3223/5518/337 3238/5466/350 3239/5468/351
f 3228/5454/342 3227/5519/341 3224/5448/338
f 3230/5520/343 3226/5451/340 3227/5453/341
f 3242/5472/354 3234/5521/347 3231/5457/344
f 3244/5522/355 3233/5460/346 3234/5462/347
f 3240/5469/352 3248/5523/359 3245/5475/356
f 3241/5524/353 3247/5478/358 3248/5480/359
f 3235/5463/348 3267/5525/375 3263/5499/372
f 3237/5526/349 3266/5502/374 3267/5504/375
f 3270/5508/378 3246/5527/357 3242/5472/354
f 3272/5528/379 3245/5475/356 3246/5477/357
f 3268/5505/376 3276/5529/383 3273/5511/380
f 3269/5530/377 3275/5514/382 3276/5516/383
f 3263/5499/372 3253/5531/363 3249/5481/360
f 3265/5532/373 3252/5484/362 3253/5486/363
f 3256/5490/366 3274/5533/381 3270/5508/378
f 3258/5534/367 3273/5511/380 3274/5513/381
f 3254/5487/364 3262/5535/371 3259/5493/368
f 3255/5536/365 3261/5496/370 3262/5498/371
f 3249/5481/360 3225/5537/339 3221/5445/336
f 3251/5538/361 3224/5448/338 3225/5450/339
f 3231/5457/344 3260/5539/369 3256/5490/366
f 3232/5540/345 3259/5493/368 3260/5495/369
f 3263/5499/372 3221/5445/336 3235/5463/348
f 3233/5460/346 3238/5466/350 3226/5451/340
f 3259/5493/368 3224/5448/338 3254/5487/364
f 3242/5472/354 3256/5490/366 3270/5508/378
f 3245/5475/356 3266/5502/374 3240/5469/352
f 3273/5511/380 3252/5484/362 3268/5505/376
f 3277/5541/336 3278/5542/2 3279/5543/337
f 3280/5544/338 3278/5545/2 3281/5546/339
f 3282/5547/340 3278/5548/2 3283/5549/341
f 3284/5550/342 3285/5551/8 3286/5552/343
f 3287/5553/344 3285/5554/8 3288/5555/345
f 3289/5556/346 3285/5557/8 3290/5558/347
f 3291/5559/348 3292/5560/13 3293/5561/349
f 3294/5562/350 3292/5563/13 3295/5564/351
f 3296/5565/352 3292/5566/13 3297/5567/353
f 3298/5568/354 3299/5569/20 3300/5570/355
f 3301/5571/356 3299/5572/20 3302/5573/357
f 3303/5574/358 3299/5575/20 3304/5576/359
f 3305/5577/360 3306/5578/24 3307/5579/361
f 3308/5580/362 3306/5581/24 3309/5582/363
f 3310/5583/364 3306/5584/24 3311/5585/365
f 3312/5586/366 3313/5587/31 3314/5588/367
f 3315/5589/368 3313/5590/31 3316/5591/369
f 3317/5592/370 3313/5593/31 3318/5594/371
f 3319/5595/372 3320/5596/35 3321/5597/373
f 3322/5598/374 3320/5599/35 3323/5600/375
f 3324/5601/376 3320/5602/35 3325/5603/377
f 3326/5604/378 3327/5605/42 3328/5606/379
f 3329/5607/380 3327/5608/42 3330/5609/381
f 3331/5610/382 3327/5611/42 3332/5612/383
f 3277/5541/336 3295/5613/351 3291/5559/348
f 3279/5614/337 3294/5562/350 3295/5564/351
f 3284/5550/342 3283/5615/341 3280/5544/338
f 3286/5616/343 3282/5547/340 3283/5549/341
f 3298/5568/354 3290/5617/347 3287/5553/344
f 3300/5618/355 3289/5556/346 3290/5558/347
f 3296/5565/352 3304/5619/359 3301/5571/356
f 3297/5620/353 3303/5574/358 3304/5576/359
f 3291/5559/348 3323/5621/375 3319/5595/372
f 3293/5622/349 3322/5598/374 3323/5600/375
f 3326/5604/378 3302/5623/357 3298/5568/354
f 3328/5624/379 3301/5571/356 3302/5573/357
f 3324/5601/376 3332/5625/383 3329/5607/380
f 3325/5626/377 3331/5610/382 3332/5612/383
f 3319/5595/372 3309/5627/363 3305/5577/360
f 3321/5628/373 3308/5580/362 3309/5582/363
f 3312/5586/366 3330/5629/381 3326/5604/378
f 3314/5630/367 3329/5607/380 3330/5609/381
f 3310/5583/364 3318/5631/371 3315/5589/368
f 3311/5632/365 3317/5592/370 3318/5594/371
f 3305/5577/360 3281/5633/339 3277/5541/336
f 3307/5634/361 3280/5544/338 3281/5546/339
f 3287/5553/344 3316/5635/369 3312/5586/366
f 3288/5636/345 3315/5589/368 3316/5591/369
f 3319/5595/372 3277/5541/336 3291/5559/348
f 3289/5556/346 3294/5562/350 3282/5547/340
f 3315/5589/368 3280/5544/338 3310/5583/364
f 3298/5568/354 3312/5586/366 3326/5604/378
f 3301/5571/356 3322/5598/374 3296/5565/352
f 3329/5607/380 3308/5580/362 3324/5601/376
f 3333/5637/336 3334/5638/2 3335/5639/337
f 3336/5640/338 3334/5641/2 3337/5642/339
f 3338/5643/340 3334/5644/2 3339/5645/341
f 3340/5646/342 3341/5647/8 3342/5648/343
f 3343/5649/344 3341/5650/8 3344/5651/345
f 3345/5652/346 3341/5653/8 3346/5654/347
f 3347/5655/348 3348/5656/13 3349/5657/349
f 3350/5658/350 3348/5659/13 3351/5660/351
f 3352/5661/352 3348/5662/13 3353/5663/353
f 3354/5664/354 3355/5665/20 3356/5666/355
f 3357/5667/356 3355/5668/20 3358/5669/357
f 3359/5670/358 3355/5671/20 3360/5672/359
f 3361/5673/360 3362/5674/24 3363/5675/361
f 3364/5676/362 3362/5677/24 3365/5678/363
f 3366/5679/364 3362/5680/24 3367/5681/365
f 3368/5682/366 3369/5683/31 3370/5684/367
f 3371/5685/368 3369/5686/31 3372/5687/369
f 3373/5688/370 3369/5689/31 3374/5690/371
f 3375/5691/372 3376/5692/35 3377/5693/373
f 3378/5694/374 3376/5695/35 3379/5696/375
f 3380/5697/376 3376/5698/35 3381/5699/377
f 3382/5700/378 3383/5701/42 3384/5702/379
f 3385/5703/380 3383/5704/42 3386/5705/381
f 3387/5706/382 3383/5707/42 3388/5708/383
f 3333/5637/336 3351/5709/351 3347/5655/348
f 3335/5710/337 3350/5658/350 3351/5660/351
f 3340/5646/342 3339/5711/341 3336/5640/338
f 3342/5712/343 3338/5643/340 3339/5645/341
f 3354/5664/354 3346/5713/347 3343/5649/344
f 3356/5714/355 3345/5652/346 3346/5654/347
f 3352/5661/352 3360/5715/359 3357/5667/356
f 3353/5716/353 3359/5670/358 3360/5672/359
f 3347/5655/348 3379/5717/375 3375/5691/372
f 3349/5718/349 3378/5694/374 3379/5696/375
f 3382/5700/378 3358/5719/357 3354/5664/354
f 3384/5720/379 3357/5667/356 3358/5669/357
f 3380/5697/376 3388/5721/383 3385/5703/380
f 3381/5722/377 3387/5706/382 3388/5708/383
f 3375/5691/372 3365/5723/363 3361/5673/360
f 3377/5724/373 3364/5676/362 3365/5678/363
f 3368/5682/366 3386/5725/381 3382/5700/378
f 3370/5726/367 3385/5703/380 3386/5705/381
f 3366/5679/364 3374/5727/371 3371/5685/368
f 3367/5728/365 3373/5688/370 3374/5690/371
f 3361/5673/360 3337/5729/339 3333/5637/336
f 3363/5730/361 3336/5640/338 3337/5642/339
f 3343/5649/344 3372/5731/369 3368/5682/366
f 3344/5732/345 3371/5685/368 3372/5687/369
f 3375/5691/372 3333/5637/336 3347/5655/348
f 3345/5652/346 3350/5658/350 3338/5643/340
f 3371/5685/368 3336/5640/338 3366/5679/364
f 3354/5664/354 3368/5682/366 3382/5700/378
f 3357/5667/356 3378/5694/374 3352/5661/352
f 3385/5703/380 3364/5676/362 3380/5697/376
f 3389/5733/336 3390/5734/2 3391/5735/337
f 3392/5736/338 3390/5737/2 3393/5738/339
f 3394/5739/340 3390/5740/2 3395/5741/341
f 3396/5742/342 3397/5743/8 3398/5744/343
f 3399/5745/344 3397/5746/8 3400/5747/345
f 3401/5748/346 3397/5749/8 3402/5750/347
f 3403/5751/348 3404/5752/13 3405/5753/349
f 3406/5754/350 3404/5755/13 3407/5756/351
f 3408/5757/352 3404/5758/13 3409/5759/353
f 3410/5760/354 3411/5761/20 3412/5762/355
f 3413/5763/356 3411/5764/20 3414/5765/357
f 3415/5766/358 3411/5767/20 3416/5768/359
f 3417/5769/360 3418/5770/24 3419/5771/361
f 3420/5772/362 3418/5773/24 3421/5774/363
f 3422/5775/364 3418/5776/24 3423/5777/365
f 3424/5778/366 3425/5779/31 3426/5780/367
f 3427/5781/368 3425/5782/31 3428/5783/369
f 3429/5784/370 3425/5785/31 3430/5786/371
f 3431/5787/372 3432/5788/35 3433/5789/373
f 3434/5790/374 3432/5791/35 3435/5792/375
f 3436/5793/376 3432/5794/35 3437/5795/377
f 3438/5796/378 3439/5797/42 3440/5798/379
f 3441/5799/380 3439/5800/42 3442/5801/381
f 3443/5802/382 3439/5803/42 3444/5804/383
f 3389/5733/336 3407/5805/351 3403/5751/348
f 3391/5806/337 3406/5754/350 3407/5756/351
f 3396/5742/342 3395/5807/341 3392/5736/338
f 3398/5808/343 3394/5739/340 3395/5741/341
f 3410/5760/354 3402/5809/347 3399/5745/344
f 3412/5810/355 3401/5748/346 3402/5750/347
f 3408/5757/352 3416/5811/359 3413/5763/356
f 3409/5812/353 3415/5766/358 3416/5768/359
f 3403/5751/348 3435/5813/375 3431/5787/372
f 3405/5814/349 3434/5790/374 3435/5792/375
f 3438/5796/378 3414/5815/357 3410/5760/354
f 3440/5816/379 3413/5763/356 3414/5765/357
f 3436/5793/376 3444/5817/383 3441/5799/380
f 3437/5818/377 3443/5802/382 3444/5804/383
f 3431/5787/372 3421/5819/363 3417/5769/360
f 3433/5820/373 3420/5772/362 3421/5774/363
f 3424/5778/366 3442/5821/381 3438/5796/378
f 3426/5822/367 3441/5799/380 3442/5801/381
f 3422/5775/364 3430/5823/371 3427/5781/368
f 3423/5824/365 3429/5784/370 3430/5786/371
f 3417/5769/360 3393/5825/339 3389/5733/336
f 3419/5826/361 3392/5736/338 3393/5738/339
f 3399/5745/344 3428/5827/369 3424/5778/366
f 3400/5828/345 3427/5781/368 3428/5783/369
f 3431/5787/372 3389/5733/336 3403/5751/348
f 3401/5748/346 3406/5754/350 3394/5739/340
f 3427/5781/368 3392/5736/338 3422/5775/364
f 3410/5760/354 3424/5778/366 3438/5796/378
f 3413/5763/356 3434/5790/374 3408/5757/352
f 3441/5799/380 3420/5772/362 3436/5793/376
f 1/1/1 5/77/5 2/2/2
f 4/4/4 7/11/7 2/5/2
f 6/7/6 3/66/3 2/8/2
f 4/4/4 10/80/10 8/10/8
f 9/12/9 11/67/11 8/13/8
f 6/7/6 7/9/7 8/15/8
f 12/17/12 16/65/16 13/18/13
f 15/20/15 18/32/18 13/21/13
f 17/23/17 14/70/14 13/24/13
f 19/26/19 22/71/22 20/27/20
f 17/23/17 18/25/18 20/29/20
f 15/20/15 21/68/21 20/31/20
f 23/33/23 27/73/27 24/34/24
f 26/36/26 29/48/29 24/37/24
f 28/39/28 25/78/25 24/40/24
f 30/42/30 33/79/33 31/43/31
f 28/39/28 29/41/29 31/45/31
f 26/36/26 32/76/32 31/47/31
f 34/49/34 38/69/38 35/50/35
f 37/52/37 40/64/40 35/53/35
f 39/55/39 36/74/36 35/56/35
f 41/58/41 44/75/44 42/59/42
f 39/55/39 40/57/40 42/61/42
f 37/52/37 43/72/43 42/63/42
f 1/1/1 3/3/3 16/65/16
f 3/66/3 6/7/6 15/20/15
f 19/26/19 21/28/21 11/67/11
f 21/68/21 15/20/15 6/7/6
f 12/17/12 14/19/14 38/69/38
f 14/70/14 17/23/17 37/52/37
f 41/58/41 43/60/43 22/71/22
f 43/72/43 37/52/37 17/23/17
f 34/49/34 36/51/36 27/73/27
f 36/74/36 39/55/39 26/36/26
f 30/42/30 32/44/32 44/75/44
f 32/76/32 26/36/26 39/55/39
f 23/33/23 25/35/25 5/77/5
f 25/78/25 28/39/28 4/4/4
f 9/12/9 10/14/10 33/79/33
f 10/80/10 4/4/4 28/39/28
f 34/49/34 23/33/23 1/1/1
f 19/26/19 9/12/9 30/42/30
f 45/81/45 49/173/47 46/82/2
f 48/84/46 51/155/49 46/85/2
f 50/87/48 47/154/3 46/88/2
f 52/90/50 56/176/53 53/91/8
f 55/93/52 58/157/55 53/94/8
f 57/96/54 54/156/51 53/97/8
f 59/99/56 63/153/59 60/100/13
f 62/102/58 65/160/61 60/103/13
f 64/105/60 61/162/57 60/106/13
f 66/108/62 70/163/64 67/109/20
f 69/111/63 72/159/66 67/112/20
f 71/114/65 68/158/21 67/115/20
f 73/117/67 77/167/70 74/118/24
f 76/120/69 79/172/72 74/121/24
f 78/123/71 75/174/68 74/124/24
f 80/126/73 84/175/75 81/127/31
f 83/129/74 86/171/77 81/130/31
f 85/132/76 82/170/32 81/133/31
f 87/135/78 91/161/80 88/136/35
f 90/138/79 93/166/82 88/139/35
f 92/141/81 89/168/36 88/142/35
f 94/144/83 98/169/86 95/145/42
f 97/147/85 100/165/88 95/148/42
f 99/150/87 96/164/84 95/151/42
f 45/81/45 47/83/3 63/153/59
f 47/154/3 50/87/48 62/102/58
f 52/90/50 54/92/51 51/155/49
f 54/156/51 57/96/54 50/87/48
f 66/108/62 68/110/21 58/157/55
f 68/158/21 71/114/65 57/96/54
f 64/105/60 65/107/61 72/159/66
f 65/160/61 62/102/58 71/114/65
f 59/99/56 61/101/57 91/161/80
f 61/162/57 64/105/60 90/138/79
f 94/144/83 96/146/84 70/163/64
f 96/164/84 99/150/87 69/111/63
f 92/141/81 93/143/82 100/165/88
f 93/166/82 90/138/79 99/150/87
f 87/135/78 89/137/36 77/167/70
f 89/168/36 92/141/81 76/120/69
f 80/126/73 82/128/32 98/169/86
f 82/170/32 85/132/76 97/147/85
f 78/123/71 79/125/72 86/171/77
f 79/172/72 76/120/69 85/132/76
f 73/117/67 75/119/68 49/173/47
f 75/174/68 78/123/71 48/84/46
f 55/93/52 56/95/53 84/175/75
f 56/176/53 52/90/50 83/129/74
f 87/135/78 73/117/67 45/81/45
f 57/96/54 71/114/65 62/102/58
f 83/129/74 52/90/50 48/84/46
f 66/108/62 55/93/52 80/126/73
f 69/111/63 99/150/87 90/138/79
f 97/147/85 85/132/76 76/120/69
f 101/177/89 105/269/92 102/178/2
f 104/180/91 107/251/94 102/181/2
f 106/183/93 103/250/90 102/184/2
f 108/186/95 112/272/98 109/187/8
f 111/189/97 114/253/100 109/190/8
f 113/192/99 110/252/96 109/193/8
f 115/195/101 119/249/104 116/196/13
f 118/198/103 121/256/106 116/199/13
f 120/201/105 117/258/102 116/202/13
f 122/204/107 126/259/110 123/205/20
f 125/207/109 128/255/112 123/208/20
f 127/210/111 124/254/108 123/211/20
f 129/213/113 133/263/116 130/214/24
f 132/216/115 135/268/118 130/217/24
f 134/219/117 131/270/114 130/220/24
f 136/222/119 140/271/122 137/223/31
f 139/225/121 142/267/124 137/226/31
f 141/228/123 138/266/120 137/229/31
f 143/231/125 147/257/128 144/232/35
f 146/234/127 149/262/130 144/235/35
f 148/237/129 145/264/126 144/238/35
f 150/240/131 154/265/134 151/241/42
f 153/243/133 156/261/136 151/244/42
f 155/246/135 152/260/132 151/247/42
f 101/177/89 103/179/90 119/249/104
f 103/250/90 106/183/93 118/198/103
f 108/186/95 110/188/96 107/251/94
f 110/252/96 113/192/99 106/183/93
f 122/204/107 124/206/108 114/253/100
f 124/254/108 127/210/111 113/192/99
f 120/201/105 121/203/106 128/255/112
f 121/256/106 118/198/103 127/210/111
f 115/195/101 117/197/102 147/257/128
f 117/258/102 120/201/105 146/234/127
f 150/240/131 152/242/132 126/259/110
f 152/260/132 155/246/135 125/207/109
f 148/237/129 149/239/130 156/261/136
f 149/262/130 146/234/127 155/246/135
f 143/231/125 145/233/126 133/263/116
f 145/264/126 148/237/129 132/216/115
f 136/222/119 138/224/120 154/265/134
f 138/266/120 141/228/123 153/243/133
f 134/219/117 135/221/118 142/267/124
f 135/268/118 132/216/115 141/228/123
f 129/213/113 131/215/114 105/269/92
f 131/270/114 134/219/117 104/180/91
f 111/189/97 112/191/98 140/271/122
f 112/272/98 108/186/95 139/225/121
f 143/231/125 129/213/113 101/177/89
f 113/192/99 127/210/111 118/198/103
f 139/225/121 108/186/95 104/180/91
f 122/204/107 111/189/97 136/222/119
f 125/207/109 155/246/135 146/234/127
f 153/243/133 141/228/123 132/216/115
f 157/273/89 161/365/92 158/274/2
f 160/276/91 163/347/137 158/277/2
f 162/279/93 159/346/90 158/280/2
f 164/282/95 168/368/98 165/283/8
f 167/285/97 170/349/100 165/286/8
f 169/288/99 166/348/96 165/289/8
f 171/291/101 175/345/104 172/292/13
f 174/294/103 177/352/106 172/295/13
f 176/297/105 173/354/102 172/298/13
f 178/300/107 182/355/110 179/301/20
f 181/303/109 184/351/138 179/304/20
f 183/306/111 180/350/108 179/307/20
f 185/309/113 189/359/116 186/310/24
f 188/312/115 191/364/118 186/313/24
f 190/315/117 187/366/114 186/316/24
f 192/318/119 196/367/122 193/319/31
f 195/321/121 198/363/139 193/322/31
f 197/324/123 194/362/120 193/325/31
f 199/327/125 203/353/128 200/328/35
f 202/330/127 205/358/130 200/331/35
f 204/333/129 201/360/126 200/334/35
f 206/336/131 210/361/134 207/337/42
f 209/339/133 212/357/136 207/340/42
f 211/342/135 208/356/132 207/343/42
f 157/273/89 159/275/90 175/345/104
f 159/346/90 162/279/93 174/294/103
f 164/282/95 166/284/96 163/347/137
f 166/348/96 169/288/99 162/279/93
f 178/300/107 180/302/108 170/349/100
f 180/350/108 183/306/111 169/288/99
f 176/297/105 177/299/106 184/351/138
f 177/352/106 174/294/103 183/306/111
f 171/291/101 173/293/102 203/353/128
f 173/354/102 176/297/105 202/330/127
f 206/336/131 208/338/132 182/355/110
f 208/356/132 211/342/135 181/303/109
f 204/333/129 205/335/130 212/357/136
f 205/358/130 202/330/127 211/342/135
f 199/327/125 201/329/126 189/359/116
f 201/360/126 204/333/129 188/312/115
f 192/318/119 194/320/120 210/361/134
f 194/362/120 197/324/123 209/339/133
f 190/315/117 191/317/118 198/363/139
f 191/364/118 188/312/115 197/324/123
f 185/309/113 187/311/114 161/365/92
f 187/366/114 190/315/117 160/276/91
f 167/285/97 168/287/98 196/367/122
f 168/368/98 164/282/95 195/321/121
f 199/327/125 185/309/113 157/273/89
f 169/288/99 183/306/111 174/294/103
f 195/321/121 164/282/95 160/276/91
f 178/300/107 167/285/97 192/318/119
f 181/303/109 211/342/135 202/330/127
f 209/339/133 197/324/123 188/312/115
f 213/369/89 217/461/92 214/370/2
f 216/372/91 219/443/137 214/373/2
f 218/375/93 215/442/90 214/376/2
f 220/378/95 224/464/98 221/379/8
f 223/381/97 226/445/100 221/382/8
f 225/384/99 222/444/96 221/385/8
f 227/387/101 231/441/104 228/388/13
f 230/390/103 233/448/106 228/391/13
f 232/393/105 229/450/102 228/394/13
f 234/396/107 238/451/110 235/397/20
f 237/399/109 240/447/138 235/400/20
f 239/402/111 236/446/108 235/403/20
f 241/405/113 245/455/116 242/406/24
f 244/408/115 247/460/118 242/409/24
f 246/411/117 243/462/114 242/412/24
f 248/414/119 252/463/122 249/415/31
f 251/417/121 254/459/139 249/418/31
f 253/420/123 250/458/120 249/421/31
f 255/423/125 259/449/128 256/424/35
f 258/426/127 261/454/130 256/427/35
f 260/429/129 257/456/126 256/430/35
f 262/432/131 266/457/134 263/433/42
f 265/435/133 268/453/136 263/436/42
f 267/438/135 264/452/132 263/439/42
f 213/369/89 215/371/90 231/441/104
f 215/442/90 218/375/93 230/390/103
f 220/378/95 222/380/96 219/443/137
f 222/444/96 225/384/99 218/375/93
f 234/396/107 236/398/108 226/445/100
f 236/446/108 239/402/111 225/384/99
f 232/393/105 233/395/106 240/447/138
f 233/448/106 230/390/103 239/402/111
f 227/387/101 229/389/102 259/449/128
f 229/450/102 232/393/105 258/426/127
f 262/432/131 264/434/132 238/451/110
f 264/452/132 267/438/135 237/399/109
f 260/429/129 261/431/130 268/453/136
f 261/454/130 258/426/127 267/438/135
f 255/423/125 257/425/126 245/455/116
f 257/456/126 260/429/129 244/408/115
f 248/414/119 250/416/120 266/457/134
f 250/458/120 253/420/123 265/435/133
f 246/411/117 247/413/118 254/459/139
f 247/460/118 244/408/115 253/420/123
f 241/405/113 243/407/114 217/461/92
f 243/462/114 246/411/117 216/372/91
f 223/381/97 224/383/98 252/463/122
f 224/464/98 220/378/95 251/417/121
f 255/423/125 241/405/113 213/369/89
f 225/384/99 239/402/111 230/390/103
f 251/417/121 220/378/95 216/372/91
f 234/396/107 223/381/97 248/414/119
f 237/399/109 267/438/135 258/426/127
f 265/435/133 253/420/123 244/408/115
f 269/465/89 273/557/92 270/466/2
f 272/468/91 275/539/94 270/469/2
f 274/471/93 271/538/90 270/472/2
f 276/474/95 280/560/98 277/475/8
f 279/477/97 282/541/140 277/478/8
f 281/480/99 278/540/96 277/481/8
f 283/483/101 287/537/141 284/484/13
f 286/486/103 289/544/106 284/487/13
f 288/489/105 285/546/102 284/490/13
f 290/492/107 294/547/110 291/493/20
f 293/495/109 296/543/138 291/496/20
f 295/498/111 292/542/108 291/499/20
f 297/501/113 301/551/142 298/502/24
f 300/504/115 303/556/118 298/505/24
f 302/507/117 299/558/114 298/508/24
f 304/510/119 308/559/122 305/511/31
f 307/513/121 310/555/139 305/514/31
f 309/516/123 306/554/120 305/517/31
f 311/519/125 315/545/128 312/520/35
f 314/522/127 317/550/130 312/523/35
f 316/525/129 313/552/126 312/526/35
f 318/528/131 322/553/143 319/529/42
f 321/531/133 324/549/136 319/532/42
f 323/534/135 320/548/132 319/535/42
f 269/465/89 271/467/90 287/537/141
f 271/538/90 274/471/93 286/486/103
f 276/474/95 278/476/96 275/539/94
f 278/540/96 281/480/99 274/471/93
f 290/492/107 292/494/108 282/541/140
f 292/542/108 295/498/111 281/480/99
f 288/489/105 289/491/106 296/543/138
f 289/544/106 286/486/103 295/498/111
f 283/483/101 285/485/102 315/545/128
f 285/546/102 288/489/105 314/522/127
f 318/528/131 320/530/132 294/547/110
f 320/548/132 323/534/135 293/495/109
f 316/525/129 317/527/130 324/549/136
f 317/550/130 314/522/127 323/534/135
f 311/519/125 313/521/126 301/551/142
f 313/552/126 316/525/129 300/504/115
f 304/510/119 306/512/120 322/553/143
f 306/554/120 309/516/123 321/531/133
f 302/507/117 303/509/118 310/555/139
f 303/556/118 300/504/115 309/516/123
f 297/501/113 299/503/114 273/557/92
f 299/558/114 302/507/117 272/468/91
f 279/477/97 280/479/98 308/559/122
f 280/560/98 276/474/95 307/513/121
f 311/519/125 297/501/113 269/465/89
f 281/480/99 295/498/111 286/486/103
f 307/513/121 276/474/95 272/468/91
f 290/492/107 279/477/97 304/510/119
f 293/495/109 323/534/135 314/522/127
f 321/531/133 309/516/123 300/504/115
f 325/561/89 329/653/92 326/562/2
f 328/564/91 331/635/137 326/565/2
f 330/567/93 327/634/90 326/568/2
f 332/570/95 336/656/98 333/571/8
f 335/573/97 338/637/100 333/574/8
f 337/576/99 334/636/96 333/577/8
f 339/579/101 343/633/104 340/580/13
f 342/582/103 345/640/106 340/583/13
f 344/585/105 341/642/102 340/586/13
f 346/588/107 350/643/110 347/589/20
f 349/591/109 352/639/138 347/592/20
f 351/594/111 348/638/108 347/595/20
f 353/597/113 357/647/116 354/598/24
f 356/600/115 359/652/118 354/601/24
f 358/603/117 355/654/114 354/604/24
f 360/606/119 364/655/122 361/607/31
f 363/609/121 366/651/139 361/610/31
f 365/612/123 362/650/120 361/613/31
f 367/615/125 371/641/128 368/616/35
f 370/618/127 373/646/130 368/619/35
f 372/621/129 369/648/126 368/622/35
f 374/624/131 378/649/134 375/625/42
f 377/627/133 380/645/136 375/628/42
f 379/630/135 376/644/132 375/631/42
f 325/561/89 327/563/90 343/633/104
f 327/634/90 330/567/93 342/582/103
f 332/570/95 334/572/96 331/635/137
f 334/636/96 337/576/99 330/567/93
f 346/588/107 348/590/108 338/637/100
f 348/638/108 351/594/111 337/576/99
f 344/585/105 345/587/106 352/639/138
f 345/640/106 342/582/103 351/594/111
f 339/579/101 341/581/102 371/641/128
f 341/642/102 344/585/105 370/618/127
f 374/624/131 376/626/132 350/643/110
f 376/644/132 379/630/135 349/591/109
f 372/621/129 373/623/130 380/645/136
f 373/646/130 370/618/127 379/630/135
f 367/615/125 369/617/126 357/647/116
f 369/648/126 372/621/129 356/600/115
f 360/606/119 362/608/120 378/649/134
f 362/650/120 365/612/123 377/627/133
f 358/603/117 359/605/118 366/651/139
f 359/652/118 356/600/115 365/612/123
f 353/597/113 355/599/114 329/653/92
f 355/654/114 358/603/117 328/564/91
f 335/573/97 336/575/98 364/655/122
f 336/656/98 332/570/95 363/609/121
f 367/615/125 353/597/113 325/561/89
f 337/576/99 351/594/111 342/582/103
f 363/609/121 332/570/95 328/564/91
f 346/588/107 335/573/97 360/606/119
f 349/591/109 379/630/135 370/618/127
f 377/627/133 365/612/123 356/600/115
f 381/657/89 385/749/92 382/658/2
f 384/660/91 387/731/137 382/661/2
f 386/663/93 383/730/90 382/664/2
f 388/666/95 392/752/98 389/667/8
f 391/669/97 394/733/100 389/670/8
f 393/672/99 390/732/96 389/673/8
f 395/675/101 399/729/104 396/676/13
f 398/678/103 401/736/106 396/679/13
f 400/681/105 397/738/102 396/682/13
f 402/684/107 406/739/110 403/685/20
f 405/687/109 408/735/138 403/688/20
f 407/690/111 404/734/108 403/691/20
f 409/693/113 413/743/116 410/694/24
f 412/696/115 415/748/118 410/697/24
f 414/699/117 411/750/114 410/700/24
f 416/702/119 420/751/122 417/703/31
f 419/705/121 422/747/139 417/706/31
f 421/708/123 418/746/120 417/709/31
f 423/711/125 427/737/128 424/712/35
f 426/714/127 429/742/130 424/715/35
f 428/717/129 425/744/126 424/718/35
f 430/720/131 434/745/134 431/721/42
f 433/723/133 436/741/136 431/724/42
f 435/726/135 432/740/132 431/727/42
f 381/657/89 383/659/90 399/729/104
f 383/730/90 386/663/93 398/678/103
f 388/666/95 390/668/96 387/731/137
f 390/732/96 393/672/99 386/663/93
f 402/684/107 404/686/108 394/733/100
f 404/734/108 407/690/111 393/672/99
f 400/681/105 401/683/106 408/735/138
f 401/736/106 398/678/103 407/690/111
f 395/675/101 397/677/102 427/737/128
f 397/738/102 400/681/105 426/714/127
f 430/720/131 432/722/132 406/739/110
f 432/740/132 435/726/135 405/687/109
f 428/717/129 429/719/130 436/741/136
f 429/742/130 426/714/127 435/726/135
f 423/711/125 425/713/126 413/743/116
f 425/744/126 428/717/129 412/696/115
f 416/702/119 418/704/120 434/745/134
f 418/746/120 421/708/123 433/723/133
f 414/699/117 415/701/118 422/747/139
f 415/748/118 412/696/115 421/708/123
f 409/693/113 411/695/114 385/749/92
f 411/750/114 414/699/117 384/660/91
f 391/669/97 392/671/98 420/751/122
f 392/752/98 388/666/95 419/705/121
f 423/711/125 409/693/113 381/657/89
f 393/672/99 407/690/111 398/678/103
f 419/705/121 388/666/95 384/660/91
f 402/684/107 391/669/97 416/702/119
f 405/687/109 435/726/135 426/714/127
f 433/723/133 421/708/123 412/696/115
f 437/753/89 441/845/92 438/754/2
f 440/756/91 443/827/94 438/757/2
f 442/759/93 439/826/90 438/760/2
f 444/762/95 448/848/98 445/763/8
f 447/765/97 450/829/100 445/766/8
f 449/768/99 446/828/96 445/769/8
f 451/771/101 455/825/104 452/772/13
f 454/774/103 457/832/106 452/775/13
f 456/777/105 453/834/102 452/778/13
f 458/780/107 462/835/110 459/781/20
f 461/783/109 464/831/112 459/784/20
f 463/786/111 460/830/108 459/787/20
f 465/789/113 469/839/116 466/790/24
f 468/792/115 471/844/118 466/793/24
f 470/795/117 467/846/114 466/796/24
f 472/798/119 476/847/122 473/799/31
f 475/801/121 478/843/124 473/802/31
f 477/804/123 474/842/120 473/805/31
f 479/807/125 483/833/128 480/808/35
f 482/810/127 485/838/130 480/811/35
f 484/813/129 481/840/126 480/814/35
f 486/816/131 490/841/134 487/817/42
f 489/819/133 492/837/136 487/820/42
f 491/822/135 488/836/132 487/823/42
f 437/753/89 439/755/90 455/825/104
f 439/826/90 442/759/93 454/774/103
f 444/762/95 446/764/96 443/827/94
f 446/828/96 449/768/99 442/759/93
f 458/780/107 460/782/108 450/829/100
f 460/830/108 463/786/111 449/768/99
f 456/777/105 457/779/106 464/831/112
f 457/832/106 454/774/103 463/786/111
f 451/771/101 453/773/102 483/833/128
f 453/834/102 456/777/105 482/810/127
f 486/816/131 488/818/132 462/835/110
f 488/836/132 491/822/135 461/783/109
f 484/813/129 485/815/130 492/837/136
f 485/838/130 482/810/127 491/822/135
f 479/807/125 481/809/126 469/839/116
f 481/840/126 484/813/129 468/792/115
f 472/798/119 474/800/120 490/841/134
f 474/842/120 477/804/123 489/819/133
f 470/795/117 471/797/118 478/843/124
f 471/844/118 468/792/115 477/804/123
f 465/789/113 467/791/114 441/845/92
f 467/846/114 470/795/117 440/756/91
f 447/765/97 448/767/98 476/847/122
f 448/848/98 444/762/95 475/801/121
f 479/807/125 465/789/113 437/753/89
f 449/768/99 463/786/111 454/774/103
f 475/801/121 444/762/95 440/756/91
f 458/780/107 447/765/97 472/798/119
f 461/783/109 491/822/135 482/810/127
f 489/819/133 477/804/123 468/792/115
f 493/849/144 497/941/146 494/850/2
f 496/852/145 499/923/148 494/853/2
f 498/855/147 495/922/3 494/856/2
f 500/858/149 504/944/152 501/859/8
f 503/861/151 506/925/55 501/862/8
f 505/864/153 502/924/150 501/865/8
f 507/867/154 511/921/59 508/868/13
f 510/870/156 513/928/158 508/871/13
f 512/873/157 509/930/155 508/874/13
f 514/876/159 518/931/161 515/877/20
f 517/879/160 520/927/163 515/880/20
f 519/882/162 516/926/21 515/883/20
f 521/885/164 525/935/70 522/886/24
f 524/888/166 527/940/168 522/889/24
f 526/891/167 523/942/165 522/892/24
f 528/894/169 532/943/171 529/895/31
f 531/897/170 534/939/173 529/898/31
f 533/900/172 530/938/32 529/901/31
f 535/903/174 539/929/176 536/904/35
f 538/906/175 541/934/178 536/907/35
f 540/909/177 537/936/36 536/910/35
f 542/912/179 546/937/86 543/913/42
f 545/915/181 548/933/183 543/916/42
f 547/918/182 544/932/180 543/919/42
f 493/849/144 495/851/3 511/921/59
f 495/922/3 498/855/147 510/870/156
f 500/858/149 502/860/150 499/923/148
f 502/924/150 505/864/153 498/855/147
f 514/876/159 516/878/21 506/925/55
f 516/926/21 519/882/162 505/864/153
f 512/873/157 513/875/158 520/927/163
f 513/928/158 510/870/156 519/882/162
f 507/867/154 509/869/155 539/929/176
f 509/930/155 512/873/157 538/906/175
f 542/912/179 544/914/180 518/931/161
f 544/932/180 547/918/182 517/879/160
f 540/909/177 541/911/178 548/933/183
f 541/934/178 538/906/175 547/918/182
f 535/903/174 537/905/36 525/935/70
f 537/936/36 540/909/177 524/888/166
f 528/894/169 530/896/32 546/937/86
f 530/938/32 533/900/172 545/915/181
f 526/891/167 527/893/168 534/939/173
f 527/940/168 524/888/166 533/900/172
f 521/885/164 523/887/165 497/941/146
f 523/942/165 526/891/167 496/852/145
f 503/861/151 504/863/152 532/943/171
f 504/944/152 500/858/149 531/897/170
f 535/903/174 521/885/164 493/849/144
f 505/864/153 519/882/162 510/870/156
f 531/897/170 500/858/149 496/852/145
f 514/876/159 503/861/151 528/894/169
f 517/879/160 547/918/182 538/906/175
f 545/915/181 533/900/172 524/888/166
f 549/945/45 553/1037/47 550/946/2
f 552/948/46 555/1019/49 550/949/2
f 554/951/48 551/1018/3 550/952/2
f 556/954/50 560/1040/53 557/955/8
f 559/957/52 562/1021/55 557/958/8
f 561/960/54 558/1020/51 557/961/8
f 563/963/56 567/1017/59 564/964/13
f 566/966/58 569/1024/61 564/967/13
f 568/969/60 565/1026/57 564/970/13
f 570/972/62 574/1027/64 571/973/20
f 573/975/63 576/1023/66 571/976/20
f 575/978/65 572/1022/21 571/979/20
f 577/981/67 581/1031/70 578/982/24
f 580/984/69 583/1036/72 578/985/24
f 582/987/71 579/1038/68 578/988/24
f 584/990/73 588/1039/75 585/991/31
f 587/993/74 590/1035/77 585/994/31
f 589/996/76 586/1034/32 585/997/31
f 591/999/78 595/1025/80 592/1000/35
f 594/1002/79 597/1030/82 592/1003/35
f 596/1005/81 593/1032/36 592/1006/35
f 598/1008/83 602/1033/86 599/1009/42
f 601/1011/85 604/1029/88 599/1012/42
f 603/1014/87 600/1028/84 599/1015/42
f 549/945/45 551/947/3 567/1017/59
f 551/1018/3 554/951/48 566/966/58
f 556/954/50 558/956/51 555/1019/49
f 558/1020/51 561/960/54 554/951/48
f 570/972/62 572/974/21 562/1021/55
f 572/1022/21 575/978/65 561/960/54
f 568/969/60 569/971/61 576/1023/66
f 569/1024/61 566/966/58 575/978/65
f 563/963/56 565/965/57 595/1025/80
f 565/1026/57 568/969/60 594/1002/79
f 598/1008/83 600/1010/84 574/1027/64
f 600/1028/84 603/1014/87 573/975/63
f 596/1005/81 597/1007/82 604/1029/88
f 597/1030/82 594/1002/79 603/1014/87
f 591/999/78 593/1001/36 581/1031/70
f 593/1032/36 596/1005/81 580/984/69
f 584/990/73 586/992/32 602/1033/86
f 586/1034/32 589/996/76 601/1011/85
f 582/987/71 583/989/72 590/1035/77
f 583/1036/72 580/984/69 589/996/76
f 577/981/67 579/983/68 553/1037/47
f 579/1038/68 582/987/71 552/948/46
f 559/957/52 560/959/53 588/1039/75
f 560/1040/53 556/954/50 587/993/74
f 591/999/78 577/981/67 549/945/45
f 561/960/54 575/978/65 566/966/58
f 587/993/74 556/954/50 552/948/46
f 570/972/62 559/957/52 584/990/73
f 573/975/63 603/1014/87 594/1002/79
f 601/1011/85 589/996/76 580/984/69
f 605/1041/89 609/1133/92 606/1042/2
f 608/1044/91 611/1115/94 606/1045/2
f 610/1047/93 607/1114/90 606/1048/2
f 612/1050/95 616/1136/98 613/1051/8
f 615/1053/97 618/1117/100 613/1054/8
f 617/1056/99 614/1116/96 613/1057/8
f 619/1059/101 623/1113/104 620/1060/13
f 622/1062/103 625/1120/106 620/1063/13
f 624/1065/105 621/1122/102 620/1066/13
f 626/1068/107 630/1123/110 627/1069/20
f 629/1071/109 632/1119/112 627/1072/20
f 631/1074/111 628/1118/108 627/1075/20
f 633/1077/113 637/1127/116 634/1078/24
f 636/1080/115 639/1132/118 634/1081/24
f 638/1083/117 635/1134/114 634/1084/24
f 640/1086/119 644/1135/122 641/1087/31
f 643/1089/121 646/1131/124 641/1090/31
f 645/1092/123 642/1130/120 641/1093/31
f 647/1095/125 651/1121/128 648/1096/35
f 650/1098/127 653/1126/130 648/1099/35
f 652/1101/129 649/1128/126 648/1102/35
f 654/1104/131 658/1129/134 655/1105/42
f 657/1107/133 660/1125/136 655/1108/42
f 659/1110/135 656/1124/132 655/1111/42
f 605/1041/89 607/1043/90 623/1113/104
f 607/1114/90 610/1047/93 622/1062/103
f 612/1050/95 614/1052/96 611/1115/94
f 614/1116/96 617/1056/99 610/1047/93
f 626/1068/107 628/1070/108 618/1117/100
f 628/1118/108 631/1074/111 617/1056/99
f 624/1065/105 625/1067/106 632/1119/112
f 625/1120/106 622/1062/103 631/1074/111
f 619/1059/101 621/1061/102 651/1121/128
f 621/1122/102 624/1065/105 650/1098/127
f 654/1104/131 656/1106/132 630/1123/110
f 656/1124/132 659/1110/135 629/1071/109
f 652/1101/129 653/1103/130 660/1125/136
f 653/1126/130 650/1098/127 659/1110/135
f 647/1095/125 649/1097/126 637/1127/116
f 649/1128/126 652/1101/129 636/1080/115
f 640/1086/119 642/1088/120 658/1129/134
f 642/1130/120 645/1092/123 657/1107/133
f 638/1083/117 639/1085/118 646/1131/124
f 639/1132/118 636/1080/115 645/1092/123
f 633/1077/113 635/1079/114 609/1133/92
f 635/1134/114 638/1083/117 608/1044/91
f 615/1053/97 616/1055/98 644/1135/122
f 616/1136/98 612/1050/95 643/1089/121
f 647/1095/125 633/1077/113 605/1041/89
f 617/1056/99 631/1074/111 622/1062/103
f 643/1089/121 612/1050/95 608/1044/91
f 626/1068/107 615/1053/97 640/1086/119
f 629/1071/109 659/1110/135 650/1098/127
f 657/1107/133 645/1092/123 636/1080/115
f 661/1137/89 665/1229/92 662/1138/2
f 664/1140/91 667/1211/137 662/1141/2
f 666/1143/93 663/1210/90 662/1144/2
f 668/1146/95 672/1232/98 669/1147/8
f 671/1149/97 674/1213/100 669/1150/8
f 673/1152/99 670/1212/96 669/1153/8
f 675/1155/101 679/1209/104 676/1156/13
f 678/1158/103 681/1216/106 676/1159/13
f 680/1161/105 677/1218/102 676/1162/13
f 682/1164/107 686/1219/110 683/1165/20
f 685/1167/109 688/1215/138 683/1168/20
f 687/1170/111 684/1214/108 683/1171/20
f 689/1173/113 693/1223/116 690/1174/24
f 692/1176/115 695/1228/118 690/1177/24
f 694/1179/117 691/1230/114 690/1180/24
f 696/1182/119 700/1231/122 697/1183/31
f 699/1185/121 702/1227/139 697/1186/31
f 701/1188/123 698/1226/120 697/1189/31
f 703/1191/125 707/1217/128 704/1192/35
f 706/1194/127 709/1222/130 704/1195/35
f 708/1197/129 705/1224/126 704/1198/35
f 710/1200/131 714/1225/134 711/1201/42
f 713/1203/133 716/1221/136 711/1204/42
f 715/1206/135 712/1220/132 711/1207/42
f 661/1137/89 663/1139/90 679/1209/104
f 663/1210/90 666/1143/93 678/1158/103
f 668/1146/95 670/1148/96 667/1211/137
f 670/1212/96 673/1152/99 666/1143/93
f 682/1164/107 684/1166/108 674/1213/100
f 684/1214/108 687/1170/111 673/1152/99
f 680/1161/105 681/1163/106 688/1215/138
f 681/1216/106 678/1158/103 687/1170/111
f 675/1155/101 677/1157/102 707/1217/128
f 677/1218/102 680/1161/105 706/1194/127
f 710/1200/131 712/1202/132 686/1219/110
f 712/1220/132 715/1206/135 685/1167/109
f 708/1197/129 709/1199/130 716/1221/136
f 709/1222/130 706/1194/127 715/1206/135
f 703/1191/125 705/1193/126 693/1223/116
f 705/1224/126 708/1197/129 692/1176/115
f 696/1182/119 698/1184/120 714/1225/134
f 698/1226/120 701/1188/123 713/1203/133
f 694/1179/117 695/1181/118 702/1227/139
f 695/1228/118 692/1176/115 701/1188/123
f 689/1173/113 691/1175/114 665/1229/92
f 691/1230/114 694/1179/117 664/1140/91
f 671/1149/97 672/1151/98 700/1231/122
f 672/1232/98 668/1146/95 699/1185/121
f 703/1191/125 689/1173/113 661/1137/89
f 673/1152/99 687/1170/111 678/1158/103
f 699/1185/121 668/1146/95 664/1140/91
f 682/1164/107 671/1149/97 696/1182/119
f 685/1167/109 715/1206/135 706/1194/127
f 713/1203/133 701/1188/123 692/1176/115
f 717/1233/89 721/1325/92 718/1234/2
f 720/1236/91 723/1307/94 718/1237/2
f 722/1239/93 719/1306/90 718/1240/2
f 724/1242/95 728/1328/98 725/1243/8
f 727/1245/97 730/1309/100 725/1246/8
f 729/1248/99 726/1308/96 725/1249/8
f 731/1251/101 735/1305/104 732/1252/13
f 734/1254/103 737/1312/106 732/1255/13
f 736/1257/105 733/1314/102 732/1258/13
f 738/1260/107 742/1315/110 739/1261/20
f 741/1263/109 744/1311/138 739/1264/20
f 743/1266/111 740/1310/108 739/1267/20
f 745/1269/113 749/1319/116 746/1270/24
f 748/1272/115 751/1324/118 746/1273/24
f 750/1275/117 747/1326/114 746/1276/24
f 752/1278/119 756/1327/122 753/1279/31
f 755/1281/121 758/1323/139 753/1282/31
f 757/1284/123 754/1322/120 753/1285/31
f 759/1287/125 763/1313/128 760/1288/35
f 762/1290/127 765/1318/130 760/1291/35
f 764/1293/129 761/1320/126 760/1294/35
f 766/1296/131 770/1321/134 767/1297/42
f 769/1299/133 772/1317/136 767/1300/42
f 771/1302/135 768/1316/132 767/1303/42
f 717/1233/89 719/1235/90 735/1305/104
f 719/1306/90 722/1239/93 734/1254/103
f 724/1242/95 726/1244/96 723/1307/94
f 726/1308/96 729/1248/99 722/1239/93
f 738/1260/107 740/1262/108 730/1309/100
f 740/1310/108 743/1266/111 729/1248/99
f 736/1257/105 737/1259/106 744/1311/138
f 737/1312/106 734/1254/103 743/1266/111
f 731/1251/101 733/1253/102 763/1313/128
f 733/1314/102 736/1257/105 762/1290/127
f 766/1296/131 768/1298/132 742/1315/110
f 768/1316/132 771/1302/135 741/1263/109
f 764/1293/129 765/1295/130 772/1317/136
f 765/1318/130 762/1290/127 771/1302/135
f 759/1287/125 761/1289/126 749/1319/116
f 761/1320/126 764/1293/129 748/1272/115
f 752/1278/119 754/1280/120 770/1321/134
f 754/1322/120 757/1284/123 769/1299/133
f 750/1275/117 751/1277/118 758/1323/139
f 751/1324/118 748/1272/115 757/1284/123
f 745/1269/113 747/1271/114 721/1325/92
f 747/1326/114 750/1275/117 720/1236/91
f 727/1245/97 728/1247/98 756/1327/122
f 728/1328/98 724/1242/95 755/1281/121
f 759/1287/125 745/1269/113 717/1233/89
f 729/1248/99 743/1266/111 734/1254/103
f 755/1281/121 724/1242/95 720/1236/91
f 738/1260/107 727/1245/97 752/1278/119
f 741/1263/109 771/1302/135 762/1290/127
f 769/1299/133 757/1284/123 748/1272/115
f 773/1329/89 777/1421/92 774/1330/2
f 776/1332/91 779/1403/94 774/1333/2
f 778/1335/93 775/1402/90 774/1336/2
f 780/1338/95 784/1424/98 781/1339/8
f 783/1341/97 786/1405/140 781/1342/8
f 785/1344/99 782/1404/96 781/1345/8
f 787/1347/101 791/1401/141 788/1348/13
f 790/1350/103 793/1408/106 788/1351/13
f 792/1353/105 789/1410/102 788/1354/13
f 794/1356/107 798/1411/110 795/1357/20
f 797/1359/109 800/1407/138 795/1360/20
f 799/1362/111 796/1406/108 795/1363/20
f 801/1365/113 805/1415/142 802/1366/24
f 804/1368/115 807/1420/118 802/1369/24
f 806/1371/117 803/1422/114 802/1372/24
f 808/1374/119 812/1423/122 809/1375/31
f 811/1377/121 814/1419/139 809/1378/31
f 813/1380/123 810/1418/120 809/1381/31
f 815/1383/125 819/1409/128 816/1384/35
f 818/1386/127 821/1414/130 816/1387/35
f 820/1389/129 817/1416/126 816/1390/35
f 822/1392/131 826/1417/143 823/1393/42
f 825/1395/133 828/1413/136 823/1396/42
f 827/1398/135 824/1412/132 823/1399/42
f 773/1329/89 775/1331/90 791/1401/141
f 775/1402/90 778/1335/93 790/1350/103
f 780/1338/95 782/1340/96 779/1403/94
f 782/1404/96 785/1344/99 778/1335/93
f 794/1356/107 796/1358/108 786/1405/140
f 796/1406/108 799/1362/111 785/1344/99
f 792/1353/105 793/1355/106 800/1407/138
f 793/1408/106 790/1350/103 799/1362/111
f 787/1347/101 789/1349/102 819/1409/128
f 789/1410/102 792/1353/105 818/1386/127
f 822/1392/131 824/1394/132 798/1411/110
f 824/1412/132 827/1398/135 797/1359/109
f 820/1389/129 821/1391/130 828/1413/136
f 821/1414/130 818/1386/127 827/1398/135
f 815/1383/125 817/1385/126 805/1415/142
f 817/1416/126 820/1389/129 804/1368/115
f 808/1374/119 810/1376/120 826/1417/143
f 810/1418/120 813/1380/123 825/1395/133
f 806/1371/117 807/1373/118 814/1419/139
f 807/1420/118 804/1368/115 813/1380/123
f 801/1365/113 803/1367/114 777/1421/92
f 803/1422/114 806/1371/117 776/1332/91
f 783/1341/97 784/1343/98 812/1423/122
f 784/1424/98 780/1338/95 811/1377/121
f 815/1383/125 801/1365/113 773/1329/89
f 785/1344/99 799/1362/111 790/1350/103
f 811/1377/121 780/1338/95 776/1332/91
f 794/1356/107 783/1341/97 808/1374/119
f 797/1359/109 827/1398/135 818/1386/127
f 825/1395/133 813/1380/123 804/1368/115
f 829/1425/89 833/1517/92 830/1426/2
f 832/1428/91 835/1499/137 830/1429/2
f 834/1431/93 831/1498/90 830/1432/2
f 836/1434/95 840/1520/98 837/1435/8
f 839/1437/97 842/1501/100 837/1438/8
f 841/1440/99 838/1500/96 837/1441/8
f 843/1443/101 847/1497/104 844/1444/13
f 846/1446/103 849/1504/106 844/1447/13
f 848/1449/105 845/1506/102 844/1450/13
f 850/1452/107 854/1507/110 851/1453/20
f 853/1455/109 856/1503/138 851/1456/20
f 855/1458/111 852/1502/108 851/1459/20
f 857/1461/113 861/1511/116 858/1462/24
f 860/1464/115 863/1516/118 858/1465/24
f 862/1467/117 859/1518/114 858/1468/24
f 864/1470/119 868/1519/122 865/1471/31
f 867/1473/121 870/1515/139 865/1474/31
f 869/1476/123 866/1514/120 865/1477/31
f 871/1479/125 875/1505/128 872/1480/35
f 874/1482/127 877/1510/130 872/1483/35
f 876/1485/129 873/1512/126 872/1486/35
f 878/1488/131 882/1513/134 879/1489/42
f 881/1491/133 884/1509/136 879/1492/42
f 883/1494/135 880/1508/132 879/1495/42
f 829/1425/89 831/1427/90 847/1497/104
f 831/1498/90 834/1431/93 846/1446/103
f 836/1434/95 838/1436/96 835/1499/137
f 838/1500/96 841/1440/99 834/1431/93
f 850/1452/107 852/1454/108 842/1501/100
f 852/1502/108 855/1458/111 841/1440/99
f 848/1449/105 849/1451/106 856/1503/138
f 849/1504/106 846/1446/103 855/1458/111
f 843/1443/101 845/1445/102 875/1505/128
f 845/1506/102 848/1449/105 874/1482/127
f 878/1488/131 880/1490/132 854/1507/110
f 880/1508/132 883/1494/135 853/1455/109
f 876/1485/129 877/1487/130 884/1509/136
f 877/1510/130 874/1482/127 883/1494/135
f 871/1479/125 873/1481/126 861/1511/116
f 873/1512/126 876/1485/129 860/1464/115
f 864/1470/119 866/1472/120 882/1513/134
f 866/1514/120 869/1476/123 881/1491/133
f 862/1467/117 863/1469/118 870/1515/139
f 863/1516/118 860/1464/115 869/1476/123
f 857/1461/113 859/1463/114 833/1517/92
f 859/1518/114 862/1467/117 832/1428/91
f 839/1437/97 840/1439/98 868/1519/122
f 840/1520/98 836/1434/95 867/1473/121
f 871/1479/125 857/1461/113 829/1425/89
f 841/1440/99 855/1458/111 846/1446/103
f 867/1473/121 836/1434/95 832/1428/91
f 850/1452/107 839/1437/97 864/1470/119
f 853/1455/109 883/1494/135 874/1482/127
f 881/1491/133 869/1476/123 860/1464/115
f 885/1521/89 889/1613/92 886/1522/2
f 888/1524/91 891/1595/94 886/1525/2
f 890/1527/93 887/1594/90 886/1528/2
f 892/1530/95 896/1616/98 893/1531/8
f 895/1533/97 898/1597/100 893/1534/8
f 897/1536/99 894/1596/96 893/1537/8
f 899/1539/101 903/1593/104 900/1540/13
f 902/1542/103 905/1600/106 900/1543/13
f 904/1545/105 901/1602/102 900/1546/13
f 906/1548/107 910/1603/110 907/1549/20
f 909/1551/109 912/1599/138 907/1552/20
f 911/1554/111 908/1598/108 907/1555/20
f 913/1557/113 917/1607/116 914/1558/24
f 916/1560/115 919/1612/118 914/1561/24
f 918/1563/117 915/1614/114 914/1564/24
f 920/1566/119 924/1615/122 921/1567/31
f 923/1569/121 926/1611/139 921/1570/31
f 925/1572/123 922/1610/120 921/1573/31
f 927/1575/125 931/1601/128 928/1576/35
f 930/1578/127 933/1606/130 928/1579/35
f 932/1581/129 929/1608/126 928/1582/35
f 934/1584/131 938/1609/134 935/1585/42
f 937/1587/133 940/1605/136 935/1588/42
f 939/1590/135 936/1604/132 935/1591/42
f 885/1521/89 887/1523/90 903/1593/104
f 887/1594/90 890/1527/93 902/1542/103
f 892/1530/95 894/1532/96 891/1595/94
f 894/1596/96 897/1536/99 890/1527/93
f 906/1548/107 908/1550/108 898/1597/100
f 908/1598/108 911/1554/111 897/1536/99
f 904/1545/105 905/1547/106 912/1599/138
f 905/1600/106 902/1542/103 911/1554/111
f 899/1539/101 901/1541/102 931/1601/128
f 901/1602/102 904/1545/105 930/1578/127
f 934/1584/131 936/1586/132 910/1603/110
f 936/1604/132 939/1590/135 909/1551/109
f 932/1581/129 933/1583/130 940/1605/136
f 933/1606/130 930/1578/127 939/1590/135
f 927/1575/125 929/1577/126 917/1607/116
f 929/1608/126 932/1581/129 916/1560/115
f 920/1566/119 922/1568/120 938/1609/134
f 922/1610/120 925/1572/123 937/1587/133
f 918/1563/117 919/1565/118 926/1611/139
f 919/1612/118 916/1560/115 925/1572/123
f 913/1557/113 915/1559/114 889/1613/92
f 915/1614/114 918/1563/117 888/1524/91
f 895/1533/97 896/1535/98 924/1615/122
f 896/1616/98 892/1530/95 923/1569/121
f 927/1575/125 913/1557/113 885/1521/89
f 897/1536/99 911/1554/111 902/1542/103
f 923/1569/121 892/1530/95 888/1524/91
f 906/1548/107 895/1533/97 920/1566/119
f 909/1551/109 939/1590/135 930/1578/127
f 937/1587/133 925/1572/123 916/1560/115
f 941/1617/89 945/1709/92 942/1618/2
f 944/1620/91 947/1691/94 942/1621/2
f 946/1623/93 943/1690/90 942/1624/2
f 948/1626/95 952/1712/98 949/1627/8
f 951/1629/97 954/1693/100 949/1630/8
f 953/1632/99 950/1692/96 949/1633/8
f 955/1635/101 959/1689/104 956/1636/13
f 958/1638/103 961/1696/106 956/1639/13
f 960/1641/105 957/1698/102 956/1642/13
f 962/1644/107 966/1699/110 963/1645/20
f 965/1647/109 968/1695/112 963/1648/20
f 967/1650/111 964/1694/108 963/1651/20
f 969/1653/113 973/1703/116 970/1654/24
f 972/1656/115 975/1708/118 970/1657/24
f 974/1659/117 971/1710/114 970/1660/24
f 976/1662/119 980/1711/122 977/1663/31
f 979/1665/121 982/1707/124 977/1666/31
f 981/1668/123 978/1706/120 977/1669/31
f 983/1671/125 987/1697/128 984/1672/35
f 986/1674/127 989/1702/130 984/1675/35
f 988/1677/129 985/1704/126 984/1678/35
f 990/1680/131 994/1705/134 991/1681/42
f 993/1683/133 996/1701/136 991/1684/42
f 995/1686/135 992/1700/132 991/1687/42
f 941/1617/89 943/1619/90 959/1689/104
f 943/1690/90 946/1623/93 958/1638/103
f 948/1626/95 950/1628/96 947/1691/94
f 950/1692/96 953/1632/99 946/1623/93
f 962/1644/107 964/1646/108 954/1693/100
f 964/1694/108 967/1650/111 953/1632/99
f 960/1641/105 961/1643/106 968/1695/112
f 961/1696/106 958/1638/103 967/1650/111
f 955/1635/101 957/1637/102 987/1697/128
f 957/1698/102 960/1641/105 986/1674/127
f 990/1680/131 992/1682/132 966/1699/110
f 992/1700/132 995/1686/135 965/1647/109
f 988/1677/129 989/1679/130 996/1701/136
f 989/1702/130 986/1674/127 995/1686/135
f 983/1671/125 985/1673/126 973/1703/116
f 985/1704/126 988/1677/129 972/1656/115
f 976/1662/119 978/1664/120 994/1705/134
f 978/1706/120 981/1668/123 993/1683/133
f 974/1659/117 975/1661/118 982/1707/124
f 975/1708/118 972/1656/115 981/1668/123
f 969/1653/113 971/1655/114 945/1709/92
f 971/1710/114 974/1659/117 944/1620/91
f 951/1629/97 952/1631/98 980/1711/122
f 952/1712/98 948/1626/95 979/1665/121
f 983/1671/125 969/1653/113 941/1617/89
f 953/1632/99 967/1650/111 958/1638/103
f 979/1665/121 948/1626/95 944/1620/91
f 962/1644/107 951/1629/97 976/1662/119
f 965/1647/109 995/1686/135 986/1674/127
f 993/1683/133 981/1668/123 972/1656/115
f 997/1713/144 1001/1805/146 998/1714/2
f 1000/1716/145 1003/1787/148 998/1717/2
f 1002/1719/147 999/1786/3 998/1720/2
f 1004/1722/149 1008/1808/152 1005/1723/8
f 1007/1725/151 1010/1789/55 1005/1726/8
f 1009/1728/153 1006/1788/150 1005/1729/8
f 1011/1731/154 1015/1785/59 1012/1732/13
f 1014/1734/156 1017/1792/158 1012/1735/13
f 1016/1737/157 1013/1794/155 1012/1738/13
f 1018/1740/159 1022/1795/161 1019/1741/20
f 1021/1743/160 1024/1791/163 1019/1744/20
f 1023/1746/162 1020/1790/21 1019/1747/20
f 1025/1749/164 1029/1799/70 1026/1750/24
f 1028/1752/166 1031/1804/168 1026/1753/24
f 1030/1755/167 1027/1806/165 1026/1756/24
f 1032/1758/169 1036/1807/171 1033/1759/31
f 1035/1761/170 1038/1803/173 1033/1762/31
f 1037/1764/172 1034/1802/32 1033/1765/31
f 1039/1767/174 1043/1793/176 1040/1768/35
f 1042/1770/175 1045/1798/178 1040/1771/35
f 1044/1773/177 1041/1800/36 1040/1774/35
f 1046/1776/179 1050/1801/86 1047/1777/42
f 1049/1779/181 1052/1797/183 1047/1780/42
f 1051/1782/182 1048/1796/180 1047/1783/42
f 997/1713/144 999/1715/3 1015/1785/59
f 999/1786/3 1002/1719/147 1014/1734/156
f 1004/1722/149 1006/1724/150 1003/1787/148
f 1006/1788/150 1009/1728/153 1002/1719/147
f 1018/1740/159 1020/1742/21 1010/1789/55
f 1020/1790/21 1023/1746/162 1009/1728/153
f 1016/1737/157 1017/1739/158 1024/1791/163
f 1017/1792/158 1014/1734/156 1023/1746/162
f 1011/1731/154 1013/1733/155 1043/1793/176
f 1013/1794/155 1016/1737/157 1042/1770/175
f 1046/1776/179 1048/1778/180 1022/1795/161
f 1048/1796/180 1051/1782/182 1021/1743/160
f 1044/1773/177 1045/1775/178 1052/1797/183
f 1045/1798/178 1042/1770/175 1051/1782/182
f 1039/1767/174 1041/1769/36 1029/1799/70
f 1041/1800/36 1044/1773/177 1028/1752/166
f 1032/1758/169 1034/1760/32 1050/1801/86
f 1034/1802/32 1037/1764/172 1049/1779/181
f 1030/1755/167 1031/1757/168 1038/1803/173
f 1031/1804/168 1028/1752/166 1037/1764/172
f 1025/1749/164 1027/1751/165 1001/1805/146
f 1027/1806/165 1030/1755/167 1000/1716/145
f 1007/1725/151 1008/1727/152 1036/1807/171
f 1008/1808/152 1004/1722/149 1035/1761/170
f 1039/1767/174 1025/1749/164 997/1713/144
f 1009/1728/153 1023/1746/162 1014/1734/156
f 1035/1761/170 1004/1722/149 1000/1716/145
f 1018/1740/159 1007/1725/151 1032/1758/169
f 1021/1743/160 1051/1782/182 1042/1770/175
f 1049/1779/181 1037/1764/172 1028/1752/166
f 1053/1809/184 1057/1901/187 1054/1810/2
f 1056/1812/186 1059/1883/189 1054/1813/2
f 1058/1815/188 1055/1882/185 1054/1816/2
f 1060/1818/190 1064/1904/193 1061/1819/8
f 1063/1821/192 1066/1885/195 1061/1822/8
f 1065/1824/194 1062/1884/191 1061/1825/8
f 1067/1827/196 1071/1881/199 1068/1828/13
f 1070/1830/198 1073/1888/201 1068/1831/13
f 1072/1833/200 1069/1890/197 1068/1834/13
f 1074/1836/202 1078/1891/205 1075/1837/20
f 1077/1839/204 1080/1887/207 1075/1840/20
f 1079/1842/206 1076/1886/203 1075/1843/20
f 1081/1845/208 1085/1895/211 1082/1846/24
f 1084/1848/210 1087/1900/213 1082/1849/24
f 1086/1851/212 1083/1902/209 1082/1852/24
f 1088/1854/214 1092/1903/217 1089/1855/31
f 1091/1857/216 1094/1899/219 1089/1858/31
f 1093/1860/218 1090/1898/215 1089/1861/31
f 1095/1863/220 1099/1889/223 1096/1864/35
f 1098/1866/222 1101/1894/225 1096/1867/35
f 1100/1869/224 1097/1896/221 1096/1870/35
f 1102/1872/226 1106/1897/229 1103/1873/42
f 1105/1875/228 1108/1893/231 1103/1876/42
f 1107/1878/230 1104/1892/227 1103/1879/42
f 1053/1809/184 1055/1811/185 1071/1881/199
f 1055/1882/185 1058/1815/188 1070/1830/198
f 1060/1818/190 1062/1820/191 1059/1883/189
f 1062/1884/191 1065/1824/194 1058/1815/188
f 1074/1836/202 1076/1838/203 1066/1885/195
f 1076/1886/203 1079/1842/206 1065/1824/194
f 1072/1833/200 1073/1835/201 1080/1887/207
f 1073/1888/201 1070/1830/198 1079/1842/206
f 1067/1827/196 1069/1829/197 1099/1889/223
f 1069/1890/197 1072/1833/200 1098/1866/222
f 1102/1872/226 1104/1874/227 1078/1891/205
f 1104/1892/227 1107/1878/230 1077/1839/204
f 1100/1869/224 1101/1871/225 1108/1893/231
f 1101/1894/225 1098/1866/222 1107/1878/230
f 1095/1863/220 1097/1865/221 1085/1895/211
f 1097/1896/221 1100/1869/224 1084/1848/210
f 1088/1854/214 1090/1856/215 1106/1897/229
f 1090/1898/215 1093/1860/218 1105/1875/228
f 1086/1851/212 1087/1853/213 1094/1899/219
f 1087/1900/213 1084/1848/210 1093/1860/218
f 1081/1845/208 1083/1847/209 1057/1901/187
f 1083/1902/209 1086/1851/212 1056/1812/186
f 1063/1821/192 1064/1823/193 1092/1903/217
f 1064/1904/193 1060/1818/190 1091/1857/216
f 1095/1863/220 1081/1845/208 1053/1809/184
f 1065/1824/194 1079/1842/206 1070/1830/198
f 1091/1857/216 1060/1818/190 1056/1812/186
f 1074/1836/202 1063/1821/192 1088/1854/214
f 1077/1839/204 1107/1878/230 1098/1866/222
f 1105/1875/228 1093/1860/218 1084/1848/210
f 1123/1921/246 1126/1941/249 1125/1922/248
f 1124/1924/247 1127/1928/250 1126/1925/249
f 1122/1927/245 1134/1944/256 1127/1928/250
f 1128/1929/251 1134/1947/256 1122/1930/245
f 1129/1932/252 1128/1929/251 1120/1931/243
f 1130/1934/253 1129/1950/252 1117/1935/240
f 1131/1937/254 1130/1934/253 1119/1936/242
f 1121/1923/244 1125/1922/248 1131/1939/254
f 1126/1941/249 1133/1953/249 1132/1942/255
f 1127/1928/250 1135/1945/257 1133/1943/249
f 1134/1944/256 1142/1956/262 1135/1945/257
f 1136/1946/258 1142/1959/262 1134/1947/256
f 1137/1948/252 1136/1946/258 1128/1929/251
f 1138/1949/259 1137/1962/252 1129/1950/252
f 1139/1951/260 1138/1949/259 1130/1934/253
f 1125/1922/248 1132/1942/255 1139/1952/260
f 1133/1953/249 1141/1965/249 1140/1954/261
f 1135/1945/257 1143/1957/257 1141/1955/249
f 1142/1956/262 1150/1968/262 1143/1957/257
f 1144/1958/263 1150/1971/262 1142/1959/262
f 1145/1960/252 1144/1958/263 1136/1946/258
f 1146/1961/264 1145/1974/252 1137/1962/252
f 1147/1963/260 1146/1961/264 1138/1949/259
f 1132/1942/255 1140/1954/261 1147/1964/260
f 1141/1965/249 1149/1977/249 1148/1966/265
f 1143/1957/257 1151/1969/266 1149/1967/249
f 1150/1968/262 1158/1980/262 1151/1969/266
f 1152/1970/267 1158/1983/262 1150/1971/262
f 1153/1972/252 1152/1970/267 1144/1958/263
f 1154/1973/264 1153/1986/252 1145/1974/252
f 1155/1975/260 1154/1973/264 1146/1961/264
f 1140/1954/261 1148/1966/265 1155/1976/260
f 1149/1977/249 1157/1989/249 1156/1978/268
f 1151/1969/266 1159/1981/269 1157/1979/249
f 1158/1980/262 1166/1992/274 1159/1981/269
f 1160/1982/270 1166/1995/274 1158/1983/262
f 1161/1984/252 1160/1982/270 1152/1970/267
f 1162/1985/271 1161/1998/252 1153/1986/252
f 1163/1987/272 1162/1985/271 1154/1973/264
f 1148/1966/265 1156/1978/268 1163/1988/272
f 1157/1989/249 1165/2001/249 1164/1990/273
f 1159/1981/269 1167/1993/275 1165/1991/249
f 1166/1992/274 1174/2004/281 1167/1993/275
f 1168/1994/276 1174/2007/281 1166/1995/274
f 1169/1996/252 1168/1994/276 1160/1982/270
f 1170/1997/277 1169/2010/252 1161/1998/252
f 1171/1999/278 1170/1997/277 1162/1985/271
f 1156/1978/268 1164/1990/273 1171/2000/278
f 1165/2001/249 1173/2014/280 1172/2002/279
f 1167/1993/275 1175/2005/282 1173/2003/280
f 1174/2004/281 1183/2017/290 1175/2005/282
f 1176/2006/283 1183/2019/290 1174/2007/281
f 1177/2008/284 1176/2006/283 1168/1994/276
f 1178/2009/285 1177/2022/284 1169/2010/252
f 1179/2011/286 1178/2009/285 1170/1997/277
f 1164/1990/273 1172/2002/279 1179/2012/286
f 1180/2013/287 1187/2024/294 1172/2002/279
f 1181/2015/288 1180/2027/287 1173/2003/280
f 1182/2016/289 1181/2015/288 1175/2005/282
f 1176/2006/283 1184/2020/291 1182/2018/289
f 1177/2008/284 1185/2031/292 1184/2020/291
f 1178/2009/285 1186/2023/293 1185/2021/292
f 1179/2011/286 1195/2034/300 1186/2023/293
f 1187/2024/294 1195/2036/300 1179/2012/286
f 1180/2013/287 1189/2038/287 1188/2025/295
f 1181/2015/288 1190/2028/296 1189/2026/287
f 1182/2016/289 1199/2041/304 1190/2028/296
f 1191/2029/297 1199/2043/304 1182/2018/289
f 1192/2030/292 1191/2029/297 1184/2020/291
f 1193/2032/298 1192/2046/292 1185/2021/292
f 1194/2033/299 1193/2032/298 1186/2023/293
f 1187/2024/294 1188/2025/295 1194/2035/299
f 1196/2037/301 1203/2048/308 1188/2025/295
f 1197/2039/302 1196/2051/301 1189/2026/287
f 1198/2040/303 1197/2039/302 1190/2028/296
f 1191/2029/297 1200/2044/305 1198/2042/303
f 1192/2030/292 1201/2054/306 1200/2044/305
f 1193/2032/298 1202/2047/307 1201/2045/306
f 1194/2033/299 1209/2057/312 1202/2047/307
f 1203/2048/308 1209/2060/312 1194/2035/299
f 1204/2049/301 1211/2059/314 1203/2048/308
f 1205/2050/309 1204/2063/301 1196/2051/301
f 1206/2052/310 1205/2050/309 1197/2039/302
f 1200/2044/305 1207/2055/311 1206/2053/310
f 1201/2054/306 1208/2066/306 1207/2055/311
f 1202/2047/307 1210/2058/313 1208/2056/306
f 1209/2057/312 1217/2069/318 1210/2058/313
f 1211/2059/314 1217/2072/318 1209/2060/312
f 1212/2061/301 1219/2071/320 1211/2059/314
f 1213/2062/315 1212/2075/301 1204/2063/301
f 1214/2064/316 1213/2062/315 1205/2050/309
f 1207/2055/311 1215/2067/317 1214/2065/316
f 1208/2066/306 1216/2078/306 1215/2067/317
f 1210/2058/313 1218/2070/319 1216/2068/306
f 1217/2069/318 1225/2081/323 1218/2070/319
f 1219/2071/320 1225/2084/323 1217/2072/318
f 1220/2073/301 1227/2083/324 1219/2071/320
f 1221/2074/321 1220/2087/301 1212/2075/301
f 1222/2076/316 1221/2074/321 1213/2062/315
f 1215/2067/317 1223/2079/322 1222/2077/316
f 1216/2078/306 1224/2090/306 1223/2079/322
f 1218/2070/319 1226/2082/319 1224/2080/306
f 1225/2081/323 1233/2093/323 1226/2082/319
f 1227/2083/324 1233/2096/323 1225/2084/323
f 1228/2085/301 1235/2095/327 1227/2083/324
f 1229/2086/321 1228/2099/301 1220/2087/301
f 1230/2088/316 1229/2086/321 1221/2074/321
f 1223/2079/322 1231/2091/325 1230/2089/316
f 1224/2090/306 1232/2102/306 1231/2091/325
f 1226/2082/319 1234/2094/326 1232/2092/306
f 1233/2093/323 1241/2105/323 1234/2094/326
f 1235/2095/327 1241/2108/323 1233/2096/323
f 1236/2097/301 1243/2107/332 1235/2095/327
f 1237/2098/328 1236/2111/301 1228/2099/301
f 1238/2100/329 1237/2098/328 1229/2086/321
f 1231/2091/325 1239/2103/330 1238/2101/329
f 1232/2102/306 1240/2114/306 1239/2103/330
f 1234/2094/326 1242/2106/331 1240/2104/306
f 1241/2105/323 1244/2117/333 1242/2106/331
f 1243/2107/332 1244/2120/333 1241/2108/323
f 1114/2109/237 1112/2119/235 1243/2107/332
f 1116/2110/239 1114/5829/237 1236/2111/301
f 1115/2112/238 1116/2110/239 1237/2098/328
f 1239/2103/330 1113/2115/236 1115/2113/238
f 1240/2114/306 1110/5830/233 1113/2115/236
f 1242/2106/331 1111/2118/234 1110/2116/233
f 1244/2117/333 1109/5831/232 1111/2118/234
f 1112/2119/235 1109/5832/232 1244/2120/333
f 1259/2137/246 1262/2157/249 1261/2138/248
f 1260/2140/247 1263/2144/250 1262/2141/249
f 1258/2143/245 1270/2160/256 1263/2144/250
f 1264/2145/251 1270/2163/256 1258/2146/245
f 1265/2148/252 1264/2145/251 1256/2147/243
f 1266/2150/253 1265/2166/252 1253/2151/240
f 1267/2153/254 1266/2150/253 1255/2152/242
f 1257/2139/244 1261/2138/248 1267/2155/254
f 1262/2157/249 1269/2169/249 1268/2158/255
f 1263/2144/250 1271/2161/257 1269/2159/249
f 1270/2160/256 1278/2172/262 1271/2161/257
f 1272/2162/258 1278/2175/262 1270/2163/256
f 1273/2164/252 1272/2162/258 1264/2145/251
f 1274/2165/259 1273/2178/252 1265/2166/252
f 1275/2167/260 1274/2165/259 1266/2150/253
f 1261/2138/248 1268/2158/255 1275/2168/260
f 1269/2169/249 1277/2181/249 1276/2170/261
f 1271/2161/257 1279/2173/257 1277/2171/249
f 1278/2172/262 1286/2184/262 1279/2173/257
f 1280/2174/263 1286/2187/262 1278/2175/262
f 1281/2176/252 1280/2174/263 1272/2162/258
f 1282/2177/264 1281/2190/252 1273/2178/252
f 1283/2179/260 1282/2177/264 1274/2165/259
f 1268/2158/255 1276/2170/261 1283/2180/260
f 1277/2181/249 1285/2193/249 1284/2182/265
f 1279/2173/257 1287/2185/266 1285/2183/249
f 1286/2184/262 1294/2196/262 1287/2185/266
f 1288/2186/267 1294/2199/262 1286/2187/262
f 1289/2188/252 1288/2186/267 1280/2174/263
f 1290/2189/264 1289/2202/252 1281/2190/252
f 1291/2191/260 1290/2189/264 1282/2177/264
f 1276/2170/261 1284/2182/265 1291/2192/260
f 1285/2193/249 1293/2205/249 1292/2194/268
f 1287/2185/266 1295/2197/269 1293/2195/249
f 1294/2196/262 1302/2208/274 1295/2197/269
f 1296/2198/270 1302/2211/274 1294/2199/262
f 1297/2200/252 1296/2198/270 1288/2186/267
f 1298/2201/271 1297/2214/252 1289/2202/252
f 1299/2203/272 1298/2201/271 1290/2189/264
f 1284/2182/265 1292/2194/268 1299/2204/272
f 1293/2205/249 1301/2217/249 1300/2206/273
f 1295/2197/269 1303/2209/275 1301/2207/249
f 1302/2208/274 1310/2220/281 1303/2209/275
f 1304/2210/276 1310/2223/281 1302/2211/274
f 1305/2212/252 1304/2210/276 1296/2198/270
f 1306/2213/277 1305/2226/252 1297/2214/252
f 1307/2215/278 1306/2213/277 1298/2201/271
f 1292/2194/268 1300/2206/273 1307/2216/278
f 1301/2217/249 1309/2230/280 1308/2218/279
f 1303/2209/275 1311/2221/282 1309/2219/280
f 1310/2220/281 1319/2233/290 1311/2221/282
f 1312/2222/283 1319/2235/290 1310/2223/281
f 1313/2224/284 1312/2222/283 1304/2210/276
f 1314/2225/285 1313/2238/284 1305/2226/252
f 1315/2227/286 1314/2225/285 1306/2213/277
f 1300/2206/273 1308/2218/279 1315/2228/286
f 1316/2229/280 1323/2240/294 1308/2218/279
f 1317/2231/288 1316/2243/280 1309/2219/280
f 1318/2232/289 1317/2231/288 1311/2221/282
f 1312/2222/283 1320/2236/291 1318/2234/289
f 1313/2224/284 1321/2247/284 1320/2236/291
f 1314/2225/285 1322/2239/293 1321/2237/284
f 1315/2227/286 1331/2250/300 1322/2239/293
f 1323/2240/294 1331/2252/300 1315/2228/286
f 1316/2229/280 1325/2254/287 1324/2241/295
f 1317/2231/288 1326/2244/296 1325/2242/287
f 1318/2232/289 1335/2257/304 1326/2244/296
f 1327/2245/297 1335/2259/304 1318/2234/289
f 1328/2246/292 1327/2245/297 1320/2236/291
f 1329/2248/298 1328/2262/292 1321/2237/284
f 1330/2249/299 1329/2248/298 1322/2239/293
f 1323/2240/294 1324/2241/295 1330/2251/299
f 1332/2253/301 1339/2264/308 1324/2241/295
f 1333/2255/302 1332/2267/301 1325/2242/287
f 1334/2256/303 1333/2255/302 1326/2244/296
f 1327/2245/297 1336/2260/305 1334/2258/303
f 1328/2246/292 1337/2270/306 1336/2260/305
f 1329/2248/298 1338/2263/307 1337/2261/306
f 1330/2249/299 1345/2273/312 1338/2263/307
f 1339/2264/308 1345/2276/312 1330/2251/299
f 1340/2265/301 1347/2275/314 1339/2264/308
f 1341/2266/309 1340/2279/301 1332/2267/301
f 1342/2268/310 1341/2266/309 1333/2255/302
f 1336/2260/305 1343/2271/311 1342/2269/310
f 1337/2270/306 1344/2282/306 1343/2271/311
f 1338/2263/307 1346/2274/313 1344/2272/306
f 1345/2273/312 1353/2285/318 1346/2274/313
f 1347/2275/314 1353/2288/318 1345/2276/312
f 1348/2277/301 1355/2287/320 1347/2275/314
f 1349/2278/315 1348/2291/301 1340/2279/301
f 1350/2280/316 1349/2278/315 1341/2266/309
f 1343/2271/311 1351/2283/317 1350/2281/316
f 1344/2282/306 1352/2294/306 1351/2283/317
f 1346/2274/313 1354/2286/319 1352/2284/306
f 1353/2285/318 1361/2297/323 1354/2286/319
f 1355/2287/320 1361/2300/323 1353/2288/318
f 1356/2289/301 1363/2299/324 1355/2287/320
f 1357/2290/321 1356/2303/301 1348/2291/301
f 1358/2292/316 1357/2290/321 1349/2278/315
f 1351/2283/317 1359/2295/322 1358/2293/316
f 1352/2294/306 1360/2306/306 1359/2295/322
f 1354/2286/319 1362/2298/319 1360/2296/306
f 1361/2297/323 1369/2309/323 1362/2298/319
f 1363/2299/324 1369/2312/323 1361/2300/323
f 1364/2301/301 1371/2311/327 1363/2299/324
f 1365/2302/321 1364/2315/301 1356/2303/301
f 1366/2304/316 1365/2302/321 1357/2290/321
f 1359/2295/322 1367/2307/325 1366/2305/316
f 1360/2306/306 1368/2318/306 1367/2307/325
f 1362/2298/319 1370/2310/326 1368/2308/306
f 1369/2309/323 1377/2321/323 1370/2310/326
f 1371/2311/327 1377/2324/323 1369/2312/323
f 1372/2313/301 1379/2323/332 1371/2311/327
f 1373/2314/328 1372/2327/301 1364/2315/301
f 1374/2316/329 1373/2314/328 1365/2302/321
f 1367/2307/325 1375/2319/330 1374/2317/329
f 1368/2318/306 1376/2330/306 1375/2319/330
f 1370/2310/326 1378/2322/331 1376/2320/306
f 1377/2321/323 1380/2333/333 1378/2322/331
f 1379/2323/332 1380/2336/333 1377/2324/323
f 1250/2325/237 1248/2335/235 1379/2323/332
f 1252/2326/239 1250/5833/237 1372/2327/301
f 1251/2328/238 1252/2326/239 1373/2314/328
f 1375/2319/330 1249/2331/236 1251/2329/238
f 1376/2330/306 1246/5834/233 1249/2331/236
f 1378/2322/331 1247/2334/234 1246/2332/233
f 1380/2333/333 1245/5835/232 1247/2334/234
f 1248/2335/235 1245/5836/232 1380/2336/333
f 1395/2353/246 1398/2373/249 1397/2354/248
f 1396/2356/247 1399/2360/250 1398/2357/249
f 1394/2359/245 1406/2376/256 1399/2360/250
f 1400/2361/251 1406/2379/256 1394/2362/245
f 1401/2364/252 1400/2361/251 1392/2363/243
f 1402/2366/253 1401/2382/252 1389/2367/240
f 1403/2369/254 1402/2366/253 1391/2368/242
f 1393/2355/244 1397/2354/248 1403/2371/254
f 1398/2373/249 1405/2385/249 1404/2374/255
f 1399/2360/250 1407/2377/257 1405/2375/249
f 1406/2376/256 1414/2388/262 1407/2377/257
f 1408/2378/258 1414/2391/262 1406/2379/256
f 1409/2380/252 1408/2378/258 1400/2361/251
f 1410/2381/259 1409/2394/252 1401/2382/252
f 1411/2383/260 1410/2381/259 1402/2366/253
f 1397/2354/248 1404/2374/255 1411/2384/260
f 1405/2385/249 1413/2397/249 1412/2386/261
f 1407/2377/257 1415/2389/257 1413/2387/249
f 1414/2388/262 1422/2400/262 1415/2389/257
f 1416/2390/263 1422/2403/262 1414/2391/262
f 1417/2392/252 1416/2390/263 1408/2378/258
f 1418/2393/264 1417/2406/252 1409/2394/252
f 1419/2395/260 1418/2393/264 1410/2381/259
f 1404/2374/255 1412/2386/261 1419/2396/260
f 1413/2397/249 1421/2409/249 1420/2398/265
f 1415/2389/257 1423/2401/266 1421/2399/249
f 1422/2400/262 1430/2412/262 1423/2401/266
f 1424/2402/267 1430/2415/262 1422/2403/262
f 1425/2404/252 1424/2402/267 1416/2390/263
f 1426/2405/264 1425/2418/252 1417/2406/252
f 1427/2407/260 1426/2405/264 1418/2393/264
f 1412/2386/261 1420/2398/265 1427/2408/260
f 1421/2409/249 1429/2421/249 1428/2410/268
f 1423/2401/266 1431/2413/269 1429/2411/249
f 1430/2412/262 1438/2424/274 1431/2413/269
f 1432/2414/270 1438/2427/274 1430/2415/262
f 1433/2416/252 1432/2414/270 1424/2402/267
f 1434/2417/271 1433/2430/252 1425/2418/252
f 1435/2419/272 1434/2417/271 1426/2405/264
f 1420/2398/265 1428/2410/268 1435/2420/272
f 1429/2421/249 1437/2433/249 1436/2422/273
f 1431/2413/269 1439/2425/275 1437/2423/249
f 1438/2424/274 1446/2436/281 1439/2425/275
f 1440/2426/276 1446/2439/281 1438/2427/274
f 1441/2428/252 1440/2426/276 1432/2414/270
f 1442/2429/277 1441/2442/252 1433/2430/252
f 1443/2431/278 1442/2429/277 1434/2417/271
f 1428/2410/268 1436/2422/273 1443/2432/278
f 1437/2433/249 1445/2446/280 1444/2434/279
f 1439/2425/275 1447/2437/282 1445/2435/280
f 1446/2436/281 1455/2449/290 1447/2437/282
f 1448/2438/283 1455/2451/290 1446/2439/281
f 1449/2440/284 1448/2438/283 1440/2426/276
f 1450/2441/285 1449/2454/284 1441/2442/252
f 1451/2443/286 1450/2441/285 1442/2429/277
f 1436/2422/273 1444/2434/279 1451/2444/286
f 1452/2445/280 1459/2456/294 1444/2434/279
f 1453/2447/288 1452/2459/280 1445/2435/280
f 1454/2448/289 1453/2447/288 1447/2437/282
f 1448/2438/283 1456/2452/291 1454/2450/289
f 1449/2440/284 1457/2463/284 1456/2452/291
f 1450/2441/285 1458/2455/293 1457/2453/284
f 1451/2443/286 1467/2466/300 1458/2455/293
f 1459/2456/294 1467/2468/300 1451/2444/286
f 1452/2445/280 1461/2470/287 1460/2457/295
f 1453/2447/288 1462/2460/296 1461/2458/287
f 1454/2448/289 1471/2473/304 1462/2460/296
f 1463/2461/297 1471/2475/304 1454/2450/289
f 1464/2462/292 1463/2461/297 1456/2452/291
f 1465/2464/298 1464/2478/292 1457/2453/284
f 1466/2465/299 1465/2464/298 1458/2455/293
f 1459/2456/294 1460/2457/295 1466/2467/299
f 1468/2469/301 1475/2480/308 1460/2457/295
f 1469/2471/302 1468/2483/301 1461/2458/287
f 1470/2472/303 1469/2471/302 1462/2460/296
f 1463/2461/297 1472/2476/305 1470/2474/303
f 1464/2462/292 1473/2486/306 1472/2476/305
f 1465/2464/298 1474/2479/307 1473/2477/306
f 1466/2465/299 1481/2489/312 1474/2479/307
f 1475/2480/308 1481/2492/312 1466/2467/299
f 1476/2481/301 1483/2491/314 1475/2480/308
f 1477/2482/309 1476/2495/301 1468/2483/301
f 1478/2484/310 1477/2482/309 1469/2471/302
f 1472/2476/305 1479/2487/311 1478/2485/310
f 1473/2486/306 1480/2498/306 1479/2487/311
f 1474/2479/307 1482/2490/313 1480/2488/306
f 1481/2489/312 1489/2501/318 1482/2490/313
f 1483/2491/314 1489/2504/318 1481/2492/312
f 1484/2493/301 1491/2503/320 1483/2491/314
f 1485/2494/315 1484/2507/301 1476/2495/301
f 1486/2496/316 1485/2494/315 1477/2482/309
f 1479/2487/311 1487/2499/317 1486/2497/316
f 1480/2498/306 1488/2510/306 1487/2499/317
f 1482/2490/313 1490/2502/319 1488/2500/306
f 1489/2501/318 1497/2513/323 1490/2502/319
f 1491/2503/320 1497/2516/323 1489/2504/318
f 1492/2505/301 1499/2515/324 1491/2503/320
f 1493/2506/321 1492/2519/301 1484/2507/301
f 1494/2508/316 1493/2506/321 1485/2494/315
f 1487/2499/317 1495/2511/322 1494/2509/316
f 1488/2510/306 1496/2522/306 1495/2511/322
f 1490/2502/319 1498/2514/319 1496/2512/306
f 1497/2513/323 1505/2525/323 1498/2514/319
f 1499/2515/324 1505/2528/323 1497/2516/323
f 1500/2517/301 1507/2527/327 1499/2515/324
f 1501/2518/321 1500/2531/301 1492/2519/301
f 1502/2520/316 1501/2518/321 1493/2506/321
f 1495/2511/322 1503/2523/325 1502/2521/316
f 1496/2522/306 1504/2534/306 1503/2523/325
f 1498/2514/319 1506/2526/326 1504/2524/306
f 1505/2525/323 1513/2537/323 1506/2526/326
f 1507/2527/327 1513/2540/323 1505/2528/323
f 1508/2529/301 1515/2539/332 1507/2527/327
f 1509/2530/328 1508/2543/301 1500/2531/301
f 1510/2532/329 1509/2530/328 1501/2518/321
f 1503/2523/325 1511/2535/330 1510/2533/329
f 1504/2534/306 1512/2546/306 1511/2535/330
f 1506/2526/326 1514/2538/331 1512/2536/306
f 1513/2537/323 1516/2549/333 1514/2538/331
f 1515/2539/332 1516/2552/333 1513/2540/323
f 1386/2541/237 1384/2551/235 1515/2539/332
f 1388/2542/239 1386/5837/237 1508/2543/301
f 1387/2544/238 1388/2542/239 1509/2530/328
f 1511/2535/330 1385/2547/236 1387/2545/238
f 1512/2546/306 1382/5838/233 1385/2547/236
f 1514/2538/331 1383/2550/234 1382/2548/233
f 1516/2549/333 1381/5839/232 1383/2550/234
f 1384/2551/235 1381/5840/232 1516/2552/333
f 1531/2569/246 1534/2589/249 1533/2570/248
f 1532/2572/247 1535/2576/250 1534/2573/249
f 1530/2575/245 1542/2592/256 1535/2576/250
f 1536/2577/251 1542/2595/256 1530/2578/245
f 1537/2580/252 1536/2577/251 1528/2579/243
f 1538/2582/253 1537/2598/252 1525/2583/240
f 1539/2585/254 1538/2582/253 1527/2584/242
f 1529/2571/244 1533/2570/248 1539/2587/254
f 1534/2589/249 1541/2601/249 1540/2590/255
f 1535/2576/250 1543/2593/257 1541/2591/249
f 1542/2592/256 1550/2604/262 1543/2593/257
f 1544/2594/258 1550/2607/262 1542/2595/256
f 1545/2596/252 1544/2594/258 1536/2577/251
f 1546/2597/259 1545/2610/252 1537/2598/252
f 1547/2599/260 1546/2597/259 1538/2582/253
f 1533/2570/248 1540/2590/255 1547/2600/260
f 1541/2601/249 1549/2613/249 1548/2602/261
f 1543/2593/257 1551/2605/257 1549/2603/249
f 1550/2604/262 1558/2616/262 1551/2605/257
f 1552/2606/263 1558/2619/262 1550/2607/262
f 1553/2608/252 1552/2606/263 1544/2594/258
f 1554/2609/264 1553/2622/252 1545/2610/252
f 1555/2611/260 1554/2609/264 1546/2597/259
f 1540/2590/255 1548/2602/261 1555/2612/260
f 1549/2613/249 1557/2625/249 1556/2614/265
f 1551/2605/257 1559/2617/266 1557/2615/249
f 1558/2616/262 1566/2628/262 1559/2617/266
f 1560/2618/267 1566/2631/262 1558/2619/262
f 1561/2620/252 1560/2618/267 1552/2606/263
f 1562/2621/264 1561/2634/252 1553/2622/252
f 1563/2623/260 1562/2621/264 1554/2609/264
f 1548/2602/261 1556/2614/265 1563/2624/260
f 1557/2625/249 1565/2637/249 1564/2626/268
f 1559/2617/266 1567/2629/269 1565/2627/249
f 1566/2628/262 1574/2640/274 1567/2629/269
f 1568/2630/270 1574/2643/274 1566/2631/262
f 1569/2632/252 1568/2630/270 1560/2618/267
f 1570/2633/271 1569/2646/252 1561/2634/252
f 1571/2635/272 1570/2633/271 1562/2621/264
f 1556/2614/265 1564/2626/268 1571/2636/272
f 1565/2637/249 1573/2649/249 1572/2638/273
f 1567/2629/269 1575/2641/275 1573/2639/249
f 1574/2640/274 1582/2652/281 1575/2641/275
f 1576/2642/276 1582/2655/281 1574/2643/274
f 1577/2644/252 1576/2642/276 1568/2630/270
f 1578/2645/277 1577/2658/252 1569/2646/252
f 1579/2647/278 1578/2645/277 1570/2633/271
f 1564/2626/268 1572/2638/273 1579/2648/278
f 1573/2649/249 1581/2662/280 1580/2650/279
f 1575/2641/275 1583/2653/282 1581/2651/280
f 1582/2652/281 1591/2665/290 1583/2653/282
f 1584/2654/283 1591/2667/290 1582/2655/281
f 1585/2656/284 1584/2654/283 1576/2642/276
f 1586/2657/285 1585/2670/284 1577/2658/252
f 1587/2659/286 1586/2657/285 1578/2645/277
f 1572/2638/273 1580/2650/279 1587/2660/286
f 1588/2661/280 1595/2672/334 1580/2650/279
f 1589/2663/288 1588/2675/280 1581/2651/280
f 1590/2664/289 1589/2663/288 1583/2653/282
f 1584/2654/283 1592/2668/291 1590/2666/289
f 1585/2656/284 1593/2679/284 1592/2668/291
f 1586/2657/285 1594/2671/293 1593/2669/284
f 1587/2659/286 1603/2682/335 1594/2671/293
f 1595/2672/334 1603/2684/335 1587/2660/286
f 1588/2661/280 1597/2686/287 1596/2673/295
f 1589/2663/288 1598/2676/296 1597/2674/287
f 1590/2664/289 1607/2689/304 1598/2676/296
f 1599/2677/297 1607/2691/304 1590/2666/289
f 1600/2678/292 1599/2677/297 1592/2668/291
f 1601/2680/298 1600/2694/292 1593/2669/284
f 1602/2681/299 1601/2680/298 1594/2671/293
f 1595/2672/334 1596/2673/295 1602/2683/299
f 1604/2685/301 1611/2696/308 1596/2673/295
f 1605/2687/302 1604/2699/301 1597/2674/287
f 1606/2688/303 1605/2687/302 1598/2676/296
f 1599/2677/297 1608/2692/305 1606/2690/303
f 1600/2678/292 1609/2702/306 1608/2692/305
f 1601/2680/298 1610/2695/307 1609/2693/306
f 1602/2681/299 1617/2705/312 1610/2695/307
f 1611/2696/308 1617/2708/312 1602/2683/299
f 1612/2697/301 1619/2707/314 1611/2696/308
f 1613/2698/309 1612/2711/301 1604/2699/301
f 1614/2700/310 1613/2698/309 1605/2687/302
f 1608/2692/305 1615/2703/311 1614/2701/310
f 1609/2702/306 1616/2714/306 1615/2703/311
f 1610/2695/307 1618/2706/313 1616/2704/306
f 1617/2705/312 1625/2717/318 1618/2706/313
f 1619/2707/314 1625/2720/318 1617/2708/312
f 1620/2709/301 1627/2719/320 1619/2707/314
f 1621/2710/315 1620/2723/301 1612/2711/301
f 1622/2712/316 1621/2710/315 1613/2698/309
f 1615/2703/311 1623/2715/317 1622/2713/316
f 1616/2714/306 1624/2726/306 1623/2715/317
f 1618/2706/313 1626/2718/319 1624/2716/306
f 1625/2717/318 1633/2729/323 1626/2718/319
f 1627/2719/320 1633/2732/323 1625/2720/318
f 1628/2721/301 1635/2731/324 1627/2719/320
f 1629/2722/321 1628/2735/301 1620/2723/301
f 1630/2724/316 1629/2722/321 1621/2710/315
f 1623/2715/317 1631/2727/322 1630/2725/316
f 1624/2726/306 1632/2738/306 1631/2727/322
f 1626/2718/319 1634/2730/319 1632/2728/306
f 1633/2729/323 1641/2741/323 1634/2730/319
f 1635/2731/324 1641/2744/323 1633/2732/323
f 1636/2733/301 1643/2743/327 1635/2731/324
f 1637/2734/321 1636/2747/301 1628/2735/301
f 1638/2736/316 1637/2734/321 1629/2722/321
f 1631/2727/322 1639/2739/325 1638/2737/316
f 1632/2738/306 1640/2750/306 1639/2739/325
f 1634/2730/319 1642/2742/326 1640/2740/306
f 1641/2741/323 1649/2753/323 1642/2742/326
f 1643/2743/327 1649/2756/323 1641/2744/323
f 1644/2745/301 1651/2755/332 1643/2743/327
f 1645/2746/328 1644/2759/301 1636/2747/301
f 1646/2748/329 1645/2746/328 1637/2734/321
f 1639/2739/325 1647/2751/330 1646/2749/329
f 1640/2750/306 1648/2762/306 1647/2751/330
f 1642/2742/326 1650/2754/331 1648/2752/306
f 1649/2753/323 1652/2765/333 1650/2754/331
f 1651/2755/332 1652/2768/333 1649/2756/323
f 1522/2757/237 1520/2767/235 1651/2755/332
f 1524/2758/239 1522/5841/237 1644/2759/301
f 1523/2760/238 1524/2758/239 1645/2746/328
f 1647/2751/330 1521/2763/236 1523/2761/238
f 1648/2762/306 1518/5842/233 1521/2763/236
f 1650/2754/331 1519/2766/234 1518/2764/233
f 1652/2765/333 1517/5843/232 1519/2766/234
f 1520/2767/235 1517/5844/232 1652/2768/333
f 1653/2769/336 1657/2861/339 1654/2770/2
f 1656/2772/338 1659/2843/341 1654/2773/2
f 1658/2775/340 1655/2842/337 1654/2776/2
f 1660/2778/342 1664/2864/345 1661/2779/8
f 1663/2781/344 1666/2845/347 1661/2782/8
f 1665/2784/346 1662/2844/343 1661/2785/8
f 1667/2787/348 1671/2841/351 1668/2788/13
f 1670/2790/350 1673/2848/353 1668/2791/13
f 1672/2793/352 1669/2850/349 1668/2794/13
f 1674/2796/354 1678/2851/357 1675/2797/20
f 1677/2799/356 1680/2847/359 1675/2800/20
f 1679/2802/358 1676/2846/355 1675/2803/20
f 1681/2805/360 1685/2855/363 1682/2806/24
f 1684/2808/362 1687/2860/365 1682/2809/24
f 1686/2811/364 1683/2862/361 1682/2812/24
f 1688/2814/366 1692/2863/369 1689/2815/31
f 1691/2817/368 1694/2859/371 1689/2818/31
f 1693/2820/370 1690/2858/367 1689/2821/31
f 1695/2823/372 1699/2849/375 1696/2824/35
f 1698/2826/374 1701/2854/377 1696/2827/35
f 1700/2829/376 1697/2856/373 1696/2830/35
f 1702/2832/378 1706/2857/381 1703/2833/42
f 1705/2835/380 1708/2853/383 1703/2836/42
f 1707/2838/382 1704/2852/379 1703/2839/42
f 1653/2769/336 1655/2771/337 1671/2841/351
f 1655/2842/337 1658/2775/340 1670/2790/350
f 1660/2778/342 1662/2780/343 1659/2843/341
f 1662/2844/343 1665/2784/346 1658/2775/340
f 1674/2796/354 1676/2798/355 1666/2845/347
f 1676/2846/355 1679/2802/358 1665/2784/346
f 1672/2793/352 1673/2795/353 1680/2847/359
f 1673/2848/353 1670/2790/350 1679/2802/358
f 1667/2787/348 1669/2789/349 1699/2849/375
f 1669/2850/349 1672/2793/352 1698/2826/374
f 1702/2832/378 1704/2834/379 1678/2851/357
f 1704/2852/379 1707/2838/382 1677/2799/356
f 1700/2829/376 1701/2831/377 1708/2853/383
f 1701/2854/377 1698/2826/374 1707/2838/382
f 1695/2823/372 1697/2825/373 1685/2855/363
f 1697/2856/373 1700/2829/376 1684/2808/362
f 1688/2814/366 1690/2816/367 1706/2857/381
f 1690/2858/367 1693/2820/370 1705/2835/380
f 1686/2811/364 1687/2813/365 1694/2859/371
f 1687/2860/365 1684/2808/362 1693/2820/370
f 1681/2805/360 1683/2807/361 1657/2861/339
f 1683/2862/361 1686/2811/364 1656/2772/338
f 1663/2781/344 1664/2783/345 1692/2863/369
f 1664/2864/345 1660/2778/342 1691/2817/368
f 1695/2823/372 1681/2805/360 1653/2769/336
f 1665/2784/346 1679/2802/358 1670/2790/350
f 1691/2817/368 1660/2778/342 1656/2772/338
f 1674/2796/354 1663/2781/344 1688/2814/366
f 1677/2799/356 1707/2838/382 1698/2826/374
f 1705/2835/380 1693/2820/370 1684/2808/362
f 1709/2865/336 1713/2957/339 1710/2866/2
f 1712/2868/338 1715/2939/341 1710/2869/2
f 1714/2871/340 1711/2938/337 1710/2872/2
f 1716/2874/342 1720/2960/345 1717/2875/8
f 1719/2877/344 1722/2941/347 1717/2878/8
f 1721/2880/346 1718/2940/343 1717/2881/8
f 1723/2883/348 1727/2937/351 1724/2884/13
f 1726/2886/350 1729/2944/353 1724/2887/13
f 1728/2889/352 1725/2946/349 1724/2890/13
f 1730/2892/354 1734/2947/357 1731/2893/20
f 1733/2895/356 1736/2943/359 1731/2896/20
f 1735/2898/384 1732/2942/355 1731/2899/20
f 1737/2901/360 1741/2951/363 1738/2902/24
f 1740/2904/362 1743/2956/365 1738/2905/24
f 1742/2907/364 1739/2958/361 1738/2908/24
f 1744/2910/366 1748/2959/369 1745/2911/31
f 1747/2913/368 1750/2955/371 1745/2914/31
f 1749/2916/370 1746/2954/367 1745/2917/31
f 1751/2919/372 1755/2945/375 1752/2920/35
f 1754/2922/374 1757/2950/377 1752/2923/35
f 1756/2925/376 1753/2952/373 1752/2926/35
f 1758/2928/378 1762/2953/381 1759/2929/42
f 1761/2931/380 1764/2949/383 1759/2932/42
f 1763/2934/382 1760/2948/379 1759/2935/42
f 1709/2865/336 1711/2867/337 1727/2937/351
f 1711/2938/337 1714/2871/340 1726/2886/350
f 1716/2874/342 1718/2876/343 1715/2939/341
f 1718/2940/343 1721/2880/346 1714/2871/340
f 1730/2892/354 1732/2894/355 1722/2941/347
f 1732/2942/355 1735/2898/384 1721/2880/346
f 1728/2889/352 1729/2891/353 1736/2943/359
f 1729/2944/353 1726/2886/350 1735/2898/384
f 1723/2883/348 1725/2885/349 1755/2945/375
f 1725/2946/349 1728/2889/352 1754/2922/374
f 1758/2928/378 1760/2930/379 1734/2947/357
f 1760/2948/379 1763/2934/382 1733/2895/356
f 1756/2925/376 1757/2927/377 1764/2949/383
f 1757/2950/377 1754/2922/374 1763/2934/382
f 1751/2919/372 1753/2921/373 1741/2951/363
f 1753/2952/373 1756/2925/376 1740/2904/362
f 1744/2910/366 1746/2912/367 1762/2953/381
f 1746/2954/367 1749/2916/370 1761/2931/380
f 1742/2907/364 1743/2909/365 1750/2955/371
f 1743/2956/365 1740/2904/362 1749/2916/370
f 1737/2901/360 1739/2903/361 1713/2957/339
f 1739/2958/361 1742/2907/364 1712/2868/338
f 1719/2877/344 1720/2879/345 1748/2959/369
f 1720/2960/345 1716/2874/342 1747/2913/368
f 1751/2919/372 1737/2901/360 1709/2865/336
f 1721/2880/346 1735/2898/384 1726/2886/350
f 1747/2913/368 1716/2874/342 1712/2868/338
f 1730/2892/354 1719/2877/344 1744/2910/366
f 1733/2895/356 1763/2934/382 1754/2922/374
f 1761/2931/380 1749/2916/370 1740/2904/362
f 1765/2961/336 1769/3053/339 1766/2962/2
f 1768/2964/338 1771/3035/341 1766/2965/2
f 1770/2967/340 1767/3034/337 1766/2968/2
f 1772/2970/342 1776/3056/345 1773/2971/8
f 1775/2973/344 1778/3037/347 1773/2974/8
f 1777/2976/346 1774/3036/343 1773/2977/8
f 1779/2979/348 1783/3033/351 1780/2980/13
f 1782/2982/350 1785/3040/353 1780/2983/13
f 1784/2985/352 1781/3042/349 1780/2986/13
f 1786/2988/354 1790/3043/357 1787/2989/20
f 1789/2991/356 1792/3039/359 1787/2992/20
f 1791/2994/358 1788/3038/355 1787/2995/20
f 1793/2997/360 1797/3047/363 1794/2998/24
f 1796/3000/362 1799/3052/365 1794/3001/24
f 1798/3003/364 1795/3054/361 1794/3004/24
f 1800/3006/366 1804/3055/369 1801/3007/31
f 1803/3009/368 1806/3051/371 1801/3010/31
f 1805/3012/370 1802/3050/367 1801/3013/31
f 1807/3015/372 1811/3041/375 1808/3016/35
f 1810/3018/374 1813/3046/377 1808/3019/35
f 1812/3021/376 1809/3048/373 1808/3022/35
f 1814/3024/378 1818/3049/381 1815/3025/42
f 1817/3027/380 1820/3045/383 1815/3028/42
f 1819/3030/382 1816/3044/379 1815/3031/42
f 1765/2961/336 1767/2963/337 1783/3033/351
f 1767/3034/337 1770/2967/340 1782/2982/350
f 1772/2970/342 1774/2972/343 1771/3035/341
f 1774/3036/343 1777/2976/346 1770/2967/340
f 1786/2988/354 1788/2990/355 1778/3037/347
f 1788/3038/355 1791/2994/358 1777/2976/346
f 1784/2985/352 1785/2987/353 1792/3039/359
f 1785/3040/353 1782/2982/350 1791/2994/358
f 1779/2979/348 1781/2981/349 1811/3041/375
f 1781/3042/349 1784/2985/352 1810/3018/374
f 1814/3024/378 1816/3026/379 1790/3043/357
f 1816/3044/379 1819/3030/382 1789/2991/356
f 1812/3021/376 1813/3023/377 1820/3045/383
f 1813/3046/377 1810/3018/374 1819/3030/382
f 1807/3015/372 1809/3017/373 1797/3047/363
f 1809/3048/373 1812/3021/376 1796/3000/362
f 1800/3006/366 1802/3008/367 1818/3049/381
f 1802/3050/367 1805/3012/370 1817/3027/380
f 1798/3003/364 1799/3005/365 1806/3051/371
f 1799/3052/365 1796/3000/362 1805/3012/370
f 1793/2997/360 1795/2999/361 1769/3053/339
f 1795/3054/361 1798/3003/364 1768/2964/338
f 1775/2973/344 1776/2975/345 1804/3055/369
f 1776/3056/345 1772/2970/342 1803/3009/368
f 1807/3015/372 1793/2997/360 1765/2961/336
f 1777/2976/346 1791/2994/358 1782/2982/350
f 1803/3009/368 1772/2970/342 1768/2964/338
f 1786/2988/354 1775/2973/344 1800/3006/366
f 1789/2991/356 1819/3030/382 1810/3018/374
f 1817/3027/380 1805/3012/370 1796/3000/362
f 1821/3057/336 1825/3149/339 1822/3058/2
f 1824/3060/338 1827/3131/341 1822/3061/2
f 1826/3063/340 1823/3130/337 1822/3064/2
f 1828/3066/342 1832/3152/345 1829/3067/8
f 1831/3069/344 1834/3133/347 1829/3070/8
f 1833/3072/346 1830/3132/343 1829/3073/8
f 1835/3075/348 1839/3129/351 1836/3076/13
f 1838/3078/350 1841/3136/353 1836/3079/13
f 1840/3081/352 1837/3138/349 1836/3082/13
f 1842/3084/354 1846/3139/357 1843/3085/20
f 1845/3087/356 1848/3135/359 1843/3088/20
f 1847/3090/358 1844/3134/355 1843/3091/20
f 1849/3093/360 1853/3143/363 1850/3094/24
f 1852/3096/362 1855/3148/365 1850/3097/24
f 1854/3099/364 1851/3150/361 1850/3100/24
f 1856/3102/366 1860/3151/369 1857/3103/31
f 1859/3105/368 1862/3147/371 1857/3106/31
f 1861/3108/370 1858/3146/367 1857/3109/31
f 1863/3111/372 1867/3137/375 1864/3112/35
f 1866/3114/374 1869/3142/377 1864/3115/35
f 1868/3117/376 1865/3144/373 1864/3118/35
f 1870/3120/378 1874/3145/381 1871/3121/42
f 1873/3123/380 1876/3141/383 1871/3124/42
f 1875/3126/382 1872/3140/379 1871/3127/42
f 1821/3057/336 1823/3059/337 1839/3129/351
f 1823/3130/337 1826/3063/340 1838/3078/350
f 1828/3066/342 1830/3068/343 1827/3131/341
f 1830/3132/343 1833/3072/346 1826/3063/340
f 1842/3084/354 1844/3086/355 1834/3133/347
f 1844/3134/355 1847/3090/358 1833/3072/346
f 1840/3081/352 1841/3083/353 1848/3135/359
f 1841/3136/353 1838/3078/350 1847/3090/358
f 1835/3075/348 1837/3077/349 1867/3137/375
f 1837/3138/349 1840/3081/352 1866/3114/374
f 1870/3120/378 1872/3122/379 1846/3139/357
f 1872/3140/379 1875/3126/382 1845/3087/356
f 1868/3117/376 1869/3119/377 1876/3141/383
f 1869/3142/377 1866/3114/374 1875/3126/382
f 1863/3111/372 1865/3113/373 1853/3143/363
f 1865/3144/373 1868/3117/376 1852/3096/362
f 1856/3102/366 1858/3104/367 1874/3145/381
f 1858/3146/367 1861/3108/370 1873/3123/380
f 1854/3099/364 1855/3101/365 1862/3147/371
f 1855/3148/365 1852/3096/362 1861/3108/370
f 1849/3093/360 1851/3095/361 1825/3149/339
f 1851/3150/361 1854/3099/364 1824/3060/338
f 1831/3069/344 1832/3071/345 1860/3151/369
f 1832/3152/345 1828/3066/342 1859/3105/368
f 1863/3111/372 1849/3093/360 1821/3057/336
f 1833/3072/346 1847/3090/358 1838/3078/350
f 1859/3105/368 1828/3066/342 1824/3060/338
f 1842/3084/354 1831/3069/344 1856/3102/366
f 1845/3087/356 1875/3126/382 1866/3114/374
f 1873/3123/380 1861/3108/370 1852/3096/362
f 1877/3153/336 1881/3245/339 1878/3154/2
f 1880/3156/338 1883/3227/341 1878/3157/2
f 1882/3159/385 1879/3226/337 1878/3160/2
f 1884/3162/342 1888/3248/345 1885/3163/8
f 1887/3165/344 1890/3229/347 1885/3166/8
f 1889/3168/346 1886/3228/343 1885/3169/8
f 1891/3171/348 1895/3225/351 1892/3172/13
f 1894/3174/350 1897/3232/353 1892/3175/13
f 1896/3177/352 1893/3234/349 1892/3178/13
f 1898/3180/354 1902/3235/357 1899/3181/20
f 1901/3183/356 1904/3231/359 1899/3184/20
f 1903/3186/384 1900/3230/355 1899/3187/20
f 1905/3189/360 1909/3239/363 1906/3190/24
f 1908/3192/362 1911/3244/365 1906/3193/24
f 1910/3195/364 1907/3246/361 1906/3196/24
f 1912/3198/366 1916/3247/369 1913/3199/31
f 1915/3201/368 1918/3243/371 1913/3202/31
f 1917/3204/386 1914/3242/367 1913/3205/31
f 1919/3207/372 1923/3233/375 1920/3208/35
f 1922/3210/374 1925/3238/377 1920/3211/35
f 1924/3213/376 1921/3240/373 1920/3214/35
f 1926/3216/378 1930/3241/381 1927/3217/42
f 1929/3219/380 1932/3237/383 1927/3220/42
f 1931/3222/382 1928/3236/379 1927/3223/42
f 1877/3153/336 1879/3155/337 1895/3225/351
f 1879/3226/337 1882/3159/385 1894/3174/350
f 1884/3162/342 1886/3164/343 1883/3227/341
f 1886/3228/343 1889/3168/346 1882/3159/385
f 1898/3180/354 1900/3182/355 1890/3229/347
f 1900/3230/355 1903/3186/384 1889/3168/346
f 1896/3177/352 1897/3179/353 1904/3231/359
f 1897/3232/353 1894/3174/350 1903/3186/384
f 1891/3171/348 1893/3173/349 1923/3233/375
f 1893/3234/349 1896/3177/352 1922/3210/374
f 1926/3216/378 1928/3218/379 1902/3235/357
f 1928/3236/379 1931/3222/382 1901/3183/356
f 1924/3213/376 1925/3215/377 1932/3237/383
f 1925/3238/377 1922/3210/374 1931/3222/382
f 1919/3207/372 1921/3209/373 1909/3239/363
f 1921/3240/373 1924/3213/376 1908/3192/362
f 1912/3198/366 1914/3200/367 1930/3241/381
f 1914/3242/367 1917/3204/386 1929/3219/380
f 1910/3195/364 1911/3197/365 1918/3243/371
f 1911/3244/365 1908/3192/362 1917/3204/386
f 1905/3189/360 1907/3191/361 1881/3245/339
f 1907/3246/361 1910/3195/364 1880/3156/338
f 1887/3165/344 1888/3167/345 1916/3247/369
f 1888/3248/345 1884/3162/342 1915/3201/368
f 1919/3207/372 1905/3189/360 1877/3153/336
f 1889/3168/346 1903/3186/384 1894/3174/350
f 1915/3201/368 1884/3162/342 1880/3156/338
f 1898/3180/354 1887/3165/344 1912/3198/366
f 1901/3183/356 1931/3222/382 1922/3210/374
f 1929/3219/380 1917/3204/386 1908/3192/362
f 1933/3249/336 1937/3341/339 1934/3250/2
f 1936/3252/338 1939/3323/341 1934/3253/2
f 1938/3255/340 1935/3322/337 1934/3256/2
f 1940/3258/342 1944/3344/345 1941/3259/8
f 1943/3261/344 1946/3325/347 1941/3262/8
f 1945/3264/346 1942/3324/343 1941/3265/8
f 1947/3267/348 1951/3321/351 1948/3268/13
f 1950/3270/350 1953/3328/353 1948/3271/13
f 1952/3273/352 1949/3330/349 1948/3274/13
f 1954/3276/354 1958/3331/357 1955/3277/20
f 1957/3279/356 1960/3327/359 1955/3280/20
f 1959/3282/358 1956/3326/355 1955/3283/20
f 1961/3285/360 1965/3335/363 1962/3286/24
f 1964/3288/362 1967/3340/365 1962/3289/24
f 1966/3291/364 1963/3342/361 1962/3292/24
f 1968/3294/366 1972/3343/369 1969/3295/31
f 1971/3297/368 1974/3339/371 1969/3298/31
f 1973/3300/370 1970/3338/367 1969/3301/31
f 1975/3303/372 1979/3329/375 1976/3304/35
f 1978/3306/374 1981/3334/377 1976/3307/35
f 1980/3309/376 1977/3336/373 1976/3310/35
f 1982/3312/378 1986/3337/381 1983/3313/42
f 1985/3315/380 1988/3333/383 1983/3316/42
f 1987/3318/382 1984/3332/379 1983/3319/42
f 1933/3249/336 1935/3251/337 1951/3321/351
f 1935/3322/337 1938/3255/340 1950/3270/350
f 1940/3258/342 1942/3260/343 1939/3323/341
f 1942/3324/343 1945/3264/346 1938/3255/340
f 1954/3276/354 1956/3278/355 1946/3325/347
f 1956/3326/355 1959/3282/358 1945/3264/346
f 1952/3273/352 1953/3275/353 1960/3327/359
f 1953/3328/353 1950/3270/350 1959/3282/358
f 1947/3267/348 1949/3269/349 1979/3329/375
f 1949/3330/349 1952/3273/352 1978/3306/374
f 1982/3312/378 1984/3314/379 1958/3331/357
f 1984/3332/379 1987/3318/382 1957/3279/356
f 1980/3309/376 1981/3311/377 1988/3333/383
f 1981/3334/377 1978/3306/374 1987/3318/382
f 1975/3303/372 1977/3305/373 1965/3335/363
f 1977/3336/373 1980/3309/376 1964/3288/362
f 1968/3294/366 1970/3296/367 1986/3337/381
f 1970/3338/367 1973/3300/370 1985/3315/380
f 1966/3291/364 1967/3293/365 1974/3339/371
f 1967/3340/365 1964/3288/362 1973/3300/370
f 1961/3285/360 1963/3287/361 1937/3341/339
f 1963/3342/361 1966/3291/364 1936/3252/338
f 1943/3261/344 1944/3263/345 1972/3343/369
f 1944/3344/345 1940/3258/342 1971/3297/368
f 1975/3303/372 1961/3285/360 1933/3249/336
f 1945/3264/346 1959/3282/358 1950/3270/350
f 1971/3297/368 1940/3258/342 1936/3252/338
f 1954/3276/354 1943/3261/344 1968/3294/366
f 1957/3279/356 1987/3318/382 1978/3306/374
f 1985/3315/380 1973/3300/370 1964/3288/362
f 1989/3345/336 1993/3437/339 1990/3346/2
f 1992/3348/338 1995/3419/341 1990/3349/2
f 1994/3351/340 1991/3418/337 1990/3352/2
f 1996/3354/342 2000/3440/345 1997/3355/8
f 1999/3357/344 2002/3421/347 1997/3358/8
f 2001/3360/346 1998/3420/343 1997/3361/8
f 2003/3363/348 2007/3417/351 2004/3364/13
f 2006/3366/350 2009/3424/353 2004/3367/13
f 2008/3369/352 2005/3426/349 2004/3370/13
f 2010/3372/354 2014/3427/357 2011/3373/20
f 2013/3375/356 2016/3423/359 2011/3376/20
f 2015/3378/358 2012/3422/355 2011/3379/20
f 2017/3381/360 2021/3431/363 2018/3382/24
f 2020/3384/362 2023/3436/365 2018/3385/24
f 2022/3387/364 2019/3438/361 2018/3388/24
f 2024/3390/366 2028/3439/369 2025/3391/31
f 2027/3393/368 2030/3435/371 2025/3394/31
f 2029/3396/370 2026/3434/367 2025/3397/31
f 2031/3399/372 2035/3425/375 2032/3400/35
f 2034/3402/374 2037/3430/377 2032/3403/35
f 2036/3405/376 2033/3432/373 2032/3406/35
f 2038/3408/378 2042/3433/381 2039/3409/42
f 2041/3411/380 2044/3429/383 2039/3412/42
f 2043/3414/382 2040/3428/379 2039/3415/42
f 1989/3345/336 1991/3347/337 2007/3417/351
f 1991/3418/337 1994/3351/340 2006/3366/350
f 1996/3354/342 1998/3356/343 1995/3419/341
f 1998/3420/343 2001/3360/346 1994/3351/340
f 2010/3372/354 2012/3374/355 2002/3421/347
f 2012/3422/355 2015/3378/358 2001/3360/346
f 2008/3369/352 2009/3371/353 2016/3423/359
f 2009/3424/353 2006/3366/350 2015/3378/358
f 2003/3363/348 2005/3365/349 2035/3425/375
f 2005/3426/349 2008/3369/352 2034/3402/374
f 2038/3408/378 2040/3410/379 2014/3427/357
f 2040/3428/379 2043/3414/382 2013/3375/356
f 2036/3405/376 2037/3407/377 2044/3429/383
f 2037/3430/377 2034/3402/374 2043/3414/382
f 2031/3399/372 2033/3401/373 2021/3431/363
f 2033/3432/373 2036/3405/376 2020/3384/362
f 2024/3390/366 2026/3392/367 2042/3433/381
f 2026/3434/367 2029/3396/370 2041/3411/380
f 2022/3387/364 2023/3389/365 2030/3435/371
f 2023/3436/365 2020/3384/362 2029/3396/370
f 2017/3381/360 2019/3383/361 1993/3437/339
f 2019/3438/361 2022/3387/364 1992/3348/338
f 1999/3357/344 2000/3359/345 2028/3439/369
f 2000/3440/345 1996/3354/342 2027/3393/368
f 2031/3399/372 2017/3381/360 1989/3345/336
f 2001/3360/346 2015/3378/358 2006/3366/350
f 2027/3393/368 1996/3354/342 1992/3348/338
f 2010/3372/354 1999/3357/344 2024/3390/366
f 2013/3375/356 2043/3414/382 2034/3402/374
f 2041/3411/380 2029/3396/370 2020/3384/362
f 2045/3441/336 2049/3532/387 2046/3442/2
f 2048/3444/338 2051/3515/341 2046/3445/2
f 2050/3447/340 2047/3514/337 2046/3448/2
f 2052/3450/342 2056/3534/388 2053/3451/8
f 2055/3453/344 2058/3517/347 2053/3454/8
f 2057/3456/346 2054/3516/343 2053/3457/8
f 2059/3459/348 2063/3513/351 2060/3460/13
f 2062/3462/350 2065/3520/353 2060/3463/13
f 2064/3465/352 2061/3522/389 2060/3466/13
f 2066/3468/354 2070/3523/390 2067/3469/20
f 2069/3471/356 2072/3519/359 2067/3472/20
f 2071/3474/358 2068/3518/355 2067/3475/20
f 2073/3477/360 2077/3526/363 2074/3478/24
f 2076/3480/362 2079/3531/365 2074/3481/24
f 2078/3483/364 2075/5845/391 2074/3484/24
f 2080/3486/366 2084/3533/392 2081/3487/31
f 2083/3489/368 2086/3530/371 2081/3490/31
f 2085/3492/370 2082/3529/367 2081/3493/31
f 2087/3495/372 2091/3521/393 2088/3496/35
f 2090/3498/374 2093/3525/377 2088/3499/35
f 2092/3501/376 2089/3527/373 2088/3502/35
f 2094/3504/378 2098/3528/381 2095/3505/42
f 2097/3507/380 2100/3524/383 2095/3508/42
f 2099/3510/382 2096/5846/394 2095/3511/42
f 2045/3441/336 2047/3443/337 2063/3513/351
f 2047/3514/337 2050/3447/340 2062/3462/350
f 2052/3450/342 2054/3452/343 2051/3515/341
f 2054/3516/343 2057/3456/346 2050/3447/340
f 2066/3468/354 2068/3470/355 2058/3517/347
f 2068/3518/355 2071/3474/358 2057/3456/346
f 2064/3465/352 2065/3467/353 2072/3519/359
f 2065/3520/353 2062/3462/350 2071/3474/358
f 2087/3495/372 2059/3459/348 2061/3461/389
f 2061/3522/389 2064/3465/352 2090/3498/374
f 2094/3504/378 2096/3506/394 2070/3523/390
f 2070/3473/390 2096/5846/394 2099/3510/382
f 2092/3501/376 2093/3503/377 2100/3524/383
f 2093/3525/377 2090/3498/374 2099/3510/382
f 2087/3495/372 2089/3497/373 2077/3526/363
f 2089/3527/373 2092/3501/376 2076/3480/362
f 2080/3486/366 2082/3488/367 2098/3528/381
f 2082/3529/367 2085/3492/370 2097/3507/380
f 2078/3483/364 2079/3485/365 2086/3530/371
f 2079/3531/365 2076/3480/362 2085/3492/370
f 2073/3477/360 2075/3479/391 2049/3532/387
f 2049/3446/387 2075/5845/391 2078/3483/364
f 2080/3486/366 2055/3453/344 2056/3455/388
f 2056/3534/388 2052/3450/342 2083/3489/368
f 2087/3495/372 2073/3477/360 2045/3441/336
f 2057/3456/346 2071/3474/358 2062/3462/350
f 2083/3489/368 2052/3450/342 2048/3444/338
f 2066/3468/354 2055/3453/344 2080/3486/366
f 2069/3471/356 2099/3510/382 2090/3498/374
f 2097/3507/380 2085/3492/370 2076/3480/362
f 2101/3535/336 2105/3627/339 2102/3536/2
f 2104/3538/338 2107/3609/341 2102/3539/2
f 2106/3541/340 2103/3608/337 2102/3542/2
f 2108/3544/342 2112/3630/345 2109/3545/8
f 2111/3547/344 2114/3611/347 2109/3548/8
f 2113/3550/346 2110/3610/343 2109/3551/8
f 2115/3553/348 2119/3607/351 2116/3554/13
f 2118/3556/350 2121/3614/353 2116/3557/13
f 2120/3559/352 2117/3616/349 2116/3560/13
f 2122/3562/354 2126/3617/357 2123/3563/20
f 2125/3565/356 2128/3613/359 2123/3566/20
f 2127/3568/358 2124/3612/355 2123/3569/20
f 2129/3571/360 2133/3621/363 2130/3572/24
f 2132/3574/362 2135/3626/365 2130/3575/24
f 2134/3577/364 2131/3628/361 2130/3578/24
f 2136/3580/366 2140/3629/369 2137/3581/31
f 2139/3583/368 2142/3625/371 2137/3584/31
f 2141/3586/370 2138/3624/367 2137/3587/31
f 2143/3589/372 2147/3615/375 2144/3590/35
f 2146/3592/374 2149/3620/377 2144/3593/35
f 2148/3595/376 2145/3622/373 2144/3596/35
f 2150/3598/378 2154/3623/381 2151/3599/42
f 2153/3601/380 2156/3619/383 2151/3602/42
f 2155/3604/382 2152/3618/379 2151/3605/42
f 2101/3535/336 2103/3537/337 2119/3607/351
f 2103/3608/337 2106/3541/340 2118/3556/350
f 2108/3544/342 2110/3546/343 2107/3609/341
f 2110/3610/343 2113/3550/346 2106/3541/340
f 2122/3562/354 2124/3564/355 2114/3611/347
f 2124/3612/355 2127/3568/358 2113/3550/346
f 2120/3559/352 2121/3561/353 2128/3613/359
f 2121/3614/353 2118/3556/350 2127/3568/358
f 2115/3553/348 2117/3555/349 2147/3615/375
f 2117/3616/349 2120/3559/352 2146/3592/374
f 2150/3598/378 2152/3600/379 2126/3617/357
f 2152/3618/379 2155/3604/382 2125/3565/356
f 2148/3595/376 2149/3597/377 2156/3619/383
f 2149/3620/377 2146/3592/374 2155/3604/382
f 2143/3589/372 2145/3591/373 2133/3621/363
f 2145/3622/373 2148/3595/376 2132/3574/362
f 2136/3580/366 2138/3582/367 2154/3623/381
f 2138/3624/367 2141/3586/370 2153/3601/380
f 2134/3577/364 2135/3579/365 2142/3625/371
f 2135/3626/365 2132/3574/362 2141/3586/370
f 2129/3571/360 2131/3573/361 2105/3627/339
f 2131/3628/361 2134/3577/364 2104/3538/338
f 2111/3547/344 2112/3549/345 2140/3629/369
f 2112/3630/345 2108/3544/342 2139/3583/368
f 2143/3589/372 2129/3571/360 2101/3535/336
f 2113/3550/346 2127/3568/358 2118/3556/350
f 2139/3583/368 2108/3544/342 2104/3538/338
f 2122/3562/354 2111/3547/344 2136/3580/366
f 2125/3565/356 2155/3604/382 2146/3592/374
f 2153/3601/380 2141/3586/370 2132/3574/362
f 2157/3631/336 2161/3723/339 2158/3632/2
f 2160/3634/338 2163/3705/341 2158/3635/2
f 2162/3637/340 2159/3704/337 2158/3638/2
f 2164/3640/342 2168/3726/345 2165/3641/8
f 2167/3643/344 2170/3707/347 2165/3644/8
f 2169/3646/346 2166/3706/343 2165/3647/8
f 2171/3649/348 2175/3703/351 2172/3650/13
f 2174/3652/350 2177/3710/353 2172/3653/13
f 2176/3655/352 2173/3712/349 2172/3656/13
f 2178/3658/354 2182/3713/357 2179/3659/20
f 2181/3661/356 2184/3709/359 2179/3662/20
f 2183/3664/358 2180/3708/355 2179/3665/20
f 2185/3667/360 2189/3717/363 2186/3668/24
f 2188/3670/362 2191/3722/365 2186/3671/24
f 2190/3673/364 2187/3724/361 2186/3674/24
f 2192/3676/366 2196/3725/369 2193/3677/31
f 2195/3679/368 2198/3721/371 2193/3680/31
f 2197/3682/370 2194/3720/367 2193/3683/31
f 2199/3685/372 2203/3711/375 2200/3686/35
f 2202/3688/374 2205/3716/377 2200/3689/35
f 2204/3691/376 2201/3718/373 2200/3692/35
f 2206/3694/378 2210/3719/381 2207/3695/42
f 2209/3697/380 2212/3715/383 2207/3698/42
f 2211/3700/382 2208/3714/379 2207/3701/42
f 2157/3631/336 2159/3633/337 2175/3703/351
f 2159/3704/337 2162/3637/340 2174/3652/350
f 2164/3640/342 2166/3642/343 2163/3705/341
f 2166/3706/343 2169/3646/346 2162/3637/340
f 2178/3658/354 2180/3660/355 2170/3707/347
f 2180/3708/355 2183/3664/358 2169/3646/346
f 2176/3655/352 2177/3657/353 2184/3709/359
f 2177/3710/353 2174/3652/350 2183/3664/358
f 2171/3649/348 2173/3651/349 2203/3711/375
f 2173/3712/349 2176/3655/352 2202/3688/374
f 2206/3694/378 2208/3696/379 2182/3713/357
f 2208/3714/379 2211/3700/382 2181/3661/356
f 2204/3691/376 2205/3693/377 2212/3715/383
f 2205/3716/377 2202/3688/374 2211/3700/382
f 2199/3685/372 2201/3687/373 2189/3717/363
f 2201/3718/373 2204/3691/376 2188/3670/362
f 2192/3676/366 2194/3678/367 2210/3719/381
f 2194/3720/367 2197/3682/370 2209/3697/380
f 2190/3673/364 2191/3675/365 2198/3721/371
f 2191/3722/365 2188/3670/362 2197/3682/370
f 2185/3667/360 2187/3669/361 2161/3723/339
f 2187/3724/361 2190/3673/364 2160/3634/338
f 2167/3643/344 2168/3645/345 2196/3725/369
f 2168/3726/345 2164/3640/342 2195/3679/368
f 2199/3685/372 2185/3667/360 2157/3631/336
f 2169/3646/346 2183/3664/358 2174/3652/350
f 2195/3679/368 2164/3640/342 2160/3634/338
f 2178/3658/354 2167/3643/344 2192/3676/366
f 2181/3661/356 2211/3700/382 2202/3688/374
f 2209/3697/380 2197/3682/370 2188/3670/362
f 2213/3727/336 2217/3818/387 2214/3728/2
f 2216/3730/338 2219/3801/341 2214/3731/2
f 2218/3733/340 2215/3800/337 2214/3734/2
f 2220/3736/342 2224/3820/388 2221/3737/8
f 2223/3739/344 2226/3803/347 2221/3740/8
f 2225/3742/346 2222/3802/343 2221/3743/8
f 2227/3745/348 2231/3799/351 2228/3746/13
f 2230/3748/350 2233/3806/353 2228/3749/13
f 2232/3751/352 2229/3808/389 2228/3752/13
f 2234/3754/354 2238/3809/390 2235/3755/20
f 2237/3757/356 2240/3805/359 2235/3758/20
f 2239/3760/358 2236/3804/355 2235/3761/20
f 2241/3763/360 2245/3812/363 2242/3764/24
f 2244/3766/362 2247/3817/365 2242/3767/24
f 2246/3769/364 2243/5847/391 2242/3770/24
f 2248/3772/366 2252/3819/392 2249/3773/31
f 2251/3775/368 2254/3816/371 2249/3776/31
f 2253/3778/370 2250/3815/367 2249/3779/31
f 2255/3781/372 2259/3807/393 2256/3782/35
f 2258/3784/374 2261/3811/377 2256/3785/35
f 2260/3787/376 2257/3813/373 2256/3788/35
f 2262/3790/378 2266/3814/381 2263/3791/42
f 2265/3793/380 2268/3810/383 2263/3794/42
f 2267/3796/382 2264/5848/394 2263/3797/42
f 2213/3727/336 2215/3729/337 2231/3799/351
f 2215/3800/337 2218/3733/340 2230/3748/350
f 2220/3736/342 2222/3738/343 2219/3801/341
f 2222/3802/343 2225/3742/346 2218/3733/340
f 2234/3754/354 2236/3756/355 2226/3803/347
f 2236/3804/355 2239/3760/358 2225/3742/346
f 2232/3751/352 2233/3753/353 2240/3805/359
f 2233/3806/353 2230/3748/350 2239/3760/358
f 2255/3781/372 2227/3745/348 2229/3747/389
f 2229/3808/389 2232/3751/352 2258/3784/374
f 2262/3790/378 2264/3792/394 2238/3809/390
f 2238/3759/390 2264/5848/394 2267/3796/382
f 2260/3787/376 2261/3789/377 2268/3810/383
f 2261/3811/377 2258/3784/374 2267/3796/382
f 2255/3781/372 2257/3783/373 2245/3812/363
f 2257/3813/373 2260/3787/376 2244/3766/362
f 2248/3772/366 2250/3774/367 2266/3814/381
f 2250/3815/367 2253/3778/370 2265/3793/380
f 2246/3769/364 2247/3771/365 2254/3816/371
f 2247/3817/365 2244/3766/362 2253/3778/370
f 2241/3763/360 2243/3765/391 2217/3818/387
f 2217/3732/387 2243/5847/391 2246/3769/364
f 2248/3772/366 2223/3739/344 2224/3741/388
f 2224/3820/388 2220/3736/342 2251/3775/368
f 2255/3781/372 2241/3763/360 2213/3727/336
f 2225/3742/346 2239/3760/358 2230/3748/350
f 2251/3775/368 2220/3736/342 2216/3730/338
f 2234/3754/354 2223/3739/344 2248/3772/366
f 2237/3757/356 2267/3796/382 2258/3784/374
f 2265/3793/380 2253/3778/370 2244/3766/362
f 2269/3821/336 2273/3913/339 2270/3822/2
f 2272/3824/338 2275/3895/341 2270/3825/2
f 2274/3827/340 2271/3894/337 2270/3828/2
f 2276/3830/342 2280/3916/345 2277/3831/8
f 2279/3833/344 2282/3897/347 2277/3834/8
f 2281/3836/346 2278/3896/343 2277/3837/8
f 2283/3839/348 2287/3893/351 2284/3840/13
f 2286/3842/350 2289/3900/353 2284/3843/13
f 2288/3845/352 2285/3902/349 2284/3846/13
f 2290/3848/354 2294/3903/357 2291/3849/20
f 2293/3851/356 2296/3899/359 2291/3852/20
f 2295/3854/358 2292/3898/355 2291/3855/20
f 2297/3857/360 2301/3907/363 2298/3858/24
f 2300/3860/362 2303/3912/365 2298/3861/24
f 2302/3863/364 2299/3914/361 2298/3864/24
f 2304/3866/366 2308/3915/369 2305/3867/31
f 2307/3869/368 2310/3911/371 2305/3870/31
f 2309/3872/370 2306/3910/367 2305/3873/31
f 2311/3875/372 2315/3901/375 2312/3876/35
f 2314/3878/374 2317/3906/377 2312/3879/35
f 2316/3881/376 2313/3908/373 2312/3882/35
f 2318/3884/378 2322/3909/381 2319/3885/42
f 2321/3887/380 2324/3905/383 2319/3888/42
f 2323/3890/382 2320/3904/379 2319/3891/42
f 2269/3821/336 2271/3823/337 2287/3893/351
f 2271/3894/337 2274/3827/340 2286/3842/350
f 2276/3830/342 2278/3832/343 2275/3895/341
f 2278/3896/343 2281/3836/346 2274/3827/340
f 2290/3848/354 2292/3850/355 2282/3897/347
f 2292/3898/355 2295/3854/358 2281/3836/346
f 2288/3845/352 2289/3847/353 2296/3899/359
f 2289/3900/353 2286/3842/350 2295/3854/358
f 2283/3839/348 2285/3841/349 2315/3901/375
f 2285/3902/349 2288/3845/352 2314/3878/374
f 2318/3884/378 2320/3886/379 2294/3903/357
f 2320/3904/379 2323/3890/382 2293/3851/356
f 2316/3881/376 2317/3883/377 2324/3905/383
f 2317/3906/377 2314/3878/374 2323/3890/382
f 2311/3875/372 2313/3877/373 2301/3907/363
f 2313/3908/373 2316/3881/376 2300/3860/362
f 2304/3866/366 2306/3868/367 2322/3909/381
f 2306/3910/367 2309/3872/370 2321/3887/380
f 2302/3863/364 2303/3865/365 2310/3911/371
f 2303/3912/365 2300/3860/362 2309/3872/370
f 2297/3857/360 2299/3859/361 2273/3913/339
f 2299/3914/361 2302/3863/364 2272/3824/338
f 2279/3833/344 2280/3835/345 2308/3915/369
f 2280/3916/345 2276/3830/342 2307/3869/368
f 2311/3875/372 2297/3857/360 2269/3821/336
f 2281/3836/346 2295/3854/358 2286/3842/350
f 2307/3869/368 2276/3830/342 2272/3824/338
f 2290/3848/354 2279/3833/344 2304/3866/366
f 2293/3851/356 2323/3890/382 2314/3878/374
f 2321/3887/380 2309/3872/370 2300/3860/362
f 2325/3917/336 2329/4009/339 2326/3918/2
f 2328/3920/338 2331/3991/341 2326/3921/2
f 2330/3923/340 2327/3990/337 2326/3924/2
f 2332/3926/342 2336/4012/345 2333/3927/8
f 2335/3929/344 2338/3993/347 2333/3930/8
f 2337/3932/346 2334/3992/343 2333/3933/8
f 2339/3935/348 2343/3989/351 2340/3936/13
f 2342/3938/350 2345/3996/353 2340/3939/13
f 2344/3941/352 2341/3998/349 2340/3942/13
f 2346/3944/354 2350/3999/357 2347/3945/20
f 2349/3947/356 2352/3995/359 2347/3948/20
f 2351/3950/358 2348/3994/355 2347/3951/20
f 2353/3953/360 2357/4003/363 2354/3954/24
f 2356/3956/362 2359/4008/365 2354/3957/24
f 2358/3959/364 2355/4010/361 2354/3960/24
f 2360/3962/366 2364/4011/369 2361/3963/31
f 2363/3965/368 2366/4007/371 2361/3966/31
f 2365/3968/370 2362/4006/367 2361/3969/31
f 2367/3971/372 2371/3997/375 2368/3972/35
f 2370/3974/374 2373/4002/377 2368/3975/35
f 2372/3977/376 2369/4004/373 2368/3978/35
f 2374/3980/378 2378/4005/381 2375/3981/42
f 2377/3983/380 2380/4001/383 2375/3984/42
f 2379/3986/382 2376/4000/379 2375/3987/42
f 2325/3917/336 2327/3919/337 2343/3989/351
f 2327/3990/337 2330/3923/340 2342/3938/350
f 2332/3926/342 2334/3928/343 2331/3991/341
f 2334/3992/343 2337/3932/346 2330/3923/340
f 2346/3944/354 2348/3946/355 2338/3993/347
f 2348/3994/355 2351/3950/358 2337/3932/346
f 2344/3941/352 2345/3943/353 2352/3995/359
f 2345/3996/353 2342/3938/350 2351/3950/358
f 2339/3935/348 2341/3937/349 2371/3997/375
f 2341/3998/349 2344/3941/352 2370/3974/374
f 2374/3980/378 2376/3982/379 2350/3999/357
f 2376/4000/379 2379/3986/382 2349/3947/356
f 2372/3977/376 2373/3979/377 2380/4001/383
f 2373/4002/377 2370/3974/374 2379/3986/382
f 2367/3971/372 2369/3973/373 2357/4003/363
f 2369/4004/373 2372/3977/376 2356/3956/362
f 2360/3962/366 2362/3964/367 2378/4005/381
f 2362/4006/367 2365/3968/370 2377/3983/380
f 2358/3959/364 2359/3961/365 2366/4007/371
f 2359/4008/365 2356/3956/362 2365/3968/370
f 2353/3953/360 2355/3955/361 2329/4009/339
f 2355/4010/361 2358/3959/364 2328/3920/338
f 2335/3929/344 2336/3931/345 2364/4011/369
f 2336/4012/345 2332/3926/342 2363/3965/368
f 2367/3971/372 2353/3953/360 2325/3917/336
f 2337/3932/346 2351/3950/358 2342/3938/350
f 2363/3965/368 2332/3926/342 2328/3920/338
f 2346/3944/354 2335/3929/344 2360/3962/366
f 2349/3947/356 2379/3986/382 2370/3974/374
f 2377/3983/380 2365/3968/370 2356/3956/362
f 2381/4013/336 2385/4105/339 2382/4014/2
f 2384/4016/338 2387/4087/341 2382/4017/2
f 2386/4019/340 2383/4086/337 2382/4020/2
f 2388/4022/342 2392/4108/345 2389/4023/8
f 2391/4025/344 2394/4089/347 2389/4026/8
f 2393/4028/346 2390/4088/343 2389/4029/8
f 2395/4031/348 2399/4085/351 2396/4032/13
f 2398/4034/350 2401/4092/353 2396/4035/13
f 2400/4037/352 2397/4094/349 2396/4038/13
f 2402/4040/354 2406/4095/357 2403/4041/20
f 2405/4043/356 2408/4091/359 2403/4044/20
f 2407/4046/358 2404/4090/355 2403/4047/20
f 2409/4049/360 2413/4099/363 2410/4050/24
f 2412/4052/362 2415/4104/365 2410/4053/24
f 2414/4055/364 2411/4106/361 2410/4056/24
f 2416/4058/366 2420/4107/369 2417/4059/31
f 2419/4061/368 2422/4103/371 2417/4062/31
f 2421/4064/370 2418/4102/367 2417/4065/31
f 2423/4067/372 2427/4093/375 2424/4068/35
f 2426/4070/374 2429/4098/377 2424/4071/35
f 2428/4073/376 2425/4100/373 2424/4074/35
f 2430/4076/378 2434/4101/381 2431/4077/42
f 2433/4079/380 2436/4097/383 2431/4080/42
f 2435/4082/382 2432/4096/379 2431/4083/42
f 2381/4013/336 2383/4015/337 2399/4085/351
f 2383/4086/337 2386/4019/340 2398/4034/350
f 2388/4022/342 2390/4024/343 2387/4087/341
f 2390/4088/343 2393/4028/346 2386/4019/340
f 2402/4040/354 2404/4042/355 2394/4089/347
f 2404/4090/355 2407/4046/358 2393/4028/346
f 2400/4037/352 2401/4039/353 2408/4091/359
f 2401/4092/353 2398/4034/350 2407/4046/358
f 2395/4031/348 2397/4033/349 2427/4093/375
f 2397/4094/349 2400/4037/352 2426/4070/374
f 2430/4076/378 2432/4078/379 2406/4095/357
f 2432/4096/379 2435/4082/382 2405/4043/356
f 2428/4073/376 2429/4075/377 2436/4097/383
f 2429/4098/377 2426/4070/374 2435/4082/382
f 2423/4067/372 2425/4069/373 2413/4099/363
f 2425/4100/373 2428/4073/376 2412/4052/362
f 2416/4058/366 2418/4060/367 2434/4101/381
f 2418/4102/367 2421/4064/370 2433/4079/380
f 2414/4055/364 2415/4057/365 2422/4103/371
f 2415/4104/365 2412/4052/362 2421/4064/370
f 2409/4049/360 2411/4051/361 2385/4105/339
f 2411/4106/361 2414/4055/364 2384/4016/338
f 2391/4025/344 2392/4027/345 2420/4107/369
f 2392/4108/345 2388/4022/342 2419/4061/368
f 2423/4067/372 2409/4049/360 2381/4013/336
f 2393/4028/346 2407/4046/358 2398/4034/350
f 2419/4061/368 2388/4022/342 2384/4016/338
f 2402/4040/354 2391/4025/344 2416/4058/366
f 2405/4043/356 2435/4082/382 2426/4070/374
f 2433/4079/380 2421/4064/370 2412/4052/362
f 2437/4109/336 2441/4201/339 2438/4110/2
f 2440/4112/338 2443/4183/341 2438/4113/2
f 2442/4115/340 2439/4182/337 2438/4116/2
f 2444/4118/342 2448/4204/345 2445/4119/8
f 2447/4121/344 2450/4185/347 2445/4122/8
f 2449/4124/346 2446/4184/343 2445/4125/8
f 2451/4127/348 2455/4181/351 2452/4128/13
f 2454/4130/350 2457/4188/353 2452/4131/13
f 2456/4133/352 2453/4190/349 2452/4134/13
f 2458/4136/354 2462/4191/357 2459/4137/20
f 2461/4139/356 2464/4187/359 2459/4140/20
f 2463/4142/358 2460/4186/355 2459/4143/20
f 2465/4145/360 2469/4195/363 2466/4146/24
f 2468/4148/362 2471/4200/365 2466/4149/24
f 2470/4151/364 2467/4202/361 2466/4152/24
f 2472/4154/366 2476/4203/369 2473/4155/31
f 2475/4157/368 2478/4199/371 2473/4158/31
f 2477/4160/370 2474/4198/367 2473/4161/31
f 2479/4163/372 2483/4189/375 2480/4164/35
f 2482/4166/374 2485/4194/377 2480/4167/35
f 2484/4169/376 2481/4196/373 2480/4170/35
f 2486/4172/378 2490/4197/381 2487/4173/42
f 2489/4175/380 2492/4193/383 2487/4176/42
f 2491/4178/382 2488/4192/379 2487/4179/42
f 2437/4109/336 2439/4111/337 2455/4181/351
f 2439/4182/337 2442/4115/340 2454/4130/350
f 2444/4118/342 2446/4120/343 2443/4183/341
f 2446/4184/343 2449/4124/346 2442/4115/340
f 2458/4136/354 2460/4138/355 2450/4185/347
f 2460/4186/355 2463/4142/358 2449/4124/346
f 2456/4133/352 2457/4135/353 2464/4187/359
f 2457/4188/353 2454/4130/350 2463/4142/358
f 2451/4127/348 2453/4129/349 2483/4189/375
f 2453/4190/349 2456/4133/352 2482/4166/374
f 2486/4172/378 2488/4174/379 2462/4191/357
f 2488/4192/379 2491/4178/382 2461/4139/356
f 2484/4169/376 2485/4171/377 2492/4193/383
f 2485/4194/377 2482/4166/374 2491/4178/382
f 2479/4163/372 2481/4165/373 2469/4195/363
f 2481/4196/373 2484/4169/376 2468/4148/362
f 2472/4154/366 2474/4156/367 2490/4197/381
f 2474/4198/367 2477/4160/370 2489/4175/380
f 2470/4151/364 2471/4153/365 2478/4199/371
f 2471/4200/365 2468/4148/362 2477/4160/370
f 2465/4145/360 2467/4147/361 2441/4201/339
f 2467/4202/361 2470/4151/364 2440/4112/338
f 2447/4121/344 2448/4123/345 2476/4203/369
f 2448/4204/345 2444/4118/342 2475/4157/368
f 2479/4163/372 2465/4145/360 2437/4109/336
f 2449/4124/346 2463/4142/358 2454/4130/350
f 2475/4157/368 2444/4118/342 2440/4112/338
f 2458/4136/354 2447/4121/344 2472/4154/366
f 2461/4139/356 2491/4178/382 2482/4166/374
f 2489/4175/380 2477/4160/370 2468/4148/362
f 2493/4205/336 2497/4297/339 2494/4206/2
f 2496/4208/338 2499/4279/341 2494/4209/2
f 2498/4211/340 2495/4278/337 2494/4212/2
f 2500/4214/342 2504/4300/345 2501/4215/8
f 2503/4217/344 2506/4281/347 2501/4218/8
f 2505/4220/346 2502/4280/343 2501/4221/8
f 2507/4223/348 2511/4277/351 2508/4224/13
f 2510/4226/350 2513/4284/353 2508/4227/13
f 2512/4229/352 2509/4286/349 2508/4230/13
f 2514/4232/354 2518/4287/357 2515/4233/20
f 2517/4235/356 2520/4283/359 2515/4236/20
f 2519/4238/358 2516/4282/355 2515/4239/20
f 2521/4241/360 2525/4291/363 2522/4242/24
f 2524/4244/362 2527/4296/365 2522/4245/24
f 2526/4247/364 2523/4298/361 2522/4248/24
f 2528/4250/366 2532/4299/369 2529/4251/31
f 2531/4253/368 2534/4295/371 2529/4254/31
f 2533/4256/370 2530/4294/367 2529/4257/31
f 2535/4259/372 2539/4285/375 2536/4260/35
f 2538/4262/374 2541/4290/377 2536/4263/35
f 2540/4265/376 2537/4292/373 2536/4266/35
f 2542/4268/378 2546/4293/381 2543/4269/42
f 2545/4271/380 2548/4289/383 2543/4272/42
f 2547/4274/382 2544/4288/379 2543/4275/42
f 2493/4205/336 2495/4207/337 2511/4277/351
f 2495/4278/337 2498/4211/340 2510/4226/350
f 2500/4214/342 2502/4216/343 2499/4279/341
f 2502/4280/343 2505/4220/346 2498/4211/340
f 2514/4232/354 2516/4234/355 2506/4281/347
f 2516/4282/355 2519/4238/358 2505/4220/346
f 2512/4229/352 2513/4231/353 2520/4283/359
f 2513/4284/353 2510/4226/350 2519/4238/358
f 2507/4223/348 2509/4225/349 2539/4285/375
f 2509/4286/349 2512/4229/352 2538/4262/374
f 2542/4268/378 2544/4270/379 2518/4287/357
f 2544/4288/379 2547/4274/382 2517/4235/356
f 2540/4265/376 2541/4267/377 2548/4289/383
f 2541/4290/377 2538/4262/374 2547/4274/382
f 2535/4259/372 2537/4261/373 2525/4291/363
f 2537/4292/373 2540/4265/376 2524/4244/362
f 2528/4250/366 2530/4252/367 2546/4293/381
f 2530/4294/367 2533/4256/370 2545/4271/380
f 2526/4247/364 2527/4249/365 2534/4295/371
f 2527/4296/365 2524/4244/362 2533/4256/370
f 2521/4241/360 2523/4243/361 2497/4297/339
f 2523/4298/361 2526/4247/364 2496/4208/338
f 2503/4217/344 2504/4219/345 2532/4299/369
f 2504/4300/345 2500/4214/342 2531/4253/368
f 2535/4259/372 2521/4241/360 2493/4205/336
f 2505/4220/346 2519/4238/358 2510/4226/350
f 2531/4253/368 2500/4214/342 2496/4208/338
f 2514/4232/354 2503/4217/344 2528/4250/366
f 2517/4235/356 2547/4274/382 2538/4262/374
f 2545/4271/380 2533/4256/370 2524/4244/362
f 2549/4301/336 2553/4393/339 2550/4302/2
f 2552/4304/338 2555/4375/341 2550/4305/2
f 2554/4307/340 2551/4374/337 2550/4308/2
f 2556/4310/342 2560/4396/345 2557/4311/8
f 2559/4313/344 2562/4377/347 2557/4314/8
f 2561/4316/346 2558/4376/343 2557/4317/8
f 2563/4319/348 2567/4373/351 2564/4320/13
f 2566/4322/350 2569/4380/353 2564/4323/13
f 2568/4325/352 2565/4382/349 2564/4326/13
f 2570/4328/354 2574/4383/357 2571/4329/20
f 2573/4331/356 2576/4379/359 2571/4332/20
f 2575/4334/358 2572/4378/355 2571/4335/20
f 2577/4337/360 2581/4387/363 2578/4338/24
f 2580/4340/362 2583/4392/365 2578/4341/24
f 2582/4343/364 2579/4394/361 2578/4344/24
f 2584/4346/366 2588/4395/369 2585/4347/31
f 2587/4349/368 2590/4391/371 2585/4350/31
f 2589/4352/370 2586/4390/367 2585/4353/31
f 2591/4355/372 2595/4381/375 2592/4356/35
f 2594/4358/374 2597/4386/377 2592/4359/35
f 2596/4361/376 2593/4388/373 2592/4362/35
f 2598/4364/378 2602/4389/381 2599/4365/42
f 2601/4367/380 2604/4385/383 2599/4368/42
f 2603/4370/382 2600/4384/379 2599/4371/42
f 2549/4301/336 2551/4303/337 2567/4373/351
f 2551/4374/337 2554/4307/340 2566/4322/350
f 2556/4310/342 2558/4312/343 2555/4375/341
f 2558/4376/343 2561/4316/346 2554/4307/340
f 2570/4328/354 2572/4330/355 2562/4377/347
f 2572/4378/355 2575/4334/358 2561/4316/346
f 2568/4325/352 2569/4327/353 2576/4379/359
f 2569/4380/353 2566/4322/350 2575/4334/358
f 2563/4319/348 2565/4321/349 2595/4381/375
f 2565/4382/349 2568/4325/352 2594/4358/374
f 2598/4364/378 2600/4366/379 2574/4383/357
f 2600/4384/379 2603/4370/382 2573/4331/356
f 2596/4361/376 2597/4363/377 2604/4385/383
f 2597/4386/377 2594/4358/374 2603/4370/382
f 2591/4355/372 2593/4357/373 2581/4387/363
f 2593/4388/373 2596/4361/376 2580/4340/362
f 2584/4346/366 2586/4348/367 2602/4389/381
f 2586/4390/367 2589/4352/370 2601/4367/380
f 2582/4343/364 2583/4345/365 2590/4391/371
f 2583/4392/365 2580/4340/362 2589/4352/370
f 2577/4337/360 2579/4339/361 2553/4393/339
f 2579/4394/361 2582/4343/364 2552/4304/338
f 2559/4313/344 2560/4315/345 2588/4395/369
f 2560/4396/345 2556/4310/342 2587/4349/368
f 2591/4355/372 2577/4337/360 2549/4301/336
f 2561/4316/346 2575/4334/358 2566/4322/350
f 2587/4349/368 2556/4310/342 2552/4304/338
f 2570/4328/354 2559/4313/344 2584/4346/366
f 2573/4331/356 2603/4370/382 2594/4358/374
f 2601/4367/380 2589/4352/370 2580/4340/362
f 2605/4397/336 2609/4488/395 2606/4398/2
f 2608/4400/338 2611/4471/341 2606/4401/2
f 2610/4403/340 2607/4470/337 2606/4404/2
f 2612/4406/342 2616/5849/396 2613/4407/8
f 2615/4409/344 2618/4473/347 2613/4410/8
f 2617/4412/346 2614/4472/343 2613/4413/8
f 2619/4415/348 2623/4469/351 2620/4416/13
f 2622/4418/350 2625/4476/353 2620/4419/13
f 2624/4421/352 2621/5850/397 2620/4422/13
f 2626/4424/354 2630/4478/398 2627/4425/20
f 2629/4427/356 2632/4475/359 2627/4428/20
f 2631/4430/358 2628/4474/355 2627/4431/20
f 2633/4433/360 2637/4482/363 2634/4434/24
f 2636/4436/362 2639/4487/365 2634/4437/24
f 2638/4439/364 2635/4489/399 2634/4440/24
f 2640/4442/366 2644/4490/400 2641/4443/31
f 2643/4445/368 2646/4486/371 2641/4446/31
f 2645/4448/370 2642/4485/367 2641/4449/31
f 2647/4451/372 2651/4477/401 2648/4452/35
f 2650/4454/374 2653/4481/377 2648/4455/35
f 2652/4457/376 2649/4483/373 2648/4458/35
f 2654/4460/378 2658/4484/381 2655/4461/42
f 2657/4463/380 2660/4480/383 2655/4464/42
f 2659/4466/382 2656/4479/402 2655/4467/42
f 2605/4397/336 2607/4399/337 2623/4469/351
f 2607/4470/337 2610/4403/340 2622/4418/350
f 2612/4406/342 2614/4408/343 2611/4471/341
f 2614/4472/343 2617/4412/346 2610/4403/340
f 2626/4424/354 2628/4426/355 2618/4473/347
f 2628/4474/355 2631/4430/358 2617/4412/346
f 2624/4421/352 2625/4423/353 2632/4475/359
f 2625/4476/353 2622/4418/350 2631/4430/358
f 2619/4415/348 2621/4417/397 2651/4477/401
f 2651/4456/401 2621/5850/397 2624/4421/352
f 2626/4424/354 2654/4460/378 2656/4462/402
f 2656/4479/402 2659/4466/382 2629/4427/356
f 2652/4457/376 2653/4459/377 2660/4480/383
f 2653/4481/377 2650/4454/374 2659/4466/382
f 2647/4451/372 2649/4453/373 2637/4482/363
f 2649/4483/373 2652/4457/376 2636/4436/362
f 2640/4442/366 2642/4444/367 2658/4484/381
f 2642/4485/367 2645/4448/370 2657/4463/380
f 2638/4439/364 2639/4441/365 2646/4486/371
f 2639/4487/365 2636/4436/362 2645/4448/370
f 2605/4397/336 2633/4433/360 2635/4435/399
f 2635/4489/399 2638/4439/364 2608/4400/338
f 2615/4409/344 2616/4411/396 2644/4490/400
f 2644/4447/400 2616/5849/396 2612/4406/342
f 2647/4451/372 2633/4433/360 2605/4397/336
f 2617/4412/346 2631/4430/358 2622/4418/350
f 2643/4445/368 2612/4406/342 2608/4400/338
f 2626/4424/354 2615/4409/344 2640/4442/366
f 2629/4427/356 2659/4466/382 2650/4454/374
f 2657/4463/380 2645/4448/370 2636/4436/362
f 2661/4491/336 2665/4583/339 2662/4492/2
f 2664/4494/338 2667/4565/341 2662/4495/2
f 2666/4497/340 2663/4564/337 2662/4498/2
f 2668/4500/342 2672/4586/345 2669/4501/8
f 2671/4503/344 2674/4567/347 2669/4504/8
f 2673/4506/346 2670/4566/343 2669/4507/8
f 2675/4509/348 2679/4563/351 2676/4510/13
f 2678/4512/350 2681/4570/353 2676/4513/13
f 2680/4515/352 2677/4572/349 2676/4516/13
f 2682/4518/354 2686/4573/357 2683/4519/20
f 2685/4521/356 2688/4569/359 2683/4522/20
f 2687/4524/358 2684/4568/355 2683/4525/20
f 2689/4527/360 2693/4577/363 2690/4528/24
f 2692/4530/362 2695/4582/365 2690/4531/24
f 2694/4533/364 2691/4584/361 2690/4534/24
f 2696/4536/366 2700/4585/369 2697/4537/31
f 2699/4539/368 2702/4581/371 2697/4540/31
f 2701/4542/386 2698/4580/367 2697/4543/31
f 2703/4545/372 2707/4571/375 2704/4546/35
f 2706/4548/374 2709/4576/377 2704/4549/35
f 2708/4551/376 2705/4578/373 2704/4552/35
f 2710/4554/378 2714/4579/381 2711/4555/42
f 2713/4557/380 2716/4575/383 2711/4558/42
f 2715/4560/382 2712/4574/379 2711/4561/42
f 2661/4491/336 2663/4493/337 2679/4563/351
f 2663/4564/337 2666/4497/340 2678/4512/350
f 2668/4500/342 2670/4502/343 2667/4565/341
f 2670/4566/343 2673/4506/346 2666/4497/340
f 2682/4518/354 2684/4520/355 2674/4567/347
f 2684/4568/355 2687/4524/358 2673/4506/346
f 2680/4515/352 2681/4517/353 2688/4569/359
f 2681/4570/353 2678/4512/350 2687/4524/358
f 2675/4509/348 2677/4511/349 2707/4571/375
f 2677/4572/349 2680/4515/352 2706/4548/374
f 2710/4554/378 2712/4556/379 2686/4573/357
f 2712/4574/379 2715/4560/382 2685/4521/356
f 2708/4551/376 2709/4553/377 2716/4575/383
f 2709/4576/377 2706/4548/374 2715/4560/382
f 2703/4545/372 2705/4547/373 2693/4577/363
f 2705/4578/373 2708/4551/376 2692/4530/362
f 2696/4536/366 2698/4538/367 2714/4579/381
f 2698/4580/367 2701/4542/386 2713/4557/380
f 2694/4533/364 2695/4535/365 2702/4581/371
f 2695/4582/365 2692/4530/362 2701/4542/386
f 2689/4527/360 2691/4529/361 2665/4583/339
f 2691/4584/361 2694/4533/364 2664/4494/338
f 2671/4503/344 2672/4505/345 2700/4585/369
f 2672/4586/345 2668/4500/342 2699/4539/368
f 2703/4545/372 2689/4527/360 2661/4491/336
f 2673/4506/346 2687/4524/358 2678/4512/350
f 2699/4539/368 2668/4500/342 2664/4494/338
f 2682/4518/354 2671/4503/344 2696/4536/366
f 2685/4521/356 2715/4560/382 2706/4548/374
f 2713/4557/380 2701/4542/386 2692/4530/362
f 2717/4587/336 2721/4678/387 2718/4588/2
f 2720/4590/338 2723/4661/341 2718/4591/2
f 2722/4593/340 2719/4660/337 2718/4594/2
f 2724/4596/342 2728/4680/388 2725/4597/8
f 2727/4599/344 2730/4663/347 2725/4600/8
f 2729/4602/346 2726/4662/343 2725/4603/8
f 2731/4605/348 2735/4659/351 2732/4606/13
f 2734/4608/350 2737/4666/353 2732/4609/13
f 2736/4611/352 2733/4668/389 2732/4612/13
f 2738/4614/354 2742/4669/390 2739/4615/20
f 2741/4617/356 2744/4665/359 2739/4618/20
f 2743/4620/358 2740/4664/355 2739/4621/20
f 2745/4623/360 2749/4672/363 2746/4624/24
f 2748/4626/362 2751/4677/365 2746/4627/24
f 2750/4629/364 2747/5851/391 2746/4630/24
f 2752/4632/366 2756/4679/392 2753/4633/31
f 2755/4635/368 2758/4676/371 2753/4636/31
f 2757/4638/370 2754/4675/367 2753/4639/31
f 2759/4641/372 2763/4667/393 2760/4642/35
f 2762/4644/374 2765/4671/377 2760/4645/35
f 2764/4647/376 2761/4673/373 2760/4648/35
f 2766/4650/378 2770/4674/381 2767/4651/42
f 2769/4653/380 2772/4670/383 2767/4654/42
f 2771/4656/382 2768/5852/394 2767/4657/42
f 2717/4587/336 2719/4589/337 2735/4659/351
f 2719/4660/337 2722/4593/340 2734/4608/350
f 2724/4596/342 2726/4598/343 2723/4661/341
f 2726/4662/343 2729/4602/346 2722/4593/340
f 2738/4614/354 2740/4616/355 2730/4663/347
f 2740/4664/355 2743/4620/358 2729/4602/346
f 2736/4611/352 2737/4613/353 2744/4665/359
f 2737/4666/353 2734/4608/350 2743/4620/358
f 2759/4641/372 2731/4605/348 2733/4607/389
f 2733/4668/389 2736/4611/352 2762/4644/374
f 2766/4650/378 2768/4652/394 2742/4669/390
f 2742/4619/390 2768/5852/394 2771/4656/382
f 2764/4647/376 2765/4649/377 2772/4670/383
f 2765/4671/377 2762/4644/374 2771/4656/382
f 2759/4641/372 2761/4643/373 2749/4672/363
f 2761/4673/373 2764/4647/376 2748/4626/362
f 2752/4632/366 2754/4634/367 2770/4674/381
f 2754/4675/367 2757/4638/370 2769/4653/380
f 2750/4629/364 2751/4631/365 2758/4676/371
f 2751/4677/365 2748/4626/362 2757/4638/370
f 2745/4623/360 2747/4625/391 2721/4678/387
f 2721/4592/387 2747/5851/391 2750/4629/364
f 2752/4632/366 2727/4599/344 2728/4601/388
f 2728/4680/388 2724/4596/342 2755/4635/368
f 2759/4641/372 2745/4623/360 2717/4587/336
f 2729/4602/346 2743/4620/358 2734/4608/350
f 2755/4635/368 2724/4596/342 2720/4590/338
f 2738/4614/354 2727/4599/344 2752/4632/366
f 2741/4617/356 2771/4656/382 2762/4644/374
f 2769/4653/380 2757/4638/370 2748/4626/362
f 2773/4681/336 2777/4772/387 2774/4682/2
f 2776/4684/338 2779/4755/341 2774/4685/2
f 2778/4687/340 2775/4754/337 2774/4688/2
f 2780/4690/342 2784/4774/388 2781/4691/8
f 2783/4693/344 2786/4757/347 2781/4694/8
f 2785/4696/346 2782/4756/343 2781/4697/8
f 2787/4699/348 2791/4753/351 2788/4700/13
f 2790/4702/350 2793/4760/353 2788/4703/13
f 2792/4705/352 2789/4762/389 2788/4706/13
f 2794/4708/354 2798/4763/390 2795/4709/20
f 2797/4711/356 2800/4759/359 2795/4712/20
f 2799/4714/358 2796/4758/355 2795/4715/20
f 2801/4717/360 2805/4766/363 2802/4718/24
f 2804/4720/362 2807/4771/365 2802/4721/24
f 2806/4723/364 2803/5853/391 2802/4724/24
f 2808/4726/366 2812/4773/392 2809/4727/31
f 2811/4729/368 2814/4770/371 2809/4730/31
f 2813/4732/370 2810/4769/367 2809/4733/31
f 2815/4735/372 2819/4761/393 2816/4736/35
f 2818/4738/374 2821/4765/377 2816/4739/35
f 2820/4741/376 2817/4767/373 2816/4742/35
f 2822/4744/378 2826/4768/381 2823/4745/42
f 2825/4747/380 2828/4764/383 2823/4748/42
f 2827/4750/382 2824/5854/394 2823/4751/42
f 2773/4681/336 2775/4683/337 2791/4753/351
f 2775/4754/337 2778/4687/340 2790/4702/350
f 2780/4690/342 2782/4692/343 2779/4755/341
f 2782/4756/343 2785/4696/346 2778/4687/340
f 2794/4708/354 2796/4710/355 2786/4757/347
f 2796/4758/355 2799/4714/358 2785/4696/346
f 2792/4705/352 2793/4707/353 2800/4759/359
f 2793/4760/353 2790/4702/350 2799/4714/358
f 2815/4735/372 2787/4699/348 2789/4701/389
f 2789/4762/389 2792/4705/352 2818/4738/374
f 2822/4744/378 2824/4746/394 2798/4763/390
f 2798/4713/390 2824/5854/394 2827/4750/382
f 2820/4741/376 2821/4743/377 2828/4764/383
f 2821/4765/377 2818/4738/374 2827/4750/382
f 2815/4735/372 2817/4737/373 2805/4766/363
f 2817/4767/373 2820/4741/376 2804/4720/362
f 2808/4726/366 2810/4728/367 2826/4768/381
f 2810/4769/367 2813/4732/370 2825/4747/380
f 2806/4723/364 2807/4725/365 2814/4770/371
f 2807/4771/365 2804/4720/362 2813/4732/370
f 2801/4717/360 2803/4719/391 2777/4772/387
f 2777/4686/387 2803/5853/391 2806/4723/364
f 2808/4726/366 2783/4693/344 2784/4695/388
f 2784/4774/388 2780/4690/342 2811/4729/368
f 2815/4735/372 2801/4717/360 2773/4681/336
f 2785/4696/346 2799/4714/358 2790/4702/350
f 2811/4729/368 2780/4690/342 2776/4684/338
f 2794/4708/354 2783/4693/344 2808/4726/366
f 2797/4711/356 2827/4750/382 2818/4738/374
f 2825/4747/380 2813/4732/370 2804/4720/362
f 2829/4775/336 2833/4867/339 2830/4776/2
f 2832/4778/338 2835/4849/341 2830/4779/2
f 2834/4781/340 2831/4848/337 2830/4782/2
f 2836/4784/342 2840/4870/345 2837/4785/8
f 2839/4787/344 2842/4851/347 2837/4788/8
f 2841/4790/346 2838/4850/343 2837/4791/8
f 2843/4793/348 2847/4847/351 2844/4794/13
f 2846/4796/350 2849/4854/353 2844/4797/13
f 2848/4799/352 2845/4856/349 2844/4800/13
f 2850/4802/354 2854/4857/357 2851/4803/20
f 2853/4805/356 2856/4853/359 2851/4806/20
f 2855/4808/358 2852/4852/355 2851/4809/20
f 2857/4811/360 2861/4861/363 2858/4812/24
f 2860/4814/362 2863/4866/365 2858/4815/24
f 2862/4817/364 2859/4868/361 2858/4818/24
f 2864/4820/366 2868/4869/369 2865/4821/31
f 2867/4823/368 2870/4865/371 2865/4824/31
f 2869/4826/370 2866/4864/367 2865/4827/31
f 2871/4829/372 2875/4855/375 2872/4830/35
f 2874/4832/374 2877/4860/377 2872/4833/35
f 2876/4835/376 2873/4862/373 2872/4836/35
f 2878/4838/378 2882/4863/381 2879/4839/42
f 2881/4841/380 2884/4859/383 2879/4842/42
f 2883/4844/382 2880/4858/379 2879/4845/42
f 2829/4775/336 2831/4777/337 2847/4847/351
f 2831/4848/337 2834/4781/340 2846/4796/350
f 2836/4784/342 2838/4786/343 2835/4849/341
f 2838/4850/343 2841/4790/346 2834/4781/340
f 2850/4802/354 2852/4804/355 2842/4851/347
f 2852/4852/355 2855/4808/358 2841/4790/346
f 2848/4799/352 2849/4801/353 2856/4853/359
f 2849/4854/353 2846/4796/350 2855/4808/358
f 2843/4793/348 2845/4795/349 2875/4855/375
f 2845/4856/349 2848/4799/352 2874/4832/374
f 2878/4838/378 2880/4840/379 2854/4857/357
f 2880/4858/379 2883/4844/382 2853/4805/356
f 2876/4835/376 2877/4837/377 2884/4859/383
f 2877/4860/377 2874/4832/374 2883/4844/382
f 2871/4829/372 2873/4831/373 2861/4861/363
f 2873/4862/373 2876/4835/376 2860/4814/362
f 2864/4820/366 2866/4822/367 2882/4863/381
f 2866/4864/367 2869/4826/370 2881/4841/380
f 2862/4817/364 2863/4819/365 2870/4865/371
f 2863/4866/365 2860/4814/362 2869/4826/370
f 2857/4811/360 2859/4813/361 2833/4867/339
f 2859/4868/361 2862/4817/364 2832/4778/338
f 2839/4787/344 2840/4789/345 2868/4869/369
f 2840/4870/345 2836/4784/342 2867/4823/368
f 2871/4829/372 2857/4811/360 2829/4775/336
f 2841/4790/346 2855/4808/358 2846/4796/350
f 2867/4823/368 2836/4784/342 2832/4778/338
f 2850/4802/354 2839/4787/344 2864/4820/366
f 2853/4805/356 2883/4844/382 2874/4832/374
f 2881/4841/380 2869/4826/370 2860/4814/362
f 2885/4871/336 2889/4963/339 2886/4872/2
f 2888/4874/338 2891/4945/341 2886/4875/2
f 2890/4877/340 2887/4944/337 2886/4878/2
f 2892/4880/342 2896/4966/345 2893/4881/8
f 2895/4883/344 2898/4947/347 2893/4884/8
f 2897/4886/346 2894/4946/343 2893/4887/8
f 2899/4889/348 2903/4943/351 2900/4890/13
f 2902/4892/350 2905/4950/353 2900/4893/13
f 2904/4895/352 2901/4952/349 2900/4896/13
f 2906/4898/354 2910/4953/357 2907/4899/20
f 2909/4901/356 2912/4949/359 2907/4902/20
f 2911/4904/358 2908/4948/355 2907/4905/20
f 2913/4907/360 2917/4957/363 2914/4908/24
f 2916/4910/362 2919/4962/365 2914/4911/24
f 2918/4913/364 2915/4964/361 2914/4914/24
f 2920/4916/366 2924/4965/369 2921/4917/31
f 2923/4919/368 2926/4961/371 2921/4920/31
f 2925/4922/370 2922/4960/367 2921/4923/31
f 2927/4925/372 2931/4951/375 2928/4926/35
f 2930/4928/374 2933/4956/377 2928/4929/35
f 2932/4931/376 2929/4958/373 2928/4932/35
f 2934/4934/378 2938/4959/381 2935/4935/42
f 2937/4937/380 2940/4955/383 2935/4938/42
f 2939/4940/382 2936/4954/379 2935/4941/42
f 2885/4871/336 2887/4873/337 2903/4943/351
f 2887/4944/337 2890/4877/340 2902/4892/350
f 2892/4880/342 2894/4882/343 2891/4945/341
f 2894/4946/343 2897/4886/346 2890/4877/340
f 2906/4898/354 2908/4900/355 2898/4947/347
f 2908/4948/355 2911/4904/358 2897/4886/346
f 2904/4895/352 2905/4897/353 2912/4949/359
f 2905/4950/353 2902/4892/350 2911/4904/358
f 2899/4889/348 2901/4891/349 2931/4951/375
f 2901/4952/349 2904/4895/352 2930/4928/374
f 2934/4934/378 2936/4936/379 2910/4953/357
f 2936/4954/379 2939/4940/382 2909/4901/356
f 2932/4931/376 2933/4933/377 2940/4955/383
f 2933/4956/377 2930/4928/374 2939/4940/382
f 2927/4925/372 2929/4927/373 2917/4957/363
f 2929/4958/373 2932/4931/376 2916/4910/362
f 2920/4916/366 2922/4918/367 2938/4959/381
f 2922/4960/367 2925/4922/370 2937/4937/380
f 2918/4913/364 2919/4915/365 2926/4961/371
f 2919/4962/365 2916/4910/362 2925/4922/370
f 2913/4907/360 2915/4909/361 2889/4963/339
f 2915/4964/361 2918/4913/364 2888/4874/338
f 2895/4883/344 2896/4885/345 2924/4965/369
f 2896/4966/345 2892/4880/342 2923/4919/368
f 2927/4925/372 2913/4907/360 2885/4871/336
f 2897/4886/346 2911/4904/358 2902/4892/350
f 2923/4919/368 2892/4880/342 2888/4874/338
f 2906/4898/354 2895/4883/344 2920/4916/366
f 2909/4901/356 2939/4940/382 2930/4928/374
f 2937/4937/380 2925/4922/370 2916/4910/362
f 2941/4967/336 2945/5059/339 2942/4968/2
f 2944/4970/338 2947/5041/341 2942/4971/2
f 2946/4973/340 2943/5040/337 2942/4974/2
f 2948/4976/342 2952/5062/345 2949/4977/8
f 2951/4979/344 2954/5043/347 2949/4980/8
f 2953/4982/346 2950/5042/343 2949/4983/8
f 2955/4985/348 2959/5039/351 2956/4986/13
f 2958/4988/350 2961/5046/353 2956/4989/13
f 2960/4991/352 2957/5048/349 2956/4992/13
f 2962/4994/354 2966/5049/357 2963/4995/20
f 2965/4997/356 2968/5045/359 2963/4998/20
f 2967/5000/358 2964/5044/355 2963/5001/20
f 2969/5003/360 2973/5053/363 2970/5004/24
f 2972/5006/362 2975/5058/365 2970/5007/24
f 2974/5009/364 2971/5060/361 2970/5010/24
f 2976/5012/366 2980/5061/369 2977/5013/31
f 2979/5015/368 2982/5057/371 2977/5016/31
f 2981/5018/370 2978/5056/367 2977/5019/31
f 2983/5021/372 2987/5047/375 2984/5022/35
f 2986/5024/374 2989/5052/377 2984/5025/35
f 2988/5027/376 2985/5054/373 2984/5028/35
f 2990/5030/378 2994/5055/381 2991/5031/42
f 2993/5033/380 2996/5051/383 2991/5034/42
f 2995/5036/382 2992/5050/379 2991/5037/42
f 2941/4967/336 2943/4969/337 2959/5039/351
f 2943/5040/337 2946/4973/340 2958/4988/350
f 2948/4976/342 2950/4978/343 2947/5041/341
f 2950/5042/343 2953/4982/346 2946/4973/340
f 2962/4994/354 2964/4996/355 2954/5043/347
f 2964/5044/355 2967/5000/358 2953/4982/346
f 2960/4991/352 2961/4993/353 2968/5045/359
f 2961/5046/353 2958/4988/350 2967/5000/358
f 2955/4985/348 2957/4987/349 2987/5047/375
f 2957/5048/349 2960/4991/352 2986/5024/374
f 2990/5030/378 2992/5032/379 2966/5049/357
f 2992/5050/379 2995/5036/382 2965/4997/356
f 2988/5027/376 2989/5029/377 2996/5051/383
f 2989/5052/377 2986/5024/374 2995/5036/382
f 2983/5021/372 2985/5023/373 2973/5053/363
f 2985/5054/373 2988/5027/376 2972/5006/362
f 2976/5012/366 2978/5014/367 2994/5055/381
f 2978/5056/367 2981/5018/370 2993/5033/380
f 2974/5009/364 2975/5011/365 2982/5057/371
f 2975/5058/365 2972/5006/362 2981/5018/370
f 2969/5003/360 2971/5005/361 2945/5059/339
f 2971/5060/361 2974/5009/364 2944/4970/338
f 2951/4979/344 2952/4981/345 2980/5061/369
f 2952/5062/345 2948/4976/342 2979/5015/368
f 2983/5021/372 2969/5003/360 2941/4967/336
f 2953/4982/346 2967/5000/358 2958/4988/350
f 2979/5015/368 2948/4976/342 2944/4970/338
f 2962/4994/354 2951/4979/344 2976/5012/366
f 2965/4997/356 2995/5036/382 2986/5024/374
f 2993/5033/380 2981/5018/370 2972/5006/362
f 2997/5063/336 3001/5155/339 2998/5064/2
f 3000/5066/338 3003/5137/341 2998/5067/2
f 3002/5069/340 2999/5136/337 2998/5070/2
f 3004/5072/342 3008/5158/345 3005/5073/8
f 3007/5075/344 3010/5139/347 3005/5076/8
f 3009/5078/346 3006/5138/343 3005/5079/8
f 3011/5081/348 3015/5135/351 3012/5082/13
f 3014/5084/350 3017/5142/353 3012/5085/13
f 3016/5087/352 3013/5144/349 3012/5088/13
f 3018/5090/354 3022/5145/357 3019/5091/20
f 3021/5093/356 3024/5141/359 3019/5094/20
f 3023/5096/358 3020/5140/355 3019/5097/20
f 3025/5099/360 3029/5149/363 3026/5100/24
f 3028/5102/362 3031/5154/365 3026/5103/24
f 3030/5105/364 3027/5156/361 3026/5106/24
f 3032/5108/366 3036/5157/369 3033/5109/31
f 3035/5111/368 3038/5153/371 3033/5112/31
f 3037/5114/370 3034/5152/367 3033/5115/31
f 3039/5117/372 3043/5143/375 3040/5118/35
f 3042/5120/374 3045/5148/377 3040/5121/35
f 3044/5123/376 3041/5150/373 3040/5124/35
f 3046/5126/378 3050/5151/381 3047/5127/42
f 3049/5129/380 3052/5147/383 3047/5130/42
f 3051/5132/382 3048/5146/379 3047/5133/42
f 2997/5063/336 2999/5065/337 3015/5135/351
f 2999/5136/337 3002/5069/340 3014/5084/350
f 3004/5072/342 3006/5074/343 3003/5137/341
f 3006/5138/343 3009/5078/346 3002/5069/340
f 3018/5090/354 3020/5092/355 3010/5139/347
f 3020/5140/355 3023/5096/358 3009/5078/346
f 3016/5087/352 3017/5089/353 3024/5141/359
f 3017/5142/353 3014/5084/350 3023/5096/358
f 3011/5081/348 3013/5083/349 3043/5143/375
f 3013/5144/349 3016/5087/352 3042/5120/374
f 3046/5126/378 3048/5128/379 3022/5145/357
f 3048/5146/379 3051/5132/382 3021/5093/356
f 3044/5123/376 3045/5125/377 3052/5147/383
f 3045/5148/377 3042/5120/374 3051/5132/382
f 3039/5117/372 3041/5119/373 3029/5149/363
f 3041/5150/373 3044/5123/376 3028/5102/362
f 3032/5108/366 3034/5110/367 3050/5151/381
f 3034/5152/367 3037/5114/370 3049/5129/380
f 3030/5105/364 3031/5107/365 3038/5153/371
f 3031/5154/365 3028/5102/362 3037/5114/370
f 3025/5099/360 3027/5101/361 3001/5155/339
f 3027/5156/361 3030/5105/364 3000/5066/338
f 3007/5075/344 3008/5077/345 3036/5157/369
f 3008/5158/345 3004/5072/342 3035/5111/368
f 3039/5117/372 3025/5099/360 2997/5063/336
f 3009/5078/346 3023/5096/358 3014/5084/350
f 3035/5111/368 3004/5072/342 3000/5066/338
f 3018/5090/354 3007/5075/344 3032/5108/366
f 3021/5093/356 3051/5132/382 3042/5120/374
f 3049/5129/380 3037/5114/370 3028/5102/362
f 3053/5159/336 3057/5251/339 3054/5160/2
f 3056/5162/338 3059/5233/341 3054/5163/2
f 3058/5165/340 3055/5232/337 3054/5166/2
f 3060/5168/342 3064/5254/345 3061/5169/8
f 3063/5171/344 3066/5235/347 3061/5172/8
f 3065/5174/346 3062/5234/343 3061/5175/8
f 3067/5177/348 3071/5231/351 3068/5178/13
f 3070/5180/350 3073/5238/353 3068/5181/13
f 3072/5183/352 3069/5240/349 3068/5184/13
f 3074/5186/354 3078/5241/357 3075/5187/20
f 3077/5189/356 3080/5237/359 3075/5190/20
f 3079/5192/358 3076/5236/355 3075/5193/20
f 3081/5195/360 3085/5245/363 3082/5196/24
f 3084/5198/362 3087/5250/365 3082/5199/24
f 3086/5201/364 3083/5252/361 3082/5202/24
f 3088/5204/366 3092/5253/369 3089/5205/31
f 3091/5207/368 3094/5249/371 3089/5208/31
f 3093/5210/370 3090/5248/367 3089/5211/31
f 3095/5213/372 3099/5239/375 3096/5214/35
f 3098/5216/374 3101/5244/377 3096/5217/35
f 3100/5219/376 3097/5246/373 3096/5220/35
f 3102/5222/378 3106/5247/381 3103/5223/42
f 3105/5225/380 3108/5243/383 3103/5226/42
f 3107/5228/382 3104/5242/379 3103/5229/42
f 3053/5159/336 3055/5161/337 3071/5231/351
f 3055/5232/337 3058/5165/340 3070/5180/350
f 3060/5168/342 3062/5170/343 3059/5233/341
f 3062/5234/343 3065/5174/346 3058/5165/340
f 3074/5186/354 3076/5188/355 3066/5235/347
f 3076/5236/355 3079/5192/358 3065/5174/346
f 3072/5183/352 3073/5185/353 3080/5237/359
f 3073/5238/353 3070/5180/350 3079/5192/358
f 3067/5177/348 3069/5179/349 3099/5239/375
f 3069/5240/349 3072/5183/352 3098/5216/374
f 3102/5222/378 3104/5224/379 3078/5241/357
f 3104/5242/379 3107/5228/382 3077/5189/356
f 3100/5219/376 3101/5221/377 3108/5243/383
f 3101/5244/377 3098/5216/374 3107/5228/382
f 3095/5213/372 3097/5215/373 3085/5245/363
f 3097/5246/373 3100/5219/376 3084/5198/362
f 3088/5204/366 3090/5206/367 3106/5247/381
f 3090/5248/367 3093/5210/370 3105/5225/380
f 3086/5201/364 3087/5203/365 3094/5249/371
f 3087/5250/365 3084/5198/362 3093/5210/370
f 3081/5195/360 3083/5197/361 3057/5251/339
f 3083/5252/361 3086/5201/364 3056/5162/338
f 3063/5171/344 3064/5173/345 3092/5253/369
f 3064/5254/345 3060/5168/342 3091/5207/368
f 3095/5213/372 3081/5195/360 3053/5159/336
f 3065/5174/346 3079/5192/358 3070/5180/350
f 3091/5207/368 3060/5168/342 3056/5162/338
f 3074/5186/354 3063/5171/344 3088/5204/366
f 3077/5189/356 3107/5228/382 3098/5216/374
f 3105/5225/380 3093/5210/370 3084/5198/362
f 3109/5255/336 3113/5346/387 3110/5256/2
f 3112/5258/338 3115/5329/341 3110/5259/2
f 3114/5261/340 3111/5328/337 3110/5262/2
f 3116/5264/342 3120/5348/388 3117/5265/8
f 3119/5267/344 3122/5331/347 3117/5268/8
f 3121/5270/346 3118/5330/343 3117/5271/8
f 3123/5273/348 3127/5327/351 3124/5274/13
f 3126/5276/350 3129/5334/353 3124/5277/13
f 3128/5279/352 3125/5336/389 3124/5280/13
f 3130/5282/354 3134/5337/390 3131/5283/20
f 3133/5285/356 3136/5333/359 3131/5286/20
f 3135/5288/358 3132/5332/355 3131/5289/20
f 3137/5291/360 3141/5340/363 3138/5292/24
f 3140/5294/362 3143/5345/365 3138/5295/24
f 3142/5297/364 3139/5855/391 3138/5298/24
f 3144/5300/366 3148/5347/392 3145/5301/31
f 3147/5303/368 3150/5344/371 3145/5304/31
f 3149/5306/370 3146/5343/367 3145/5307/31
f 3151/5309/372 3155/5335/393 3152/5310/35
f 3154/5312/374 3157/5339/377 3152/5313/35
f 3156/5315/376 3153/5341/373 3152/5316/35
f 3158/5318/378 3162/5342/381 3159/5319/42
f 3161/5321/380 3164/5338/383 3159/5322/42
f 3163/5324/382 3160/5856/394 3159/5325/42
f 3109/5255/336 3111/5257/337 3127/5327/351
f 3111/5328/337 3114/5261/340 3126/5276/350
f 3116/5264/342 3118/5266/343 3115/5329/341
f 3118/5330/343 3121/5270/346 3114/5261/340
f 3130/5282/354 3132/5284/355 3122/5331/347
f 3132/5332/355 3135/5288/358 3121/5270/346
f 3128/5279/352 3129/5281/353 3136/5333/359
f 3129/5334/353 3126/5276/350 3135/5288/358
f 3151/5309/372 3123/5273/348 3125/5275/389
f 3125/5336/389 3128/5279/352 3154/5312/374
f 3158/5318/378 3160/5320/394 3134/5337/390
f 3134/5287/390 3160/5856/394 3163/5324/382
f 3156/5315/376 3157/5317/377 3164/5338/383
f 3157/5339/377 3154/5312/374 3163/5324/382
f 3151/5309/372 3153/5311/373 3141/5340/363
f 3153/5341/373 3156/5315/376 3140/5294/362
f 3144/5300/366 3146/5302/367 3162/5342/381
f 3146/5343/367 3149/5306/370 3161/5321/380
f 3142/5297/364 3143/5299/365 3150/5344/371
f 3143/5345/365 3140/5294/362 3149/5306/370
f 3137/5291/360 3139/5293/391 3113/5346/387
f 3113/5260/387 3139/5855/391 3142/5297/364
f 3144/5300/366 3119/5267/344 3120/5269/388
f 3120/5348/388 3116/5264/342 3147/5303/368
f 3151/5309/372 3137/5291/360 3109/5255/336
f 3121/5270/346 3135/5288/358 3126/5276/350
f 3147/5303/368 3116/5264/342 3112/5258/338
f 3130/5282/354 3119/5267/344 3144/5300/366
f 3133/5285/356 3163/5324/382 3154/5312/374
f 3161/5321/380 3149/5306/370 3140/5294/362
f 3165/5349/336 3169/5441/339 3166/5350/2
f 3168/5352/338 3171/5423/341 3166/5353/2
f 3170/5355/340 3167/5422/337 3166/5356/2
f 3172/5358/342 3176/5444/345 3173/5359/8
f 3175/5361/344 3178/5425/347 3173/5362/8
f 3177/5364/346 3174/5424/343 3173/5365/8
f 3179/5367/348 3183/5421/351 3180/5368/13
f 3182/5370/350 3185/5428/353 3180/5371/13
f 3184/5373/352 3181/5430/349 3180/5374/13
f 3186/5376/354 3190/5431/357 3187/5377/20
f 3189/5379/356 3192/5427/359 3187/5380/20
f 3191/5382/358 3188/5426/355 3187/5383/20
f 3193/5385/360 3197/5435/363 3194/5386/24
f 3196/5388/362 3199/5440/365 3194/5389/24
f 3198/5391/364 3195/5442/361 3194/5392/24
f 3200/5394/366 3204/5443/369 3201/5395/31
f 3203/5397/368 3206/5439/371 3201/5398/31
f 3205/5400/370 3202/5438/367 3201/5401/31
f 3207/5403/372 3211/5429/375 3208/5404/35
f 3210/5406/374 3213/5434/377 3208/5407/35
f 3212/5409/376 3209/5436/373 3208/5410/35
f 3214/5412/378 3218/5437/381 3215/5413/42
f 3217/5415/380 3220/5433/383 3215/5416/42
f 3219/5418/382 3216/5432/379 3215/5419/42
f 3165/5349/336 3167/5351/337 3183/5421/351
f 3167/5422/337 3170/5355/340 3182/5370/350
f 3172/5358/342 3174/5360/343 3171/5423/341
f 3174/5424/343 3177/5364/346 3170/5355/340
f 3186/5376/354 3188/5378/355 3178/5425/347
f 3188/5426/355 3191/5382/358 3177/5364/346
f 3184/5373/352 3185/5375/353 3192/5427/359
f 3185/5428/353 3182/5370/350 3191/5382/358
f 3179/5367/348 3181/5369/349 3211/5429/375
f 3181/5430/349 3184/5373/352 3210/5406/374
f 3214/5412/378 3216/5414/379 3190/5431/357
f 3216/5432/379 3219/5418/382 3189/5379/356
f 3212/5409/376 3213/5411/377 3220/5433/383
f 3213/5434/377 3210/5406/374 3219/5418/382
f 3207/5403/372 3209/5405/373 3197/5435/363
f 3209/5436/373 3212/5409/376 3196/5388/362
f 3200/5394/366 3202/5396/367 3218/5437/381
f 3202/5438/367 3205/5400/370 3217/5415/380
f 3198/5391/364 3199/5393/365 3206/5439/371
f 3199/5440/365 3196/5388/362 3205/5400/370
f 3193/5385/360 3195/5387/361 3169/5441/339
f 3195/5442/361 3198/5391/364 3168/5352/338
f 3175/5361/344 3176/5363/345 3204/5443/369
f 3176/5444/345 3172/5358/342 3203/5397/368
f 3207/5403/372 3193/5385/360 3165/5349/336
f 3177/5364/346 3191/5382/358 3182/5370/350
f 3203/5397/368 3172/5358/342 3168/5352/338
f 3186/5376/354 3175/5361/344 3200/5394/366
f 3189/5379/356 3219/5418/382 3210/5406/374
f 3217/5415/380 3205/5400/370 3196/5388/362
f 3221/5445/336 3225/5537/339 3222/5446/2
f 3224/5448/338 3227/5519/341 3222/5449/2
f 3226/5451/340 3223/5518/337 3222/5452/2
f 3228/5454/342 3232/5540/345 3229/5455/8
f 3231/5457/344 3234/5521/347 3229/5458/8
f 3233/5460/346 3230/5520/343 3229/5461/8
f 3235/5463/348 3239/5517/351 3236/5464/13
f 3238/5466/350 3241/5524/353 3236/5467/13
f 3240/5469/352 3237/5526/349 3236/5470/13
f 3242/5472/354 3246/5527/357 3243/5473/20
f 3245/5475/356 3248/5523/359 3243/5476/20
f 3247/5478/358 3244/5522/355 3243/5479/20
f 3249/5481/360 3253/5531/363 3250/5482/24
f 3252/5484/362 3255/5536/365 3250/5485/24
f 3254/5487/364 3251/5538/361 3250/5488/24
f 3256/5490/366 3260/5539/369 3257/5491/31
f 3259/5493/368 3262/5535/371 3257/5494/31
f 3261/5496/370 3258/5534/367 3257/5497/31
f 3263/5499/372 3267/5525/375 3264/5500/35
f 3266/5502/374 3269/5530/377 3264/5503/35
f 3268/5505/376 3265/5532/373 3264/5506/35
f 3270/5508/378 3274/5533/381 3271/5509/42
f 3273/5511/380 3276/5529/383 3271/5512/42
f 3275/5514/382 3272/5528/379 3271/5515/42
f 3221/5445/336 3223/5447/337 3239/5517/351
f 3223/5518/337 3226/5451/340 3238/5466/350
f 3228/5454/342 3230/5456/343 3227/5519/341
f 3230/5520/343 3233/5460/346 3226/5451/340
f 3242/5472/354 3244/5474/355 3234/5521/347
f 3244/5522/355 3247/5478/358 3233/5460/346
f 3240/5469/352 3241/5471/353 3248/5523/359
f 3241/5524/353 3238/5466/350 3247/5478/358
f 3235/5463/348 3237/5465/349 3267/5525/375
f 3237/5526/349 3240/5469/352 3266/5502/374
f 3270/5508/378 3272/5510/379 3246/5527/357
f 3272/5528/379 3275/5514/382 3245/5475/356
f 3268/5505/376 3269/5507/377 3276/5529/383
f 3269/5530/377 3266/5502/374 3275/5514/382
f 3263/5499/372 3265/5501/373 3253/5531/363
f 3265/5532/373 3268/5505/376 3252/5484/362
f 3256/5490/366 3258/5492/367 3274/5533/381
f 3258/5534/367 3261/5496/370 3273/5511/380
f 3254/5487/364 3255/5489/365 3262/5535/371
f 3255/5536/365 3252/5484/362 3261/5496/370
f 3249/5481/360 3251/5483/361 3225/5537/339
f 3251/5538/361 3254/5487/364 3224/5448/338
f 3231/5457/344 3232/5459/345 3260/5539/369
f 3232/5540/345 3228/5454/342 3259/5493/368
f 3263/5499/372 3249/5481/360 3221/5445/336
f 3233/5460/346 3247/5478/358 3238/5466/350
f 3259/5493/368 3228/5454/342 3224/5448/338
f 3242/5472/354 3231/5457/344 3256/5490/366
f 3245/5475/356 3275/5514/382 3266/5502/374
f 3273/5511/380 3261/5496/370 3252/5484/362
f 3277/5541/336 3281/5633/339 3278/5542/2
f 3280/5544/338 3283/5615/341 3278/5545/2
f 3282/5547/340 3279/5614/337 3278/5548/2
f 3284/5550/342 3288/5636/345 3285/5551/8
f 3287/5553/344 3290/5617/347 3285/5554/8
f 3289/5556/346 3286/5616/343 3285/5557/8
f 3291/5559/348 3295/5613/351 3292/5560/13
f 3294/5562/350 3297/5620/353 3292/5563/13
f 3296/5565/352 3293/5622/349 3292/5566/13
f 3298/5568/354 3302/5623/357 3299/5569/20
f 3301/5571/356 3304/5619/359 3299/5572/20
f 3303/5574/358 3300/5618/355 3299/5575/20
f 3305/5577/360 3309/5627/363 3306/5578/24
f 3308/5580/362 3311/5632/365 3306/5581/24
f 3310/5583/364 3307/5634/361 3306/5584/24
f 3312/5586/366 3316/5635/369 3313/5587/31
f 3315/5589/368 3318/5631/371 3313/5590/31
f 3317/5592/370 3314/5630/367 3313/5593/31
f 3319/5595/372 3323/5621/375 3320/5596/35
f 3322/5598/374 3325/5626/377 3320/5599/35
f 3324/5601/376 3321/5628/373 3320/5602/35
f 3326/5604/378 3330/5629/381 3327/5605/42
f 3329/5607/380 3332/5625/383 3327/5608/42
f 3331/5610/382 3328/5624/379 3327/5611/42
f 3277/5541/336 3279/5543/337 3295/5613/351
f 3279/5614/337 3282/5547/340 3294/5562/350
f 3284/5550/342 3286/5552/343 3283/5615/341
f 3286/5616/343 3289/5556/346 3282/5547/340
f 3298/5568/354 3300/5570/355 3290/5617/347
f 3300/5618/355 3303/5574/358 3289/5556/346
f 3296/5565/352 3297/5567/353 3304/5619/359
f 3297/5620/353 3294/5562/350 3303/5574/358
f 3291/5559/348 3293/5561/349 3323/5621/375
f 3293/5622/349 3296/5565/352 3322/5598/374
f 3326/5604/378 3328/5606/379 3302/5623/357
f 3328/5624/379 3331/5610/382 3301/5571/356
f 3324/5601/376 3325/5603/377 3332/5625/383
f 3325/5626/377 3322/5598/374 3331/5610/382
f 3319/5595/372 3321/5597/373 3309/5627/363
f 3321/5628/373 3324/5601/376 3308/5580/362
f 3312/5586/366 3314/5588/367 3330/5629/381
f 3314/5630/367 3317/5592/370 3329/5607/380
f 3310/5583/364 3311/5585/365 3318/5631/371
f 3311/5632/365 3308/5580/362 3317/5592/370
f 3305/5577/360 3307/5579/361 3281/5633/339
f 3307/5634/361 3310/5583/364 3280/5544/338
f 3287/5553/344 3288/5555/345 3316/5635/369
f 3288/5636/345 3284/5550/342 3315/5589/368
f 3319/5595/372 3305/5577/360 3277/5541/336
f 3289/5556/346 3303/5574/358 3294/5562/350
f 3315/5589/368 3284/5550/342 3280/5544/338
f 3298/5568/354 3287/5553/344 3312/5586/366
f 3301/5571/356 3331/5610/382 3322/5598/374
f 3329/5607/380 3317/5592/370 3308/5580/362
f 3333/5637/336 3337/5729/339 3334/5638/2
f 3336/5640/338 3339/5711/341 3334/5641/2
f 3338/5643/340 3335/5710/337 3334/5644/2
f 3340/5646/342 3344/5732/345 3341/5647/8
f 3343/5649/344 3346/5713/347 3341/5650/8
f 3345/5652/346 3342/5712/343 3341/5653/8
f 3347/5655/348 3351/5709/351 3348/5656/13
f 3350/5658/350 3353/5716/353 3348/5659/13
f 3352/5661/352 3349/5718/349 3348/5662/13
f 3354/5664/354 3358/5719/357 3355/5665/20
f 3357/5667/356 3360/5715/359 3355/5668/20
f 3359/5670/358 3356/5714/355 3355/5671/20
f 3361/5673/360 3365/5723/363 3362/5674/24
f 3364/5676/362 3367/5728/365 3362/5677/24
f 3366/5679/364 3363/5730/361 3362/5680/24
f 3368/5682/366 3372/5731/369 3369/5683/31
f 3371/5685/368 3374/5727/371 3369/5686/31
f 3373/5688/370 3370/5726/367 3369/5689/31
f 3375/5691/372 3379/5717/375 3376/5692/35
f 3378/5694/374 3381/5722/377 3376/5695/35
f 3380/5697/376 3377/5724/373 3376/5698/35
f 3382/5700/378 3386/5725/381 3383/5701/42
f 3385/5703/380 3388/5721/383 3383/5704/42
f 3387/5706/382 3384/5720/379 3383/5707/42
f 3333/5637/336 3335/5639/337 3351/5709/351
f 3335/5710/337 3338/5643/340 3350/5658/350
f 3340/5646/342 3342/5648/343 3339/5711/341
f 3342/5712/343 3345/5652/346 3338/5643/340
f 3354/5664/354 3356/5666/355 3346/5713/347
f 3356/5714/355 3359/5670/358 3345/5652/346
f 3352/5661/352 3353/5663/353 3360/5715/359
f 3353/5716/353 3350/5658/350 3359/5670/358
f 3347/5655/348 3349/5657/349 3379/5717/375
f 3349/5718/349 3352/5661/352 3378/5694/374
f 3382/5700/378 3384/5702/379 3358/5719/357
f 3384/5720/379 3387/5706/382 3357/5667/356
f 3380/5697/376 3381/5699/377 3388/5721/383
f 3381/5722/377 3378/5694/374 3387/5706/382
f 3375/5691/372 3377/5693/373 3365/5723/363
f 3377/5724/373 3380/5697/376 3364/5676/362
f 3368/5682/366 3370/5684/367 3386/5725/381
f 3370/5726/367 3373/5688/370 3385/5703/380
f 3366/5679/364 3367/5681/365 3374/5727/371
f 3367/5728/365 3364/5676/362 3373/5688/370
f 3361/5673/360 3363/5675/361 3337/5729/339
f 3363/5730/361 3366/5679/364 3336/5640/338
f 3343/5649/344 3344/5651/345 3372/5731/369
f 3344/5732/345 3340/5646/342 3371/5685/368
f 3375/5691/372 3361/5673/360 3333/5637/336
f 3345/5652/346 3359/5670/358 3350/5658/350
f 3371/5685/368 3340/5646/342 3336/5640/338
f 3354/5664/354 3343/5649/344 3368/5682/366
f 3357/5667/356 3387/5706/382 3378/5694/374
f 3385/5703/380 3373/5688/370 3364/5676/362
f 3389/5733/336 3393/5825/339 3390/5734/2
f 3392/5736/338 3395/5807/341 3390/5737/2
f 3394/5739/340 3391/5806/337 3390/5740/2
f 3396/5742/342 3400/5828/345 3397/5743/8
f 3399/5745/344 3402/5809/347 3397/5746/8
f 3401/5748/346 3398/5808/343 3397/5749/8
f 3403/5751/348 3407/5805/351 3404/5752/13
f 3406/5754/350 3409/5812/353 3404/5755/13
f 3408/5757/352 3405/5814/349 3404/5758/13
f 3410/5760/354 3414/5815/357 3411/5761/20
f 3413/5763/356 3416/5811/359 3411/5764/20
f 3415/5766/358 3412/5810/355 3411/5767/20
f 3417/5769/360 3421/5819/363 3418/5770/24
f 3420/5772/362 3423/5824/365 3418/5773/24
f 3422/5775/364 3419/5826/361 3418/5776/24
f 3424/5778/366 3428/5827/369 3425/5779/31
f 3427/5781/368 3430/5823/371 3425/5782/31
f 3429/5784/370 3426/5822/367 3425/5785/31
f 3431/5787/372 3435/5813/375 3432/5788/35
f 3434/5790/374 3437/5818/377 3432/5791/35
f 3436/5793/376 3433/5820/373 3432/5794/35
f 3438/5796/378 3442/5821/381 3439/5797/42
f 3441/5799/380 3444/5817/383 3439/5800/42
f 3443/5802/382 3440/5816/379 3439/5803/42
f 3389/5733/336 3391/5735/337 3407/5805/351
f 3391/5806/337 3394/5739/340 3406/5754/350
f 3396/5742/342 3398/5744/343 3395/5807/341
f 3398/5808/343 3401/5748/346 3394/5739/340
f 3410/5760/354 3412/5762/355 3402/5809/347
f 3412/5810/355 3415/5766/358 3401/5748/346
f 3408/5757/352 3409/5759/353 3416/5811/359
f 3409/5812/353 3406/5754/350 3415/5766/358
f 3403/5751/348 3405/5753/349 3435/5813/375
f 3405/5814/349 3408/5757/352 3434/5790/374
f 3438/5796/378 3440/5798/379 3414/5815/357
f 3440/5816/379 3443/5802/382 3413/5763/356
f 3436/5793/376 3437/5795/377 3444/5817/383
f 3437/5818/377 3434/5790/374 3443/5802/382
f 3431/5787/372 3433/5789/373 3421/5819/363
f 3433/5820/373 3436/5793/376 3420/5772/362
f 3424/5778/366 3426/5780/367 3442/5821/381
f 3426/5822/367 3429/5784/370 3441/5799/380
f 3422/5775/364 3423/5777/365 3430/5823/371
f 3423/5824/365 3420/5772/362 3429/5784/370
f 3417/5769/360 3419/5771/361 3393/5825/339
f 3419/5826/361 3422/5775/364 3392/5736/338
f 3399/5745/344 3400/5747/345 3428/5827/369
f 3400/5828/345 3396/5742/342 3427/5781/368
f 3431/5787/372 3417/5769/360 3389/5733/336
f 3401/5748/346 3415/5766/358 3406/5754/350
f 3427/5781/368 3396/5742/342 3392/5736/338
f 3410/5760/354 3399/5745/344 3424/5778/366
f 3413/5763/356 3443/5802/382 3434/5790/374
f 3441/5799/380 3429/5784/370 3420/5772/362
