# glbtool toobj from Pine.glb, texture: pine_tex1.png
v 24.1874 0.0000 -14.1053
v 26.9462 2.6540 -14.1053
v 21.1676 0.2896 2.8305
v 28.4348 5.6560 -14.1053
v 17.3791 8.0186 19.8244
v 17.9674 0.8524 20.0954
v 21.3961 9.1495 2.6780
v 25.7436 10.6633 -14.1053
v 28.0267 8.5018 -14.1053
v 22.2262 11.8801 -14.1053
v 18.4565 12.3322 -14.1053
v 12.9778 13.2622 2.6021
v 15.3548 12.6013 -14.1053
v 7.2374 18.1552 19.4973
v 11.8859 12.6650 19.6796
v 13.4260 13.4260 -14.1053
v 12.6013 15.3548 -14.1053
v -34.6145 -11.5256 62.2243
v -31.6717 -10.7138 55.6645
v -34.0528 -11.9672 62.4701
v -32.0435 -9.9823 55.8092
v -32.0350 -10.3904 55.4953
v -34.5071 -10.8326 62.5060
v -31.6301 -10.2288 55.7186
v -34.1968 -7.5358 81.5157
v -33.7630 -6.6937 81.1441
v 12.3322 18.4565 -14.1053
v 8.8646 21.6793 2.4547
v 10.6633 25.7435 -14.1053
v 8.5018 28.0267 -14.1053
v 11.8801 22.2262 -14.1053
v 5.6560 28.4348 -14.1053
v 0.0034 21.4508 2.4533
v -32.5960 -7.8464 81.2874
v -33.8791 -10.8460 62.9259
v -32.7736 -6.8856 81.0031
v -31.8753 -6.8235 91.2413
v -33.4756 -8.2482 81.6042
v -30.8476 -6.3413 91.4152
v -30.9978 -5.2243 91.3750
v -29.7394 -5.4607 98.0196
v -30.9118 -5.9992 97.5182
v -31.7839 -5.0407 97.3289
v -32.6637 -6.0059 91.1003
v 2.6540 26.9462 -14.1053
v -6.4633 16.6104 19.6393
v 0.0662 18.7445 19.5181
v -0.0000 24.1874 -14.1053
v -2.0876 21.1958 -14.1053
v -3.7814 19.0106 -14.1053
v -7.3340 18.0008 2.5084
v -7.8490 18.9490 -14.1053
v -10.9237 20.4367 -14.1053
v -5.5407 18.2652 -14.1053
v -13.4299 14.3458 19.7682
v -14.5435 21.7658 -14.1053
v -16.9532 17.2435 2.5156
v -20.7803 20.7803 -14.1053
v -22.0396 18.0874 -14.1053
v -18.0874 22.0396 -14.1053
v -21.7658 14.5435 -14.1053
v -17.7107 7.6258 2.6809
v -20.4367 10.9237 -14.1053
v -15.6975 7.3847 20.0486
v -19.0106 3.7814 -14.1053
v -21.1612 0.2895 2.8052
v -18.9490 7.8490 -14.1053
v -18.2652 5.5407 -14.1053
v -78.8125 -32.2655 157.6489
v -80.9900 -31.0421 156.7973
v -80.3791 -33.1905 157.1234
v -79.0133 -31.6602 155.1956
v -80.0915 -32.2299 155.1011
v -81.0421 -32.4582 156.1862
v -77.3127 -30.6010 157.6404
v -81.0421 -32.4582 156.1862
v -80.4355 -30.4609 156.9174
v -21.1958 2.0876 -14.1053
v -17.2462 -6.3059 20.5826
v -17.8345 0.8603 20.3116
v -24.1874 0.0000 -14.1053
v -26.9462 -2.6540 -14.1053
v -28.4348 -5.6560 -14.1053
v -21.3897 -8.5704 2.9576
v -25.7436 -10.6633 -14.1053
v -28.0267 -8.5018 -14.1053
v -22.2262 -11.8801 -14.1053
v -18.4565 -12.3322 -14.1053
v -12.9714 -12.6830 3.0335
v -15.3548 -12.6013 -14.1053
v -7.1045 -16.4425 20.9097
v -11.7530 -10.9523 20.7274
v -13.4260 -13.4260 -14.1053
v -12.6013 -15.3547 -14.1053
v -42.0766 112.1920 35.7712
v -41.7237 110.4938 37.7153
v -42.3028 111.0915 35.3651
v -41.1184 112.9729 36.2449
v -41.6371 111.7148 38.0500
v -42.0629 115.0019 36.4462
v -44.7875 111.0898 35.1595
v -44.1181 113.3889 35.6543
v -40.5698 115.3253 37.9827
v -39.8090 113.3618 37.6867
v -43.1279 115.0790 38.4233
v -12.3322 -18.4565 -14.1053
v -8.8582 -21.1001 3.1810
v -10.6633 -25.7435 -14.1053
v -8.5018 -28.0267 -14.1053
v -11.8801 -22.2262 -14.1053
v -5.6560 -28.4348 -14.1053
v 0.0031 -20.8718 3.1823
v 28.7595 -1.6874 157.6069
v 31.3565 -2.0938 152.6423
v 31.6857 -3.0939 152.9562
v 36.1286 -4.6375 145.5157
v 36.2489 -5.3885 146.0366
v 28.2703 -0.4222 157.3786
v 29.4976 -0.0349 157.4941
v 32.1951 -1.6762 152.9350
v 25.5088 -0.1239 163.4033
v 24.7436 1.5433 163.1896
v 26.5548 1.8824 163.1918
v -2.6540 -26.9462 -14.1053
v 6.5963 -14.8977 20.7677
v 0.0667 -17.0318 20.8889
v 0.0000 -24.1874 -14.1053
v 2.0876 -21.1958 -14.1053
v 3.7814 -19.0106 -14.1053
v 7.3404 -17.4217 3.1273
v 7.8490 -18.9490 -14.1053
v 10.9237 -20.4367 -14.1053
v 5.5407 -18.2652 -14.1053
v -42.3777 115.1693 39.0913
v -39.3082 113.6437 39.0505
v -44.9402 113.6514 37.8609
v -42.8417 113.0977 39.4439
v -40.2473 115.3989 38.7907
v 14.5435 -21.7658 -14.1053
v 16.9596 -16.6644 3.1200
v 20.7803 -20.7803 -14.1053
v 18.0874 -22.0396 -14.1053
v 22.0396 -18.0874 -14.1053
v 21.7658 -14.5435 -14.1053
v 17.7171 -7.0467 2.9548
v 20.4367 -10.9237 -14.1053
v 19.0106 -3.7814 -14.1053
v 21.1676 0.2896 2.8305
v 18.9490 -7.8490 -14.1053
v 18.2652 -5.5407 -14.1053
v 21.1958 -2.0876 -14.1053
v 15.8305 -5.6720 20.3584
v 24.1874 0.0000 -14.1053
v 6.3331 16.4497 37.1737
v 10.8950 12.3462 37.3434
v 15.0026 7.7890 37.5386
v 0.2032 17.2976 37.1751
v 5.8864 16.5695 59.4324
v 10.2877 13.0064 59.6440
v -15.8298 28.9771 70.8543
v -20.5532 35.0501 76.5631
v -14.3530 29.6462 71.3495
v -21.8546 33.1605 76.8404
v -21.7513 34.4210 76.1044
v -15.8793 27.3992 71.6864
v -25.9535 39.8056 81.0418
v -27.0776 38.1383 81.2691
v -26.9702 39.2158 80.6135
v -45.7441 110.4911 37.3828
v -44.7617 109.7429 34.4372
v -45.7448 108.4181 36.5248
v -43.4069 112.6168 39.3415
v -102.2397 -30.0445 95.9980
v -107.3854 -30.4348 97.5296
v -103.3466 -27.8858 93.6188
v -106.7017 -27.9883 99.5009
v -98.3838 -26.4273 92.2139
v -103.3455 -25.3691 95.9017
v -107.5003 -25.9017 97.1884
v -102.2386 -27.5278 98.2809
v -111.7096 -27.6728 97.3082
v -108.1840 -28.3483 95.2171
v -109.1994 -27.5257 100.6835
v -110.8205 -29.6400 99.3569
v -98.6739 -23.8477 94.6832
v -96.9393 -28.6082 94.6621
v -97.2295 -26.0286 97.1314
v -42.0884 -33.9857 136.9979
v -39.6156 -45.3692 127.5226
v -42.1293 -33.3692 136.0688
v -40.3493 -46.1269 128.0101
v -39.5322 -46.0649 127.9517
v -44.7657 -26.9152 140.5719
v -43.1706 -34.2316 136.8824
v -40.1602 -49.6624 121.7792
v -40.4327 -45.4312 127.5811
v -44.8385 -25.9568 139.7506
v -43.6009 -25.6665 139.9006
v -43.2115 -33.6151 135.9533
v -43.5727 -26.6110 140.7917
v -39.6353 -49.6958 121.6124
v -40.1927 -50.2132 121.7874
v -39.6678 -50.2466 121.6205
v -18.4873 118.0755 146.9691
v -16.4409 117.3692 145.5865
v -17.8469 119.1173 147.1799
v -17.6551 119.7898 144.9797
v -18.3278 118.7225 144.4883
v -15.9722 118.5488 145.9583
v -16.8493 119.7099 146.2331
v 57.6797 -17.0522 167.6427
v 68.6831 -23.1863 167.6763
v 58.5128 -18.0206 163.3620
v 44.7785 -8.5722 165.2240
v 42.5032 -12.2827 163.1509
v 44.7956 -9.0335 160.4251
v 26.7946 2.3720 165.5686
v 24.4250 -1.6545 163.3282
v 55.9781 -20.7583 165.8189
v 66.6212 -25.8371 170.0635
v 67.4205 -22.0311 171.4244
v -7.1437 38.3333 146.8678
v -6.1627 57.4826 140.7329
v -10.6135 57.0433 143.3469
v -6.9687 37.0688 141.5215
v -5.7465 31.6092 142.9379
v -13.0164 72.2426 137.4611
v -10.5563 56.4138 138.2053
v -8.8273 72.8827 139.8583
v -12.9721 72.2360 142.3296
v -1.0489 33.1621 145.6451
v -2.3980 38.6780 144.1160
v -42.1105 109.5249 34.4993
v -41.8361 105.1774 35.0530
v -42.6415 106.2669 32.6159
v -41.4551 108.0653 36.6254
v -45.3305 106.9713 32.8336
v 13.8578 8.6135 59.9054
v -9.0133 -4.6530 80.4375
v -8.2412 -1.8672 100.3955
v -12.0636 -0.5450 80.0641
v -5.3836 -10.5965 61.0605
v -4.8879 -7.6895 80.7205
v 0.2062 -13.9570 38.7127
v 0.2526 -11.4947 61.1123
v -9.7849 -7.0333 60.8489
v 0.1858 -8.5900 80.8189
v -13.3550 -2.6404 60.5875
v -5.9237 -13.1091 38.7141
v 9.3826 13.6813 78.8917
v 4.8961 17.7089 98.1399
v 8.7491 15.0091 98.4054
v 0.4846 20.7335 122.8040
v 4.8856 19.8871 122.8449
v 5.2571 16.7177 78.6086
v 8.5664 17.3548 123.0845
v 12.4329 9.5732 79.2650
v 0.2533 18.5824 98.0813
v 0.2502 17.4677 59.3806
v 0.1835 17.6183 78.5102
v -40.4262 75.1429 38.5528
v -36.1855 66.7272 38.8811
v -37.0222 67.9807 42.3325
v -34.2252 70.2358 43.4613
v -37.5506 76.9311 39.8564
v -39.5507 73.8466 35.2789
v -36.1340 74.8335 34.5591
v -32.8715 68.2076 37.8769
v -28.9407 60.9289 48.0642
v -31.1366 57.5903 43.1701
v -31.9384 58.7654 46.8066
v -37.9130 81.7424 32.1687
v -42.0515 82.0039 36.0069
v -41.3377 81.2752 32.6670
v -10.8649 11.1581 98.9861
v -7.6558 17.4345 123.2762
v -8.3393 15.1197 98.5307
v -12.9701 4.5086 79.6156
v -11.8294 6.5809 99.4966
v -11.8740 9.4846 79.1813
v -10.9543 1.9650 99.9964
v -10.1392 4.9740 124.7101
v -10.9855 9.3488 124.2280
v -10.0854 13.6988 123.7269
v -14.2557 2.9856 60.2514
v -9.2211 13.8790 78.8042
v -3.8938 19.8444 122.9583
v -4.3521 17.6272 98.2232
v -6.9673 19.3408 144.5876
v -7.5956 1.3129 125.0910
v -10.0738 11.8465 145.4956
v -6.9382 4.3808 146.4038
v -4.3881 -4.5671 100.6610
v -3.9148 -1.2194 125.3306
v 4.8646 -1.1767 125.2172
v 0.2546 -5.4406 100.7196
v 4.8601 -4.4854 100.5777
v 8.6266 1.2332 124.8993
v 0.5831 1.2700 146.7859
v 0.4862 -2.0658 125.3715
v 5.1803 -7.4956 80.7413
v 8.8472 -1.9779 100.2703
v 8.1316 4.3558 146.4158
v 11.3728 1.9837 99.8148
v 11.0562 4.9688 124.4486
v 9.5904 -4.8507 80.5249
v 12.2433 -0.4563 80.1478
v 36.6247 0.7265 104.1779
v 51.8062 -4.5944 102.0490
v 37.3506 -2.7105 107.4034
v 22.8398 7.3988 114.6966
v 38.4835 3.9343 107.1776
v 51.1173 -1.3024 98.9591
v 20.3991 4.1627 111.8153
v 52.4836 1.8287 101.9904
v 13.3394 4.5196 79.7136
v 12.3373 6.5610 99.3044
v 11.9563 9.3189 123.9476
v 11.4622 11.1769 98.8045
v 11.1100 13.6937 123.4654
v 13.3394 4.5196 79.7136
v 8.1025 19.3158 144.5996
v 12.3373 6.5610 99.3044
v 0.5812 22.4266 144.2175
v -4.8111 16.5238 78.5879
v 54.0215 -17.4695 112.0382
v 46.3807 -9.7383 110.5774
v 45.6202 -9.9556 111.3859
v 54.5012 -16.9877 111.2885
v 54.1775 -17.3742 110.4110
v 45.9199 -10.0254 109.5769
v 41.2066 -4.9807 110.1165
v 40.2443 -4.9906 111.0154
v 68.7353 -32.6189 112.0658
v 69.1662 -32.4032 111.4890
v 0.4025 24.7548 165.6853
v 7.4136 21.8849 166.1923
v -6.6096 8.0098 168.2223
v -9.5225 14.9346 167.1220
v -6.6217 21.8796 166.0697
v 7.4258 8.0150 168.3449
v 0.4015 5.1398 168.7294
v 11.2381 11.8501 145.5079
v -16.0551 16.3687 147.5914
v -18.8050 24.4460 142.2779
v -18.7414 24.7984 143.4335
v -15.9479 15.6047 146.4973
v -17.0945 15.0537 146.8342
v -20.5814 41.2562 139.5719
v -17.1584 15.7618 147.9626
v -14.1539 10.9628 150.4073
v -13.8835 9.8624 149.2958
v 0.8845 28.1838 382.9846
v 1.3585 27.3304 355.1872
v 6.8011 34.0679 383.0383
v -4.9956 34.0988 382.7228
v -5.0185 33.7444 355.1365
v 7.7722 33.7057 355.0153
v 1.0224 26.0255 323.1153
v 5.7897 27.9801 322.8863
v -12.9478 8.4430 59.9246
v -10.2284 13.4462 59.6246
v -15.4411 1.6742 38.0539
v -13.9070 7.5120 37.7558
v -11.2315 13.0948 37.4624
v -6.3404 25.2103 188.1659
v 0.3608 27.9343 187.6690
v -6.3353 12.0166 190.4724
v -9.1118 18.6116 189.3280
v -4.8866 33.8215 270.5138
v -4.8676 31.1708 240.8668
v -7.1864 28.3079 271.0112
v -4.6641 36.0131 296.2414
v 0.4813 38.1250 296.0179
v 0.6539 36.1067 270.3847
v -8.0360 22.8542 217.7321
v -7.2811 25.3870 241.4230
v -4.6763 25.7785 297.2616
v -6.8004 30.8987 296.7565
v -4.8988 22.7971 271.5854
v 6.1760 22.8012 271.7711
v 9.1590 25.3728 241.4708
v 8.4757 28.3148 271.2736
v 0.9296 17.1985 242.2432
v 6.7456 19.5890 242.0270
v 7.0285 16.6202 218.2953
v 9.6160 22.8001 217.4164
v 5.6090 25.7631 297.2373
v 0.7842 14.0786 218.7516
v -22.4948 36.6394 56.2688
v -23.0659 49.1841 46.8815
v -18.4612 37.6481 55.4717
v -28.0739 50.0539 51.1240
v -26.9680 48.2140 47.6404
v -17.3473 40.7680 58.1078
v -17.6056 27.0844 66.7986
v -12.5914 31.9310 68.0290
v -13.5536 28.3392 65.7210
v -27.6434 59.0276 42.1802
v 0.9484 33.5613 240.6505
v 6.7573 31.1593 240.9007
v 0.7958 31.5757 216.3970
v -5.4485 29.0342 216.8532
v 6.1882 33.8255 270.6994
v 9.6160 22.8001 217.4164
v 7.0333 28.9925 216.6304
v 9.1590 25.3728 241.4708
v 5.6212 35.9977 296.2170
v 0.6355 20.5160 271.9002
v -4.8794 19.6005 241.9931
v -5.4533 16.6619 218.5181
v 9.8297 18.5982 189.2719
v 7.0533 25.1932 188.1275
v 7.7722 32.7317 322.5830
v 7.7452 30.8774 296.7221
v 0.9209 39.9829 382.7765
v 1.3951 40.1197 354.9647
v 7.7722 33.7057 355.0153
v -3.7177 37.5292 322.6321
v 5.8088 37.4966 322.3828
v 0.5576 40.4185 410.8523
v 0.5198 29.5695 411.2263
v -4.8890 35.0132 411.0471
v 7.7722 32.7317 322.5830
v 7.7452 30.8774 296.7221
v 6.8011 34.0679 383.0383
v 1.0496 39.4838 322.4032
v -5.7002 32.7776 322.9355
v -3.7368 28.0127 323.1356
v 0.4636 23.6511 297.4607
v -5.2168 16.1614 59.4605
v 1.9802 29.1793 475.3928
v -3.8738 35.2358 446.0259
v 1.2280 30.0900 445.8778
v -4.0669 31.9256 505.4519
v -2.6785 33.8834 475.7660
v 0.1574 27.6043 505.6028
v 6.3704 35.1939 445.6867
v 6.6983 33.8323 475.6384
v 5.9665 34.9748 411.0314
v -3.3709 26.5382 542.8786
v -5.7671 25.7968 574.6330
v -9.3632 29.4625 574.6405
v 4.4463 31.8186 506.2259
v 0.6584 30.4943 543.4031
v -7.3143 30.5996 542.5388
v -6.1690 28.0573 581.5838
v -7.2067 29.1062 581.6556
v -7.2412 28.0116 582.0232
v -7.2067 29.1062 581.6556
v -8.2521 28.0878 581.4271
v -7.2412 28.0116 582.0232
v -8.2521 28.0878 581.4271
v -7.2144 27.0388 581.3553
v -7.2412 28.0116 582.0232
v -7.2144 27.0388 581.3553
v -6.1690 28.0573 581.5838
v -7.2412 28.0116 582.0232
v -8.1497 50.9301 124.9146
v -6.4673 47.2868 132.0922
v -7.2218 50.4008 124.5320
v -7.1408 46.1629 137.0360
v -5.9332 45.3752 137.1563
v -7.5243 47.9650 132.1729
v -8.2452 58.3715 112.7511
v 114.0756 -8.2969 94.4311
v 111.4694 -10.2509 92.3468
v 111.1438 -7.8746 94.1087
v 115.6568 -10.7474 96.6061
v 116.6150 -9.4754 94.5245
v 113.6434 -9.9508 96.6451
v 118.1980 -11.2741 94.9388
v 115.5513 -11.2702 92.9381
v 116.5475 -11.6566 96.7054
v 111.0020 -12.0426 94.6767
v 113.2898 -12.1402 94.9405
v 110.6764 -9.6663 96.4387
v 114.5930 -12.5422 95.0197
v 53.1725 -1.4633 105.0802
v 39.2094 0.4973 110.4031
v 64.3282 -5.4364 97.9985
v 65.4461 -2.4280 100.9609
v 64.7133 0.7282 98.0323
v 63.5954 -2.2801 95.0699
v 23.8009 3.7698 117.9583
v 37.3506 -2.7105 107.4034
v 51.8062 -4.5944 102.0490
v -113.9473 -24.5803 102.4798
v -114.3714 -26.7981 99.7598
v -115.6417 -26.3540 101.5415
v -112.5274 -24.9214 100.7174
v -113.2261 -28.7591 101.3975
v -114.4156 -28.2412 102.8953
v -41.6371 111.7148 38.0500
v -16.3469 107.3993 144.4333
v -14.9243 101.9698 143.5243
v -18.3431 101.5012 141.5732
v -13.0513 94.7118 142.1253
v -16.7446 94.3027 140.0408
v -16.5688 93.5518 144.2310
v -18.1719 100.7943 145.4701
v -19.5193 106.9904 142.6273
v -20.0427 111.2783 143.2255
v -17.0845 111.3637 144.8749
v -19.4029 106.5101 146.2672
v -31.6600 70.3760 40.7076
v -26.2863 61.0909 45.2048
v 76.3499 -25.4684 170.7059
v 75.0705 -28.0856 173.1155
v 75.5545 -24.5210 174.2784
v -70.2781 -24.7709 152.4390
v -75.3211 -27.6216 152.2082
v -72.0460 -25.8064 149.3339
v -72.5428 -22.3837 150.7039
v -73.5295 -26.5598 154.9125
v -65.1502 -23.0425 149.8405
v -66.9064 -20.2087 147.5706
v -76.1434 -24.6933 153.7573
v -77.0841 -29.3442 154.0729
v -75.6700 -28.5567 156.7324
v -11.9206 9.1847 109.6373
v -6.8098 16.1642 107.7843
v -12.3888 10.0506 110.6125
v 1.2610 26.8726 105.0268
v -7.2682 16.8472 108.6719
v -12.9862 8.8729 108.7340
v -8.3669 17.1940 108.3557
v 0.7769 27.3722 105.8586
v 113.7221 -10.4863 92.7266
v 114.5930 -12.5422 95.0197
v 23.3863 33.4957 75.1820
v 9.6339 29.1778 76.4831
v 23.6231 32.7175 75.9919
v 0.6496 26.8981 76.9309
v 9.7336 28.0376 75.9089
v 9.0708 29.9920 75.6080
v 23.9112 31.7373 75.4685
v 48.6859 40.4517 79.5133
v 53.4015 -18.1538 111.6241
v 45.6202 -9.9556 111.3859
v 44.6660 -10.4710 110.9035
v 44.8611 -10.4837 109.7793
v 53.4979 -18.0949 110.6183
v 39.2937 -5.5020 109.1773
v 40.6410 -5.1986 108.9618
v 68.0644 -32.8190 111.7924
v 40.2443 -4.9906 111.0154
v 39.0232 -5.4497 110.4622
v -15.0025 6.6410 116.0401
v -18.2635 1.4110 117.4465
v -14.7036 2.9854 119.9405
v -19.0975 -3.0947 111.8986
v -15.5357 -1.5960 114.3260
v -18.2162 5.0830 113.8774
v -9.8891 0.5956 118.0004
v -12.2084 4.0904 121.6945
v -12.2332 -0.2945 116.4946
v -12.7427 7.7677 117.5394
v -22.1805 -0.3189 114.7057
v 88.9495 -34.3738 179.5454
v 88.1281 -31.6017 178.7981
v 87.5259 -34.0282 178.8048
v 90.0111 -32.4527 179.7187
v 89.7844 -33.4115 177.7497
v 89.2732 -33.1782 177.2316
v 85.8744 -33.2824 176.9119
v 90.1363 -33.6136 179.2412
v -42.8417 113.0977 39.4439
v -42.0902 115.2378 39.5704
v 91.5389 -8.8073 90.7679
v 83.4487 -7.0128 92.2118
v 83.1998 -4.2010 89.4131
v 91.9147 -6.2780 87.9809
v 74.1651 -3.0092 91.8842
v 75.2789 -0.1371 94.6951
v 84.3709 -1.4696 92.0530
v 92.9545 -3.6559 90.5007
v 99.0007 -5.7166 90.8175
v 98.6072 -8.3432 88.4934
v 97.5204 -10.4754 91.0872
v 0.6204 25.5795 76.2862
v 9.2885 28.1573 74.6722
v -0.1035 25.6891 74.9021
v 23.5280 32.9965 74.1581
v 23.8524 31.9098 74.3352
v 8.9108 29.3708 74.4832
v -9.7520 22.7184 76.8983
v -10.8590 22.8354 75.2331
v -8.9373 14.0461 83.7902
v -11.3257 18.2998 85.1837
v -10.0500 15.8649 81.4934
v -5.9398 17.4062 80.1205
v -4.7978 15.8372 82.2397
v -8.1746 12.7507 85.3746
v -9.8887 15.9745 88.1027
v -4.6519 20.7542 82.9765
v -3.1154 18.7450 85.6376
v -7.1795 19.1656 77.7113
v -12.9406 20.7581 81.9272
v -11.3243 17.8115 78.9038
v 17.4289 45.6485 106.2653
v 0.8298 27.2561 104.1088
v -7.6022 16.1326 106.9034
v 16.7078 45.6374 106.6112
v -8.5519 16.7905 107.2502
v 0.0793 27.9926 104.3732
v 17.4364 46.2415 105.7287
v 20.3920 54.3953 112.2419
v 16.7200 46.5968 105.7430
v 20.3510 54.7324 111.8237
v -21.7601 51.6236 49.8961
v -6.2341 22.9490 79.9976
v 88.3345 -32.5625 175.7661
v 85.6606 -29.2917 176.4395
v 87.1115 -30.8705 177.6434
v 87.5259 -34.0282 178.8048
v 85.8744 -33.2824 176.9119
v 86.2456 -30.3260 173.5504
v 83.9861 -31.6480 175.2551
v 81.9947 -26.7292 175.4979
v 83.9861 -31.6480 175.2551
v 92.5787 -6.1853 93.2877
v 97.9139 -7.8488 93.4112
v 1.2685 40.3397 445.8348
v 2.0396 38.5365 476.0116
v 5.9665 34.9748 411.0314
v 11.9563 9.3189 123.9476
v 54.0215 -17.4695 112.0382
v 68.0807 -32.7269 111.0467
v 71.1572 -39.9324 111.9915
v 68.7353 -32.6189 112.0658
v -0.3221 9.9672 160.9510
v -5.7748 12.0956 155.5006
v -3.6991 7.7342 159.5153
v -2.4368 14.5825 156.5967
v -2.3830 7.3086 153.0047
v 0.9610 9.3454 153.6945
v -8.9441 9.7626 154.4334
v -6.9864 5.5773 158.1948
v -43.8506 110.1228 38.9623
v -43.7012 107.3813 37.8772
v -41.4551 108.0653 36.6254
v -46.1871 106.3171 35.4052
v -44.0275 105.2084 36.7768
v -41.6371 111.7148 38.0500
v 36.6476 -4.8725 146.6884
v 32.4911 -2.6648 153.1998
v 31.6857 -3.0939 152.9562
v 36.2489 -5.3885 146.0366
v 29.9015 -1.2704 157.6012
v -20.0085 24.3641 142.3690
v -15.0527 9.0095 149.8023
v -15.2150 9.9707 150.9994
v -17.1584 15.7618 147.9626
v -19.9450 24.7165 143.5246
v -11.0519 3.1945 152.7797
v -12.3342 1.9913 153.4484
v -12.5681 3.2633 154.8146
v 11.6409 -9.7543 38.4254
v 14.3164 -4.1714 38.1319
v 13.5628 -12.6331 20.6388
v 17.9674 0.8524 20.0954
v 15.8505 1.6663 37.8339
v -115.5499 -27.8237 104.1317
v -115.5901 -25.5653 106.0835
v -117.0241 -27.0617 105.1153
v -117.1751 -25.7213 103.2677
v -116.4737 -26.1128 102.6323
v -114.1157 -26.1295 105.1813
v -115.7908 -24.2635 104.3272
v -116.4806 -24.5665 106.2536
v -118.3506 -25.0433 105.5091
v -112.7213 -26.4674 103.8334
v 0.3572 9.2756 190.9309
v 7.0584 11.9996 190.4340
v 14.7585 2.9875 60.2416
v -2.1115 29.3822 575.0217
v -19.7926 2.0966 150.7147
v -32.8801 -11.2436 144.7454
v -35.3855 -7.3295 146.6149
v -18.2589 -1.8744 153.9485
v -33.9986 -11.0851 149.6255
v -16.6688 -1.8179 148.8449
v -46.6266 -17.5894 143.0573
v -48.3566 -13.6489 144.8912
v -15.2824 5.2042 152.2741
v -12.1196 1.1644 150.3194
v 4.4463 31.8186 506.2259
v -3.2850 34.5557 543.0631
v 0.6584 30.4943 543.4031
v 0.2219 36.1400 506.0749
v -5.7076 33.0478 575.0292
v -2.1115 29.3822 575.0217
v 6.6983 33.8323 475.6384
v -91.3053 -23.8456 95.6934
v -83.8059 -18.5915 91.3365
v -92.8096 -21.5432 93.1147
v -82.2788 -23.9789 91.3852
v -82.6136 -21.1387 94.1239
v -74.4754 -16.0363 90.5558
v -73.1123 -21.8405 90.6281
v -73.9864 -18.9466 93.5671
v -75.6086 -11.1107 119.0774
v -75.7049 -10.4524 118.7273
v -79.6433 -9.9038 124.6615
v -76.2190 -11.5317 118.9529
v -57.4484 -9.3510 111.9450
v -47.5109 -7.3823 108.6737
v -57.7564 -9.5613 111.0038
v -57.2431 -10.2266 112.4099
v -76.3750 -10.4664 118.3865
v -46.7560 -8.8867 109.3734
v -46.3279 -7.9734 110.0267
v -57.4242 -10.9780 111.7561
v -46.7888 -7.0462 109.5628
v -45.9692 98.3741 32.5900
v -46.9781 103.1299 34.9469
v -46.2594 102.8953 32.1294
v -46.6555 98.5739 35.5525
v -44.1760 99.5527 37.0297
v -44.5204 103.0317 36.5154
v -43.3575 102.6520 31.9565
v -42.0679 94.1366 37.3474
v -44.1863 93.4352 32.7123
v -44.6504 93.0629 35.8355
v -60.5551 -15.6401 89.2848
v -49.9834 -8.7730 96.2624
v -47.7307 -11.5673 93.3722
v -47.8320 -14.9188 96.5335
v -60.4628 -18.7909 92.3707
v -36.8399 -6.8340 105.8828
v -50.0848 -12.1244 99.4238
v -62.0404 -15.9322 95.3367
v -73.6013 -18.9302 87.6169
v -36.6132 -3.2923 102.6397
v -33.8711 -6.0532 99.8163
v -34.0978 -9.5949 103.0595
v -10.4856 -9.0056 38.5444
v 6.0511 -12.4257 38.5961
v 5.7196 -10.1883 61.0324
v -40.0077 95.1726 35.1586
v -43.0657 99.2296 32.2361
v -41.9574 99.9580 34.9800
v -41.3170 94.7392 32.2940
v -42.2827 102.7363 34.6672
v -42.6299 88.7654 32.1852
v -37.8973 89.6414 34.7035
v -39.3763 89.4332 31.6968
v 1.0274 25.3442 147.7670
v -3.3088 20.7317 152.2496
v 2.1163 21.4160 148.8147
v -4.1444 24.6836 150.9814
v -2.4689 16.7271 153.6224
v 3.2906 17.2675 149.8757
v 0.1982 28.4044 146.9419
v -4.8086 27.7885 150.0080
v -4.0854 23.8496 144.6877
v -3.2732 19.9579 145.4707
v -8.8925 14.3080 90.1361
v -4.0803 15.7532 93.4094
v -5.1740 17.3044 91.3960
v -6.6772 10.1090 88.4777
v -7.9769 12.7436 92.0131
v -3.2450 13.7529 85.0085
v -2.3741 12.6029 86.4988
v -7.4787 11.5387 86.8214
v -5.8723 8.6248 90.0130
v -6.9145 10.8938 94.2035
v -2.8016 13.9486 95.7649
v -3.9923 14.7500 83.6917
v -27.0776 38.1383 81.2691
v -34.4518 45.7546 88.8532
v -35.2414 45.7569 88.0636
v -25.4515 39.1062 82.0127
v -33.8541 46.6918 88.7462
v -26.1579 38.0843 82.1846
v -49.9050 59.0198 102.5652
v -50.5358 59.0574 102.0119
v -19.9637 34.2128 77.7101
v -21.8546 33.1605 76.8404
v -20.7975 33.0664 77.9602
v -7.6314 42.8815 143.4922
v -6.6871 44.0629 137.1992
v -6.1492 41.6567 143.6083
v -5.3111 43.3843 143.4293
v -7.9166 44.9602 137.1829
v -6.7358 44.3219 143.0443
v -7.1537 46.2135 131.9642
v -0.9381 16.0077 89.1867
v -1.9980 17.3276 87.4859
v -6.3491 18.9779 89.2171
v -3.1154 18.7450 85.6376
v 12.0631 4.6861 164.3247
v 14.4004 8.6417 161.1128
v 17.3179 2.0357 163.9111
v 19.4195 5.9042 160.8781
v 19.7074 6.2078 166.2470
v 26.3245 2.1841 160.4120
v 24.4250 -1.6545 163.3282
v 8.4757 28.3148 271.2736
v 42.5032 -12.2827 163.1509
v 55.9781 -20.7583 165.8189
v -23.8739 39.1358 59.3976
v 2.1163 21.4160 148.8147
v 1.0274 25.3442 147.7670
v -4.7281 26.8871 144.0321
v 0.1982 28.4044 146.9419
v 3.2906 17.2675 149.8757
v -2.4428 15.9286 146.1003
v 103.5550 -11.8574 92.4299
v 107.1836 -9.6103 95.6550
v 103.3469 -9.2235 94.4767
v 104.5165 -7.2452 92.0500
v 107.7143 -12.1338 93.8323
v 97.5204 -10.4754 91.0872
v -45.9023 -22.1674 143.0990
v -47.3789 -16.6262 146.3498
v -45.9810 -20.9398 142.3365
v -44.5618 -21.8012 143.4518
v -44.5279 -20.6084 142.5139
v -45.8300 -16.1186 146.9514
v -44.8385 -25.9568 139.7506
v -5.8660 32.6483 148.5238
v -1.0489 33.1621 145.6451
v -2.3980 38.6780 144.1160
v -47.4615 -15.0066 145.7041
v -45.6190 -14.5898 145.8478
v -45.9810 -20.9398 142.3365
v 10.3265 14.9600 167.2925
v 35.8081 4.4967 96.6179
v 38.0045 6.0205 87.2108
v 34.7485 4.7230 96.6371
v 33.9594 3.7015 102.4111
v 35.9887 3.3817 96.5064
v 32.7151 3.9719 102.8028
v 32.0579 2.8231 109.1882
v 34.1284 2.4169 102.3057
v 39.0335 4.8056 87.5931
v 32.2190 1.2926 109.0643
v 33.0673 1.8826 102.6616
v 35.0721 2.9145 96.4678
v -92.5156 -24.2602 90.5174
v -98.6739 -23.8477 94.6832
v -92.8096 -21.5432 93.1147
v -103.3455 -25.3691 95.9017
v -83.8059 -18.5915 91.3365
v -83.4710 -21.4317 88.5978
v 6.3704 35.1939 445.6867
v -7.5546 57.9975 112.4660
v -8.7988 50.1081 124.4779
v -6.9190 63.8095 108.1325
v -7.4020 63.8657 108.4128
v -62.1328 -12.7814 92.2508
v -62.1328 -12.7814 92.2508
v -74.4754 -16.0363 90.5558
v -13.1413 -5.7067 151.6288
v -14.3579 1.3495 152.7092
v -13.4156 -5.7045 153.1068
v -13.8723 1.2458 150.8744
v -12.4632 -11.4314 152.2318
v -16.0339 0.9409 152.5442
v -14.8050 -6.0434 152.9486
v -14.6171 -5.9267 151.5258
v -15.7741 1.1476 150.8535
v -15.5579 2.0472 110.7407
v -18.6593 0.6857 108.6418
v -15.0025 6.6410 116.0401
v -12.7525 3.2698 112.5463
v -18.2162 5.0830 113.8774
v -9.7947 23.9333 82.6031
v -19.1475 29.9007 69.7726
v -8.0078 21.3524 86.0911
v -4.6519 20.7542 82.9765
v -6.2341 22.9490 79.9976
v -13.5788 1.2362 155.6485
v -8.1751 3.6836 151.4720
v -9.5608 3.8857 157.1840
v -19.7926 2.0966 150.7147
v -11.4196 7.9629 153.5938
v -8.9441 9.7626 154.4334
v -5.6357 5.2829 152.1677
v -15.2824 5.2042 152.2741
v -115.7908 -24.2635 104.3272
v -115.0396 -24.4185 103.6819
v -3.1415 63.0289 55.0127
v 14.2980 70.7608 61.1463
v -3.3652 62.9202 56.0899
v -12.1835 56.5098 52.6510
v -3.4892 64.0279 54.6908
v 14.8402 70.7327 60.5164
v 20.3036 68.5000 66.6930
v -3.8509 63.8519 56.4338
v -12.5541 56.3547 54.6136
v -11.9710 55.2607 54.2652
v 15.3203 71.4102 60.5602
v 9.7857 36.5071 137.0047
v 19.8556 38.1251 133.0201
v 10.1264 37.3217 137.6842
v 19.6084 37.8790 131.4413
v 19.7117 37.4225 132.3242
v 3.8759 36.7152 140.8986
v 3.3741 35.7611 140.1970
v 39.5734 38.7448 129.2921
v 39.6910 38.0144 129.3517
v 9.1007 36.9398 136.3339
v 9.0173 38.0209 136.6009
v 19.6884 38.8636 131.5915
v 38.7501 38.2963 130.0424
v 2.2767 36.1902 139.6410
v -11.5676 4.8280 153.9236
v -31.6600 70.3760 40.7076
v -36.5102 82.7599 35.2006
v -39.0680 82.9215 37.5727
v -8.2194 46.9349 132.0870
v -8.6723 58.0845 112.0929
v -7.8709 49.5787 124.0953
v 15.8505 1.6663 37.8339
v -6.3841 -34.2572 151.8580
v -6.6827 -33.6689 151.3640
v -11.4512 -20.0924 154.2035
v -4.7419 -38.8727 146.9007
v -4.2662 -38.6863 146.6873
v -12.5051 -20.4484 154.0774
v -7.0738 -34.6959 151.7525
v -13.8484 -11.7856 153.3583
v -12.3814 -20.4206 152.9652
v -7.3725 -34.1075 151.2585
v -19.9781 111.0179 146.6030
v -17.0845 111.3637 144.8749
v -19.8203 114.3989 146.7031
v -17.1725 114.1444 145.0942
v -19.1884 116.6813 146.8048
v -16.8704 116.0378 145.3039
v -41.1467 111.9923 38.6122
v -40.5707 112.3978 39.9905
v -0.5281 27.0739 74.6939
v -11.3263 24.4785 74.9699
v -10.8469 25.3172 76.5049
v -0.1966 27.7972 75.9617
v -117.4743 -24.0593 105.0562
v -42.2827 102.7363 34.6672
v -41.9574 99.9580 34.9800
v -41.8361 105.1774 35.0530
v -40.0077 95.1726 35.1586
v -1.5227 11.4895 87.7852
v -1.5394 12.2012 98.2588
v -19.1549 117.0967 144.0002
v -16.8704 116.0378 145.3039
v -19.8572 114.6265 143.6029
v -16.4409 117.3692 145.5865
v -17.1725 114.1444 145.0942
v -91.0113 -26.5625 93.0962
v -31.6856 -10.0534 56.1725
v -34.5071 -10.8326 62.5060
v -31.4558 -10.5055 56.0831
v -31.6301 -10.2288 55.7186
v -33.7630 -6.6937 81.1441
v -33.5983 -11.5472 62.9038
v -31.6301 -10.2288 55.7186
v -111.3821 -26.8823 102.3551
v -113.9473 -24.5803 102.4798
v -112.5274 -24.9214 100.7174
v -115.0396 -24.4185 103.6819
v -110.0885 -25.5586 98.6348
v -14.8377 84.2374 142.9366
v -14.9633 84.7464 138.4046
v -11.0081 85.1688 140.6387
v -13.0513 94.7118 142.1253
v -11.4196 7.9629 153.5938
v 66.6212 -25.8371 170.0635
v -34.8980 76.7399 37.3882
v -13.6141 28.5716 72.8203
v -15.2150 9.9707 150.9994
v -19.9450 24.7165 143.5246
v -12.5681 3.2633 154.8146
v -34.2743 47.2733 87.8905
v -35.2414 45.7569 88.0636
v -35.1317 46.6955 87.4686
v -30.6770 47.3176 52.8637
v -25.7679 40.7808 57.7229
v -25.4106 40.9456 58.9665
v -24.5980 41.8349 58.9640
v -29.7658 47.9175 52.9762
v -21.1259 37.9265 62.7287
v -24.4791 42.2237 57.7658
v -29.2342 47.9097 52.0168
v -41.0296 59.0803 46.7569
v -12.7427 7.7677 117.5394
v -10.7941 4.1193 113.7664
v -8.9898 4.8989 114.8619
v -7.6994 1.4071 119.3851
v 116.7776 -12.7753 97.3618
v 118.6931 -12.9172 95.8630
v 116.7899 -12.3244 96.9644
v 115.5694 -13.6433 95.5652
v 115.6692 -14.2102 96.3938
v 117.0504 -14.4578 97.2496
v 117.4726 -14.2361 94.4639
v 116.8741 -12.6469 93.4047
v 118.4959 -13.8253 96.9506
v 117.3876 -15.2602 95.9827
v 115.2236 -13.0294 95.1713
v 117.0504 -14.4578 97.2496
v 14.5502 9.0494 166.8080
v 17.3179 2.0357 163.9111
v 12.0631 4.6861 164.3247
v -14.5932 -4.4485 38.3491
v 14.7585 2.9875 60.2416
v 13.4506 -2.4700 60.5683
v 47.2091 9.8435 72.1366
v 38.8318 5.7857 87.7441
v 47.4028 9.1349 71.9779
v 52.6018 11.3614 66.3870
v 115.2236 -13.0294 95.1713
v -11.0081 85.1688 140.6387
v -6.1627 57.4826 140.7329
v -18.2455 51.5379 53.4978
v -17.4959 50.2499 53.1551
v -11.7717 55.3585 53.0420
v -17.3170 50.3503 51.7432
v -17.8342 51.6925 51.2548
v 46.4521 9.4300 71.2795
v 37.6948 5.1855 86.7302
v 46.6216 10.0259 71.7049
v 38.3308 4.4347 86.9665
v 35.0721 2.9145 96.4678
v 34.2698 3.7478 96.5266
v 46.9348 8.8793 71.4483
v 52.2304 11.5911 65.6828
v 52.4169 11.1902 65.9412
v -5.6417 15.7663 37.2916
v -42.2900 113.3830 40.3119
v -41.1467 111.9923 38.6122
v -40.5707 112.3978 39.9905
v -40.2531 112.7752 40.5081
v -0.9381 16.0077 89.1867
v -1.9980 17.3276 87.4859
v 0.3303 14.4523 91.1608
v 1.6919 12.7900 93.1550
v -49.3825 59.6581 102.4068
v -55.0860 64.1419 110.0323
v -41.7237 110.4938 37.7153
v 19.8412 39.0158 132.5672
v 39.1822 37.7372 129.8154
v 44.0627 40.3189 133.5640
v 38.9918 38.9189 129.7190
v -110.0885 -25.5586 98.6348
v -107.5003 -25.9017 97.1884
v 104.7245 -9.8791 90.0032
v 103.5550 -11.8574 92.4299
v 11.2381 11.8501 145.5079
v 10.3265 14.9600 167.2925
v -35.3855 -7.3295 146.6149
v 10.7312 -7.4731 60.8683
v -24.8552 52.1611 52.5181
v -20.6926 41.6875 60.5341
v -17.3473 40.7680 58.1078
v -21.7601 51.6236 49.8961
v 19.2057 8.4013 116.9488
v 17.1612 4.9893 113.7781
v 21.3601 0.5338 115.0769
v -5.9332 45.3752 137.1563
v -6.4673 47.2868 132.0922
v -48.3566 -13.6489 144.8912
v -47.0799 -17.1697 147.6944
v -58.8719 -17.6093 145.3616
v -57.4976 -20.8213 147.9578
v -57.9017 -21.5042 143.6781
v 10.0044 11.5778 167.3374
v 5.0567 13.7718 161.2916
v 4.8871 14.4546 168.0005
v 7.3858 7.0109 164.6823
v 9.9836 11.0648 161.2618
v 2.0155 9.6559 165.0590
v -16.3469 107.3993 144.4333
v -43.1618 88.5610 35.4937
v -80.4355 -30.4609 156.9174
v -79.6196 -29.2075 156.8091
v -78.1424 -30.7266 154.9477
v -78.3043 -27.1283 155.8878
v -66.9064 -20.2087 147.5706
v -58.8719 -17.6093 145.3616
v -66.4002 -23.9343 146.1109
v -72.5428 -22.3837 150.7039
v -17.6188 1.0955 111.9515
v -18.0837 2.2498 113.0544
v -19.0776 0.4260 110.9608
v -14.1171 9.5323 109.1602
v -26.2641 53.2757 139.0932
v -18.0206 48.7663 141.8673
v -25.9598 53.9556 139.9554
v -17.7602 48.7715 140.0900
v -18.0651 47.8462 140.9510
v -12.7625 46.5433 142.1609
v -17.7866 49.6411 140.9979
v -12.7191 45.5135 143.1745
v -40.1110 62.8495 137.6012
v -25.3430 54.5899 139.2375
v -12.4686 45.5448 141.1535
v -12.6021 44.3866 142.1465
v -21.7423 3.4615 111.4489
v 9.8297 18.5982 189.2719
v 115.5694 -13.6433 95.5652
v 117.0504 -14.4578 97.2496
v -49.6904 60.0902 101.7556
v -55.0429 64.9232 110.4900
v -50.4032 59.7189 101.5115
v -50.5358 59.0574 102.0119
v 91.5389 -8.8073 90.7679
v 84.6199 -4.2814 94.8517
v 14.4431 71.4557 61.5794
v 20.3705 69.0085 66.9041
v 20.8031 68.2610 66.6600
v 20.6863 68.6083 67.0396
v 20.6863 68.6083 67.0396
v -39.8011 63.2730 138.2558
v -39.7228 63.9569 137.7763
v -25.6472 53.9100 138.3753
v -40.0326 63.5335 137.1217
v -47.7512 65.9396 137.5449
v -12.6455 57.1218 53.6304
v -24.3950 46.2154 49.5947
v -23.7877 44.4112 51.9573
v -23.6804 44.5372 50.2531
v -9.5191 24.2929 77.6576
v -0.1966 27.7972 75.9617
v -16.0486 32.8960 70.5331
v -36.5102 82.7599 35.2006
v 75.0705 -28.0856 173.1155
v 82.1842 -27.4766 172.1368
v 80.7979 -29.7458 174.3322
v -5.7748 12.0956 155.5006
v -2.4368 14.5825 156.5967
v -40.5569 115.7465 40.7407
v -39.8159 115.3750 39.0850
v 23.3863 33.4957 75.1820
v 9.0708 29.9920 75.6080
v 48.6853 40.9336 78.8165
v -47.4615 -15.0066 145.7041
v -40.2368 89.1025 37.0501
v -37.8973 89.6414 34.7035
v 8.4788 7.7981 127.8201
v 4.1348 4.0958 125.1086
v 6.9250 3.5910 123.6058
v 11.2214 7.0679 126.0142
v 8.8115 11.6577 123.1046
v 5.7457 8.5437 129.7730
v 6.1318 12.5494 124.5974
v -40.5913 59.7719 46.8578
v -25.2133 41.5717 57.0247
v -29.8170 47.3050 51.3113
v -40.7940 59.5991 45.5497
v -40.4456 60.0926 46.1117
v -45.3722 65.6429 47.9406
v -40.9108 -5.9409 107.0500
v -39.8989 -5.4910 107.9300
v -39.8432 -7.6089 107.7304
v -39.2520 -6.5150 108.4294
v -15.9722 118.5488 145.9583
v -16.8493 119.7099 146.2331
v -16.8493 119.7099 146.2331
v -21.7423 3.4615 111.4489
v -49.9834 -8.7730 96.2624
v -36.6132 -3.2923 102.6397
v 108.0437 -7.7144 93.2806
v 108.5744 -10.2380 91.4579
v 107.7143 -12.1338 93.8323
v 21.3601 0.5338 115.0769
v 17.6633 1.4217 117.3558
v 14.2237 5.7264 115.4544
v 14.2508 2.1601 119.3906
v 15.8832 9.3952 118.9546
v 11.8343 2.6516 120.8029
v 12.1687 6.2363 116.5815
v 19.7774 4.8155 120.5097
v 14.2508 2.1601 119.3906
v 17.6633 1.4217 117.3558
v 16.1308 5.7713 122.8406
v 11.8343 2.6516 120.8029
v 13.5429 10.1253 120.3451
v 13.5790 6.4438 124.4837
v -34.8980 76.7399 37.3882
v 30.5173 3.1897 110.0398
v -79.6196 -29.2075 156.8091
v -78.3043 -27.1283 155.8878
v -43.2115 -33.6151 135.9533
v -40.4327 -45.4312 127.5811
v 21.1787 68.6218 66.8508
v 20.6863 68.6083 67.0396
v 20.9113 69.0838 67.0017
v 20.6863 68.6083 67.0396
v 15.0749 71.8570 61.2171
v -22.5586 36.7355 61.3918
v -30.7087 46.9390 51.8348
v -41.1548 58.9735 45.9485
v -10.8469 25.3172 76.5049
v -12.6469 -11.4590 153.5010
v -14.6171 -5.9267 151.5258
v -5.6443 35.0713 143.8536
v 2.0983 37.4071 140.0042
v -3.9895 34.6220 144.3091
v -5.9240 36.5020 144.3136
v -4.6637 36.8625 145.2434
v -3.9275 64.5364 55.5691
v -18.3540 52.4171 52.3599
v -3.8509 63.8519 56.4338
v 52.5295 11.8681 66.4042
v 52.6104 11.6351 65.9842
v 52.4169 11.1902 65.9412
v 52.6104 11.6351 65.9842
v 46.9348 8.8793 71.4483
v 74.8024 -6.0153 94.7033
v 64.3282 -5.4364 97.9985
v 75.9163 -3.1432 97.5142
v -24.8866 46.0319 52.2436
v 113.2898 -12.1402 94.9405
v 111.0020 -12.0426 94.6767
v -30.7087 46.9390 51.8348
v -41.1548 58.9735 45.9485
v -40.1602 -49.6624 121.7792
v -25.6472 53.9100 138.3753
v -47.2034 65.3783 137.4032
v 0.0466 28.0643 105.4547
v 20.1980 53.9164 112.0894
v 20.0372 53.9575 111.5768
v 16.2698 46.2235 106.2884
v 20.0130 54.3548 111.8995
v 20.0130 54.3548 111.8995
v -14.9243 101.9698 143.5243
v 83.4487 -7.0128 92.2118
v 74.8024 -6.0153 94.7033
v -32.1547 -5.0337 91.2043
v -12.4686 45.5448 141.1535
v -17.7602 48.7715 140.0900
v -12.5914 31.9310 68.0290
v 32.1031 2.8544 102.9147
v 30.9827 0.6842 109.9170
v 29.6939 1.8847 110.3803
v -26.2863 61.0909 45.2048
v -21.3665 38.6137 61.4378
v -18.9163 33.6809 64.6957
v -22.2805 37.8767 60.6764
v -17.7266 34.5353 65.4689
v -22.5586 36.7355 61.3918
v -16.9862 33.4349 66.8773
v -14.6171 -5.9267 151.5258
v -11.3276 -20.0646 153.0913
v 88.9495 -34.3738 179.5454
v -8.8273 72.8827 139.8583
v -5.7671 25.7968 574.6330
v -6.1690 28.0573 581.5838
v -7.2144 27.0388 581.3553
v -2.1115 29.3822 575.0217
v -7.1925 63.5590 107.7113
v -7.9817 57.7105 111.8078
v -7.6754 63.6152 107.9916
v -7.5546 57.9975 112.4660
v -7.2218 50.4008 124.5320
v -76.1434 -24.6933 153.7573
v 6.9250 3.5910 123.6058
v 8.0733 7.2373 118.7116
v 9.5804 3.0919 122.1013
v 10.2724 6.7027 117.5896
v 11.3672 10.8215 121.6231
v 32.9248 0.3815 108.4353
v 34.6967 0.5240 108.1848
v 33.0673 1.8826 102.6616
v 48.9162 -7.5964 132.0086
v 36.5272 -4.1215 146.1674
v 48.5630 -8.0004 131.9901
v 48.5907 -7.6565 131.7428
v 71.1855 -40.7432 111.8228
v 68.7616 -32.4700 110.8592
v 71.6051 -40.6225 112.0905
v 71.1827 -40.3895 112.1577
v 71.5876 -40.1215 112.1948
v 71.1827 -40.3895 112.1577
v 80.7979 -29.7458 174.3322
v 49.9194 40.3468 78.9245
v 49.4487 40.0891 79.5800
v 9.6163 38.2449 137.4661
v 19.8412 39.0158 132.5672
v 2.9999 37.7014 140.8577
v -4.8979 6.6389 117.1075
v -2.3986 3.3058 122.5944
v -5.1163 2.3434 120.9900
v -6.9026 5.7962 116.0875
v -7.2113 6.3092 125.2466
v -9.9002 5.1140 123.3254
v -8.1814 10.0998 120.5140
v 48.1779 -7.6570 131.8418
v 48.5630 -8.0004 131.9901
v 48.5311 -7.2530 131.8603
v -5.3111 43.3843 143.4293
v 38.3308 4.4347 86.9665
v 27.0956 0.2936 163.0921
v 28.7595 -1.6874 157.6069
v 7.3858 7.0109 164.6823
v -31.2296 -3.9481 97.7564
v -29.8791 -4.1652 98.1248
v -28.5528 -4.5547 105.7447
v -30.3661 -2.7701 105.4144
v -28.6432 -2.9884 105.9953
v -32.1547 -5.0337 91.2043
v -31.2296 -3.9481 97.7564
v 9.6163 38.2449 137.4661
v -47.7281 65.3802 137.6086
v -47.5495 65.6350 137.2899
v -47.2265 65.9378 137.3394
v -47.5495 65.6350 137.2899
v -40.0326 63.5335 137.1217
v -5.9266 42.0541 142.3775
v -5.9262 40.5067 143.5381
v -6.1818 41.9983 144.7478
v -46.0451 65.0996 47.7285
v -24.9996 47.1148 50.8787
v -24.8866 46.0319 52.2436
v -18.2455 51.5379 53.4978
v -12.5541 56.3547 54.6136
v -15.8793 27.3992 71.6864
v -14.6345 27.2389 73.2341
v -13.6991 -11.7109 152.1110
v -12.3814 -20.4206 152.9652
v -7.3725 -34.1075 151.2585
v -10.6441 8.8320 118.9172
v 0.0466 28.0643 105.4547
v -13.8012 10.1651 110.3524
v -8.3669 17.1940 108.3557
v 16.2698 46.2235 106.2884
v 52.3000 12.0101 65.9690
v 52.6104 11.6351 65.9842
v -39.9731 -49.9538 121.5139
v -39.9731 -49.9538 121.5139
v -7.3266 63.8888 107.9762
v -7.3266 63.8888 107.9762
v -10.6441 8.8320 118.9172
v -6.6422 43.2095 143.5338
v -5.9266 42.0541 142.3775
v -13.8012 10.1651 110.3524
v -80.9900 -31.0421 156.7973
v -81.0421 -32.4582 156.1862
v 2.0155 9.6559 165.0590
v -21.9035 36.7723 62.7728
v 1.6919 12.7900 93.1550
v -5.8359 8.9835 96.4838
v 0.3303 14.4523 91.1608
v 20.0372 53.9575 111.5768
v 20.1317 54.4618 111.4126
v 90.1363 -33.6136 179.2412
v 90.1363 -33.6136 179.2412
v 52.6104 11.6351 65.9842
v 52.6104 11.6351 65.9842
v -41.6371 111.7148 38.0500
v 38.9918 38.9189 129.7190
v 44.6617 40.8743 133.5176
v 44.2803 40.7069 133.8043
v -31.8784 -6.1945 105.5996
v -31.0641 -4.8212 106.4787
v -31.9439 -3.6569 105.8706
v -39.9731 -49.9538 121.5139
v 48.6853 40.9336 78.8165
v 55.8802 48.5456 82.2132
v 55.8114 48.6675 81.6593
v 14.4431 71.4557 61.5794
v -55.6001 64.3642 110.0442
v 48.5907 -7.6565 131.7428
v 48.5907 -7.6565 131.7428
v 9.5804 3.0919 122.1013
v -6.9190 63.8095 108.1325
v -7.3266 63.8888 107.9762
v -9.3632 29.4625 574.6405
v -7.2067 29.1062 581.6556
v -5.7076 33.0478 575.0292
v -8.2521 28.0878 581.4271
v -7.2144 27.0388 581.3553
v -9.3632 29.4625 574.6405
v -5.7671 25.7968 574.6330
v -8.2521 28.0878 581.4271
v -40.8271 114.1397 41.6202
v -39.6672 114.5576 40.6889
v -39.6672 114.5576 40.6889
v -15.7741 1.1476 150.8535
v -2.1115 29.3822 575.0217
v -7.2067 29.1062 581.6556
v -6.1690 28.0573 581.5838
v -5.7076 33.0478 575.0292
v -3.8509 63.8519 56.4338
v -17.7511 31.9205 66.9946
v -18.7906 32.0560 65.3533
v -31.6301 -10.2288 55.7186
v 25.5088 -0.1239 163.4033
v -47.4982 -8.5174 108.5917
v -57.7414 -10.5668 110.8870
v -57.4242 -10.9780 111.7561
v -76.2190 -11.5317 118.9529
v -76.6927 -11.1335 118.5258
v -40.8952 -7.2437 107.0148
v 56.4343 48.6046 82.3394
v 56.7079 48.7630 81.8635
v 56.1937 48.9099 81.9597
v 49.4476 40.8688 78.4526
v 56.3229 48.8018 81.4432
v 56.1937 48.9099 81.9597
v 115.6692 -14.2102 96.3938
v 117.0504 -14.4578 97.2496
v 34.1683 0.9375 110.5936
v 32.5316 0.4387 109.9648
v -13.6991 -11.7109 152.1110
v -3.2411 35.7816 145.0369
v 2.9999 37.7014 140.8577
v -4.6637 36.8625 145.2434
v -39.9731 -49.9538 121.5139
v -20.5030 41.7601 138.8404
v -21.3779 41.9306 138.8641
v -21.6664 48.1483 142.2579
v -21.4563 41.4268 139.5956
v -21.4563 41.4268 139.5956
v -21.2117 47.4470 142.4032
v 56.1937 48.9099 81.9597
v 56.1937 48.9099 81.9597
v -80.0801 -10.0726 124.8694
v -80.1277 -9.8594 125.3328
v -46.7560 -8.8867 109.3734
v -7.3266 63.8888 107.9762
v 20.0130 54.3548 111.8995
v -32.0435 -9.9823 55.8092
v -19.9792 2.0102 112.8505
v -33.3623 -5.8336 105.0110
v -33.3537 -4.2813 104.9483
v -39.8432 -7.6089 107.7304
v -39.6281 113.5386 38.9412
v -4.9467 -38.3585 146.8936
v -4.4711 -38.1721 146.6802
v -47.2265 65.9378 137.3394
v 20.0130 54.3548 111.8995
v 20.0130 54.3548 111.8995
v 48.5907 -7.6565 131.7428
v 44.2649 40.6835 133.3242
v 44.6800 40.5897 133.1000
v 44.2649 40.6835 133.3242
v -40.2531 112.7752 40.5081
v -39.6672 114.5576 40.6889
v -39.6672 114.5576 40.6889
v -39.6672 114.5576 40.6889
v -20.4552 1.1302 111.4753
v -19.9792 2.0102 112.8505
v -4.5192 7.5221 127.3147
v -5.6020 11.4411 122.1209
v -8.1814 10.0998 120.5140
v 20.3705 69.0085 66.9041
v 20.6863 68.6083 67.0396
v -30.9725 -4.0217 104.5610
v -117.6608 -24.7402 103.5827
v -117.4743 -24.0593 105.0562
v -115.7908 -24.2635 104.3272
v -117.6608 -24.7402 103.5827
v -117.4743 -24.0593 105.0562
v -116.4806 -24.5665 106.2536
v -115.7908 -24.2635 104.3272
v -117.4743 -24.0593 105.0562
v -31.6301 -10.2288 55.7186
v 55.8114 48.6675 81.6593
v 56.1937 48.9099 81.9597
v -55.6001 64.3642 110.0442
v -55.2544 64.4364 110.4431
v -54.7415 64.4874 110.3078
v -55.2544 64.4364 110.4431
v -55.2544 64.4364 110.4431
v -55.5735 64.8471 110.3271
v -55.2544 64.4364 110.4431
v -55.2544 64.4364 110.4431
v -25.7679 40.7808 57.7229
v -18.7906 32.0560 65.3533
v -46.2592 65.5782 47.8959
v -45.8086 65.3955 48.0898
v -45.4969 65.1397 47.7562
v -45.8086 65.3955 48.0898
v -45.8086 65.3955 48.0898
v -45.8433 65.9140 48.0269
v -45.8086 65.3955 48.0898
v -46.2592 65.5782 47.8959
v -45.8086 65.3955 48.0898
v 35.4072 0.6121 109.5675
v 34.1683 0.9375 110.5936
v 71.5876 -40.1215 112.1948
v 71.1827 -40.3895 112.1577
v 70.9087 -40.3167 111.7616
v 71.1827 -40.3895 112.1577
v 71.1827 -40.3895 112.1577
v 30.9827 0.6842 109.9170
v -31.8784 -6.1945 105.5996
v -79.7202 -9.5589 125.4113
v -80.0801 -10.0726 124.8694
v -79.6915 -9.9643 125.1426
v -79.4209 -9.5863 124.9965
v -79.6915 -9.9643 125.1426
v -79.6915 -9.9643 125.1426
v -79.6915 -9.9643 125.1426
v -79.6915 -9.9643 125.1426
v -29.9796 -5.1865 104.8342
v -30.3661 -2.7701 105.4144
v -4.6757 -38.5525 146.6099
v -4.6757 -38.5525 146.6099
v -47.5495 65.6350 137.2899
v -47.5495 65.6350 137.2899
v 4.1348 4.0958 125.1086
v 5.9361 7.7314 119.6246
v 44.3098 40.2464 133.1287
v 44.3098 40.2464 133.1287
v 44.2649 40.6835 133.3242
v 44.2649 40.6835 133.3242
v 44.2649 40.6835 133.3242
v -5.6020 11.4411 122.1209
v -4.9467 -38.3585 146.8936
v -4.6757 -38.5525 146.6099
v -4.6757 -38.5525 146.6099
v -21.2814 47.8184 141.9373
v -21.5998 47.6788 142.2598
v -21.5968 47.7769 142.7237
v -21.5998 47.6788 142.2598
v -21.5998 47.6788 142.2598
v -21.2814 47.8184 141.9373
v -21.5998 47.6788 142.2598
vt 0.000240 0.999760
vt 0.015860 0.999760
vt 0.000240 0.827990
vt 0.031480 0.999760
vt 0.062710 0.643900
vt 0.000240 0.643900
vt 0.062710 0.827990
vt 0.062710 0.999760
vt 0.047100 0.999760
vt 0.078330 0.999760
vt 0.093950 0.999760
vt 0.125180 0.827990
vt 0.109570 0.999760
vt 0.187650 0.643900
vt 0.125180 0.643900
vt 0.125180 0.999760
vt 0.140800 0.999760
vt 0.799850 -3.003240
vt 0.599950 -3.295920
vt 0.599950 -3.003240
vt 0.999760 -3.295920
vt 0.799850 -3.295920
vt 0.999760 -3.003240
vt 0.899800 -5.658580
vt 0.799850 -2.259920
vt 0.999760 -2.259920
vt 0.156420 0.999760
vt 0.187650 0.827990
vt 0.187650 0.999760
vt 0.203270 0.999760
vt 0.172040 0.999760
vt 0.218890 0.999760
vt 0.250120 0.827990
vt 0.400050 -2.259920
vt 0.200150 -3.003240
vt 0.200150 -2.259920
vt 0.599950 -2.016740
vt 0.599950 -2.259920
vt 0.400050 -2.010750
vt 0.200150 -1.996580
vt 0.400050 -1.858910
vt 0.599950 -1.859180
vt 0.799850 -1.829600
vt 0.799850 -2.006270
vt 0.234500 0.999760
vt 0.312590 0.643900
vt 0.250120 0.643900
vt 0.250120 0.999760
vt 0.265740 0.999760
vt 0.281360 0.999760
vt 0.312590 0.827990
vt 0.312590 0.999760
vt 0.328210 0.999760
vt 0.296970 0.999760
vt 0.375060 0.643900
vt 0.343830 0.999760
vt 0.375060 0.827990
vt 0.375060 0.999760
vt 0.390680 0.999760
vt 0.359440 0.999760
vt 0.406300 0.999760
vt 0.437530 0.827990
vt 0.421910 0.999760
vt 0.437530 0.643900
vt 0.468770 0.999760
vt 0.500000 0.827990
vt 0.437530 0.999760
vt 0.453150 0.999760
vt 0.666590 -3.693150
vt 0.999760 -3.737760
vt 0.666590 -3.737760
vt 0.333410 -3.693150
vt 0.333410 -3.737760
vt 0.833170 -5.771180
vt 0.666590 -3.637150
vt 0.500000 -5.771180
vt 0.000240 -3.693150
vt 0.484380 0.999760
vt 0.562470 0.643900
vt 0.500000 0.643900
vt 0.500000 0.999760
vt 0.515620 0.999760
vt 0.531230 0.999760
vt 0.562470 0.827990
vt 0.562470 0.999760
vt 0.546850 0.999760
vt 0.578090 0.999760
vt 0.593700 0.999760
vt 0.624940 0.827990
vt 0.609320 0.999760
vt 0.687410 0.643900
vt 0.624940 0.643900
vt 0.624940 0.999760
vt 0.640560 0.999760
vt 0.200150 -3.658200
vt 0.000240 -3.592420
vt 0.200150 -3.592420
vt 0.200150 -3.703420
vt 0.000240 -3.658200
vt 0.400050 -3.703420
vt 0.400050 -3.592420
vt 0.400050 -3.658200
vt 0.400050 -3.741210
vt 0.200150 -3.741210
vt 0.599950 -3.703420
vt 0.656170 0.999760
vt 0.687410 0.827990
vt 0.687410 0.999760
vt 0.703030 0.999760
vt 0.671790 0.999760
vt 0.718640 0.999760
vt 0.749880 0.827990
vt 0.000240 -2.163040
vt 0.250120 -2.322000
vt 0.000240 -2.323260
vt 0.250120 -2.552340
vt 0.000240 -2.552340
vt 0.250120 -2.177440
vt 0.500000 -2.204330
vt 0.500000 -2.339240
vt 0.000240 -1.966500
vt 0.250120 -2.009700
vt 0.500000 -2.046530
vt 0.734260 0.999760
vt 0.812350 0.643900
vt 0.749880 0.643900
vt 0.749880 0.999760
vt 0.765500 0.999760
vt 0.781110 0.999760
vt 0.812350 0.827990
vt 0.812350 0.999760
vt 0.827960 0.999760
vt 0.796730 0.999760
vt 0.599950 -3.741210
vt 0.200150 -3.776120
vt 0.599950 -3.658200
vt 0.799850 -3.703420
vt 0.400050 -3.776120
vt 0.843580 0.999760
vt 0.874820 0.827990
vt 0.874820 0.999760
vt 0.859200 0.999760
vt 0.890430 0.999760
vt 0.906050 0.999760
vt 0.937290 0.827990
vt 0.921670 0.999760
vt 0.968520 0.999760
vt 0.999760 0.827990
vt 0.937290 0.999760
vt 0.952900 0.999760
vt 0.984140 0.999760
vt 0.937290 0.643900
vt 0.999760 0.999760
vt 0.187650 0.447830
vt 0.125180 0.447830
vt 0.062710 0.447830
vt 0.250120 0.447830
vt 0.187650 0.194040
vt 0.125180 0.194040
vt 0.799850 -1.255310
vt 0.599950 -1.517360
vt 0.599950 -1.283090
vt 0.999760 -1.505740
vt 0.799850 -1.503850
vt 0.999760 -1.260960
vt 0.599950 -1.723450
vt 0.999760 -1.719080
vt 0.799850 -1.718530
vt 0.599950 -3.592420
vt 0.400050 -3.524930
vt 0.599950 -3.524930
vt 0.799850 -3.658200
vt 0.500000 -3.520860
vt 0.500000 -3.664900
vt 0.250120 -3.520860
vt 0.749880 -3.664900
vt 0.250120 -3.365770
vt 0.999760 -3.520860
vt 0.999760 -3.664900
vt 0.749880 -3.520860
vt 0.250120 -3.770070
vt 0.250120 -3.664900
vt 0.749880 -3.770070
vt 0.500000 -3.770070
vt 0.999760 -3.365770
vt 0.500000 -3.365770
vt 0.749880 -3.365770
vt 0.500000 -2.378870
vt 0.250120 -2.969960
vt 0.250120 -2.378870
vt 0.749880 -2.969960
vt 0.500000 -2.969960
vt 0.749880 -2.154230
vt 0.749880 -2.378870
vt 0.000240 -3.271740
vt 0.000240 -2.969960
vt 0.000240 -2.155030
vt 0.250120 -2.167960
vt 0.000240 -2.378870
vt 0.500000 -2.168150
vt 0.250120 -3.271740
vt 0.749880 -3.271740
vt 0.500000 -3.271740
vt 0.666590 -3.856340
vt 0.999760 -3.856340
vt 0.666590 -3.900800
vt 0.333410 -3.900800
vt 0.333410 -3.856340
vt 0.999760 -3.900800
vt 0.833170 -5.836020
vt 0.666590 -2.827810
vt 0.333410 -3.179430
vt 0.333410 -2.827810
vt 0.666590 -2.372010
vt 0.999760 -2.372010
vt 0.333410 -2.372010
vt 0.666590 -1.789840
vt 0.999760 -1.789840
vt 0.999760 -2.827810
vt 0.999760 -3.179430
vt 0.666590 -3.179430
vt 0.666590 -1.514820
vt 0.999760 -2.037650
vt 0.666590 -2.037650
vt 0.333410 -1.514820
vt 0.333410 -1.369730
vt 0.333410 -2.466880
vt 0.333410 -2.037650
vt 0.999760 -2.466880
vt 0.666590 -2.466880
vt 0.000240 -1.377440
vt 0.000240 -1.514820
vt 0.200150 -3.524930
vt 0.000240 -3.434880
vt 0.200150 -3.434880
vt 0.000240 -3.524930
vt 0.400050 -3.434880
vt 0.062710 0.194040
vt 0.624940 -0.036970
vt 0.624940 -0.282780
vt 0.562470 -0.036970
vt 0.687410 0.194040
vt 0.687410 -0.036970
vt 0.749880 0.447830
vt 0.749880 0.194040
vt 0.624940 0.194040
vt 0.749880 -0.036970
vt 0.562470 0.194040
vt 0.687410 0.447830
vt 0.125180 -0.036970
vt 0.187650 -0.282780
vt 0.125180 -0.282780
vt 0.250120 -0.599680
vt 0.187650 -0.599680
vt 0.187650 -0.036970
vt 0.125180 -0.599680
vt 0.062710 -0.036970
vt 0.250120 -0.282780
vt 0.250120 0.194040
vt 0.250120 -0.036970
vt 0.599950 -2.546150
vt 0.400050 -2.326340
vt 0.599950 -2.326340
vt 0.799850 -2.326340
vt 0.799850 -2.546150
vt 0.400050 -2.546150
vt 0.200150 -2.546150
vt 0.200150 -2.326340
vt 0.799850 -2.028390
vt 0.400050 -2.028390
vt 0.599950 -2.028390
vt 0.200150 -2.740330
vt 0.599950 -2.740330
vt 0.400050 -2.740330
vt 0.437530 -0.282780
vt 0.375060 -0.599680
vt 0.375060 -0.282780
vt 0.500000 -0.036970
vt 0.500000 -0.282780
vt 0.437530 -0.036970
vt 0.562470 -0.282780
vt 0.562470 -0.599680
vt 0.500000 -0.599680
vt 0.437530 -0.599680
vt 0.500000 0.194040
vt 0.375060 -0.036970
vt 0.312590 -0.599680
vt 0.312590 -0.282780
vt 0.375060 -0.887170
vt 0.624940 -0.599680
vt 0.500000 -0.887170
vt 0.624940 -0.887170
vt 0.687410 -0.282780
vt 0.687410 -0.599680
vt 0.812350 -0.599680
vt 0.749880 -0.282780
vt 0.812350 -0.282780
vt 0.874820 -0.599680
vt 0.749880 -0.887170
vt 0.749880 -0.599680
vt 0.812350 -0.036970
vt 0.874820 -0.282780
vt 0.874820 -0.887170
vt 0.937290 -0.282780
vt 0.937290 -0.599680
vt 0.874820 -0.036970
vt 0.937290 -0.036970
vt 0.250120 -1.540420
vt 0.000240 -1.936200
vt 0.000240 -1.540420
vt 0.500000 -1.086790
vt 0.500000 -1.540420
vt 0.250120 -1.936200
vt 0.250120 -1.086790
vt 0.500000 -1.936200
vt 0.999760 -0.036970
vt 0.999760 -0.282780
vt 0.999760 -0.599680
vt 0.062710 -0.282780
vt 0.062710 -0.599680
vt 0.000240 -0.036970
vt 0.125180 -0.887170
vt 0.000240 -0.282780
vt 0.250120 -0.887170
vt 0.312590 -0.036970
vt 0.999760 -2.338250
vt 0.799850 -2.056630
vt 0.999760 -2.046440
vt 0.799850 -2.338250
vt 0.599950 -2.338250
vt 0.599950 -2.066920
vt 0.799850 -1.863450
vt 0.999760 -1.846510
vt 0.999760 -3.153400
vt 0.799850 -3.153400
vt 0.250120 -1.192880
vt 0.125180 -1.192880
vt 0.624940 -1.192880
vt 0.500000 -1.192880
vt 0.375060 -1.192880
vt 0.874820 -1.192880
vt 0.749880 -1.192880
vt 0.999760 -0.887170
vt 0.250120 -2.034040
vt 0.500000 -2.285010
vt 0.250120 -2.285010
vt 0.500000 -2.021780
vt 0.749880 -2.020010
vt 0.250120 -2.966100
vt 0.000240 -2.034490
vt 0.250120 -1.858170
vt 0.500000 -1.836860
vt 0.749880 -4.835360
vt 0.749880 -4.300790
vt 0.999760 -4.835360
vt 0.500000 -4.835360
vt 0.500000 -4.300790
vt 0.999760 -4.300790
vt 0.749880 -3.707500
vt 0.874820 -3.707500
vt 0.437530 0.194040
vt 0.375060 0.194040
vt 0.500000 0.447830
vt 0.437530 0.447830
vt 0.375060 0.447830
vt 0.375060 -1.514620
vt 0.250120 -1.514620
vt 0.624940 -1.514620
vt 0.500000 -1.514620
vt 0.375060 -2.806280
vt 0.375060 -2.322180
vt 0.500000 -2.806280
vt 0.375060 -3.243290
vt 0.250120 -3.243290
vt 0.250120 -2.806280
vt 0.500000 -1.944420
vt 0.500000 -2.322180
vt 0.624940 -3.243290
vt 0.500000 -3.243290
vt 0.624940 -2.806280
vt 0.874820 -2.806280
vt 0.999760 -2.322180
vt 0.999760 -2.806280
vt 0.749880 -2.322180
vt 0.874820 -2.322180
vt 0.874820 -1.944420
vt 0.999760 -1.944420
vt 0.874820 -3.243290
vt 0.749880 -1.944420
vt 0.400050 -1.379970
vt 0.200150 -1.744070
vt 0.200150 -1.379970
vt 0.599950 -1.744070
vt 0.400050 -1.744070
vt 0.000240 -1.379970
vt 0.400050 -1.021640
vt 0.000240 -1.021640
vt 0.200150 -1.021640
vt 0.200150 -2.028390
vt 0.250120 -2.322180
vt 0.125180 -2.322180
vt 0.250120 -1.944420
vt 0.375060 -1.944420
vt 0.125180 -2.806280
vt 0.000240 -1.944420
vt 0.125180 -1.944420
vt 0.000240 -2.322180
vt 0.125180 -3.243290
vt 0.749880 -2.806280
vt 0.624940 -2.322180
vt 0.624940 -1.944420
vt 0.000240 -1.514620
vt 0.125180 -1.514620
vt 0.999760 -3.707500
vt 0.999760 -3.243290
vt 0.250120 -4.835360
vt 0.250120 -4.300790
vt 0.000240 -4.300790
vt 0.375060 -3.707500
vt 0.125180 -3.707500
vt 0.250120 -5.402710
vt 0.749880 -5.402710
vt 0.500000 -5.402710
vt 0.000240 -3.707500
vt 0.000240 -3.243290
vt 0.000240 -4.835360
vt 0.250120 -3.707500
vt 0.500000 -3.707500
vt 0.624940 -3.707500
vt 0.749880 -3.243290
vt 0.312590 0.194040
vt 0.749880 -6.776180
vt 0.500000 -6.126010
vt 0.749880 -6.126010
vt 0.500000 -7.465500
vt 0.500000 -6.776180
vt 0.749880 -7.465500
vt 0.999760 -6.126010
vt 0.999760 -6.776180
vt 0.999760 -5.402710
vt 0.749880 -8.342200
vt 0.749880 -9.128210
vt 0.500000 -9.128210
vt 0.999760 -7.465500
vt 0.999760 -8.342200
vt 0.500000 -8.342200
vt 0.000240 -10.120450
vt 0.250120 -10.120450
vt 0.125180 -10.029580
vt 0.250120 -10.120450
vt 0.500000 -10.120450
vt 0.375060 -10.029580
vt 0.500000 -10.120450
vt 0.749880 -10.120450
vt 0.624940 -10.029580
vt 0.749880 -10.120450
vt 0.999760 -10.120450
vt 0.874820 -10.029580
vt 0.749880 -2.364640
vt 0.999760 -2.150230
vt 0.999760 -2.364640
vt 0.749880 -2.011240
vt 0.999760 -1.998330
vt 0.749880 -2.157960
vt 0.749880 -2.933820
vt 0.500000 -3.733500
vt 0.250120 -3.652060
vt 0.500000 -3.652060
vt 0.749880 -3.798930
vt 0.500000 -3.798930
vt 0.749880 -3.733500
vt 0.500000 -3.850770
vt 0.250120 -3.798930
vt 0.749880 -3.850770
vt 0.999760 -3.652060
vt 0.999760 -3.733500
vt 0.749880 -3.652060
vt 0.999760 -3.798930
vt 0.749880 -1.936200
vt 0.749880 -1.540420
vt 0.999760 -2.279820
vt 0.749880 -2.279820
vt 0.500000 -2.279820
vt 0.250120 -2.279820
vt 0.749880 -1.086790
vt 0.999760 -1.540420
vt 0.999760 -1.936200
vt 0.000240 -3.937990
vt 0.250120 -3.870960
vt 0.250120 -3.937990
vt 0.000240 -3.870960
vt 0.500000 -3.870960
vt 0.500000 -3.937990
vt 0.000240 -3.703420
vt 0.000240 -3.492690
vt 0.000240 -3.318670
vt 0.333410 -3.318670
vt 0.000240 -3.096140
vt 0.333410 -3.096140
vt 0.666590 -3.096140
vt 0.666590 -3.318670
vt 0.333410 -3.492690
vt 0.333410 -3.626500
vt 0.000240 -3.626500
vt 0.666590 -3.492690
vt 0.000240 -2.326340
vt 0.000240 -2.028390
vt 0.333410 -3.446460
vt 0.999760 -3.446460
vt 0.666590 -3.446460
vt 0.666590 -3.298670
vt 0.333410 -3.447230
vt 0.333410 -3.298670
vt 0.999760 -3.298670
vt 0.666590 -3.447230
vt 0.666590 -3.102550
vt 0.999760 -3.102550
vt 0.999760 -3.447230
vt 0.333410 -3.557430
vt 0.666590 -3.557430
vt 0.400050 -1.652950
vt 0.400050 -1.888970
vt 0.200150 -1.676720
vt 0.400050 -2.234300
vt 0.200150 -1.898310
vt 0.599950 -1.645760
vt 0.000240 -1.895810
vt 0.200150 -2.234300
vt 0.250120 -3.733500
vt 0.000240 -3.798930
vt 0.000240 -1.945630
vt 0.200150 -1.588960
vt 0.200150 -1.945630
vt 0.200150 -1.352730
vt 0.400050 -1.578770
vt 0.000240 -1.593430
vt 0.400050 -1.945630
vt 0.200150 -2.982950
vt 0.200150 -2.338250
vt 0.000240 -2.046440
vt 0.200150 -2.049230
vt 0.400050 -2.061850
vt 0.400050 -2.338250
vt 0.400050 -1.892490
vt 0.599950 -1.894770
vt 0.200150 -3.153400
vt 0.000240 -1.846510
vt 0.200150 -1.862320
vt 0.999760 -0.866230
vt 0.749880 -0.958050
vt 0.749880 -0.853280
vt 0.500000 -1.069930
vt 0.500000 -0.950690
vt 0.999760 -0.964140
vt 0.500000 -0.717090
vt 0.749880 -0.758840
vt 0.500000 -0.829810
vt 0.999760 -0.776620
vt 0.749880 -1.069930
vt 0.999760 -4.010620
vt 0.666590 -3.957240
vt 0.999760 -3.957240
vt 0.666590 -4.010620
vt 0.333410 -4.010620
vt 0.333410 -3.957240
vt 0.999760 -3.888350
vt 0.833170 -6.149960
vt 0.799850 -3.741210
vt 0.599950 -3.776120
vt 0.000240 -3.073380
vt 0.000240 -2.830940
vt 0.250120 -2.830940
vt 0.250120 -3.073380
vt 0.250120 -2.576470
vt 0.500000 -2.576470
vt 0.500000 -2.830940
vt 0.500000 -3.073380
vt 0.500000 -3.253530
vt 0.250120 -3.253530
vt 0.000240 -3.253530
vt 0.400050 -1.331440
vt 0.599950 -1.576800
vt 0.599950 -1.336460
vt 0.799850 -1.945630
vt 0.599950 -1.945630
vt 0.799850 -1.584570
vt 0.400050 -1.043080
vt 0.599950 -1.061770
vt 0.400050 -0.417530
vt 0.599950 -0.520180
vt 0.400050 -0.523120
vt 0.200150 -0.531360
vt 0.200150 -0.438600
vt 0.400050 -0.316100
vt 0.599950 -0.417320
vt 0.000240 -0.535040
vt 0.000240 -0.455610
vt 0.200150 -0.623700
vt 0.599950 -0.623700
vt 0.400050 -0.623700
vt 0.400050 -3.188850
vt 0.599950 -2.234300
vt 0.599950 -1.880340
vt 0.200150 -3.188850
vt 0.799850 -1.883430
vt 0.799850 -2.234300
vt 0.599950 -3.188850
vt 0.400050 -3.613770
vt 0.799850 -3.188850
vt 0.599950 -3.613770
vt 0.000240 -1.744070
vt 0.000240 -0.623700
vt 0.333410 -3.888350
vt 0.666590 -3.788030
vt 0.666590 -3.888350
vt 0.000240 -3.957240
vt 0.000240 -3.888350
vt 0.333410 -3.788030
vt 0.999760 -3.788030
vt 0.666590 -3.644870
vt 0.000240 -3.788030
vt 0.749880 -3.073380
vt 0.749880 -3.253530
vt 0.250120 -6.126010
vt 0.250120 -6.776180
vt 0.000240 -5.402710
vt 0.000240 -0.599680
vt 0.000240 -2.338250
vt 0.400050 -3.153400
vt 0.200150 -3.486440
vt 0.000240 -3.153400
vt 0.666590 -0.962220
vt 0.999760 -1.097640
vt 0.666590 -1.094860
vt 0.999760 -0.965950
vt 0.333410 -1.058580
vt 0.333410 -0.906990
vt 0.999760 -1.223220
vt 0.666590 -1.220570
vt 0.799850 -3.592420
vt 0.799850 -3.524930
vt 0.999760 -3.524930
vt 0.599950 -3.434880
vt 0.799850 -3.434880
vt 0.999760 -3.658200
vt 0.749880 -2.552340
vt 0.749880 -2.340490
vt 0.999760 -2.323260
vt 0.999760 -2.552340
vt 0.749880 -2.188990
vt 0.749880 -2.285010
vt 0.749880 -1.849920
vt 0.999760 -1.881020
vt 0.999760 -2.034490
vt 0.999760 -2.285010
vt 0.500000 -1.612070
vt 0.749880 -1.650350
vt 0.999760 -1.708070
vt 0.874820 0.447830
vt 0.937290 0.447830
vt 0.874820 0.643900
vt 0.999760 0.643900
vt 0.999760 0.447830
vt 0.500000 -3.991720
vt 0.749880 -4.037960
vt 0.500000 -4.037960
vt 0.250120 -4.037960
vt 0.250120 -3.991720
vt 0.749880 -3.991720
vt 0.999760 -4.037960
vt 0.749880 -4.079190
vt 0.500000 -4.079190
vt 0.749880 -3.937990
vt 0.749880 -1.514620
vt 0.874820 -1.514620
vt 0.000240 0.194040
vt 0.999760 -9.128210
vt 0.000240 -1.602380
vt 0.333410 -2.112680
vt 0.000240 -2.112680
vt 0.666590 -1.602380
vt 0.666590 -2.112680
vt 0.333410 -1.602380
vt 0.333410 -2.522780
vt 0.000240 -2.522780
vt 0.000240 -1.466420
vt 0.333410 -1.460570
vt 0.000240 -7.465500
vt 0.250120 -8.342200
vt 0.000240 -8.342200
vt 0.250120 -7.465500
vt 0.250120 -9.128210
vt 0.000240 -9.128210
vt 0.000240 -6.776180
vt 0.749880 -3.181680
vt 0.999760 -2.917990
vt 0.999760 -3.181680
vt 0.500000 -2.917990
vt 0.749880 -2.917990
vt 0.999760 -2.655860
vt 0.500000 -2.655860
vt 0.749880 -2.655860
vt 0.200150 -3.166000
vt 0.400050 -3.166000
vt 0.200150 -3.465770
vt 0.000240 -3.166000
vt 0.400050 -2.390650
vt 0.599950 -2.127410
vt 0.599950 -2.390650
vt 0.200150 -2.390650
vt 0.599950 -3.166000
vt 0.000240 -2.101670
vt 0.200150 -2.109940
vt 0.000240 -2.390650
vt 0.400050 -2.126010
vt 0.400050 -3.232990
vt 0.599950 -3.341500
vt 0.400050 -3.341500
vt 0.599950 -3.232990
vt 0.799850 -3.232990
vt 0.799850 -3.341500
vt 0.200150 -3.341500
vt 0.799850 -3.081200
vt 0.400050 -3.081200
vt 0.599950 -3.081200
vt 0.250120 -2.308450
vt 0.000240 -1.950880
vt 0.250120 -1.950880
vt 0.500000 -1.950880
vt 0.500000 -2.308450
vt 0.749880 -1.539870
vt 0.749880 -1.950880
vt 0.749880 -2.308450
vt 0.250120 -2.655860
vt 0.000240 -1.539870
vt 0.250120 -1.539870
vt 0.500000 -1.539870
vt 0.624940 0.447830
vt 0.812350 0.447830
vt 0.812350 0.194040
vt 0.000240 -3.081200
vt 0.200150 -3.232990
vt 0.000240 -3.232990
vt 0.200150 -3.081200
vt 0.000240 -3.341500
vt 0.400050 -2.933150
vt 0.000240 -2.933150
vt 0.200150 -2.933150
vt 0.999760 -1.132610
vt 0.666590 -0.998070
vt 0.999760 -1.006440
vt 0.666590 -1.126360
vt 0.666590 -0.862220
vt 0.999760 -0.873870
vt 0.999760 -1.248040
vt 0.666590 -1.242940
vt 0.333410 -1.102200
vt 0.333410 -0.959500
vt 0.599950 -0.323050
vt 0.799850 -0.279810
vt 0.799850 -0.358850
vt 0.400050 -0.091370
vt 0.599950 -0.227290
vt 0.200150 -0.259330
vt 0.200150 -0.162070
vt 0.400050 -0.210040
vt 0.400050 0.038430
vt 0.599950 -0.123420
vt 0.799850 -0.198060
vt 0.200150 -0.350040
vt 0.000240 -1.719080
vt 0.200150 -2.043430
vt 0.000240 -2.043430
vt 0.400050 -1.725350
vt 0.400050 -2.043430
vt 0.200150 -1.722730
vt 0.200150 -2.982140
vt 0.000240 -2.982140
vt 0.400050 -1.520550
vt 0.000240 -1.505740
vt 0.200150 -1.513260
vt 0.500000 -1.881430
vt 0.250120 -2.016640
vt 0.250120 -1.853970
vt 0.000240 -1.811080
vt 0.500000 -2.032560
vt 0.749880 -1.830100
vt 0.250120 -2.152890
vt 0.999760 -0.311030
vt 0.999760 -0.383280
vt 0.799850 -0.438140
vt 0.999760 -0.455610
vt 0.000240 -1.485000
vt 0.333410 -1.469820
vt 0.000240 -1.622780
vt 0.333410 -1.617340
vt 0.666590 -1.618590
vt 0.333410 -1.789840
vt 0.000240 -1.789840
vt 0.000240 -2.806280
vt 0.000240 -2.372010
vt 0.000240 -2.827810
vt 0.599950 -1.379970
vt 0.000240 -1.006440
vt 0.000240 -1.132610
vt 0.333410 -1.229210
vt 0.000240 -1.248040
vt 0.000240 -0.873870
vt 0.333410 -0.806580
vt 0.999760 -3.431000
vt 0.749880 -3.552130
vt 0.749880 -3.431000
vt 0.500000 -3.431000
vt 0.999760 -3.552130
vt 0.999760 -3.253530
vt 0.749880 -1.994280
vt 0.749880 -1.798300
vt 0.999760 -2.003140
vt 0.500000 -2.029000
vt 0.250120 -2.033500
vt 0.500000 -1.863550
vt 0.999760 -2.155030
vt 0.666590 -1.374390
vt 0.999760 -1.377440
vt 0.999760 -1.514820
vt 0.000240 -1.820070
vt 0.250120 -1.871090
vt 0.000240 -2.003140
vt 0.999760 -1.192880
vt 0.599950 -1.983660
vt 0.400050 -2.220340
vt 0.400050 -1.977220
vt 0.599950 -1.827430
vt 0.799850 -1.974210
vt 0.400050 -1.830140
vt 0.599950 -1.646280
vt 0.799850 -1.800780
vt 0.799850 -2.220340
vt 0.799850 -1.591560
vt 0.999760 -1.785110
vt 0.999760 -1.961560
vt 0.250120 -3.181680
vt 0.000240 -3.365770
vt 0.000240 -3.181680
vt 0.000240 -3.520860
vt 0.000240 -2.917990
vt 0.250120 -2.917990
vt 0.000240 -6.126010
vt 0.999760 -2.933820
vt 0.500000 -2.364640
vt 0.999760 -3.224260
vt 0.749880 -3.224260
vt 0.999760 -2.308450
vt 0.000240 -2.308450
vt 0.000240 -2.655860
vt 0.250120 -2.001030
vt 0.500000 -1.821700
vt 0.500000 -2.002140
vt 0.250120 -1.818660
vt 0.250120 -2.148900
vt 0.749880 -1.794830
vt 0.749880 -1.985040
vt 0.000240 -1.988900
vt 0.000240 -1.806550
vt 0.250120 -0.955990
vt 0.250120 -1.069930
vt 0.000240 -0.866230
vt 0.250120 -0.839230
vt 0.000240 -0.964140
vt 0.799850 -0.623700
vt 0.599950 -1.021640
vt 0.799850 -0.526970
vt 0.999760 -0.535040
vt 0.999760 -0.623700
vt 0.666590 -1.464320
vt 0.333410 -1.323290
vt 0.666590 -1.335070
vt 0.999760 -1.602380
vt 0.000240 -1.337970
vt 0.000240 -1.223220
vt 0.333410 -1.198830
vt 0.999760 -1.466420
vt 0.000240 -4.037960
vt 0.000240 -3.991720
vt 0.400050 -2.039670
vt 0.200150 -2.829840
vt 0.200150 -2.039670
vt 0.599950 -1.757530
vt 0.599950 -2.039670
vt 0.400050 -2.829840
vt 0.200150 -3.178890
vt 0.000240 -2.039670
vt 0.000240 -1.745260
vt 0.200150 -1.752810
vt 0.599950 -2.829840
vt 0.400050 -2.037790
vt 0.200150 -2.320600
vt 0.200150 -2.047850
vt 0.599950 -2.320600
vt 0.400050 -2.320600
vt 0.200150 -1.864220
vt 0.400050 -1.839390
vt 0.799850 -3.086600
vt 0.599950 -3.086600
vt 0.599950 -2.027120
vt 0.799850 -2.029740
vt 0.799850 -2.320600
vt 0.200150 -3.086600
vt 0.599950 -1.829840
vt 0.250120 -1.641800
vt 0.999760 -2.326340
vt 0.999760 -2.740330
vt 0.799850 -2.740330
vt 0.500000 -2.161340
vt 0.500000 -2.933820
vt 0.250120 -2.364640
vt 0.000240 0.447830
vt 0.500000 -2.956260
vt 0.250120 -2.956260
vt 0.500000 -2.368410
vt 0.749880 -3.235630
vt 0.500000 -3.235630
vt 0.749880 -2.368410
vt 0.749880 -2.956260
vt 0.749880 -2.140850
vt 0.999760 -2.368410
vt 0.999760 -2.956260
vt 0.666590 -3.626500
vt 0.999760 -3.626500
vt 0.666590 -3.727480
vt 0.999760 -3.727480
vt 0.666590 -3.802190
vt 0.999760 -3.802190
vt 0.000240 -3.741210
vt 0.000240 -3.776120
vt 0.799850 -1.356800
vt 0.799850 -1.098290
vt 0.999760 -1.126900
vt 0.999760 -1.372750
vt 0.624940 -5.634460
vt 0.999760 -3.341500
vt 0.999760 -3.232990
vt 0.999760 -3.434880
vt 0.999760 -3.081200
vt 0.200150 -0.060560
vt 0.799850 -0.113040
vt 0.333410 -3.802190
vt 0.000240 -3.802190
vt 0.333410 -3.727480
vt 0.000240 -3.856340
vt 0.000240 -3.727480
vt 0.500000 -3.181680
vt 0.200150 -3.295920
vt 0.000240 -3.003240
vt 0.400050 -3.295920
vt 0.300100 -5.658580
vt 0.000240 -2.259920
vt 0.400050 -3.003240
vt 0.500000 -5.658580
vt 0.749880 -3.870960
vt 0.999760 -3.937990
vt 0.999760 -3.870960
vt 0.999760 -3.991720
vt 0.999760 -3.770070
vt 0.666590 -2.815740
vt 0.333410 -2.815740
vt 0.999760 -2.815740
vt 0.999760 -3.096140
vt 0.999760 -1.337970
vt 0.000240 -3.179430
vt 0.000240 -2.546150
vt 0.400050 -1.284990
vt 0.000240 -1.881020
vt 0.000240 -2.285010
vt 0.000240 -1.708070
vt 0.599950 -2.043430
vt 0.999760 -2.043430
vt 0.799850 -2.043430
vt 0.200150 -1.973800
vt 0.000240 -1.710920
vt 0.200150 -1.723370
vt 0.400050 -1.749910
vt 0.400050 -1.973800
vt 0.400050 -1.622600
vt 0.599950 -1.752470
vt 0.599950 -1.973800
vt 0.200150 -2.634880
vt 0.000240 -0.776620
vt 0.250120 -0.727940
vt 0.250120 -0.612530
vt 0.500000 -0.601360
vt 0.749880 -3.936320
vt 0.500000 -3.895690
vt 0.749880 -3.895690
vt 0.999760 -3.895690
vt 0.999760 -3.936320
vt 0.874820 -5.525170
vt 0.250120 -3.895690
vt 0.250120 -3.850770
vt 0.500000 -3.936320
vt 0.250120 -3.936320
vt 0.999760 -3.850770
vt 0.624940 -5.525170
vt 0.666590 -1.475780
vt 0.999760 -1.622780
vt 0.999760 -1.485000
vt 0.562470 0.447830
vt 0.999760 0.194040
vt 0.937290 0.194040
vt 0.599950 -2.929370
vt 0.599950 -2.220340
vt 0.799850 -2.929370
vt 0.799850 -3.259570
vt 0.000240 -3.850770
vt 0.000240 -2.815740
vt 0.000240 -2.037650
vt 0.000240 -1.549580
vt 0.200150 -1.564570
vt 0.400050 -1.760550
vt 0.400050 -1.581570
vt 0.599950 -1.576020
vt 0.200150 -2.929370
vt 0.200150 -2.220340
vt 0.400050 -2.929370
vt 0.000240 -2.220340
vt 0.000240 -1.961560
vt 0.200150 -1.963140
vt 0.000240 -2.929370
vt 0.200150 -3.259570
vt 0.000240 -3.259570
vt 0.312590 0.447830
vt 0.799850 -3.776120
vt 0.999760 -3.741210
vt 0.999760 -3.776120
vt 0.999760 -3.808460
vt 0.000240 -0.311030
vt 0.000240 -0.383280
vt 0.000240 -0.238060
vt 0.000240 -0.160470
vt 0.400050 -2.982140
vt 0.200150 -3.421840
vt 0.999760 -3.592420
vt 0.000240 -2.320600
vt 0.400050 -3.086600
vt 0.200150 -3.360940
vt 0.000240 -3.086600
vt 0.000240 -3.770070
vt 0.000240 -3.664900
vt 0.250120 -3.431000
vt 0.000240 -3.431000
vt 0.000240 -0.887170
vt 0.000240 -1.192880
vt 0.999760 -2.112680
vt 0.874820 0.194040
vt 0.799850 -1.744070
vt 0.799850 -1.379970
vt 0.999760 -1.379970
vt 0.999760 -1.744070
vt 0.500000 -0.969420
vt 0.250120 -0.974350
vt 0.000240 -1.086790
vt 0.000240 -1.998330
vt 0.000240 -2.150230
vt 0.999760 -2.522780
vt 0.666590 -2.522780
vt 0.999760 -2.848070
vt 0.666590 -2.848070
vt 0.333410 -2.848070
vt 0.666590 -1.337980
vt 0.333410 -1.162600
vt 0.666590 -1.186290
vt 0.999760 -1.353800
vt 0.333410 -1.324540
vt 0.999760 -1.213020
vt 0.999760 -3.492690
vt 0.599950 -2.933150
vt 0.999760 -3.693150
vt 0.999760 -3.637150
vt 0.333410 -3.637150
vt 0.999760 -3.557430
vt 0.000240 -3.102550
vt 0.000240 -2.848070
vt 0.333410 -3.102550
vt 0.000240 -3.298670
vt 0.400050 -1.373060
vt 0.200150 -1.419730
vt 0.599950 -1.372900
vt 0.799850 -1.662130
vt 0.250120 -2.453890
vt 0.500000 -2.220270
vt 0.500000 -2.453890
vt 0.000240 -2.201590
vt 0.250120 -2.207800
vt 0.749880 -2.044210
vt 0.749880 -2.212860
vt 0.500000 -2.076690
vt 0.250120 -3.123490
vt 0.749880 -2.453890
vt 0.000240 -2.023870
vt 0.250120 -2.051010
vt 0.000240 -1.069930
vt 0.999760 -1.514620
vt 0.000240 -3.895690
vt 0.375060 -5.525170
vt 0.599950 -2.982140
vt 0.599950 -3.421840
vt 0.799850 -2.982140
vt 0.999760 -2.982140
vt 0.999760 -3.073380
vt 0.749880 -2.830940
vt 0.000240 -2.829840
vt 0.000240 -3.178890
vt 0.400050 -3.178890
vt 0.300100 -5.208590
vt 0.100200 -5.208590
vt 0.500000 -3.123490
vt 0.749880 -3.123490
vt 0.999760 -2.453890
vt 0.999760 -3.123490
vt 0.749880 -3.445580
vt 0.799850 -1.747490
vt 0.599950 -1.367530
vt 0.200150 -1.346420
vt 0.400050 -1.373980
vt 0.200150 -1.079940
vt 0.000240 -1.372750
vt 0.799850 -1.021640
vt 0.000240 -2.740330
vt 0.000240 -3.446460
vt 0.333410 -3.644870
vt 0.000240 -3.644870
vt 0.000240 -1.097640
vt 0.000240 -0.965950
vt 0.599950 -3.808460
vt 0.400050 -3.808460
vt 0.999760 -1.945630
vt 0.999760 -1.593430
vt 0.999760 -2.982950
vt 0.999760 -1.820070
vt 0.799850 -2.933150
vt 0.999760 -2.933150
vt 0.749880 -0.583340
vt 0.999760 -0.517390
vt 0.999760 -0.614290
vt 0.749880 -0.683570
vt 0.500000 -0.501490
vt 0.749880 -0.478290
vt 0.500000 -0.368950
vt 0.400050 -2.634880
vt 0.799850 -1.728430
vt 0.799850 -1.973800
vt 0.799850 -2.634880
vt 0.599950 -2.634880
vt 0.599950 -2.955010
vt 0.599950 -1.957840
vt 0.400050 -1.964750
vt 0.000240 -1.904640
vt 0.200150 -1.930880
vt 0.000240 -3.900800
vt 0.166830 -5.836020
vt 0.500000 -5.836020
vt 0.999760 -1.069930
vt 0.999760 -1.950880
vt 0.999760 -1.539870
vt 0.500000 -3.552130
vt 0.250120 -3.552130
vt 0.000240 -3.552130
vt 0.999760 -1.086790
vt 0.000240 -0.982740
vt 0.250120 -0.859370
vt 0.000240 -0.885840
vt 0.500000 -0.850600
vt 0.000240 -0.796560
vt 0.250120 -0.749430
vt 0.749880 -0.977080
vt 0.999760 -0.885840
vt 0.999760 -0.982740
vt 0.749880 -0.873470
vt 0.999760 -0.796560
vt 0.500000 -0.739590
vt 0.749880 -0.778920
vt 0.999760 -2.546150
vt 0.400050 -1.668030
vt 0.000240 -3.637150
vt 0.000240 -3.557430
vt 0.999760 -2.378870
vt 0.999760 -2.969960
vt 0.599950 -3.178890
vt 0.500000 -5.208590
vt 0.799850 -3.178890
vt 0.699900 -5.208590
vt 0.799850 -2.829840
vt 0.000240 -1.526540
vt 0.000240 -1.973800
vt 0.000240 -2.634880
vt 0.000240 -1.126900
vt 0.500000 -2.149620
vt 0.999760 -1.988900
vt 0.599950 -1.594600
vt 0.799850 -1.845960
vt 0.400050 -1.596370
vt 0.799850 -1.632450
vt 0.999760 -1.679840
vt 0.799850 -2.039670
vt 0.799850 -1.553740
vt 0.999760 -2.039670
vt 0.599950 -3.259570
vt 0.699900 -5.604810
vt 0.999760 -3.259570
vt 0.899800 -5.604810
vt 0.999760 -2.929370
vt 0.000240 -2.576470
vt 0.000240 -2.279820
vt 0.749880 -2.576470
vt 0.000240 -1.325230
vt 0.000240 -3.733500
vt 0.000240 -3.652060
vt 0.999760 -1.973800
vt 0.999760 -2.634880
vt 0.999760 -3.271740
vt 0.000240 -2.453890
vt 0.250120 -3.445580
vt 0.000240 -2.234300
vt 0.200150 -3.613770
vt 0.000240 -3.613770
vt 0.000240 -3.188850
vt 0.300100 -5.630950
vt 0.100200 -5.630950
vt 0.999760 -3.318670
vt 0.999760 -2.830940
vt 0.999760 -2.576470
vt 0.000240 -1.994180
vt 0.999760 -2.023870
vt 0.999760 -2.201590
vt 0.999760 -1.021640
vt 0.200150 -1.802300
vt 0.000240 -1.575700
vt 0.200150 -1.620650
vt 0.999760 -2.028390
vt 0.599950 -1.613270
vt 0.799850 -1.353660
vt 0.799850 -1.555830
vt 0.599950 -1.456300
vt 0.999760 -1.526540
vt 0.400050 -1.487000
vt 0.000240 -1.988900
vt 0.250120 -2.368410
vt 0.000240 -4.010620
vt 0.000240 -2.466880
vt 0.749880 -9.128210
vt 0.999760 -10.120450
vt 0.749880 -10.120450
vt 0.999760 -9.128210
vt 0.250120 -3.224260
vt 0.250120 -2.933820
vt 0.500000 -3.224260
vt 0.000240 -2.933820
vt 0.000240 -2.364640
vt 0.000240 -3.447230
vt 0.000240 -0.614290
vt 0.250120 -0.509730
vt 0.000240 -0.706770
vt 0.250120 -0.635360
vt 0.500000 -0.625770
vt 0.400050 -1.702470
vt 0.599950 -1.699780
vt 0.000240 -1.785110
vt 0.749880 -3.326460
vt 0.500000 -2.552340
vt 0.999760 -3.326460
vt 0.874820 -6.110630
vt 0.599950 -3.486440
vt 0.599950 -3.153400
vt 0.799850 -3.486440
vt 0.699900 -5.830950
vt 0.999760 -3.486440
vt 0.899800 -5.830950
vt 0.999760 -3.644870
vt 0.599950 -2.982950
vt 0.400050 -2.982950
vt 0.000240 -2.043860
vt 0.999760 -2.320600
vt 0.999760 -1.872950
vt 0.250120 -0.347650
vt 0.500000 -0.338640
vt 0.500000 -0.474470
vt 0.250120 -0.485140
vt 0.749880 -0.565120
vt 0.749880 -0.664160
vt 0.000240 -0.594040
vt 0.250120 -3.326460
vt 0.000240 -3.326460
vt 0.500000 -3.326460
vt 0.999760 -1.811080
vt 0.999760 -2.220340
vt 0.749880 -1.998420
vt 0.999760 -2.163040
vt 0.000240 -1.353800
vt 0.000240 -1.811950
vt 0.200150 -1.828500
vt 0.400050 -1.689410
vt 0.000240 -1.596150
vt 0.200150 -1.636160
vt 0.999760 -1.994180
vt 0.999760 -1.811950
vt 0.999760 -2.043860
vt 0.500000 -3.445580
vt 0.624940 -6.051830
vt 0.999760 -3.445580
vt 0.874820 -6.051830
vt 0.000240 -3.123490
vt 0.000240 -1.807980
vt 0.250120 -1.866960
vt 0.500000 -1.913200
vt 0.200150 -2.955010
vt 0.799850 -1.329960
vt 0.999760 -1.325230
vt 0.999760 -1.549580
vt 0.999760 -1.745260
vt 0.000240 -1.260960
vt 0.200150 -1.270910
vt 0.000240 -2.141250
vt 0.000240 -2.368410
vt 0.000240 -2.956260
vt 0.999760 -0.686640
vt 0.999760 -2.234300
vt 0.999760 -1.686830
vt 0.999760 -1.895810
vt 0.999760 -3.188850
vt 0.400050 -3.259570
vt 0.500000 -5.604810
vt 0.375060 -5.899310
vt 0.624940 -5.899310
vt 0.375060 -5.867220
vt 0.624940 -5.867220
vt 0.000240 -0.686640
vt 0.749880 -1.838710
vt 0.999760 -1.807980
vt 0.000240 -1.686830
vt 0.000240 -3.737760
vt 0.166830 -5.771180
vt 0.000240 -1.213020
vt 0.200150 -1.565110
vt 0.999760 -0.160470
vt 0.599950 -0.013890
vt 0.999760 -0.238060
vt 0.999760 -3.613770
vt 0.799850 -3.613770
vt 0.500000 -6.149960
vt 0.166830 -6.149960
vt 0.300100 -5.604810
vt 0.100200 -5.604810
vt 0.999760 -3.703420
vt 0.999760 -3.086600
vt 0.599950 -3.360940
vt 0.400050 -3.360940
vt 0.000240 -1.673570
vt 0.200150 -1.725710
vt 0.400050 -1.783450
vt 0.874820 -5.899310
vt 0.000240 -2.982950
vt 0.200150 -3.428050
vt 0.000240 -3.428050
vt 0.999760 -2.829840
vt 0.999760 -3.421840
vt 0.125180 -6.110630
vt 0.375060 -6.110630
vt 0.999760 -0.706770
vt 0.000240 -3.224260
vt 0.125180 -5.867220
vt 0.500000 -9.128210
vt 0.250120 -10.120450
vt 0.250120 -9.128210
vt 0.500000 -10.120450
vt 0.749880 -10.120450
vt 0.500000 -9.128210
vt 0.749880 -9.128210
vt 0.500000 -10.120450
vt 0.799850 -3.808460
vt 0.699900 -4.995840
vt 0.899800 -4.995840
vt 0.999760 -1.806550
vt 0.000240 -9.128210
vt 0.250120 -10.120450
vt 0.000240 -10.120450
vt 0.250120 -9.128210
vt 0.000240 -2.039670
vt 0.200150 -1.387950
vt 0.000240 -1.310330
vt 0.699900 -5.658580
vt 0.999760 -1.966500
vt 0.799850 -2.111840
vt 0.799850 -2.390650
vt 0.999760 -2.390650
vt 0.999760 -3.166000
vt 0.799850 -3.166000
vt 0.799850 -1.919030
vt 0.400050 -3.428050
vt 0.599950 -3.428050
vt 0.500000 -5.097460
vt 0.799850 -2.982950
vt 0.799850 -3.428050
vt 0.699900 -5.097460
vt 0.000240 -3.936320
vt 0.125180 -5.525170
vt 0.000240 -1.610590
vt 0.200150 -1.646590
vt 0.999760 -2.141250
vt 0.200150 -1.644390
vt 0.000240 -1.872950
vt 0.000240 -1.679840
vt 0.125180 -5.899310
vt 0.500000 -2.966100
vt 0.749880 -2.966100
vt 0.749880 -3.248510
vt 0.999760 -2.966100
vt 0.000240 -2.966100
vt 0.250120 -3.248510
vt 0.300100 -5.097460
vt 0.100200 -5.097460
vt 0.999760 -3.465770
vt 0.799850 -3.465770
vt 0.999760 -2.101670
vt 0.874820 -5.867220
vt 0.899800 -5.630950
vt 0.000240 -3.295920
vt 0.000240 -1.455890
vt 0.799850 -1.690650
vt 0.599950 -1.763460
vt 0.999760 -1.904640
vt 0.200150 -3.808460
vt 0.000240 -3.235630
vt 0.250120 -3.235630
vt 0.000240 -3.445580
vt 0.500000 -5.630950
vt 0.699900 -5.630950
vt 0.624940 -6.110630
vt 0.500000 -5.689490
vt 0.799850 -3.360940
vt 0.699900 -5.689490
vt 0.000240 -3.808460
vt 0.100200 -4.995840
vt 0.300100 -4.995840
vt 0.500000 -4.995840
vt 0.799850 -1.410810
vt 0.999760 -1.455890
vt 0.749880 -0.462030
vt 0.999760 -0.496900
vt 0.999760 -0.594040
vt 0.999760 -3.178890
vt 0.899800 -5.208590
vt 0.799850 -1.618050
vt 0.250120 -4.079190
vt 0.375060 -5.634460
vt 0.000240 -4.079190
vt 0.250120 -4.079190
vt 0.125180 -5.634460
vt 0.749880 -4.079190
vt 0.999760 -4.079190
vt 0.874820 -5.634460
vt 0.100200 -5.658580
vt 0.999760 -3.428050
vt 0.899800 -5.097460
vt 0.000240 -3.421840
vt 0.100200 -5.332020
vt 0.400050 -3.421840
vt 0.300100 -5.332020
vt 0.500000 -5.332020
vt 0.799850 -3.421840
vt 0.699900 -5.332020
vt 0.899800 -5.332020
vt 0.999760 -1.710920
vt 0.999760 -1.310330
vt 0.000240 -2.955010
vt 0.100200 -5.071060
vt 0.400050 -2.955010
vt 0.300100 -5.071060
vt 0.500000 -5.071060
vt 0.799850 -2.955010
vt 0.699900 -5.071060
vt 0.999760 -2.955010
vt 0.899800 -5.071060
vt 0.799850 -1.634540
vt 0.999760 -1.610590
vt 0.000240 -3.486440
vt 0.100200 -5.830950
vt 0.400050 -3.486440
vt 0.300100 -5.830950
vt 0.500000 -5.830950
vt 0.999760 -1.575700
vt 0.999760 -1.673570
vt 0.599950 -3.465770
vt 0.000240 -3.465770
vt 0.100200 -5.886210
vt 0.400050 -3.465770
vt 0.300100 -5.886210
vt 0.500000 -5.886210
vt 0.699900 -5.886210
vt 0.899800 -5.886210
vt 0.599950 -1.677480
vt 0.999760 -1.596150
vt 0.125180 -5.836830
vt 0.375060 -5.836830
vt 0.375060 -6.051830
vt 0.125180 -6.051830
vt 0.000240 -0.517390
vt 0.250120 -0.374040
vt 0.999760 -3.360940
vt 0.000240 -3.360940
vt 0.100200 -5.689490
vt 0.300100 -5.689490
vt 0.899800 -5.689490
vt 0.000240 -0.496900
vt 0.999760 -3.235630
vt 0.874820 -5.836830
vt 0.624940 -5.836830
vt 0.000240 -3.248510
vt 0.125180 -5.636320
vt 0.500000 -3.248510
vt 0.375060 -5.636320
vt 0.624940 -5.636320
vt 0.999760 -3.248510
vt 0.874820 -5.636320
vn 0.629633 -0.766709 0.125378
vn 0.791044 -0.581941 0.188662
vn 0.969923 -0.104755 0.219718
vn 0.936832 -0.047316 0.346565
vn 0.792543 0.597667 0.121117
vn 0.989297 0.055539 0.134936
vn 0.614975 0.760643 0.207914
vn 0.506360 0.837186 0.206686
vn 0.839887 0.442189 0.314736
vn 0.221096 0.960802 0.167260
vn 0.184468 0.981471 0.051831
vn 0.815744 0.564112 0.127825
vn 0.242819 0.970064 -0.003824
vn 0.312413 0.941871 0.123603
vn 0.723819 0.685286 0.080435
vn 0.706836 0.706893 0.026172
vn 0.970043 0.242782 0.008546
vn -0.945396 0.025777 -0.324902
vn 0.529853 -0.231418 -0.815905
vn -0.223368 -0.966681 -0.125039
vn 0.209162 0.707174 -0.675393
vn 0.038332 0.335679 -0.941196
vn -0.009495 0.351973 0.935962
vn 0.447509 0.851220 -0.274154
vn -0.991308 0.131369 0.007075
vn -0.009499 0.351979 0.935960
vn 0.974539 0.192480 0.115002
vn 0.339410 0.906615 0.250699
vn 0.835617 0.505551 0.214853
vn 0.441973 0.840801 0.312592
vn 0.958281 0.220573 0.181784
vn -0.196249 0.932110 0.304396
vn -0.331867 0.934916 0.125683
vn 0.702446 -0.704917 0.098295
vn 0.741149 0.645467 0.184582
vn 0.860800 0.477259 -0.176769
vn -0.438860 -0.876440 0.198127
vn -0.409656 -0.891541 0.193225
vn 0.623144 -0.782048 0.009633
vn 0.862001 0.457064 -0.219196
vn 0.609503 -0.792762 0.005878
vn -0.466549 -0.866313 0.178419
vn -0.968654 0.228916 0.096475
vn -0.962788 0.245996 0.111917
vn -0.583863 0.793855 0.169995
vn -0.296949 0.951090 0.085136
vn -0.205141 0.975695 0.077053
vn -0.768565 0.631184 0.104473
vn -0.801982 0.590193 0.092181
vn -0.510604 0.859816 -0.000236
vn -0.082092 0.992763 0.087648
vn 0.360688 0.931741 0.041998
vn 0.390115 0.919380 0.050509
vn -0.056453 0.998357 0.009793
vn -0.855214 0.503816 0.121565
vn 0.105753 0.970229 0.217880
vn -0.919545 0.344887 0.188387
vn -0.674489 0.675046 0.298961
vn -0.939631 0.171246 0.296257
vn -0.171566 0.943374 0.283920
vn -0.967329 -0.173784 0.184593
vn -0.956851 0.275832 0.091399
vn -0.918121 -0.389602 0.072558
vn -0.943456 0.313011 0.109154
vn -0.786327 0.616973 0.032162
vn -0.974477 0.094202 0.203764
vn -0.930655 -0.360280 0.063869
vn -0.998056 0.056679 0.025932
vn -0.181313 -0.146331 0.972478
vn -0.849633 0.366404 -0.379304
vn -0.736793 -0.596500 0.318315
vn 0.442097 -0.617763 -0.650322
vn -0.373898 -0.653211 -0.658419
vn -0.749850 0.285234 -0.596964
vn -0.005530 0.038159 0.999256
vn -0.303978 -0.843036 -0.443720
vn -0.454831 0.660542 -0.597338
vn -0.590392 0.802465 0.086531
vn -0.790133 -0.586071 0.179473
vn -0.989291 -0.010638 0.145571
vn -0.631476 0.768941 0.099841
vn -0.793818 0.583935 0.169921
vn -0.938387 0.051083 0.341791
vn -0.613415 -0.750433 0.246113
vn -0.503631 -0.832567 0.230628
vn -0.837520 -0.439988 0.323991
vn -0.219907 -0.955601 0.196133
vn -0.184359 -0.979269 0.083925
vn -0.814435 -0.557013 0.162580
vn -0.242632 -0.969681 0.029116
vn -0.310207 -0.928803 0.202722
vn -0.721947 -0.675405 0.150401
vn -0.706309 -0.706182 0.049339
vn -0.969945 -0.242738 0.016886
vn 0.450518 0.017211 -0.892602
vn 0.991274 -0.070861 -0.111151
vn 0.424314 0.292317 -0.857035
vn 0.674633 0.004866 -0.738137
vn 0.831166 -0.551029 -0.074363
vn 0.054723 0.965378 -0.255051
vn -0.776802 0.324895 -0.539464
vn -0.429658 0.748129 -0.505665
vn 0.095448 0.982533 -0.159747
vn 0.897678 0.034935 -0.439266
vn -0.562816 0.603662 0.564652
vn -0.974478 -0.191507 0.117119
vn -0.338287 -0.895130 0.290351
vn -0.834251 -0.504449 0.222612
vn -0.440243 -0.836549 0.326146
vn -0.958279 -0.220487 0.181896
vn 0.195290 -0.926781 0.320841
vn 0.332105 -0.926600 0.176405
vn -0.397686 -0.207600 0.893727
vn -0.558707 0.591926 -0.580921
vn -0.009503 0.351971 0.935963
vn -0.565733 0.550096 -0.614281
vn -0.009478 0.351986 0.935957
vn -0.544816 0.622173 -0.562206
vn 0.781972 0.564163 0.265028
vn 0.752344 0.602327 0.266798
vn -0.009546 0.351999 0.935952
vn -0.743022 0.351214 -0.569708
vn 0.791772 0.569523 0.220771
vn 0.582036 -0.791016 0.188489
vn 0.298003 -0.941253 0.158861
vn 0.206552 -0.965476 0.158723
vn 0.767145 -0.630015 0.120705
vn 0.800775 -0.589222 0.107599
vn 0.510172 -0.859608 0.028269
vn 0.081731 -0.986855 0.139416
vn -0.360124 -0.930137 0.071809
vn -0.389355 -0.917643 0.079590
vn 0.056802 -0.997464 0.042883
vn -0.669759 0.582254 0.460873
vn -0.109962 0.371323 0.921969
vn -0.698215 0.482655 0.528716
vn -0.289458 -0.617617 0.731275
vn 0.035214 0.970478 -0.238605
vn -0.105300 -0.964701 0.241378
vn 0.920929 -0.334555 0.199906
vn 0.672611 -0.672040 0.309769
vn 0.170563 -0.937383 0.303678
vn 0.941129 -0.170874 0.291681
vn 0.968959 0.176273 0.173339
vn 0.956699 -0.272493 0.102346
vn 0.919010 0.389962 0.057880
vn 0.785779 -0.616245 0.052853
vn 0.969923 -0.104755 0.219718
vn 0.931385 0.360544 0.050300
vn 0.998030 -0.056603 0.027076
vn 0.588903 -0.800222 0.113302
vn 0.944596 -0.304584 0.122335
vn 0.629633 -0.766709 0.125378
vn 0.315239 0.948734 0.022962
vn 0.680565 0.732648 0.007647
vn 0.847262 0.529669 0.039977
vn -0.162501 0.986700 -0.004102
vn 0.314067 0.949400 0.001419
vn 0.658781 0.752256 0.010871
vn -0.687741 -0.050932 -0.724167
vn 0.222382 0.792217 -0.568276
vn 0.410448 0.831706 -0.373896
vn -0.009536 0.351967 0.935964
vn -0.696227 -0.086445 -0.712597
vn -0.009509 0.352045 0.935935
vn 0.223815 0.784602 -0.578193
vn -0.009573 0.352043 0.935935
vn -0.689631 -0.092910 -0.718176
vn -0.864393 0.052956 0.500021
vn -0.809726 0.262124 -0.525010
vn -0.862208 -0.173164 0.476038
vn 0.133891 -0.413624 0.900549
vn 0.225771 -0.827493 0.514085
vn 0.114568 -0.822051 0.557769
vn -0.212435 -0.426127 -0.879367
vn 0.384537 0.417290 0.823408
vn -0.124948 -0.414580 -0.901394
vn -0.297008 0.740599 -0.602743
vn -0.246622 0.751331 -0.612110
vn 0.166150 0.417702 0.893263
vn -0.653272 -0.362214 -0.664858
vn -0.451564 -0.410776 -0.792056
vn 0.588635 0.381317 0.712815
vn 0.151423 -0.829648 0.537359
vn -0.389767 0.712982 -0.582871
vn 0.347062 -0.801827 0.486438
vn 0.083664 0.400560 0.912443
vn 0.325220 -0.514766 0.793252
vn 0.866489 0.407341 -0.288567
vn 0.883811 0.372202 -0.283451
vn -0.865686 -0.431406 0.253923
vn 0.364111 -0.769104 0.525263
vn -0.903755 -0.336181 0.264972
vn -0.879038 -0.392431 0.270720
vn 0.597271 -0.346928 -0.723124
vn 0.597302 -0.346845 -0.723138
vn 0.597325 -0.346788 -0.723147
vn 0.912045 0.309750 -0.268754
vn 0.614604 0.434402 -0.658451
vn 0.239229 -0.403092 0.883338
vn 0.353657 0.225349 -0.907824
vn -0.791451 -0.213769 -0.572633
vn 0.108406 -0.588162 -0.801445
vn 0.185066 -0.304890 0.934234
vn 0.628546 -0.003923 -0.777763
vn 0.228861 0.534965 0.813287
vn -0.151284 0.988374 -0.015196
vn -0.724724 0.586317 -0.361950
vn 0.852035 0.426376 -0.303710
vn 0.683168 0.610792 -0.400268
vn -0.342965 0.023208 0.939061
vn 0.469562 0.687863 -0.553494
vn 0.556352 0.654966 -0.511363
vn -0.215375 -0.058206 0.974795
vn -0.259067 -0.629177 -0.732817
vn 0.521216 0.678835 -0.517220
vn -0.074170 -0.154523 0.985201
vn -0.342394 -0.574595 -0.743375
vn -0.104985 -0.727855 -0.677647
vn 0.001107 -0.774036 -0.633141
vn -0.320708 0.021679 0.946930
vn 0.220114 0.222484 0.949763
vn 0.601333 0.053505 -0.797205
vn 0.240308 0.105827 0.964911
vn -0.864560 -0.252136 -0.434700
vn -0.855488 -0.297685 -0.423704
vn -0.887561 -0.118564 -0.445172
vn -0.878177 -0.175873 -0.444831
vn 0.586830 0.146225 -0.796397
vn 0.257861 -0.004224 0.966173
vn 0.625071 -0.057806 -0.778425
vn 0.613995 -0.020431 -0.789045
vn 0.410090 0.465434 -0.784345
vn 0.980829 -0.043424 -0.189971
vn 0.382439 0.334182 -0.861431
vn 0.990577 0.116278 -0.072362
vn -0.814024 0.393950 -0.426812
vn 0.864717 0.501123 0.033755
vn -0.641744 -0.755368 0.132603
vn -0.633573 -0.764788 0.116982
vn -0.877350 -0.468021 0.105894
vn -0.313522 -0.939629 0.137117
vn -0.313246 -0.937512 0.151486
vn 0.162944 -0.980617 0.108810
vn 0.142063 -0.979842 0.140453
vn -0.658586 -0.742739 0.120841
vn 0.127064 -0.980014 0.153062
vn -0.864146 -0.492685 0.102536
vn -0.313918 -0.940617 0.129211
vn 0.642161 0.766128 -0.026028
vn 0.313447 0.946750 -0.073596
vn 0.634076 0.770504 -0.065352
vn -0.055787 0.995200 -0.080402
vn 0.349018 0.935527 -0.054550
vn 0.313334 0.949099 -0.032152
vn 0.674023 0.736601 -0.055784
vn 0.877967 0.478575 0.011838
vn -0.119701 0.989340 -0.082934
vn -0.142409 0.989752 -0.010500
vn -0.127103 0.990780 -0.046900
vn -0.763435 0.044098 0.644377
vn -0.809497 -0.521912 -0.268928
vn -0.736748 -0.014573 0.676011
vn 0.388589 0.576679 0.718638
vn 0.440798 0.420995 0.792755
vn -0.867675 -0.346488 -0.356492
vn 0.261580 -0.277017 -0.924574
vn 0.267944 -0.316414 -0.909994
vn 0.389140 0.576771 0.718265
vn -0.794096 -0.553295 -0.251548
vn -0.721521 -0.041447 0.691151
vn 0.230877 -0.081926 -0.969528
vn -0.751231 -0.035740 0.659071
vn -0.898138 -0.193453 -0.394873
vn -0.949289 0.314377 0.004108
vn -0.743398 0.667810 -0.037269
vn -0.788863 0.613603 -0.034443
vn -0.993723 -0.088994 0.067788
vn -0.994095 -0.097982 0.046633
vn -0.948840 0.314668 0.026212
vn -0.885169 -0.456602 0.089386
vn -0.905036 -0.411150 0.108927
vn -0.998240 -0.038470 0.045141
vn -0.936173 0.351042 0.018706
vn -0.994494 -0.075108 0.073083
vn -0.795233 0.606292 -0.003780
vn -0.410617 0.910483 -0.049136
vn -0.436582 0.897420 -0.063513
vn -0.803644 0.593535 -0.043262
vn -0.673273 -0.729216 0.122261
vn -0.970691 -0.232679 0.060168
vn -0.596262 -0.789543 0.145233
vn -0.313007 -0.939613 0.138397
vn -0.348716 -0.922478 0.165624
vn 0.411115 -0.897948 0.157081
vn 0.120163 -0.983594 0.134552
vn 0.436918 -0.890620 0.126093
vn 0.743912 -0.659531 0.107763
vn 0.235141 -0.956778 0.171126
vn 0.056570 -0.987241 0.148848
vn 0.423242 -0.894781 0.142246
vn 0.789357 -0.607697 0.087291
vn 0.802863 -0.583038 0.124405
vn 0.949691 -0.307813 0.057774
vn 0.936795 -0.338394 0.088913
vn 0.795182 -0.595573 0.113921
vn 0.948561 -0.305345 0.083646
vn -0.280751 0.374766 -0.883589
vn -0.247915 -0.783106 -0.570337
vn -0.318579 -0.775268 -0.545406
vn 0.380309 0.832486 0.402904
vn 0.294154 0.848651 0.439619
vn -0.252512 0.371671 -0.893364
vn -0.342853 0.386167 -0.856345
vn 0.230099 0.856174 0.462623
vn 0.989921 0.135407 0.041497
vn 0.990118 0.140123 0.005588
vn 0.995372 0.094845 0.015482
vn 0.885738 0.463495 -0.025316
vn 0.905478 0.424388 0.001822
vn 0.989921 0.135407 0.041497
vn 0.596658 0.799888 -0.064640
vn 0.990118 0.140123 0.005588
vn -0.235585 0.966377 -0.103025
vn -0.423991 0.905137 -0.030965
vn -0.009486 0.351943 0.935973
vn 0.308686 0.483868 -0.818892
vn 0.063320 -0.272707 -0.960011
vn 0.389173 0.487153 -0.781810
vn 0.158704 -0.741848 -0.651517
vn 0.166187 -0.725607 -0.667740
vn 0.328056 0.441493 -0.835143
vn -0.009502 0.351988 0.935956
vn -0.009525 0.352038 0.935937
vn 0.731305 -0.009239 -0.681988
vn -0.225913 0.964367 -0.137692
vn 0.590464 0.800575 -0.102141
vn -0.590574 -0.793310 0.147922
vn -0.973555 -0.221713 0.055090
vn -0.807494 0.585356 -0.072874
vn 0.807081 -0.578300 0.119123
vn 0.225665 -0.957736 0.178373
vn 0.942680 0.333688 -0.002730
vn 0.894447 -0.256453 0.366329
vn 0.155073 -0.232568 -0.960138
vn 0.814125 -0.432770 0.387183
vn 0.029031 -0.381479 -0.923921
vn -0.892767 0.273449 -0.358041
vn 0.563552 -0.635810 0.527403
vn -0.542490 0.538392 0.644855
vn 0.902322 -0.211797 0.375442
vn 0.023043 -0.380957 -0.924306
vn 0.347663 -0.936461 0.046592
vn 0.328132 -0.943472 0.046798
vn 0.801696 0.597696 0.006551
vn -0.873240 -0.486925 0.018869
vn -0.864284 -0.502870 0.011586
vn 0.770247 0.637451 0.019371
vn 0.101024 -0.993512 0.052235
vn 0.755707 -0.652584 0.055145
vn -0.949017 0.313268 0.035066
vn -0.808643 0.587883 0.022156
vn -0.996338 -0.056789 0.063925
vn -0.948664 0.312499 0.048797
vn -0.825739 0.563363 0.027879
vn -0.806619 0.588054 -0.059647
vn -0.225660 0.966764 -0.120188
vn -0.590491 -0.792938 0.150233
vn -0.973318 -0.219009 0.068460
vn -0.806638 0.589271 -0.045763
vn -0.806550 0.589222 -0.047891
vn -0.974087 -0.223232 0.036372
vn -0.805768 0.592050 -0.014696
vn -0.225006 0.973228 -0.046908
vn -0.225822 0.971006 -0.078439
vn -0.973637 -0.221355 0.055076
vn -0.974135 -0.224350 0.026997
vn -0.591116 -0.801204 0.093030
vn -0.973549 -0.221695 0.055250
vn -0.591294 -0.800823 0.095152
vn 0.806188 -0.585627 0.084271
vn 0.955069 0.296269 -0.008231
vn 0.954969 0.296689 -0.003230
vn 0.225552 -0.967801 0.111752
vn 0.806455 -0.585924 0.079523
vn 0.807036 -0.584215 0.085938
vn 0.954992 0.296149 -0.016895
vn 0.806541 -0.588570 0.055460
vn 0.225849 -0.965564 0.129143
vn -0.812549 -0.521035 -0.261316
vn 0.284286 -0.354050 -0.890972
vn 0.342894 -0.507505 -0.790482
vn -0.758637 0.039608 0.650308
vn -0.820520 -0.501984 -0.273420
vn 0.931163 0.131077 -0.340228
vn -0.776045 -0.604424 -0.180073
vn 0.929788 0.129951 -0.344394
vn 0.380567 -0.597997 -0.705385
vn 0.255787 -0.293020 -0.921256
vn -0.225694 0.970475 -0.085092
vn 0.591000 0.804329 -0.061436
vn -0.225167 0.970976 -0.080654
vn -0.806070 0.590616 -0.037742
vn 0.590866 0.804773 -0.056723
vn 0.954992 0.296149 -0.016895
vn 0.590965 0.803141 -0.075662
vn 0.955069 0.296269 -0.008231
vn 0.591077 0.804930 -0.052117
vn 0.225411 -0.966906 0.119509
vn -0.591124 -0.801177 0.093208
vn -0.590720 -0.797349 0.123630
vn 0.954809 0.295170 -0.034841
vn 0.590419 0.799879 -0.107701
vn 0.979637 0.200574 -0.009021
vn 0.955348 0.294881 -0.018851
vn -0.348353 0.937247 -0.014745
vn -0.327962 0.944658 0.007894
vn 0.770247 0.637451 0.019371
vn -0.755167 0.654923 0.028251
vn 0.654557 0.755982 0.006776
vn -0.347454 0.937690 0.003683
vn 0.347680 -0.937424 0.018837
vn -0.873144 -0.486712 0.027044
vn 0.979637 0.200574 -0.009021
vn 0.955348 0.294881 -0.018851
vn 0.801696 0.597696 0.006551
vn -0.100299 0.994610 -0.026295
vn -0.994601 -0.099599 0.029143
vn -0.653023 -0.753471 0.076435
vn 0.225717 -0.970329 0.086685
vn -0.400914 0.916090 -0.006840
vn 0.345258 -0.937926 -0.033045
vn -0.873527 -0.486622 0.012248
vn 0.346774 -0.937657 -0.023365
vn -0.872917 -0.479252 -0.091286
vn -0.874251 -0.480706 -0.067871
vn 0.341066 -0.940037 -0.002240
vn 0.802925 0.595913 0.014144
vn 0.802935 0.589822 0.086057
vn 0.802067 0.597196 -0.006797
vn 0.340216 -0.940336 0.004648
vn 0.344282 -0.936988 -0.059353
vn -0.872673 -0.477825 -0.100626
vn 0.801507 0.589331 0.101370
vn 0.802476 0.589419 0.092833
vn -0.874434 -0.479460 -0.074043
vn 0.632113 0.212119 0.745278
vn -0.291734 0.493978 0.819071
vn 0.352625 0.287914 0.890371
vn -0.291574 0.493947 0.819146
vn -0.666005 -0.226857 0.710614
vn -0.468875 0.294422 0.832750
vn -0.666017 -0.226922 0.710583
vn 0.175774 -0.702641 0.689492
vn -0.465233 -0.509677 0.723731
vn 0.175600 -0.702676 0.689500
vn 0.632113 0.212119 0.745278
vn 0.352625 0.287914 0.890371
vn 0.178287 0.863414 0.471943
vn -0.009471 0.351894 0.935992
vn -0.009470 0.351883 0.935996
vn 0.128627 0.938228 0.321221
vn 0.692531 0.404964 0.596997
vn 0.147124 0.923509 0.354240
vn 0.157145 0.671910 0.723769
vn 0.360786 0.856649 0.368762
vn 0.207717 0.218473 -0.953479
vn 0.081166 0.922984 0.376182
vn -0.178908 -0.149654 0.972417
vn 0.641603 0.667314 0.378203
vn -0.066886 -0.223745 0.972350
vn 0.756829 0.464468 0.459868
vn 0.294980 0.063436 -0.953395
vn -0.386824 0.098008 0.916930
vn 0.026131 -0.875581 -0.482363
vn -0.224583 -0.846600 -0.482526
vn -0.118909 -0.220387 0.968137
vn -0.470500 -0.745442 -0.472172
vn 0.270859 -0.373610 0.887159
vn 0.296006 -0.377546 0.877405
vn -0.230243 -0.784232 -0.576168
vn 0.267064 -0.373408 0.888393
vn 0.217852 0.857135 0.466754
vn -0.245394 0.371898 -0.895251
vn 0.357365 -0.389965 0.848657
vn -0.318579 -0.775268 -0.545406
vn -0.247915 -0.783106 -0.570337
vn -0.378123 0.807831 -0.452142
vn -0.783730 -0.315509 -0.534997
vn -0.793684 -0.313228 -0.521492
vn -0.361587 0.804969 -0.470403
vn 0.218315 -0.855523 0.469489
vn 0.209439 -0.854374 0.475584
vn 0.615424 -0.772043 -0.158755
vn 0.578725 0.204034 -0.789587
vn 0.560412 0.278243 -0.780077
vn -0.890737 -0.106054 -0.441972
vn 0.558874 0.287538 -0.777806
vn -0.891752 -0.098114 -0.441761
vn 0.276792 -0.099965 0.955716
vn 0.271622 -0.076494 0.959359
vn -0.896256 -0.067781 -0.438327
vn -0.899143 0.053710 -0.434346
vn 0.597397 0.093536 -0.796472
vn 0.265056 -0.042935 0.963277
vn 0.882697 0.251828 -0.396773
vn 0.864453 0.283512 -0.415140
vn 0.396320 0.711760 -0.579938
vn -0.079825 -0.757134 -0.648364
vn -0.197482 -0.003319 0.980301
vn 0.336706 0.484243 0.807551
vn 0.286434 -0.856799 -0.428779
vn 0.176164 -0.925787 -0.334492
vn -0.701505 0.299155 -0.646836
vn 0.292441 0.443932 0.846996
vn 0.267015 0.456973 0.848456
vn -0.536209 0.368139 -0.759575
vn -0.789888 0.227595 -0.569454
vn 0.415474 -0.734487 -0.536572
vn 0.171470 0.288946 0.941864
vn 0.725841 -0.612632 -0.312790
vn 0.717490 -0.620772 -0.315990
vn 0.511951 -0.134278 0.848455
vn 0.734121 -0.603971 -0.310298
vn 0.504786 -0.153088 0.849562
vn -0.053684 -0.209889 -0.976250
vn -0.009462 0.351991 0.935956
vn 0.392279 -0.297784 0.870311
vn 0.179185 0.196487 -0.963995
vn -0.470500 -0.745442 -0.472172
vn -0.009432 0.351984 0.935959
vn -0.108613 -0.481334 0.869782
vn -0.231267 -0.463877 0.855180
vn -0.093385 -0.491132 0.866065
vn -0.063876 -0.945822 -0.318341
vn -0.009444 0.351970 0.935963
vn -0.025435 -0.960903 -0.275716
vn -0.447960 -0.173897 0.876978
vn -0.309835 0.212246 0.926798
vn 0.063320 -0.272707 -0.960011
vn -0.278567 0.208691 0.937469
vn -0.181639 -0.913699 0.363540
vn -0.253555 -0.901329 0.351163
vn -0.182683 -0.906805 0.379909
vn 0.189877 -0.709804 -0.678325
vn -0.546821 0.288529 0.785963
vn -0.009502 0.351988 0.935956
vn -0.285403 0.206621 0.935870
vn -0.196993 0.862974 -0.465264
vn -0.617404 0.180640 0.765625
vn -0.702164 0.195898 0.684536
vn 0.092473 -0.871157 0.482219
vn 0.059331 -0.884829 0.462124
vn 0.007861 0.826662 -0.562643
vn -0.080758 -0.980418 0.179607
vn -0.780644 0.210555 0.588440
vn -0.010132 -0.943645 0.330805
vn -0.435253 0.850234 -0.296068
vn -0.582016 0.198469 0.788585
vn 0.348784 -0.937095 -0.014236
vn -0.297641 0.359738 0.884307
vn -0.045145 -0.934568 -0.352908
vn 0.728466 0.001779 0.685080
vn 0.939430 -0.048174 -0.339339
vn 0.770187 0.362204 -0.524995
vn -0.052032 -0.926776 -0.371992
vn 0.482961 -0.845319 -0.228441
vn -0.526707 -0.678567 0.511982
vn -0.640377 0.626900 0.443750
vn -0.205845 -0.802121 -0.560562
vn -0.276085 -0.781858 -0.558995
vn -0.108784 0.345226 -0.932194
vn 0.095922 0.284338 -0.953914
vn -0.213032 0.367646 -0.905237
vn 0.253415 0.853976 0.454429
vn 0.290230 0.847527 0.444370
vn 0.261965 0.854854 0.447883
vn 0.153550 0.890254 0.428801
vn 0.255739 0.236260 -0.937432
vn -0.091519 -0.839706 -0.535274
vn -0.053739 -0.939679 -0.337811
vn 0.073750 -0.120229 -0.990003
vn 0.074880 -0.111921 -0.990892
vn 0.205102 0.919586 -0.335103
vn 0.213389 -0.142795 -0.966475
vn 0.128169 0.943899 -0.304347
vn -0.049470 -0.945860 -0.320782
vn 0.044995 -0.352122 -0.934872
vn -0.840711 -0.524279 -0.135413
vn -0.814332 0.188613 0.548897
vn -0.749016 -0.651387 -0.121122
vn 0.401711 -0.622583 -0.671579
vn 0.364267 -0.445077 -0.818056
vn -0.912573 -0.385022 -0.137727
vn -0.867889 0.220583 0.445097
vn 0.915296 0.146476 -0.375204
vn 0.882182 0.329267 -0.336658
vn 0.394003 -0.619578 -0.678885
vn -0.813471 0.184270 0.551643
vn -0.745893 -0.655970 -0.115528
vn 0.957039 -0.275897 -0.089206
vn 0.085595 -0.078533 -0.993230
vn -0.047692 -0.210298 -0.976473
vn 0.074454 -0.493829 0.866366
vn -0.790559 0.532052 -0.303211
vn -0.698608 0.631480 -0.336424
vn 0.484352 0.242126 -0.840701
vn -0.390907 0.437170 0.809984
vn -0.762385 0.564838 -0.315795
vn -0.551647 0.834075 0.002124
vn 0.895848 0.217987 -0.387217
vn 0.915416 0.151263 -0.373006
vn 0.853698 0.323583 -0.408036
vn -0.449126 0.262637 0.853995
vn -0.559385 0.391846 0.730442
vn -0.045145 -0.934568 -0.352908
vn -0.052032 -0.926776 -0.371992
vn 0.779381 0.410751 -0.473127
vn -0.174318 -0.787425 -0.591249
vn -0.241909 0.029796 0.969841
vn -0.174318 -0.787425 -0.591249
vn -0.055035 -0.297472 0.953143
vn -0.212612 -0.248985 0.944882
vn -0.345636 0.936997 0.050718
vn -0.345547 0.936538 0.059104
vn 0.802067 0.597196 -0.006797
vn 0.995372 0.094845 0.015482
vn -0.009486 0.351943 0.935973
vn -0.292348 -0.923836 0.247102
vn -0.574813 0.786193 0.226918
vn -0.009525 0.352038 0.935937
vn -0.307509 -0.950818 -0.037197
vn -0.934520 0.298875 -0.193250
vn -0.446964 -0.860643 0.243959
vn -0.985969 0.152402 0.068107
vn 0.051122 -0.943007 -0.328824
vn -0.121134 -0.940058 -0.318776
vn -0.727536 0.450943 -0.517050
vn -0.558573 -0.561698 0.610320
vn 0.296608 -0.229508 0.927011
vn 0.313135 -0.343849 0.885277
vn 0.990577 0.116278 -0.072362
vn -0.833428 -0.043333 0.550926
vn 0.336146 -0.454498 0.824887
vn 0.831166 -0.551029 -0.074363
vn 0.590369 -0.547384 0.593157
vn 0.590842 -0.578684 0.562167
vn -0.009503 0.351971 0.935963
vn -0.009478 0.351986 0.935957
vn 0.600478 -0.601260 0.527174
vn -0.795219 0.461962 -0.392706
vn -0.900800 0.244089 -0.359139
vn -0.191740 0.331547 0.923749
vn -0.542490 0.538392 0.644855
vn -0.191737 0.331471 0.923777
vn 0.083514 -0.410952 -0.907824
vn -0.787912 0.054567 -0.613365
vn -0.191784 0.331505 0.923755
vn 0.825876 -0.556934 0.088049
vn 0.948898 -0.306266 0.076121
vn 0.857181 -0.492218 0.151535
vn 0.989297 0.055539 0.134936
vn 0.993564 0.098333 0.056230
vn 0.023040 -0.795896 0.604995
vn 0.563859 0.392773 0.726494
vn -0.433030 -0.476050 0.765416
vn -0.749681 -0.242310 -0.615845
vn -0.737567 -0.326487 -0.591101
vn 0.608517 0.364600 0.704822
vn -0.037146 0.786012 -0.617094
vn -0.085443 0.909825 0.406101
vn -0.727923 0.514677 0.453030
vn 0.708879 0.334425 0.621008
vn 0.226199 -0.960320 0.163155
vn 0.807317 -0.581151 0.102484
vn 0.990859 0.119871 0.061874
vn 0.800884 0.586642 0.120151
vn -0.089535 0.516390 -0.851660
vn 0.456135 -0.824866 -0.333970
vn -0.128761 0.496971 -0.858161
vn -0.377696 0.220691 0.899245
vn -0.267918 0.278088 0.922435
vn 0.549763 -0.774728 -0.312342
vn 0.324880 -0.880595 -0.344971
vn -0.209974 0.465099 -0.859996
vn -0.076907 0.527522 -0.846053
vn 0.586618 -0.752638 -0.299024
vn 0.801507 0.589331 0.101370
vn -0.342031 0.939566 0.015178
vn 0.802476 0.589419 0.092833
vn -0.342596 0.939263 0.020316
vn -0.345158 0.935330 0.077617
vn 0.800884 0.586642 0.120151
vn 0.802935 0.589822 0.086057
vn 0.069801 0.394622 0.916189
vn -0.341467 0.728711 -0.593616
vn -0.417738 0.702110 -0.576660
vn 0.330759 -0.807339 0.488675
vn 0.027868 0.381291 0.924035
vn -0.238653 0.755544 -0.610080
vn 0.236427 -0.831521 0.502668
vn -0.078663 0.353700 0.932045
vn 0.711696 0.058316 0.700062
vn 0.035140 0.997392 -0.063049
vn 0.694745 -0.711708 0.103927
vn -0.009514 0.351999 0.935952
vn -0.025900 0.993253 0.113036
vn -0.287862 0.411589 -0.864714
vn -0.328098 0.445393 -0.833053
vn 0.289644 0.158814 0.943867
vn -0.609571 0.586593 -0.533228
vn -0.009489 0.351978 0.935960
vn 0.181671 0.155120 0.971047
vn -0.009492 0.352021 0.935944
vn -0.192468 0.978152 0.078580
vn -0.885967 -0.116506 -0.448875
vn -0.793682 0.096989 0.600551
vn -0.842399 0.257913 -0.473122
vn -0.782214 -0.039044 0.621785
vn 0.449940 0.162811 0.878093
vn 0.405215 -0.185045 0.895299
vn 0.304285 0.059305 -0.950733
vn 0.445746 0.215577 0.868814
vn -0.855068 -0.315644 -0.411373
vn -0.716122 -0.244551 0.653731
vn 0.244852 -0.312787 -0.917721
vn -0.064959 0.799383 -0.597301
vn 0.401854 -0.268723 -0.875387
vn 0.107082 -0.864700 0.490741
vn 0.140918 -0.855051 0.499029
vn -0.518588 0.226299 0.824534
vn -0.418195 0.263242 0.869377
vn -0.262191 0.308466 0.914387
vn 0.050857 -0.359647 -0.931702
vn -0.045288 0.805776 -0.590486
vn 0.505159 -0.231729 -0.831334
vn 0.104917 -0.865622 0.489583
vn -0.679874 -0.727071 0.095604
vn 0.371244 -0.921364 0.115181
vn 0.400353 -0.907490 0.127201
vn 0.885670 0.343954 -0.311904
vn 0.258579 -0.028607 -0.965567
vn 0.955953 0.118625 -0.268480
vn 0.205748 0.099533 -0.973530
vn 0.966082 -0.089645 -0.242175
vn -0.881348 -0.252173 -0.399544
vn 0.888257 0.333257 -0.316131
vn 0.189559 0.128275 -0.973454
vn 0.737187 0.490373 -0.464855
vn -0.517034 0.780874 0.350588
vn 0.674015 0.709566 -0.205474
vn -0.283646 0.703497 0.651642
vn -0.647035 0.757845 0.083766
vn 0.565727 0.824372 0.019063
vn 0.711561 0.205065 -0.672034
vn -0.009231 0.517282 0.855765
vn -0.928099 -0.048665 -0.369140
vn -0.941082 0.069854 -0.330885
vn -0.911744 0.250162 0.325795
vn -0.028759 0.969494 0.243420
vn 0.071595 0.940312 0.332697
vn -0.987771 -0.093677 -0.124628
vn -0.941030 0.275044 0.197011
vn -0.132709 0.701271 -0.700434
vn -0.314403 0.905974 -0.283481
vn -0.961855 -0.238902 -0.133272
vn -0.992767 0.040811 -0.112911
vn -0.953500 0.294202 0.065439
vn -0.123099 0.981184 0.148742
vn 0.210483 0.020333 -0.977386
vn -0.009573 0.352043 0.935935
vn 0.274225 -0.500483 0.821169
vn -0.009430 0.351962 0.935967
vn 0.762590 0.562000 0.320332
vn 0.757028 0.567835 0.323222
vn 0.244756 -0.469196 0.848499
vn 0.364053 -0.584827 0.724874
vn -0.009472 0.351948 0.935972
vn 0.758076 0.563708 0.327953
vn -0.009536 0.351967 0.935964
vn 0.244059 -0.456450 0.855622
vn -0.947933 0.286775 0.138504
vn -0.176057 -0.919602 -0.351191
vn 0.193866 -0.912974 -0.359019
vn -0.009461 0.351956 0.935969
vn -0.932976 0.311802 0.179817
vn -0.200102 0.932921 0.299361
vn -0.169563 -0.913088 -0.370834
vn 0.696428 0.698028 -0.166570
vn 0.811065 0.521727 -0.264526
vn 0.173467 0.894906 0.411159
vn 0.882182 0.329267 -0.336658
vn -0.165973 -0.767051 -0.619746
vn 0.738797 0.527334 -0.419639
vn -0.353349 -0.570662 -0.741275
vn 0.380949 0.765443 -0.518628
vn -0.012209 -0.193284 0.981067
vn 0.426114 0.739202 -0.521543
vn -0.342394 -0.574595 -0.743375
vn 0.954969 0.296689 -0.003230
vn -0.259067 -0.629177 -0.732817
vn -0.104985 -0.727855 -0.677647
vn -0.802844 0.156157 0.575375
vn 0.674015 0.709566 -0.205474
vn 0.737187 0.490373 -0.464855
vn -0.899909 -0.171012 -0.401146
vn 0.711561 0.205065 -0.672034
vn 0.565727 0.824372 0.019063
vn -0.940357 0.179365 -0.289063
vn 0.077075 -0.873272 -0.481097
vn -0.242307 -0.217177 0.945580
vn -0.295455 -0.222170 0.929165
vn -0.003318 0.924709 0.380659
vn 0.136945 -0.875621 -0.463177
vn -0.091519 -0.839706 -0.535274
vn -0.916185 -0.339515 0.212920
vn -0.775715 -0.460073 0.431970
vn 0.597330 -0.346765 -0.723153
vn 0.192664 -0.439496 0.877339
vn 0.930948 0.290826 -0.220807
vn 0.188303 -0.478814 0.857484
vn 0.597325 -0.346788 -0.723147
vn 0.202749 0.314548 0.927336
vn 0.625071 -0.057806 -0.778425
vn 0.613995 -0.020431 -0.789045
vn 0.597307 -0.346802 -0.723155
vn 0.749722 0.419410 -0.511872
vn 0.597330 -0.346765 -0.723153
vn 0.954441 0.297435 -0.023965
vn 0.829719 0.441542 0.341478
vn -0.130227 0.975256 0.178652
vn -0.045757 0.991235 0.123933
vn 0.851709 0.415230 0.319649
vn 0.639452 -0.762885 0.095435
vn 0.008667 0.991430 0.130353
vn 0.758710 0.584040 0.288543
vn 0.636336 -0.767773 0.074833
vn 0.635952 -0.761807 0.123350
vn 0.651347 -0.756460 0.059290
vn -0.009502 0.351959 0.935967
vn -0.009561 0.351987 0.935956
vn -0.102272 -0.406290 -0.908003
vn -0.389767 0.712982 -0.582871
vn -0.417738 0.702110 -0.576660
vn -0.297008 0.740599 -0.602743
vn -0.341467 0.728711 -0.593616
vn -0.055024 -0.388977 -0.919603
vn 0.802925 0.595913 0.014144
vn -0.009515 0.351956 0.935968
vn -0.942334 0.282837 0.178913
vn -0.009468 0.351939 0.935975
vn -0.040348 0.975121 0.217969
vn -0.116610 0.785463 -0.607824
vn -0.116610 0.785463 -0.607824
vn -0.238653 0.755544 -0.610080
vn 0.964073 0.170691 0.203537
vn 0.116465 -0.993111 0.012919
vn 0.062214 -0.997959 0.014364
vn 0.827796 0.541473 0.146839
vn 0.956813 0.197790 0.213043
vn -0.814437 -0.531881 -0.231936
vn -0.946597 -0.196102 -0.255925
vn -0.206113 0.333407 0.919977
vn -0.191755 0.331434 0.923787
vn 0.599062 -0.187723 -0.778386
vn 0.569136 -0.203909 -0.796558
vn -0.196993 0.862974 -0.465264
vn 0.408187 -0.362739 -0.837738
vn 0.007861 0.826662 -0.562643
vn 0.276858 0.834611 0.476208
vn -0.817237 0.190418 0.543934
vn 0.270716 0.837255 0.475097
vn 0.915296 0.146476 -0.375204
vn 0.915416 0.151263 -0.373006
vn -0.439898 0.183280 0.879146
vn 0.420700 -0.848742 -0.320389
vn -0.534568 -0.130677 0.834961
vn -0.089535 0.516390 -0.851660
vn -0.388103 0.527624 -0.755638
vn -0.727536 0.450943 -0.517050
vn 0.237904 -0.913366 -0.330399
vn -0.076907 0.527522 -0.846053
vn -0.037146 0.786012 -0.617094
vn -0.225741 0.776171 -0.588727
vn -0.773244 -0.571162 0.275441
vn 0.234917 0.034922 0.971388
vn 0.397123 -0.568498 0.720489
vn -0.873196 0.284411 -0.395776
vn -0.829914 0.162155 -0.533806
vn -0.631861 -0.658940 0.408105
vn 0.561602 0.295870 0.772699
vn 0.007552 0.494543 0.869120
vn -0.009489 0.351964 0.935965
vn 0.446631 -0.714391 0.538671
vn -0.592035 -0.457954 -0.663153
vn -0.022402 -0.970408 -0.240428
vn 0.218005 -0.414555 0.883526
vn 0.430394 -0.398342 0.809991
vn -0.181327 -0.200082 -0.962854
vn -0.006190 -0.968907 -0.247348
vn 0.463653 -0.391543 0.794808
vn -0.007985 -0.968929 -0.247210
vn -0.213858 0.963271 -0.162399
vn 0.534321 -0.330345 -0.778057
vn -0.405476 -0.179935 -0.896221
vn -0.234441 0.908182 -0.346760
vn -0.068308 0.881368 -0.467467
vn -0.328099 -0.235243 0.914883
vn -0.421926 -0.174280 -0.889722
vn 0.782846 -0.000241 0.622215
vn 0.882697 0.251828 -0.396773
vn 0.927704 0.166642 -0.334060
vn 0.483330 0.180055 0.856722
vn -0.938033 0.287737 0.193137
vn -0.952772 0.265377 0.147652
vn -0.181520 -0.847711 -0.498434
vn 0.993564 0.098333 0.056230
vn 0.579749 -0.676617 -0.453961
vn 0.685088 0.236168 0.689114
vn 0.149521 -0.978241 -0.143831
vn -0.575471 0.608124 -0.546826
vn 0.403882 0.816982 -0.411607
vn -0.877285 -0.209597 -0.431787
vn -0.668029 -0.206404 -0.714937
vn -0.947314 -0.209258 -0.242500
vn -0.191703 0.331493 0.923776
vn -0.541951 0.536208 0.647124
vn 0.264984 -0.046950 0.963109
vn 0.597397 0.093536 -0.796472
vn 0.256540 -0.116150 0.959529
vn 0.601885 0.002079 -0.798580
vn 0.222322 -0.224060 0.948878
vn 0.607991 -0.025971 -0.793519
vn 0.593016 -0.804369 -0.036369
vn 0.094224 0.142050 0.985365
vn 0.130569 0.945915 -0.296977
vn 0.129893 0.939514 -0.316924
vn -0.009448 0.351982 0.935959
vn -0.009447 0.351967 0.935965
vn -0.417132 0.659382 0.625473
vn 0.966082 -0.089645 -0.242175
vn 0.955953 0.118625 -0.268480
vn 0.980829 -0.043424 -0.189971
vn 0.885670 0.343954 -0.311904
vn -0.372439 0.925636 -0.066982
vn -0.206910 0.976788 0.055446
vn -0.794594 0.456626 -0.400141
vn 0.607991 -0.025971 -0.793519
vn -0.868929 0.250408 -0.426918
vn 0.628546 -0.003923 -0.777763
vn 0.601885 0.002079 -0.798580
vn 0.394195 -0.786179 0.475955
vn 0.779829 0.624847 -0.037842
vn -0.009495 0.351973 0.935962
vn 0.974086 0.058484 -0.218487
vn 0.883463 0.463084 -0.071037
vn -0.009499 0.351979 0.935960
vn 0.784515 -0.604546 0.138058
vn 0.893735 -0.026697 -0.447800
vn 0.719527 0.337882 0.606726
vn -0.378123 0.807831 -0.452142
vn -0.361587 0.804969 -0.470403
vn -0.225741 0.776171 -0.588727
vn -0.277980 0.771691 -0.572031
vn 0.271603 -0.078552 0.959198
vn -0.892383 -0.090921 -0.442024
vn 0.571095 0.234936 -0.786546
vn 0.558874 0.287538 -0.777806
vn -0.388103 0.527624 -0.755638
vn 0.001107 -0.774036 -0.633141
vn 0.926168 0.155244 -0.343675
vn 0.758107 0.543100 0.360993
vn -0.191740 0.331547 0.923749
vn -0.191737 0.331471 0.923777
vn -0.191784 0.331505 0.923755
vn 0.193327 0.806586 -0.558609
vn -0.009430 0.351962 0.935967
vn -0.708994 -0.081284 -0.700514
vn -0.557790 0.038009 0.829111
vn -0.009389 0.351984 0.935959
vn -0.650361 0.165626 0.741349
vn 0.389788 0.792259 0.469458
vn 0.442815 0.705551 0.553274
vn 0.368973 0.793262 0.484349
vn 0.851876 0.243006 -0.463957
vn 0.784383 0.411481 -0.464140
vn -0.356990 -0.295675 0.886078
vn -0.435253 0.850234 -0.296068
vn 0.091569 -0.574423 -0.813421
vn -0.288825 -0.718102 -0.633174
vn -0.147790 -0.988851 0.018223
vn -0.404916 0.035351 0.913670
vn 0.736764 0.430830 0.521118
vn -0.530956 0.474181 0.702309
vn -0.631435 -0.651984 -0.419771
vn -0.640158 -0.701589 0.313004
vn -0.401540 -0.818245 0.411389
vn 0.544125 -0.632077 -0.551731
vn 0.468477 -0.246911 -0.848271
vn 0.483132 -0.221851 0.846974
vn 0.298476 -0.872932 0.385878
vn -0.596572 -0.640772 -0.483232
vn 0.215111 -0.030195 0.976123
vn 0.328070 0.018577 0.944471
vn -0.353349 -0.570662 -0.741275
vn -0.165973 -0.767051 -0.619746
vn -0.846173 -0.522669 0.103958
vn 0.990859 0.119871 0.061874
vn 0.948363 -0.305958 0.083643
vn 0.642169 0.403744 0.651621
vn 0.761669 0.446090 0.469962
vn 0.591170 -0.772588 0.231573
vn 0.959660 -0.280652 0.016953
vn -0.596572 -0.640772 -0.483232
vn 0.571095 0.234936 -0.786546
vn 0.601333 0.053505 -0.797205
vn -0.009456 0.352004 0.935951
vn 0.444234 -0.722633 0.529583
vn -0.764644 -0.610790 0.205561
vn -0.757533 -0.620051 0.204157
vn -0.878300 0.264007 -0.398608
vn -0.764529 0.207686 -0.610215
vn -0.894862 0.150333 -0.420264
vn -0.163532 0.969436 0.182897
vn -0.009486 0.351978 0.935960
vn -0.009561 0.351987 0.935956
vn -0.942513 0.127480 -0.308898
vn -0.009476 0.351970 0.935963
vn 0.344495 0.274944 -0.897624
vn -0.009459 0.351907 0.935987
vn -0.370736 0.928605 0.015751
vn -0.424449 -0.522559 0.739442
vn 0.593016 -0.804369 -0.036369
vn 0.094224 0.142050 0.985365
vn 0.802629 -0.506777 0.314587
vn 0.696428 0.698028 -0.166570
vn 0.811065 0.521727 -0.264526
vn 0.552736 0.831216 -0.059692
vn 0.407822 0.912139 0.041040
vn 0.845040 0.423762 0.326088
vn 0.086659 -0.792026 0.604305
vn 0.991274 -0.070861 -0.111151
vn -0.314130 0.159085 0.935956
vn 0.501227 -0.865139 -0.017504
vn -0.866731 0.441484 -0.232097
vn -0.314051 0.159139 0.935974
vn -0.277980 0.771691 -0.572031
vn -0.246622 0.751331 -0.612110
vn 0.347295 0.213885 -0.913039
vn 0.077075 -0.873272 -0.481097
vn 0.942680 0.333688 -0.002730
vn 0.954441 0.297435 -0.023965
vn -0.128761 0.496971 -0.858161
vn 0.807984 -0.577801 0.115360
vn 0.397955 0.564577 0.723108
vn 0.359454 0.661220 0.658469
vn 0.931163 0.131077 -0.340228
vn 0.895848 0.217987 -0.387217
vn 0.450240 0.815140 0.364459
vn -0.392980 0.395218 -0.830283
vn -0.409647 -0.758362 -0.507027
vn 0.692531 0.404964 0.596997
vn -0.009471 0.351894 0.935992
vn -0.209974 0.465099 -0.859996
vn -0.101676 0.344784 0.933159
vn -0.352298 0.421319 -0.835689
vn 0.098346 0.406868 0.908178
vn 0.198647 -0.922735 -0.330302
vn 0.668435 0.281574 0.688412
vn 0.960389 -0.274577 0.047554
vn 0.821251 0.449162 0.351853
vn 0.046888 -0.901323 -0.430603
vn 0.979934 0.087277 -0.179199
vn 0.235459 -0.945158 -0.226352
vn 0.578725 0.204034 -0.789587
vn -0.714511 -0.229791 0.660810
vn -0.454831 0.660542 -0.597338
vn -0.667565 0.383581 -0.638141
vn 0.492189 -0.635943 -0.594412
vn -0.778512 0.227502 -0.584946
vn -0.536209 0.368139 -0.759575
vn -0.352298 0.421319 -0.835689
vn 0.138714 -0.940845 -0.309142
vn -0.701505 0.299155 -0.646836
vn 0.748321 -0.604599 -0.272900
vn 0.341357 0.044680 0.938871
vn 0.171859 -0.365154 -0.914947
vn -0.790880 0.524106 -0.315945
vn -0.571667 -0.776526 0.264962
vn 0.096215 0.465451 0.879828
vn 0.139261 0.379915 0.914479
vn -0.987541 -0.132899 0.084265
vn -0.569528 -0.784001 0.246942
vn 0.530511 0.830609 -0.169253
vn 0.561383 0.799327 -0.214303
vn 0.104245 0.501496 0.858857
vn -0.397431 -0.887867 0.231820
vn 0.552324 0.790340 -0.265142
vn -0.987521 -0.133027 0.084293
vn -0.547218 -0.801321 0.241739
vn -0.021771 0.815721 -0.578035
vn 0.954809 0.295170 -0.034841
vn -0.631435 -0.651984 -0.419771
vn 0.426373 -0.708581 0.562244
vn 0.122828 0.874636 -0.468961
vn -0.065960 0.247494 0.966642
vn -0.759215 0.224495 -0.610897
vn -0.009472 0.351948 0.935972
vn -0.205845 -0.802121 -0.560562
vn 0.135929 -0.350768 0.926545
vn -0.009476 0.351979 0.935960
vn -0.009495 0.351971 0.935963
vn 0.547502 -0.307541 0.778242
vn 0.586157 0.136849 0.798557
vn 0.724877 0.572672 0.382885
vn -0.005242 0.218439 0.975837
vn 0.323178 0.919779 -0.222625
vn -0.987533 -0.132932 0.084304
vn -0.987544 -0.132889 0.084241
vn -0.484002 0.560870 -0.671689
vn 0.256842 0.834038 -0.488275
vn -0.962749 0.024229 -0.269310
vn 0.689484 -0.557680 0.462174
vn -0.730818 -0.645475 0.221960
vn -0.062581 -0.262206 0.962981
vn -0.009447 0.351967 0.935965
vn 0.307757 0.783201 0.540261
vn 0.927704 0.166642 -0.334060
vn -0.079825 -0.757134 -0.648364
vn 0.538914 0.618010 -0.572394
vn -0.216389 -0.719835 -0.659556
vn -0.934520 0.298875 -0.193250
vn -0.985969 0.152402 0.068107
vn 0.410161 0.578917 0.704715
vn 0.850123 0.526090 -0.022810
vn -0.009432 0.351984 0.935959
vn -0.009444 0.351970 0.935963
vn -0.009425 0.352033 0.935940
vn 0.597307 -0.346802 -0.723155
vn 0.490198 0.131590 0.861621
vn 0.888257 0.333257 -0.316131
vn 0.927311 0.170298 0.333307
vn 0.387048 -0.887407 -0.250406
vn 0.239423 -0.916690 -0.319931
vn 0.862761 0.018998 0.505254
vn 0.710133 0.645615 0.280877
vn 0.940360 0.292382 0.173884
vn 0.759840 0.596504 0.258508
vn 0.445243 0.247190 0.860614
vn 0.180133 -0.608193 -0.773081
vn 0.011202 -0.442757 -0.896572
vn -0.260739 0.086194 -0.961554
vn 0.641044 0.619608 -0.452933
vn 0.473938 0.095043 0.875414
vn -0.303092 0.371964 -0.877370
vn -0.203867 0.977344 0.056885
vn -0.368027 0.734153 0.570592
vn 0.188232 0.166316 0.967940
vn 0.852035 0.426376 -0.303710
vn 0.683168 0.610792 -0.400268
vn -0.304176 0.918098 0.254111
vn -0.021771 0.815721 -0.578035
vn -0.064959 0.799383 -0.597301
vn -0.045288 0.805776 -0.590486
vn -0.046545 0.929635 0.365530
vn 0.309186 0.215524 -0.926258
vn 0.136945 -0.875621 -0.463177
vn -0.409647 -0.758362 -0.507027
vn -0.470053 -0.743534 -0.475613
vn -0.191974 0.257002 -0.947152
vn -0.305351 -0.828351 -0.469675
vn 0.525074 0.777978 0.345034
vn -0.123205 -0.890295 -0.438402
vn 0.169346 -0.014643 -0.985448
vn 0.415068 -0.401890 0.816212
vn -0.305351 -0.828351 -0.469675
vn -0.470053 -0.743534 -0.475613
vn 0.579434 -0.289858 0.761734
vn -0.123205 -0.890295 -0.438402
vn 0.592573 0.736996 0.325105
vn 0.739951 -0.143875 0.657094
vn 0.926168 0.155244 -0.343675
vn 0.023679 0.992386 0.120867
vn -0.667565 0.383581 -0.638141
vn -0.778512 0.227502 -0.584946
vn 0.614604 0.434402 -0.658451
vn 0.597302 -0.346845 -0.723138
vn 0.804716 -0.593619 -0.006903
vn 0.724276 -0.412855 0.552246
vn 0.946977 0.070838 -0.313395
vn 0.948363 -0.316799 -0.015667
vn 0.390504 0.310119 -0.866795
vn -0.009502 0.351970 0.935963
vn -0.009517 0.352048 0.935934
vn -0.009543 0.351925 0.935979
vn -0.009448 0.351982 0.935959
vn 0.055155 -0.998117 0.026851
vn -0.191694 0.331518 0.923769
vn -0.372866 -0.438820 -0.817562
vn -0.253518 0.901236 -0.351429
vn 0.026808 -0.974730 -0.221771
vn -0.293800 0.885737 -0.359376
vn -0.314126 0.159105 0.935954
vn 0.229798 0.670058 -0.705843
vn 0.256969 0.826856 -0.500277
vn 0.007552 0.494543 0.869120
vn 0.925404 0.333814 0.179433
vn 0.984084 0.136442 0.113856
vn -0.009459 0.351907 0.935987
vn 0.623086 -0.197864 -0.756713
vn -0.009476 0.351970 0.935963
vn -0.247555 -0.783915 -0.569380
vn -0.230243 -0.784232 -0.576168
vn 0.238999 -0.370319 0.897632
vn -0.009493 0.351945 0.935973
vn -0.224583 -0.846600 -0.482526
vn 0.026131 -0.875581 -0.482363
vn -0.009517 0.352048 0.935934
vn -0.009543 0.351925 0.935979
vn 0.597271 -0.346928 -0.723124
vn -0.987533 -0.132932 0.084304
vn -0.144534 -0.621099 -0.770289
vn -0.009485 0.352022 0.935944
vn -0.661018 -0.187897 0.726464
vn -0.009500 0.351939 0.935975
vn -0.009499 0.352013 0.935947
vn -0.672188 0.036724 0.739469
vn -0.923749 -0.273692 0.267920
vn 0.560412 0.278243 -0.780077
vn -0.276085 -0.781858 -0.558995
vn -0.247555 -0.783915 -0.569380
vn -0.009546 0.351980 0.935959
vn -0.987521 -0.133027 0.084293
vn -0.987541 -0.132899 0.084265
vn 0.929788 0.129951 -0.344394
vn -0.945179 0.135340 -0.297186
vn -0.009511 0.351929 0.935978
vn -0.943745 -0.094624 -0.316845
vn 0.864453 0.283512 -0.415140
vn 0.834945 0.203301 -0.511406
vn 0.486610 -0.332121 -0.808026
vn 0.302909 -0.514440 -0.802245
vn 0.838964 0.457403 -0.294826
vn -0.009502 0.351970 0.935963
vn 0.300637 0.783359 0.544027
vn -0.191694 0.331518 0.923769
vn 0.892829 0.211804 0.397487
vn 0.348784 -0.937095 -0.014236
vn 0.586830 0.146225 -0.796397
vn 0.293939 -0.925129 0.240285
vn 0.335563 0.287820 0.896971
vn 0.015212 -0.517715 0.855418
vn 0.697470 0.595399 0.398794
vn -0.187669 0.372713 -0.908771
vn -0.150516 -0.635672 -0.757143
vn -0.709003 0.614614 -0.345780
vn -0.009515 0.351956 0.935968
vn -0.009470 0.351883 0.935996
vn -0.789888 0.227595 -0.569454
vn 0.239423 -0.916690 -0.319931
vn 0.753458 -0.531274 -0.387361
vn 0.064251 -0.920299 -0.385904
vn 0.572306 -0.352278 -0.740518
vn 0.654112 0.692784 0.303624
vn -0.197883 -0.883638 0.424296
vn 0.121104 -0.878957 -0.461267
vn -0.009502 0.351959 0.935967
vn 0.788788 -0.339069 -0.512685
vn 0.561125 0.772400 0.297552
vn -0.009495 0.351942 0.935973
vn -0.192141 -0.562661 -0.804048
vn 0.023992 0.408948 0.912242
vn 0.347775 -0.816090 -0.461574
vn 0.469494 0.794228 0.385718
vn 0.116851 0.627631 0.769691
vn -0.009493 0.351968 0.935964
vn -0.277068 0.956765 -0.088513
vn -0.216389 -0.719835 -0.659556
vn 0.550648 -0.390660 -0.737680
vn 0.301940 -0.939897 0.159453
vn -0.314063 0.159113 0.935974
vn -0.314130 0.159085 0.935956
vn -0.314048 0.159115 0.935979
vn -0.703378 -0.686822 -0.183127
vn -0.253854 -0.925607 -0.280730
vn -0.206681 -0.968412 -0.139505
vn -0.562768 -0.732150 -0.383729
vn -0.900114 0.233402 0.367855
vn -0.847652 0.223366 0.481242
vn -0.786875 0.601596 0.137513
vn -0.341756 0.070167 -0.937166
vn -0.009495 0.351942 0.935973
vn 0.284919 0.477179 -0.831337
vn -0.009461 0.351956 0.935969
vn -0.009486 0.351978 0.935960
vn 0.774946 -0.380718 0.504492
vn -0.397686 -0.207600 0.893727
vn 0.046888 -0.901323 -0.430603
vn -0.009520 0.351957 0.935968
vn 0.868092 0.449576 -0.210470
vn 0.624531 -0.780995 -0.002818
vn -0.009515 0.351983 0.935958
vn 0.725068 0.655289 -0.211832
vn -0.009546 0.351980 0.935959
vn -0.009520 0.351957 0.935968
vn -0.314063 0.159113 0.935974
vn -0.724473 -0.435375 -0.534405
vn -0.833449 -0.096305 -0.544140
vn -0.987530 -0.132953 0.084309
vn 0.241721 -0.100048 -0.965174
vn -0.987544 -0.132889 0.084241
vn 0.028312 0.859120 0.510990
vn -0.482534 -0.869116 -0.108615
vn 0.078052 0.510902 0.856088
vn -0.155778 -0.637299 0.754708
vn 0.221912 0.823654 -0.521871
vn -0.009493 0.351945 0.935973
vn -0.009456 0.352004 0.935951
vn -0.009489 0.351964 0.935965
vn -0.009509 0.352045 0.935935
vn 0.008502 -0.624506 0.780974
vn -0.190441 0.331309 0.924103
vn -0.191703 0.331493 0.923776
vn -0.541951 0.536208 0.647124
vn -0.651254 0.755208 -0.074357
vn -0.009485 0.352022 0.935944
vn -0.009482 0.352015 0.935946
vn -0.009462 0.351991 0.935956
vn -0.009499 0.352013 0.935947
vn 0.536162 0.747955 -0.391271
vn 0.759018 0.620252 -0.197937
vn 0.302079 -0.031933 -0.952748
vn -0.281144 -0.573246 -0.769641
vn -0.402138 0.468314 -0.786744
vn -0.617572 0.783815 -0.065109
vn -0.651254 0.755208 -0.074357
vn 0.454333 0.882931 0.118380
vn 0.028312 0.859120 0.510990
vn -0.009482 0.352015 0.935946
vn -0.849633 0.366404 -0.379304
vn -0.749850 0.285234 -0.596964
vn 0.235459 -0.945158 -0.226352
vn -0.639395 0.143901 0.755292
vn 0.407822 0.912139 0.041040
vn -0.950194 0.306108 -0.058559
vn 0.552736 0.831216 -0.059692
vn -0.009500 0.351939 0.935975
vn -0.923995 0.330867 -0.191729
vn 0.961529 0.186610 -0.201593
vn 0.482961 -0.845319 -0.228441
vn 0.535896 0.413670 -0.735997
vn 0.623086 -0.197864 -0.756713
vn 0.615424 -0.772043 -0.158755
vn -0.314051 0.159139 0.935974
vn -0.197849 0.858136 -0.473770
vn -0.521515 0.833650 -0.181796
vn -0.009478 0.351998 0.935953
vn 0.245327 -0.072710 0.966710
vn -0.205054 0.976435 0.067282
vn -0.213165 0.579338 -0.786720
vn -0.009425 0.352033 0.935940
vn -0.298537 0.399364 0.866824
vn -0.009458 0.352013 0.935947
vn -0.009476 0.351979 0.935960
vn -0.009424 0.351989 0.935957
vn -0.192141 -0.562661 -0.804048
vn -0.226559 0.241121 -0.943680
vn 0.064251 -0.920299 -0.385904
vn -0.009468 0.351939 0.935975
vn 0.376109 0.668325 -0.641782
vn -0.866278 -0.499489 0.008571
vn -0.256872 0.272041 0.927367
vn -0.336439 0.871208 0.357499
vn -0.534604 -0.322602 0.781106
vn 0.140871 -0.577486 0.804155
vn -0.873294 -0.486540 0.025215
vn 0.328116 -0.929668 0.167503
vn -0.568725 -0.228253 0.790223
vn 0.428701 -0.113276 0.896317
vn 0.508437 0.346103 0.788482
vn 0.922346 -0.324436 0.209809
vn -0.191754 0.331373 0.923809
vn 0.706443 0.489051 0.511632
vn -0.496816 0.199170 0.844692
vn 0.331498 0.026524 0.943083
vn -0.415520 0.849729 0.324506
vn 0.011339 0.508881 0.860762
vn -0.701751 0.019075 0.712167
vn -0.009524 0.351976 0.935961
vn 0.464114 0.058691 -0.883829
vn -0.009546 0.351999 0.935952
vn 0.002052 -0.757174 -0.653211
vn -0.206479 -0.762255 -0.613460
vn -0.009492 0.352021 0.935944
vn -0.009514 0.351999 0.935952
vn -0.852411 -0.208301 -0.479589
vn -0.020246 -0.746976 -0.664542
vn 0.305520 0.209982 0.928744
vn 0.768727 0.590675 0.245280
vn 0.491301 0.437006 0.753425
vn 0.103881 0.791793 -0.601891
vn 0.234112 0.971857 -0.026201
vn 0.544625 0.798877 0.255300
vn -0.640158 -0.701589 0.313004
vn -0.401540 -0.818245 0.411389
vn -0.009494 0.352026 0.935942
vn -0.240136 0.463201 0.853100
vn -0.190441 0.331309 0.924103
vn 0.511729 -0.157459 0.844595
vn -0.314048 0.159115 0.935979
vn -0.314126 0.159105 0.935954
vn -0.213165 0.579338 -0.786720
vn 0.731004 0.085672 -0.676974
vn -0.534986 0.683596 -0.496474
vn -0.724873 0.472471 -0.501330
vn -0.191708 0.331419 0.923802
vn -0.191708 0.331419 0.923802
vn -0.912265 -0.284422 -0.294750
vn -0.106817 0.409202 0.906170
vn -0.423302 0.753905 0.502437
vn -0.009530 0.351979 0.935959
vn -0.171359 -0.772621 0.611304
vn -0.009489 0.351978 0.935960
vn 0.376109 0.668325 -0.641782
vn -0.923749 -0.273692 0.267920
vn 0.209162 0.707174 -0.675393
vn -0.009475 0.351981 0.935959
vn -0.059502 -0.711412 -0.700252
vn -0.333909 0.568615 -0.751786
vn -0.368027 0.734153 0.570592
vn 0.999883 -0.014072 0.006026
vn -0.191776 0.331587 0.923727
vn 0.192326 0.890898 0.411475
vn -0.987530 -0.132953 0.084309
vn -0.563739 0.615255 0.551053
vn -0.748241 0.662400 -0.036903
vn 0.567392 0.306195 -0.764402
vn -0.420972 0.906550 -0.030802
vn -0.478877 0.551604 -0.682942
vn -0.119045 0.818016 -0.562741
vn 0.802629 -0.506777 0.314587
vn 0.922346 -0.324436 0.209809
vn 0.993753 0.104634 -0.038806
vn 0.785327 0.578002 0.221753
vn -0.792000 0.501133 -0.348713
vn -0.009475 0.351981 0.935959
vn -0.936440 0.240376 0.255537
vn -0.843220 0.447415 0.297993
vn -0.786875 0.601596 0.137513
vn -0.009495 0.351971 0.935963
vn 0.724877 0.572672 0.382885
vn -0.980309 0.180112 0.080953
vn -0.710072 0.614884 -0.343096
vn -0.774418 0.605946 -0.181951
vn -0.206716 0.964583 -0.163852
vn -0.710071 0.614871 -0.343121
vn -0.067926 0.908933 -0.411373
vn -0.085477 0.909836 0.406069
vn -0.206716 0.964583 -0.163852
vn -0.067926 0.908933 -0.411373
vn 0.447509 0.851220 -0.274154
vn -0.009458 0.352013 0.935947
vn -0.423302 0.753905 0.502437
vn -0.009424 0.351989 0.935957
vn -0.345807 -0.824026 0.448775
vn 0.377915 -0.370901 0.848300
vn 0.239472 -0.740015 0.628515
vn 0.268852 -0.207416 0.940584
vn -0.758955 -0.004499 0.651128
vn -0.298278 0.037787 0.953731
vn -0.345807 -0.824026 0.448775
vn -0.009389 0.351984 0.935959
vn -0.009524 0.351976 0.935961
vn -0.009517 0.351957 0.935968
vn -0.503419 -0.477194 0.720316
vn 0.244185 -0.492266 0.835493
vn 0.025649 -0.781534 0.623335
vn 0.492680 -0.404433 0.770520
vn -0.212652 0.337812 0.916876
vn 0.252239 0.132959 0.958487
vn -0.009517 0.351957 0.935968
vn -0.503419 -0.477194 0.720316
vn 0.355227 0.358434 -0.863330
vn -0.009494 0.352026 0.935942
vn -0.009493 0.351968 0.935964
vn -0.277068 0.956765 -0.088513
vn -0.606439 0.495415 0.621929
vn -0.719579 0.657793 0.222519
vn -0.476154 0.454395 0.752863
vn -0.009511 0.351929 0.935978
vn -0.009478 0.351998 0.935953
vn 0.339789 -0.329194 0.881008
vn -0.009530 0.351979 0.935959
vn 0.323178 -0.942411 -0.086119
vn 0.815270 -0.418321 0.400429
vn 0.814665 -0.579867 0.008665
vn 0.757307 -0.322721 0.567747
vn 0.230390 -0.526333 0.818470
vn 0.323178 -0.942411 -0.086119
vn -0.245497 -0.959545 0.137856
vn -0.009515 0.351983 0.935958
vn -0.489148 0.763371 0.421900
vn 0.265314 0.948875 0.171011
vn -0.272282 -0.671354 -0.689308
vn 0.241721 -0.100048 -0.965174
vn 0.387048 -0.887407 -0.250406
vn 0.792554 -0.591669 -0.147598
vn -0.314165 0.159174 0.935930
vn -0.314165 0.159174 0.935930
vn -0.851109 0.139127 -0.506219
vn -0.873381 0.487019 0.004192
vn -0.851109 0.139127 -0.506219
vn -0.843220 0.447415 0.297993
vn -0.191776 0.331587 0.923727
vn -0.489148 0.763371 0.421900
vn 0.045670 0.798059 -0.600846
vn -0.191656 0.331515 0.923778
vn -0.625358 -0.400910 -0.669476
vn -0.915517 0.369201 -0.159750
vn -0.963204 -0.261814 0.060758
vn -0.841147 0.539649 -0.035363
vn -0.191656 0.331515 0.923778
vn -0.625358 -0.400910 -0.669476
f 1/1/1 2/2/2 3/3/3
f 2/2/2 4/4/4 3/3/3
f 3/3/3 5/5/5 6/6/6
f 4/4/4 7/7/7 3/3/3
f 8/8/8 7/7/7 9/9/9
f 8/8/8 10/10/10 7/7/7
f 7/7/7 11/11/11 12/12/12
f 7/7/7 4/4/4 9/9/9
f 13/13/13 12/12/12 11/11/11
f 12/12/12 5/5/5 7/7/7
f 12/12/12 14/14/14 15/15/15
f 11/11/11 7/7/7 10/10/10
f 16/16/16 12/12/12 13/13/13
f 16/16/16 17/17/17 12/12/12
f 18/18/18 19/19/19 20/20/20
f 18/18/18 21/21/21 22/22/22
f 21/21/21 18/18/18 23/23/23
f 22/22/22 21/21/21 24/24/24
f 23/23/23 25/25/25 26/26/26
f 17/17/17 27/27/27 12/12/12
f 27/27/27 28/28/28 12/12/12
f 29/29/29 30/30/30 28/28/28
f 29/29/29 28/28/28 31/31/31
f 28/28/28 32/32/32 33/33/33
f 28/28/28 27/27/27 31/31/31
f 34/34/34 35/35/35 36/36/36
f 34/34/34 37/37/37 38/38/38
f 34/34/34 39/39/39 37/37/37
f 39/39/39 34/34/34 40/40/40
f 39/39/39 41/41/41 42/42/42
f 37/37/37 25/25/25 38/38/38
f 37/37/37 43/43/43 44/44/44
f 38/38/38 20/20/20 34/34/34
f 45/45/45 33/33/33 32/32/32
f 33/33/33 14/14/14 28/28/28
f 33/33/33 46/46/46 47/47/47
f 32/32/32 28/28/28 30/30/30
f 48/48/48 49/49/49 33/33/33
f 48/48/48 33/33/33 45/45/45
f 49/49/49 50/50/50 33/33/33
f 50/50/50 51/51/51 33/33/33
f 52/52/52 53/53/53 51/51/51
f 52/52/52 51/51/51 54/54/54
f 51/51/51 55/55/55 46/46/46
f 51/51/51 50/50/50 54/54/54
f 53/53/53 56/56/56 51/51/51
f 56/56/56 57/57/57 51/51/51
f 58/58/58 59/59/59 57/57/57
f 58/58/58 57/57/57 60/60/60
f 57/57/57 56/56/56 60/60/60
f 57/57/57 61/61/61 62/62/62
f 57/57/57 55/55/55 51/51/51
f 63/63/63 62/62/62 61/61/61
f 62/62/62 64/64/64 55/55/55
f 62/62/62 55/55/55 57/57/57
f 62/62/62 65/65/65 66/66/66
f 61/61/61 57/57/57 59/59/59
f 67/67/67 68/68/68 62/62/62
f 67/67/67 62/62/62 63/63/63
f 69/69/69 70/70/70 71/71/71
f 69/69/69 71/71/71 72/72/72
f 71/71/71 73/73/73 72/72/72
f 71/71/71 70/70/70 74/74/74
f 72/72/72 75/75/75 69/69/69
f 73/73/73 71/71/71 76/76/76
f 73/73/73 77/77/77 72/72/72
f 78/78/78 66/66/66 65/65/65
f 66/66/66 64/64/64 62/62/62
f 66/66/66 79/79/79 80/80/80
f 65/65/65 62/62/62 68/68/68
f 81/81/81 66/66/66 78/78/78
f 81/81/81 82/82/82 66/66/66
f 82/82/82 83/83/83 66/66/66
f 83/83/83 84/84/84 66/66/66
f 85/85/85 84/84/84 86/86/86
f 85/85/85 87/87/87 84/84/84
f 84/84/84 83/83/83 86/86/86
f 84/84/84 88/88/88 89/89/89
f 90/90/90 89/89/89 88/88/88
f 89/89/89 79/79/79 84/84/84
f 89/89/89 91/91/91 92/92/92
f 88/88/88 84/84/84 87/87/87
f 93/93/93 94/94/94 89/89/89
f 93/93/93 89/89/89 90/90/90
f 95/95/95 96/96/96 97/97/97
f 95/95/95 98/98/98 99/99/99
f 95/95/95 100/100/100 98/98/98
f 95/95/95 101/101/101 102/102/102
f 98/98/98 103/103/103 104/104/104
f 102/102/102 105/105/105 100/100/100
f 102/102/102 100/100/100 95/95/95
f 94/94/94 106/106/106 89/89/89
f 106/106/106 107/107/107 89/89/89
f 108/108/108 109/109/109 107/107/107
f 108/108/108 107/107/107 110/110/110
f 107/107/107 111/111/111 112/112/112
f 107/107/107 106/106/106 110/110/110
f 113/113/113 114/114/114 115/115/115
f 114/114/114 116/116/116 117/117/117
f 114/114/114 113/113/113 118/118/118
f 114/114/114 119/119/119 120/120/120
f 118/118/118 121/121/121 122/122/122
f 118/118/118 123/123/123 119/119/119
f 124/124/124 112/112/112 111/111/111
f 112/112/112 125/125/125 126/126/126
f 112/112/112 91/91/91 107/107/107
f 111/111/111 107/107/107 109/109/109
f 127/127/127 128/128/128 112/112/112
f 127/127/127 112/112/112 124/124/124
f 128/128/128 129/129/129 112/112/112
f 129/129/129 130/130/130 112/112/112
f 131/131/131 132/132/132 130/130/130
f 131/131/131 130/130/130 133/133/133
f 130/130/130 129/129/129 133/133/133
f 103/103/103 105/105/105 134/134/134
f 103/103/103 98/98/98 100/100/100
f 103/103/103 135/135/135 104/104/104
f 105/105/105 103/103/103 100/100/100
f 105/105/105 102/102/102 136/136/136
f 105/105/105 136/136/136 137/137/137
f 134/134/134 138/138/138 103/103/103
f 132/132/132 139/139/139 130/130/130
f 139/139/139 140/140/140 130/130/130
f 141/141/141 140/140/140 142/142/142
f 141/141/141 143/143/143 140/140/140
f 140/140/140 139/139/139 142/142/142
f 140/140/140 144/144/144 145/145/145
f 146/146/146 145/145/145 144/144/144
f 145/145/145 147/147/147 148/148/148
f 144/144/144 140/140/140 143/143/143
f 149/149/149 145/145/145 146/146/146
f 149/149/149 150/150/150 145/145/145
f 151/151/151 148/148/148 147/147/147
f 148/148/148 152/152/152 145/145/145
f 147/147/147 145/145/145 150/150/150
f 153/153/153 148/148/148 151/151/151
f 15/15/15 154/154/154 155/155/155
f 15/15/15 156/156/156 5/5/5
f 154/154/154 15/15/15 14/14/14
f 154/154/154 47/47/47 157/157/157
f 155/155/155 158/158/158 159/159/159
f 14/14/14 33/33/33 47/47/47
f 14/14/14 12/12/12 28/28/28
f 160/160/160 161/161/161 162/162/162
f 160/160/160 163/163/163 164/164/164
f 163/163/163 160/160/160 165/165/165
f 164/164/164 166/166/166 161/161/161
f 164/164/164 167/167/167 168/168/168
f 101/101/101 169/169/169 102/102/102
f 101/101/101 170/170/170 171/171/171
f 101/101/101 95/95/95 97/97/97
f 169/169/169 172/172/172 136/136/136
f 169/169/169 136/136/136 102/102/102
f 173/173/173 174/174/174 175/175/175
f 173/173/173 176/176/176 174/174/174
f 173/173/173 175/175/175 177/177/177
f 176/176/176 178/178/178 179/179/179
f 176/176/176 173/173/173 180/180/180
f 174/174/174 181/181/181 182/182/182
f 174/174/174 183/183/183 184/184/184
f 174/174/174 182/182/182 175/175/175
f 180/180/180 185/185/185 178/178/178
f 180/180/180 186/186/186 187/187/187
f 188/188/188 189/189/189 190/190/190
f 188/188/188 191/191/191 192/192/192
f 188/188/188 193/193/193 194/194/194
f 189/189/189 195/195/195 196/196/196
f 189/189/189 188/188/188 192/192/192
f 190/190/190 197/197/197 198/198/198
f 190/190/190 196/196/196 199/199/199
f 190/190/190 200/200/200 188/188/188
f 192/192/192 201/201/201 189/189/189
f 192/192/192 202/202/202 203/203/203
f 204/204/204 205/205/205 206/206/206
f 204/204/204 207/207/207 208/208/208
f 205/205/205 209/209/209 206/206/206
f 206/206/206 209/209/209 210/210/210
f 211/211/211 212/212/212 213/213/213
f 211/211/211 214/214/214 215/215/215
f 214/214/214 213/213/213 216/216/216
f 215/215/215 217/217/217 218/218/218
f 215/215/215 219/219/219 211/211/211
f 219/219/219 220/220/220 221/221/221
f 222/222/222 223/223/223 224/224/224
f 222/222/222 224/224/224 225/225/225
f 222/222/222 225/225/225 226/226/226
f 224/224/224 227/227/227 228/228/228
f 224/224/224 228/228/228 225/225/225
f 224/224/224 229/229/229 230/230/230
f 225/225/225 231/231/231 226/226/226
f 228/228/228 232/232/232 225/225/225
f 233/233/233 234/234/234 235/235/235
f 234/234/234 233/233/233 236/236/236
f 235/235/235 237/237/237 170/170/170
f 236/236/236 97/97/97 96/96/96
f 156/156/156 159/159/159 238/238/238
f 156/156/156 15/15/15 155/155/155
f 156/156/156 6/6/6 5/5/5
f 5/5/5 12/12/12 15/15/15
f 5/5/5 3/3/3 7/7/7
f 239/239/239 240/240/240 241/241/241
f 239/239/239 242/242/242 243/243/243
f 242/242/242 244/244/244 245/245/245
f 242/242/242 239/239/239 246/246/246
f 243/243/243 240/240/240 239/239/239
f 243/243/243 245/245/245 247/247/247
f 246/246/246 239/239/239 248/248/248
f 246/246/246 249/249/249 242/242/242
f 250/250/250 238/238/238 159/159/159
f 250/250/250 251/251/251 252/252/252
f 251/251/251 253/253/253 254/254/254
f 251/251/251 250/250/250 255/255/255
f 252/252/252 254/254/254 256/256/256
f 252/252/252 257/257/257 250/250/250
f 255/255/255 159/159/159 158/158/158
f 255/255/255 258/258/258 251/251/251
f 255/255/255 259/259/259 260/260/260
f 261/261/261 262/262/262 263/263/263
f 261/261/261 264/264/264 265/265/265
f 262/262/262 261/261/261 266/266/266
f 262/262/262 267/267/267 268/268/268
f 263/263/263 269/269/269 264/264/264
f 263/263/263 270/270/270 271/271/271
f 266/266/266 272/272/272 267/267/267
f 266/266/266 273/273/273 274/274/274
f 275/275/275 276/276/276 277/277/277
f 275/275/275 278/278/278 279/279/279
f 278/278/278 275/275/275 280/280/280
f 278/278/278 281/281/281 279/279/279
f 279/279/279 282/282/282 283/283/283
f 279/279/279 284/284/284 275/275/275
f 280/280/280 285/285/285 278/278/278
f 280/280/280 277/277/277 286/286/286
f 277/277/277 287/287/287 288/288/288
f 277/277/277 280/280/280 275/275/275
f 287/287/287 277/277/277 276/276/276
f 288/288/288 286/286/286 277/277/277
f 288/288/288 287/287/287 253/253/253
f 276/276/276 275/275/275 284/284/284
f 276/276/276 289/289/289 287/287/287
f 282/282/282 281/281/281 290/290/290
f 282/282/282 291/291/291 283/283/283
f 282/282/282 279/279/279 281/281/281
f 282/282/282 292/292/292 291/291/291
f 281/281/281 278/278/278 241/241/241
f 281/281/281 241/241/241 240/240/240
f 290/290/290 293/293/293 294/294/294
f 290/290/290 292/292/292 282/282/282
f 240/240/240 243/243/243 293/293/293
f 240/240/240 290/290/290 281/281/281
f 295/295/295 296/296/296 297/297/297
f 295/295/295 297/297/297 298/298/298
f 295/295/295 299/299/299 300/300/300
f 297/297/297 247/247/247 301/301/301
f 297/297/297 301/301/301 302/302/302
f 298/298/298 297/297/297 302/302/302
f 298/298/298 303/303/303 295/295/295
f 298/298/298 302/302/302 304/304/304
f 298/298/298 304/304/304 305/305/305
f 302/302/302 301/301/301 306/306/306
f 302/302/302 306/306/306 307/307/307
f 302/302/302 307/307/307 304/304/304
f 308/308/308 309/309/309 310/310/310
f 308/308/308 311/311/311 312/312/312
f 309/309/309 308/308/308 313/313/313
f 310/310/310 314/314/314 308/308/308
f 313/313/313 312/312/312 315/315/315
f 304/304/304 316/316/316 317/317/317
f 305/305/305 317/317/317 318/318/318
f 319/319/319 256/256/256 320/320/320
f 319/319/319 321/321/321 257/257/257
f 256/256/256 319/319/319 252/252/252
f 256/256/256 254/254/254 322/322/322
f 256/256/256 322/322/322 320/320/320
f 320/320/320 323/323/323 319/319/319
f 283/283/283 291/291/291 284/284/284
f 284/284/284 279/279/279 283/283/283
f 284/284/284 289/289/289 276/276/276
f 284/284/284 291/291/291 289/289/289
f 253/253/253 258/258/258 288/288/288
f 253/253/253 287/287/287 324/324/324
f 253/253/253 324/324/324 254/254/254
f 258/258/258 260/260/260 325/325/325
f 258/258/258 253/253/253 251/251/251
f 326/326/326 327/327/327 328/328/328
f 327/327/327 326/326/326 329/329/329
f 327/327/327 330/330/330 331/331/331
f 328/328/328 332/332/332 333/333/333
f 329/329/329 334/334/334 335/335/335
f 329/329/329 335/335/335 330/330/330
f 322/322/322 336/336/336 337/337/337
f 254/254/254 252/252/252 251/251/251
f 324/324/324 322/322/322 254/254/254
f 324/324/324 336/336/336 322/322/322
f 291/291/291 338/338/338 339/339/339
f 291/291/291 340/340/340 289/289/289
f 292/292/292 294/294/294 299/299/299
f 300/300/300 299/299/299 294/294/294
f 299/299/299 338/338/338 292/292/292
f 299/299/299 341/341/341 342/342/342
f 299/299/299 295/295/295 303/303/303
f 294/294/294 292/292/292 290/290/290
f 294/294/294 296/296/296 300/300/300
f 303/303/303 298/298/298 305/305/305
f 303/303/303 305/305/305 343/343/343
f 344/344/344 345/345/345 346/346/346
f 345/345/345 347/347/347 348/348/348
f 345/345/345 344/344/344 347/347/347
f 346/346/346 345/345/345 349/349/349
f 346/346/346 350/350/350 344/344/344
f 347/347/347 351/351/351 352/352/352
f 318/318/318 343/343/343 305/305/305
f 343/343/343 341/341/341 303/303/303
f 353/353/353 354/354/354 355/355/355
f 354/354/354 356/356/356 357/357/357
f 355/355/355 354/354/354 358/358/358
f 358/358/358 359/359/359 360/360/360
f 361/361/361 286/286/286 362/362/362
f 361/361/361 363/363/363 285/285/285
f 363/363/363 248/248/248 285/285/285
f 363/363/363 361/361/361 364/364/364
f 285/285/285 241/241/241 278/278/278
f 285/285/285 280/280/280 361/361/361
f 364/364/364 362/362/362 365/365/365
f 364/364/364 80/80/80 363/363/363
f 340/340/340 366/366/366 367/367/367
f 340/340/340 291/291/291 339/339/339
f 339/339/339 368/368/368 369/369/369
f 339/339/339 366/366/366 340/340/340
f 289/289/289 324/324/324 287/287/287
f 289/289/289 340/340/340 336/336/336
f 370/370/370 371/371/371 372/372/372
f 370/370/370 373/373/373 374/374/374
f 371/371/371 370/370/370 375/375/375
f 371/371/371 376/376/376 377/377/377
f 372/372/372 373/373/373 370/370/370
f 372/372/372 378/378/378 379/379/379
f 377/377/377 372/372/372 371/371/371
f 377/377/377 380/380/380 372/372/372
f 296/296/296 294/294/294 293/293/293
f 296/296/296 295/295/295 300/300/300
f 381/381/381 382/382/382 383/383/383
f 381/381/381 384/384/384 385/385/385
f 382/382/382 381/381/381 385/385/385
f 382/382/382 386/386/386 387/387/387
f 383/383/383 388/388/388 381/381/381
f 385/385/385 389/389/389 386/386/386
f 390/390/390 391/391/391 392/392/392
f 390/390/390 393/393/393 394/394/394
f 391/391/391 390/390/390 394/394/394
f 391/391/391 395/395/395 392/392/392
f 392/392/392 396/396/396 390/390/390
f 392/392/392 397/397/397 398/398/398
f 394/394/394 271/271/271 270/270/270
f 394/394/394 399/399/399 391/391/391
f 400/400/400 375/375/375 401/401/401
f 400/400/400 402/402/402 403/403/403
f 375/375/375 400/400/400 371/371/371
f 375/375/375 374/374/374 404/404/404
f 401/401/401 405/405/405 406/406/406
f 401/401/401 375/375/375 404/404/404
f 404/404/404 407/407/407 401/401/401
f 404/404/404 374/374/374 408/408/408
f 380/380/380 384/384/384 409/409/409
f 380/380/380 377/377/377 410/410/410
f 410/410/410 389/389/389 384/384/384
f 410/410/410 376/376/376 411/411/411
f 402/402/402 400/400/400 406/406/406
f 402/402/402 367/367/367 366/366/366
f 406/406/406 412/412/412 413/413/413
f 406/406/406 400/400/400 401/401/401
f 388/388/388 409/409/409 381/381/381
f 388/388/388 414/414/414 360/360/360
f 388/388/388 383/383/383 415/415/415
f 357/357/357 416/416/416 417/417/417
f 416/416/416 418/418/418 417/417/417
f 416/416/416 357/357/357 356/356/356
f 417/417/417 419/419/419 357/357/357
f 417/417/417 418/418/418 420/420/420
f 356/356/356 421/421/421 416/416/416
f 356/356/356 354/354/354 353/353/353
f 356/356/356 422/422/422 423/423/423
f 424/424/424 420/420/420 418/418/418
f 420/420/420 425/425/425 408/408/408
f 418/418/418 416/416/416 426/426/426
f 427/427/427 374/374/374 373/373/373
f 427/427/427 417/417/417 420/420/420
f 427/427/427 419/419/419 417/417/417
f 419/419/419 379/379/379 428/428/428
f 359/359/359 358/358/358 354/354/354
f 359/359/359 354/354/354 429/429/429
f 360/360/360 430/430/430 388/388/388
f 429/429/429 379/379/379 378/378/378
f 429/429/429 354/354/354 357/357/357
f 429/429/429 357/357/357 428/428/428
f 429/429/429 430/430/430 359/359/359
f 414/414/414 388/388/388 415/415/415
f 414/414/414 358/358/358 360/360/360
f 260/260/260 259/259/259 431/431/431
f 260/260/260 258/258/258 255/255/255
f 432/432/432 433/433/433 434/434/434
f 432/432/432 435/435/435 436/436/436
f 432/432/432 437/437/437 435/435/435
f 432/432/432 438/438/438 439/439/439
f 438/438/438 432/432/432 434/434/434
f 438/438/438 422/422/422 440/440/440
f 439/439/439 437/437/437 432/432/432
f 434/434/434 422/422/422 438/438/438
f 434/434/434 423/423/423 422/422/422
f 441/441/441 442/442/442 443/443/443
f 441/441/441 444/444/444 445/445/445
f 441/441/441 443/443/443 446/446/446
f 444/444/444 441/441/441 437/437/437
f 445/445/445 442/442/442 441/441/441
f 437/437/437 441/441/441 446/446/446
f 437/437/437 439/439/439 444/444/444
f 437/437/437 446/446/446 435/435/435
f 447/447/447 448/448/448 449/449/449
f 450/450/450 451/451/451 452/452/452
f 453/453/453 454/454/454 455/455/455
f 456/456/456 457/457/457 458/458/458
f 459/459/459 460/460/460 461/461/461
f 460/460/460 462/462/462 463/463/463
f 460/460/460 459/459/459 464/464/464
f 461/461/461 465/465/465 459/459/459
f 466/466/466 467/467/467 468/468/468
f 466/466/466 469/469/469 470/470/470
f 469/469/469 466/466/466 471/471/471
f 470/470/470 472/472/472 473/473/473
f 470/470/470 474/474/474 472/472/472
f 471/471/471 475/475/475 476/476/476
f 471/471/471 468/468/468 477/477/477
f 471/471/471 476/476/476 478/478/478
f 312/312/312 313/313/313 308/308/308
f 312/312/312 479/479/479 315/315/315
f 479/479/479 312/312/312 480/480/480
f 479/479/479 481/481/481 482/482/482
f 315/315/315 482/482/482 483/483/483
f 315/315/315 484/484/484 313/313/313
f 480/480/480 485/485/485 486/486/486
f 480/480/480 311/311/311 485/485/485
f 480/480/480 487/487/487 479/479/479
f 488/488/488 489/489/489 490/490/490
f 488/488/488 491/491/491 489/489/489
f 491/491/491 181/181/181 489/489/489
f 489/489/489 184/184/184 492/492/492
f 490/490/490 492/492/492 493/493/493
f 104/104/104 494/494/494 98/98/98
f 495/495/495 496/496/496 497/497/497
f 496/496/496 498/498/498 499/499/499
f 497/497/497 500/500/500 501/501/501
f 497/497/497 502/502/502 495/495/495
f 502/502/502 503/503/503 504/504/504
f 502/502/502 501/501/501 505/505/505
f 158/158/158 157/157/157 259/259/259
f 158/158/158 155/155/155 154/154/154
f 159/159/159 156/156/156 155/155/155
f 159/159/159 255/255/255 250/250/250
f 267/267/267 506/506/506 268/268/268
f 267/267/267 262/262/262 266/266/266
f 268/268/268 507/507/507 399/399/399
f 268/268/268 270/270/270 262/262/262
f 221/221/221 211/211/211 219/219/219
f 221/221/221 508/508/508 212/212/212
f 220/220/220 509/509/509 510/510/510
f 220/220/220 510/510/510 221/221/221
f 511/511/511 512/512/512 513/513/513
f 511/511/511 514/514/514 515/515/515
f 511/511/511 516/516/516 517/517/517
f 514/514/514 518/518/518 515/515/515
f 515/515/515 519/519/519 512/512/512
f 518/518/518 520/520/520 515/515/515
f 521/521/521 522/522/522 523/523/523
f 522/522/522 524/524/524 525/525/525
f 522/522/522 521/521/521 526/526/526
f 523/523/523 522/522/522 525/525/525
f 523/523/523 525/525/525 527/527/527
f 525/525/525 524/524/524 528/528/528
f 529/529/529 473/473/473 530/530/530
f 529/529/529 466/466/466 470/470/470
f 529/529/529 470/470/470 473/473/473
f 531/531/531 532/532/532 533/533/533
f 532/532/532 534/534/534 535/535/535
f 532/532/532 531/531/531 536/536/536
f 533/533/533 537/537/537 538/538/538
f 533/533/533 532/532/532 537/537/537
f 536/536/536 534/534/534 532/532/532
f 539/539/539 540/540/540 541/541/541
f 539/539/539 542/542/542 543/543/543
f 542/542/542 544/544/544 545/545/545
f 542/542/542 539/539/539 541/541/541
f 543/543/543 546/546/546 539/539/539
f 543/543/543 542/542/542 331/331/331
f 541/541/541 544/544/544 542/542/542
f 541/541/541 547/547/547 548/548/548
f 549/549/549 550/550/550 551/551/551
f 550/550/550 552/552/552 553/553/553
f 550/550/550 549/549/549 554/554/554
f 551/551/551 555/555/555 556/556/556
f 551/551/551 553/553/553 557/557/557
f 551/551/551 558/558/558 549/549/549
f 554/554/554 559/559/559 550/550/550
f 560/560/560 561/561/561 562/562/562
f 561/561/561 560/560/560 563/563/563
f 561/561/561 564/564/564 565/565/565
f 562/562/562 561/561/561 566/566/566
f 563/563/563 560/560/560 567/567/567
f 568/568/568 569/569/569 134/134/134
f 568/568/568 134/134/134 105/105/105
f 570/570/570 571/571/571 572/572/572
f 570/570/570 572/572/572 573/573/573
f 571/571/571 574/574/574 572/572/572
f 572/572/572 575/575/575 576/576/576
f 573/573/573 576/576/576 577/577/577
f 573/573/573 578/578/578 579/579/579
f 573/573/573 579/579/579 580/580/580
f 581/581/581 535/535/535 534/534/534
f 581/581/581 582/582/582 535/535/535
f 582/582/582 581/581/581 583/583/583
f 582/582/582 584/584/584 585/585/585
f 535/535/535 537/537/537 532/532/532
f 535/535/535 585/585/585 537/537/537
f 583/583/583 586/586/586 582/582/582
f 583/583/583 587/587/587 588/588/588
f 589/589/589 590/590/590 591/591/591
f 589/589/589 592/592/592 593/593/593
f 589/589/589 594/594/594 595/595/595
f 592/592/592 589/589/589 591/591/591
f 593/593/593 596/596/596 597/597/597
f 593/593/593 594/594/594 589/589/589
f 591/591/591 598/598/598 592/592/592
f 591/591/591 599/599/599 600/600/600
f 601/601/601 524/524/524 602/602/602
f 524/524/524 522/522/522 603/603/603
f 524/524/524 604/604/604 528/528/528
f 602/602/602 605/605/605 606/606/606
f 602/602/602 607/607/607 601/601/601
f 607/607/607 608/608/608 601/601/601
f 607/607/607 602/602/602 609/609/609
f 607/607/607 609/609/609 610/610/610
f 397/397/397 392/392/392 395/395/395
f 395/395/395 391/391/391 611/611/611
f 398/398/398 600/600/600 396/396/396
f 398/398/398 612/612/612 598/598/598
f 611/611/611 399/399/399 507/507/507
f 613/613/613 614/614/614 615/615/615
f 613/613/613 616/616/616 617/617/617
f 613/613/613 617/617/617 618/618/618
f 614/614/614 619/619/619 615/615/615
f 614/614/614 613/613/613 618/618/618
f 615/615/615 565/565/565 613/613/613
f 615/615/615 566/566/566 561/561/561
f 618/618/618 620/620/620 614/614/614
f 618/618/618 617/617/617 621/621/621
f 576/576/576 573/573/573 572/572/572
f 576/576/576 622/622/622 577/577/577
f 577/577/577 623/623/623 578/578/578
f 423/423/423 624/624/624 421/421/421
f 423/423/423 434/434/434 433/433/433
f 624/624/624 423/423/423 433/433/433
f 624/624/624 436/436/436 625/625/625
f 624/624/624 626/626/626 421/421/421
f 421/421/421 356/356/356 423/423/423
f 421/421/421 426/426/426 416/416/416
f 433/433/433 436/436/436 624/624/624
f 433/433/433 432/432/432 436/436/436
f 323/323/323 320/320/320 627/627/627
f 546/546/546 628/628/628 539/539/539
f 546/546/546 543/543/543 629/629/629
f 546/546/546 629/629/629 630/630/630
f 546/546/546 630/630/630 631/631/631
f 629/629/629 543/543/543 330/330/330
f 632/632/632 633/633/633 634/634/634
f 633/633/633 632/632/632 635/635/635
f 634/634/634 636/636/636 637/637/637
f 634/634/634 637/637/637 632/632/632
f 634/634/634 638/638/638 639/639/639
f 171/171/171 169/169/169 101/101/101
f 171/171/171 640/640/640 169/169/169
f 171/171/171 641/641/641 640/640/640
f 641/641/641 642/642/642 640/640/640
f 641/641/641 643/643/643 644/644/644
f 640/640/640 645/645/645 172/172/172
f 603/603/603 602/602/602 524/524/524
f 603/603/603 526/526/526 605/605/605
f 646/646/646 120/120/120 647/647/647
f 646/646/646 648/648/648 649/649/649
f 648/648/648 646/646/646 647/647/647
f 647/647/647 650/650/650 648/648/648
f 348/348/348 651/651/651 345/345/345
f 348/348/348 352/352/352 652/652/652
f 348/348/348 653/653/653 654/654/654
f 653/653/653 348/348/348 652/652/652
f 654/654/654 655/655/655 348/348/348
f 652/652/652 656/656/656 657/657/657
f 652/652/652 658/658/658 653/653/653
f 659/659/659 152/152/152 660/660/660
f 659/659/659 661/661/661 152/152/152
f 659/659/659 125/125/125 661/661/661
f 661/661/661 130/130/130 140/140/140
f 661/661/661 145/145/145 152/152/152
f 661/661/661 140/140/140 145/145/145
f 152/152/152 148/148/148 662/662/662
f 660/660/660 662/662/662 663/663/663
f 664/664/664 665/665/665 666/666/666
f 664/664/664 667/667/667 668/668/668
f 665/665/665 669/669/669 670/670/670
f 665/665/665 664/664/664 669/669/669
f 665/665/665 670/670/670 671/671/671
f 666/666/666 671/671/671 672/672/672
f 669/669/669 493/493/493 673/673/673
f 368/368/368 342/342/342 674/674/674
f 368/368/368 339/339/339 338/338/338
f 342/342/342 368/368/368 338/338/338
f 342/342/342 675/675/675 674/674/674
f 674/674/674 411/411/411 368/368/368
f 674/674/674 386/386/386 389/389/389
f 338/338/338 299/299/299 342/342/342
f 338/338/338 291/291/291 292/292/292
f 321/321/321 319/319/319 323/323/323
f 257/257/257 252/252/252 319/319/319
f 257/257/257 676/676/676 238/238/238
f 442/442/442 445/445/445 677/677/677
f 678/678/678 679/679/679 680/680/680
f 679/679/679 681/681/681 682/682/682
f 679/679/679 678/678/678 683/683/683
f 680/680/680 684/684/684 685/685/685
f 683/683/683 686/686/686 687/687/687
f 688/688/688 689/689/689 690/690/690
f 689/689/689 688/688/688 691/691/691
f 689/689/689 443/443/443 692/692/692
f 690/690/690 692/692/692 693/693/693
f 691/691/691 694/694/694 625/625/625
f 691/691/691 446/446/446 689/689/689
f 695/695/695 696/696/696 697/697/697
f 695/695/695 698/698/698 699/699/699
f 696/696/696 695/695/695 699/699/699
f 697/697/697 187/187/187 695/695/695
f 699/699/699 700/700/700 696/696/696
f 699/699/699 701/701/701 702/702/702
f 703/703/703 704/704/704 705/705/705
f 703/703/703 705/705/705 706/706/706
f 703/703/703 707/707/707 704/704/704
f 707/707/707 708/708/708 709/709/709
f 707/707/707 703/703/703 710/710/710
f 704/704/704 707/707/707 711/711/711
f 710/710/710 712/712/712 713/713/713
f 710/710/710 703/703/703 714/714/714
f 710/710/710 715/715/715 707/707/707
f 716/716/716 717/717/717 718/718/718
f 717/717/717 644/644/644 643/643/643
f 717/717/717 716/716/716 719/719/719
f 717/717/717 643/643/643 237/237/237
f 717/717/717 720/720/720 721/721/721
f 718/718/718 237/237/237 722/722/722
f 719/719/719 723/723/723 720/720/720
f 719/719/719 724/724/724 725/725/725
f 726/726/726 727/727/727 728/728/728
f 726/726/726 729/729/729 730/730/730
f 729/729/729 731/731/731 732/732/732
f 729/729/729 726/726/726 728/728/728
f 730/730/730 732/732/732 733/733/733
f 730/730/730 734/734/734 726/726/726
f 728/728/728 735/735/735 736/736/736
f 728/728/728 737/737/737 729/729/729
f 362/362/362 364/364/364 361/361/361
f 362/362/362 325/325/325 431/431/431
f 325/325/325 288/288/288 258/258/258
f 325/325/325 362/362/362 286/286/286
f 431/431/431 325/325/325 260/260/260
f 286/286/286 288/288/288 325/325/325
f 286/286/286 361/361/361 280/280/280
f 249/249/249 126/126/126 244/244/244
f 249/249/249 246/246/246 738/738/738
f 249/249/249 92/92/92 91/91/91
f 126/126/126 249/249/249 91/91/91
f 126/126/126 739/739/739 244/244/244
f 244/244/244 242/242/242 249/249/249
f 244/244/244 740/740/740 245/245/245
f 91/91/91 112/112/112 126/126/126
f 91/91/91 89/89/89 107/107/107
f 741/741/741 742/742/742 743/743/743
f 742/742/742 716/716/716 718/718/718
f 742/742/742 741/741/741 744/744/744
f 742/742/742 718/718/718 722/722/722
f 742/742/742 724/724/724 716/716/716
f 743/743/743 722/722/722 745/745/745
f 744/744/744 746/746/746 724/724/724
f 744/744/744 747/747/747 748/748/748
f 749/749/749 750/750/750 751/751/751
f 750/750/750 749/749/749 752/752/752
f 751/751/751 753/753/753 754/754/754
f 752/752/752 755/755/755 756/756/756
f 752/752/752 757/757/757 758/758/758
f 759/759/759 760/760/760 761/761/761
f 759/759/759 762/762/762 763/763/763
f 762/762/762 764/764/764 765/765/765
f 762/762/762 759/759/759 766/766/766
f 763/763/763 767/767/767 768/768/768
f 763/763/763 769/769/769 760/760/760
f 766/766/766 595/595/595 594/594/594
f 766/766/766 770/770/770 764/764/764
f 125/125/125 112/112/112 130/130/130
f 125/125/125 130/130/130 661/661/661
f 771/771/771 772/772/772 773/773/773
f 772/772/772 774/774/774 775/775/775
f 772/772/772 771/771/771 776/776/776
f 773/773/773 777/777/777 778/778/778
f 776/776/776 779/779/779 774/774/774
f 776/776/776 780/780/780 781/781/781
f 782/782/782 783/783/783 784/784/784
f 783/783/783 785/785/785 784/784/784
f 783/783/783 782/782/782 786/786/786
f 786/786/786 787/787/787 462/462/462
f 786/786/786 782/782/782 787/787/787
f 786/786/786 788/788/788 783/783/783
f 760/760/760 789/789/789 761/761/761
f 760/760/760 759/759/759 763/763/763
f 789/789/789 790/790/790 761/761/761
f 761/761/761 790/790/790 791/791/791
f 761/761/761 595/595/595 759/759/759
f 790/790/790 792/792/792 791/791/791
f 793/793/793 794/794/794 795/795/795
f 794/794/794 796/796/796 795/795/795
f 794/794/794 797/797/797 796/796/796
f 795/795/795 798/798/798 799/799/799
f 796/796/796 217/217/217 798/798/798
f 374/374/374 427/427/427 408/408/408
f 374/374/374 375/375/375 370/370/370
f 373/373/373 372/372/372 379/379/379
f 373/373/373 419/419/419 427/427/427
f 408/408/408 427/427/427 420/420/420
f 408/408/408 800/800/800 404/404/404
f 799/799/799 216/216/216 801/801/801
f 216/216/216 217/217/217 214/214/214
f 216/216/216 799/799/799 798/798/798
f 216/216/216 213/213/213 802/802/802
f 798/798/798 795/795/795 796/796/796
f 396/396/396 392/392/392 398/398/398
f 396/396/396 803/803/803 390/390/390
f 804/804/804 757/757/757 805/805/805
f 757/757/757 752/752/752 756/756/756
f 757/757/757 804/804/804 758/758/758
f 805/805/805 806/806/806 807/807/807
f 758/758/758 750/750/750 752/752/752
f 758/758/758 808/808/808 809/809/809
f 810/810/810 811/811/811 812/812/812
f 811/811/811 813/813/813 812/812/812
f 811/811/811 810/810/810 814/814/814
f 812/812/812 578/578/578 623/623/623
f 812/812/812 815/815/815 810/810/810
f 814/814/814 477/477/477 811/811/811
f 565/565/565 616/616/616 613/613/613
f 565/565/565 615/615/615 561/561/561
f 739/739/739 126/126/126 125/125/125
f 739/739/739 125/125/125 659/659/659
f 816/816/816 817/817/817 818/818/818
f 816/816/816 200/200/200 819/819/819
f 200/200/200 190/190/190 198/198/198
f 200/200/200 816/816/816 193/193/193
f 819/819/819 198/198/198 820/820/820
f 819/819/819 821/821/821 817/817/817
f 819/819/819 817/817/817 816/816/816
f 193/193/193 816/816/816 822/822/822
f 193/193/193 188/188/188 200/200/200
f 806/806/806 805/805/805 757/757/757
f 806/806/806 756/756/756 823/823/823
f 756/756/756 824/824/824 823/823/823
f 756/756/756 806/806/806 757/757/757
f 823/823/823 825/825/825 222/222/222
f 823/823/823 226/226/226 806/806/806
f 226/226/226 807/807/807 806/806/806
f 226/226/226 823/823/823 222/222/222
f 820/820/820 821/821/821 819/819/819
f 820/820/820 826/826/826 827/827/827
f 826/826/826 820/820/820 828/828/828
f 828/828/828 198/198/198 197/197/197
f 341/341/341 299/299/299 303/303/303
f 341/341/341 343/343/343 829/829/829
f 829/829/829 675/675/675 341/341/341
f 430/430/430 429/429/429 378/378/378
f 430/430/430 360/360/360 359/359/359
f 378/378/378 372/372/372 380/380/380
f 378/378/378 409/409/409 430/430/430
f 409/409/409 388/388/388 430/430/430
f 409/409/409 378/378/378 380/380/380
f 830/830/830 831/831/831 832/832/832
f 830/830/830 833/833/833 834/834/834
f 833/833/833 832/832/832 835/835/835
f 833/833/833 836/836/836 837/837/837
f 834/834/834 838/838/838 830/830/830
f 837/837/837 839/839/839 840/840/840
f 837/837/837 841/841/841 834/834/834
f 837/837/837 834/834/834 833/833/833
f 842/842/842 177/177/177 843/843/843
f 842/842/842 843/843/843 844/844/844
f 177/177/177 845/845/845 843/843/843
f 177/177/177 175/175/175 845/845/845
f 844/844/844 846/846/846 847/847/847
f 626/626/626 624/624/624 848/848/848
f 465/465/465 461/461/461 849/849/849
f 465/465/465 850/850/850 459/459/459
f 465/465/465 851/851/851 852/852/852
f 849/849/849 851/851/851 465/465/465
f 733/733/733 702/702/702 701/701/701
f 733/733/733 700/700/700 702/702/702
f 700/700/700 699/699/699 702/702/702
f 853/853/853 700/700/700 733/733/733
f 198/198/198 828/828/828 820/820/820
f 198/198/198 819/819/819 200/200/200
f 197/197/197 190/190/190 199/199/199
f 854/854/854 734/734/734 855/855/855
f 734/734/734 847/847/847 846/846/846
f 734/734/734 846/846/846 855/855/855
f 734/734/734 854/854/854 726/726/726
f 734/734/734 730/730/730 701/701/701
f 856/856/856 857/857/857 858/858/858
f 857/857/857 856/856/856 859/859/859
f 858/858/858 860/860/860 856/856/856
f 858/858/858 861/861/861 862/862/862
f 859/859/859 863/863/863 864/864/864
f 865/865/865 552/552/552 866/866/866
f 865/865/865 553/553/553 552/552/552
f 865/865/865 867/867/867 868/868/868
f 553/553/553 551/551/551 550/550/550
f 552/552/552 550/550/550 559/559/559
f 866/866/866 737/737/737 736/736/736
f 866/866/866 869/869/869 865/865/865
f 870/870/870 871/871/871 599/599/599
f 870/870/870 872/872/872 873/873/873
f 870/870/870 873/873/873 874/874/874
f 872/872/872 599/599/599 590/590/590
f 875/875/875 876/876/876 877/877/877
f 875/875/875 687/687/687 876/876/876
f 875/875/875 878/878/878 681/681/681
f 687/687/687 879/879/879 876/876/876
f 876/876/876 880/880/880 881/881/881
f 877/877/877 882/882/882 875/875/875
f 877/877/877 876/876/876 881/881/881
f 877/877/877 881/881/881 639/639/639
f 493/493/493 668/668/668 490/490/490
f 493/493/493 669/669/669 664/664/664
f 668/668/668 493/493/493 664/664/664
f 668/668/668 883/883/883 884/884/884
f 885/885/885 886/886/886 887/887/887
f 885/885/885 888/888/888 889/889/889
f 886/886/886 890/890/890 891/891/891
f 886/886/886 885/885/885 890/890/890
f 886/886/886 892/892/892 887/887/887
f 887/887/887 893/893/893 894/894/894
f 890/890/890 885/885/885 895/895/895
f 896/896/896 897/897/897 898/898/898
f 896/896/896 899/899/899 900/900/900
f 896/896/896 901/901/901 902/902/902
f 899/899/899 903/903/903 904/904/904
f 899/899/899 904/904/904 900/900/900
f 899/899/899 896/896/896 905/905/905
f 899/899/899 906/906/906 907/907/907
f 900/900/900 908/908/908 897/897/897
f 905/905/905 902/902/902 909/909/909
f 352/352/352 348/348/348 347/347/347
f 352/352/352 910/910/910 656/656/656
f 264/264/264 261/261/261 263/263/263
f 265/265/265 273/273/273 261/261/261
f 265/265/265 264/264/264 911/911/911
f 265/265/265 912/912/912 913/913/913
f 850/850/850 914/914/914 464/464/464
f 850/850/850 464/464/464 459/459/459
f 850/850/850 465/465/465 915/915/915
f 850/850/850 915/915/915 916/916/916
f 914/914/914 850/850/850 788/788/788
f 914/914/914 462/462/462 464/464/464
f 914/914/914 786/786/786 462/462/462
f 658/658/658 652/652/652 657/657/657
f 6/6/6 156/156/156 917/917/917
f 411/411/411 674/674/674 389/389/389
f 411/411/411 369/369/369 368/368/368
f 389/389/389 410/410/410 411/411/411
f 389/389/389 385/385/385 384/384/384
f 403/403/403 371/371/371 400/400/400
f 403/403/403 369/369/369 376/376/376
f 918/918/918 919/919/919 920/920/920
f 918/918/918 921/921/921 922/922/922
f 918/918/918 920/920/920 923/923/923
f 918/918/918 923/923/923 924/924/924
f 920/920/920 925/925/925 923/923/923
f 923/923/923 925/925/925 926/926/926
f 923/923/923 926/926/926 924/924/924
f 924/924/924 927/927/927 921/921/921
f 928/928/928 929/929/929 930/930/930
f 929/929/929 931/931/931 930/930/930
f 930/930/930 931/931/931 932/932/932
f 931/931/931 933/933/933 932/932/932
f 494/494/494 104/104/104 934/934/934
f 934/934/934 135/135/135 935/935/935
f 936/936/936 588/588/588 937/937/937
f 936/936/936 937/937/937 938/938/938
f 938/938/938 939/939/939 936/936/936
f 753/753/753 751/751/751 750/750/750
f 671/671/671 666/666/666 665/665/665
f 672/672/672 667/667/667 666/666/666
f 672/672/672 671/671/671 940/940/940
f 720/720/720 941/941/941 721/721/721
f 720/720/720 717/717/717 719/719/719
f 941/941/941 720/720/720 942/942/942
f 941/941/941 943/943/943 644/644/644
f 721/721/721 941/941/941 644/644/644
f 942/942/942 723/723/723 944/944/944
f 767/767/767 763/763/763 762/762/762
f 767/767/767 765/765/765 945/945/945
f 768/768/768 946/946/946 769/769/769
f 947/947/947 948/948/948 949/949/949
f 947/947/947 950/950/950 948/948/948
f 949/949/949 930/930/930 932/932/932
f 949/949/949 932/932/932 947/947/947
f 951/951/951 949/949/949 948/948/948
f 847/847/847 734/734/734 698/698/698
f 847/847/847 842/842/842 844/844/844
f 698/698/698 695/695/695 952/952/952
f 698/698/698 952/952/952 847/847/847
f 701/701/701 699/699/699 698/698/698
f 701/701/701 698/698/698 734/734/734
f 701/701/701 730/730/730 733/733/733
f 953/953/953 954/954/954 35/35/35
f 953/953/953 35/35/35 955/955/955
f 953/953/953 955/955/955 956/956/956
f 35/35/35 957/957/957 36/36/36
f 35/35/35 34/34/34 958/958/958
f 955/955/955 958/958/958 20/20/20
f 955/955/955 19/19/19 959/959/959
f 958/958/958 955/955/955 35/35/35
f 958/958/958 34/34/34 20/20/20
f 960/960/960 961/961/961 673/673/673
f 960/960/960 184/184/184 183/183/183
f 961/961/961 960/960/960 962/962/962
f 673/673/673 963/963/963 669/669/669
f 673/673/673 492/492/492 960/960/960
f 962/962/962 183/183/183 964/964/964
f 965/965/965 499/499/499 966/966/966
f 965/965/965 230/230/230 229/229/229
f 230/230/230 966/966/966 227/227/227
f 229/229/229 967/967/967 965/965/965
f 229/229/229 224/224/224 223/223/223
f 967/967/967 500/500/500 965/965/965
f 967/967/967 968/968/968 500/500/500
f 639/639/639 636/636/636 634/634/634
f 639/639/639 969/969/969 877/877/877
f 639/639/639 881/881/881 636/636/636
f 969/969/969 639/639/639 638/638/638
f 638/638/638 634/634/634 633/633/633
f 802/802/802 801/801/801 216/216/216
f 213/213/213 212/212/212 970/970/970
f 213/213/213 214/214/214 211/211/211
f 507/507/507 268/268/268 506/506/506
f 506/506/506 267/267/267 971/971/971
f 399/399/399 611/611/611 391/391/391
f 399/399/399 394/394/394 270/270/270
f 161/161/161 972/972/972 162/162/162
f 161/161/161 160/160/160 164/164/164
f 351/351/351 344/344/344 350/350/350
f 351/351/351 350/350/350 973/973/973
f 351/351/351 347/347/347 344/344/344
f 350/350/350 346/346/346 974/974/974
f 973/973/973 975/975/975 351/351/351
f 166/166/166 779/779/779 161/161/161
f 166/166/166 164/164/164 168/168/168
f 168/168/168 976/976/976 166/166/166
f 168/168/168 977/977/977 978/978/978
f 979/979/979 980/980/980 981/981/981
f 979/979/979 982/982/982 983/983/983
f 982/982/982 984/984/984 985/985/985
f 982/982/982 979/979/979 981/981/981
f 983/983/983 982/982/982 986/986/986
f 983/983/983 987/987/987 979/979/979
f 981/981/981 984/984/984 982/982/982
f 988/988/988 989/989/989 867/867/867
f 989/989/989 988/988/988 990/990/990
f 989/989/989 555/555/555 557/557/557
f 989/989/989 557/557/557 868/868/868
f 989/989/989 868/868/868 867/867/867
f 989/989/989 991/991/991 555/555/555
f 867/867/867 865/865/865 869/869/869
f 868/868/868 557/557/557 553/553/553
f 868/868/868 553/553/553 865/865/865
f 992/992/992 993/993/993 994/994/994
f 992/992/992 995/995/995 996/996/996
f 992/992/992 996/996/996 997/997/997
f 993/993/993 998/998/998 999/999/999
f 993/993/993 992/992/992 1000/1000/1000
f 993/993/993 1001/1001/1001 998/998/998
f 994/994/994 472/472/472 474/474/474
f 994/994/994 1002/1002/1002 995/995/995
f 1000/1000/1000 992/992/992 1003/1003/1003
f 917/917/917 238/238/238 676/676/676
f 797/797/797 794/794/794 1004/1004/1004
f 797/797/797 218/218/218 217/217/217
f 218/218/218 797/797/797 1005/1005/1005
f 217/217/217 216/216/216 798/798/798
f 217/217/217 796/796/796 797/797/797
f 217/217/217 215/215/215 214/214/214
f 1005/1005/1005 1004/1004/1004 1006/1006/1006
f 241/241/241 285/285/285 248/248/248
f 241/241/241 248/248/248 239/239/239
f 248/248/248 363/363/363 1007/1007/1007
f 248/248/248 1007/1007/1007 246/246/246
f 825/825/825 823/823/823 824/824/824
f 824/824/824 756/756/756 755/755/755
f 307/307/307 1008/1008/1008 316/316/316
f 1008/1008/1008 307/307/307 1009/1009/1009
f 316/316/316 304/304/304 307/307/307
f 1009/1009/1009 663/663/663 1008/1008/1008
f 379/379/379 419/419/419 373/373/373
f 379/379/379 429/429/429 428/428/428
f 428/428/428 357/357/357 419/419/419
f 1010/1010/1010 831/831/831 1011/1011/1011
f 1010/1010/1010 1011/1011/1011 1012/1012/1012
f 1011/1011/1011 830/830/830 838/838/838
f 1012/1012/1012 1013/1013/1013 1010/1010/1010
f 838/838/838 1012/1012/1012 1011/1011/1011
f 838/838/838 834/834/834 841/841/841
f 662/662/662 660/660/660 152/152/152
f 663/663/663 1009/1009/1009 660/660/660
f 472/472/472 999/999/999 473/473/473
f 472/472/472 993/993/993 999/999/999
f 472/472/472 994/994/994 993/993/993
f 999/999/999 1014/1014/1014 473/473/473
f 998/998/998 1014/1014/1014 999/999/999
f 966/966/966 230/230/230 965/965/965
f 966/966/966 499/499/499 498/498/498
f 227/227/227 966/966/966 1015/1015/1015
f 227/227/227 224/224/224 230/230/230
f 227/227/227 1016/1016/1016 228/228/228
f 293/293/293 247/247/247 296/296/296
f 293/293/293 290/290/290 240/240/240
f 894/894/894 885/885/885 887/887/887
f 894/894/894 1017/1017/1017 1018/1018/1018
f 1019/1019/1019 1018/1018/1018 1020/1020/1020
f 1019/1019/1019 1021/1021/1021 888/888/888
f 1019/1019/1019 885/885/885 894/894/894
f 436/436/436 435/435/435 625/625/625
f 435/435/435 446/446/446 691/691/691
f 625/625/625 435/435/435 691/691/691
f 1022/1022/1022 1023/1023/1023 1024/1024/1024
f 1022/1022/1022 1025/1025/1025 1023/1023/1023
f 1025/1025/1025 1026/1026/1026 1027/1027/1027
f 1025/1025/1025 1022/1022/1022 1028/1028/1028
f 1023/1023/1023 1027/1027/1027 831/831/831
f 1028/1028/1028 1029/1029/1029 1030/1030/1030
f 808/808/808 758/758/758 804/804/804
f 809/809/809 753/753/753 750/750/750
f 809/809/809 750/750/750 758/758/758
f 46/46/46 33/33/33 51/51/51
f 46/46/46 365/365/365 1031/1031/1031
f 47/47/47 154/154/154 14/14/14
f 47/47/47 1031/1031/1031 157/157/157
f 599/599/599 591/591/591 590/590/590
f 599/599/599 872/872/872 870/870/870
f 590/590/590 791/791/791 872/872/872
f 590/590/590 589/589/589 595/595/595
f 600/600/600 398/398/398 598/598/598
f 600/600/600 871/871/871 396/396/396
f 1032/1032/1032 1033/1033/1033 1034/1034/1034
f 1033/1033/1033 1032/1032/1032 568/568/568
f 1034/1034/1034 1035/1035/1035 1032/1032/1032
f 791/791/791 590/590/590 595/595/595
f 791/791/791 792/792/792 872/872/872
f 792/792/792 873/873/873 872/872/872
f 1036/1036/1036 764/764/764 1037/1037/1037
f 1036/1036/1036 765/765/765 764/764/764
f 765/765/765 767/767/767 762/762/762
f 764/764/764 762/762/762 766/766/766
f 1038/1038/1038 1039/1039/1039 765/765/765
f 1038/1038/1038 765/765/765 1036/1036/1036
f 777/777/777 775/775/775 1040/1040/1040
f 777/777/777 1041/1041/1041 778/778/778
f 777/777/777 773/773/773 772/772/772
f 644/644/644 943/943/943 641/641/641
f 644/644/644 717/717/717 721/721/721
f 943/943/943 642/642/642 641/641/641
f 642/642/642 1042/1042/1042 640/640/640
f 908/908/908 1043/1043/1043 897/897/897
f 908/908/908 900/900/900 1044/1044/1044
f 908/908/908 1045/1045/1045 1046/1046/1046
f 908/908/908 1044/1044/1044 1045/1045/1045
f 1043/1043/1043 898/898/898 897/897/897
f 1043/1043/1043 908/908/908 1046/1046/1046
f 897/897/897 896/896/896 900/900/900
f 1047/1047/1047 182/182/182 181/181/181
f 182/182/182 1047/1047/1047 1048/1048/1048
f 181/181/181 174/174/174 184/184/184
f 181/181/181 491/491/491 1047/1047/1047
f 580/580/580 570/570/570 573/573/573
f 579/579/579 1049/1049/1049 1050/1050/1050
f 579/579/579 813/813/813 1049/1049/1049
f 595/595/595 761/761/761 791/791/791
f 595/595/595 766/766/766 759/759/759
f 336/336/336 324/324/324 289/289/289
f 336/336/336 367/367/367 337/337/337
f 367/367/367 402/402/402 413/413/413
f 367/367/367 336/336/336 340/340/340
f 337/337/337 1051/1051/1051 322/322/322
f 337/337/337 367/367/367 413/413/413
f 413/413/413 1052/1052/1052 337/337/337
f 413/413/413 402/402/402 406/406/406
f 878/878/878 875/875/875 882/882/882
f 681/681/681 1053/1053/1053 682/682/682
f 681/681/681 683/683/683 687/687/687
f 681/681/681 687/687/687 875/875/875
f 681/681/681 679/679/679 683/683/683
f 882/882/882 877/877/877 969/969/969
f 247/247/247 297/297/297 296/296/296
f 247/247/247 293/293/293 243/243/243
f 740/740/740 244/244/244 739/739/739
f 740/740/740 739/739/739 1054/1054/1054
f 245/245/245 301/301/301 247/247/247
f 245/245/245 243/243/243 242/242/242
f 498/498/498 1015/1015/1015 966/966/966
f 499/499/499 965/965/965 500/500/500
f 499/499/499 497/497/497 496/496/496
f 271/271/271 394/394/394 393/393/393
f 271/271/271 1055/1055/1055 269/269/269
f 1055/1055/1055 271/271/271 393/393/393
f 1055/1055/1055 1056/1056/1056 1057/1057/1057
f 269/269/269 1055/1055/1055 1058/1058/1058
f 269/269/269 911/911/911 264/264/264
f 269/269/269 263/263/263 271/271/271
f 393/393/393 390/390/390 803/803/803
f 393/393/393 1056/1056/1056 1055/1055/1055
f 738/738/738 246/246/246 1007/1007/1007
f 1054/1054/1054 659/659/659 660/660/660
f 1054/1054/1054 660/660/660 1009/1009/1009
f 1054/1054/1054 739/739/739 659/659/659
f 1059/1059/1059 485/485/485 311/311/311
f 1059/1059/1059 314/314/314 1060/1060/1060
f 314/314/314 310/310/310 1061/1061/1061
f 314/314/314 1059/1059/1059 311/311/311
f 311/311/311 480/480/480 312/312/312
f 311/311/311 308/308/308 314/314/314
f 727/727/727 726/726/726 854/854/854
f 1044/1044/1044 900/900/900 904/904/904
f 785/785/785 783/783/783 1062/1062/1062
f 1062/1062/1062 788/788/788 1063/1063/1063
f 422/422/422 353/353/353 440/440/440
f 422/422/422 356/356/356 353/353/353
f 440/440/440 353/353/353 355/355/355
f 384/384/384 381/381/381 409/409/409
f 384/384/384 380/380/380 410/410/410
f 682/682/682 684/684/684 679/679/679
f 682/682/682 1064/1064/1064 1065/1065/1065
f 1064/1064/1064 682/682/682 1053/1053/1053
f 1064/1064/1064 1066/1066/1066 1067/1067/1067
f 1065/1065/1065 1068/1068/1068 684/684/684
f 1053/1053/1053 681/681/681 878/878/878
f 1069/1069/1069 1070/1070/1070 1071/1071/1071
f 1069/1069/1069 1006/1006/1006 1004/1004/1004
f 1006/1006/1006 1069/1069/1069 1072/1072/1072
f 1004/1004/1004 1073/1073/1073 1069/1069/1069
f 1004/1004/1004 1005/1005/1005 797/797/797
f 1072/1072/1072 1071/1071/1071 1074/1074/1074
f 505/505/505 503/503/503 502/502/502
f 505/505/505 1075/1075/1075 928/928/928
f 1075/1075/1075 929/929/929 928/928/928
f 724/724/724 742/742/742 744/744/744
f 724/724/724 719/719/719 716/716/716
f 724/724/724 746/746/746 1076/1076/1076
f 540/540/540 539/539/539 628/628/628
f 628/628/628 546/546/546 631/631/631
f 1077/1077/1077 75/75/75 1078/1078/1078
f 75/75/75 72/72/72 1079/1079/1079
f 75/75/75 1077/1077/1077 69/69/69
f 1078/1078/1078 75/75/75 1080/1080/1080
f 1068/1068/1068 1081/1081/1081 1082/1082/1082
f 1068/1068/1068 1083/1083/1083 1081/1081/1081
f 1068/1068/1068 1065/1065/1065 1067/1067/1067
f 1083/1083/1083 513/513/513 1084/1084/1084
f 1083/1083/1083 1084/1084/1084 1081/1081/1081
f 1083/1083/1083 1067/1067/1067 516/516/516
f 1082/1082/1082 685/685/685 684/684/684
f 1085/1085/1085 521/521/521 1086/1086/1086
f 1085/1085/1085 526/526/526 521/521/521
f 526/526/526 1087/1087/1087 1088/1088/1088
f 526/526/526 603/603/603 522/522/522
f 526/526/526 1085/1085/1085 1087/1087/1087
f 1089/1089/1089 1090/1090/1090 1091/1091/1091
f 1089/1089/1089 1092/1092/1092 1093/1093/1093
f 1090/1090/1090 1094/1094/1094 1095/1095/1095
f 1090/1090/1090 1089/1089/1089 1093/1093/1093
f 1090/1090/1090 1096/1096/1096 1094/1094/1094
f 1091/1091/1091 1097/1097/1097 1089/1089/1089
f 1091/1091/1091 1095/1095/1095 1098/1098/1098
f 1093/1093/1093 1096/1096/1096 1090/1090/1090
f 1093/1093/1093 1099/1099/1099 1100/1100/1100
f 737/737/737 728/728/728 736/736/736
f 737/737/737 559/559/559 731/731/731
f 737/737/737 866/866/866 552/552/552
f 736/736/736 1101/1101/1101 866/866/866
f 184/184/184 960/960/960 492/492/492
f 184/184/184 489/489/489 181/181/181
f 376/376/376 410/410/410 377/377/377
f 376/376/376 371/371/371 403/403/403
f 386/386/386 382/382/382 385/385/385
f 386/386/386 674/674/674 675/675/675
f 387/387/387 675/675/675 1102/1102/1102
f 1007/1007/1007 80/80/80 79/79/79
f 1007/1007/1007 92/92/92 738/738/738
f 1001/1001/1001 993/993/993 1000/1000/1000
f 1001/1001/1001 1103/1103/1103 998/998/998
f 1001/1001/1001 1000/1000/1000 1104/1104/1104
f 1105/1105/1105 1106/1106/1106 1040/1040/1040
f 1105/1105/1105 978/978/978 1107/1107/1107
f 1105/1105/1105 775/775/775 976/976/976
f 978/978/978 1108/1108/1108 1107/1107/1107
f 978/978/978 1105/1105/1105 976/976/976
f 1107/1107/1107 1106/1106/1106 1105/1105/1105
f 976/976/976 168/168/168 978/978/978
f 976/976/976 774/774/774 166/166/166
f 1079/1079/1079 72/72/72 77/77/77
f 1079/1079/1079 520/520/520 75/75/75
f 623/623/623 577/577/577 622/622/622
f 623/623/623 1109/1109/1109 815/815/815
f 578/578/578 573/573/573 577/577/577
f 578/578/578 812/812/812 813/813/813
f 622/622/622 576/576/576 1110/1110/1110
f 1111/1111/1111 891/891/891 1112/1112/1112
f 891/891/891 1111/1111/1111 886/886/886
f 891/891/891 1113/1113/1113 1114/1114/1114
f 1112/1112/1112 891/891/891 1115/1115/1115
f 1116/1116/1116 1098/1098/1098 1117/1117/1117
f 1098/1098/1098 1095/1095/1095 1118/1118/1118
f 1098/1098/1098 1119/1119/1119 1117/1117/1117
f 1098/1098/1098 1116/1116/1116 1091/1091/1091
f 1117/1117/1117 1119/1119/1119 1120/1120/1120
f 1021/1021/1021 1019/1019/1019 1020/1020/1020
f 1021/1021/1021 1121/1121/1121 888/888/888
f 888/888/888 885/885/885 1019/1019/1019
f 1020/1020/1020 1122/1122/1122 1021/1021/1021
f 1020/1020/1020 1123/1123/1123 1124/1124/1124
f 534/534/534 1125/1125/1125 581/581/581
f 534/534/534 536/536/536 1126/1126/1126
f 587/587/587 583/583/583 581/581/581
f 587/587/587 581/581/581 1125/1125/1125
f 775/775/775 1105/1105/1105 1040/1040/1040
f 775/775/775 777/777/777 772/772/772
f 1040/1040/1040 1041/1041/1041 777/777/777
f 803/803/803 396/396/396 871/871/871
f 803/803/803 1127/1127/1127 1056/1056/1056
f 871/871/871 600/600/600 599/599/599
f 871/871/871 870/870/870 1127/1127/1127
f 369/369/369 403/403/403 366/366/366
f 369/369/369 411/411/411 376/376/376
f 643/643/643 641/641/641 171/171/171
f 971/971/971 272/272/272 1128/1128/1128
f 157/157/157 158/158/158 154/154/154
f 259/259/259 255/255/255 158/158/158
f 259/259/259 157/157/157 1031/1031/1031
f 1031/1031/1031 47/47/47 46/46/46
f 1031/1031/1031 431/431/431 259/259/259
f 1031/1031/1031 362/362/362 431/431/431
f 815/815/815 812/812/812 623/623/623
f 1129/1129/1129 970/970/970 212/212/212
f 970/970/970 802/802/802 213/213/213
f 212/212/212 508/508/508 1129/1129/1129
f 212/212/212 211/211/211 221/221/221
f 508/508/508 221/221/221 510/510/510
f 508/508/508 1130/1130/1130 1131/1131/1131
f 932/932/932 933/933/933 204/204/204
f 932/932/932 208/208/208 947/947/947
f 933/933/933 205/205/205 204/204/204
f 881/881/881 1132/1132/1132 636/636/636
f 636/636/636 1133/1133/1133 637/637/637
f 598/598/598 591/591/591 600/600/600
f 598/598/598 596/596/596 592/592/592
f 596/596/596 593/593/593 592/592/592
f 596/596/596 598/598/598 612/612/612
f 612/612/612 398/398/398 397/397/397
f 1131/1131/1131 1130/1130/1130 621/621/621
f 1131/1131/1131 1129/1129/1129 508/508/508
f 1130/1130/1130 510/510/510 620/620/620
f 1130/1130/1130 618/618/618 621/621/621
f 138/138/138 1134/1134/1134 1135/1135/1135
f 138/138/138 134/134/134 569/569/569
f 569/569/569 568/568/568 1032/1032/1032
f 586/586/586 583/583/583 936/936/936
f 586/586/586 936/936/936 939/939/939
f 586/586/586 1136/1136/1136 584/584/584
f 586/586/586 939/939/939 1137/1137/1137
f 1136/1136/1136 1138/1138/1138 584/584/584
f 1136/1136/1136 586/586/586 1137/1137/1137
f 584/584/584 582/582/582 586/586/586
f 779/779/779 776/776/776 781/781/781
f 779/779/779 166/166/166 774/774/774
f 774/774/774 772/772/772 776/776/776
f 774/774/774 976/976/976 775/775/775
f 818/818/818 822/822/822 816/816/816
f 1139/1139/1139 818/818/818 817/817/817
f 723/723/723 725/725/725 1076/1076/1076
f 723/723/723 719/719/719 725/725/725
f 723/723/723 942/942/942 720/720/720
f 944/944/944 1140/1140/1140 1141/1141/1141
f 1142/1142/1142 1143/1143/1143 1144/1144/1144
f 1142/1142/1142 1145/1145/1145 1146/1146/1146
f 1143/1143/1143 1142/1142/1142 1147/1147/1147
f 1144/1144/1144 1145/1145/1145 1142/1142/1142
f 1147/1147/1147 1142/1142/1142 1148/1148/1148
f 1149/1149/1149 983/983/983 986/986/986
f 986/986/986 1150/1150/1150 1151/1151/1151
f 986/986/986 1152/1152/1152 1153/1153/1153
f 986/986/986 1153/1153/1153 1149/1149/1149
f 1153/1153/1153 1152/1152/1152 1154/1154/1154
f 1153/1153/1153 1154/1154/1154 1149/1149/1149
f 25/25/25 23/23/23 18/18/18
f 25/25/25 20/20/20 38/38/38
f 20/20/20 25/25/25 18/18/18
f 20/20/20 19/19/19 955/955/955
f 715/715/715 1155/1155/1155 708/708/708
f 715/715/715 710/710/710 713/713/713
f 713/713/713 1156/1156/1156 715/715/715
f 713/713/713 1157/1157/1157 1158/1158/1158
f 1159/1159/1159 208/208/208 207/207/207
f 1159/1159/1159 207/207/207 1160/1160/1160
f 208/208/208 932/932/932 204/204/204
f 208/208/208 1159/1159/1159 950/950/950
f 208/208/208 950/950/950 947/947/947
f 207/207/207 206/206/206 1161/1161/1161
f 207/207/207 204/204/204 206/206/206
f 412/412/412 406/406/406 405/405/405
f 405/405/405 401/401/401 407/407/407
f 365/365/365 362/362/362 1031/1031/1031
f 365/365/365 64/64/64 364/364/364
f 185/185/185 180/180/180 187/187/187
f 178/178/178 176/176/176 180/180/180
f 187/187/187 952/952/952 695/695/695
f 187/187/187 697/697/697 185/185/185
f 1162/1162/1162 731/731/731 559/559/559
f 731/731/731 729/729/729 737/737/737
f 731/731/731 1163/1163/1163 732/732/732
f 731/731/731 1162/1162/1162 1164/1164/1164
f 559/559/559 737/737/737 552/552/552
f 559/559/559 554/554/554 1162/1162/1162
f 1164/1164/1164 1163/1163/1163 731/731/731
f 183/183/183 176/176/176 964/964/964
f 183/183/183 962/962/962 960/960/960
f 183/183/183 174/174/174 176/176/176
f 964/964/964 176/176/176 179/179/179
f 1049/1049/1049 1165/1165/1165 1166/1166/1166
f 1049/1049/1049 1166/1166/1166 1167/1167/1167
f 1165/1165/1165 1049/1049/1049 813/813/813
f 1165/1165/1165 477/477/477 468/468/468
f 1166/1166/1166 468/468/468 467/467/467
f 813/813/813 811/811/811 1165/1165/1165
f 813/813/813 579/579/579 578/578/578
f 487/487/487 480/480/480 486/486/486
f 486/486/486 485/485/485 1168/1168/1168
f 1169/1169/1169 1170/1170/1170 1060/1060/1060
f 1169/1169/1169 1171/1171/1171 1170/1170/1170
f 1170/1170/1170 1172/1172/1172 1059/1059/1059
f 1170/1170/1170 1059/1059/1059 1060/1060/1060
f 1171/1171/1171 1173/1173/1173 1174/1174/1174
f 1171/1171/1171 1174/1174/1174 1170/1170/1170
f 1172/1172/1172 1175/1175/1175 1059/1059/1059
f 1175/1175/1175 1176/1176/1176 1177/1177/1177
f 1175/1175/1175 1172/1172/1172 1178/1178/1178
f 1178/1178/1178 1179/1179/1179 1176/1176/1176
f 1178/1178/1178 1180/1180/1180 1181/1181/1181
f 712/712/712 710/710/710 714/714/714
f 170/170/170 233/233/233 235/235/235
f 170/170/170 237/237/237 643/643/643
f 170/170/170 643/643/643 171/171/171
f 170/170/170 97/97/97 233/233/233
f 97/97/97 236/236/236 233/233/233
f 97/97/97 170/170/170 101/101/101
f 912/912/912 265/265/265 1182/1182/1182
f 913/913/913 1076/1076/1076 273/273/273
f 913/913/913 1141/1141/1141 1140/1140/1140
f 446/446/446 443/443/443 689/689/689
f 301/301/301 740/740/740 306/306/306
f 301/301/301 245/245/245 740/740/740
f 306/306/306 740/740/740 1054/1054/1054
f 306/306/306 1009/1009/1009 307/307/307
f 306/306/306 1054/1054/1054 1009/1009/1009
f 836/836/836 833/833/833 1183/1183/1183
f 839/839/839 837/837/837 836/836/836
f 1080/1080/1080 75/75/75 520/520/520
f 1080/1080/1080 520/520/520 518/518/518
f 520/520/520 1079/1079/1079 519/519/519
f 519/519/519 515/515/515 520/520/520
f 519/519/519 1079/1079/1079 1184/1184/1184
f 512/512/512 519/519/519 1185/1185/1185
f 512/512/512 511/511/511 515/515/515
f 194/194/194 193/193/193 1186/1186/1186
f 1186/1186/1186 1187/1187/1187 194/194/194
f 822/822/822 1186/1186/1186 193/193/193
f 1113/1113/1113 891/891/891 890/890/890
f 1113/1113/1113 1188/1188/1188 1189/1189/1189
f 1113/1113/1113 890/890/890 895/895/895
f 895/895/895 1188/1188/1188 1113/1113/1113
f 1188/1188/1188 1190/1190/1190 1191/1191/1191
f 1188/1188/1188 1192/1192/1192 1190/1190/1190
f 980/980/980 1193/1193/1193 981/981/981
f 980/980/980 979/979/979 1194/1194/1194
f 1194/1194/1194 987/987/987 1195/1195/1195
f 1126/1126/1126 1125/1125/1125 534/534/534
f 1126/1126/1126 1196/1196/1196 1125/1125/1125
f 861/861/861 858/858/858 857/857/857
f 862/862/862 1197/1197/1197 858/858/858
f 862/862/862 861/861/861 1198/1198/1198
f 1199/1199/1199 1200/1200/1200 909/909/909
f 1199/1199/1199 909/909/909 1201/1201/1201
f 1200/1200/1200 1199/1199/1199 1202/1202/1202
f 1200/1200/1200 1202/1202/1202 1203/1203/1203
f 909/909/909 906/906/906 905/905/905
f 889/889/889 895/895/895 885/885/885
f 889/889/889 1192/1192/1192 895/895/895
f 889/889/889 888/888/888 1204/1204/1204
f 1204/1204/1204 888/888/888 1121/1121/1121
f 1121/1121/1121 1021/1021/1021 1205/1205/1205
f 1121/1121/1121 1206/1206/1206 1204/1204/1204
f 1140/1140/1140 944/944/944 723/723/723
f 1140/1140/1140 723/723/723 1076/1076/1076
f 1076/1076/1076 913/913/913 1140/1140/1140
f 1076/1076/1076 725/725/725 724/724/724
f 1207/1207/1207 1024/1024/1024 1010/1010/1010
f 1207/1207/1207 1010/1010/1010 1013/1013/1013
f 1207/1207/1207 1013/1013/1013 1208/1208/1208
f 1013/1013/1013 1209/1209/1209 1210/1210/1210
f 1013/1013/1013 1211/1211/1211 1209/1209/1209
f 504/504/504 495/495/495 502/502/502
f 504/504/504 503/503/503 951/951/951
f 503/503/503 949/949/949 951/951/951
f 503/503/503 505/505/505 928/928/928
f 503/503/503 930/930/930 949/949/949
f 503/503/503 928/928/928 930/930/930
f 44/44/44 26/26/26 25/25/25
f 44/44/44 25/25/25 37/37/37
f 317/317/317 305/305/305 304/304/304
f 484/484/484 315/315/315 483/483/483
f 484/484/484 1212/1212/1212 1213/1213/1213
f 483/483/483 574/574/574 484/484/484
f 483/483/483 1214/1214/1214 575/575/575
f 1018/1018/1018 1019/1019/1019 894/894/894
f 1018/1018/1018 1215/1215/1215 1123/1123/1123
f 1216/1216/1216 1217/1217/1217 467/467/467
f 1216/1216/1216 529/529/529 530/530/530
f 467/467/467 1167/1167/1167 1166/1166/1166
f 467/467/467 529/529/529 1216/1216/1216
f 467/467/467 466/466/466 529/529/529
f 1152/1152/1152 1218/1218/1218 1219/1219/1219
f 1152/1152/1152 986/986/986 1151/1151/1151
f 1152/1152/1152 1151/1151/1151 1218/1218/1218
f 191/191/191 188/188/188 194/194/194
f 191/191/191 194/194/194 1187/1187/1187
f 1187/1187/1187 1220/1220/1220 191/191/191
f 1122/1122/1122 1205/1205/1205 1021/1021/1021
f 1122/1122/1122 1020/1020/1020 1124/1124/1124
f 1097/1097/1097 1091/1091/1091 1116/1116/1116
f 1097/1097/1097 1221/1221/1221 1089/1089/1089
f 1097/1097/1097 1116/1116/1116 1222/1222/1222
f 604/604/604 1223/1223/1223 528/528/528
f 604/604/604 1224/1224/1224 1225/1225/1225
f 604/604/604 1225/1225/1225 1226/1226/1226
f 604/604/604 524/524/524 601/601/601
f 604/604/604 601/601/601 1224/1224/1224
f 1224/1224/1224 608/608/608 1227/1227/1227
f 1225/1225/1225 1224/1224/1224 1228/1228/1228
f 594/594/594 593/593/593 770/770/770
f 223/223/223 222/222/222 825/825/825
f 800/800/800 408/408/408 425/425/425
f 425/425/425 420/420/420 424/424/424
f 574/574/574 483/483/483 575/575/575
f 574/574/574 571/571/571 1212/1212/1212
f 575/575/575 572/572/572 574/574/574
f 575/575/575 1110/1110/1110 576/576/576
f 968/968/968 1229/1229/1229 501/501/501
f 968/968/968 501/501/501 500/500/500
f 500/500/500 497/497/497 499/499/499
f 692/692/692 690/690/690 689/689/689
f 468/468/468 1166/1166/1166 1165/1165/1165
f 468/468/468 471/471/471 466/466/466
f 477/477/477 814/814/814 475/475/475
f 477/477/477 1165/1165/1165 811/811/811
f 274/274/274 748/748/748 272/272/272
f 748/748/748 274/274/274 746/746/746
f 748/748/748 1128/1128/1128 272/272/272
f 272/272/272 266/266/266 274/274/274
f 272/272/272 971/971/971 267/267/267
f 746/746/746 744/744/744 748/748/748
f 746/746/746 274/274/274 273/273/273
f 1230/1230/1230 1109/1109/1109 1110/1110/1110
f 1230/1230/1230 1214/1214/1214 1231/1231/1231
f 1109/1109/1109 622/622/622 1110/1110/1110
f 1109/1109/1109 623/623/623 622/622/622
f 1110/1110/1110 575/575/575 1214/1214/1214
f 80/80/80 1007/1007/1007 363/363/363
f 80/80/80 364/364/364 64/64/64
f 64/64/64 365/365/365 55/55/55
f 64/64/64 66/66/66 80/80/80
f 945/945/945 765/765/765 1039/1039/1039
f 36/36/36 1232/1232/1232 40/40/40
f 36/36/36 40/40/40 34/34/34
f 1095/1095/1095 1091/1091/1091 1090/1090/1090
f 1095/1095/1095 1233/1233/1233 1234/1234/1234
f 1056/1056/1056 1127/1127/1127 1235/1235/1235
f 1056/1056/1056 1235/1235/1235 1057/1057/1057
f 1056/1056/1056 393/393/393 803/803/803
f 1127/1127/1127 874/874/874 1235/1235/1235
f 1127/1127/1127 870/870/870 874/874/874
f 1127/1127/1127 803/803/803 871/871/871
f 1057/1057/1057 1058/1058/1058 1055/1055/1055
f 501/501/501 502/502/502 497/497/497
f 1236/1236/1236 1183/1183/1183 835/835/835
f 1236/1236/1236 1237/1237/1237 1238/1238/1238
f 1183/1183/1183 1236/1236/1236 1238/1238/1238
f 835/835/835 1183/1183/1183 833/833/833
f 835/835/835 1027/1027/1027 1236/1236/1236
f 555/555/555 551/551/551 557/557/557
f 516/516/516 1067/1067/1067 1066/1066/1066
f 516/516/516 513/513/513 1083/1083/1083
f 1067/1067/1067 1065/1065/1065 1064/1064/1064
f 1067/1067/1067 1083/1083/1083 1068/1068/1068
f 1066/1066/1066 517/517/517 516/516/516
f 517/517/517 514/514/514 511/511/511
f 1058/1058/1058 1239/1239/1239 269/269/269
f 270/270/270 268/268/268 399/399/399
f 270/270/270 263/263/263 262/262/262
f 694/694/694 624/624/624 625/625/625
f 694/694/694 848/848/848 624/624/624
f 694/694/694 691/691/691 688/688/688
f 732/732/732 730/730/730 729/729/729
f 732/732/732 853/853/853 733/733/733
f 911/911/911 1182/1182/1182 265/265/265
f 911/911/911 269/269/269 1239/1239/1239
f 755/755/755 752/752/752 749/749/749
f 485/485/485 1175/1175/1175 1168/1168/1168
f 485/485/485 1059/1059/1059 1175/1175/1175
f 1168/1168/1168 1175/1175/1175 1177/1177/1177
f 1119/1119/1119 1098/1098/1098 1118/1118/1118
f 475/475/475 471/471/471 477/477/477
f 1240/1240/1240 985/985/985 984/984/984
f 1240/1240/1240 1241/1241/1241 1242/1242/1242
f 1241/1241/1241 1240/1240/1240 1243/1243/1243
f 1242/1242/1242 1241/1241/1241 1244/1244/1244
f 1242/1242/1242 985/985/985 1240/1240/1240
f 1243/1243/1243 1240/1240/1240 1245/1245/1245
f 860/860/860 1246/1246/1246 856/856/856
f 860/860/860 858/858/858 1197/1197/1197
f 1197/1197/1197 1247/1247/1247 860/860/860
f 1197/1197/1197 862/862/862 925/925/925
f 616/616/616 565/565/565 1248/1248/1248
f 880/880/880 876/876/876 879/879/879
f 879/879/879 687/687/687 686/686/686
f 530/530/530 473/473/473 1014/1014/1014
f 1016/1016/1016 227/227/227 1249/1249/1249
f 1250/1250/1250 1251/1251/1251 1252/1252/1252
f 1251/1251/1251 1250/1250/1250 1253/1253/1253
f 915/915/915 1254/1254/1254 1255/1255/1255
f 915/915/915 852/852/852 1256/1256/1256
f 916/916/916 1063/1063/1063 788/788/788
f 916/916/916 1257/1257/1257 1258/1258/1258
f 916/916/916 915/915/915 1255/1255/1255
f 231/231/231 225/225/225 232/232/232
f 232/232/232 228/228/228 1016/1016/1016
f 1167/1167/1167 1050/1050/1050 1049/1049/1049
f 1167/1167/1167 467/467/467 1217/1217/1217
f 1050/1050/1050 580/580/580 579/579/579
f 1084/1084/1084 513/513/513 1259/1259/1259
f 513/513/513 512/512/512 1259/1259/1259
f 513/513/513 516/516/516 511/511/511
f 1259/1259/1259 512/512/512 1185/1185/1185
f 1212/1212/1212 484/484/484 574/574/574
f 273/273/273 265/265/265 913/913/913
f 273/273/273 1076/1076/1076 746/746/746
f 273/273/273 266/266/266 261/261/261
f 869/869/869 866/866/866 1101/1101/1101
f 1260/1260/1260 1261/1261/1261 1262/1262/1262
f 1261/1261/1261 1263/1263/1263 1262/1262/1262
f 1261/1261/1261 1264/1264/1264 1263/1263/1263
f 1261/1261/1261 1146/1146/1146 1264/1264/1264
f 1262/1262/1262 1263/1263/1263 1173/1173/1173
f 1263/1263/1263 1180/1180/1180 1174/1174/1174
f 1263/1263/1263 1264/1264/1264 1180/1180/1180
f 544/544/544 1265/1265/1265 545/545/545
f 544/544/544 541/541/541 548/548/548
f 545/545/545 331/331/331 542/542/542
f 545/545/545 1266/1266/1266 332/332/332
f 331/331/331 330/330/330 543/543/543
f 331/331/331 332/332/332 327/327/327
f 92/92/92 249/249/249 738/738/738
f 92/92/92 1007/1007/1007 79/79/79
f 1027/1027/1027 1023/1023/1023 1025/1025/1025
f 1027/1027/1027 1267/1267/1267 1236/1236/1236
f 1027/1027/1027 835/835/835 832/832/832
f 684/684/684 682/682/682 1065/1065/1065
f 684/684/684 1068/1068/1068 1082/1082/1082
f 684/684/684 680/680/680 679/679/679
f 492/492/492 490/490/490 489/489/489
f 492/492/492 673/673/673 493/493/493
f 686/686/686 683/683/683 678/678/678
f 1268/1268/1268 1269/1269/1269 646/646/646
f 1268/1268/1268 646/646/646 1270/1270/1270
f 1268/1268/1268 1270/1270/1270 1271/1271/1271
f 1270/1270/1270 646/646/646 649/649/649
f 1272/1272/1272 1273/1273/1273 1274/1274/1274
f 1272/1272/1272 1274/1274/1274 1275/1275/1275
f 1273/1273/1273 330/330/330 335/335/335
f 1273/1273/1273 1272/1272/1272 629/629/629
f 1274/1274/1274 1273/1273/1273 335/335/335
f 1274/1274/1274 335/335/335 1276/1276/1276
f 1274/1274/1274 1276/1276/1276 1277/1277/1277
f 1211/1211/1211 1013/1013/1013 1012/1012/1012
f 330/330/330 327/327/327 329/329/329
f 330/330/330 1273/1273/1273 629/629/629
f 509/509/509 1278/1278/1278 620/620/620
f 509/509/509 620/620/620 510/510/510
f 510/510/510 1130/1130/1130 508/508/508
f 585/585/585 535/535/535 582/582/582
f 585/585/585 1279/1279/1279 1280/1280/1280
f 1264/1264/1264 1146/1146/1146 1145/1145/1145
f 1264/1264/1264 1181/1181/1181 1180/1180/1180
f 1180/1180/1180 1178/1178/1178 1172/1172/1172
f 1174/1174/1174 1180/1180/1180 1172/1172/1172
f 1174/1174/1174 1172/1172/1172 1170/1170/1170
f 898/898/898 1043/1043/1043 1281/1281/1281
f 1281/1281/1281 901/901/901 898/898/898
f 670/670/670 669/669/669 963/963/963
f 963/963/963 673/673/673 961/961/961
f 906/906/906 1282/1282/1282 907/907/907
f 906/906/906 899/899/899 905/905/905
f 906/906/906 909/909/909 1200/1200/1200
f 906/906/906 1200/1200/1200 1283/1283/1283
f 1133/1133/1133 636/636/636 1132/1132/1132
f 1132/1132/1132 881/881/881 880/880/880
f 1284/1284/1284 1285/1285/1285 1286/1286/1286
f 1284/1284/1284 1286/1286/1286 1287/1287/1287
f 1286/1286/1286 1285/1285/1285 1288/1288/1288
f 1286/1286/1286 1288/1288/1288 1289/1289/1289
f 1287/1287/1287 1286/1286/1286 991/991/991
f 1287/1287/1287 991/991/991 990/990/990
f 1287/1287/1287 1290/1290/1290 1284/1284/1284
f 116/116/116 114/114/114 1269/1269/1269
f 116/116/116 1291/1291/1291 1292/1292/1292
f 1269/1269/1269 1291/1291/1291 116/116/116
f 1269/1269/1269 1268/1268/1268 1293/1293/1293
f 120/120/120 1269/1269/1269 114/114/114
f 120/120/120 119/119/119 650/650/650
f 120/120/120 646/646/646 1269/1269/1269
f 462/462/462 787/787/787 463/463/463
f 462/462/462 460/460/460 464/464/464
f 463/463/463 787/787/787 1294/1294/1294
f 55/55/55 365/365/365 46/46/46
f 366/366/366 403/403/403 402/402/402
f 366/366/366 339/339/339 369/369/369
f 1213/1213/1213 309/309/309 313/313/313
f 1213/1213/1213 313/313/313 484/484/484
f 186/186/186 177/177/177 842/842/842
f 186/186/186 180/180/180 173/173/173
f 186/186/186 173/173/173 177/177/177
f 841/841/841 1295/1295/1295 838/838/838
f 841/841/841 837/837/837 840/840/840
f 1295/1295/1295 1012/1012/1012 838/838/838
f 1295/1295/1295 1211/1211/1211 1012/1012/1012
f 1002/1002/1002 994/994/994 474/474/474
f 474/474/474 478/478/478 1002/1002/1002
f 474/474/474 470/470/470 469/469/469
f 995/995/995 992/992/992 994/994/994
f 1015/1015/1015 1249/1249/1249 227/227/227
f 196/196/196 190/190/190 189/189/189
f 747/747/747 744/744/744 741/741/741
f 478/478/478 469/469/469 471/471/471
f 478/478/478 474/474/474 469/469/469
f 119/119/119 114/114/114 118/118/118
f 119/119/119 123/123/123 1296/1296/1296
f 123/123/123 118/118/118 122/122/122
f 1296/1296/1296 650/650/650 119/119/119
f 650/650/650 1296/1296/1296 1297/1297/1297
f 650/650/650 647/647/647 120/120/120
f 1051/1051/1051 337/337/337 1052/1052/1052
f 1051/1051/1051 627/627/627 320/320/320
f 1051/1051/1051 320/320/320 322/322/322
f 1298/1298/1298 1073/1073/1073 793/793/793
f 1073/1073/1073 1004/1004/1004 794/794/794
f 1073/1073/1073 794/794/794 793/793/793
f 426/426/426 421/421/421 626/626/626
f 1163/1163/1163 853/853/853 732/732/732
f 40/40/40 41/41/41 39/39/39
f 40/40/40 1299/1299/1299 1300/1300/1300
f 41/41/41 40/40/40 1300/1300/1300
f 41/41/41 1301/1301/1301 42/42/42
f 1300/1300/1300 1302/1302/1302 1303/1303/1303
f 1300/1300/1300 1301/1301/1301 41/41/41
f 26/26/26 44/44/44 1304/1304/1304
f 1304/1304/1304 43/43/43 1305/1305/1305
f 1283/1283/1283 1306/1306/1306 906/906/906
f 1052/1052/1052 413/413/413 412/412/412
f 175/175/175 1048/1048/1048 845/845/845
f 175/175/175 182/182/182 1048/1048/1048
f 884/884/884 490/490/490 668/668/668
f 884/884/884 488/488/488 490/490/490
f 96/96/96 95/95/95 99/99/99
f 1307/1307/1307 1116/1116/1116 1117/1117/1117
f 1307/1307/1307 1222/1222/1222 1116/1116/1116
f 1307/1307/1307 1120/1120/1120 1308/1308/1308
f 1307/1307/1307 1117/1117/1117 1120/1120/1120
f 1120/1120/1120 1309/1309/1309 1310/1310/1310
f 1173/1173/1173 1263/1263/1263 1174/1174/1174
f 1092/1092/1092 1089/1089/1089 1221/1221/1221
f 1221/1221/1221 1097/1097/1097 1311/1311/1311
f 1070/1070/1070 1073/1073/1073 1298/1298/1298
f 1070/1070/1070 1069/1069/1069 1073/1073/1073
f 1071/1071/1071 1072/1072/1072 1069/1069/1069
f 1100/1100/1100 1312/1312/1312 1313/1313/1313
f 1100/1100/1100 1314/1314/1314 1096/1096/1096
f 1312/1312/1312 1100/1100/1100 1099/1099/1099
f 1099/1099/1099 1093/1093/1093 1092/1092/1092
f 987/987/987 1194/1194/1194 979/979/979
f 987/987/987 983/983/983 1149/1149/1149
f 987/987/987 1315/1315/1315 1195/1195/1195
f 1205/1205/1205 1122/1122/1122 1316/1316/1316
f 1205/1205/1205 1317/1317/1317 1318/1318/1318
f 1205/1205/1205 1319/1319/1319 1121/1121/1121
f 1205/1205/1205 1316/1316/1316 1317/1317/1317
f 1319/1319/1319 1205/1205/1205 1318/1318/1318
f 675/675/675 829/829/829 1102/1102/1102
f 675/675/675 342/342/342 341/341/341
f 675/675/675 387/387/387 386/386/386
f 781/781/781 972/972/972 779/779/779
f 781/781/781 1320/1320/1320 1321/1321/1321
f 972/972/972 161/161/161 779/779/779
f 972/972/972 781/781/781 1321/1321/1321
f 1247/1247/1247 1197/1197/1197 920/920/920
f 1247/1247/1247 920/920/920 919/919/919
f 1247/1247/1247 1322/1322/1322 860/860/860
f 1322/1322/1322 1247/1247/1247 1323/1323/1323
f 1323/1323/1323 919/919/919 1324/1324/1324
f 1037/1037/1037 764/764/764 770/770/770
f 770/770/770 766/766/766 594/594/594
f 556/556/556 991/991/991 1289/1289/1289
f 556/556/556 1325/1325/1325 558/558/558
f 991/991/991 989/989/989 990/990/990
f 991/991/991 556/556/556 555/555/555
f 991/991/991 1286/1286/1286 1289/1289/1289
f 605/605/605 602/602/602 603/603/603
f 605/605/605 1326/1326/1326 606/606/606
f 605/605/605 1088/1088/1088 1327/1327/1327
f 1326/1326/1326 605/605/605 1328/1328/1328
f 1326/1326/1326 1329/1329/1329 606/606/606
f 1232/1232/1232 36/36/36 957/957/957
f 957/957/957 35/35/35 954/954/954
f 1024/1024/1024 1023/1023/1023 831/831/831
f 1024/1024/1024 1207/1207/1207 1330/1330/1330
f 1330/1330/1330 1022/1022/1022 1024/1024/1024
f 1330/1330/1330 1207/1207/1207 1331/1331/1331
f 201/201/201 203/203/203 1332/1332/1332
f 201/201/201 192/192/192 203/203/203
f 203/203/203 202/202/202 1333/1333/1333
f 1254/1254/1254 1256/1256/1256 1334/1334/1334
f 1254/1254/1254 915/915/915 1256/1256/1256
f 1256/1256/1256 852/852/852 1335/1335/1335
f 990/990/990 1336/1336/1336 1287/1287/1287
f 1094/1094/1094 1337/1337/1337 1233/1233/1233
f 1337/1337/1337 1094/1094/1094 1314/1314/1314
f 1233/1233/1233 1095/1095/1095 1094/1094/1094
f 1338/1338/1338 1233/1233/1233 1337/1337/1337
f 832/832/832 833/833/833 830/830/830
f 722/722/722 234/234/234 745/745/745
f 722/722/722 235/235/235 234/234/234
f 722/722/722 743/743/743 742/742/742
f 481/481/481 479/479/479 487/487/487
f 482/482/482 1231/1231/1231 1214/1214/1214
f 482/482/482 315/315/315 479/479/479
f 1214/1214/1214 483/483/483 482/482/482
f 1214/1214/1214 1230/1230/1230 1110/1110/1110
f 1267/1267/1267 1027/1027/1027 1026/1026/1026
f 1223/1223/1223 525/525/525 528/528/528
f 1223/1223/1223 527/527/527 525/525/525
f 1223/1223/1223 604/604/604 1226/1226/1226
f 527/527/527 1339/1339/1339 523/523/523
f 952/952/952 186/186/186 842/842/842
f 952/952/952 187/187/187 186/186/186
f 952/952/952 842/842/842 847/847/847
f 1246/1246/1246 860/860/860 1322/1322/1322
f 77/77/77 73/73/73 1340/1340/1340
f 1340/1340/1340 73/73/73 1341/1341/1341
f 1342/1342/1342 1070/1070/1070 1298/1298/1298
f 984/984/984 1245/1245/1245 1240/1240/1240
f 984/984/984 981/981/981 1343/1343/1343
f 1343/1343/1343 981/981/981 1193/1193/1193
f 1343/1343/1343 1245/1245/1245 984/984/984
f 238/238/238 250/250/250 257/257/257
f 238/238/238 917/917/917 156/156/156
f 946/946/946 1344/1344/1344 769/769/769
f 946/946/946 768/768/768 1345/1345/1345
f 1344/1344/1344 1346/1346/1346 769/769/769
f 769/769/769 763/763/763 768/768/768
f 769/769/769 1346/1346/1346 760/760/760
f 1346/1346/1346 789/789/789 760/760/760
f 831/831/831 1027/1027/1027 832/832/832
f 831/831/831 830/830/830 1011/1011/1011
f 831/831/831 1010/1010/1010 1024/1024/1024
f 609/609/609 1347/1347/1347 1348/1348/1348
f 609/609/609 602/602/602 606/606/606
f 609/609/609 606/606/606 1329/1329/1329
f 167/167/167 164/164/164 163/163/163
f 1185/1185/1185 519/519/519 1184/1184/1184
f 1184/1184/1184 1079/1079/1079 77/77/77
f 620/620/620 1278/1278/1278 614/614/614
f 620/620/620 618/618/618 1130/1130/1130
f 564/564/564 563/563/563 1349/1349/1349
f 564/564/564 1248/1248/1248 565/565/565
f 564/564/564 561/561/561 563/563/563
f 1248/1248/1248 564/564/564 1350/1350/1350
f 1029/1029/1029 1028/1028/1028 1022/1022/1022
f 1029/1029/1029 1330/1330/1330 1351/1351/1351
f 1029/1029/1029 1022/1022/1022 1330/1330/1330
f 1030/1030/1030 1029/1029/1029 1352/1352/1352
f 1353/1353/1353 137/137/137 172/172/172
f 1353/1353/1353 1033/1033/1033 137/137/137
f 137/137/137 136/136/136 172/172/172
f 172/172/172 169/169/169 640/640/640
f 903/903/903 907/907/907 1354/1354/1354
f 903/903/903 899/899/899 907/907/907
f 904/904/904 903/903/903 1355/1355/1355
f 904/904/904 1355/1355/1355 1356/1356/1356
f 79/79/79 89/89/89 92/92/92
f 79/79/79 66/66/66 84/84/84
f 1357/1357/1357 1158/1158/1158 1157/1157/1157
f 1158/1158/1158 1357/1357/1357 1358/1358/1358
f 1158/1158/1158 1359/1359/1359 1156/1156/1156
f 1157/1157/1157 713/713/713 712/712/712
f 1314/1314/1314 1100/1100/1100 1313/1313/1313
f 1096/1096/1096 1314/1314/1314 1094/1094/1094
f 1096/1096/1096 1093/1093/1093 1100/1100/1100
f 202/202/202 192/192/192 191/191/191
f 202/202/202 1220/1220/1220 1360/1360/1360
f 1361/1361/1361 533/533/533 538/538/538
f 1361/1361/1361 1362/1362/1362 1363/1363/1363
f 1361/1361/1361 531/531/531 533/533/533
f 538/538/538 1280/1280/1280 1362/1362/1362
f 1192/1192/1192 1188/1188/1188 895/895/895
f 1192/1192/1192 1204/1204/1204 1364/1364/1364
f 1192/1192/1192 889/889/889 1204/1204/1204
f 1231/1231/1231 482/482/482 481/481/481
f 1229/1229/1229 1075/1075/1075 505/505/505
f 1229/1229/1229 505/505/505 501/501/501
f 1108/1108/1108 1365/1365/1365 1107/1107/1107
f 1108/1108/1108 978/978/978 977/977/977
f 977/977/977 168/168/168 167/167/167
f 1292/1292/1292 117/117/117 116/116/116
f 1292/1292/1292 1291/1291/1291 1366/1366/1366
f 117/117/117 115/115/115 114/114/114
f 1291/1291/1291 1269/1269/1269 1293/1293/1293
f 1291/1291/1291 1293/1293/1293 1367/1367/1367
f 1148/1148/1148 1142/1142/1142 1146/1146/1146
f 1145/1145/1145 1144/1144/1144 1368/1368/1368
f 1063/1063/1063 916/916/916 1258/1258/1258
f 788/788/788 786/786/786 914/914/914
f 788/788/788 1062/1062/1062 783/783/783
f 788/788/788 850/850/850 916/916/916
f 407/407/407 404/404/404 800/800/800
f 676/676/676 257/257/257 321/321/321
f 1369/1369/1369 1254/1254/1254 1370/1370/1370
f 1369/1369/1369 1257/1257/1257 1255/1255/1255
f 1369/1369/1369 1255/1255/1255 1254/1254/1254
f 1257/1257/1257 916/916/916 1255/1255/1255
f 237/237/237 235/235/235 722/722/722
f 237/237/237 718/718/718 717/717/717
f 1371/1371/1371 1372/1372/1372 1373/1373/1373
f 1372/1372/1372 1371/1371/1371 1374/1374/1374
f 1215/1215/1215 1018/1018/1018 1017/1017/1017
f 1017/1017/1017 894/894/894 893/893/893
f 1123/1123/1123 1020/1020/1020 1018/1018/1018
f 1128/1128/1128 748/748/748 747/747/747
f 121/121/121 118/118/118 113/113/113
f 1375/1375/1375 1376/1376/1376 1377/1377/1377
f 1376/1376/1376 1375/1375/1375 1378/1378/1378
f 1061/1061/1061 1169/1169/1169 1060/1060/1060
f 1061/1061/1061 1060/1060/1060 314/314/314
f 1134/1134/1134 1379/1379/1379 1380/1380/1380
f 1134/1134/1134 138/138/138 569/569/569
f 1134/1134/1134 569/569/569 1379/1379/1379
f 1379/1379/1379 569/569/569 1032/1032/1032
f 1379/1379/1379 1032/1032/1032 1035/1035/1035
f 1379/1379/1379 1035/1035/1035 1381/1381/1381
f 1359/1359/1359 1158/1158/1158 1358/1358/1358
f 1156/1156/1156 713/713/713 1158/1158/1158
f 1156/1156/1156 1359/1359/1359 1155/1155/1155
f 1198/1198/1198 861/861/861 1382/1382/1382
f 1383/1383/1383 1384/1384/1384 1385/1385/1385
f 1384/1384/1384 1383/1383/1383 1386/1386/1386
f 1101/1101/1101 736/736/736 735/735/735
f 735/735/735 728/728/728 727/727/727
f 1320/1320/1320 781/781/781 780/780/780
f 780/780/780 776/776/776 771/771/771
f 893/893/893 887/887/887 1387/1387/1387
f 1245/1245/1245 1343/1343/1343 1388/1388/1388
f 1388/1388/1388 1343/1343/1343 1389/1389/1389
f 807/807/807 226/226/226 231/231/231
f 19/19/19 22/22/22 1390/1390/1390
f 19/19/19 18/18/18 22/22/22
f 1299/1299/1299 40/40/40 1232/1232/1232
f 558/558/558 551/551/551 556/556/556
f 821/821/821 820/820/820 827/827/827
f 1297/1297/1297 648/648/648 650/650/650
f 1391/1391/1391 1297/1297/1297 1296/1296/1296
f 709/709/709 711/711/711 707/707/707
f 709/709/709 1392/1392/1392 1393/1393/1393
f 1392/1392/1392 1394/1394/1394 1393/1393/1393
f 1392/1392/1392 709/709/709 708/708/708
f 1393/1393/1393 711/711/711 709/709/709
f 1393/1393/1393 1395/1395/1395 1396/1396/1396
f 708/708/708 707/707/707 715/715/715
f 708/708/708 1397/1397/1397 1392/1392/1392
f 1398/1398/1398 1362/1362/1362 1280/1280/1280
f 1398/1398/1398 1399/1399/1399 1400/1400/1400
f 1398/1398/1398 1280/1280/1280 1279/1279/1279
f 1280/1280/1280 537/537/537 585/585/585
f 1280/1280/1280 538/538/538 537/537/537
f 1279/1279/1279 585/585/585 1401/1401/1401
f 1279/1279/1279 1399/1399/1399 1398/1398/1398
f 1399/1399/1399 1279/1279/1279 1402/1402/1402
f 1399/1399/1399 1402/1402/1402 1403/1403/1403
f 1103/1103/1103 1001/1001/1001 1404/1404/1404
f 1404/1404/1404 1001/1001/1001 1405/1405/1405
f 548/548/548 1406/1406/1406 1407/1407/1407
f 548/548/548 1265/1265/1265 544/544/544
f 1265/1265/1265 548/548/548 1407/1407/1407
f 588/588/588 936/936/936 583/583/583
f 925/925/925 920/920/920 1197/1197/1197
f 925/925/925 862/862/862 1408/1408/1408
f 901/901/901 1409/1409/1409 902/902/902
f 901/901/901 896/896/896 898/898/898
f 901/901/901 1281/1281/1281 1410/1410/1410
f 1409/1409/1409 901/901/901 1411/1411/1411
f 902/902/902 905/905/905 896/896/896
f 902/902/902 1201/1201/1201 909/909/909
f 902/902/902 1409/1409/1409 1201/1201/1201
f 195/195/195 201/201/201 1412/1412/1412
f 195/195/195 189/189/189 201/201/201
f 1413/1413/1413 345/345/345 651/651/651
f 1413/1413/1413 349/349/349 345/345/345
f 651/651/651 1414/1414/1414 1413/1413/1413
f 651/651/651 655/655/655 1414/1414/1414
f 651/651/651 348/348/348 655/655/655
f 1414/1414/1414 1415/1415/1415 1413/1413/1413
f 1414/1414/1414 1416/1416/1416 1415/1415/1415
f 974/974/974 349/349/349 1417/1417/1417
f 349/349/349 1418/1418/1418 1417/1417/1417
f 349/349/349 1413/1413/1413 1418/1418/1418
f 349/349/349 974/974/974 346/346/346
f 1362/1362/1362 1361/1361/1361 538/538/538
f 1362/1362/1362 1398/1398/1398 1419/1419/1419
f 1363/1363/1363 1362/1362/1362 1420/1420/1420
f 1395/1395/1395 1393/1393/1393 1394/1394/1394
f 1395/1395/1395 1421/1421/1421 1396/1396/1396
f 1396/1396/1396 1422/1422/1422 711/711/711
f 1394/1394/1394 1392/1392/1392 1423/1423/1423
f 863/863/863 859/859/859 856/856/856
f 334/334/334 329/329/329 326/326/326
f 334/334/334 1276/1276/1276 335/335/335
f 852/852/852 915/915/915 465/465/465
f 852/852/852 851/851/851 1424/1424/1424
f 1347/1347/1347 609/609/609 1329/1329/1329
f 1348/1348/1348 610/610/610 609/609/609
f 1348/1348/1348 1347/1347/1347 1425/1425/1425
f 954/954/954 953/953/953 1426/1426/1426
f 1278/1278/1278 619/619/619 614/614/614
f 619/619/619 566/566/566 615/615/615
f 1339/1339/1339 1427/1427/1427 523/523/523
f 1155/1155/1155 715/715/715 1156/1156/1156
f 1155/1155/1155 1428/1428/1428 1397/1397/1397
f 1428/1428/1428 1155/1155/1155 1429/1429/1429
f 1397/1397/1397 708/708/708 1155/1155/1155
f 1397/1397/1397 1423/1423/1423 1392/1392/1392
f 1397/1397/1397 1428/1428/1428 1430/1430/1430
f 1429/1429/1429 1155/1155/1155 1359/1359/1359
f 135/135/135 1431/1431/1431 935/935/935
f 135/135/135 138/138/138 1431/1431/1431
f 135/135/135 934/934/934 104/104/104
f 135/135/135 103/103/103 138/138/138
f 919/919/919 1323/1323/1323 1247/1247/1247
f 919/919/919 1432/1432/1432 1324/1324/1324
f 919/919/919 918/918/918 1433/1433/1433
f 1234/1234/1234 1118/1118/1118 1095/1095/1095
f 926/926/926 925/925/925 1408/1408/1408
f 1408/1408/1408 862/862/862 1198/1198/1198
f 1203/1203/1203 1283/1283/1283 1200/1200/1200
f 1311/1311/1311 1222/1222/1222 1434/1434/1434
f 1345/1345/1345 768/768/768 767/767/767
f 1282/1282/1282 906/906/906 1306/1306/1306
f 1282/1282/1282 1354/1354/1354 907/907/907
f 1179/1179/1179 1178/1178/1178 1181/1181/1181
f 1176/1176/1176 1175/1175/1175 1178/1178/1178
f 1181/1181/1181 1264/1264/1264 1145/1145/1145
f 1181/1181/1181 1368/1368/1368 1179/1179/1179
f 1086/1086/1086 521/521/521 523/523/523
f 1086/1086/1086 523/523/523 1427/1427/1427
f 608/608/608 610/610/610 1435/1435/1435
f 608/608/608 607/607/607 610/610/610
f 608/608/608 1224/1224/1224 601/601/601
f 610/610/610 1348/1348/1348 1436/1436/1436
f 1293/1293/1293 1268/1268/1268 1437/1437/1437
f 1356/1356/1356 1355/1355/1355 1438/1438/1438
f 1356/1356/1356 1045/1045/1045 1044/1044/1044
f 1356/1356/1356 1044/1044/1044 904/904/904
f 1355/1355/1355 1439/1439/1439 1440/1440/1440
f 1441/1441/1441 1431/1431/1431 1442/1442/1442
f 1441/1441/1441 935/935/935 1431/1431/1431
f 1431/1431/1431 1135/1135/1135 1443/1443/1443
f 1135/1135/1135 1431/1431/1431 138/138/138
f 1135/1135/1135 1134/1134/1134 1444/1444/1444
f 1088/1088/1088 1445/1445/1445 1446/1446/1446
f 1088/1088/1088 605/605/605 526/526/526
f 1445/1445/1445 1088/1088/1088 1087/1087/1087
f 1447/1447/1447 1288/1288/1288 1285/1285/1285
f 1447/1447/1447 1448/1448/1448 1288/1288/1288
f 1288/1288/1288 1449/1449/1449 1289/1289/1289
f 1288/1288/1288 1448/1448/1448 1449/1449/1449
f 1014/1014/1014 998/998/998 1103/1103/1103
f 1190/1190/1190 1192/1192/1192 1450/1450/1450
f 1190/1190/1190 1450/1450/1450 1451/1451/1451
f 1325/1325/1325 556/556/556 1289/1289/1289
f 1325/1325/1325 1289/1289/1289 1449/1449/1449
f 43/43/43 1452/1452/1452 1305/1305/1305
f 43/43/43 37/37/37 42/42/42
f 43/43/43 1304/1304/1304 44/44/44
f 42/42/42 1452/1452/1452 43/43/43
f 42/42/42 37/37/37 39/39/39
f 667/667/667 672/672/672 1453/1453/1453
f 667/667/667 1453/1453/1453 883/883/883
f 667/667/667 664/664/664 666/666/666
f 1453/1453/1453 672/672/672 1454/1454/1454
f 883/883/883 668/668/668 667/667/667
f 1455/1455/1455 1456/1456/1456 1457/1457/1457
f 1458/1458/1458 1459/1459/1459 1460/1460/1460
f 1426/1426/1426 953/953/953 1461/1461/1461
f 1141/1141/1141 913/913/913 912/912/912
f 70/70/70 69/69/69 1077/1077/1077
f 1336/1336/1336 990/990/990 988/988/988
f 1401/1401/1401 585/585/585 584/584/584
f 1401/1401/1401 584/584/584 1138/1138/1138
f 1138/1138/1138 1462/1462/1462 1401/1401/1401
f 1402/1402/1402 1401/1401/1401 1462/1462/1462
f 1402/1402/1402 1462/1462/1462 1463/1463/1463
f 1402/1402/1402 1279/1279/1279 1401/1401/1401
f 1464/1464/1464 778/778/778 1041/1041/1041
f 1464/1464/1464 1041/1041/1041 1465/1465/1465
f 1041/1041/1041 1040/1040/1040 1466/1466/1466
f 1041/1041/1041 1466/1466/1466 1467/1467/1467
f 1466/1466/1466 1040/1040/1040 1106/1106/1106
f 1466/1466/1466 1106/1106/1106 1468/1468/1468
f 1106/1106/1106 1107/1107/1107 1469/1469/1469
f 1106/1106/1106 1469/1469/1469 1470/1470/1470
f 1469/1469/1469 1107/1107/1107 1365/1365/1365
f 1469/1469/1469 1365/1365/1365 1471/1471/1471
f 1206/1206/1206 1121/1121/1121 1319/1319/1319
f 1206/1206/1206 1364/1364/1364 1204/1204/1204
f 1364/1364/1364 1450/1450/1450 1192/1192/1192
f 1193/1193/1193 1389/1389/1389 1343/1343/1343
f 1244/1244/1244 1472/1472/1472 1242/1242/1242
f 1473/1473/1473 1244/1244/1244 1241/1241/1241
f 985/985/985 1242/1242/1242 1150/1150/1150
f 985/985/985 986/986/986 982/982/982
f 1150/1150/1150 986/986/986 985/985/985
f 1150/1150/1150 1218/1218/1218 1151/1151/1151
f 1150/1150/1150 1242/1242/1242 1472/1472/1472
f 597/597/597 1037/1037/1037 770/770/770
f 597/597/597 770/770/770 593/593/593
f 1474/1474/1474 1195/1195/1195 1315/1315/1315
f 1474/1474/1474 1315/1315/1315 1475/1475/1475
f 1315/1315/1315 987/987/987 1476/1476/1476
f 1315/1315/1315 1476/1476/1476 1477/1477/1477
f 1476/1476/1476 1149/1149/1149 1154/1154/1154
f 1476/1476/1476 987/987/987 1149/1149/1149
f 1476/1476/1476 1154/1154/1154 1478/1478/1478
f 1154/1154/1154 1479/1479/1479 1480/1480/1480
f 1479/1479/1479 1154/1154/1154 1152/1152/1152
f 1479/1479/1479 1481/1481/1481 1482/1482/1482
f 1479/1479/1479 1152/1152/1152 1481/1481/1481
f 1219/1219/1219 1481/1481/1481 1152/1152/1152
f 910/910/910 352/352/352 351/351/351
f 910/910/910 351/351/351 975/975/975
f 656/656/656 652/652/652 352/352/352
f 1290/1290/1290 1287/1287/1287 1336/1336/1336
f 1266/1266/1266 545/545/545 1265/1265/1265
f 332/332/332 331/331/331 545/545/545
f 332/332/332 1266/1266/1266 1483/1483/1483
f 332/332/332 1483/1483/1483 333/333/333
f 332/332/332 328/328/328 327/327/327
f 1484/1484/1484 333/333/333 1483/1483/1483
f 1368/1368/1368 1181/1181/1181 1145/1145/1145
f 1485/1485/1485 630/630/630 1486/1486/1486
f 1485/1485/1485 631/631/631 630/630/630
f 630/630/630 1487/1487/1487 1488/1488/1488
f 1487/1487/1487 630/630/630 629/629/629
f 1487/1487/1487 629/629/629 1272/1272/1272
f 1487/1487/1487 1272/1272/1272 1489/1489/1489
f 1490/1490/1490 840/840/840 839/839/839
f 1327/1327/1327 1328/1328/1328 605/605/605
f 1406/1406/1406 548/548/548 547/547/547
f 547/547/547 541/541/541 540/540/540
f 1491/1491/1491 1430/1430/1430 1428/1428/1428
f 706/706/706 714/714/714 703/703/703
f 711/711/711 1393/1393/1393 1396/1396/1396
f 711/711/711 1492/1492/1492 704/704/704
f 645/645/645 640/640/640 1042/1042/1042
f 1493/1493/1493 706/706/706 705/705/705
f 1493/1493/1493 705/705/705 1494/1494/1494
f 705/705/705 1495/1495/1495 1496/1496/1496
f 1495/1495/1495 704/704/704 1492/1492/1492
f 1495/1495/1495 1492/1492/1492 1497/1497/1497
f 1495/1495/1495 705/705/705 704/704/704
f 1492/1492/1492 711/711/711 1422/1422/1422
f 1492/1492/1492 1422/1422/1422 1498/1498/1498
f 1422/1422/1422 1396/1396/1396 1421/1421/1421
f 1422/1422/1422 1421/1421/1421 1499/1499/1499
f 1218/1218/1218 1150/1150/1150 1472/1472/1472
f 1301/1301/1301 1300/1300/1300 1303/1303/1303
f 1500/1500/1500 42/42/42 1301/1301/1301
f 1452/1452/1452 42/42/42 1500/1500/1500
f 1501/1501/1501 1305/1305/1305 1452/1452/1452
f 1432/1432/1432 919/919/919 1433/1433/1433
f 1432/1432/1432 1433/1433/1433 1502/1502/1502
f 1433/1433/1433 922/922/922 1503/1503/1503
f 1220/1220/1220 202/202/202 191/191/191
f 1222/1222/1222 1307/1307/1307 1504/1504/1504
f 1222/1222/1222 1311/1311/1311 1097/1097/1097
f 1434/1434/1434 1222/1222/1222 1505/1505/1505
f 1446/1446/1446 1327/1327/1327 1088/1088/1088
f 1423/1423/1423 1397/1397/1397 1430/1430/1430
f 1237/1237/1237 1236/1236/1236 1267/1267/1267
f 1506/1506/1506 1507/1507/1507 1260/1260/1260
f 1507/1507/1507 1261/1261/1261 1260/1260/1260
f 1507/1507/1507 1148/1148/1148 1146/1146/1146
f 1507/1507/1507 1146/1146/1146 1261/1261/1261
f 1410/1410/1410 1411/1411/1411 901/901/901
f 1354/1354/1354 1508/1508/1508 903/903/903
f 1509/1509/1509 1045/1045/1045 1510/1510/1510
f 1509/1509/1509 1046/1046/1046 1045/1045/1045
f 1045/1045/1045 1356/1356/1356 1511/1511/1511
f 1439/1439/1439 1508/1508/1508 1512/1512/1512
f 1439/1439/1439 1355/1355/1355 903/903/903
f 1439/1439/1439 903/903/903 1508/1508/1508
f 1513/1513/1513 1284/1284/1284 1290/1290/1290
f 921/921/921 918/918/918 924/924/924
f 921/921/921 1514/1514/1514 1515/1515/1515
f 922/922/922 921/921/921 1516/1516/1516
f 922/922/922 1433/1433/1433 918/918/918
f 1309/1309/1309 1120/1120/1120 1119/1119/1119
f 1302/1302/1302 1300/1300/1300 1299/1299/1299
f 1416/1416/1416 1414/1414/1414 655/655/655
f 1517/1517/1517 1418/1418/1418 1518/1518/1518
f 1517/1517/1517 1417/1417/1417 1418/1418/1418
f 1418/1418/1418 1519/1519/1519 1520/1520/1520
f 1519/1519/1519 1415/1415/1415 1521/1521/1521
f 1519/1519/1519 1413/1413/1413 1415/1415/1415
f 1519/1519/1519 1418/1418/1418 1413/1413/1413
f 1415/1415/1415 1522/1522/1522 1523/1523/1523
f 1522/1522/1522 1415/1415/1415 1416/1416/1416
f 892/892/892 886/886/886 1111/1111/1111
f 927/927/927 924/924/924 926/926/926
f 1514/1514/1514 921/921/921 927/927/927
