# glbtool toobj from Pine.glb, texture: pine_tex2.png
v -153.9884 128.0091 157.8437
v -117.4152 79.0351 146.8771
v -116.5706 106.3447 168.6724
v 92.6841 -30.0254 228.0110
v 70.0933 -32.6645 259.2653
v 90.9079 -50.5225 248.1541
v 75.2080 -7.1327 240.9929
v 36.9444 -58.9170 252.5480
v 49.1294 -11.9563 276.4619
v -3.7714 -53.5015 264.6210
v 70.0933 -32.6645 259.2653
v -35.0711 -3.9133 372.3362
v 5.8818 11.0935 362.2969
v -19.2077 11.9651 387.3154
v 3.1727 -6.7873 337.7219
v 2.1671 2.0357 338.3388
v -51.3336 -8.2264 333.4611
v -46.1555 -32.9566 316.4569
v 9.1744 -21.8583 319.6706
v -6.6958 35.4818 340.2457
v 7.2945 47.8238 326.6176
v -8.5301 47.8195 315.4423
v -1.7507 35.6788 344.1974
v -12.6087 32.6736 320.3156
v 5.2462 15.0299 305.5001
v 6.6289 30.9297 324.5735
v -172.3102 -35.6001 168.8305
v -112.0723 -33.4068 156.3175
v -132.9533 -18.2225 179.2755
v -51.8096 106.7800 279.0082
v -75.0588 107.1629 250.1449
v -61.3102 81.9665 260.0748
v -68.4329 127.3736 268.4148
v 33.7295 -5.3785 520.2469
v 28.6991 20.2734 533.6802
v 11.6518 -12.2375 527.0229
v 15.9076 39.0629 366.2862
v 23.6006 24.5641 355.0265
v 24.8294 38.2298 345.5762
v 15.5164 34.7132 369.2944
v 7.2181 59.3346 237.1081
v -34.6298 52.1183 222.4310
v -16.3082 37.3050 246.3588
v 19.5464 102.8469 201.1298
v -3.0360 25.4378 268.7252
v 12.9171 40.3753 262.4531
v -59.2777 -145.4963 182.7314
v -29.0315 -95.4513 166.2533
v -49.1499 -104.1868 192.4252
v -4.3479 36.2003 414.6005
v -18.8678 34.8735 402.3164
v -8.1450 27.1983 392.8489
v 12.7030 39.5833 345.4893
v -10.1493 45.0413 331.1014
v -3.7064 31.3778 349.0990
v 14.0581 57.1444 325.7594
v 61.5030 -137.3539 189.0817
v 56.9158 -79.8607 173.0434
v 46.2468 -98.4118 199.0090
v 31.9016 87.4965 290.4758
v -24.3065 88.4137 252.9665
v -18.5176 65.5771 284.5497
v 18.2723 64.7883 308.6566
v 13.8705 26.1985 277.0650
v -1.8627 8.7432 262.5447
v 11.9951 14.7611 244.5184
v -2.6785 16.7222 290.2380
v 18.7013 33.2607 273.6647
v 1.7663 37.3676 294.3576
v 128.8801 -0.8791 196.3744
v 103.9481 25.5605 212.6145
v 94.3805 -18.8768 203.7477
v 175.8112 28.2583 191.6861
v 121.0279 45.9635 179.0889
v 134.6989 26.1455 201.7667
v -47.6522 -1.9342 309.2470
v -60.6353 47.0734 316.2555
v -77.3672 42.5210 295.8014
v -27.4603 10.4778 327.7448
v 12.1470 2.8137 267.5885
v 26.0770 -40.7009 237.5344
v 41.1706 29.4113 251.5254
v 2.7845 34.5835 553.0291
v 1.7606 22.8831 545.1464
v 6.1207 29.8220 536.3205
v -11.6821 27.0581 599.3410
v -12.4511 31.1675 594.7246
v -15.2130 27.2821 592.4012
v 100.0124 167.0644 194.5054
v 53.2400 134.5196 184.1218
v 77.8291 133.5227 205.3566
v -95.6876 125.8973 160.4624
v -88.8914 89.4823 180.3875
v -54.5532 121.6337 166.8875
v -6.7354 34.8029 507.0400
v 3.4525 42.0383 497.8485
v -6.1303 41.3455 488.7854
v 0.5950 46.1611 308.3624
v -17.3527 27.5887 292.7605
v -0.8036 26.1410 312.4293
v -71.3624 122.6237 193.0186
v -46.6198 118.7885 226.0591
v -62.4743 143.8881 215.2684
v -84.8675 176.7544 205.0964
v 175.8112 28.2583 191.6861
v 87.3458 49.6272 185.0752
v 37.9168 74.8161 175.0375
v 71.1053 26.7074 230.0875
v 56.0108 -43.4047 216.0971
v -35.2610 83.8341 295.4578
v -54.3293 34.2174 257.7836
v -32.7068 29.8272 288.3133
v -20.3336 62.2097 313.0836
v 7.0779 43.0748 324.5552
v 15.9884 24.8509 311.6964
v 17.2106 38.9540 297.8405
v 6.8862 38.6225 329.3508
v -10.1737 52.9618 412.6922
v -7.7609 38.6434 417.6142
v -112.2340 1.1980 203.1425
v -98.8234 22.9475 234.8648
v -127.7368 18.1817 224.6363
v -166.2042 10.5865 215.1785
v -29.4099 60.8066 571.5538
v -28.8096 47.1011 571.5025
v -24.7996 52.7417 574.8757
v -15.2908 57.1132 286.7621
v -39.0841 28.0385 271.7334
v -34.3352 96.0266 257.9213
v -3.1910 43.0949 440.7547
v 11.7664 41.6368 429.8705
v 2.6735 48.5967 418.9846
v -4.0601 23.4868 570.5633
v 1.4316 35.8094 562.0460
v -7.1029 33.7066 572.4409
v -121.9499 -79.4701 225.3516
v -75.5419 -53.2672 211.2494
v -95.7567 -51.1760 234.5768
v 60.5974 109.0195 216.7553
v -32.2577 -59.8243 240.2374
v 6.1219 -33.4936 265.4161
v -59.2093 -27.5711 250.9557
v 29.6245 8.1347 293.8265
v -3.7714 -53.5015 264.6210
v 49.1294 -11.9563 276.4619
v -22.5258 -33.2680 283.5171
v -7.5945 29.6949 513.0727
v -9.2786 41.1361 503.1499
v -13.2169 31.8488 494.9906
v -11.8082 -89.2813 233.9378
v 9.1496 -63.5786 249.4022
v 20.1352 -128.8345 230.3817
v 30.4291 -76.8551 219.0845
v 13.3736 -91.5648 239.5112
v 70.8999 -20.5721 311.0980
v 91.4588 -15.4718 288.7607
v 73.0671 3.5207 294.4360
v -23.1246 17.6012 299.2200
v 4.7511 -5.8900 285.1151
v -60.5801 0.0317 270.6540
v -2.9739 44.3715 383.5723
v 13.8060 40.3627 371.0694
v 4.4245 49.4536 358.4817
v 26.5970 23.4386 272.2332
v 22.1792 61.9618 256.6616
v 6.8414 46.5714 279.0938
v 67.6712 8.6921 240.8640
v -5.4928 35.6804 299.9767
v 7.9028 19.9943 295.3252
v 90.9079 -50.5225 248.1541
v 71.0635 -66.4549 244.7150
v 120.3155 -73.0922 238.8342
v 120.3155 -73.0922 238.8342
v 92.6841 -30.0254 228.0110
v 90.9079 -50.5225 248.1541
v 70.0933 -32.6645 259.2653
v 75.2080 -7.1327 240.9929
v 61.2022 39.5653 243.9049
v -75.2251 -30.8839 244.4434
v 70.0933 -32.6645 259.2653
v 61.2022 39.5653 243.9049
v 49.1294 -11.9563 276.4619
v 29.6245 8.1347 293.8265
v 36.6747 41.5691 270.7757
v 17.2106 38.9540 297.8405
v 29.6245 8.1347 293.8265
v 17.2106 38.9540 297.8405
v 15.9884 24.8509 311.6964
v -6.4039 6.9163 307.7233
v 29.6245 8.1347 293.8265
v 15.9884 24.8509 311.6964
v -6.4039 6.9163 307.7233
v -22.5258 -33.2680 283.5171
v 29.6245 8.1347 293.8265
v -14.3908 38.2779 389.1643
v -3.9937 50.7704 375.7765
v -16.6532 47.7080 365.1099
v -9.8206 39.0073 392.4436
v -26.0439 41.7410 297.1486
v -28.5469 6.1277 279.6200
v -9.5066 17.2124 299.5747
v -66.6280 62.6117 274.0339
v -5.2309 41.1444 316.5629
v 5.9824 24.5118 318.2074
v 113.8679 69.3884 250.7551
v 115.5721 45.3852 243.8600
v 148.0729 82.3411 241.5572
v 96.4723 84.4988 232.4447
v 88.3990 60.3729 260.8121
v 113.8679 69.3884 250.7551
v 148.0729 82.3411 241.5572
v -37.1180 152.8324 210.6625
v -84.8675 176.7544 205.0964
v -4.9258 133.4963 218.4851
v -31.2793 91.0621 243.2473
v 34.5040 114.2685 231.2967
v -57.4131 92.9650 199.0396
v -52.8544 39.4408 189.2364
v 36.2449 134.9168 245.8048
v 46.3820 111.9076 273.6661
v 59.2089 134.9431 262.0726
v 18.1451 112.6192 255.4106
v 19.5002 60.8231 215.5819
v 36.1619 45.2820 296.1518
v 7.6689 68.7907 267.2923
v 5.5188 51.5515 306.3587
v 36.1619 45.2820 296.1518
v 5.5188 51.5515 306.3587
v 20.3449 42.7235 318.4867
v 22.6540 15.3676 313.1740
v 22.6540 15.3676 313.1740
v 41.7220 -16.8423 280.0497
v 36.1619 45.2820 296.1518
v 1.1086 20.6798 357.2570
v 4.3582 39.0190 369.2516
v 2.7833 35.5972 373.7123
v 4.7449 31.2868 343.3403
v -8.6047 34.0031 548.5898
v -2.8345 21.1432 539.0500
v 1.9879 29.5734 549.8464
v 59.2089 134.9431 262.0726
v 76.9510 118.5752 255.0785
v 75.2089 167.0811 252.3116
v 75.2089 167.0811 252.3116
v 36.2449 134.9168 245.8048
v 59.2089 134.9431 262.0726
v -137.0216 10.1563 172.6677
v -103.1949 -6.0862 190.5773
v -109.8851 40.5779 179.7117
v 46.3820 111.9076 273.6661
v 18.1451 112.6192 255.4106
v -24.3065 88.4137 252.9665
v 46.3820 111.9076 273.6661
v -24.3065 88.4137 252.9665
v 31.9016 87.4965 290.4758
v 3.6644 66.4026 357.8721
v -38.3446 80.0747 304.4123
v -24.8608 59.1244 333.1961
v 10.7554 88.7367 341.0430
v -18.7882 64.9299 264.2164
v 46.9948 88.1372 252.2651
v 18.2723 64.7883 308.6566
v -18.5176 65.5771 284.5497
v -8.5301 47.8195 315.4423
v 18.2723 64.7883 308.6566
v -8.5301 47.8195 315.4423
v 7.2945 47.8238 326.6176
v 27.3151 29.3182 318.6037
v 18.2723 64.7883 308.6566
v 7.2945 47.8238 326.6176
v 27.3151 29.3182 318.6037
v 64.6721 21.5411 288.9278
v 18.2723 64.7883 308.6566
v -1.2312 41.7127 289.3856
v 9.2837 46.9113 258.0450
v -7.1188 18.2654 354.8267
v -9.3965 39.8330 368.9786
v -26.0812 32.5764 350.3738
v 4.6736 30.0406 371.0767
v -68.4329 127.3736 268.4148
v -46.9529 138.1139 263.6899
v -92.2276 154.0684 259.5961
v -92.2276 154.0684 259.5961
v -75.0588 107.1629 250.1449
v -68.4329 127.3736 268.4148
v -51.8096 106.7800 279.0082
v -61.3102 81.9665 260.0748
v -54.3293 34.2174 257.7836
v -0.3751 84.4848 480.1364
v -18.1725 45.9302 498.6790
v 12.1102 72.9704 492.1064
v -51.8096 106.7800 279.0082
v -54.3293 34.2174 257.7836
v -35.2610 83.8341 295.4578
v -26.6938 -21.3148 320.6164
v 9.9764 3.9502 311.9322
v -16.6219 1.6304 337.4004
v 17.5564 -18.2720 281.6677
v -20.3336 62.2097 313.0836
v -32.7068 29.8272 288.3133
v -14.7107 31.1201 318.5135
v -20.3336 62.2097 313.0836
v -14.7107 31.1201 318.5135
v -10.1493 45.0413 331.1014
v 14.0581 57.1444 325.7594
v -20.3336 62.2097 313.0836
v -10.1493 45.0413 331.1014
v 14.0581 57.1444 325.7594
v 35.9647 90.1824 299.5439
v -20.3336 62.2097 313.0836
v -1.4413 33.9958 581.3645
v -13.5646 32.0203 573.6563
v -7.6735 26.5745 583.0762
v -97.8149 93.4118 275.4712
v -83.1619 65.0317 287.6683
v -65.2573 100.1938 282.6255
v -143.0230 79.9834 270.0829
v -101.5683 53.9132 257.8498
v -108.7039 72.0281 278.5379
v 6.4220 -77.6765 297.8867
v 18.8527 -49.2196 307.3882
v -17.3814 -55.7405 304.5510
v 29.2435 -74.1320 300.2657
v -153.9884 128.0091 157.8437
v -54.7581 -17.5266 360.8469
v -17.4253 -11.6488 377.6454
v -62.9055 13.7456 371.0923
v -39.0063 11.7739 252.1400
v -20.9805 16.8794 287.5865
v -56.3296 55.7486 302.3600
v 61.2212 51.8854 277.0880
v 18.1975 88.3199 232.1269
v 7.6689 68.7907 267.2923
v 36.1619 45.2820 296.1518
v 18.2723 64.7883 308.6566
v 64.6721 21.5411 288.9278
v 78.5189 43.7851 269.8131
v 31.9016 87.4965 290.4758
v 5.6220 23.9300 360.6530
v -11.4591 19.1847 346.8251
v 2.9018 16.1270 334.2015
v -5.9426 34.8593 488.1497
v 2.8691 20.0194 478.6992
v 5.5941 29.5370 492.2587
v -99.5810 -14.8694 279.1481
v -69.6472 -18.9115 294.2932
v -86.1274 15.3655 284.5947
v -115.6602 -59.0202 276.5034
v -69.3523 -42.7269 266.8544
v -89.5713 -35.7650 285.0487
v 76.9510 118.5752 255.0785
v 46.3820 111.9076 273.6661
v 75.8371 84.3962 260.9604
v 59.2089 134.9431 262.0726
v -26.6938 -21.3148 320.6164
v -71.2023 -23.8766 300.7221
v -38.7057 -45.4004 305.4295
v -76.0655 12.6390 308.7604
v -69.6472 -18.9115 294.2932
v 1.4462 -18.7727 265.0771
v -47.6522 -1.9342 309.2470
v 52.7333 37.1198 464.6131
v 22.4666 65.7441 472.3088
v 12.1241 51.8651 484.9000
v -27.4603 10.4778 327.7448
v 5.1565 1.7213 298.7869
v 2.9018 16.1270 334.2015
v 1.0924 25.0694 364.6625
v -27.4603 10.4778 327.7448
v -24.1315 38.6071 340.7710
v -27.4603 10.4778 327.7448
v -11.4591 19.1847 346.8251
v -24.1315 38.6071 340.7710
v -60.6353 47.0734 316.2555
v -27.4603 10.4778 327.7448
v 10.4145 24.0534 313.0931
v 4.4180 15.7726 283.5074
v 17.5186 54.4487 280.5837
v -11.0482 44.3704 285.7740
v 13.0722 35.0827 302.3575
v -6.2985 28.2493 305.8765
v -48.5224 -68.8803 296.1516
v -68.1852 -56.1216 293.6823
v -60.0702 -101.3428 288.2074
v -60.0702 -101.3428 288.2074
v -30.5584 -64.5833 276.3853
v -48.5224 -68.8803 296.1516
v -38.7057 -45.4004 305.4295
v -15.9070 -43.4468 285.3032
v 17.5564 -18.2720 281.6677
v -38.7057 -45.4004 305.4295
v 17.5564 -18.2720 281.6677
v -26.6938 -21.3148 320.6164
v -35.9670 8.8313 187.8865
v -16.8892 18.4937 231.3470
v -16.6219 1.6304 337.4004
v 9.9764 3.9502 311.9322
v 3.8345 21.2284 341.4406
v -16.6219 1.6304 337.4004
v 3.8345 21.2284 341.4406
v -7.1188 18.2654 354.8267
v -26.0812 32.5764 350.3738
v -16.6219 1.6304 337.4004
v -7.1188 18.2654 354.8267
v -26.0812 32.5764 350.3738
v -61.4480 34.1768 322.0322
v -16.6219 1.6304 337.4004
v -3.3757 25.6543 519.6911
v -9.4658 36.3646 511.0318
v -9.5638 27.2864 501.9770
v -11.5077 33.7083 585.5581
v -9.4752 22.6546 581.1265
v -6.7385 28.2266 589.3558
v 29.2435 -74.1320 300.2657
v 6.4220 -77.6765 297.8867
v 42.0820 -105.5800 292.3861
v 42.0820 -105.5800 292.3861
v 38.9587 -58.7638 279.9344
v 29.2435 -74.1320 300.2657
v 52.0883 63.4196 457.1145
v 18.8527 -49.2196 307.3882
v 31.7271 -31.1333 283.5943
v 34.6859 13.4496 273.3674
v 18.8527 -49.2196 307.3882
v 34.6859 13.4496 273.3674
v 9.1744 -21.8583 319.6706
v -16.7051 85.6716 349.8160
v -26.9521 38.9089 339.7793
v -10.1245 63.5753 366.3593
v -44.4139 47.7589 310.9700
v 2.1671 2.0357 338.3388
v 14.4886 25.2762 307.5565
v 4.7449 31.2868 343.3403
v 2.1671 2.0357 338.3388
v 4.7449 31.2868 343.3403
v 1.1086 20.6798 357.2570
v -21.9751 16.4822 354.5628
v 2.1671 2.0357 338.3388
v 1.1086 20.6798 357.2570
v -21.9751 16.4822 354.5628
v -51.3336 -8.2264 333.4611
v 2.1671 2.0357 338.3388
v 2.7919 26.8419 466.4467
v -10.3261 33.1886 456.7186
v -4.3096 24.9970 445.7976
v 3.9682 28.4539 488.9467
v 3.9713 45.0003 480.3214
v -4.8949 37.2526 491.0378
v 89.6740 -35.3112 302.4814
v 72.4979 -48.4163 299.0860
v 115.3363 -54.3900 293.8367
v 89.6740 -35.3112 302.4814
v 115.3363 -54.3900 293.8367
v 70.8999 -20.5721 311.0980
v 73.0671 3.5207 294.4360
v 56.0822 44.1439 290.8031
v 13.8877 -39.4591 367.2887
v 29.4401 -6.2537 385.3570
v -16.5155 -28.5322 376.1758
v 51.7505 -4.0175 324.1096
v 37.9692 43.2787 317.7886
v 35.1412 11.8322 339.5351
v 56.0822 44.1439 290.8031
v 70.8999 -20.5721 311.0980
v -10.0960 47.2573 264.4681
v -16.7958 63.5406 223.0053
v 86.5472 30.6203 218.9743
v 41.0557 83.8907 234.7713
v 35.1412 11.8322 339.5351
v 37.9692 43.2787 317.7886
v 24.8294 38.2298 345.5762
v 35.1412 11.8322 339.5351
v 24.8294 38.2298 345.5762
v 23.6006 24.5641 355.0265
v 35.1412 11.8322 339.5351
v 7.1901 -38.0180 315.3001
v 51.7505 -4.0175 324.1096
v -9.4187 -22.1688 330.7253
v 4.2502 9.7987 351.2005
v 3.8180 44.3890 335.6592
v -0.5173 24.6068 384.6365
v 0.0122 41.4778 387.5792
v 104.7808 28.2079 309.4189
v 81.5041 45.5941 322.0922
v 80.3639 9.2807 315.7585
v 137.2561 57.6058 304.9896
v 91.8553 63.4902 294.9949
v 105.4745 50.2919 313.2707
v -48.5224 -68.8803 296.1516
v -15.9070 -43.4468 285.3032
v -38.7057 -45.4004 305.4295
v -30.5584 -64.5833 276.3853
v -5.9407 121.1686 177.9645
v -60.1177 70.4406 199.2650
v -62.1664 4.1449 146.3575
v -89.9167 56.3178 153.9199
v 13.0256 15.4822 366.7291
v 30.0959 -17.0737 343.3784
v 31.8935 40.2205 353.3727
v -0.1957 23.7568 351.8189
v -14.7084 36.1085 338.9749
v -9.7927 23.6308 324.7256
v 9.7745 22.9311 335.6023
v 8.3494 41.5242 339.2953
v 22.6540 15.3676 313.1740
v 4.8053 132.9893 303.9562
v 18.4757 113.3399 327.3626
v 25.6502 136.3157 318.9134
v 34.8321 167.1137 311.1991
v 65.6746 0.2933 372.5192
v 51.7256 33.8405 390.1860
v 37.0759 -14.3498 380.5399
v 18.4757 113.3399 327.3626
v -6.8261 109.2850 309.1964
v -38.3446 80.0747 304.4123
v -172.3102 -35.6001 168.8305
v -20.1504 -31.5175 153.1280
v -70.8415 5.3422 208.8581
v -77.8369 -24.5255 162.6977
v -81.3979 78.9670 191.7139
v 18.4757 113.3399 327.3626
v -38.3446 80.0747 304.4123
v 10.7554 88.7367 341.0430
v 3.6644 66.4026 357.8721
v -24.8608 59.1244 333.1961
v -16.6532 47.7080 365.1099
v 3.6644 66.4026 357.8721
v -16.6532 47.7080 365.1099
v -3.9937 50.7704 375.7765
v 2.5955 22.4175 307.7169
v -6.6736 15.8905 277.9564
v 15.9884 24.8509 311.6964
v -8.1457 26.4626 326.9866
v -6.4039 6.9163 307.7233
v 6.8862 38.6225 329.3508
v -48.1108 159.6170 319.8936
v -44.3007 115.5443 310.1411
v -34.6337 131.0393 327.8254
v -25.3117 109.3618 336.2848
v -37.8511 90.4887 315.5794
v -44.4139 47.7589 310.9700
v -143.0230 79.9834 270.0829
v 75.8371 84.3962 260.9604
v 31.9016 87.4965 290.4758
v 78.5189 43.7851 269.8131
v 46.3820 111.9076 273.6661
v -25.3117 109.3618 336.2848
v -44.4139 47.7589 310.9700
v -16.7051 85.6716 349.8160
v 3.6644 66.4026 357.8721
v 46.4707 36.7582 338.6645
v 54.5153 58.6442 321.6312
v 10.7554 88.7367 341.0430
v 46.5381 94.0615 314.9892
v -10.1245 63.5753 366.3593
v -26.9521 38.9089 339.7793
v -13.2299 35.7634 371.2156
v -7.3970 38.1369 447.8781
v 4.1914 47.0984 436.8497
v -7.2692 45.9344 426.3114
v -9.7679 30.6406 554.5210
v 1.3967 32.3749 555.8385
v -88.0148 78.4125 329.0855
v -74.6310 55.3364 342.9505
v -59.3291 85.4412 333.8320
v -97.3208 60.1044 334.6307
v -127.7239 65.7286 326.9504
v -127.7239 65.7286 326.9504
v -91.2478 41.8064 318.7446
v -97.3208 60.1044 334.6307
v -74.6310 55.3364 342.9505
v -67.5467 32.6080 325.3924
v -37.4223 2.3388 326.4991
v 18.8527 -49.2196 307.3882
v 38.9587 -58.7638 279.9344
v 31.7271 -31.1333 283.5943
v 29.2435 -74.1320 300.2657
v -34.8225 86.1638 423.0706
v -44.8886 39.7511 428.9195
v -25.1632 36.8482 442.5933
v -74.6310 55.3364 342.9505
v -37.4223 2.3388 326.4991
v -50.6834 49.2809 356.3723
v 10.3056 61.1398 324.4062
v 55.6660 42.0575 336.1741
v -29.1217 42.8608 372.8458
v -20.1024 12.8891 351.0832
v -9.0468 24.4486 378.9284
v -3.2210 19.4501 263.9467
v 4.2502 9.7987 351.2005
v 35.1412 11.8322 339.5351
v 23.6006 24.5641 355.0265
v 2.3950 24.7013 366.7004
v 15.5164 34.7132 369.2944
v -77.5420 -9.7100 335.1625
v -73.6435 11.1940 357.0257
v -93.1087 1.4333 348.9083
v -119.0162 -12.0986 341.3090
v 8.7184 -31.0738 440.3563
v 23.8951 -2.7250 454.4328
v -16.6148 -20.4409 448.9042
v -73.6435 11.1940 357.0257
v -54.7160 -2.3713 340.7153
v -14.6618 -6.4246 340.7050
v 36.1368 -68.6494 209.6296
v -15.9884 124.5341 270.1179
v -35.2610 83.8341 295.4578
v 21.5092 111.8936 280.8645
v -51.8096 106.7800 279.0082
v -73.6435 11.1940 357.0257
v -14.6618 -6.4246 340.7050
v -52.6993 20.9766 370.0259
v 9.1744 -21.8583 319.6706
v 34.6859 13.4496 273.3674
v 14.4886 25.2762 307.5565
v 2.1671 2.0357 338.3388
v -33.4647 29.2917 385.9299
v -8.7273 11.5409 365.1706
v -8.1450 27.1983 392.8489
v -22.4264 55.9895 395.0570
v -33.4647 29.2917 385.9299
v -41.6590 77.9171 369.2139
v -0.1160 28.0075 402.3040
v -13.2307 37.0523 389.8702
v -9.0468 24.4486 378.9284
v -2.7471 57.6792 383.6219
v -4.9801 90.3596 358.4582
v -29.1217 42.8608 372.8458
v 5.6613 46.0058 401.5505
v -1.4477 32.0192 405.7869
v -81.5356 -65.3632 345.6387
v -48.5776 -39.9821 334.4287
v -64.5233 -40.4221 352.5976
v -50.9831 -22.3036 360.1316
v -31.7273 -22.6880 340.2796
v 3.1727 -6.7873 337.7219
v -31.2125 -10.8766 518.1087
v 6.7026 -4.9871 522.5832
v 3.2352 10.6796 533.6950
v -12.3960 -25.4644 510.6671
v -50.9831 -22.3036 360.1316
v 3.1727 -6.7873 337.7219
v -35.0711 -3.9133 372.3362
v -40.8185 14.3228 231.3346
v -3.3130 9.0298 238.7726
v -17.6966 19.4884 254.5852
v -7.7200 -9.7439 194.9471
v -51.3758 87.9473 214.1898
v -19.2077 11.9651 387.3154
v 5.8818 11.0935 362.2969
v 5.1737 23.2018 390.3124
v -19.2077 11.9651 387.3154
v 5.1737 23.2018 390.3124
v -5.8101 22.8983 402.8266
v -70.9026 35.3851 367.2928
v -35.0711 -3.9133 372.3362
v -5.0235 26.9717 344.7905
v -10.1493 45.0413 331.1014
v -14.7107 31.1201 318.5135
v -3.7064 31.3778 349.0990
v -11.1489 29.6062 518.1389
v -0.5328 41.7738 525.2515
v -10.3416 44.3894 512.1350
v -2.0963 31.0153 530.0859
v -50.0452 -44.8629 354.5055
v -25.9327 -33.6221 365.0000
v -32.5151 -54.6516 357.0311
v -40.2322 -83.0299 349.4963
v -17.0597 -48.9968 339.8884
v -40.2322 -83.0299 349.4963
v -71.4681 32.2880 470.0549
v -56.9277 21.4320 482.7949
v -53.9811 44.1289 473.7109
v -73.5807 18.1665 476.3765
v -7.1639 -26.7548 344.1823
v 20.0933 2.0795 336.0316
v 16.2091 16.8872 365.8714
v 1.4486 27.3644 534.3323
v -9.9004 25.3535 525.1936
v -1.2649 20.7298 517.3895
v 11.9366 40.5143 453.3443
v -6.8326 44.6849 443.8598
v -0.7138 35.3796 458.3714
v 38.9764 -51.0136 361.9941
v 43.0149 -25.3391 373.1075
v 56.6902 -42.4268 365.5327
v 75.6490 -64.6081 358.5395
v 61.6791 -26.3629 349.1400
v 75.6490 -64.6081 358.5395
v -25.8281 86.2938 472.7776
v -30.6581 57.4450 486.7085
v -50.9831 -22.3036 360.1316
v -48.5776 -39.9821 334.4287
v -31.7273 -22.6880 340.2796
v -64.5233 -40.4221 352.5976
v -53.9811 44.1289 473.7109
v -39.3730 24.6126 493.2717
v -37.5166 58.3987 481.0755
v -56.9277 21.4320 482.7949
v 49.0732 -5.8312 353.2005
v 41.5501 32.7428 345.5636
v 22.5368 -5.0252 247.4198
v 28.4657 31.9293 250.9519
v 21.1172 19.1505 268.8361
v 39.4468 24.3802 206.2653
v 27.8110 -35.8564 226.6292
v -10.3701 -75.8167 207.2737
v 53.7095 9.1785 163.5983
v -45.5661 -47.1656 222.9115
v -50.8402 -16.3354 243.7014
v 10.7945 33.7183 419.8126
v 0.0877 22.1141 408.8459
v 10.7335 26.0097 397.0387
v 7.0606 28.8965 448.3654
v -3.7490 38.5073 451.2326
v 91.0584 10.6571 367.9527
v 74.9601 30.8365 378.6326
v 125.6777 28.0091 365.4622
v 88.8582 43.7375 355.3351
v 96.7055 29.2319 371.6705
v -34.6337 131.0393 327.8254
v -13.6571 134.9021 324.1234
v -48.1108 159.6170 319.8936
v 9.1808 115.7140 330.1973
v -16.7051 85.6716 349.8160
v 37.7158 95.6945 340.2109
v -25.3117 109.3618 336.2848
v -53.0585 24.8888 502.3135
v -14.1278 12.2720 520.3590
v -43.4354 38.2298 513.7888
v -51.9304 0.2344 495.3850
v -23.7512 -1.0693 508.8834
v -10.1245 63.5753 366.3593
v -13.2299 35.7634 371.2156
v -6.5715 46.4369 383.3960
v 44.2963 73.5989 356.7536
v 18.1000 60.7781 378.6801
v 30.5393 37.7865 404.5712
v 9.0086 30.8827 489.6544
v 13.5965 24.2473 470.5176
v -9.4277 16.7513 412.0051
v -27.9228 -10.3552 391.2345
v 18.0325 11.9239 400.4162
v 10.5287 26.4264 415.9925
v -7.9574 31.3651 427.8598
v 5.5748 37.9253 430.5632
v 91.7897 41.9339 376.3118
v 69.7379 54.2252 387.4778
v 72.7855 22.8069 381.5456
v 116.6589 71.0536 372.8752
v 76.7362 71.1457 364.1146
v 89.9365 61.0409 379.9195
v 71.0635 -66.4549 244.7150
v 70.0933 -32.6645 259.2653
v 36.9444 -58.9170 252.5480
v 90.9079 -50.5225 248.1541
v 88.3990 60.3729 260.8121
v 18.1975 88.3199 232.1269
v 61.2212 51.8854 277.0880
v 91.6792 21.0518 249.7838
v 66.6433 -10.0777 259.8490
v 17.3071 1.4785 199.4093
v -28.0342 -41.2442 219.9613
v 20.8042 -20.0369 156.4295
v -52.6993 20.9766 370.0259
v -78.8363 42.0134 346.4315
v -60.8930 69.6023 353.3104
v 6.5087 59.7394 389.4610
v 27.4325 43.7238 414.5110
v 47.7894 48.1442 399.6247
v 52.5985 -1.4265 390.2646
v -6.9317 29.7564 395.4194
v -22.2817 51.4605 247.1395
v -2.9902 44.0177 271.2872
v 0.1184 22.3378 276.3354
v 59.0388 138.5868 378.9703
v 30.0315 111.8152 370.9825
v 46.6697 113.5043 386.2828
v -31.6246 -18.6016 429.1603
v -3.6392 -10.4606 449.8167
v -42.8179 7.6139 435.8624
v -12.5521 56.3942 397.1659
v 13.8202 59.0725 421.4164
v 25.2741 75.8973 406.3869
v 20.1332 32.9252 432.6206
v 50.5301 26.4347 411.6782
v -10.8839 35.8988 295.3211
v -72.2930 126.8007 386.3285
v -61.7019 88.9120 380.7407
v -54.3194 105.8123 393.3913
v -75.0830 -91.1870 190.4215
v -40.1730 -73.4863 202.9425
v -82.8158 -52.1110 199.6475
v -41.0750 89.9144 401.0170
v -50.2069 69.5153 386.3185
v -46.5500 32.6065 387.4719
v -25.3117 109.3618 336.2848
v -44.3007 115.5443 310.1411
v -37.8511 90.4887 315.5794
v -34.6337 131.0393 327.8254
v -41.0750 89.9144 401.0170
v -46.5500 32.6065 387.4719
v -27.3997 72.7150 413.2858
v -15.3754 56.8325 428.3303
v -27.4453 30.3202 409.7498
v -11.9172 33.0436 435.1466
v -15.3754 56.8325 428.3303
v 15.5613 90.1524 396.2134
v -27.3997 72.7150 413.2858
v -11.9172 33.0436 435.1466
v 11.8235 52.2577 436.4454
v 27.5854 74.2704 411.2573
v -7.6537 37.4464 487.7875
v -4.6961 45.6089 470.1107
v 3.8411 43.1161 468.2008
v 0.8770 29.4493 469.9230
v -6.2779 28.7782 597.9887
v -10.8029 28.2948 600.0806
v -64.5233 -40.4221 352.5976
v -78.3344 -25.2764 350.6590
v -81.5356 -65.3632 345.6387
v -50.9831 -22.3036 360.1316
v -73.6935 2.6007 356.9438
v -59.2777 -145.4963 182.7314
v 36.6191 10.5035 533.7382
v 26.2859 45.2098 540.1148
v 12.3511 39.3515 550.9140
v 22.6847 4.6453 544.5370
v 47.6636 30.4954 527.2511
v -47.6522 -1.9342 309.2470
v 5.1565 1.7213 298.7869
v -27.4603 10.4778 327.7448
v 1.4462 -18.7727 265.0771
v 16.9937 25.1627 291.4310
v 31.7839 17.4265 252.7396
v 47.5241 2.2159 215.8306
v -21.4015 46.7993 578.1577
v -2.4945 42.2540 575.9783
v -17.8614 40.6126 583.0823
v -14.7185 35.1234 588.9001
v -18.8764 53.3743 572.1376
v -29.4099 60.8066 571.5538
v -11.6617 47.8395 573.6553
v -11.1489 29.6062 518.1389
v -0.0961 28.1822 528.0257
v -2.0963 31.0153 530.0859
v -4.7893 20.7599 511.6126
v -19.6628 33.1415 405.9998
v -8.2882 7.9232 393.0421
v -53.7686 33.3170 386.4884
v 7.4059 32.4784 423.5711
v -5.9863 39.9561 421.6415
v -77.9720 29.8087 395.0112
v -66.4996 41.4553 417.7786
v -86.7058 41.7013 410.8670
v -113.6980 40.9474 404.4503
v 125.6777 28.0091 365.4622
v 65.4301 48.4519 358.7953
v 32.6747 69.0532 350.5318
v 36.0048 36.5747 541.2347
v 10.1098 57.7838 547.3621
v 2.6059 46.0838 557.4809
v 33.9900 57.6024 535.1848
v -11.3188 17.9984 417.4624
v -60.1192 70.8719 414.0718
v -23.6859 10.8817 390.4295
v 49.1294 -11.9563 276.4619
v 61.2022 39.5653 243.9049
v 36.6747 41.5691 270.7757
v 29.6245 8.1347 293.8265
v -32.2919 45.5922 320.3765
v -5.9552 53.3439 454.1782
v -15.0976 83.2611 436.7440
v -7.1188 18.2654 354.8267
v 7.9564 31.1146 366.6869
v 4.6736 30.0406 371.0767
v 3.8345 21.2284 341.4406
v -21.3710 39.9612 400.6418
v -55.0405 51.2575 382.2848
v -5.2758 42.0587 415.8571
v 5.2754 30.4884 417.3382
v -60.3825 -20.4211 410.7100
v -38.2106 -18.2245 423.3271
v -55.6200 4.3070 414.5659
v -64.8990 -55.6679 409.2194
v -32.9912 -36.2261 403.1590
v -49.7951 -34.1238 416.0379
v 95.3633 112.9892 199.2680
v 100.0124 167.0644 194.5054
v 89.4298 75.2560 206.7435
v 21.5092 111.8936 280.8645
v -35.2610 83.8341 295.4578
v 13.4837 9.4526 428.8740
v -25.3430 -1.7527 435.0023
v 15.4496 -6.8551 403.7390
v -7.3751 24.2152 580.7643
v -12.6271 24.6079 566.3938
v -5.1817 31.8086 491.4317
v 10.0196 26.6593 480.6504
v 6.7469 37.0253 493.0595
v -46.9529 138.1139 263.6899
v -51.8096 106.7800 279.0082
v -15.9884 124.5341 270.1179
v -68.4329 127.3736 268.4148
v -17.3814 -55.7405 304.5510
v 9.1744 -21.8583 319.6706
v -46.1555 -32.9566 316.4569
v 18.8527 -49.2196 307.3882
v 9.2209 52.0652 408.3473
v 14.6267 42.0737 419.5987
v 15.8903 -10.4040 394.9248
v 4.3378 30.7403 546.9709
v 4.5479 24.8095 530.0161
v -7.7848 36.2414 541.3971
v -5.9503 21.7746 532.2285
v 0.8451 28.5977 543.3316
v -24.3286 -41.7164 425.0895
v -6.7930 -30.0577 438.0044
v -9.2273 -48.6836 430.4679
v -12.0991 -73.7217 423.2243
v 6.3466 -42.5464 418.5890
v -12.0991 -73.7217 423.2243
v -96.2665 20.1762 342.4655
v -119.0162 -12.0986 341.3090
v -54.7160 -2.3713 340.7153
v -41.0750 89.9144 401.0170
v -61.7019 88.9120 380.7407
v -50.2069 69.5153 386.3185
v -54.3194 105.8123 393.3913
v 32.2423 -5.8469 405.1505
v 15.7442 72.6732 361.2587
v 12.1198 -22.6045 423.5789
v 34.1670 4.4387 420.9811
v 15.3359 13.6054 467.3518
v 24.4386 16.8527 445.2794
v -14.1447 27.8681 472.6390
v -0.2464 7.1242 464.1069
v -39.4252 25.1982 450.1520
v 7.6589 39.9265 489.8493
v 12.8845 35.7741 470.5653
v -1.4948 25.4633 575.7811
v -3.7915 37.7263 567.8840
v -9.1199 31.7086 577.5853
v 29.6195 -41.9785 435.1126
v 34.3940 -19.8457 443.8601
v 60.4544 -54.9945 431.0417
v 49.3939 -21.9179 422.6011
v 45.2342 -35.1503 437.2433
v -82.8254 59.5910 408.6128
v -113.6980 40.9474 404.4503
v -55.8931 27.0132 398.5237
v 20.1352 -128.8345 230.3817
v 29.8614 -45.7151 224.5965
v 42.6569 -42.1215 305.5148
v 70.8999 -20.5721 311.0980
v -7.5721 18.9656 478.2492
v -25.1737 -4.1110 461.8228
v 0.4945 39.9433 496.0346
v 11.9715 34.3621 486.3331
v 7.0095 43.4026 477.3910
v 13.8553 20.1103 425.8054
v 1.1194 26.2828 441.4637
v -0.2968 40.8796 444.2198
v 76.0363 10.7470 438.8069
v 62.4587 27.2884 449.3330
v 54.5552 1.4992 442.8205
v 105.4109 25.9133 436.6791
v 73.6399 39.5557 429.7846
v 80.8430 26.4307 442.7674
v -110.4342 -29.4037 232.4243
v -121.9499 -79.4701 225.3516
v -99.3602 4.9166 240.9037
v -51.6242 -10.7615 260.2604
v -89.7046 45.7229 254.6751
v -50.6763 -33.4231 216.1151
v -2.5510 -15.8367 203.6334
v -64.8990 -55.6679 409.2194
v 3.4951 2.8142 242.6467
v -11.5485 31.3548 575.2655
v -11.4212 36.6144 560.5967
v -8.3623 25.4748 565.1093
v 4.2293 30.6877 556.3718
v -3.3425 35.0480 567.0697
v 62.8777 123.0061 444.0410
v 37.2963 102.9000 432.1826
v 49.8791 102.0157 447.0072
v 60.0758 74.3245 387.8782
v 61.9836 43.2590 396.6494
v 60.8191 100.9235 382.5297
v 36.8093 95.0112 394.0497
v 24.1714 87.5105 433.1223
v 39.4519 86.4369 451.1249
v -17.8040 -20.7772 407.6872
v -52.8115 33.7964 421.1790
v -26.5405 96.7799 341.9827
v 17.0425 32.0248 477.2372
v 14.6067 55.5804 469.1545
v 44.7064 25.7005 462.0527
v 7.8100 30.1945 474.9224
v -3.4916 23.1723 464.0050
v 8.0833 21.7247 455.1345
v 27.3151 29.3182 318.6037
v -1.7507 35.6788 344.1974
v 11.7206 23.3514 339.2099
v 7.2945 47.8238 326.6176
v 53.5172 85.8777 452.5537
v 32.9053 81.5621 461.9919
v 41.8511 96.9112 455.5198
v 27.9392 95.9060 442.3614
v 16.0108 80.3413 446.0126
v 53.0928 117.7639 449.4538
v 53.0928 117.7639 449.4538
v 137.2561 57.6058 304.9896
v -28.0809 111.2267 294.4032
v -4.0439 101.0705 312.4192
v -74.4962 43.0332 262.5452
v -11.3054 63.3031 440.3671
v -9.9269 50.2711 464.0444
v -27.3997 72.7150 413.2858
v -27.4453 30.3202 409.7498
v -15.3754 56.8325 428.3303
v -46.5500 32.6065 387.4719
v 42.3911 23.2413 477.2039
v 8.7716 30.5850 413.3548
v -31.0805 23.3878 260.2862
v -81.8627 21.3546 235.6910
v -14.5814 -12.3691 240.8909
v -10.3522 34.2137 281.2721
v 9.4596 24.2831 282.8030
v -24.7374 101.1713 454.0598
v -30.3949 82.0897 464.9127
v -5.8697 89.9241 459.1838
v -52.6035 115.3300 450.2444
v -45.3704 82.9243 445.6971
v -39.6524 96.4070 457.5436
v -5.7779 31.8804 591.6396
v -15.7415 -62.8777 171.1601
v -95.3151 -7.5197 214.7622
v 14.5458 25.7024 544.8841
v -2.5011 -6.8087 538.2264
v -13.9567 52.1773 489.5945
v 17.3231 78.9196 467.1284
v -21.3718 66.5583 476.1674
v -23.0193 30.8063 470.8184
v -8.2471 23.5870 300.9983
v -17.1698 29.7228 270.4492
v 5.5727 36.5062 520.6382
v -3.3445 28.5439 522.5734
v -47.4043 89.7025 468.3359
v -45.0219 69.1560 476.9429
v -59.0771 79.2803 470.8690
v -78.3546 92.1414 465.2110
v -59.2199 66.1010 457.7225
v -78.3546 92.1414 465.2110
v 17.9636 -102.7702 197.5762
v 61.5030 -137.3539 189.0817
v 49.0928 -46.1209 178.0978
v 60.4544 -54.9945 431.0417
v 33.9922 29.3977 418.8890
v 39.4452 -3.7764 426.0790
v 64.9649 61.6218 299.8985
v 22.6037 74.0965 291.8099
v 53.8676 -15.2367 326.1805
v -18.3981 25.0403 477.8424
v -31.0040 25.4513 454.7959
v -45.1951 53.1512 460.9783
v -52.6993 20.9766 370.0259
v -8.7273 11.5409 365.1706
v -33.4647 29.2917 385.9299
v -14.6618 -6.4246 340.7050
v -16.6219 1.6304 337.4004
v -76.0655 12.6390 308.7604
v -26.6938 -21.3148 320.6164
v -61.4480 34.1768 322.0322
v 3.6845 48.1072 508.1775
v 24.0688 42.1235 283.1345
v 8.2655 21.1465 415.4095
v -1.6868 31.9928 430.8868
v 2.6270 46.1831 433.7271
v -73.5807 18.1665 476.3765
v -71.4681 32.2880 470.0549
v -95.9590 13.6046 470.5251
v -95.9590 13.6046 470.5251
v -64.4578 5.2445 466.9799
v -73.5807 18.1665 476.3765
v -38.7057 -45.4004 305.4295
v -68.1852 -56.1216 293.6823
v -48.5224 -68.8803 296.1516
v -71.2023 -23.8766 300.7221
v -74.6310 55.3364 342.9505
v -91.2478 41.8064 318.7446
v -67.5467 32.6080 325.3924
v -97.3208 60.1044 334.6307
v -62.9430 94.3969 237.5917
v -67.6928 26.4088 251.4031
v -56.9277 21.4320 482.7949
v -17.0038 -6.5488 469.9981
v -39.3730 24.6126 493.2717
v -23.5171 27.3557 505.6468
v -8.6012 7.2130 490.3503
v -4.7893 20.7599 511.6126
v -23.5171 27.3557 505.6468
v -4.7893 20.7599 511.6126
v -11.1489 29.6062 518.1389
v -10.3416 44.3894 512.1350
v -23.5171 27.3557 505.6468
v -11.1489 29.6062 518.1389
v -10.3416 44.3894 512.1350
v -23.0047 60.2528 493.9327
v -23.5171 27.3557 505.6468
v -4.2812 37.5809 564.5375
v 1.2801 38.6452 548.4172
v -2.4416 60.2007 335.5190
v 6.5579 44.0647 354.0118
v -1.7603 27.7285 356.3546
v -52.6930 -12.3086 473.5516
v -50.9827 3.4431 490.9477
v -65.2295 -5.5955 484.8823
v -84.0499 -18.1289 479.2618
v -95.8124 66.0388 226.1114
v -125.9053 44.3876 219.3130
v -166.2042 10.5865 215.1785
v -30.0578 -14.8192 199.2274
v -79.9968 2.3230 208.7634
v 59.0388 138.5868 378.9703
v 16.6040 92.9597 375.4694
v -15.1161 71.7958 369.2457
v -39.3730 24.6126 493.2717
v -8.6012 7.2130 490.3503
v -23.5171 27.3557 505.6468
v -17.0038 -6.5488 469.9981
v -0.4713 34.2200 561.4159
v -9.5885 27.9091 559.9848
v -9.4525 16.8090 548.7218
v -0.1756 36.8029 558.6884
v 3.9929 26.1164 550.8327
v 4.9217 34.2310 542.2641
v 7.5249 46.5045 499.2242
v 24.7379 64.5391 480.5551
v 5.0533 36.2910 513.0084
v -6.3409 32.6510 515.6699
v -52.7745 -20.8627 491.2443
v -33.3554 -16.2182 499.5489
v -41.4783 -30.8686 493.7764
v -51.6436 -50.7489 488.4473
v -17.9687 -14.6991 484.1509
v -51.6436 -50.7489 488.4473
v -28.8080 -29.6177 481.0967
v -69.5396 8.6404 480.5809
v -84.0499 -18.1289 479.2618
v -58.0704 26.8516 483.8745
v -35.4651 12.4987 500.7384
v -46.6483 49.4317 489.5783
v -5.0317 -3.7970 473.2336
v -35.7585 -4.7090 477.1881
v -21.0740 26.1827 583.5535
v 0.6484 36.7650 581.7956
v -35.2518 33.8279 447.4103
v 5.9553 14.2553 500.2620
v 7.0068 1.9679 478.1034
v 57.1651 40.2507 451.8007
v 27.0658 70.1310 458.9021
v 2.7772 22.6366 523.4951
v -18.6775 33.0469 529.3751
v 14.7968 37.7962 367.3920
v 46.4707 36.7582 338.6645
v 3.6644 66.4026 357.8721
v -3.9937 50.7704 375.7765
v 3.2171 30.0509 386.6950
v -9.8206 39.0073 392.4436
v -25.0645 -60.7811 496.1675
v -10.8389 -33.6844 488.3450
v -21.5566 -39.0064 501.4610
v 12.4545 -22.2803 516.3892
v 20.4707 3.8769 528.4793
v -10.4914 -17.5552 523.6192
v -52.6035 115.3300 450.2444
v -37.3386 65.7164 450.5265
v -47.6522 -1.9342 309.2470
v -86.1274 15.3655 284.5947
v -69.6472 -18.9115 294.2932
v -77.3672 42.5210 295.8014
v -18.4561 27.6755 537.1963
v -8.1437 9.7748 527.4931
v -44.1164 24.8177 523.2247
v 6.6685 41.4473 426.9692
v 13.9647 37.4917 404.7017
v 17.0612 50.7900 379.2243
v 11.2126 36.1051 396.4684
v -4.8124 33.1537 399.2966
v 2.6669 -39.2751 506.1119
v 11.6349 -21.7318 513.5029
v 25.6553 -57.1007 502.5356
v 23.6114 -26.9321 495.0223
v 17.2813 -37.0054 507.8365
v -54.3194 105.8123 393.3913
v -37.7599 112.5332 386.8109
v -72.2930 126.8007 386.3285
v -41.0750 89.9144 401.0170
v -13.8458 100.9660 390.1965
v -27.5954 26.9196 574.8943
v -26.2710 39.9494 574.0615
v 22.0687 19.4668 491.4770
v 13.2682 26.6466 513.3849
v -49.5385 9.3950 512.0233
v -13.5660 -5.6483 516.2914
v 8.8442 18.2111 506.7045
v 12.4516 7.2721 484.4522
v -14.7043 20.3251 543.2031
v -34.6798 4.7896 529.2201
v 10.3682 34.1549 320.0951
v 16.5964 29.6083 494.5062
v 5.2273 26.5946 507.6588
v -3.6852 35.0234 509.9249
v 31.7305 -27.9659 511.9616
v 32.0786 -8.6968 519.4694
v 43.6651 -19.7053 513.8346
v 59.6561 -33.7940 508.5579
v 45.0140 -7.9249 501.3942
v 59.6561 -33.7940 508.5579
v -12.0200 71.4303 547.9970
v -21.7422 38.5586 563.5756
v -0.5780 63.7615 557.7628
v -33.1845 46.2277 553.8097
v -32.7350 69.8334 542.1612
v 33.7166 5.6092 504.3620
v 23.7445 32.4747 498.2801
v -3.4800 72.2768 422.9155
v -5.3379 56.9812 445.6579
v 58.5287 67.4983 446.6242
v 25.9393 37.3864 374.4342
v 10.6082 16.1017 539.4926
v -20.3536 -5.3308 534.6322
v 4.6966 19.0088 271.3021
v -15.4203 38.6095 458.0016
v -13.1513 12.7840 449.2866
v -40.6201 48.3326 435.4628
v 4.1258 30.6553 477.7462
v -3.9627 41.1233 473.6757
v 53.0699 -1.1995 516.0787
v 44.5344 15.2270 524.4661
v 59.6411 11.3317 518.6445
v 79.9901 6.7679 513.1203
v 55.3600 22.8844 507.0953
v 79.9901 6.7679 513.1203
v 115.5721 45.3852 243.8600
v 91.6792 21.0518 249.7838
v 67.0622 78.6571 238.4392
v 18.1975 88.3199 232.1269
v -56.9277 21.4320 482.7949
v -45.8117 5.7817 471.2603
v -17.0038 -6.5488 469.9981
v 30.4452 -11.5926 449.6421
v 25.1857 31.5809 472.9105
v 12.7170 -9.1087 462.6344
v 42.9144 29.0970 459.9178
v 18.3057 48.3179 505.6446
v 7.7594 44.0137 526.5789
v 39.3353 29.2564 510.4410
v 25.4278 60.9584 428.4023
v 13.7677 52.3843 452.3332
v -3.1733 16.5694 553.4806
v 0.9064 49.3634 430.1455
v -7.8966 25.2293 598.0139
v -2.8361 29.1820 594.8243
v -6.6080 29.6380 599.6190
v 58.5625 46.7134 523.3323
v 41.1146 52.4925 531.2924
v 54.5798 60.0910 525.7901
v 72.2091 70.8103 520.6537
v 43.8302 65.3340 514.2163
v 72.2091 70.8103 520.6537
v 61.4806 90.4980 444.2701
v 62.8777 123.0061 444.0410
v 25.6553 -57.1007 502.5356
v 19.3220 -9.4989 497.9417
v 30.7366 110.2298 190.9683
v -18.6359 86.3093 183.2241
v 0.1902 57.9370 512.0195
v -4.6879 47.6614 532.5700
v 28.0604 58.8595 517.2375
v -14.5104 1.1195 237.6665
v 12.7456 34.7743 519.7748
v -5.9731 39.4207 554.0744
v 5.9193 20.7380 559.2766
v -8.3888 26.2939 598.7591
v -9.3987 23.8016 595.7899
v -6.5545 24.9471 594.2954
v -11.4591 19.1847 346.8251
v -6.8785 39.7361 360.2231
v -24.1315 38.6071 340.7710
v 1.0924 25.0694 364.6625
v 33.8539 75.6736 531.5004
v 17.5778 71.0452 539.0683
v 23.8729 83.8489 533.8619
v 31.7297 101.2774 528.9548
v 12.7962 82.2352 523.2815
v 4.1264 69.0853 526.2197
v 31.7297 101.2774 528.9548
v -35.4221 -33.2077 499.8161
v -18.2760 -22.7780 507.1501
v -41.0755 -13.2431 504.4451
v 105.4109 25.9133 436.6791
v 53.7111 43.2272 433.5670
v -16.7795 53.8658 521.6785
v -14.9511 43.5254 540.7114
v -32.8750 31.2242 228.9514
v 66.6433 -10.0777 259.8490
v 36.1619 45.2820 296.1518
v 41.7220 -16.8423 280.0497
v 61.2212 51.8854 277.0880
v 7.4539 28.5162 565.2229
v 28.5011 24.8750 551.3532
v -2.3323 31.6742 455.5979
v -10.8085 26.8236 592.9370
v -2.9020 23.7714 588.3666
v -4.7803 28.5232 594.8002
v -50.5051 70.0078 538.6541
v -46.1494 53.8600 545.8451
v -58.6632 60.2936 540.8944
v -75.6941 68.3233 536.2867
v -57.3028 49.5325 530.3501
v -44.4971 40.7918 533.0403
v -75.6941 68.3233 536.2867
v 42.7162 124.5913 311.3885
v 34.8321 167.1137 311.1991
v -6.8261 109.2850 309.1964
v -115.6602 -59.0202 276.5034
v -45.0932 -27.3656 272.1984
v 1.4462 -18.7727 265.0771
v -16.4441 3.8208 568.4996
v 4.0275 9.5924 574.8271
v -0.1195 17.6032 581.4857
v -29.8813 20.1046 528.2134
v 21.9285 34.5796 444.1444
v -23.5171 27.3557 505.6468
v -23.0047 60.2528 493.9327
v -37.5166 58.3987 481.0755
v -39.3730 24.6126 493.2717
v -4.3739 42.9650 571.1319
v -9.4598 34.8560 569.9033
v 1.1086 20.6798 357.2570
v -13.9297 32.8294 371.8835
v -21.9751 16.4822 354.5628
v 2.7833 35.5972 373.7123
v -17.9648 -17.2116 546.7624
v -23.8082 -5.8016 556.8443
v -29.1230 -16.1721 552.5278
v -36.2833 -30.0221 548.5128
v 72.4979 -48.4163 299.0860
v 70.8999 -20.5721 311.0980
v 42.6569 -42.1215 305.5148
v 89.6740 -35.3112 302.4814
v -25.0645 -60.7811 496.1675
v -5.2606 -16.3148 491.2223
v -37.4223 2.3388 326.4991
v -29.1217 42.8608 372.8458
v -50.6834 49.2809 356.3723
v -20.1024 12.8891 351.0832
v -16.5086 30.7385 575.5257
v -13.1749 15.2113 572.3218
v -29.3711 33.8269 559.4246
v -3.9309 30.0336 593.4413
v -0.2334 28.5169 584.0974
v -10.7474 14.2386 267.2211
v 0.1229 34.7259 287.7326
v 21.7298 38.0561 288.8273
v 20.5306 -17.4892 562.9274
v 17.6523 -0.0948 559.8454
v 13.7778 -6.9839 566.0438
v -4.0675 -2.6994 565.3943
v 8.9076 0.9586 569.4046
v 6.0214 28.5230 571.6614
v 13.4327 26.3164 559.7805
v -18.6383 21.2537 583.7321
v -9.5438 20.8724 592.0435
v -18.4352 25.3170 587.4739
v -9.7471 16.8091 588.3014
v -11.7919 21.2648 585.6185
v -20.5909 11.8314 575.1578
v 3.6231 28.8720 540.5516
v 6.5570 16.6922 481.8704
v -1.5979 25.0841 495.8553
v 2.0738 37.0657 498.8811
v 21.5821 22.6360 576.2044
v 16.3168 28.3363 580.7653
v 13.5431 18.8470 577.3106
v 23.2689 28.4069 578.3054
v 32.5360 28.6488 576.0611
v 20.4658 33.7793 573.9217
v 32.5360 28.6488 576.0611
v -15.6127 15.0473 582.2379
v -21.0389 20.1926 512.7640
v -32.2225 57.1253 501.6035
v -1.1677 9.5527 494.8055
v -2.2544 37.2712 582.7574
v 2.1889 28.7558 589.7052
v 8.9145 28.4587 584.7685
v -4.7363 22.6803 592.4571
v -2.1869 13.7838 584.2543
v -13.6267 9.5460 581.2617
v -9.9773 12.2301 585.1339
v -10.1996 7.8327 583.0229
v -10.5022 1.8652 580.8862
v -6.0704 9.4954 580.8532
v -10.5022 1.8652 580.8862
v 5.8870 -9.2084 563.6049
v 20.5306 -17.4892 562.9274
v 13.6126 9.3247 561.8775
v 12.9127 34.8604 575.4419
v 2.1095 41.5005 574.1270
v 4.5385 13.4869 579.3175
v 0.2768 20.8457 583.0348
v -4.9628 14.2494 582.4992
v -4.7671 32.8826 591.8050
v -7.2226 30.8159 598.6577
v -14.7572 41.3918 520.3469
v -1.3001 28.8362 536.8164
v -4.5931 39.7117 533.5303
v -4.2922 27.9988 588.0917
v -1.7894 21.9389 577.1557
v -35.3656 -8.9964 547.5569
v -36.2833 -30.0221 548.5128
v -34.0733 5.9975 548.6703
v -18.2080 5.2188 563.7950
v -34.4041 23.8347 550.8980
v -10.2580 -7.0637 549.8427
v 8.8789 2.6960 549.7993
v 4.5111 13.5643 563.1838
v -13.2599 25.7317 593.8055
v -11.9123 27.2381 597.8894
v -9.2942 25.9293 599.2349
v 116.6589 71.0536 372.8752
v 53.7074 66.4960 368.2848
v -19.5852 21.5018 546.8632
v -2.9990 23.5082 588.6046
v -50.6834 49.2809 356.3723
vt 0.501640 0.001120
vt 0.353560 0.183400
vt 0.501640 0.183400
vt 0.353560 0.183400
vt 0.501860 0.325340
vt 0.501640 0.183400
vt 0.325160 0.325370
vt 0.704320 0.325300
vt 0.501640 0.501960
vt 0.802020 0.501960
vt 0.501860 0.325340
vt 0.501640 0.501960
vt 0.271180 0.701820
vt 0.501860 0.701870
vt 0.169220 0.501960
vt 0.501860 0.701870
vt 0.821380 0.701950
vt 0.802020 0.501960
vt 0.501640 0.501960
vt 0.469180 0.999760
vt 0.501640 0.862520
vt 0.399650 0.862520
vt 0.501640 0.999760
vt 0.597550 0.999760
vt 0.501640 0.862520
vt 0.501640 0.999760
vt 0.501640 0.001120
vt 0.353560 0.183400
vt 0.501640 0.183400
vt 0.501860 0.325340
vt 0.353560 0.183400
vt 0.325160 0.325370
vt 0.501640 0.183400
vt 0.704320 0.325300
vt 0.501640 0.501960
vt 0.802020 0.501960
vt 0.469180 0.999760
vt 0.501640 0.862520
vt 0.399650 0.862520
vt 0.501640 0.999760
vt 0.643080 0.862510
vt 0.501860 0.701870
vt 0.501640 0.862520
vt 0.821380 0.701950
vt 0.501640 0.999760
vt 0.597550 0.999760
vt 0.501640 0.001120
vt 0.353560 0.183400
vt 0.501640 0.183400
vt 0.469180 0.999760
vt 0.501640 0.862520
vt 0.399650 0.862520
vt 0.597550 0.999760
vt 0.501640 0.862520
vt 0.501640 0.999760
vt 0.643080 0.862510
vt 0.501640 0.001120
vt 0.353560 0.183400
vt 0.501640 0.183400
vt 0.501640 0.501960
vt 0.169220 0.501960
vt 0.271180 0.701820
vt 0.501860 0.701870
vt 0.469180 0.999760
vt 0.501640 0.862520
vt 0.399650 0.862520
vt 0.597550 0.999760
vt 0.501640 0.862520
vt 0.501640 0.999760
vt 0.627180 0.183400
vt 0.501860 0.325340
vt 0.704320 0.325300
vt 0.501640 0.001120
vt 0.353560 0.183400
vt 0.501640 0.183400
vt 0.501640 0.501960
vt 0.821380 0.701950
vt 0.802020 0.501960
vt 0.501860 0.701870
vt 0.643080 0.862510
vt 0.821380 0.701950
vt 0.501860 0.701870
vt 0.469180 0.999760
vt 0.501640 0.862520
vt 0.399650 0.862520
vt 0.469180 0.999760
vt 0.501640 0.862520
vt 0.399650 0.862520
vt 0.501640 0.001120
vt 0.353560 0.183400
vt 0.501640 0.183400
vt 0.627180 0.183400
vt 0.501860 0.325340
vt 0.704320 0.325300
vt 0.469180 0.999760
vt 0.501640 0.862520
vt 0.399650 0.862520
vt 0.597550 0.999760
vt 0.501640 0.862520
vt 0.501640 0.999760
vt 0.353560 0.183400
vt 0.501860 0.325340
vt 0.501640 0.183400
vt 0.501640 0.001120
vt 0.501980 0.000740
vt 0.325160 0.325370
vt 0.169220 0.501960
vt 0.501640 0.501960
vt 0.802020 0.501960
vt 0.501640 0.501960
vt 0.169220 0.501960
vt 0.271180 0.701820
vt 0.501860 0.701870
vt 0.469180 0.999760
vt 0.501640 0.862520
vt 0.399650 0.862520
vt 0.501640 0.999760
vt 0.597550 0.999760
vt 0.501640 0.999760
vt 0.353560 0.183400
vt 0.501860 0.325340
vt 0.501640 0.183400
vt 0.501640 0.001120
vt 0.501640 0.001120
vt 0.353560 0.183400
vt 0.501640 0.183400
vt 0.643080 0.862510
vt 0.501860 0.701870
vt 0.821380 0.701950
vt 0.469180 0.999760
vt 0.501640 0.862520
vt 0.399650 0.862520
vt 0.597550 0.999760
vt 0.501640 0.862520
vt 0.501640 0.999760
vt 0.501640 0.001120
vt 0.353560 0.183400
vt 0.501640 0.183400
vt 0.501860 0.325340
vt 0.704320 0.325300
vt 0.501640 0.501960
vt 0.802020 0.501960
vt 0.501860 0.701870
vt 0.802020 0.501960
vt 0.501640 0.501960
vt 0.821380 0.701950
vt 0.469180 0.999760
vt 0.501640 0.862520
vt 0.399650 0.862520
vt 0.627180 0.183400
vt 0.501860 0.325340
vt 0.501640 0.001120
vt 0.353560 0.183400
vt 0.501640 0.183400
vt 0.501860 0.325340
vt 0.353560 0.183400
vt 0.325160 0.325370
vt 0.643080 0.862510
vt 0.501860 0.701870
vt 0.821380 0.701950
vt 0.469180 0.999760
vt 0.501640 0.862520
vt 0.399650 0.862520
vt 0.643080 0.862510
vt 0.501860 0.701870
vt 0.501640 0.862520
vt 0.821380 0.701950
vt 0.501640 0.999760
vt 0.597550 0.999760
vt 0.501640 0.183400
vt 0.627180 0.183400
vt 0.501980 0.000740
vt 0.501640 0.001120
vt 0.353560 0.183400
vt 0.501640 0.183400
vt 0.501860 0.325340
vt 0.325160 0.325370
vt 0.169220 0.501960
vt 0.501860 0.325340
vt 0.501860 0.325340
vt 0.169220 0.501960
vt 0.501640 0.501960
vt 0.501860 0.701870
vt 0.271180 0.701820
vt 0.399650 0.862520
vt 0.501860 0.701870
vt 0.399650 0.862520
vt 0.501640 0.862520
vt 0.643080 0.862510
vt 0.501860 0.701870
vt 0.501640 0.862520
vt 0.643080 0.862510
vt 0.821380 0.701950
vt 0.501860 0.701870
vt 0.469180 0.999760
vt 0.501640 0.862520
vt 0.399650 0.862520
vt 0.501640 0.999760
vt 0.643080 0.862510
vt 0.501860 0.701870
vt 0.501640 0.862520
vt 0.821380 0.701950
vt 0.597550 0.999760
vt 0.501640 0.999760
vt 0.501640 0.183400
vt 0.627180 0.183400
vt 0.501980 0.000740
vt 0.353560 0.183400
vt 0.501860 0.325340
vt 0.501640 0.183400
vt 0.501640 0.001120
vt 0.627180 0.183400
vt 0.501980 0.000740
vt 0.704320 0.325300
vt 0.501640 0.501960
vt 0.802020 0.501960
vt 0.325160 0.325370
vt 0.169220 0.501960
vt 0.353560 0.183400
vt 0.501860 0.325340
vt 0.501640 0.183400
vt 0.325160 0.325370
vt 0.271180 0.701820
vt 0.501860 0.701870
vt 0.271180 0.701820
vt 0.399650 0.862520
vt 0.501860 0.701870
vt 0.399650 0.862520
vt 0.501640 0.862520
vt 0.643080 0.862510
vt 0.643080 0.862510
vt 0.821380 0.701950
vt 0.501860 0.701870
vt 0.501640 0.862520
vt 0.469180 0.999760
vt 0.501640 0.999760
vt 0.399650 0.862520
vt 0.597550 0.999760
vt 0.501640 0.862520
vt 0.501640 0.999760
vt 0.501640 0.183400
vt 0.627180 0.183400
vt 0.501980 0.000740
vt 0.501640 0.001120
vt 0.353560 0.183400
vt 0.501640 0.183400
vt 0.627180 0.183400
vt 0.501860 0.325340
vt 0.704320 0.325300
vt 0.501860 0.325340
vt 0.325160 0.325370
vt 0.169220 0.501960
vt 0.501860 0.325340
vt 0.169220 0.501960
vt 0.501640 0.501960
vt 0.501860 0.701870
vt 0.169220 0.501960
vt 0.271180 0.701820
vt 0.501640 0.501960
vt 0.501860 0.701870
vt 0.821380 0.701950
vt 0.501860 0.701870
vt 0.271180 0.701820
vt 0.399650 0.862520
vt 0.501860 0.701870
vt 0.399650 0.862520
vt 0.501640 0.862520
vt 0.643080 0.862510
vt 0.501860 0.701870
vt 0.501640 0.862520
vt 0.643080 0.862510
vt 0.821380 0.701950
vt 0.501860 0.701870
vt 0.469180 0.999760
vt 0.399650 0.862520
vt 0.501640 0.862520
vt 0.597550 0.999760
vt 0.643080 0.862510
vt 0.501640 0.999760
vt 0.501640 0.183400
vt 0.627180 0.183400
vt 0.501980 0.000740
vt 0.501640 0.001120
vt 0.353560 0.183400
vt 0.501640 0.183400
vt 0.501860 0.325340
vt 0.325160 0.325370
vt 0.169220 0.501960
vt 0.802020 0.501960
vt 0.501860 0.701870
vt 0.821380 0.701950
vt 0.501860 0.325340
vt 0.169220 0.501960
vt 0.501640 0.501960
vt 0.501640 0.501960
vt 0.271180 0.701820
vt 0.501860 0.701870
vt 0.169220 0.501960
vt 0.501860 0.701870
vt 0.271180 0.701820
vt 0.399650 0.862520
vt 0.501860 0.701870
vt 0.399650 0.862520
vt 0.501640 0.862520
vt 0.643080 0.862510
vt 0.501860 0.701870
vt 0.501640 0.862520
vt 0.643080 0.862510
vt 0.821380 0.701950
vt 0.501860 0.701870
vt 0.597550 0.999760
vt 0.501640 0.862520
vt 0.501640 0.999760
vt 0.627180 0.183400
vt 0.501860 0.325340
vt 0.704320 0.325300
vt 0.501640 0.001120
vt 0.353560 0.183400
vt 0.501640 0.183400
vt 0.627180 0.183400
vt 0.501860 0.325340
vt 0.704320 0.325300
vt 0.501640 0.183400
vt 0.501980 0.000740
vt 0.704320 0.325300
vt 0.501640 0.501960
vt 0.802020 0.501960
vt 0.169220 0.501960
vt 0.271180 0.701820
vt 0.501640 0.501960
vt 0.501640 0.501960
vt 0.169220 0.501960
vt 0.271180 0.701820
vt 0.501860 0.701870
vt 0.501860 0.701870
vt 0.821380 0.701950
vt 0.802020 0.501960
vt 0.501640 0.501960
vt 0.469180 0.999760
vt 0.501640 0.862520
vt 0.399650 0.862520
vt 0.597550 0.999760
vt 0.501640 0.862520
vt 0.501640 0.999760
vt 0.627180 0.183400
vt 0.501860 0.325340
vt 0.704320 0.325300
vt 0.501640 0.001120
vt 0.353560 0.183400
vt 0.501640 0.183400
vt 0.627180 0.183400
vt 0.501860 0.325340
vt 0.704320 0.325300
vt 0.501640 0.183400
vt 0.501640 0.501960
vt 0.704320 0.325300
vt 0.501860 0.325340
vt 0.802020 0.501960
vt 0.501860 0.325340
vt 0.169220 0.501960
vt 0.501640 0.501960
vt 0.802020 0.501960
vt 0.501640 0.501960
vt 0.501860 0.701870
vt 0.501860 0.701870
vt 0.271180 0.701820
vt 0.399650 0.862520
vt 0.501640 0.999760
vt 0.501860 0.701870
vt 0.643080 0.862510
vt 0.501860 0.701870
vt 0.501640 0.862520
vt 0.643080 0.862510
vt 0.821380 0.701950
vt 0.501860 0.701870
vt 0.469180 0.999760
vt 0.399650 0.862520
vt 0.643080 0.862510
vt 0.501640 0.862520
vt 0.597550 0.999760
vt 0.501640 0.999760
vt 0.501640 0.183400
vt 0.627180 0.183400
vt 0.501980 0.000740
vt 0.501640 0.001120
vt 0.353560 0.183400
vt 0.501640 0.183400
vt 0.501860 0.325340
vt 0.325160 0.325370
vt 0.169220 0.501960
vt 0.501860 0.325340
vt 0.169220 0.501960
vt 0.501640 0.501960
vt 0.271180 0.701820
vt 0.399650 0.862520
vt 0.501860 0.701870
vt 0.271180 0.701820
vt 0.399650 0.862520
vt 0.501860 0.701870
vt 0.399650 0.862520
vt 0.501640 0.862520
vt 0.643080 0.862510
vt 0.501860 0.701870
vt 0.501640 0.862520
vt 0.643080 0.862510
vt 0.821380 0.701950
vt 0.501860 0.701870
vt 0.469180 0.999760
vt 0.501640 0.862520
vt 0.399650 0.862520
vt 0.597550 0.999760
vt 0.501640 0.862520
vt 0.501640 0.999760
vt 0.501640 0.183400
vt 0.627180 0.183400
vt 0.501980 0.000740
vt 0.501640 0.001120
vt 0.353560 0.183400
vt 0.501640 0.183400
vt 0.704320 0.325300
vt 0.501860 0.325340
vt 0.325160 0.325370
vt 0.169220 0.501960
vt 0.501860 0.325340
vt 0.169220 0.501960
vt 0.501640 0.501960
vt 0.501640 0.501960
vt 0.271180 0.701820
vt 0.501860 0.701870
vt 0.169220 0.501960
vt 0.501860 0.701870
vt 0.271180 0.701820
vt 0.399650 0.862520
vt 0.501860 0.701870
vt 0.399650 0.862520
vt 0.501640 0.862520
vt 0.643080 0.862510
vt 0.501860 0.701870
vt 0.501640 0.862520
vt 0.643080 0.862510
vt 0.821380 0.701950
vt 0.501860 0.701870
vt 0.469180 0.999760
vt 0.501640 0.862520
vt 0.399650 0.862520
vt 0.597550 0.999760
vt 0.501640 0.862520
vt 0.501640 0.999760
vt 0.501640 0.183400
vt 0.627180 0.183400
vt 0.501980 0.000740
vt 0.501640 0.183400
vt 0.501640 0.001120
vt 0.501860 0.325340
vt 0.325160 0.325370
vt 0.169220 0.501960
vt 0.704320 0.325300
vt 0.501640 0.501960
vt 0.802020 0.501960
vt 0.501640 0.501960
vt 0.271180 0.701820
vt 0.501860 0.701870
vt 0.169220 0.501960
vt 0.501860 0.325340
vt 0.399650 0.862520
vt 0.271180 0.701820
vt 0.802020 0.501960
vt 0.501640 0.501960
vt 0.501860 0.701870
vt 0.271180 0.701820
vt 0.399650 0.862520
vt 0.501860 0.701870
vt 0.399650 0.862520
vt 0.501640 0.862520
vt 0.501860 0.701870
vt 0.802020 0.501960
vt 0.501640 0.501960
vt 0.821380 0.701950
vt 0.643080 0.862510
vt 0.469180 0.999760
vt 0.597550 0.999760
vt 0.501640 0.999760
vt 0.627180 0.183400
vt 0.501860 0.325340
vt 0.704320 0.325300
vt 0.501640 0.001120
vt 0.353560 0.183400
vt 0.501640 0.183400
vt 0.501640 0.183400
vt 0.325160 0.325370
vt 0.501860 0.325340
vt 0.353560 0.183400
vt 0.802020 0.501960
vt 0.501640 0.501960
vt 0.169220 0.501960
vt 0.325160 0.325370
vt 0.643080 0.862510
vt 0.821380 0.701950
vt 0.501860 0.701870
vt 0.469180 0.999760
vt 0.501640 0.862520
vt 0.399650 0.862520
vt 0.597550 0.999760
vt 0.501640 0.999760
vt 0.643080 0.862510
vt 0.353560 0.183400
vt 0.501860 0.325340
vt 0.501640 0.183400
vt 0.501640 0.001120
vt 0.704320 0.325300
vt 0.501640 0.501960
vt 0.802020 0.501960
vt 0.501860 0.325340
vt 0.325160 0.325370
vt 0.169220 0.501960
vt 0.501980 0.000740
vt 0.169220 0.501960
vt 0.501640 0.501960
vt 0.325160 0.325370
vt 0.802020 0.501960
vt 0.501860 0.325340
vt 0.169220 0.501960
vt 0.501640 0.501960
vt 0.501860 0.701870
vt 0.271180 0.701820
vt 0.399650 0.862520
vt 0.501860 0.701870
vt 0.399650 0.862520
vt 0.501640 0.862520
vt 0.469180 0.999760
vt 0.399650 0.862520
vt 0.501640 0.862520
vt 0.597550 0.999760
vt 0.643080 0.862510
vt 0.501640 0.999760
vt 0.501640 0.001120
vt 0.353560 0.183400
vt 0.501640 0.183400
vt 0.501860 0.325340
vt 0.325160 0.325370
vt 0.169220 0.501960
vt 0.501980 0.000740
vt 0.704320 0.325300
vt 0.501640 0.501960
vt 0.802020 0.501960
vt 0.501860 0.325340
vt 0.501860 0.325340
vt 0.169220 0.501960
vt 0.501640 0.501960
vt 0.501860 0.701870
vt 0.821380 0.701950
vt 0.802020 0.501960
vt 0.501640 0.501960
vt 0.704320 0.325300
vt 0.501860 0.701870
vt 0.271180 0.701820
vt 0.399650 0.862520
vt 0.469180 0.999760
vt 0.501640 0.862520
vt 0.399650 0.862520
vt 0.597550 0.999760
vt 0.501640 0.999760
vt 0.627180 0.183400
vt 0.501860 0.325340
vt 0.704320 0.325300
vt 0.501640 0.183400
vt 0.501980 0.000740
vt 0.501640 0.001120
vt 0.353560 0.183400
vt 0.501640 0.183400
vt 0.501860 0.325340
vt 0.325160 0.325370
vt 0.169220 0.501960
vt 0.501860 0.325340
vt 0.353560 0.183400
vt 0.325160 0.325370
vt 0.501640 0.183400
vt 0.802020 0.501960
vt 0.501640 0.501960
vt 0.501860 0.701870
vt 0.501860 0.325340
vt 0.169220 0.501960
vt 0.501640 0.501960
vt 0.271180 0.701820
vt 0.501640 0.501960
vt 0.501860 0.701870
vt 0.271180 0.701820
vt 0.399650 0.862520
vt 0.469180 0.999760
vt 0.643080 0.862510
vt 0.501860 0.701870
vt 0.501640 0.862520
vt 0.597550 0.999760
vt 0.501640 0.999760
vt 0.353560 0.183400
vt 0.501860 0.325340
vt 0.501640 0.183400
vt 0.501640 0.001120
vt 0.704320 0.325300
vt 0.501640 0.501960
vt 0.802020 0.501960
vt 0.501860 0.325340
vt 0.325160 0.325370
vt 0.169220 0.501960
vt 0.501860 0.325340
vt 0.704320 0.325300
vt 0.501640 0.501960
vt 0.802020 0.501960
vt 0.501860 0.325340
vt 0.501860 0.325340
vt 0.169220 0.501960
vt 0.501640 0.501960
vt 0.501640 0.501960
vt 0.169220 0.501960
vt 0.271180 0.701820
vt 0.501860 0.701870
vt 0.501860 0.701870
vt 0.271180 0.701820
vt 0.399650 0.862520
vt 0.643080 0.862510
vt 0.501860 0.701870
vt 0.821380 0.701950
vt 0.469180 0.999760
vt 0.501640 0.862520
vt 0.399650 0.862520
vt 0.643080 0.862510
vt 0.821380 0.701950
vt 0.501860 0.701870
vt 0.597550 0.999760
vt 0.501640 0.999760
vt 0.501640 0.001120
vt 0.353560 0.183400
vt 0.501640 0.183400
vt 0.501860 0.325340
vt 0.325160 0.325370
vt 0.169220 0.501960
vt 0.802020 0.501960
vt 0.501640 0.501960
vt 0.501860 0.701870
vt 0.704320 0.325300
vt 0.501860 0.325340
vt 0.169220 0.501960
vt 0.501640 0.501960
vt 0.501860 0.701870
vt 0.399650 0.862520
vt 0.501640 0.862520
vt 0.271180 0.701820
vt 0.821380 0.701950
vt 0.501860 0.701870
vt 0.271180 0.701820
vt 0.399650 0.862520
vt 0.501860 0.701870
vt 0.399650 0.862520
vt 0.501640 0.862520
vt 0.802020 0.501960
vt 0.501640 0.501960
vt 0.469180 0.999760
vt 0.501640 0.862520
vt 0.399650 0.862520
vt 0.501640 0.999760
vt 0.501640 0.862520
vt 0.597550 0.999760
vt 0.643080 0.862510
vt 0.501640 0.999760
vt 0.627180 0.183400
vt 0.501860 0.325340
vt 0.501640 0.183400
vt 0.501980 0.000740
vt 0.353560 0.183400
vt 0.501640 0.001120
vt 0.627180 0.183400
vt 0.501860 0.325340
vt 0.704320 0.325300
vt 0.501640 0.183400
vt 0.325160 0.325370
vt 0.169220 0.501960
vt 0.271180 0.701820
vt 0.469180 0.999760
vt 0.501640 0.862520
vt 0.399650 0.862520
vt 0.597550 0.999760
vt 0.501640 0.862520
vt 0.501640 0.999760
vt 0.627180 0.183400
vt 0.501860 0.325340
vt 0.501640 0.183400
vt 0.501980 0.000740
vt 0.353560 0.183400
vt 0.501640 0.001120
vt 0.704320 0.325300
vt 0.501640 0.501960
vt 0.501860 0.325340
vt 0.353560 0.183400
vt 0.325160 0.325370
vt 0.501640 0.183400
vt 0.704320 0.325300
vt 0.501640 0.501960
vt 0.802020 0.501960
vt 0.501860 0.325340
vt 0.325160 0.325370
vt 0.169220 0.501960
vt 0.501860 0.701870
vt 0.399650 0.862520
vt 0.501640 0.862520
vt 0.271180 0.701820
vt 0.501640 0.501960
vt 0.704320 0.325300
vt 0.169220 0.501960
vt 0.802020 0.501960
vt 0.821380 0.701950
vt 0.469180 0.999760
vt 0.501640 0.862520
vt 0.399650 0.862520
vt 0.597550 0.999760
vt 0.501640 0.999760
vt 0.627180 0.183400
vt 0.501860 0.325340
vt 0.501640 0.001120
vt 0.353560 0.183400
vt 0.501640 0.183400
vt 0.501640 0.183400
vt 0.627180 0.183400
vt 0.501980 0.000740
vt 0.704320 0.325300
vt 0.501640 0.501960
vt 0.802020 0.501960
vt 0.501860 0.325340
vt 0.802020 0.501960
vt 0.501860 0.701870
vt 0.821380 0.701950
vt 0.704320 0.325300
vt 0.501640 0.501960
vt 0.501860 0.701870
vt 0.399650 0.862520
vt 0.501640 0.862520
vt 0.821380 0.701950
vt 0.271180 0.701820
vt 0.501860 0.701870
vt 0.469180 0.999760
vt 0.399650 0.862520
vt 0.643080 0.862510
vt 0.821380 0.701950
vt 0.501860 0.701870
vt 0.501640 0.862520
vt 0.597550 0.999760
vt 0.501640 0.999760
vt 0.627180 0.183400
vt 0.501860 0.325340
vt 0.704320 0.325300
vt 0.501640 0.001120
vt 0.353560 0.183400
vt 0.501640 0.183400
vt 0.627180 0.183400
vt 0.501860 0.325340
vt 0.704320 0.325300
vt 0.501640 0.183400
vt 0.501860 0.325340
vt 0.169220 0.501960
vt 0.501640 0.501960
vt 0.704320 0.325300
vt 0.802020 0.501960
vt 0.271180 0.701820
vt 0.501640 0.501960
vt 0.169220 0.501960
vt 0.501640 0.501960
vt 0.704320 0.325300
vt 0.802020 0.501960
vt 0.271180 0.701820
vt 0.501860 0.701870
vt 0.501640 0.501960
vt 0.802020 0.501960
vt 0.469180 0.999760
vt 0.643080 0.862510
vt 0.597550 0.999760
vt 0.501640 0.999760
vt 0.501640 0.001120
vt 0.353560 0.183400
vt 0.501640 0.183400
vt 0.704320 0.325300
vt 0.501640 0.501960
vt 0.802020 0.501960
vt 0.271180 0.701820
vt 0.501860 0.701870
vt 0.501640 0.501960
vt 0.643080 0.862510
vt 0.821380 0.701950
vt 0.469180 0.999760
vt 0.501640 0.001120
vt 0.353560 0.183400
vt 0.501640 0.183400
vt 0.627180 0.183400
vt 0.501860 0.325340
vt 0.704320 0.325300
vt 0.501860 0.325340
vt 0.325160 0.325370
vt 0.169220 0.501960
vt 0.501860 0.325340
vt 0.353560 0.183400
vt 0.325160 0.325370
vt 0.501640 0.183400
vt 0.501860 0.325340
vt 0.169220 0.501960
vt 0.501640 0.501960
vt 0.501860 0.701870
vt 0.271180 0.701820
vt 0.399650 0.862520
vt 0.501860 0.701870
vt 0.802020 0.501960
vt 0.501640 0.501960
vt 0.399650 0.862520
vt 0.643080 0.862510
vt 0.821380 0.701950
vt 0.469180 0.999760
vt 0.399650 0.862520
vt 0.597550 0.999760
vt 0.501640 0.999760
vt 0.597550 0.999760
vt 0.501640 0.999760
vt 0.501640 0.183400
vt 0.627180 0.183400
vt 0.501980 0.000740
vt 0.501860 0.325340
vt 0.704320 0.325300
vt 0.501980 0.000740
vt 0.802020 0.501960
vt 0.501640 0.501960
vt 0.501860 0.701870
vt 0.821380 0.701950
vt 0.704320 0.325300
vt 0.501640 0.501960
vt 0.271180 0.701820
vt 0.501860 0.701870
vt 0.169220 0.501960
vt 0.399650 0.862520
vt 0.271180 0.701820
vt 0.169220 0.501960
vt 0.501860 0.325340
vt 0.802020 0.501960
vt 0.501640 0.501960
vt 0.501860 0.701870
vt 0.627180 0.183400
vt 0.501980 0.000740
vt 0.704320 0.325300
vt 0.501640 0.862520
vt 0.469180 0.999760
vt 0.501640 0.999760
vt 0.399650 0.862520
vt 0.643080 0.862510
vt 0.501860 0.701870
vt 0.821380 0.701950
vt 0.501640 0.999760
vt 0.597550 0.999760
vt 0.353560 0.183400
vt 0.501860 0.325340
vt 0.501640 0.183400
vt 0.501640 0.001120
vt 0.501980 0.000740
vt 0.325160 0.325370
vt 0.169220 0.501960
vt 0.802020 0.501960
vt 0.501640 0.501960
vt 0.501860 0.701870
vt 0.704320 0.325300
vt 0.271180 0.701820
vt 0.704320 0.325300
vt 0.169220 0.501960
vt 0.501640 0.501960
vt 0.169220 0.501960
vt 0.271180 0.701820
vt 0.501860 0.701870
vt 0.501860 0.701870
vt 0.643080 0.862510
vt 0.821380 0.701950
vt 0.501640 0.862520
vt 0.469180 0.999760
vt 0.501640 0.999760
vt 0.399650 0.862520
vt 0.643080 0.862510
vt 0.821380 0.701950
vt 0.597550 0.999760
vt 0.501640 0.999760
vt 0.627180 0.183400
vt 0.501860 0.325340
vt 0.704320 0.325300
vt 0.501640 0.001120
vt 0.353560 0.183400
vt 0.501640 0.183400
vt 0.627180 0.183400
vt 0.501980 0.000740
vt 0.704320 0.325300
vt 0.802020 0.501960
vt 0.501640 0.501960
vt 0.271180 0.701820
vt 0.501640 0.501960
vt 0.169220 0.501960
vt 0.469180 0.999760
vt 0.399650 0.862520
vt 0.597550 0.999760
vt 0.501640 0.862520
vt 0.501640 0.999760
vt 0.627180 0.183400
vt 0.501860 0.325340
vt 0.704320 0.325300
vt 0.501640 0.183400
vt 0.704320 0.325300
vt 0.501640 0.501960
vt 0.802020 0.501960
vt 0.501860 0.325340
vt 0.399650 0.862520
vt 0.501640 0.862520
vt 0.821380 0.701950
vt 0.469180 0.999760
vt 0.399650 0.862520
vt 0.597550 0.999760
vt 0.501640 0.862520
vt 0.501640 0.999760
vt 0.627180 0.183400
vt 0.501860 0.325340
vt 0.501640 0.183400
vt 0.501980 0.000740
vt 0.353560 0.183400
vt 0.501640 0.001120
vt 0.627180 0.183400
vt 0.501980 0.000740
vt 0.325160 0.325370
vt 0.501860 0.325340
vt 0.353560 0.183400
vt 0.325160 0.325370
vt 0.501640 0.183400
vt 0.821380 0.701950
vt 0.169220 0.501960
vt 0.325160 0.325370
vt 0.169220 0.501960
vt 0.501860 0.701870
vt 0.271180 0.701820
vt 0.643080 0.862510
vt 0.501860 0.701870
vt 0.821380 0.701950
vt 0.469180 0.999760
vt 0.399650 0.862520
vt 0.597550 0.999760
vt 0.501640 0.862520
vt 0.501640 0.999760
vt 0.627180 0.183400
vt 0.501860 0.325340
vt 0.501640 0.001120
vt 0.353560 0.183400
vt 0.501640 0.183400
vt 0.627180 0.183400
vt 0.501980 0.000740
vt 0.325160 0.325370
vt 0.501980 0.000740
vt 0.325160 0.325370
vt 0.704320 0.325300
vt 0.501860 0.325340
vt 0.643080 0.862510
vt 0.821380 0.701950
vt 0.469180 0.999760
vt 0.501640 0.862520
vt 0.399650 0.862520
vt 0.643080 0.862510
vt 0.597550 0.999760
vt 0.501640 0.999760
vt 0.627180 0.183400
vt 0.501860 0.325340
vt 0.704320 0.325300
vt 0.501640 0.001120
vt 0.353560 0.183400
vt 0.501640 0.183400
vt 0.627180 0.183400
vt 0.501980 0.000740
vt 0.704320 0.325300
vt 0.501640 0.501960
vt 0.802020 0.501960
vt 0.325160 0.325370
vt 0.169220 0.501960
vt 0.501980 0.000740
vt 0.271180 0.701820
vt 0.469180 0.999760
vt 0.399650 0.862520
vt 0.597550 0.999760
vt 0.501640 0.862520
vt 0.501640 0.999760
vt 0.501640 0.001120
vt 0.353560 0.183400
vt 0.501640 0.183400
vt 0.704320 0.325300
vt 0.802020 0.501960
vt 0.627180 0.183400
vt 0.501860 0.325340
vt 0.325160 0.325370
vt 0.501860 0.325340
vt 0.325160 0.325370
vt 0.802020 0.501960
vt 0.802020 0.501960
vt 0.643080 0.862510
vt 0.501860 0.701870
vt 0.821380 0.701950
vt 0.469180 0.999760
vt 0.501640 0.862520
vt 0.399650 0.862520
vt 0.643080 0.862510
vt 0.501640 0.999760
vt 0.597550 0.999760
vt 0.501640 0.862520
vt 0.627180 0.183400
vt 0.501860 0.325340
vt 0.501640 0.183400
vt 0.353560 0.183400
vt 0.325160 0.325370
vt 0.501980 0.000740
vt 0.501640 0.001120
vt 0.501980 0.000740
vt 0.802020 0.501960
vt 0.821380 0.701950
vt 0.325160 0.325370
vt 0.169220 0.501960
vt 0.271180 0.701820
vt 0.501640 0.501960
vt 0.271180 0.701820
vt 0.501860 0.701870
vt 0.169220 0.501960
vt 0.821380 0.701950
vt 0.469180 0.999760
vt 0.643080 0.862510
vt 0.821380 0.701950
vt 0.501860 0.701870
vt 0.597550 0.999760
vt 0.501640 0.999760
vt 0.627180 0.183400
vt 0.501860 0.325340
vt 0.704320 0.325300
vt 0.501640 0.001120
vt 0.353560 0.183400
vt 0.501640 0.183400
vt 0.643080 0.862510
vt 0.325160 0.325370
vt 0.802020 0.501960
vt 0.501860 0.701870
vt 0.821380 0.701950
vt 0.501860 0.701870
vt 0.802020 0.501960
vt 0.501640 0.501960
vt 0.271180 0.701820
vt 0.469180 0.999760
vt 0.399650 0.862520
vt 0.597550 0.999760
vt 0.501640 0.999760
vt 0.627180 0.183400
vt 0.501860 0.325340
vt 0.501640 0.183400
vt 0.501980 0.000740
vt 0.353560 0.183400
vt 0.501640 0.001120
vt 0.627180 0.183400
vt 0.501980 0.000740
vt 0.325160 0.325370
vt 0.501980 0.000740
vt 0.169220 0.501960
vt 0.325160 0.325370
vt 0.325160 0.325370
vt 0.169220 0.501960
vt 0.802020 0.501960
vt 0.271180 0.701820
vt 0.169220 0.501960
vt 0.325160 0.325370
vt 0.501640 0.501960
vt 0.271180 0.701820
vt 0.501860 0.701870
vt 0.169220 0.501960
vt 0.501860 0.701870
vt 0.802020 0.501960
vt 0.501640 0.501960
vt 0.821380 0.701950
vt 0.643080 0.862510
vt 0.469180 0.999760
vt 0.643080 0.862510
vt 0.597550 0.999760
vt 0.501640 0.999760
vt 0.501640 0.183400
vt 0.627180 0.183400
vt 0.501980 0.000740
vt 0.501640 0.001120
vt 0.353560 0.183400
vt 0.501640 0.183400
vt 0.501860 0.325340
vt 0.627180 0.183400
vt 0.501640 0.183400
vt 0.704320 0.325300
vt 0.501860 0.325340
vt 0.353560 0.183400
vt 0.325160 0.325370
vt 0.501640 0.183400
vt 0.802020 0.501960
vt 0.501640 0.501960
vt 0.501860 0.325340
vt 0.169220 0.501960
vt 0.501640 0.501960
vt 0.501860 0.701870
vt 0.271180 0.701820
vt 0.399650 0.862520
vt 0.501860 0.701870
vt 0.399650 0.862520
vt 0.501640 0.862520
vt 0.643080 0.862510
vt 0.501860 0.701870
vt 0.501640 0.862520
vt 0.643080 0.862510
vt 0.821380 0.701950
vt 0.501860 0.701870
vt 0.469180 0.999760
vt 0.399650 0.862520
vt 0.643080 0.862510
vt 0.597550 0.999760
vt 0.501640 0.999760
vt 0.353560 0.183400
vt 0.501860 0.325340
vt 0.501640 0.183400
vt 0.501640 0.001120
vt 0.704320 0.325300
vt 0.627180 0.183400
vt 0.501980 0.000740
vt 0.169220 0.501960
vt 0.325160 0.325370
vt 0.501980 0.000740
vt 0.325160 0.325370
vt 0.169220 0.501960
vt 0.501640 0.501960
vt 0.271180 0.701820
vt 0.501860 0.701870
vt 0.169220 0.501960
vt 0.501640 0.999760
vt 0.597550 0.999760
vt 0.643080 0.862510
vt 0.469180 0.999760
vt 0.501640 0.862520
vt 0.399650 0.862520
vt 0.643080 0.862510
vt 0.821380 0.701950
vt 0.597550 0.999760
vt 0.501640 0.999760
vt 0.627180 0.183400
vt 0.501860 0.325340
vt 0.501640 0.183400
vt 0.501980 0.000740
vt 0.325160 0.325370
vt 0.501640 0.001120
vt 0.353560 0.183400
vt 0.627180 0.183400
vt 0.501980 0.000740
vt 0.704320 0.325300
vt 0.501640 0.501960
vt 0.802020 0.501960
vt 0.169220 0.501960
vt 0.325160 0.325370
vt 0.271180 0.701820
vt 0.821380 0.701950
vt 0.169220 0.501960
vt 0.271180 0.701820
vt 0.169220 0.501960
vt 0.802020 0.501960
vt 0.501640 0.501960
vt 0.399650 0.862520
vt 0.643080 0.862510
vt 0.643080 0.862510
vt 0.821380 0.701950
vt 0.501860 0.701870
vt 0.501640 0.862520
vt 0.597550 0.999760
vt 0.501640 0.999760
vt 0.501640 0.001120
vt 0.353560 0.183400
vt 0.501640 0.183400
vt 0.704320 0.325300
vt 0.501640 0.501960
vt 0.802020 0.501960
vt 0.501980 0.000740
vt 0.325160 0.325370
vt 0.501640 0.501960
vt 0.704320 0.325300
vt 0.501860 0.325340
vt 0.802020 0.501960
vt 0.643080 0.862510
vt 0.501860 0.701870
vt 0.821380 0.701950
vt 0.469180 0.999760
vt 0.399650 0.862520
vt 0.643080 0.862510
vt 0.597550 0.999760
vt 0.501640 0.999760
vt 0.627180 0.183400
vt 0.501860 0.325340
vt 0.501640 0.001120
vt 0.353560 0.183400
vt 0.501640 0.183400
vt 0.501640 0.183400
vt 0.627180 0.183400
vt 0.501980 0.000740
vt 0.501860 0.325340
vt 0.704320 0.325300
vt 0.169220 0.501960
vt 0.325160 0.325370
vt 0.169220 0.501960
vt 0.271180 0.701820
vt 0.802020 0.501960
vt 0.501640 0.501960
vt 0.271180 0.701820
vt 0.169220 0.501960
vt 0.643080 0.862510
vt 0.821380 0.701950
vt 0.469180 0.999760
vt 0.643080 0.862510
vt 0.597550 0.999760
vt 0.501640 0.999760
vt 0.627180 0.183400
vt 0.501860 0.325340
vt 0.501640 0.183400
vt 0.501980 0.000740
vt 0.353560 0.183400
vt 0.501640 0.001120
vt 0.802020 0.501960
vt 0.501860 0.701870
vt 0.821380 0.701950
vt 0.501640 0.501960
vt 0.704320 0.325300
vt 0.325160 0.325370
vt 0.169220 0.501960
vt 0.169220 0.501960
vt 0.271180 0.701820
vt 0.704320 0.325300
vt 0.271180 0.701820
vt 0.501860 0.701870
vt 0.821380 0.701950
vt 0.469180 0.999760
vt 0.643080 0.862510
vt 0.501860 0.701870
vt 0.821380 0.701950
vt 0.501640 0.999760
vt 0.597550 0.999760
vt 0.627180 0.183400
vt 0.501860 0.325340
vt 0.501640 0.183400
vt 0.501980 0.000740
vt 0.353560 0.183400
vt 0.501640 0.001120
vt 0.627180 0.183400
vt 0.704320 0.325300
vt 0.325160 0.325370
vt 0.169220 0.501960
vt 0.501860 0.325340
vt 0.325160 0.325370
vt 0.169220 0.501960
vt 0.802020 0.501960
vt 0.501860 0.701870
vt 0.821380 0.701950
vt 0.501640 0.501960
vt 0.169220 0.501960
vt 0.271180 0.701820
vt 0.325160 0.325370
vt 0.169220 0.501960
vt 0.271180 0.701820
vt 0.643080 0.862510
vt 0.469180 0.999760
vt 0.597550 0.999760
vt 0.501640 0.862520
vt 0.501640 0.999760
vt 0.627180 0.183400
vt 0.501860 0.325340
vt 0.501640 0.183400
vt 0.501980 0.000740
vt 0.353560 0.183400
vt 0.501640 0.001120
vt 0.627180 0.183400
vt 0.501980 0.000740
vt 0.501980 0.000740
vt 0.325160 0.325370
vt 0.325160 0.325370
vt 0.169220 0.501960
vt 0.169220 0.501960
vt 0.271180 0.701820
vt 0.325160 0.325370
vt 0.271180 0.701820
vt 0.271180 0.701820
vt 0.399650 0.862520
vt 0.643080 0.862510
vt 0.469180 0.999760
vt 0.501640 0.862520
vt 0.399650 0.862520
vt 0.501640 0.862520
vt 0.597550 0.999760
vt 0.643080 0.862510
vt 0.501640 0.999760
vt 0.627180 0.183400
vt 0.501860 0.325340
vt 0.501640 0.183400
vt 0.501980 0.000740
vt 0.353560 0.183400
vt 0.325160 0.325370
vt 0.501640 0.001120
vt 0.627180 0.183400
vt 0.501860 0.325340
vt 0.704320 0.325300
vt 0.501980 0.000740
vt 0.325160 0.325370
vt 0.169220 0.501960
vt 0.271180 0.701820
vt 0.271180 0.701820
vt 0.802020 0.501960
vt 0.501860 0.701870
vt 0.821380 0.701950
vt 0.501640 0.501960
vt 0.643080 0.862510
vt 0.821380 0.701950
vt 0.469180 0.999760
vt 0.597550 0.999760
vt 0.501640 0.862520
vt 0.501640 0.999760
vt 0.627180 0.183400
vt 0.501860 0.325340
vt 0.501640 0.183400
vt 0.501980 0.000740
vt 0.353560 0.183400
vt 0.325160 0.325370
vt 0.501640 0.001120
vt 0.627180 0.183400
vt 0.501980 0.000740
vt 0.325160 0.325370
vt 0.501980 0.000740
vt 0.325160 0.325370
vt 0.169220 0.501960
vt 0.802020 0.501960
vt 0.501640 0.501960
vt 0.501860 0.701870
vt 0.169220 0.501960
vt 0.271180 0.701820
vt 0.501860 0.701870
vt 0.821380 0.701950
vt 0.802020 0.501960
vt 0.501640 0.501960
vt 0.643080 0.862510
vt 0.469180 0.999760
vt 0.501640 0.862520
vt 0.597550 0.999760
vt 0.643080 0.862510
vt 0.501640 0.999760
vt 0.353560 0.183400
vt 0.501860 0.325340
vt 0.501640 0.183400
vt 0.501640 0.001120
vt 0.627180 0.183400
vt 0.501860 0.325340
vt 0.704320 0.325300
vt 0.501640 0.183400
vt 0.501980 0.000740
vt 0.325160 0.325370
vt 0.169220 0.501960
vt 0.501860 0.701870
vt 0.501640 0.501960
vt 0.271180 0.701820
vt 0.643080 0.862510
vt 0.501860 0.701870
vt 0.821380 0.701950
vt 0.469180 0.999760
vt 0.399650 0.862520
vt 0.643080 0.862510
vt 0.597550 0.999760
vt 0.501640 0.999760
vt 0.501640 0.001120
vt 0.353560 0.183400
vt 0.501640 0.183400
vt 0.704320 0.325300
vt 0.501860 0.325340
vt 0.271180 0.701820
vt 0.169220 0.501960
vt 0.802020 0.501960
vt 0.501860 0.701870
vt 0.821380 0.701950
vt 0.501640 0.501960
vt 0.643080 0.862510
vt 0.821380 0.701950
vt 0.469180 0.999760
vt 0.643080 0.862510
vt 0.597550 0.999760
vt 0.501640 0.999760
vt 0.627180 0.183400
vt 0.501860 0.325340
vt 0.704320 0.325300
vt 0.501640 0.183400
vt 0.501980 0.000740
vt 0.353560 0.183400
vt 0.501640 0.001120
vt 0.704320 0.325300
vt 0.501860 0.701870
vt 0.821380 0.701950
vt 0.271180 0.701820
vt 0.271180 0.701820
vt 0.501860 0.701870
vt 0.501640 0.501960
vt 0.643080 0.862510
vt 0.821380 0.701950
vt 0.627180 0.183400
vt 0.501860 0.325340
vt 0.501640 0.183400
vt 0.501980 0.000740
vt 0.353560 0.183400
vt 0.501640 0.001120
vt 0.627180 0.183400
vt 0.501980 0.000740
vt 0.325160 0.325370
vt 0.325160 0.325370
vt 0.169220 0.501960
vt 0.802020 0.501960
vt 0.169220 0.501960
vt 0.325160 0.325370
vt 0.399650 0.862520
vt 0.469180 0.999760
vt 0.643080 0.862510
vt 0.501640 0.999760
vt 0.597550 0.999760
vt 0.469180 0.999760
vt 0.399650 0.862520
vt 0.627180 0.183400
vt 0.501980 0.000740
vt 0.704320 0.325300
vt 0.501640 0.501960
vt 0.802020 0.501960
vt 0.325160 0.325370
vt 0.169220 0.501960
vt 0.271180 0.701820
vt 0.643080 0.862510
vt 0.597550 0.999760
vt 0.501640 0.999760
vt 0.501980 0.000740
vt 0.325160 0.325370
vt 0.271180 0.701820
vt 0.271180 0.701820
vt 0.501640 0.501960
vn -0.216691 0.191285 0.957317
vn -0.561750 -0.360161 0.744796
vn -0.392948 -0.020815 0.919325
vn 0.708159 0.238946 0.664391
vn 0.599030 -0.132109 0.789754
vn 0.472319 -0.093411 0.876464
vn 0.797579 0.140634 0.586591
vn 0.329988 -0.372558 0.867357
vn 0.668390 -0.124523 0.733314
vn 0.406131 -0.447301 0.796856
vn 0.570715 -0.035849 0.820365
vn -0.066643 -0.618689 0.782804
vn 0.215175 -0.812158 0.542309
vn -0.173937 -0.693348 0.699296
vn 0.258836 -0.764581 0.590270
vn 0.626746 -0.473438 0.618907
vn 0.242833 -0.613279 0.751612
vn 0.230645 -0.550611 0.802266
vn 0.587686 -0.366226 0.721459
vn -0.135827 0.869490 0.474909
vn 0.209145 0.756906 0.619154
vn -0.164480 0.837154 0.521651
vn 0.239818 0.770753 0.590277
vn -0.026173 -0.798303 0.601688
vn 0.359176 -0.734388 0.575905
vn 0.354351 -0.763771 0.539527
vn -0.252481 -0.113568 0.960914
vn -0.008716 -0.702453 0.711677
vn -0.182573 -0.377736 0.907735
vn -0.516475 0.245544 0.820343
vn -0.701603 -0.109552 0.704096
vn -0.773359 -0.009276 0.633900
vn -0.416228 0.167198 0.893756
vn 0.449581 -0.215826 0.866773
vn 0.645041 0.156149 0.748024
vn 0.550667 -0.249814 0.796466
vn 0.908008 -0.010356 0.418824
vn 0.735640 -0.323110 0.595344
vn 0.882476 0.026620 0.469603
vn 0.751605 -0.345022 0.562183
vn -0.527944 0.562718 0.636101
vn -0.706376 0.194152 0.680689
vn -0.773265 0.251317 0.582152
vn -0.444572 0.513417 0.734002
vn -0.793141 0.272015 0.544917
vn -0.566584 0.583758 0.581558
vn 0.105407 -0.292927 0.950307
vn 0.677213 -0.427136 0.599113
vn 0.349027 -0.386722 0.853596
vn -0.435776 -0.782399 0.444917
vn -0.651566 -0.485573 0.582821
vn -0.387928 -0.775986 0.497350
vn -0.409355 0.686166 0.601336
vn -0.702904 0.429366 0.567072
vn -0.713478 0.457426 0.530764
vn -0.381892 0.651331 0.655687
vn 0.274013 -0.179588 0.944810
vn 0.810958 0.042978 0.583524
vn 0.525064 -0.114688 0.843300
vn 0.158320 0.566557 0.808670
vn -0.220924 0.701635 0.677422
vn -0.180685 0.760429 0.623779
vn 0.215717 0.669039 0.711234
vn 0.461984 -0.831272 0.309123
vn 0.146627 -0.827503 0.541978
vn 0.499444 -0.790655 0.354147
vn 0.790547 -0.108647 0.602687
vn 0.774030 0.280876 0.567438
vn 0.802520 0.271621 0.531209
vn 0.352049 -0.090109 0.931634
vn 0.432436 0.321653 0.842341
vn 0.475089 -0.097507 0.874519
vn 0.276282 0.051734 0.959683
vn 0.253038 0.679635 0.688526
vn 0.302826 0.321715 0.897104
vn -0.217269 -0.720794 0.658217
vn -0.577421 -0.470378 0.667330
vn -0.539437 -0.408556 0.736267
vn -0.339314 -0.744507 0.574957
vn 0.746173 -0.108083 0.656920
vn 0.648447 -0.105461 0.753920
vn 0.685486 0.299272 0.663736
vn 0.845896 -0.417822 0.331488
vn 0.577750 -0.605829 0.546971
vn 0.850764 -0.364541 0.378562
vn -0.741679 0.506402 0.439851
vn -0.434158 0.736161 0.519205
vn -0.730870 0.466651 0.498063
vn 0.166485 0.250944 0.953577
vn -0.360514 0.610180 0.705486
vn -0.035808 0.434550 0.899936
vn -0.200771 0.348342 0.915614
vn -0.502337 0.047739 0.863353
vn -0.300711 0.419050 0.856721
vn -0.167941 0.915272 0.366161
vn 0.159293 0.814892 0.557295
vn -0.209648 0.885122 0.415460
vn -0.796688 0.000004 0.604390
vn -0.725288 -0.383505 0.571736
vn -0.754879 -0.378632 0.535533
vn -0.727132 -0.143286 0.671378
vn -0.520047 0.196640 0.831194
vn -0.453397 0.086071 0.887143
vn -0.211116 0.204823 0.955760
vn 0.279935 -0.085112 0.956239
vn 0.368858 0.682488 0.630995
vn 0.471262 0.674874 0.567854
vn 0.567157 0.314049 0.761385
vn 0.582781 -0.102882 0.806091
vn -0.497694 0.323064 0.804941
vn -0.757121 0.029893 0.652590
vn -0.795208 0.087369 0.600009
vn -0.563464 0.421668 0.710425
vn 0.925407 0.055000 0.374961
vn 0.778023 -0.243368 0.579182
vn 0.902903 0.096086 0.418968
vn 0.785571 -0.277787 0.552913
vn -0.816744 -0.131277 0.561868
vn -0.678571 -0.492495 0.544968
vn -0.152853 -0.703655 0.693906
vn -0.380774 -0.373588 0.845839
vn -0.252349 -0.354898 0.900204
vn -0.264147 -0.083436 0.960867
vn 0.044320 0.445425 0.894221
vn -0.567385 0.150499 0.809583
vn -0.221664 0.363856 0.904695
vn -0.752565 0.006113 0.658489
vn -0.634830 -0.388489 0.667883
vn -0.655247 0.018041 0.755199
vn 0.472838 0.798331 0.372951
vn 0.651731 0.506706 0.564355
vn 0.421240 0.802846 0.421896
vn 0.741588 0.294913 0.602556
vn 0.540204 0.627925 0.560258
vn 0.569909 0.632882 0.524084
vn -0.069722 -0.304492 0.949960
vn 0.369736 -0.702492 0.608112
vn 0.098654 -0.505835 0.856970
vn 0.039699 0.538139 0.841921
vn -0.060230 -0.484022 0.872981
vn 0.362124 -0.525145 0.770123
vn -0.050761 -0.591520 0.804691
vn 0.708513 -0.176225 0.683340
vn 0.374368 -0.410858 0.831291
vn 0.631937 -0.075480 0.771335
vn 0.426805 -0.457498 0.780085
vn -0.882017 0.310391 0.354547
vn -0.637170 0.565834 0.523304
vn -0.874376 0.263358 0.407565
vn -0.069289 -0.361051 0.929969
vn 0.351263 -0.390556 0.850929
vn 0.061532 -0.268558 0.961296
vn 0.688361 -0.168745 0.705467
vn 0.334176 -0.261944 0.905379
vn 0.486529 -0.136290 0.862969
vn 0.602100 0.260796 0.754626
vn 0.689371 0.199986 0.696256
vn -0.032351 -0.754227 0.655817
vn 0.364277 -0.644327 0.672417
vn -0.044038 -0.656975 0.752625
vn 0.571790 0.736491 0.361436
vn 0.712780 0.427004 0.556428
vn 0.521350 0.748174 0.410403
vn 0.563156 0.530599 0.633499
vn 0.201830 0.727034 0.656267
vn 0.265506 0.786819 0.557156
vn 0.506588 0.453999 0.732976
vn 0.288433 0.804053 0.519909
vn 0.587901 0.565770 0.578167
vn 0.473956 0.096010 0.875299
vn 0.252379 -0.250829 0.934553
vn 0.200989 -0.200687 0.958816
vn 0.264139 -0.125947 0.956226
vn 0.643757 0.367198 0.671374
vn 0.454014 0.064700 0.888642
vn 0.567005 -0.258384 0.782140
vn 0.779205 0.070185 0.622827
vn 0.847772 -0.001020 0.530360
vn 0.003548 -0.594871 0.803814
vn 0.454519 -0.242339 0.857137
vn 0.771399 0.011689 0.636245
vn 0.542530 -0.328182 0.773277
vn 0.554257 -0.264657 0.789149
vn 0.708562 0.110037 0.697016
vn 0.776616 0.035070 0.628998
vn 0.696892 -0.161921 0.698658
vn 0.890762 0.103147 0.442609
vn 0.758855 -0.241438 0.604852
vn 0.499552 -0.493782 0.711777
vn 0.707734 -0.137989 0.692872
vn 0.768535 -0.219278 0.601058
vn 0.496084 -0.509743 0.702896
vn 0.423186 -0.441560 0.791163
vn 0.708455 -0.158148 0.687809
vn -0.290745 0.861317 0.416654
vn 0.068609 0.815468 0.574722
vn -0.328711 0.819512 0.469415
vn 0.062391 0.846261 0.529104
vn -0.537577 -0.509187 0.672116
vn -0.204447 -0.748009 0.631415
vn -0.287767 -0.791810 0.538728
vn -0.459045 -0.447927 0.767228
vn -0.573698 -0.536691 0.618735
vn -0.317423 -0.803210 0.504079
vn 0.232247 0.318805 0.918926
vn 0.397207 -0.063246 0.915547
vn 0.327753 -0.081070 0.941279
vn 0.078168 0.663402 0.744169
vn 0.359951 0.363899 0.859077
vn 0.237115 0.322290 0.916464
vn 0.286622 0.045877 0.956945
vn -0.129456 0.343826 0.930067
vn -0.096466 0.279704 0.955228
vn -0.186341 0.452654 0.871999
vn -0.582317 0.315632 0.749189
vn -0.236644 0.547407 0.802711
vn -0.788954 -0.046015 0.612726
vn -0.834698 0.045439 0.548830
vn -0.295210 0.594434 0.747997
vn 0.116269 0.542169 0.832186
vn 0.068754 0.427682 0.901311
vn -0.236343 0.695426 0.678620
vn 0.543421 0.662757 0.515215
vn 0.644153 0.438771 0.626536
vn 0.388941 0.756383 0.525936
vn 0.489855 0.763530 0.420790
vn 0.657905 0.517800 0.546850
vn 0.473698 0.815292 0.333030
vn 0.731358 0.524147 0.436332
vn 0.843539 0.151688 0.515202
vn 0.862458 0.128189 0.489627
vn 0.787057 0.096233 0.609328
vn 0.677221 0.494349 0.544969
vn 0.672217 -0.594308 0.441500
vn 0.897642 -0.401845 0.180996
vn 0.678546 -0.617604 0.397669
vn 0.911463 -0.344403 0.224993
vn -0.201240 -0.761194 0.616511
vn 0.179935 -0.817374 0.547287
vn 0.162396 -0.843344 0.512249
vn -0.036286 0.404016 0.914032
vn 0.343473 0.236279 0.908954
vn 0.306515 0.176930 0.935278
vn 0.239533 0.219263 0.945805
vn -0.340342 0.537827 0.771303
vn 0.016259 0.382543 0.923795
vn -0.372583 -0.008020 0.927964
vn -0.303401 -0.424669 0.852997
vn -0.489783 -0.045829 0.870639
vn 0.120697 0.476480 0.870861
vn -0.250933 0.627471 0.737097
vn -0.201542 0.716104 0.668263
vn 0.112165 0.499213 0.859189
vn -0.201717 0.740776 0.640750
vn 0.178360 0.608970 0.772880
vn 0.019488 0.671372 0.740864
vn -0.430851 0.570701 0.699048
vn -0.416886 0.640606 0.644848
vn -0.057853 0.554363 0.830262
vn -0.629511 0.424476 0.650797
vn -0.267669 0.604862 0.749997
vn 0.197758 0.640680 0.741904
vn -0.202528 0.721819 0.661785
vn -0.142032 0.801922 0.580300
vn 0.166266 0.655271 0.736869
vn -0.162284 0.823124 0.544179
vn 0.219812 0.737375 0.638718
vn 0.506813 0.528361 0.681157
vn 0.122111 0.671000 0.731333
vn 0.179010 0.752643 0.633628
vn 0.520350 0.528105 0.671075
vn 0.479547 0.440694 0.758830
vn 0.141568 0.677808 0.721481
vn 0.692514 0.614357 0.378140
vn 0.644653 0.634010 0.427145
vn -0.027811 -0.814111 0.580043
vn -0.383969 -0.655007 0.650794
vn -0.366095 -0.607414 0.704998
vn -0.075179 -0.830052 0.552595
vn -0.439978 0.037233 0.897236
vn -0.149533 0.333453 0.930833
vn -0.108324 0.274121 0.955575
vn -0.178719 0.219487 0.959106
vn -0.667313 -0.196047 0.718512
vn -0.408581 0.070806 0.909972
vn -0.463967 0.277707 0.841197
vn -0.730314 -0.009898 0.683040
vn -0.790023 0.070543 0.609005
vn -0.424105 0.404245 0.810383
vn -0.741752 0.144483 0.654927
vn -0.474649 0.446554 0.758484
vn -0.451278 0.264943 0.852147
vn -0.786678 0.069120 0.613482
vn -0.525345 0.368827 0.766798
vn 0.034322 -0.564330 0.824836
vn 0.376740 -0.686374 0.622059
vn -0.035953 -0.674090 0.737774
vn 0.409211 -0.620130 0.669317
vn -0.555289 0.387007 0.736125
vn -0.772815 0.048243 0.632795
vn -0.820631 0.134958 0.555294
vn -0.622426 0.348053 0.701031
vn -0.874936 0.111952 0.471119
vn -0.670131 0.432129 0.603481
vn -0.367666 0.631226 0.682916
vn -0.643449 0.323924 0.693575
vn -0.689521 0.409235 0.597568
vn -0.361566 0.644887 0.673343
vn -0.300292 0.572525 0.762915
vn -0.639192 0.347994 0.685809
vn -0.652280 0.456075 0.605415
vn -0.819801 0.104822 0.562973
vn -0.840391 0.126967 0.526899
vn -0.326430 0.114570 0.938252
vn -0.509820 -0.255269 0.821536
vn -0.442762 0.157441 0.882708
vn -0.290296 -0.043673 0.955940
vn -0.427687 -0.636135 0.642196
vn -0.385229 -0.292631 0.875195
vn 0.127678 -0.270173 0.954308
vn 0.525252 -0.188588 0.829786
vn 0.163554 -0.392263 0.905196
vn 0.489476 -0.062664 0.869762
vn -0.142979 0.305581 0.941370
vn -0.178305 -0.449039 0.875541
vn 0.180094 -0.654562 0.734245
vn -0.219365 -0.548547 0.806831
vn -0.635926 -0.566774 0.523799
vn -0.701939 -0.532809 0.472648
vn -0.637111 -0.207488 0.742319
vn 0.480502 0.404128 0.778331
vn 0.280012 0.736039 0.616312
vn 0.351203 0.750645 0.559632
vn 0.596013 0.431690 0.677061
vn 0.157553 0.692839 0.703670
vn 0.492230 0.454089 0.742639
vn 0.461487 0.393383 0.795160
vn 0.088421 0.593991 0.799598
vn -0.152183 -0.929153 0.336920
vn -0.433260 -0.732804 0.524676
vn -0.102800 -0.916713 0.386095
vn -0.344755 -0.765050 0.543914
vn 0.041493 -0.826198 0.561849
vn 0.032025 -0.851499 0.523377
vn -0.368831 -0.104299 0.923626
vn -0.175958 -0.481832 0.858415
vn -0.468805 -0.177230 0.865339
vn -0.223082 -0.168050 0.960205
vn 0.191098 -0.660124 0.726442
vn -0.075893 -0.399747 0.913478
vn 0.366441 0.246197 0.897278
vn 0.051314 0.537559 0.841663
vn 0.429568 0.348933 0.832897
vn -0.002166 0.423029 0.906114
vn 0.116601 -0.642604 0.757274
vn -0.226531 -0.387463 0.893619
vn 0.148560 -0.511706 0.846219
vn -0.283266 -0.478933 0.830893
vn -0.176258 -0.482975 0.857711
vn 0.020256 -0.796868 0.603814
vn -0.284160 -0.563288 0.775861
vn 0.388304 0.455743 0.800948
vn 0.023529 0.657542 0.753051
vn 0.097572 0.749887 0.654331
vn -0.364297 -0.666045 0.650901
vn -0.019877 -0.857302 0.514429
vn -0.111116 -0.898281 0.425140
vn -0.455830 -0.744747 0.487413
vn -0.350294 -0.693597 0.629458
vn -0.643198 -0.428653 0.634471
vn -0.341562 -0.700257 0.626878
vn -0.405709 -0.735862 0.542133
vn -0.533899 -0.474235 0.700038
vn -0.435509 -0.383986 0.814179
vn -0.178803 -0.702240 0.689121
vn -0.010303 -0.950181 0.311530
vn 0.041384 -0.933001 0.357487
vn -0.314427 0.689787 0.652173
vn -0.658051 0.509842 0.554103
vn -0.335958 0.728039 0.597572
vn -0.664270 0.539080 0.517820
vn 0.273353 -0.413723 0.868396
vn -0.123477 -0.312038 0.942012
vn -0.090557 -0.247007 0.964773
vn 0.004835 -0.283046 0.959094
vn 0.579675 -0.489631 0.651336
vn 0.242431 -0.404210 0.881953
vn 0.038644 -0.528851 0.847835
vn 0.400379 -0.637364 0.658380
vn 0.348847 -0.733738 0.583039
vn 0.030847 -0.522838 0.851873
vn 0.348526 -0.718614 0.601767
vn -0.028239 -0.633388 0.773319
vn -0.799504 -0.196841 0.567492
vn -0.870717 -0.123356 0.476062
vn 0.017058 -0.642699 0.765929
vn 0.419668 -0.642814 0.640835
vn 0.357570 -0.749821 0.556698
vn 0.119346 -0.741162 0.660632
vn 0.437622 -0.799704 0.411049
vn 0.072720 -0.813691 0.576731
vn -0.402695 -0.622504 0.671063
vn 0.003032 -0.722114 0.691768
vn -0.047852 -0.800146 0.597893
vn -0.453682 -0.623246 0.636975
vn -0.410806 -0.526362 0.744433
vn -0.057071 -0.740228 0.669929
vn -0.928238 -0.097462 0.358991
vn -0.800648 0.214311 0.559494
vn -0.902079 -0.142954 0.407206
vn -0.692344 -0.508794 0.511653
vn -0.369261 -0.713171 0.595847
vn -0.382779 -0.736696 0.557457
vn 0.481654 -0.126503 0.867183
vn 0.118263 -0.315373 0.941570
vn 0.099512 -0.244941 0.964418
vn 0.224449 -0.193991 0.954982
vn 0.779153 0.034724 0.625871
vn 0.480274 -0.127260 0.867837
vn 0.327873 0.367261 0.870413
vn 0.466913 -0.221106 0.856215
vn 0.774148 -0.036717 0.631939
vn 0.808423 -0.141107 0.571437
vn 0.454949 -0.207312 0.866050
vn 0.801304 -0.133205 0.583239
vn 0.498393 -0.338187 0.798269
vn -0.462901 0.411137 0.785295
vn -0.785871 0.260581 0.560807
vn -0.479538 0.536504 0.694411
vn -0.764534 0.196205 0.613996
vn 0.621603 -0.485848 0.614460
vn 0.877237 -0.204352 0.434391
vn 0.884231 -0.319259 0.340894
vn 0.697713 -0.482763 0.529280
vn 0.923125 -0.302847 0.236904
vn 0.697328 -0.566543 0.439047
vn 0.234968 -0.741969 0.627912
vn 0.595268 -0.549508 0.586257
vn 0.597393 -0.627134 0.499825
vn 0.252430 -0.728019 0.637392
vn 0.232162 -0.622812 0.747132
vn 0.611038 -0.521718 0.595351
vn -0.692466 -0.637010 0.338688
vn -0.770206 -0.318000 0.552864
vn -0.644228 -0.660509 0.385614
vn 0.458891 0.546903 0.700226
vn 0.131951 0.754456 0.642950
vn 0.159398 0.775389 0.611035
vn 0.470164 0.061346 0.880444
vn 0.248097 -0.289170 0.924569
vn 0.195887 -0.237314 0.951478
vn 0.390356 -0.063191 0.918493
vn 0.193635 -0.259250 0.946200
vn 0.505617 -0.143985 0.850658
vn 0.689090 0.204095 0.695342
vn 0.764275 0.144023 0.628603
vn 0.223042 -0.421631 0.878908
vn 0.603255 -0.243121 0.759589
vn 0.284347 -0.510917 0.811240
vn 0.579698 -0.201643 0.789487
vn 0.813705 0.100034 0.572606
vn 0.663609 -0.275415 0.695535
vn 0.765503 0.145025 0.626876
vn 0.477142 -0.120304 0.870553
vn -0.100217 0.895911 0.432782
vn -0.180143 0.832224 0.524359
vn 0.467364 0.403036 0.786850
vn 0.123195 0.641280 0.757353
vn 0.680297 -0.275514 0.679183
vn 0.814681 0.101999 0.570869
vn 0.871655 0.029984 0.489201
vn 0.658797 -0.252813 0.708570
vn 0.876394 0.028817 0.480733
vn 0.728259 -0.328250 0.601573
vn 0.715035 -0.178720 0.675858
vn 0.391082 -0.427282 0.815159
vn 0.639533 -0.092035 0.763234
vn 0.433013 -0.469723 0.769324
vn 0.500878 -0.530076 0.684208
vn 0.517938 0.809683 0.275961
vn 0.799382 0.047610 0.598934
vn 0.742342 0.422307 0.520178
vn 0.365946 -0.006606 0.930613
vn 0.370441 0.411036 0.832960
vn 0.488079 0.007148 0.872770
vn 0.265869 0.119784 0.956538
vn 0.128898 0.727688 0.673688
vn 0.243165 0.388842 0.888635
vn 0.125049 -0.457291 0.880482
vn 0.432420 -0.682676 0.589039
vn 0.118114 -0.580566 0.805601
vn 0.498463 -0.571488 0.651871
vn -0.389561 0.478557 0.786909
vn -0.612784 0.123303 0.780571
vn -0.744455 -0.243166 0.621818
vn -0.661469 -0.301961 0.686497
vn 0.755831 0.041250 0.653467
vn 0.659589 0.028154 0.751099
vn 0.622725 0.431057 0.652995
vn -0.831963 -0.438192 0.340332
vn -0.826281 -0.108687 0.552673
vn -0.791338 -0.472874 0.387523
vn 0.874173 0.159109 0.458809
vn 0.751992 0.525763 0.397594
vn 0.841874 0.147155 0.519223
vn -0.425793 0.446411 0.787031
vn -0.007960 0.472340 0.881380
vn -0.047606 0.350855 0.935219
vn 0.199672 0.224199 0.953869
vn 0.438776 -0.128346 0.889384
vn 0.570449 0.271945 0.775005
vn 0.547509 -0.144130 0.824294
vn -0.016853 0.431069 0.902162
vn -0.408074 0.505799 0.760028
vn -0.377834 0.607994 0.698273
vn -0.303532 0.013234 0.952729
vn -0.213452 -0.777966 0.590937
vn -0.431354 -0.467123 0.771836
vn -0.115540 -0.747376 0.654277
vn -0.591783 -0.080551 0.802063
vn -0.030011 0.470966 0.881641
vn -0.383511 0.641609 0.664272
vn 0.011721 0.598028 0.801389
vn -0.006425 0.757628 0.652654
vn -0.409043 0.738561 0.535921
vn -0.352194 0.827078 0.438066
vn 0.002041 0.746664 0.665198
vn -0.343951 0.822625 0.452754
vn 0.041259 0.821061 0.569348
vn -0.597801 -0.703441 0.384454
vn -0.547536 -0.715774 0.433441
vn 0.789342 -0.231597 0.568596
vn 0.556253 -0.542781 0.629262
vn 0.521893 -0.510381 0.683476
vn 0.802572 -0.264038 0.534941
vn -0.173569 0.232036 0.957096
vn -0.738668 -0.029684 0.673415
vn -0.431664 0.153081 0.888950
vn -0.487009 0.376025 0.788306
vn -0.798812 0.191582 0.570259
vn -0.818912 0.288624 0.496063
vn -0.258344 0.089351 0.961912
vn 0.426789 0.325559 0.843720
vn 0.115832 0.626915 0.770429
vn 0.478261 0.418629 0.772021
vn 0.051196 0.511943 0.857492
vn -0.401799 0.319023 0.858360
vn -0.763347 0.226830 0.604856
vn -0.445782 0.445548 0.776380
vn 0.075109 0.703589 0.706627
vn 0.454439 0.524598 0.719918
vn 0.434141 0.462064 0.773316
vn 0.036222 0.594034 0.803624
vn 0.397838 0.359731 0.843990
vn -0.512302 0.520170 0.683352
vn -0.800277 0.252898 0.543690
vn -0.814503 0.355576 0.458423
vn -0.191795 0.908581 0.371074
vn 0.141451 0.818483 0.556845
vn -0.231732 0.876983 0.420952
vn 0.223126 -0.757895 0.613033
vn 0.576613 -0.636912 0.511722
vn -0.308119 0.243886 0.919556
vn -0.489728 -0.140240 0.860523
vn -0.426061 0.277510 0.861081
vn -0.363632 -0.168609 0.916156
vn -0.239277 0.222835 0.945035
vn -0.269855 0.090051 0.958681
vn -0.407100 -0.542021 0.735175
vn -0.363663 -0.168568 0.916152
vn -0.610629 -0.064663 0.789273
vn -0.645721 -0.449042 0.617581
vn -0.738938 -0.416316 0.529766
vn 0.487232 -0.208303 0.848065
vn 0.746434 0.069812 0.661787
vn 0.788403 -0.042279 0.613704
vn 0.429907 -0.094429 0.897922
vn -0.574434 0.046113 0.817251
vn -0.561686 -0.366465 0.741763
vn -0.680855 -0.343906 0.646657
vn -0.480374 -0.010786 0.876998
vn -0.636608 -0.386553 0.667313
vn -0.608182 0.020435 0.793535
vn 0.416906 0.759958 0.498651
vn 0.504026 0.426228 0.751191
vn -0.704665 -0.014369 0.709394
vn -0.669102 -0.418048 0.614441
vn -0.758970 -0.378434 0.529860
vn -0.901291 -0.084229 0.424947
vn 0.501239 -0.535599 0.679627
vn 0.705022 -0.171914 0.688033
vn 0.768091 -0.252344 0.588523
vn 0.533620 -0.569521 0.625217
vn 0.783463 -0.279732 0.554919
vn -0.032918 -0.634719 0.772042
vn -0.343947 -0.357631 0.868217
vn -0.228606 -0.300318 0.926039
vn -0.309075 -0.036411 0.950340
vn 0.247171 -0.406954 0.879372
vn 0.628099 -0.247238 0.737811
vn 0.301687 -0.500409 0.811527
vn -0.408941 -0.383036 0.828282
vn -0.196055 -0.713313 0.672865
vn -0.289449 -0.752013 0.592196
vn 0.563408 -0.239419 0.790727
vn -0.209341 0.465134 0.860132
vn -0.594782 0.285560 0.751459
vn -0.272891 0.551617 0.788193
vn -0.515961 0.179431 0.837609
vn -0.372550 -0.316832 0.872252
vn -0.255540 -0.703102 0.663586
vn -0.491439 -0.372609 0.787179
vn 0.554966 -0.322397 0.766859
vn 0.811356 -0.093825 0.576973
vn 0.838152 -0.161474 0.520986
vn 0.557036 -0.473895 0.682008
vn -0.574446 -0.443386 0.688056
vn -0.295451 -0.741393 0.602533
vn -0.390819 -0.765687 0.510867
vn -0.779756 -0.108084 0.616684
vn -0.570317 -0.456552 0.682861
vn -0.696052 -0.061011 0.715395
vn -0.819746 -0.392218 0.417350
vn -0.813348 -0.035893 0.580670
vn -0.777761 -0.419555 0.468041
vn -0.688293 0.339309 0.641188
vn -0.593239 0.319561 0.738883
vn -0.731127 -0.068633 0.678780
vn -0.731717 0.346922 0.586716
vn -0.839022 -0.022515 0.543632
vn -0.028825 -0.299037 0.953806
vn 0.465152 -0.633409 0.618406
vn 0.167308 -0.474960 0.863957
vn -0.038543 -0.645590 0.762711
vn 0.275781 -0.802915 0.528462
vn 0.197359 -0.874431 0.443193
vn 0.169436 -0.555056 0.814373
vn 0.549242 -0.394423 0.736725
vn 0.570417 -0.513433 0.641101
vn 0.141156 -0.450255 0.881672
vn -0.028800 -0.523311 0.851655
vn 0.225812 -0.785685 0.575941
vn -0.115169 -0.620447 0.775746
vn -0.546244 -0.497679 0.673745
vn -0.388523 -0.804701 0.448893
vn -0.634482 -0.514444 0.576870
vn -0.284675 -0.793479 0.537914
vn -0.653591 -0.102719 0.749845
vn -0.131172 -0.714946 0.686765
vn 0.238349 -0.818524 0.522693
vn 0.152702 -0.883064 0.443711
vn -0.096408 -0.761429 0.641039
vn 0.174863 -0.912382 0.370111
vn -0.172102 -0.818131 0.548673
vn -0.347205 -0.450383 0.822559
vn -0.006208 -0.678630 0.734454
vn -0.901831 0.171487 0.396602
vn -0.687284 0.444937 0.574171
vn -0.887367 0.128119 0.442905
vn -0.690258 0.476474 0.544534
vn -0.741853 -0.239255 0.626427
vn -0.802269 0.135466 0.581389
vn -0.758962 0.143458 0.635135
vn -0.767360 -0.270101 0.581554
vn -0.131514 -0.335161 0.932937
vn 0.232035 -0.530216 0.815494
vn 0.273591 -0.407849 0.871096
vn -0.103997 -0.268350 0.957692
vn 0.616609 -0.459500 0.639260
vn 0.027831 -0.304981 0.951952
vn -0.428618 0.245404 0.869519
vn -0.463484 -0.177282 0.868190
vn -0.553721 0.226037 0.801436
vn -0.335898 -0.167676 0.926854
vn 0.581737 -0.569442 0.580791
vn 0.540388 -0.663413 0.517555
vn 0.504333 -0.727412 0.465317
vn -0.323448 -0.844379 0.427090
vn -0.567471 -0.580623 0.583827
vn -0.274793 -0.834180 0.478155
vn -0.293862 0.776044 0.558033
vn -0.602949 0.537852 0.589210
vn -0.616457 0.562169 0.551314
vn 0.153761 -0.319194 0.935132
vn 0.527218 -0.130951 0.839579
vn 0.448130 -0.027870 0.893534
vn 0.113653 -0.258832 0.959213
vn 0.697963 0.228168 0.678814
vn 0.219356 -0.171777 0.960404
vn -0.341571 0.334392 0.878357
vn -0.656710 0.059944 0.751757
vn 0.057104 -0.587195 0.807429
vn 0.431140 -0.651110 0.624639
vn 0.352377 -0.747207 0.563483
vn 0.121298 -0.477271 0.870344
vn -0.574404 0.170881 0.800538
vn -0.598962 -0.253328 0.759651
vn -0.683515 0.145745 0.715238
vn -0.471620 -0.257766 0.843286
vn 0.770853 0.137753 0.621941
vn 0.827183 0.051303 0.559586
vn 0.608008 -0.495286 0.620499
vn 0.871850 -0.355832 0.336543
vn 0.609309 -0.590623 0.529062
vn 0.874555 -0.245537 0.418169
vn 0.593031 -0.373249 0.713442
vn 0.194605 -0.422875 0.885046
vn 0.867375 -0.170487 0.467541
vn 0.218452 -0.529840 0.819480
vn 0.232239 -0.595483 0.769068
vn 0.405791 -0.852035 0.330712
vn 0.075548 -0.837339 0.541438
vn 0.441661 -0.813370 0.378635
vn 0.489690 0.642632 0.589260
vn 0.162976 0.838408 0.520106
vn 0.315267 -0.109375 0.942679
vn 0.434637 0.292518 0.851777
vn 0.251603 0.039040 0.967043
vn 0.292462 0.663043 0.689086
vn 0.304027 0.304776 0.902596
vn -0.431682 0.153029 0.888950
vn -0.071167 0.356582 0.931550
vn -0.048585 0.287983 0.956402
vn -0.110421 0.473197 0.874009
vn -0.523358 0.400482 0.752137
vn -0.145418 0.574920 0.805183
vn -0.480304 0.272869 0.833577
vn -0.353504 -0.462474 0.813113
vn -0.058387 -0.748896 0.660110
vn -0.389574 -0.517945 0.761554
vn -0.293793 -0.371905 0.880552
vn 0.015578 -0.653941 0.756385
vn -0.553166 0.515747 0.654226
vn -0.841626 0.350232 0.411101
vn -0.568217 0.604882 0.557896
vn -0.167187 0.636714 0.752758
vn 0.585104 0.618263 0.524789
vn 0.689786 0.245487 0.681125
vn 0.407695 -0.809264 0.422939
vn 0.429287 -0.767313 0.476385
vn 0.379276 -0.645242 0.663184
vn 0.322183 -0.565086 0.759524
vn 0.663402 -0.347018 0.662930
vn 0.702414 -0.429612 0.567494
vn 0.405601 -0.681407 0.609239
vn 0.712268 -0.458333 0.531606
vn 0.362241 0.027529 0.931678
vn 0.313735 0.443644 0.839494
vn 0.481740 0.057480 0.874427
vn 0.246931 0.139829 0.958891
vn 0.034130 0.729095 0.683561
vn 0.190219 0.404654 0.894467
vn 0.258916 -0.278457 0.924891
vn 0.584939 -0.018569 0.810865
vn 0.345085 -0.364980 0.864700
vn 0.484027 0.059319 0.873040
vn 0.364061 0.373740 0.853099
vn 0.288123 0.737273 0.611075
vn 0.491669 0.410631 0.767882
vn 0.526684 -0.013042 0.849961
vn 0.628763 0.019887 0.777342
vn 0.564340 -0.701269 0.435594
vn 0.256581 -0.638520 0.725574
vn 0.601238 -0.635301 0.484670
vn -0.463047 -0.412583 0.784451
vn -0.542365 0.013182 0.840040
vn -0.638499 -0.031718 0.768969
vn 0.316009 0.800072 0.509924
vn 0.561731 0.497979 0.660663
vn 0.444449 0.476766 0.758393
vn 0.586013 0.084617 0.805871
vn -0.840841 0.402158 0.362291
vn -0.744935 -0.137477 0.652819
vn -0.786071 -0.154178 0.598600
vn -0.663974 -0.516882 0.540344
vn 0.103104 0.276472 0.955475
vn -0.459524 0.560638 0.688857
vn -0.120230 0.431109 0.894254
vn -0.310441 -0.463933 0.829695
vn 0.086897 -0.634229 0.768246
vn -0.327100 -0.566912 0.756053
vn -0.305090 0.803727 0.510826
vn 0.083399 0.751305 0.654664
vn 0.013943 0.656400 0.754284
vn 0.468224 0.604792 0.644199
vn 0.419441 0.521895 0.742762
vn -0.057911 0.922383 0.381912
vn -0.081664 0.306668 0.948307
vn -0.608585 -0.099192 0.787264
vn -0.322617 0.168192 0.931467
vn -0.053499 -0.329701 0.942568
vn 0.308819 -0.511280 0.802012
vn -0.099414 -0.446004 0.889493
vn -0.449749 0.349495 0.821936
vn -0.733243 0.072033 0.676140
vn -0.790184 0.153722 0.593278
vn -0.475761 0.291100 0.830007
vn -0.736845 -0.005731 0.676037
vn -0.779738 0.104145 0.617384
vn -0.417856 0.178477 0.890810
vn -0.350849 0.322945 0.878983
vn -0.712543 0.123856 0.690610
vn -0.432184 0.424755 0.795487
vn -0.528037 0.477632 0.702171
vn -0.762581 0.139827 0.631600
vn -0.810384 0.226681 0.540272
vn -0.554643 0.466269 0.689177
vn -0.153144 0.626694 0.764069
vn -0.486031 0.372579 0.790544
vn -0.830601 0.216050 0.513248
vn -0.261922 0.745764 0.612563
vn -0.195493 0.675709 0.710774
vn -0.167282 0.888191 0.427941
vn -0.215490 0.856186 0.469585
vn -0.784097 0.067943 0.616907
vn -0.798987 -0.305945 0.517704
vn -0.082773 0.891884 0.444625
vn -0.444241 0.757454 0.478449
vn 0.167360 -0.474950 0.863952
vn -0.190081 -0.276560 0.942011
vn -0.141588 -0.222106 0.964687
vn 0.086215 -0.577622 0.811739
vn -0.273498 -0.369451 0.888090
vn -0.027107 -0.261563 0.964806
vn 0.555287 0.203644 0.806341
vn 0.341566 0.560965 0.754090
vn 0.453084 0.603172 0.656429
vn 0.614446 0.232033 0.754067
vn 0.457812 0.157798 0.874933
vn -0.277262 -0.590043 0.758272
vn -0.042011 -0.851326 0.522952
vn -0.396087 -0.639754 0.658658
vn 0.016216 -0.812098 0.583296
vn 0.697264 -0.562803 0.443931
vn 0.711252 -0.458892 0.532483
vn 0.713193 -0.385839 0.585221
vn -0.282801 0.470314 0.835959
vn 0.033818 0.744640 0.666609
vn -0.344466 0.578306 0.739530
vn -0.396801 0.670091 0.627318
vn 0.136985 0.556921 0.819191
vn 0.165326 0.494676 0.853208
vn 0.084521 0.659365 0.747057
vn -0.771775 -0.216311 0.597974
vn -0.651587 -0.575147 0.494611
vn -0.798537 -0.220582 0.560074
vn -0.604274 -0.578509 0.547887
vn -0.281663 -0.699169 0.657137
vn 0.125121 -0.760695 0.636936
vn -0.244385 -0.609146 0.754465
vn 0.056078 -0.860881 0.505706
vn -0.298627 -0.739954 0.602735
vn -0.250433 -0.727282 0.639018
vn -0.426244 -0.380729 0.820586
vn -0.296122 -0.385454 0.873921
vn -0.267394 -0.120994 0.955961
vn 0.243200 -0.097630 0.965050
vn 0.409654 0.654913 0.635038
vn 0.512808 0.637405 0.575103
vn 0.353941 0.483181 0.800788
vn -0.024248 0.658424 0.752257
vn 0.043151 0.755688 0.653508
vn 0.299880 0.390693 0.870305
vn -0.542354 -0.696164 0.470327
vn -0.466126 0.035148 0.884020
vn -0.469767 -0.712505 0.521207
vn 0.487555 -0.239909 0.839485
vn 0.703691 0.081741 0.705788
vn 0.752226 0.040505 0.657659
vn 0.562575 -0.339848 0.753666
vn -0.746541 -0.155927 0.646810
vn -0.739211 0.063149 0.670507
vn -0.640579 0.052873 0.766070
vn 0.048986 -0.831581 0.553238
vn 0.355349 -0.879881 0.315494
vn 0.016447 -0.849000 0.528137
vn 0.392953 -0.847476 0.356892
vn -0.460859 -0.573065 0.677646
vn -0.392435 -0.499721 0.772187
vn -0.492376 -0.606213 0.624557
vn -0.199640 -0.834166 0.514112
vn -0.385589 -0.162446 0.908258
vn -0.112431 -0.490249 0.864300
vn -0.463724 -0.255935 0.848208
vn -0.231572 -0.192139 0.953654
vn 0.290976 -0.587066 0.755438
vn -0.035521 -0.387170 0.921324
vn 0.324045 0.226195 0.918603
vn 0.277767 0.171583 0.945201
vn 0.401338 0.320143 0.858159
vn -0.257046 0.522927 0.812696
vn -0.576990 0.246201 0.778760
vn 0.110849 -0.810245 0.575513
vn -0.195788 -0.593965 0.780303
vn 0.160724 -0.759271 0.630614
vn -0.902474 -0.224770 0.367449
vn -0.869756 -0.265414 0.416028
vn 0.406566 -0.680959 0.609097
vn 0.710769 -0.442600 0.546729
vn 0.717812 -0.472624 0.511246
vn -0.149017 0.358836 0.921428
vn -0.526475 0.167673 0.833493
vn -0.218275 0.458552 0.861444
vn -0.441063 0.073239 0.894483
vn 0.187899 -0.383793 0.904100
vn 0.584204 -0.308720 0.750598
vn 0.218819 -0.494605 0.841121
vn 0.553257 -0.171860 0.815089
vn 0.685895 0.579531 0.440104
vn 0.779109 0.218089 0.587730
vn 0.614177 -0.153189 0.774157
vn 0.504957 -0.798000 0.328958
vn 0.537393 -0.755043 0.375657
vn -0.466683 -0.638905 0.611562
vn -0.120768 -0.816164 0.565059
vn -0.143893 -0.836127 0.529327
vn -0.287260 -0.346061 0.893153
vn 0.109270 -0.505473 0.855896
vn 0.126949 -0.379683 0.916365
vn -0.271712 -0.276940 0.921671
vn 0.513386 -0.398312 0.760120
vn -0.138654 -0.300794 0.943556
vn -0.430444 0.060804 0.900567
vn -0.363907 0.086953 0.927368
vn -0.139038 -0.688841 0.711454
vn -0.404738 0.278327 0.871046
vn -0.610509 -0.085460 0.787385
vn -0.687104 0.003358 0.726551
vn -0.318137 0.184146 0.929989
vn 0.649389 0.101758 0.753617
vn 0.243549 0.790048 0.562591
vn 0.501637 -0.511093 0.697957
vn 0.483049 -0.608591 0.629508
vn 0.679532 -0.356006 0.641479
vn 0.464572 -0.675760 0.572295
vn -0.343148 -0.722822 0.599815
vn 0.063131 -0.745150 0.663902
vn -0.335118 -0.629634 0.700897
vn 0.922955 -0.190312 0.334567
vn 0.913773 -0.137975 0.382075
vn 0.454400 0.662723 0.595247
vn 0.100197 0.824814 0.556456
vn 0.121557 0.845495 0.519964
vn 0.184720 -0.300325 0.935780
vn 0.560367 -0.129993 0.817979
vn 0.257089 -0.155120 0.953857
vn 0.737384 0.217526 0.639490
vn 0.487986 -0.022409 0.872564
vn -0.342593 0.022970 0.939203
vn -0.270277 0.015747 0.962654
vn -0.366770 -0.725314 0.582580
vn -0.073723 -0.288868 0.954526
vn 0.706743 -0.283270 0.648284
vn 0.317079 -0.356254 0.878945
vn 0.545038 -0.001879 0.838409
vn 0.384233 -0.642359 0.663129
vn 0.334905 -0.557417 0.759688
vn 0.740989 0.537278 0.402823
vn 0.795054 0.189795 0.576079
vn 0.694947 0.558484 0.452929
vn 0.743359 0.128290 0.656474
vn 0.785816 0.140873 0.602203
vn 0.681701 0.506311 0.528141
vn 0.344443 -0.161940 0.924735
vn 0.458242 0.245587 0.854226
vn 0.466387 -0.176722 0.866748
vn 0.280518 -0.015866 0.959718
vn 0.308679 0.623802 0.718045
vn 0.329152 0.253695 0.909559
vn -0.225991 -0.258718 0.939145
vn -0.170054 -0.212191 0.962318
vn -0.321979 -0.337774 0.884443
vn -0.102859 -0.680412 0.725575
vn -0.406856 -0.406378 0.818123
vn 0.286041 -0.783425 0.551749
vn 0.203720 -0.847070 0.490888
vn -0.338399 -0.108566 0.934719
vn 0.140174 -0.886649 0.440687
vn -0.233139 0.901408 0.364843
vn -0.272607 0.868415 0.414175
vn 0.745383 -0.311358 0.589458
vn 0.831864 0.068470 0.550740
vn 0.856163 0.051827 0.514100
vn 0.002301 0.186854 0.982385
vn -0.498766 0.539880 0.678058
vn -0.198984 0.364883 0.909542
vn 0.329321 0.375911 0.866163
vn 0.385771 0.466455 0.795990
vn 0.263477 0.272830 0.925280
vn -0.057514 0.543516 0.837426
vn -0.430714 0.641157 0.635140
vn -0.121233 0.475688 0.871219
vn 0.225324 -0.681503 0.696264
vn -0.529442 -0.339503 0.777450
vn -0.529737 0.304542 0.791601
vn 0.427837 0.506685 0.748482
vn 0.057068 0.684757 0.726534
vn 0.360822 0.420515 0.832451
vn -0.007276 -0.902387 0.430865
vn -0.333299 -0.743531 0.579719
vn 0.033341 -0.875140 0.482719
vn 0.514505 0.551395 0.656695
vn 0.207972 0.795116 0.569683
vn 0.533564 0.594385 0.601678
vn 0.182517 0.774402 0.605797
vn 0.257810 0.266522 0.928709
vn -0.052834 0.547245 0.835303
vn -0.120031 0.437076 0.891379
vn -0.451717 0.577006 0.680453
vn -0.394182 0.676828 0.621710
vn 0.216141 0.207739 0.954006
vn 0.097145 0.275459 0.956392
vn 0.294184 -0.014193 0.955643
vn -0.544652 0.195188 0.815632
vn -0.606865 0.218255 0.764251
vn -0.539641 -0.604989 0.585470
vn -0.334531 0.759700 0.557625
vn -0.286733 0.814504 0.504348
vn -0.440223 0.390076 0.808730
vn -0.744403 0.146425 0.651479
vn -0.497328 0.495736 0.711977
vn -0.703670 0.095719 0.704050
vn 0.424587 0.509931 0.748129
vn 0.126382 -0.937482 0.324278
vn -0.207172 -0.702521 0.680841
vn -0.167028 -0.609987 0.774608
vn 0.199449 -0.747861 0.633185
vn -0.226140 -0.744562 0.628083
vn 0.125737 -0.852207 0.507871
vn -0.102170 0.423699 0.900022
vn -0.497108 0.275094 0.822926
vn -0.158855 0.528131 0.834172
vn -0.185165 0.288693 0.939346
vn -0.712855 -0.073714 0.697427
vn -0.430739 0.168625 0.886583
vn -0.055045 0.863031 0.502143
vn 0.642908 -0.539057 0.544139
vn -0.140979 -0.547848 0.824614
vn 0.753275 0.110096 0.648426
vn 0.612225 -0.269961 0.743170
vn -0.607561 0.488535 0.626261
vn -0.209428 0.617464 0.758207
vn -0.559597 0.387690 0.732494
vn -0.847156 0.169280 0.503658
vn -0.894797 0.266221 0.358420
vn -0.887564 0.214990 0.407442
vn -0.584765 0.537277 0.607769
vn -0.817533 0.239625 0.523660
vn -0.247616 0.254218 0.934911
vn -0.553908 -0.028015 0.832107
vn -0.450289 -0.106096 0.886557
vn -0.192826 0.206882 0.959176
vn -0.617579 -0.418331 0.666030
vn -0.270688 0.094229 0.958044
vn 0.165698 -0.301567 0.938936
vn 0.148177 -0.230795 0.961654
vn 0.846758 -0.068028 0.527611
vn 0.148142 -0.237777 0.959956
vn 0.853840 0.032466 0.519522
vn 0.803923 0.122707 0.581937
vn 0.242081 0.750222 0.615276
vn 0.343942 0.759924 0.551561
vn 0.594725 0.019900 0.803683
vn -0.838906 -0.228393 0.494038
vn -0.788752 -0.282253 0.546079
vn -0.711719 -0.350631 0.608699
vn -0.468115 -0.385037 0.795371
vn -0.294061 -0.727764 0.619586
vn -0.579569 -0.418484 0.699264
vn -0.234942 -0.701987 0.672321
vn 0.036541 -0.680274 0.732047
vn -0.312619 -0.418441 0.852747
vn 0.055321 -0.554734 0.830187
vn -0.354325 -0.472282 0.807096
vn -0.550256 0.509115 0.661831
vn 0.863968 -0.410546 0.291568
vn 0.714070 -0.165701 0.680181
vn 0.759781 -0.170887 0.627320
vn 0.807705 0.205906 0.552463
vn -0.319870 -0.132612 0.938135
vn -0.405114 0.269715 0.873577
vn -0.334122 0.277174 0.900854
vn -0.319674 0.149226 0.935703
vn -0.232064 -0.521499 0.821088
vn -0.322056 -0.131889 0.937489
vn 0.203919 -0.548441 0.810944
vn -0.140398 -0.320932 0.936638
vn 0.250984 -0.427251 0.868599
vn -0.197889 -0.430879 0.880445
vn -0.509226 -0.119596 0.852282
vn -0.433084 -0.518571 0.737240
vn -0.550943 -0.491508 0.674449
vn -0.380740 -0.130216 0.915468
vn -0.589767 0.025153 0.807182
vn -0.515392 -0.385682 0.765258
vn -0.459908 -0.169314 0.871675
vn -0.452393 -0.574981 0.681716
vn -0.589317 -0.191740 0.784819
vn -0.672595 -0.219336 0.706758
vn -0.485706 -0.587636 0.647127
vn -0.585093 -0.591644 0.554639
vn -0.667102 -0.204615 0.716316
vn -0.585197 -0.580344 0.566343
vn -0.755222 -0.220010 0.617442
vn -0.775184 0.108998 0.622261
vn -0.653070 -0.277614 0.704578
vn -0.733970 -0.290972 0.613697
vn -0.743457 0.066842 0.665436
vn -0.635200 0.095863 0.766376
vn -0.612947 -0.321796 0.721626
vn 0.837792 0.410753 0.359703
vn 0.797800 0.442648 0.409364
vn -0.699553 0.252721 0.668399
vn -0.741695 0.268463 0.614667
vn -0.851020 -0.089919 0.517377
vn 0.074537 -0.661442 0.746283
vn -0.264793 -0.427230 0.864500
vn -0.154834 -0.359410 0.920245
vn -0.266949 -0.107302 0.957718
vn -0.482252 0.035559 0.875310
vn -0.359283 0.046055 0.932092
vn -0.287137 0.051487 0.956505
vn -0.369797 -0.730679 0.573898
vn -0.267181 -0.723301 0.636749
vn 0.224133 0.212674 0.951070
vn -0.406139 0.662390 0.629517
vn -0.350248 0.747298 0.564688
vn -0.571366 -0.195368 0.797102
vn -0.503421 -0.584361 0.636466
vn -0.688118 -0.209854 0.694590
vn -0.433447 -0.575373 0.693592
vn 0.793724 -0.327368 0.512671
vn 0.527980 -0.591880 0.609028
vn 0.498531 -0.558401 0.663066
vn 0.941342 -0.010402 0.337293
vn 0.780956 -0.299337 0.548184
vn 0.922144 0.039063 0.384870
vn -0.288730 0.747780 0.597880
vn -0.240874 0.670732 0.701497
vn -0.311006 0.781616 0.540696
vn -0.643829 0.591983 0.484810
vn -0.225108 -0.268910 0.936490
vn 0.090879 -0.541056 0.836062
vn 0.156321 -0.428721 0.889810
vn -0.184527 -0.208800 0.960392
vn 0.429963 -0.661918 0.614000
vn -0.063573 -0.273012 0.959908
vn 0.486176 -0.560161 0.670711
vn -0.400680 -0.023631 0.915913
vn -0.336751 0.009331 0.941547
vn -0.508389 -0.082012 0.857213
vn -0.381502 -0.492983 0.781936
vn -0.601137 -0.135473 0.787580
vn -0.111374 -0.773720 0.623661
vn -0.021806 -0.725208 0.688184
vn -0.699650 0.383647 0.602748
vn 0.000128 0.794092 0.607798
vn -0.820575 0.105627 0.561693
vn 0.323490 -0.803226 0.500183
vn 0.371083 -0.746805 0.551888
vn 0.316596 0.364035 0.875926
vn -0.031456 0.588387 0.807967
vn 0.246131 -0.876502 0.413720
vn -0.442791 -0.600976 0.665405
vn 0.478712 0.613671 0.627887
vn 0.453441 0.515024 0.727421
vn 0.087280 0.716428 0.692180
vn 0.121462 0.794735 0.594679
vn 0.484120 0.660155 0.574302
vn 0.133312 0.819089 0.557961
vn 0.082804 -0.288707 0.953830
vn 0.677897 -0.380940 0.628761
vn 0.336545 -0.364745 0.868158
vn 0.318179 -0.354313 0.879332
vn 0.661744 -0.124017 0.739402
vn 0.389825 -0.435361 0.811478
vn -0.069521 0.361419 0.929808
vn -0.774643 0.019249 0.632106
vn -0.278264 -0.595498 0.753625
vn -0.483925 -0.234843 0.843010
vn -0.165001 -0.546316 0.821166
vn -0.563898 -0.309925 0.765484
vn -0.187687 -0.718146 0.670105
vn 0.222843 -0.734593 0.640869
vn -0.158428 -0.623406 0.765680
vn 0.913665 -0.163275 0.372232
vn 0.900207 -0.112705 0.420625
vn -0.200312 0.728270 0.655361
vn -0.215724 0.769636 0.600936
vn -0.569866 0.634865 0.521727
vn 0.108489 -0.330784 0.937450
vn 0.514358 -0.263166 0.816199
vn 0.215771 -0.208887 0.953839
vn 0.773135 0.026154 0.633702
vn 0.472308 -0.140231 0.870207
vn -0.322594 0.168177 0.931477
vn -0.014477 0.445643 0.895093
vn 0.026183 0.386779 0.921801
vn -0.404277 0.267666 0.874594
vn -0.086736 0.543635 0.834828
vn -0.671937 0.325112 0.665435
vn -0.626391 0.242727 0.740755
vn 0.837456 -0.183435 0.514800
vn 0.847982 -0.256887 0.463612
vn -0.139109 -0.559805 0.816865
vn 0.267907 -0.621886 0.735855
vn 0.592094 -0.661663 0.460029
vn 0.622006 -0.593457 0.510801
vn 0.211814 -0.714473 0.666831
vn 0.186577 -0.619033 0.762881
vn 0.684762 -0.612692 0.394602
vn 0.477571 0.590952 0.650155
vn 0.501092 0.627926 0.595496
vn 0.182012 0.834017 0.520852
vn 0.236205 -0.261843 0.935759
vn 0.572515 -0.022187 0.819594
vn 0.480672 0.069356 0.874153
vn 0.188268 -0.207530 0.959941
vn 0.680002 0.353353 0.642448
vn 0.279351 -0.105437 0.954383
vn -0.472963 0.350242 0.808478
vn -0.750923 0.045486 0.658821
vn -0.529381 0.384160 0.756424
vn -0.654051 -0.024643 0.756049
vn -0.380872 0.293929 0.876666
vn 0.763682 0.273241 0.584919
vn 0.830183 0.194443 0.522483
vn -0.360792 0.725900 0.585575
vn -0.305021 0.782440 0.542908
vn 0.244981 0.273266 0.930220
vn 0.861490 -0.013864 0.507586
vn 0.733396 -0.220609 0.643010
vn 0.433528 -0.484795 0.759623
vn -0.439640 -0.804565 0.399239
vn -0.622380 -0.470710 0.625361
vn -0.272561 -0.681422 0.679245
vn -0.567938 -0.391487 0.724006
vn -0.354905 -0.761717 0.542060
vn -0.645587 -0.507647 0.570537
vn 0.334059 -0.175854 0.926002
vn 0.518770 0.199527 0.831304
vn 0.394925 0.234125 0.888380
vn 0.266325 -0.151812 0.951853
vn 0.437517 0.591499 0.677280
vn 0.299031 -0.018855 0.954057
vn 0.407987 -0.054851 0.911338
vn 0.525460 -0.019980 0.850584
vn 0.186646 0.706046 0.683127
vn 0.283817 0.733318 0.617813
vn -0.449664 -0.158742 0.878979
vn -0.345041 -0.551334 0.759590
vn -0.444698 -0.568718 0.691956
vn 0.573205 -0.187710 0.797622
vn 0.708418 0.210864 0.673558
vn 0.638385 -0.193227 0.745069
vn 0.591800 0.230740 0.772355
vn 0.644244 0.528574 0.552773
vn 0.709559 0.497541 0.498978
vn 0.548789 0.563326 0.617653
vn 0.525638 0.606816 0.596221
vn 0.596506 0.591293 0.542727
vn 0.703826 -0.298814 0.644468
vn 0.733221 0.555090 0.392763
vn 0.781536 -0.244819 0.573816
vn 0.789015 0.145910 0.596796
vn 0.816967 0.140430 0.559325
vn 0.345985 0.106110 0.932221
vn 0.219218 0.504317 0.835229
vn 0.105207 0.443007 0.890324
vn 0.280151 0.076307 0.956918
vn -0.109057 0.729353 0.675389
vn 0.211124 0.194577 0.957897
vn 0.164517 0.171823 0.971294
vn 0.117788 0.113369 0.986546
vn 0.089316 -0.260797 0.961253
vn 0.812781 -0.082939 0.576635
vn -0.295767 0.704479 0.645160
vn -0.230872 0.781800 0.579212
vn 0.085380 0.827942 0.554277
vn 0.154832 0.851082 0.501684
vn -0.008490 0.786512 0.617517
vn -0.443058 -0.729273 0.521402
vn 0.872067 0.133614 0.470794
vn 0.257968 0.873021 0.413868
vn 0.702047 0.275018 0.656883
vn 0.351172 -0.826565 0.439851
vn -0.031714 -0.854060 0.519206
vn 0.363516 -0.787269 0.498059
vn -0.414250 -0.706802 0.573435
vn -0.673062 -0.426197 0.604437
vn -0.634536 -0.396538 0.663417
vn -0.432987 -0.735204 0.521534
vn 0.237077 0.285316 0.928649
vn -0.092642 0.543059 0.834568
vn -0.151863 0.428433 0.890720
vn 0.199712 0.223735 0.953969
vn -0.492464 0.544140 0.679258
vn -0.442113 0.647733 0.620465
vn 0.076183 0.282795 0.956150
vn -0.072651 -0.336505 0.938875
vn 0.307545 -0.491604 0.814703
vn -0.107788 -0.455562 0.883654
vn 0.272990 -0.152197 0.949901
vn 0.424248 0.619881 0.660122
vn -0.388443 0.734577 0.556335
vn -0.344609 0.792590 0.503037
vn -0.860998 0.113416 0.495801
vn 0.620814 0.026091 0.783524
vn 0.595456 0.446013 0.668210
vn 0.683494 0.049454 0.728279
vn 0.478117 0.426065 0.768032
vn 0.433511 0.624225 0.649931
vn 0.386321 0.539748 0.747950
vn -0.848487 0.260623 0.460592
vn 0.230139 -0.781430 0.580002
vn 0.566393 -0.581033 0.584465
vn 0.574856 -0.608386 0.547182
vn -0.276065 0.228809 0.933507
vn -0.539203 -0.095818 0.836707
vn -0.425118 -0.157451 0.891338
vn -0.214865 0.190200 0.957944
vn -0.547136 -0.493466 0.676116
vn -0.650328 -0.440829 0.618662
vn -0.275740 0.067548 0.958856
vn 0.353493 0.244376 0.902952
vn 0.326016 0.177855 0.928483
vn -0.394621 0.558082 0.729944
vn -0.309825 -0.062715 0.948723
vn 0.103739 -0.736152 0.668819
vn 0.020756 -0.795931 0.605031
vn 0.119402 -0.607624 0.785198
vn 0.480885 -0.394536 0.783002
vn 0.532354 -0.499998 0.683083
vn -0.736778 -0.385040 0.555790
vn 0.883081 -0.035382 0.467884
vn -0.671175 -0.316349 0.670408
vn -0.709979 0.087550 0.698759
vn -0.647147 0.108933 0.754543
vn -0.558581 -0.309861 0.769398
vn -0.613753 0.433874 0.659591
vn 0.309749 0.877923 0.365112
vn 0.589092 -0.616744 0.522109
vn 0.238029 -0.750236 0.616837
vn 0.227156 -0.704232 0.672650
vn 0.586341 -0.650951 0.482148
vn 0.203208 -0.484384 0.850928
vn -0.218909 -0.415117 0.883039
vn -0.160597 -0.300533 0.940153
vn -0.373342 -0.122108 0.919622
vn 0.240450 -0.281112 0.929064
vn 0.558511 -0.011942 0.829411
vn 0.327867 -0.364956 0.871384
vn 0.459844 0.070608 0.885188
vn -0.052111 -0.266794 0.962344
vn 0.654104 -0.494751 0.572161
vn -0.609676 -0.406747 0.680333
vn -0.698034 0.033687 0.715272
vn -0.589998 -0.021356 0.807122
vn -0.670389 -0.393910 0.628819
vn -0.681495 -0.464894 0.565189
vn -0.330913 -0.636691 0.696506
vn -0.650487 -0.372109 0.662119
vn 0.835563 -0.341056 0.430714
vn 0.825946 -0.292448 0.481962
vn 0.251289 -0.693979 0.674720
vn 0.259153 -0.739133 0.621709
vn 0.605929 -0.622795 0.494951
vn 0.096277 -0.273845 0.956943
vn 0.657869 0.058523 0.750855
vn 0.350578 -0.166191 0.921670
vn 0.067194 -0.514281 0.854986
vn 0.416740 -0.277074 0.865770
vn 0.795614 -0.194929 0.573586
vn 0.767514 -0.128750 0.627969
vn -0.430288 -0.608675 0.666608
vn -0.027513 -0.778278 0.627317
vn -0.428605 -0.668491 0.607797
vn -0.022057 -0.672762 0.739530
vn 0.204995 -0.745242 0.634501
vn 0.152721 -0.663619 0.732316
vn 0.204009 -0.908107 0.365679
vn 0.735466 -0.199325 0.647579
vn 0.779588 -0.200998 0.593163
vn 0.822653 0.179924 0.539323
vn 0.344521 -0.248621 0.905258
vn 0.450178 0.166218 0.877332
vn 0.466965 -0.254913 0.846737
vn 0.320738 0.166017 0.932505
vn 0.272815 -0.242897 0.930899
vn 0.293320 0.553286 0.779639
vn 0.277560 -0.108117 0.954605
vn -0.426960 -0.509523 0.747055
vn -0.486548 -0.545727 0.682242
vn -0.656788 -0.169476 0.734784
vn -0.177314 -0.802672 0.569453
vn 0.582368 0.544640 0.603502
vn 0.701631 0.155164 0.695441
vn 0.584295 0.162485 0.795109
vn 0.737198 -0.249595 0.627887
vn 0.639670 -0.255435 0.724966
vn -0.415892 -0.394943 0.819179
vn -0.015705 -0.548569 0.835958
vn -0.009720 -0.425950 0.904694
vn -0.406119 -0.327261 0.853210
vn 0.396475 -0.432877 0.809583
vn -0.277678 -0.351097 0.894218
vn 0.010410 -0.405846 0.913882
vn -0.021555 -0.341455 0.939651
vn 0.720240 -0.038662 0.692647
vn 0.409178 0.557576 0.722276
vn 0.511012 0.553191 0.657911
vn 0.574219 -0.256632 0.777440
vn 0.390284 -0.636296 0.665437
vn 0.396358 -0.542366 0.740770
vn 0.681756 0.523160 0.511382
vn 0.728424 0.508080 0.459624
vn -0.737975 -0.222613 0.637053
vn -0.594851 -0.589365 0.546627
vn -0.773985 -0.248064 0.582590
vn -0.011908 -0.854781 0.518853
vn 0.017228 -0.819178 0.573280
vn -0.519366 -0.111007 0.847311
vn -0.481415 -0.050801 0.875019
vn -0.579054 -0.216518 0.786013
vn -0.278976 -0.533460 0.798494
vn -0.625514 -0.312029 0.715102
vn 0.155685 -0.589573 0.792569
vn 0.108985 -0.678754 0.726234
vn 0.073028 -0.739041 0.669691
vn -0.419354 -0.756304 0.502142
vn -0.411579 -0.795558 0.444623
vn -0.034713 -0.877428 0.478450
vn 0.292003 0.010541 0.956359
vn 0.143626 0.766608 0.625847
vn -0.794446 -0.339661 0.503474
vn 0.382026 -0.700535 0.602749
vn -0.619179 -0.105241 0.778165
f 1/1/1 2/2/2 3/3/3
f 4/4/4 5/5/5 6/6/6
f 5/5/5 4/4/4 7/7/7
f 8/8/8 9/9/9 10/10/10
f 9/9/9 8/8/8 11/11/11
f 12/12/12 13/13/13 14/14/14
f 13/13/13 12/12/12 15/15/15
f 16/16/16 17/17/17 18/18/18
f 18/18/18 19/19/19 16/16/16
f 20/20/20 21/21/21 22/22/22
f 21/21/21 20/20/20 23/23/23
f 24/24/24 25/25/25 26/26/26
f 27/27/27 28/28/28 29/29/29
f 30/30/30 31/31/31 32/32/32
f 31/31/31 30/30/30 33/33/33
f 34/34/34 35/35/35 36/36/36
f 37/37/37 38/38/38 39/39/39
f 38/38/38 37/37/37 40/40/40
f 41/41/41 42/42/42 43/43/43
f 41/41/41 44/44/44 42/42/42
f 41/41/41 45/45/45 46/46/46
f 47/47/47 48/48/48 49/49/49
f 50/50/50 51/51/51 52/52/52
f 53/53/53 54/54/54 55/55/55
f 54/54/54 53/53/53 56/56/56
f 57/57/57 58/58/58 59/59/59
f 60/60/60 61/61/61 62/62/62
f 62/62/62 63/63/63 60/60/60
f 64/64/64 65/65/65 66/66/66
f 67/67/67 68/68/68 69/69/69
f 70/70/70 71/71/71 72/72/72
f 73/73/73 74/74/74 75/75/75
f 76/76/76 77/77/77 78/78/78
f 77/77/77 76/76/76 79/79/79
f 80/80/80 81/81/81 82/82/82
f 80/80/80 82/82/82 68/68/68
f 83/83/83 84/84/84 85/85/85
f 86/86/86 87/87/87 88/88/88
f 89/89/89 90/90/90 91/91/91
f 92/92/92 93/93/93 94/94/94
f 95/95/95 96/96/96 97/97/97
f 98/98/98 99/99/99 100/100/100
f 101/101/101 102/102/102 103/103/103
f 104/104/104 101/101/101 103/103/103
f 75/75/75 70/70/70 105/105/105
f 74/74/74 71/71/71 75/75/75
f 71/71/71 74/74/74 106/106/106
f 71/71/71 107/107/107 108/108/108
f 71/71/71 106/106/106 107/107/107
f 71/71/71 70/70/70 75/75/75
f 72/72/72 108/108/108 109/109/109
f 110/110/110 111/111/111 112/112/112
f 110/110/110 112/112/112 113/113/113
f 114/114/114 115/115/115 116/116/116
f 115/115/115 114/114/114 117/117/117
f 118/118/118 51/51/51 119/119/119
f 120/120/120 121/121/121 122/122/122
f 123/123/123 120/120/120 122/122/122
f 124/124/124 125/125/125 126/126/126
f 127/127/127 128/128/128 99/99/99
f 127/127/127 129/129/129 128/128/128
f 130/130/130 131/131/131 132/132/132
f 133/133/133 134/134/134 135/135/135
f 136/136/136 137/137/137 138/138/138
f 90/90/90 139/139/139 91/91/91
f 140/140/140 141/141/141 142/142/142
f 143/143/143 144/144/144 145/145/145
f 143/143/143 146/146/146 144/144/144
f 147/147/147 148/148/148 149/149/149
f 150/150/150 151/151/151 140/140/140
f 152/152/152 153/153/153 154/154/154
f 155/155/155 156/156/156 157/157/157
f 158/158/158 159/159/159 25/25/25
f 158/158/158 160/160/160 159/159/159
f 161/161/161 162/162/162 163/163/163
f 164/164/164 165/165/165 166/166/166
f 164/164/164 167/167/167 165/165/165
f 164/164/164 168/168/168 169/169/169
f 170/170/170 171/171/171 172/172/172
f 173/173/173 174/174/174 175/175/175
f 176/176/176 177/177/177 178/178/178
f 137/137/137 179/179/179 138/138/138
f 180/180/180 181/181/181 182/182/182
f 183/183/183 184/184/184 185/185/185
f 186/186/186 187/187/187 188/188/188
f 189/189/189 190/190/190 191/191/191
f 192/192/192 193/193/193 194/194/194
f 195/195/195 196/196/196 197/197/197
f 196/196/196 195/195/195 198/198/198
f 199/199/199 200/200/200 201/201/201
f 199/199/199 202/202/202 200/200/200
f 203/203/203 201/201/201 204/204/204
f 205/205/205 206/206/206 207/207/207
f 208/208/208 209/209/209 210/210/210
f 211/211/211 208/208/208 210/210/210
f 103/103/103 212/212/212 213/213/213
f 214/214/214 215/215/215 216/216/216
f 102/102/102 212/212/212 103/103/103
f 102/102/102 217/217/217 218/218/218
f 102/102/102 218/218/218 215/215/215
f 102/102/102 101/101/101 217/217/217
f 212/212/212 102/102/102 214/214/214
f 219/219/219 220/220/220 221/221/221
f 220/220/220 219/219/219 222/222/222
f 223/223/223 82/82/82 108/108/108
f 224/224/224 225/225/225 226/226/226
f 227/227/227 228/228/228 229/229/229
f 230/230/230 227/227/227 229/229/229
f 231/231/231 232/232/232 233/233/233
f 234/234/234 235/235/235 236/236/236
f 235/235/235 234/234/234 237/237/237
f 238/238/238 239/239/239 240/240/240
f 241/241/241 242/242/242 243/243/243
f 244/244/244 245/245/245 246/246/246
f 247/247/247 248/248/248 249/249/249
f 250/250/250 251/251/251 252/252/252
f 253/253/253 254/254/254 255/255/255
f 256/256/256 257/257/257 258/258/258
f 257/257/257 256/256/256 259/259/259
f 216/216/216 260/260/260 261/261/261
f 262/262/262 263/263/263 264/264/264
f 265/265/265 266/266/266 267/267/267
f 268/268/268 269/269/269 270/270/270
f 271/271/271 272/272/272 273/273/273
f 274/274/274 68/68/68 275/275/275
f 68/68/68 67/67/67 80/80/80
f 68/68/68 274/274/274 69/69/69
f 276/276/276 277/277/277 278/278/278
f 277/277/277 276/276/276 279/279/279
f 280/280/280 281/281/281 282/282/282
f 283/283/283 284/284/284 285/285/285
f 286/286/286 287/287/287 288/288/288
f 289/289/289 290/290/290 291/291/291
f 292/292/292 293/293/293 294/294/294
f 295/295/295 296/296/296 297/297/297
f 295/295/295 298/298/298 296/296/296
f 299/299/299 300/300/300 301/301/301
f 302/302/302 303/303/303 304/304/304
f 305/305/305 306/306/306 307/307/307
f 308/308/308 309/309/309 310/310/310
f 311/311/311 312/312/312 313/313/313
f 314/314/314 315/315/315 316/316/316
f 317/317/317 318/318/318 319/319/319
f 320/320/320 321/321/321 322/322/322
f 321/321/321 320/320/320 323/323/323
f 3/3/3 92/92/92 324/324/324
f 2/2/2 93/93/93 3/3/3
f 325/325/325 326/326/326 327/327/327
f 328/328/328 329/329/329 330/330/330
f 331/331/331 332/332/332 333/333/333
f 333/333/333 334/334/334 331/331/331
f 335/335/335 336/336/336 337/337/337
f 337/337/337 338/338/338 335/335/335
f 339/339/339 340/340/340 341/341/341
f 342/342/342 343/343/343 344/344/344
f 345/345/345 346/346/346 347/347/347
f 348/348/348 349/349/349 350/350/350
f 351/351/351 352/352/352 353/353/353
f 352/352/352 351/351/351 354/354/354
f 355/355/355 356/356/356 357/357/357
f 356/356/356 355/355/355 358/358/358
f 359/359/359 360/360/360 361/361/361
f 362/362/362 363/363/363 364/364/364
f 365/365/365 366/366/366 367/367/367
f 340/340/340 339/339/339 368/368/368
f 369/369/369 341/341/341 340/340/340
f 370/370/370 371/371/371 372/372/372
f 373/373/373 374/374/374 375/375/375
f 201/201/201 203/203/203 199/199/199
f 201/201/201 376/376/376 204/204/204
f 376/376/376 201/201/201 377/377/377
f 378/378/378 261/261/261 260/260/260
f 378/378/378 260/260/260 379/379/379
f 380/380/380 379/379/379 381/381/381
f 382/382/382 383/383/383 384/384/384
f 385/385/385 386/386/386 387/387/387
f 388/388/388 389/389/389 390/390/390
f 391/391/391 392/392/392 393/393/393
f 42/42/42 394/394/394 395/395/395
f 42/42/42 395/395/395 43/43/43
f 396/396/396 397/397/397 398/398/398
f 399/399/399 400/400/400 401/401/401
f 402/402/402 403/403/403 404/404/404
f 405/405/405 406/406/406 407/407/407
f 408/408/408 409/409/409 410/410/410
f 411/411/411 412/412/412 413/413/413
f 414/414/414 415/415/415 416/416/416
f 417/417/417 418/418/418 419/419/419
f 420/420/420 363/363/363 362/362/362
f 421/421/421 422/422/422 423/423/423
f 424/424/424 425/425/425 426/426/426
f 427/427/427 428/428/428 429/429/429
f 427/427/427 430/430/430 428/428/428
f 431/431/431 432/432/432 433/433/433
f 434/434/434 435/435/435 436/436/436
f 437/437/437 438/438/438 439/439/439
f 440/440/440 441/441/441 442/442/442
f 443/443/443 444/444/444 445/445/445
f 446/446/446 447/447/447 448/448/448
f 449/449/449 450/450/450 451/451/451
f 156/156/156 155/155/155 452/452/452
f 453/453/453 156/156/156 452/452/452
f 454/454/454 455/455/455 456/456/456
f 457/457/457 458/458/458 459/459/459
f 460/460/460 461/461/461 462/462/462
f 460/460/460 463/463/463 461/461/461
f 464/464/464 463/463/463 460/460/460
f 165/165/165 465/465/465 166/166/166
f 165/165/165 466/466/466 465/465/465
f 165/165/165 167/167/167 467/467/467
f 466/466/466 165/165/165 468/468/468
f 469/469/469 470/470/470 471/471/471
f 472/472/472 473/473/473 474/474/474
f 475/475/475 476/476/476 477/477/477
f 475/475/475 478/478/478 476/476/476
f 479/479/479 478/478/478 475/475/475
f 480/480/480 229/229/229 228/228/228
f 481/481/481 162/162/162 482/482/482
f 483/483/483 484/484/484 485/485/485
f 486/486/486 487/487/487 488/488/488
f 489/489/489 490/490/490 491/491/491
f 490/490/490 489/489/489 492/492/492
f 493/493/493 42/42/42 44/44/44
f 493/493/493 494/494/494 42/42/42
f 93/93/93 495/495/495 494/494/494
f 93/93/93 92/92/92 3/3/3
f 93/93/93 2/2/2 496/496/496
f 93/93/93 496/496/496 495/495/495
f 94/94/94 494/494/494 493/493/493
f 494/494/494 394/394/394 42/42/42
f 494/494/494 94/94/94 93/93/93
f 494/494/494 495/495/495 394/394/394
f 162/162/162 161/161/161 482/482/482
f 162/162/162 481/481/481 497/497/497
f 497/497/497 498/498/498 499/499/499
f 497/497/497 499/499/499 162/162/162
f 500/500/500 501/501/501 502/502/502
f 503/503/503 229/229/229 504/504/504
f 229/229/229 503/503/503 505/505/505
f 229/229/229 480/480/480 504/504/504
f 506/506/506 507/507/507 508/508/508
f 509/509/509 506/506/506 508/508/508
f 510/510/510 511/511/511 512/512/512
f 513/513/513 514/514/514 515/515/515
f 29/29/29 247/247/247 516/516/516
f 28/28/28 248/248/248 29/29/29
f 248/248/248 517/517/517 518/518/518
f 248/248/248 519/519/519 517/517/517
f 248/248/248 247/247/247 29/29/29
f 248/248/248 28/28/28 519/519/519
f 249/249/249 518/518/518 520/520/520
f 521/521/521 522/522/522 523/523/523
f 524/524/524 525/525/525 526/526/526
f 527/527/527 528/528/528 529/529/529
f 99/99/99 530/530/530 100/100/100
f 99/99/99 98/98/98 127/127/127
f 530/530/530 99/99/99 531/531/531
f 532/532/532 533/533/533 534/534/534
f 533/533/533 532/532/532 535/535/535
f 536/536/536 537/537/537 538/538/538
f 539/539/539 540/540/540 541/541/541
f 319/319/319 314/314/314 542/542/542
f 318/318/318 315/315/315 319/319/319
f 543/543/543 544/544/544 545/545/545
f 544/544/544 543/543/543 546/546/546
f 547/547/547 548/548/548 549/549/549
f 550/550/550 551/551/551 552/552/552
f 553/553/553 554/554/554 507/507/507
f 552/552/552 553/553/553 550/550/550
f 555/555/555 556/556/556 557/557/557
f 558/558/558 559/559/559 560/560/560
f 561/561/561 84/84/84 562/562/562
f 563/563/563 564/564/564 565/565/565
f 566/566/566 563/563/563 567/567/567
f 568/568/568 569/569/569 570/570/570
f 571/571/571 572/572/572 573/573/573
f 574/574/574 575/575/575 576/576/576
f 575/575/575 574/574/574 577/577/577
f 578/578/578 579/579/579 580/580/580
f 581/581/581 582/582/582 583/583/583
f 584/584/584 499/499/499 585/585/585
f 586/586/586 587/587/587 588/588/588
f 45/45/45 41/41/41 43/43/43
f 589/589/589 43/43/43 395/395/395
f 43/43/43 589/589/589 45/45/45
f 590/590/590 591/591/591 592/592/592
f 592/592/592 593/593/593 590/590/590
f 593/593/593 592/592/592 594/594/594
f 595/595/595 596/596/596 597/597/597
f 598/598/598 595/595/595 597/597/597
f 599/599/599 600/600/600 601/601/601
f 602/602/602 603/603/603 604/604/604
f 58/58/58 605/605/605 59/59/59
f 606/606/606 607/607/607 608/608/608
f 607/607/607 606/606/606 609/609/609
f 610/610/610 611/611/611 612/612/612
f 613/613/613 614/614/614 615/615/615
f 613/613/613 615/615/615 616/616/616
f 617/617/617 618/618/618 619/619/619
f 51/51/51 50/50/50 119/119/119
f 51/51/51 118/118/118 620/620/620
f 620/620/620 621/621/621 51/51/51
f 620/620/620 622/622/622 621/621/621
f 623/623/623 624/624/624 625/625/625
f 626/626/626 627/627/627 628/628/628
f 626/626/626 628/628/628 624/624/624
f 624/624/624 629/629/629 626/626/626
f 624/624/624 623/623/623 630/630/630
f 629/629/629 624/624/624 630/630/630
f 631/631/631 632/632/632 633/633/633
f 634/634/634 635/635/635 636/636/636
f 637/637/637 638/638/638 639/639/639
f 640/640/640 638/638/638 637/637/637
f 641/641/641 642/642/642 643/643/643
f 644/644/644 520/520/520 518/518/518
f 644/644/644 645/645/645 646/646/646
f 644/644/644 647/647/647 645/645/645
f 644/644/644 648/648/648 520/520/520
f 518/518/518 647/647/647 644/644/644
f 518/518/518 249/249/249 248/248/248
f 647/647/647 518/518/518 517/517/517
f 649/649/649 650/650/650 651/651/651
f 652/652/652 653/653/653 654/654/654
f 652/652/652 655/655/655 656/656/656
f 657/657/657 658/658/658 659/659/659
f 658/658/658 657/657/657 660/660/660
f 661/661/661 662/662/662 663/663/663
f 662/662/662 661/661/661 664/664/664
f 665/665/665 666/666/666 325/325/325
f 667/667/667 665/665/665 668/668/668
f 669/669/669 666/666/666 667/667/667
f 670/670/670 669/669/669 667/667/667
f 671/671/671 672/672/672 673/673/673
f 672/672/672 671/671/671 674/674/674
f 666/666/666 665/665/665 667/667/667
f 666/666/666 669/669/669 675/675/675
f 666/666/666 676/676/676 326/326/326
f 666/666/666 675/675/675 676/676/676
f 677/677/677 326/326/326 676/676/676
f 678/678/678 679/679/679 680/680/680
f 681/681/681 682/682/682 683/683/683
f 684/684/684 685/685/685 457/457/457
f 686/686/686 684/684/684 687/687/687
f 688/688/688 685/685/685 686/686/686
f 689/689/689 688/688/688 686/686/686
f 690/690/690 691/691/691 289/289/289
f 692/692/692 693/693/693 694/694/694
f 693/693/693 692/692/692 695/695/695
f 696/696/696 697/697/697 698/698/698
f 697/697/697 696/696/696 699/699/699
f 685/685/685 688/688/688 700/700/700
f 685/685/685 684/684/684 686/686/686
f 685/685/685 700/700/700 701/701/701
f 685/685/685 701/701/701 458/458/458
f 702/702/702 703/703/703 704/704/704
f 702/702/702 705/705/705 703/703/703
f 706/706/706 705/705/705 702/702/702
f 706/706/706 707/707/707 605/605/605
f 706/706/706 708/708/708 705/705/705
f 709/709/709 702/702/702 710/710/710
f 709/709/709 706/706/706 702/702/702
f 711/711/711 712/712/712 713/713/713
f 714/714/714 559/559/559 715/715/715
f 716/716/716 717/717/717 510/510/510
f 718/718/718 719/719/719 720/720/720
f 721/721/721 722/722/722 723/723/723
f 724/724/724 725/725/725 726/726/726
f 727/727/727 722/722/722 721/721/721
f 722/722/722 727/727/727 724/724/724
f 728/728/728 729/729/729 730/730/730
f 731/731/731 732/732/732 728/728/728
f 725/725/725 724/724/724 727/727/727
f 733/733/733 734/734/734 735/735/735
f 733/733/733 726/726/726 725/725/725
f 726/726/726 733/733/733 736/736/736
f 737/737/737 738/738/738 511/511/511
f 739/739/739 343/343/343 740/740/740
f 741/741/741 742/742/742 743/743/743
f 741/741/741 743/743/743 744/744/744
f 745/745/745 744/744/744 746/746/746
f 747/747/747 748/748/748 749/749/749
f 750/750/750 751/751/751 752/752/752
f 753/753/753 754/754/754 755/755/755
f 754/754/754 753/753/753 756/756/756
f 757/757/757 758/758/758 759/759/759
f 760/760/760 759/759/759 761/761/761
f 759/759/759 760/760/760 757/757/757
f 762/762/762 763/763/763 764/764/764
f 765/765/765 766/766/766 596/596/596
f 621/621/621 52/52/52 51/51/51
f 621/621/621 767/767/767 765/765/765
f 621/621/621 622/622/622 767/767/767
f 768/768/768 769/769/769 770/770/770
f 769/769/769 768/768/768 132/132/132
f 769/769/769 132/132/132 131/131/131
f 769/769/769 771/771/771 770/770/770
f 772/772/772 735/735/735 734/734/734
f 773/773/773 648/648/648 644/644/644
f 773/773/773 644/644/644 646/646/646
f 774/774/774 646/646/646 775/775/775
f 776/776/776 777/777/777 778/778/778
f 779/779/779 780/780/780 781/781/781
f 108/108/108 72/72/72 71/71/71
f 108/108/108 107/107/107 223/223/223
f 82/82/82 275/275/275 68/68/68
f 82/82/82 223/223/223 275/275/275
f 82/82/82 109/109/109 108/108/108
f 109/109/109 82/82/82 81/81/81
f 782/782/782 783/783/783 784/784/784
f 559/559/559 714/714/714 785/785/785
f 559/559/559 558/558/558 715/715/715
f 785/785/785 786/786/786 783/783/783
f 785/785/785 783/783/783 559/559/559
f 787/787/787 166/166/166 465/465/465
f 166/166/166 168/168/168 164/164/164
f 166/166/166 787/787/787 168/168/168
f 788/788/788 789/789/789 790/790/790
f 791/791/791 792/792/792 793/793/793
f 794/794/794 795/795/795 796/796/796
f 797/797/797 798/798/798 799/799/799
f 798/798/798 797/797/797 800/800/800
f 801/801/801 802/802/802 803/803/803
f 804/804/804 805/805/805 806/806/806
f 807/807/807 808/808/808 809/809/809
f 807/807/807 810/810/810 682/682/682
f 811/811/811 807/807/807 682/682/682
f 811/811/811 812/812/812 807/807/807
f 813/813/813 447/447/447 814/814/814
f 815/815/815 444/444/444 816/816/816
f 817/817/817 87/87/87 818/818/818
f 819/819/819 820/820/820 821/821/821
f 820/820/820 822/822/822 823/823/823
f 49/49/49 791/791/791 824/824/824
f 48/48/48 792/792/792 49/49/49
f 825/825/825 826/826/826 827/827/827
f 825/825/825 827/827/827 828/828/828
f 829/829/829 826/826/826 825/825/825
f 830/830/830 831/831/831 832/832/832
f 831/831/831 830/830/830 833/833/833
f 159/159/159 834/834/834 25/25/25
f 159/159/159 835/835/835 834/834/834
f 141/141/141 835/835/835 159/159/159
f 141/141/141 140/140/140 151/151/151
f 141/141/141 836/836/836 835/835/835
f 142/142/142 159/159/159 160/160/160
f 142/142/142 141/141/141 159/159/159
f 125/125/125 837/837/837 126/126/126
f 838/838/838 839/839/839 840/840/840
f 126/126/126 841/841/841 842/842/842
f 843/843/843 839/839/839 838/838/838
f 841/841/841 837/837/837 843/843/843
f 844/844/844 845/845/845 846/846/846
f 845/845/845 844/844/844 847/847/847
f 848/848/848 849/849/849 712/712/712
f 848/848/848 850/850/850 849/849/849
f 712/712/712 711/711/711 851/851/851
f 712/712/712 852/852/852 848/848/848
f 852/852/852 712/712/712 851/851/851
f 853/853/853 854/854/854 855/855/855
f 856/856/856 853/853/853 855/855/855
f 720/720/720 716/716/716 857/857/857
f 719/719/719 717/717/717 720/720/720
f 717/717/717 719/719/719 858/858/858
f 717/717/717 716/716/716 720/720/720
f 717/717/717 858/858/858 859/859/859
f 717/717/717 859/859/859 511/511/511
f 860/860/860 861/861/861 862/862/862
f 863/863/863 861/861/861 860/860/860
f 579/579/579 864/864/864 580/580/580
f 579/579/579 865/865/865 854/854/854
f 866/866/866 864/864/864 579/579/579
f 867/867/867 868/868/868 869/869/869
f 867/867/867 869/869/869 870/870/870
f 871/871/871 329/329/329 502/502/502
f 871/871/871 502/502/502 501/501/501
f 444/444/444 443/443/443 816/816/816
f 444/444/444 815/815/815 872/872/872
f 580/580/580 873/873/873 578/578/578
f 580/580/580 864/864/864 445/445/445
f 580/580/580 445/445/445 444/444/444
f 872/872/872 580/580/580 444/444/444
f 872/872/872 873/873/873 580/580/580
f 874/874/874 875/875/875 876/876/876
f 875/875/875 874/874/874 877/877/877
f 878/878/878 652/652/652 654/654/654
f 878/878/878 879/879/879 652/652/652
f 880/880/880 654/654/654 881/881/881
f 882/882/882 883/883/883 884/884/884
f 885/885/885 886/886/886 887/887/887
f 91/91/91 888/888/888 889/889/889
f 888/888/888 139/139/139 890/890/890
f 822/822/822 820/820/820 819/819/819
f 655/655/655 652/652/652 879/879/879
f 656/656/656 823/823/823 822/822/822
f 823/823/823 656/656/656 655/655/655
f 310/310/310 891/891/891 892/892/892
f 891/891/891 310/310/310 309/309/309
f 893/893/893 894/894/894 895/895/895
f 896/896/896 312/312/312 897/897/897
f 898/898/898 899/899/899 900/900/900
f 901/901/901 902/902/902 903/903/903
f 902/902/902 901/901/901 904/904/904
f 905/905/905 906/906/906 907/907/907
f 906/906/906 905/905/905 908/908/908
f 511/511/511 510/510/510 717/717/717
f 511/511/511 859/859/859 737/737/737
f 738/738/738 512/512/512 511/511/511
f 738/738/738 909/909/909 910/910/910
f 738/738/738 737/737/737 909/909/909
f 512/512/512 738/738/738 911/911/911
f 912/912/912 239/239/239 913/913/913
f 914/914/914 915/915/915 916/916/916
f 917/917/917 918/918/918 779/779/779
f 919/919/919 917/917/917 920/920/920
f 921/921/921 918/918/918 919/919/919
f 922/922/922 921/921/921 919/919/919
f 766/766/766 765/765/765 767/767/767
f 597/597/597 923/923/923 924/924/924
f 923/923/923 596/596/596 766/766/766
f 596/596/596 595/595/595 925/925/925
f 596/596/596 923/923/923 597/597/597
f 926/926/926 927/927/927 928/928/928
f 927/927/927 926/926/926 929/929/929
f 771/771/771 769/769/769 930/930/930
f 749/749/749 770/770/770 771/771/771
f 770/770/770 931/931/931 768/768/768
f 770/770/770 749/749/749 748/748/748
f 918/918/918 921/921/921 932/932/932
f 918/918/918 933/933/933 780/780/780
f 918/918/918 917/917/917 919/919/919
f 918/918/918 932/932/932 933/933/933
f 601/601/601 600/600/600 934/934/934
f 935/935/935 780/780/780 933/933/933
f 343/343/343 739/739/739 344/344/344
f 343/343/343 342/342/342 936/936/936
f 936/936/936 937/937/937 343/343/343
f 936/936/936 938/938/938 937/937/937
f 939/939/939 899/899/899 940/940/940
f 941/941/941 942/942/942 943/943/943
f 944/944/944 945/945/945 599/599/599
f 946/946/946 947/947/947 948/948/948
f 865/865/865 579/579/579 578/578/578
f 855/855/855 949/949/949 950/950/950
f 949/949/949 854/854/854 865/865/865
f 854/854/854 949/949/949 855/855/855
f 854/854/854 951/951/951 866/866/866
f 854/854/854 853/853/853 951/951/951
f 854/854/854 866/866/866 579/579/579
f 154/154/154 150/150/150 952/952/952
f 151/151/151 836/836/836 141/141/141
f 151/151/151 150/150/150 154/154/154
f 151/151/151 953/953/953 836/836/836
f 151/151/151 153/153/153 953/953/953
f 153/153/153 151/151/151 154/154/154
f 954/954/954 477/477/477 476/476/476
f 477/477/477 954/954/954 955/955/955
f 326/326/326 677/677/677 849/849/849
f 326/326/326 325/325/325 666/666/666
f 849/849/849 713/713/713 712/712/712
f 849/849/849 677/677/677 713/713/713
f 849/849/849 327/327/327 326/326/326
f 327/327/327 849/849/849 850/850/850
f 899/899/899 898/898/898 956/956/956
f 899/899/899 939/939/939 900/900/900
f 956/956/956 934/934/934 899/899/899
f 956/956/956 957/957/957 934/934/934
f 958/958/958 959/959/959 960/960/960
f 961/961/961 930/930/930 769/769/769
f 961/961/961 769/769/769 131/131/131
f 962/962/962 131/131/131 963/963/963
f 131/131/131 130/130/130 963/963/963
f 131/131/131 962/962/962 961/961/961
f 964/964/964 965/965/965 966/966/966
f 967/967/967 968/968/968 969/969/969
f 138/138/138 970/970/970 971/971/971
f 972/972/972 973/973/973 974/974/974
f 179/179/179 975/975/975 976/976/976
f 179/179/179 970/970/970 138/138/138
f 179/179/179 976/976/976 973/973/973
f 179/179/179 137/137/137 975/975/975
f 970/970/970 179/179/179 972/972/972
f 887/887/887 882/882/882 977/977/977
f 886/886/886 883/883/883 887/887/887
f 978/978/978 973/973/973 976/976/976
f 979/979/979 942/942/942 980/980/980
f 981/981/981 982/982/982 983/983/983
f 984/984/984 985/985/985 986/986/986
f 987/987/987 784/784/784 988/988/988
f 989/989/989 990/990/990 987/987/987
f 991/991/991 986/986/986 985/985/985
f 991/991/991 992/992/992 986/986/986
f 883/883/883 882/882/882 887/887/887
f 883/883/883 895/895/895 894/894/894
f 883/883/883 886/886/886 993/993/993
f 883/883/883 993/993/993 895/895/895
f 884/884/884 894/894/894 994/994/994
f 628/628/628 625/625/625 624/624/624
f 628/628/628 627/627/627 995/995/995
f 447/447/447 813/813/813 448/448/448
f 447/447/447 446/446/446 996/996/996
f 996/996/996 997/997/997 447/447/447
f 996/996/996 998/998/998 997/997/997
f 999/999/999 1000/1000/1000 1001/1001/1001
f 1002/1002/1002 1003/1003/1003 1004/1004/1004
f 1005/1005/1005 1003/1003/1003 1002/1002/1002
f 1006/1006/1006 1007/1007/1007 420/420/420
f 1008/1008/1008 1009/1009/1009 1010/1010/1010
f 1008/1008/1008 1006/1006/1006 1011/1011/1011
f 1012/1012/1012 1009/1009/1009 1008/1008/1008
f 1010/1010/1010 1007/1007/1007 1008/1008/1008
f 488/488/488 483/483/483 1013/1013/1013
f 487/487/487 484/484/484 488/488/488
f 1014/1014/1014 330/330/330 871/871/871
f 1014/1014/1014 871/871/871 1015/1015/1015
f 315/315/315 328/328/328 330/330/330
f 315/315/315 1016/1016/1016 328/328/328
f 315/315/315 318/318/318 1016/1016/1016
f 315/315/315 314/314/314 319/319/319
f 316/316/316 330/330/330 1014/1014/1014
f 330/330/330 329/329/329 871/871/871
f 330/330/330 316/316/316 315/315/315
f 363/363/363 1017/1017/1017 1018/1018/1018
f 363/363/363 420/420/420 1007/1007/1007
f 1007/1007/1007 1017/1017/1017 363/363/363
f 1007/1007/1007 1010/1010/1010 1017/1017/1017
f 1007/1007/1007 1006/1006/1006 1008/1008/1008
f 1019/1019/1019 1020/1020/1020 1021/1021/1021
f 1019/1019/1019 1022/1022/1022 1020/1020/1020
f 973/973/973 972/972/972 179/179/179
f 973/973/973 978/978/978 200/200/200
f 200/200/200 377/377/377 201/201/201
f 200/200/200 978/978/978 377/377/377
f 200/200/200 974/974/974 973/973/973
f 974/974/974 200/200/200 202/202/202
f 1018/1018/1018 364/364/364 363/363/363
f 364/364/364 97/97/97 96/96/96
f 364/364/364 1023/1023/1023 362/362/362
f 364/364/364 1018/1018/1018 97/97/97
f 654/654/654 1024/1024/1024 881/881/881
f 654/654/654 880/880/880 878/878/878
f 1024/1024/1024 654/654/654 653/653/653
f 1025/1025/1025 1026/1026/1026 1027/1027/1027
f 1025/1025/1025 1027/1027/1027 65/65/65
f 65/65/65 1028/1028/1028 1025/1025/1025
f 65/65/65 64/64/64 1029/1029/1029
f 1028/1028/1028 65/65/65 1029/1029/1029
f 1030/1030/1030 1031/1031/1031 1032/1032/1032
f 1033/1033/1033 1034/1034/1034 1035/1035/1035
f 87/87/87 86/86/86 818/818/818
f 87/87/87 817/817/817 1036/1036/1036
f 792/792/792 791/791/791 49/49/49
f 792/792/792 1037/1037/1037 764/764/764
f 792/792/792 764/764/764 763/763/763
f 792/792/792 48/48/48 1037/1037/1037
f 793/793/793 763/763/763 1038/1038/1038
f 36/36/36 1039/1039/1039 1040/1040/1040
f 1041/1041/1041 1042/1042/1042 1043/1043/1043
f 1041/1041/1041 149/149/149 148/148/148
f 1041/1041/1041 1044/1044/1044 149/149/149
f 1045/1045/1045 379/379/379 1046/1046/1046
f 379/379/379 380/380/380 378/378/378
f 379/379/379 1045/1045/1045 381/381/381
f 1047/1047/1047 409/409/409 1048/1048/1048
f 1049/1049/1049 1050/1050/1050 690/690/690
f 1051/1051/1051 1049/1049/1049 1052/1052/1052
f 1053/1053/1053 1050/1050/1050 1051/1051/1051
f 1054/1054/1054 1053/1053/1053 1051/1051/1051
f 707/707/707 706/706/706 709/709/709
f 59/59/59 1055/1055/1055 1056/1056/1056
f 1055/1055/1055 605/605/605 707/707/707
f 605/605/605 1057/1057/1057 708/708/708
f 605/605/605 58/58/58 1057/1057/1057
f 605/605/605 708/708/708 706/706/706
f 605/605/605 1055/1055/1055 59/59/59
f 948/948/948 944/944/944 1058/1058/1058
f 947/947/947 945/945/945 948/948/948
f 945/945/945 1059/1059/1059 600/600/600
f 945/945/945 1060/1060/1060 1059/1059/1059
f 945/945/945 944/944/944 948/948/948
f 945/945/945 947/947/947 1060/1060/1060
f 484/484/484 483/483/483 488/488/488
f 484/484/484 487/487/487 1061/1061/1061
f 484/484/484 1061/1061/1061 1062/1062/1062
f 484/484/484 1062/1062/1062 585/585/585
f 485/485/485 585/585/585 1063/1063/1063
f 691/691/691 690/690/690 1050/1050/1050
f 691/691/691 1064/1064/1064 290/290/290
f 691/691/691 1065/1065/1065 1064/1064/1064
f 1050/1050/1050 1066/1066/1066 1065/1065/1065
f 1050/1050/1050 1049/1049/1049 1051/1051/1051
f 1050/1050/1050 1053/1053/1053 1066/1066/1066
f 1050/1050/1050 1065/1065/1065 691/691/691
f 1067/1067/1067 1068/1068/1068 1069/1069/1069
f 1068/1068/1068 1067/1067/1067 1070/1070/1070
f 1071/1071/1071 1072/1072/1072 1073/1073/1073
f 1072/1072/1072 1071/1071/1071 1074/1074/1074
f 409/409/409 408/408/408 1048/1048/1048
f 409/409/409 1047/1047/1047 1075/1075/1075
f 290/290/290 410/410/410 409/409/409
f 290/290/290 289/289/289 691/691/691
f 290/290/290 1064/1064/1064 410/410/410
f 1075/1075/1075 291/291/291 290/290/290
f 1075/1075/1075 290/290/290 409/409/409
f 1076/1076/1076 704/704/704 703/703/703
f 1077/1077/1077 911/911/911 738/738/738
f 1077/1077/1077 738/738/738 910/910/910
f 1078/1078/1078 910/910/910 1079/1079/1079
f 1080/1080/1080 1081/1081/1081 1082/1082/1082
f 1083/1083/1083 1084/1084/1084 1085/1085/1085
f 1086/1086/1086 1087/1087/1087 1088/1088/1088
f 1087/1087/1087 1086/1086/1086 1089/1089/1089
f 1090/1090/1090 1091/1091/1091 1092/1092/1092
f 1091/1091/1091 1090/1090/1090 1093/1093/1093
f 1094/1094/1094 1095/1095/1095 128/128/128
f 1096/1096/1096 1097/1097/1097 1098/1098/1098
f 763/763/763 762/762/762 1027/1027/1027
f 763/763/763 793/793/793 792/792/792
f 1027/1027/1027 1038/1038/1038 763/763/763
f 1027/1027/1027 762/762/762 66/66/66
f 1027/1027/1027 66/66/66 65/65/65
f 1038/1038/1038 1027/1027/1027 1026/1026/1026
f 1099/1099/1099 1100/1100/1100 1101/1101/1101
f 1102/1102/1102 1103/1103/1103 1104/1104/1104
f 1105/1105/1105 1106/1106/1106 1107/1107/1107
f 1108/1108/1108 1109/1109/1109 1110/1110/1110
f 1111/1111/1111 982/982/982 1112/1112/1112
f 1113/1113/1113 1015/1015/1015 871/871/871
f 1113/1113/1113 871/871/871 501/501/501
f 1114/1114/1114 501/501/501 1115/1115/1115
f 501/501/501 1114/1114/1114 1113/1113/1113
f 501/501/501 500/500/500 1115/1115/1115
f 1116/1116/1116 1117/1117/1117 1118/1118/1118
f 1119/1119/1119 1116/1116/1116 1118/1118/1118
f 1120/1120/1120 1095/1095/1095 1094/1094/1094
f 122/122/122 1121/1121/1121 1122/1122/1122
f 1121/1121/1121 121/121/121 1120/1120/1120
f 121/121/121 1123/1123/1123 1095/1095/1095
f 121/121/121 1121/1121/1121 122/122/122
f 121/121/121 1124/1124/1124 1123/1123/1123
f 121/121/121 120/120/120 1124/1124/1124
f 778/778/778 989/989/989 1125/1125/1125
f 778/778/778 777/777/777 1126/1126/1126
f 990/990/990 1127/1127/1127 784/784/784
f 990/990/990 989/989/989 778/778/778
f 990/990/990 1126/1126/1126 1127/1127/1127
f 990/990/990 778/778/778 1126/1126/1126
f 1128/1128/1128 1129/1129/1129 1130/1130/1130
f 1129/1129/1129 1128/1128/1128 1131/1131/1131
f 780/780/780 935/935/935 937/937/937
f 780/780/780 779/779/779 918/918/918
f 781/781/781 937/937/937 938/938/938
f 937/937/937 740/740/740 343/343/343
f 937/937/937 781/781/781 780/780/780
f 937/937/937 935/935/935 740/740/740
f 1132/1132/1132 1133/1133/1133 1134/1134/1134
f 1135/1135/1135 1136/1136/1136 1137/1137/1137
f 1138/1138/1138 1139/1139/1139 1041/1041/1041
f 1138/1138/1138 1041/1041/1041 148/148/148
f 1140/1140/1140 148/148/148 1141/1141/1141
f 148/148/148 147/147/147 1141/1141/1141
f 148/148/148 1140/1140/1140 1138/1138/1138
f 1142/1142/1142 1143/1143/1143 731/731/731
f 1144/1144/1144 1142/1142/1142 1145/1145/1145
f 1144/1144/1144 1146/1146/1146 1143/1143/1143
f 1147/1147/1147 1148/1148/1148 1144/1144/1144
f 1118/1118/1118 1149/1149/1149 1150/1150/1150
f 1151/1151/1151 1152/1152/1152 1153/1153/1153
f 1117/1117/1117 1149/1149/1149 1118/1118/1118
f 1117/1117/1117 1154/1154/1154 1152/1152/1152
f 1117/1117/1117 1116/1116/1116 1155/1155/1155
f 1117/1117/1117 1155/1155/1155 1154/1154/1154
f 1149/1149/1149 1117/1117/1117 1151/1151/1151
f 1146/1146/1146 1144/1144/1144 1148/1148/1148
f 840/840/840 1156/1156/1156 88/88/88
f 840/840/840 1157/1157/1157 838/838/838
f 840/840/840 88/88/88 87/87/87
f 1036/1036/1036 840/840/840 87/87/87
f 1036/1036/1036 1157/1157/1157 840/840/840
f 1042/1042/1042 1041/1041/1041 1139/1139/1139
f 1043/1043/1043 1044/1044/1044 1041/1041/1041
f 1043/1043/1043 1032/1032/1032 1031/1031/1031
f 1043/1043/1043 1158/1158/1158 1044/1044/1044
f 1032/1032/1032 1043/1043/1043 1042/1042/1042
f 732/732/732 731/731/731 1143/1143/1143
f 732/732/732 1159/1159/1159 729/729/729
f 1143/1143/1143 1160/1160/1160 732/732/732
f 1143/1143/1143 1142/1142/1142 1144/1144/1144
f 1143/1143/1143 1146/1146/1146 1160/1160/1160
f 1161/1161/1161 1162/1162/1162 997/997/997
f 1159/1159/1159 732/732/732 1160/1160/1160
f 729/729/729 1159/1159/1159 1163/1163/1163
f 729/729/729 1163/1163/1163 915/915/915
f 729/729/729 728/728/728 732/732/732
f 1164/1164/1164 729/729/729 915/915/915
f 1164/1164/1164 730/730/730 729/729/729
f 1165/1165/1165 1166/1166/1166 1167/1167/1167
f 1165/1165/1165 1167/1167/1167 1168/1168/1168
f 1169/1169/1169 1168/1168/1168 1170/1170/1170
f 1168/1168/1168 1169/1169/1169 1165/1165/1165
f 1171/1171/1171 1172/1172/1172 1173/1173/1173
f 1174/1174/1174 1175/1175/1175 1176/1176/1176
f 1035/1035/1035 1030/1030/1030 1177/1177/1177
f 1031/1031/1031 1158/1158/1158 1043/1043/1043
f 1031/1031/1031 1178/1178/1178 1158/1158/1158
f 1031/1031/1031 1030/1030/1030 1035/1035/1035
f 1031/1031/1031 1034/1034/1034 1178/1178/1178
f 1034/1034/1034 1031/1031/1031 1035/1035/1035
f 1179/1179/1179 1180/1180/1180 1181/1181/1181
f 1180/1180/1180 1179/1179/1179 1182/1182/1182
f 239/239/239 912/912/912 240/240/240
f 239/239/239 238/238/238 1183/1183/1183
f 1183/1183/1183 1184/1184/1184 239/239/239
f 1183/1183/1183 1185/1185/1185 1184/1184/1184
f 744/744/744 745/745/745 741/741/741
f 744/744/744 1186/1186/1186 746/746/746
f 1186/1186/1186 744/744/744 1187/1187/1187
f 1188/1188/1188 733/733/733 735/735/735
f 1188/1188/1188 736/736/736 733/733/733
f 1189/1189/1189 735/735/735 1190/1190/1190
f 735/735/735 772/772/772 1190/1190/1190
f 735/735/735 1189/1189/1189 1188/1188/1188
f 1191/1191/1191 1192/1192/1192 640/640/640
f 1193/1193/1193 1194/1194/1194 1195/1195/1195
f 1196/1196/1196 1197/1197/1197 1198/1198/1198
f 1197/1197/1197 1199/1199/1199 1200/1200/1200
f 839/839/839 843/843/843 837/837/837
f 839/839/839 1156/1156/1156 840/840/840
f 1201/1201/1201 1156/1156/1156 839/839/839
f 837/837/837 125/125/125 1202/1202/1202
f 837/837/837 841/841/841 126/126/126
f 837/837/837 1202/1202/1202 1201/1201/1201
f 837/837/837 1201/1201/1201 839/839/839
f 638/638/638 1203/1203/1203 1204/1204/1204
f 638/638/638 1204/1204/1204 639/639/639
f 638/638/638 640/640/640 1192/1192/1192
f 1184/1184/1184 1205/1205/1205 1206/1206/1206
f 1184/1184/1184 1207/1207/1207 913/913/913
f 1184/1184/1184 913/913/913 239/239/239
f 1207/1207/1207 1206/1206/1206 1208/1208/1208
f 783/783/783 560/560/560 559/559/559
f 783/783/783 782/782/782 560/560/560
f 783/783/783 786/786/786 988/988/988
f 784/784/784 987/987/987 990/990/990
f 784/784/784 1127/1127/1127 782/782/782
f 988/988/988 784/784/784 783/783/783
f 84/84/84 83/83/83 562/562/562
f 84/84/84 561/561/561 1209/1209/1209
f 639/639/639 1210/1210/1210 637/637/637
f 639/639/639 1204/1204/1204 85/85/85
f 639/639/639 85/85/85 84/84/84
f 1209/1209/1209 639/639/639 84/84/84
f 1209/1209/1209 1210/1210/1210 639/639/639
f 25/25/25 1211/1211/1211 26/26/26
f 25/25/25 24/24/24 158/158/158
f 1211/1211/1211 25/25/25 834/834/834
f 1212/1212/1212 1023/1023/1023 364/364/364
f 1212/1212/1212 364/364/364 96/96/96
f 1213/1213/1213 96/96/96 1214/1214/1214
f 96/96/96 1213/1213/1213 1212/1212/1212
f 96/96/96 95/95/95 1214/1214/1214
f 1215/1215/1215 1216/1216/1216 1174/1174/1174
f 1217/1217/1217 1215/1215/1215 1218/1218/1218
f 1219/1219/1219 1216/1216/1216 1217/1217/1217
f 1220/1220/1220 1219/1219/1219 1217/1217/1217
f 1221/1221/1221 1222/1222/1222 1223/1223/1223
f 1221/1221/1221 1224/1224/1224 1222/1222/1222
f 1225/1225/1225 1224/1224/1224 1221/1221/1221
f 1216/1216/1216 1226/1226/1226 1227/1227/1227
f 1216/1216/1216 1227/1227/1227 1175/1175/1175
f 1216/1216/1216 1215/1215/1215 1217/1217/1217
f 1216/1216/1216 1219/1219/1219 1226/1226/1226
f 1162/1162/1162 1228/1228/1228 1229/1229/1229
f 1162/1162/1162 1230/1230/1230 992/992/992
f 997/997/997 998/998/998 1161/1161/1161
f 997/997/997 814/814/814 447/447/447
f 997/997/997 1229/1229/1229 814/814/814
f 1229/1229/1229 997/997/997 1162/1162/1162
f 743/743/743 742/742/742 459/459/459
f 743/743/743 1231/1231/1231 1187/1187/1187
f 743/743/743 1187/1187/1187 744/744/744
f 458/458/458 457/457/457 685/685/685
f 458/458/458 1231/1231/1231 743/743/743
f 458/458/458 701/701/701 1231/1231/1231
f 459/459/459 458/458/458 743/743/743
f 1136/1136/1136 1135/1135/1135 1132/1132/1132
f 1134/1134/1134 1232/1232/1232 1136/1136/1136
f 1134/1134/1134 1136/1136/1136 1132/1132/1132
f 1134/1134/1134 1233/1233/1233 1232/1232/1232
f 646/646/646 774/774/774 773/773/773
f 646/646/646 1234/1234/1234 775/775/775
f 1234/1234/1234 646/646/646 645/645/645
f 1235/1235/1235 1236/1236/1236 1000/1000/1000
f 1235/1235/1235 1237/1237/1237 1236/1236/1236
f 1000/1000/1000 999/999/999 1238/1238/1238
f 1000/1000/1000 1239/1239/1239 1235/1235/1235
f 1239/1239/1239 1000/1000/1000 1238/1238/1238
f 1240/1240/1240 1241/1241/1241 34/34/34
f 1242/1242/1242 1240/1240/1240 1243/1243/1243
f 1244/1244/1244 1241/1241/1241 1242/1242/1242
f 1245/1245/1245 1244/1244/1244 1242/1242/1242
f 1246/1246/1246 209/209/209 1247/1247/1247
f 209/209/209 208/208/208 1248/1248/1248
f 209/209/209 1246/1246/1246 210/210/210
f 209/209/209 1248/1248/1248 1249/1249/1249
f 1084/1084/1084 1250/1250/1250 1085/1085/1085
f 1250/1250/1250 1084/1084/1084 1251/1251/1251
f 1250/1250/1250 1251/1251/1251 1252/1252/1252
f 1253/1253/1253 1254/1254/1254 1255/1255/1255
f 966/966/966 1256/1256/1256 1253/1253/1253
f 35/35/35 34/34/34 1241/1241/1241
f 35/35/35 1257/1257/1257 1258/1258/1258
f 1241/1241/1241 1257/1257/1257 35/35/35
f 1241/1241/1241 1240/1240/1240 1242/1242/1242
f 1241/1241/1241 1244/1244/1244 1259/1259/1259
f 1241/1241/1241 1259/1259/1259 1257/1257/1257
f 1256/1256/1256 1260/1260/1260 1261/1261/1261
f 1256/1256/1256 966/966/966 965/965/965
f 1254/1254/1254 960/960/960 959/959/959
f 1254/1254/1254 1253/1253/1253 1256/1256/1256
f 1254/1254/1254 1261/1261/1261 960/960/960
f 1261/1261/1261 1254/1254/1254 1256/1256/1256
f 894/894/894 884/884/884 883/883/883
f 894/894/894 893/893/893 1236/1236/1236
f 1236/1236/1236 994/994/994 894/894/894
f 1236/1236/1236 1001/1001/1001 1000/1000/1000
f 1236/1236/1236 893/893/893 1001/1001/1001
f 994/994/994 1236/1236/1236 1237/1237/1237
f 1258/1258/1258 1039/1039/1039 35/35/35
f 982/982/982 1111/1111/1111 983/983/983
f 982/982/982 981/981/981 1262/1262/1262
f 1039/1039/1039 1112/1112/1112 982/982/982
f 1039/1039/1039 1258/1258/1258 1112/1112/1112
f 1039/1039/1039 36/36/36 35/35/35
f 1262/1262/1262 1039/1039/1039 982/982/982
f 1262/1262/1262 1040/1040/1040 1039/1039/1039
f 1263/1263/1263 910/910/910 909/909/909
f 910/910/910 1078/1078/1078 1077/1077/1077
f 910/910/910 1263/1263/1263 1079/1079/1079
f 1264/1264/1264 1265/1265/1265 1266/1266/1266
f 1267/1267/1267 1268/1268/1268 829/829/829
f 1269/1269/1269 1267/1267/1267 1270/1270/1270
f 1271/1271/1271 1268/1268/1268 1269/1269/1269
f 1272/1272/1272 1271/1271/1271 1269/1269/1269
f 1230/1230/1230 1162/1162/1162 1161/1161/1161
f 986/986/986 1273/1273/1273 1274/1274/1274
f 1273/1273/1273 992/992/992 1230/1230/1230
f 992/992/992 991/991/991 1228/1228/1228
f 992/992/992 1273/1273/1273 986/986/986
f 992/992/992 1228/1228/1228 1162/1162/1162
f 1195/1195/1195 1191/1191/1191 1275/1275/1275
f 1194/1194/1194 1192/1192/1192 1195/1195/1195
f 1192/1192/1192 1191/1191/1191 1195/1195/1195
f 1192/1192/1192 1194/1194/1194 1276/1276/1276
f 1192/1192/1192 1203/1203/1203 638/638/638
f 1192/1192/1192 1276/1276/1276 1203/1203/1203
f 467/467/467 468/468/468 165/165/165
f 139/139/139 90/90/90 1277/1277/1277
f 139/139/139 888/888/888 91/91/91
f 139/139/139 1278/1278/1278 468/468/468
f 139/139/139 1277/1277/1277 1278/1278/1278
f 890/890/890 468/468/468 467/467/467
f 468/468/468 890/890/890 139/139/139
f 468/468/468 1278/1278/1278 466/466/466
f 826/826/826 829/829/829 1268/1268/1268
f 826/826/826 1279/1279/1279 1280/1280/1280
f 1268/1268/1268 1279/1279/1279 826/826/826
f 1268/1268/1268 1281/1281/1281 1279/1279/1279
f 1268/1268/1268 1271/1271/1271 1281/1281/1281
f 1268/1268/1268 1267/1267/1267 1269/1269/1269
f 128/128/128 1282/1282/1282 531/531/531
f 128/128/128 531/531/531 99/99/99
f 128/128/128 129/129/129 1094/1094/1094
f 1095/1095/1095 1282/1282/1282 128/128/128
f 1095/1095/1095 1120/1120/1120 121/121/121
f 1282/1282/1282 1095/1095/1095 1123/1123/1123
f 1232/1232/1232 1283/1283/1283 1137/1137/1137
f 1232/1232/1232 1137/1137/1137 1136/1136/1136
f 1232/1232/1232 1233/1233/1233 1176/1176/1176
f 1175/1175/1175 1174/1174/1174 1216/1216/1216
f 1175/1175/1175 1227/1227/1227 1283/1283/1283
f 1175/1175/1175 1283/1283/1283 1232/1232/1232
f 1176/1176/1176 1175/1175/1175 1232/1232/1232
f 1280/1280/1280 827/827/827 826/826/826
f 827/827/827 1280/1280/1280 1284/1284/1284
f 827/827/827 1284/1284/1284 134/134/134
f 1285/1285/1285 827/827/827 134/134/134
f 1285/1285/1285 828/828/828 827/827/827
f 1286/1286/1286 1287/1287/1287 1288/1288/1288
f 1289/1289/1289 1290/1290/1290 1291/1291/1291
f 1290/1290/1290 1289/1289/1289 1292/1292/1292
f 1293/1293/1293 1294/1294/1294 863/863/863
f 1295/1295/1295 1293/1293/1293 1296/1296/1296
f 1295/1295/1295 1297/1297/1297 1298/1298/1298
f 1299/1299/1299 1297/1297/1297 1295/1295/1295
f 1300/1300/1300 1301/1301/1301 1302/1302/1302
f 969/969/969 964/964/964 1303/1303/1303
f 968/968/968 965/965/965 969/969/969
f 965/965/965 964/964/964 969/969/969
f 965/965/965 1304/1304/1304 1260/1260/1260
f 965/965/965 1260/1260/1260 1256/1256/1256
f 965/965/965 968/968/968 1304/1304/1304
f 808/808/808 807/807/807 812/812/812
f 1199/1199/1199 1197/1197/1197 1196/1196/1196
f 1200/1200/1200 809/809/809 808/808/808
f 809/809/809 1200/1200/1200 1199/1199/1199
f 861/861/861 863/863/863 1294/1294/1294
f 861/861/861 1305/1305/1305 1306/1306/1306
f 1294/1294/1294 1295/1295/1295 1298/1298/1298
f 1294/1294/1294 1298/1298/1298 1305/1305/1305
f 1294/1294/1294 1305/1305/1305 861/861/861
f 1294/1294/1294 1293/1293/1293 1295/1295/1295
f 260/260/260 1307/1307/1307 1046/1046/1046
f 260/260/260 1046/1046/1046 379/379/379
f 260/260/260 216/216/216 215/215/215
f 215/215/215 214/214/214 102/102/102
f 215/215/215 1307/1307/1307 260/260/260
f 215/215/215 218/218/218 1307/1307/1307
f 1308/1308/1308 1309/1309/1309 1310/1310/1310
f 1309/1309/1309 1308/1308/1308 1311/1311/1311
f 1306/1306/1306 862/862/862 861/861/861
f 942/942/942 941/941/941 1312/1312/1312
f 942/942/942 979/979/979 943/943/943
f 862/862/862 1313/1313/1313 860/860/860
f 862/862/862 1306/1306/1306 980/980/980
f 862/862/862 980/980/980 942/942/942
f 1312/1312/1312 862/862/862 942/942/942
f 1312/1312/1312 1313/1313/1313 862/862/862
f 1314/1314/1314 682/682/682 810/810/810
f 682/682/682 1314/1314/1314 683/683/683
f 682/682/682 681/681/681 811/811/811
f 1315/1315/1315 1316/1316/1316 1317/1317/1317
f 1318/1318/1318 1319/1319/1319 1225/1225/1225
f 1320/1320/1320 1318/1318/1318 1321/1321/1321
f 1320/1320/1320 1322/1322/1322 1323/1323/1323
f 1324/1324/1324 1322/1322/1322 1320/1320/1320
f 554/554/554 553/553/553 552/552/552
f 508/508/508 1325/1325/1325 1326/1326/1326
f 1325/1325/1325 507/507/507 554/554/554
f 507/507/507 506/506/506 1327/1327/1327
f 507/507/507 1325/1325/1325 508/508/508
f 350/350/350 345/345/345 1328/1328/1328
f 346/346/346 1329/1329/1329 1330/1330/1330
f 346/346/346 345/345/345 350/350/350
f 346/346/346 349/349/349 1329/1329/1329
f 349/349/349 346/346/346 350/350/350
f 1331/1331/1331 1332/1332/1332 1333/1333/1333
f 1319/1319/1319 1334/1334/1334 1224/1224/1224
f 1319/1319/1319 1320/1320/1320 1323/1323/1323
f 1319/1319/1319 1318/1318/1318 1320/1320/1320
f 1319/1319/1319 1323/1323/1323 1334/1334/1334
f 934/934/934 940/940/940 899/899/899
f 934/934/934 1335/1335/1335 940/940/940
f 934/934/934 957/957/957 601/601/601
f 600/600/600 599/599/599 945/945/945
f 600/600/600 1059/1059/1059 1335/1335/1335
f 600/600/600 1335/1335/1335 934/934/934
f 1336/1336/1336 1337/1337/1337 1338/1338/1338
f 1338/1338/1338 1339/1339/1339 1336/1336/1336
f 312/312/312 311/311/311 1340/1340/1340
f 312/312/312 896/896/896 313/313/313
f 1340/1340/1340 1222/1222/1222 312/312/312
f 1340/1340/1340 1223/1223/1223 1222/1222/1222
f 1341/1341/1341 134/134/134 1284/1284/1284
f 134/134/134 1341/1341/1341 135/135/135
f 134/134/134 133/133/133 1285/1285/1285
f 1342/1342/1342 1343/1343/1343 1344/1344/1344
f 1343/1343/1343 1342/1342/1342 1345/1345/1345
f 1346/1346/1346 1347/1347/1347 1348/1348/1348
f 1349/1349/1349 1346/1346/1346 1348/1348/1348
f 1350/1350/1350 1351/1351/1351 1352/1352/1352
f 1351/1351/1351 1350/1350/1350 1353/1353/1353
f 1173/1173/1173 1300/1300/1300 1354/1354/1354
f 1172/1172/1172 1301/1301/1301 1173/1173/1173
f 1205/1205/1205 1184/1184/1184 1185/1185/1185
f 1301/1301/1301 1172/1172/1172 1355/1355/1355
f 1301/1301/1301 1300/1300/1300 1173/1173/1173
f 1301/1301/1301 1208/1208/1208 1206/1206/1206
f 1301/1301/1301 1355/1355/1355 1208/1208/1208
f 1302/1302/1302 1206/1206/1206 1205/1205/1205
f 1206/1206/1206 1302/1302/1302 1301/1301/1301
f 1206/1206/1206 1207/1207/1207 1184/1184/1184
f 1356/1356/1356 1357/1357/1357 1358/1358/1358
f 1357/1357/1357 1356/1356/1356 1359/1359/1359
f 585/585/585 1062/1062/1062 584/584/584
f 585/585/585 485/485/485 484/484/484
f 499/499/499 584/584/584 163/163/163
f 499/499/499 163/163/163 162/162/162
f 499/499/499 1063/1063/1063 585/585/585
f 1063/1063/1063 499/499/499 498/498/498
f 1360/1360/1360 1361/1361/1361 412/412/412
f 1360/1360/1360 1362/1362/1362 1361/1361/1361
f 1363/1363/1363 1316/1316/1316 1364/1364/1364
f 1365/1365/1365 710/710/710 702/702/702
f 1365/1365/1365 702/702/702 704/704/704
f 704/704/704 1366/1366/1366 1365/1365/1365
f 704/704/704 1076/1076/1076 1367/1367/1367
f 1366/1366/1366 704/704/704 1367/1367/1367
f 1368/1368/1368 1369/1369/1369 1370/1370/1370
f 1332/1332/1332 1371/1371/1371 1372/1372/1372
f 1332/1332/1332 1373/1373/1373 1333/1333/1333
f 1332/1332/1332 1374/1374/1374 1373/1373/1373
f 1375/1375/1375 1376/1376/1376 1377/1377/1377
f 1375/1375/1375 1378/1378/1378 1376/1376/1376
f 1316/1316/1316 1315/1315/1315 1379/1379/1379
f 1316/1316/1316 1363/1363/1363 1317/1317/1317
f 1333/1333/1333 1373/1373/1373 1364/1364/1364
f 1333/1333/1333 1364/1364/1364 1316/1316/1316
f 1333/1333/1333 1380/1380/1380 1331/1331/1331
f 1379/1379/1379 1333/1333/1333 1316/1316/1316
f 1379/1379/1379 1380/1380/1380 1333/1333/1333
f 915/915/915 1381/1381/1381 916/916/916
f 915/915/915 914/914/914 1164/1164/1164
f 1381/1381/1381 915/915/915 1163/1163/1163
f 1382/1382/1382 1255/1255/1255 1254/1254/1254
f 1382/1382/1382 1254/1254/1254 959/959/959
f 1383/1383/1383 959/959/959 1384/1384/1384
f 959/959/959 958/958/958 1384/1384/1384
f 959/959/959 1383/1383/1383 1382/1382/1382
f 1385/1385/1385 1386/1386/1386 1387/1387/1387
f 1388/1388/1388 1385/1385/1385 1389/1389/1389
f 1390/1390/1390 1386/1386/1386 1388/1388/1388
f 1391/1391/1391 1390/1390/1390 1388/1388/1388
f 1392/1392/1392 1378/1378/1378 1375/1375/1375
f 1393/1393/1393 1153/1153/1153 1152/1152/1152
f 1393/1393/1393 1394/1394/1394 1153/1153/1153
f 1393/1393/1393 680/680/680 679/679/679
f 1393/1393/1393 1395/1395/1395 680/680/680
f 1152/1152/1152 1151/1151/1151 1117/1117/1117
f 1152/1152/1152 1395/1395/1395 1393/1393/1393
f 1395/1395/1395 1152/1152/1152 1154/1154/1154
f 1396/1396/1396 1397/1397/1397 1398/1398/1398
f 1399/1399/1399 1397/1397/1397 1265/1265/1265
f 1399/1399/1399 1400/1400/1400 1397/1397/1397
f 1401/1401/1401 1402/1402/1402 1392/1392/1392
f 1403/1403/1403 1401/1401/1401 1404/1404/1404
f 1405/1405/1405 1402/1402/1402 1403/1403/1403
f 1406/1406/1406 1405/1405/1405 1403/1403/1403
f 1371/1371/1371 1332/1332/1332 1331/1331/1331
f 1407/1407/1407 1372/1372/1372 1371/1371/1371
f 1370/1370/1370 1407/1407/1407 1408/1408/1408
f 1369/1369/1369 1372/1372/1372 1370/1370/1370
f 1372/1372/1372 1374/1374/1374 1332/1332/1332
f 1372/1372/1372 1369/1369/1369 1409/1409/1409
f 1372/1372/1372 1409/1409/1409 1374/1374/1374
f 1372/1372/1372 1407/1407/1407 1370/1370/1370
f 1386/1386/1386 1410/1410/1410 1411/1411/1411
f 1386/1386/1386 1390/1390/1390 1410/1410/1410
f 1386/1386/1386 1385/1385/1385 1388/1388/1388
f 1386/1386/1386 1411/1411/1411 1398/1398/1398
f 1387/1387/1387 1398/1398/1398 1412/1412/1412
f 1402/1402/1402 1413/1413/1413 1378/1378/1378
f 1402/1402/1402 1401/1401/1401 1403/1403/1403
f 1402/1402/1402 1405/1405/1405 1414/1414/1414
f 1402/1402/1402 1414/1414/1414 1413/1413/1413
f 1398/1398/1398 1387/1387/1387 1386/1386/1386
f 1398/1398/1398 1411/1411/1411 1396/1396/1396
f 1397/1397/1397 1412/1412/1412 1398/1398/1398
f 1397/1397/1397 1396/1396/1396 1415/1415/1415
f 1397/1397/1397 1415/1415/1415 1265/1265/1265
f 1412/1412/1412 1397/1397/1397 1400/1400/1400
f 1416/1416/1416 1265/1265/1265 1415/1415/1415
f 1265/1265/1265 1264/1264/1264 1399/1399/1399
f 1265/1265/1265 1416/1416/1416 1266/1266/1266
f 1417/1417/1417 1394/1394/1394 1393/1393/1393
f 1417/1417/1417 1393/1393/1393 679/679/679
f 679/679/679 678/678/678 1418/1418/1418
f 679/679/679 1419/1419/1419 1417/1417/1417
f 1419/1419/1419 679/679/679 1418/1418/1418
f 412/412/412 411/411/411 1360/1360/1360
f 412/412/412 1420/1420/1420 413/413/413
f 1420/1420/1420 412/412/412 1421/1421/1421
f 1348/1348/1348 1422/1422/1422 1423/1423/1423
f 1424/1424/1424 1425/1425/1425 1426/1426/1426
f 1347/1347/1347 1427/1427/1427 1428/1428/1428
f 1347/1347/1347 1346/1346/1346 1427/1427/1427
f 1347/1347/1347 1422/1422/1422 1348/1348/1348
f 1347/1347/1347 1428/1428/1428 1425/1425/1425
f 1422/1422/1422 1347/1347/1347 1424/1424/1424
f 1425/1425/1425 1429/1429/1429 1361/1361/1361
f 1425/1425/1425 1428/1428/1428 1429/1429/1429
f 1425/1425/1425 1424/1424/1424 1347/1347/1347
f 1361/1361/1361 1421/1421/1421 412/412/412
f 1361/1361/1361 1429/1429/1429 1421/1421/1421
f 1361/1361/1361 1426/1426/1426 1425/1425/1425
f 1426/1426/1426 1361/1361/1361 1362/1362/1362
f 1430/1430/1430 1376/1376/1376 1287/1287/1287
f 1430/1430/1430 1377/1377/1377 1376/1376/1376
f 1287/1287/1287 1431/1431/1431 1430/1430/1430
f 1287/1287/1287 1286/1286/1286 1432/1432/1432
f 1431/1431/1431 1287/1287/1287 1432/1432/1432
f 752/752/752 747/747/747 1433/1433/1433
f 751/751/751 748/748/748 752/752/752
f 748/748/748 1434/1434/1434 931/931/931
f 748/748/748 751/751/751 1434/1434/1434
f 748/748/748 747/747/747 752/752/752
f 748/748/748 931/931/931 770/770/770
f 1222/1222/1222 897/897/897 312/312/312
f 1222/1222/1222 1435/1435/1435 897/897/897
f 1224/1224/1224 1225/1225/1225 1319/1319/1319
f 1224/1224/1224 1435/1435/1435 1222/1222/1222
f 1224/1224/1224 1334/1334/1334 1435/1435/1435
f 1376/1376/1376 1288/1288/1288 1287/1287/1287
f 1376/1376/1376 1436/1436/1436 1288/1288/1288
f 1378/1378/1378 1392/1392/1392 1402/1402/1402
f 1378/1378/1378 1436/1436/1436 1376/1376/1376
f 1436/1436/1436 1378/1378/1378 1413/1413/1413
f 995/995/995 1437/1437/1437 628/628/628
f 564/564/564 563/563/563 566/566/566
f 565/565/565 1437/1437/1437 995/995/995
f 1437/1437/1437 565/565/565 564/564/564
