# Shared OBJ attributes; Tools/Art/compact_obj.py
v -131.327 65.473 102
v -134.355 52.907 102
v -126.63 60.776 102
v 135.133 -52.907 102
v 127.408 -60.776 102
v 132.105 -65.473 102
v -134.355 -52.907 102
v -131.327 -65.473 102
v -126.63 -60.776 102
v 127.408 2.986 102
v 130.705 -6.283 102
v 139.974 -2.986 102
v -126.63 2.986 102
v -139.196 -2.986 102
v -129.927 -6.283 102
v 132.105 65.473 102
v 127.408 60.776 102
v 135.133 52.907 102
v 97.824 -8.578 58.068
v 51.028 -7.474 62.897
v 97.824 -8.578 62.897
v 51.028 -7.474 58.068
v 97.459 -28.479 58.068
v 51.028 -28.883 58.068
v 143.89 -28.075 58.068
v 97.459 -28.479 62.897
v 143.89 -28.075 62.897
v 143.89 -6.666 62.897
v 44.107 -26.796 58.068
v -68.156 -26.644 62.897
v -68.156 -26.644 58.068
v 44.107 -26.796 62.897
v -68.822 -4.234 62.897
v 47.008 -7.483 62.897
v -68.822 -4.234 58.068
v -80.552 -7.782 62.897
v -80.552 -7.782 58.068
v -79.821 -26.425 58.068
v 47.008 -7.483 58.068
v 51.028 -28.883 62.897
v -79.821 -26.425 62.897
v -85.675 -26.315 58.068
v -85.675 -4.906 58.068
v -85.675 -6.475 62.897
v -143.89 -6.666 62.897
v -143.89 -6.666 58.068
v -85.675 -26.315 62.897
v -143.89 -28.075 58.068
v -143.89 -28.075 62.897
v 143.89 -6.666 58.068
v -97.824 -50.609 58.068
v -51.028 -51.714 62.23
v -97.824 -49.09 62.23
v -51.028 -51.714 58.068
v -97.459 -29.453 58.068
v -51.028 -29.049 58.068
v -143.89 -29.857 58.068
v -97.459 -29.453 62.23
v -143.89 -29.857 62.23
v -143.89 -52.521 62.23
v 68.156 -31.287 58.068
v -44.107 -31.135 62.23
v 68.156 -31.287 62.231
v -44.107 -31.135 58.068
v 68.822 -54.953 62.231
v -47.008 -51.704 62.23
v 80.552 -51.406 58.068
v 68.822 -54.953 58.068
v 80.552 -51.406 62.231
v 79.821 -31.507 58.068
v -47.008 -51.704 58.068
v -51.028 -29.049 62.23
v 79.821 -31.507 62.231
v 85.675 -31.617 58.068
v 85.675 -54.281 58.068
v 85.675 -54.281 62.231
v 143.89 -52.521 58.068
v 143.89 -52.521 62.231
v 85.675 -31.617 62.231
v 143.89 -29.857 58.068
v 143.89 -29.857 62.231
v -143.89 -52.521 58.068
v -97.824 8.955 58.068
v -51.028 7.85 62.897
v -97.824 8.955 62.897
v -51.028 7.85 58.068
v -97.459 28.855 58.068
v -51.028 29.259 58.068
v -143.89 28.451 58.068
v -97.459 28.855 62.897
v -143.89 28.451 62.897
v -143.89 7.042 62.897
v -44.107 27.173 58.068
v 68.156 27.02 62.897
v 68.156 27.02 58.068
v -44.107 27.173 62.897
v 68.822 4.61 62.897
v -47.008 7.859 62.897
v 68.822 4.61 58.068
v 80.552 8.158 62.897
v 80.552 8.158 58.068
v 79.821 26.801 58.068
v -47.008 7.859 58.068
v -51.028 29.259 62.897
v 79.821 26.801 62.897
v 85.675 26.691 58.068
v 85.675 5.282 58.068
v 85.675 6.851 62.897
v 143.89 7.042 62.897
v 143.89 7.042 58.068
v 85.675 26.691 62.897
v 143.89 28.451 58.068
v 143.89 28.451 62.897
v -143.89 7.042 58.068
v 97.824 50.985 58.068
v 51.028 52.09 62.231
v 97.824 49.467 62.231
v 51.028 52.09 58.068
v 97.459 29.829 58.068
v 51.028 29.425 58.068
v 143.89 30.233 58.068
v 97.459 29.829 62.231
v 143.89 30.233 62.231
v 143.89 52.898 62.231
v -68.156 31.664 58.068
v 44.107 31.511 62.231
v -68.156 31.664 62.23
v 44.107 31.511 58.068
v -68.822 55.329 62.23
v 47.008 52.08 62.231
v -80.552 51.782 58.068
v -68.822 55.329 58.068
v -80.552 51.782 62.23
v -79.821 31.883 58.068
v 47.008 52.08 58.068
v 51.028 29.425 62.231
v -79.821 31.883 62.23
v -85.675 31.993 58.068
v -85.675 54.658 58.068
v -85.675 54.658 62.23
v -143.89 52.898 58.068
v -143.89 52.898 62.23
v -85.675 31.993 62.23
v -143.89 30.233 58.068
v -143.89 30.233 62.23
v 143.89 52.898 58.068
v -126.63 6.283 17.683
v -126.63 -5.098 14.074
v -126.63 6.283 14.074
v -126.63 -6.283 17.683
v -139.196 -5.098 14.074
v -139.196 -6.283 17.683
v -139.196 6.283 0
v -139.196 -6.283 0
v -139.196 6.283 14.074
v -139.196 6.283 17.683
v -126.63 6.283 0
v -126.63 -6.283 0
v -126.63 -6.283 102
v -139.196 -6.283 102
v -126.63 6.283 102
v -135.899 6.283 102
v -139.196 6.283 102
v -141.738 5.629 12.533
v 0.389 -5.74 12.533
v 0.389 5.629 12.533
v -141.738 -5.74 12.533
v -141.738 5.629 1.164
v 0.389 5.629 1.164
v -141.738 -5.74 1.164
v 0.389 -5.74 1.164
v -136.38 -5.74 48.074
v -136.38 5.629 59.444
v -136.38 5.629 48.074
v -136.38 -5.74 59.444
v 0.389 -5.74 59.444
v 0.389 5.629 59.444
v 0.389 5.629 48.074
v 0.389 -5.74 48.074
v 139.974 -5.098 14.074
v 127.408 -6.283 17.683
v 127.408 -5.098 14.074
v 139.974 -6.283 17.683
v 139.974 6.283 0
v 139.974 -6.283 0
v 139.974 6.283 14.074
v 139.974 6.283 17.683
v 127.408 6.283 14.074
v 127.408 6.283 0
v 127.408 -6.283 0
v 127.408 6.283 17.683
v 139.974 -6.283 102
v 127.408 -6.283 102
v 136.677 6.283 102
v 127.408 6.283 102
v 139.974 6.283 102
v 142.516 5.629 12.533
v 142.516 -5.74 12.533
v 142.516 5.629 1.164
v 142.516 -5.74 1.164
v 137.158 5.629 59.444
v 137.158 -5.74 48.074
v 137.158 5.629 48.074
v 137.158 -5.74 59.444
v -134.838 -38.686 11.374
v -127.464 -38.686 11.374
v -127.464 -32.698 11.374
v -138.362 -32.698 11.374
v -127.464 -42.53 0.477
v -127.464 -35.878 0.477
v -134.838 -42.53 0.477
v -138.362 -35.878 0.477
v -127.464 -99.068 11.374
v -138.362 -99.068 11.374
v -127.464 -109.598 0.477
v -138.362 -109.598 0.477
v -139.196 60.776 102
v -139.196 52.907 0
v -139.196 52.907 102
v -139.196 65.473 0
v -139.196 65.473 102
v -126.63 65.473 0
v -126.63 65.473 102
v -126.63 52.907 0
v -126.63 52.907 102
v -136.952 4.68 50.028
v -128.873 4.68 58.107
v -136.952 4.68 58.107
v -128.873 4.68 50.028
v -128.873 73.005 58.107
v -128.873 73.005 50.028
v -136.952 73.005 50.028
v -136.952 73.005 58.107
v -127.464 99.068 11.374
v -127.464 109.598 0.477
v -138.362 109.598 0.477
v -138.362 99.068 11.374
v -138.362 2.323 0.477
v -138.362 2.323 11.374
v -127.464 2.323 0.477
v -127.464 2.323 11.374
v -126.63 -65.473 0
v -126.63 -65.473 102
v -139.196 -65.473 102
v -139.196 -65.473 0
v -126.63 -52.907 0
v -126.63 -52.907 102
v -139.196 -52.907 0
v -139.196 -52.907 102
v -139.196 -60.776 102
v -136.952 -4.68 50.028
v -128.873 -4.68 58.107
v -128.873 -4.68 50.028
v -136.952 -4.68 58.107
v -136.952 -61.982 50.028
v -136.952 -61.982 58.107
v -128.873 -61.982 50.028
v -128.873 -61.982 58.107
v -138.362 -3.979 0.477
v -138.362 -3.979 11.374
v -127.464 -3.979 0.477
v -127.464 -3.979 11.374
v 128.242 -32.698 11.374
v 135.616 -38.686 11.374
v 139.14 -32.698 11.374
v 128.242 -38.686 11.374
v 128.242 -35.878 0.477
v 128.242 -42.53 0.477
v 135.616 -42.53 0.477
v 139.14 -35.878 0.477
v 128.242 -99.068 11.374
v 139.14 -99.068 11.374
v 128.242 -109.598 0.477
v 139.14 -109.598 0.477
v 127.408 52.907 0
v 127.408 52.907 102
v 127.408 65.473 0
v 127.408 65.473 102
v 139.974 65.473 102
v 139.974 65.473 0
v 139.974 52.907 0
v 139.974 52.907 102
v 139.974 60.776 102
v 137.73 4.68 58.107
v 129.651 4.68 58.107
v 129.651 4.68 50.028
v 137.73 4.68 50.028
v 129.651 73.005 58.107
v 137.73 73.005 50.028
v 129.651 73.005 50.028
v 137.73 73.005 58.107
v 128.242 99.068 11.374
v 139.14 109.598 0.477
v 128.242 109.598 0.477
v 139.14 99.068 11.374
v 139.14 2.323 0.477
v 139.14 2.323 11.374
v 128.242 2.323 0.477
v 128.242 2.323 11.374
v 127.408 -65.473 0
v 127.408 -65.473 102
v 139.974 -65.473 0
v 139.974 -65.473 102
v 127.408 -52.907 0
v 127.408 -52.907 102
v 139.974 -60.776 102
v 139.974 -52.907 0
v 139.974 -52.907 102
v 129.651 -4.68 50.028
v 137.73 -4.68 58.107
v 137.73 -4.68 50.028
v 129.651 -4.68 58.107
v 137.73 -61.982 58.107
v 137.73 -61.982 50.028
v 129.651 -61.982 50.028
v 129.651 -61.982 58.107
v 139.14 -3.979 0.477
v 139.14 -3.979 11.374
v 128.242 -3.979 0.477
v 128.242 -3.979 11.374
v -108 -72.5 86
v -110.598 -75.098 87.902
v -111.182 -72.5 87.318
v -108 -77 90.5
v -108 -75.682 87.318
v -112.5 -72.5 90.5
v -111.182 -75.682 90.5
v -108 -77 93.5
v -110.598 -75.098 96.098
v -111.182 -75.682 93.5
v -108 -72.5 98
v -108 -75.682 96.682
v -112.5 -72.5 93.5
v -111.182 -72.5 96.682
v -108 -3.5 86
v -110.598 -0.902 87.902
v -108 -0.318 87.318
v -112.5 -3.5 90.5
v -111.182 -3.5 87.318
v -108 1 90.5
v -111.182 -0.318 90.5
v -108 -3.5 98
v -110.598 -0.902 96.098
v -111.182 -3.5 96.682
v -108 1 93.5
v -108 -0.318 96.682
v -112.5 -3.5 93.5
v -111.182 -0.318 93.5
v 108 -72.5 86
v 110.598 -75.098 87.902
v 108 -75.682 87.318
v 112.5 -72.5 90.5
v 111.182 -72.5 87.318
v 108 -77 90.5
v 111.182 -75.682 90.5
v 108 -72.5 98
v 110.598 -75.098 96.098
v 111.182 -72.5 96.682
v 108 -77 93.5
v 108 -75.682 96.682
v 112.5 -72.5 93.5
v 111.182 -75.682 93.5
v 108 -3.5 86
v 110.598 -0.902 87.902
v 111.182 -3.5 87.318
v 108 1 90.5
v 108 -0.318 87.318
v 112.5 -3.5 90.5
v 111.182 -0.318 90.5
v 108 -3.5 98
v 110.598 -0.902 96.098
v 108 -0.318 96.682
v 112.5 -3.5 93.5
v 111.182 -3.5 96.682
v 108 1 93.5
v 111.182 -0.318 93.5
v -97 -61 7
v -99.309 -63.309 8.691
v -99.828 -61 8.172
v -97 -65 11
v -97 -63.828 8.172
v -101 -61 11
v -99.828 -63.828 11
v -97 -65 83
v -99.309 -63.309 85.309
v -99.828 -63.828 83
v -97 -61 87
v -97 -63.828 85.828
v -101 -61 83
v -99.828 -61 85.828
v -97 -57 7
v -99.309 -54.691 8.691
v -97 -54.172 8.172
v -101 -57 11
v -99.828 -57 8.172
v -97 -53 11
v -99.828 -54.172 11
v -97 -57 87
v -99.309 -54.691 85.309
v -99.828 -57 85.828
v -97 -53 83
v -97 -54.172 85.828
v -101 -57 83
v -99.828 -54.172 83
v 97 -61 7
v 99.309 -63.309 8.691
v 97 -63.828 8.172
v 101 -61 11
v 99.828 -61 8.172
v 97 -65 11
v 99.828 -63.828 11
v 97 -61 87
v 99.309 -63.309 85.309
v 99.828 -61 85.828
v 97 -65 83
v 97 -63.828 85.828
v 101 -61 83
v 99.828 -63.828 83
v 97 -57 7
v 99.309 -54.691 8.691
v 99.828 -57 8.172
v 97 -53 11
v 97 -54.172 8.172
v 101 -57 11
v 99.828 -54.172 11
v 97 -57 87
v 99.309 -54.691 85.309
v 97 -54.172 85.828
v 101 -57 83
v 99.828 -57 85.828
v 97 -53 83
v 99.828 -54.172 83
v -73 -67 31
v -75.887 -69.887 33.113
v -76.536 -67 32.464
v -73 -72 36
v -73 -70.536 32.464
v -78 -67 36
v -76.536 -70.536 36
v -73 -72 60
v -75.887 -69.887 62.887
v -76.536 -70.536 60
v -73 -67 65
v -73 -70.536 63.536
v -78 -67 60
v -76.536 -67 63.536
v -75.887 -64.113 33.113
v -73 -63.464 32.464
v -73 -62 36
v -76.536 -63.464 36
v -75.887 -64.113 62.887
v -73 -62 60
v -73 -63.464 63.536
v -76.536 -63.464 60
v 73 -67 31
v 75.887 -69.887 33.113
v 73 -70.536 32.464
v 78 -67 36
v 76.536 -67 32.464
v 73 -72 36
v 76.536 -70.536 36
v 73 -67 65
v 75.887 -69.887 62.887
v 76.536 -67 63.536
v 73 -72 60
v 73 -70.536 63.536
v 78 -67 60
v 76.536 -70.536 60
v 75.887 -64.113 33.113
v 73 -62 36
v 73 -63.464 32.464
v 76.536 -63.464 36
v 75.887 -64.113 62.887
v 73 -63.464 63.536
v 73 -62 60
v 76.536 -63.464 60
v 46.25 -73.6 51.88
v 57.65 -73.6 53.64
v 46.25 -73.6 53.64
v 57.65 -73.6 51.88
v 50.97 -73.6 51.88
v 50.97 -73.6 40
v 52.93 -73.6 51.88
v 52.93 -73.6 40
v 35.37 -73.6 40
v 37.33 -73.6 51.96
v 35.37 -73.6 53.64
v 38.81 -73.6 53.64
v 39.478 -73.6 53.61
v 40.1 -73.6 53.521
v 40.674 -73.6 53.375
v 41.198 -73.6 53.174
v 41.669 -73.6 52.92
v 42.085 -73.6 52.615
v 42.443 -73.6 52.261
v 38.59 -73.6 51.96
v 42.742 -73.6 51.859
v 37.33 -73.6 47.68
v 39.041 -73.6 51.944
v 39.447 -73.6 51.896
v 39.808 -73.6 51.818
v 42.978 -73.6 51.412
v 40.125 -73.6 51.71
v 40.4 -73.6 51.574
v 40.635 -73.6 51.41
v 43.15 -73.6 50.922
v 40.831 -73.6 51.219
v 40.989 -73.6 51.003
v 41.11 -73.6 50.762
v 43.255 -73.6 50.391
v 41.196 -73.6 50.497
v 41.249 -73.6 50.209
v 43.29 -73.6 49.82
v 41.27 -73.6 49.9
v 41.262 -73.6 49.617
v 43.273 -73.6 49.433
v 41.224 -73.6 49.34
v 43.223 -73.6 49.064
v 41.155 -73.6 49.072
v 41.051 -73.6 48.818
v 43.139 -73.6 48.713
v 40.908 -73.6 48.58
v 43.023 -73.6 48.381
v 40.725 -73.6 48.362
v 42.876 -73.6 48.068
v 40.497 -73.6 48.169
v 40.223 -73.6 48.002
v 42.698 -73.6 47.775
v 39.898 -73.6 47.867
v 39.519 -73.6 47.765
v 42.489 -73.6 47.503
v 39.084 -73.6 47.702
v 38.59 -73.6 47.68
v 37.33 -73.6 45.92
v 42.25 -73.6 47.253
v 41.982 -73.6 47.024
v 41.686 -73.6 46.819
v 41.362 -73.6 46.637
v 41.01 -73.6 46.48
v 41.31 -73.6 46.266
v 41.594 -73.6 46.033
v 38.15 -73.6 45.92
v 38.397 -73.6 45.912
v 41.862 -73.6 45.783
v 37.33 -73.6 40
v 38.64 -73.6 45.883
v 38.884 -73.6 45.826
v 39.133 -73.6 45.733
v 42.118 -73.6 45.513
v 39.39 -73.6 45.597
v 39.66 -73.6 45.41
v 42.365 -73.6 45.226
v 39.947 -73.6 45.165
v 42.605 -73.6 44.92
v 40.254 -73.6 44.853
v 42.841 -73.6 44.596
v 40.586 -73.6 44.469
v 43.075 -73.6 44.253
v 40.946 -73.6 44.003
v 43.311 -73.6 43.892
v 41.34 -73.6 43.45
v 43.55 -73.6 43.513
v 43.795 -73.6 43.116
v 41.77 -73.6 42.8
v 44.05 -73.6 42.7
v 43.57 -73.6 40
v 44.19 -73.6 42.474
v 44.324 -73.6 42.264
v 44.453 -73.6 42.064
v 44.581 -73.6 41.871
v 44.711 -73.6 41.68
v 44.845 -73.6 41.485
v 44.987 -73.6 41.283
v 45.139 -73.6 41.069
v 45.304 -73.6 40.838
v 45.486 -73.6 40.586
v 45.687 -73.6 40.308
v 45.91 -73.6 40
v 20.49 -73.6 40
v 27.73 -73.6 53.72
v 26.35 -73.6 53.72
v 27.01 -73.6 50.72
v 33.83 -73.6 40
v 24.97 -73.6 45.78
v 29.21 -73.6 45.78
v 24.21 -73.6 44.02
v 30.01 -73.6 44.02
v 22.49 -73.6 40
v 31.83 -73.6 40
v 6.33 -73.6 40
v 8.17 -73.6 53.64
v 6.33 -73.6 53.64
v 8.29 -73.6 50.62
v 8.33 -73.6 50.62
v 12.69 -73.6 48.04
v 19.05 -73.6 53.64
v 17.23 -73.6 53.64
v 17.05 -73.6 50.62
v 17.09 -73.6 50.62
v 19.05 -73.6 40
v 8.29 -73.6 40
v 12.53 -73.6 45.34
v 12.85 -73.6 45.34
v 17.09 -73.6 40
v -14.83 -73.6 40
v -13.27 -73.6 53.64
v -14.83 -73.6 53.64
v -12.99 -73.6 50.5
v -4.03 -73.6 43.08
v -2.19 -73.6 53.64
v -4.03 -73.6 53.64
v -2.19 -73.6 40
v -12.99 -73.6 40
v -3.87 -73.6 40
v -19.79 -73.6 40
v -17.83 -73.6 53.64
v -19.79 -73.6 53.64
v -17.83 -73.6 40
v -34.65 -73.6 40
v -27.41 -73.6 53.72
v -28.79 -73.6 53.72
v -28.13 -73.6 50.72
v -21.31 -73.6 40
v -30.17 -73.6 45.78
v -25.93 -73.6 45.78
v -30.93 -73.6 44.02
v -25.13 -73.6 44.02
v -32.65 -73.6 40
v -23.31 -73.6 40
v -45.19 -73.6 40
v -43.23 -73.6 51.96
v -45.19 -73.6 53.64
v -41.75 -73.6 53.64
v -41.082 -73.6 53.61
v -40.46 -73.6 53.521
v -39.886 -73.6 53.375
v -39.362 -73.6 53.174
v -38.891 -73.6 52.92
v -38.475 -73.6 52.615
v -38.117 -73.6 52.261
v -41.97 -73.6 51.96
v -37.818 -73.6 51.859
v -43.23 -73.6 47.68
v -41.519 -73.6 51.944
v -41.113 -73.6 51.896
v -40.753 -73.6 51.818
v -37.582 -73.6 51.412
v -40.435 -73.6 51.71
v -40.16 -73.6 51.574
v -39.925 -73.6 51.41
v -37.41 -73.6 50.922
v -39.729 -73.6 51.219
v -39.571 -73.6 51.003
v -39.45 -73.6 50.762
v -37.305 -73.6 50.391
v -39.364 -73.6 50.497
v -39.311 -73.6 50.209
v -37.27 -73.6 49.82
v -39.29 -73.6 49.9
v -39.298 -73.6 49.617
v -37.287 -73.6 49.433
v -39.336 -73.6 49.34
v -37.338 -73.6 49.064
v -39.405 -73.6 49.072
v -39.509 -73.6 48.818
v -37.421 -73.6 48.713
v -39.652 -73.6 48.58
v -37.537 -73.6 48.381
v -39.835 -73.6 48.362
v -37.684 -73.6 48.068
v -40.063 -73.6 48.169
v -40.337 -73.6 48.002
v -37.863 -73.6 47.775
v -40.663 -73.6 47.867
v -41.041 -73.6 47.765
v -38.071 -73.6 47.503
v -41.476 -73.6 47.702
v -41.97 -73.6 47.68
v -43.23 -73.6 45.92
v -38.31 -73.6 47.253
v -38.578 -73.6 47.024
v -38.874 -73.6 46.819
v -39.198 -73.6 46.637
v -39.55 -73.6 46.48
v -39.25 -73.6 46.266
v -38.966 -73.6 46.033
v -42.41 -73.6 45.92
v -42.163 -73.6 45.912
v -38.698 -73.6 45.783
v -43.23 -73.6 40
v -41.92 -73.6 45.883
v -41.676 -73.6 45.826
v -41.427 -73.6 45.733
v -38.442 -73.6 45.513
v -41.17 -73.6 45.597
v -40.9 -73.6 45.41
v -38.195 -73.6 45.226
v -40.614 -73.6 45.165
v -37.955 -73.6 44.92
v -40.306 -73.6 44.853
v -37.719 -73.6 44.596
v -39.974 -73.6 44.469
v -37.485 -73.6 44.253
v -39.614 -73.6 44.003
v -37.249 -73.6 43.892
v -39.22 -73.6 43.45
v -37.01 -73.6 43.513
v -36.765 -73.6 43.116
v -38.79 -73.6 42.8
v -36.51 -73.6 42.7
v -36.99 -73.6 40
v -36.37 -73.6 42.474
v -36.236 -73.6 42.264
v -36.107 -73.6 42.064
v -35.979 -73.6 41.871
v -35.849 -73.6 41.68
v -35.715 -73.6 41.485
v -35.573 -73.6 41.283
v -35.421 -73.6 41.069
v -35.256 -73.6 40.838
v -35.074 -73.6 40.586
v -34.873 -73.6 40.308
v -56.49 -73.6 40
v -54.53 -73.6 51.88
v -56.49 -73.6 53.64
v -52.53 -73.6 53.64
v -51.83 -73.6 53.604
v -51.198 -73.6 53.502
v -50.633 -73.6 53.338
v -50.134 -73.6 53.12
v -49.7 -73.6 52.854
v -49.328 -73.6 52.545
v -49.017 -73.6 52.201
v -52.73 -73.6 51.88
v -48.766 -73.6 51.827
v -54.53 -73.6 47.8
v -52.305 -73.6 51.862
v -51.929 -73.6 51.81
v -48.573 -73.6 51.429
v -51.599 -73.6 51.727
v -51.313 -73.6 51.614
v -51.069 -73.6 51.475
v -50.865 -73.6 51.312
v -48.437 -73.6 51.015
v -50.698 -73.6 51.129
v -50.567 -73.6 50.926
v -48.356 -73.6 50.59
v -50.469 -73.6 50.707
v -50.401 -73.6 50.475
v -48.33 -73.6 50.16
v -50.362 -73.6 50.232
v -50.35 -73.6 49.98
v -48.344 -73.6 49.815
v -50.37 -73.6 49.63
v -48.385 -73.6 49.491
v -50.429 -73.6 49.312
v -48.455 -73.6 49.186
v -50.527 -73.6 49.023
v -48.554 -73.6 48.901
v -50.666 -73.6 48.766
v -48.681 -73.6 48.634
v -50.844 -73.6 48.539
v -48.838 -73.6 48.385
v -51.062 -73.6 48.343
v -49.024 -73.6 48.154
v -51.321 -73.6 48.176
v -51.621 -73.6 48.041
v -49.24 -73.6 47.939
v -51.962 -73.6 47.935
v -49.486 -73.6 47.741
v -52.343 -73.6 47.86
v -52.766 -73.6 47.815
v -53.23 -73.6 47.8
v -54.53 -73.6 46.04
v -49.763 -73.6 47.559
v -50.071 -73.6 47.392
v -50.41 -73.6 47.24
v -50.41 -73.6 47.2
v -49.917 -73.6 47.085
v -49.459 -73.6 46.932
v -49.037 -73.6 46.742
v -48.653 -73.6 46.517
v -48.309 -73.6 46.258
v -52.17 -73.6 46.04
v -48.005 -73.6 45.968
v -54.53 -73.6 41.76
v -51.678 -73.6 46.022
v -51.231 -73.6 45.969
v -50.829 -73.6 45.883
v -47.744 -73.6 45.646
v -50.471 -73.6 45.766
v -50.158 -73.6 45.619
v -47.527 -73.6 45.296
v -49.888 -73.6 45.445
v -49.66 -73.6 45.245
v -47.356 -73.6 44.919
v -49.475 -73.6 45.021
v -49.332 -73.6 44.774
v -47.231 -73.6 44.516
v -49.231 -73.6 44.508
v -47.156 -73.6 44.089
v -49.17 -73.6 44.222
v -49.15 -73.6 43.92
v -47.13 -73.6 43.64
v -49.164 -73.6 43.663
v -49.207 -73.6 43.406
v -47.157 -73.6 43.215
v -49.283 -73.6 43.152
v -47.239 -73.6 42.787
v -49.396 -73.6 42.907
v -49.55 -73.6 42.674
v -47.38 -73.6 42.363
v -49.748 -73.6 42.458
v -49.993 -73.6 42.263
v -47.583 -73.6 41.95
v -50.291 -73.6 42.093
v -50.643 -73.6 41.954
v -51.055 -73.6 41.849
v -47.851 -73.6 41.556
v -51.529 -73.6 41.783
v -52.07 -73.6 41.76
v -48.188 -73.6 41.19
v -48.595 -73.6 40.859
v -49.077 -73.6 40.57
v -49.636 -73.6 40.333
v -50.276 -73.6 40.153
v -50.999 -73.6 40.04
v -51.81 -73.6 40
v 46.25 -72.4 51.88
v 46.25 -72.4 53.64
v 57.65 -72.4 53.64
v 57.65 -72.4 51.88
v 50.97 -72.4 51.88
v 50.97 -72.4 40
v 52.93 -72.4 51.88
v 52.93 -72.4 40
v 35.37 -72.4 40
v 35.37 -72.4 53.64
v 37.33 -72.4 51.96
v 38.81 -72.4 53.64
v 39.478 -72.4 53.61
v 40.1 -72.4 53.521
v 40.674 -72.4 53.375
v 41.198 -72.4 53.174
v 41.669 -72.4 52.92
v 42.085 -72.4 52.615
v 42.443 -72.4 52.261
v 38.59 -72.4 51.96
v 42.742 -72.4 51.859
v 37.33 -72.4 47.68
v 39.041 -72.4 51.944
v 39.447 -72.4 51.896
v 39.808 -72.4 51.818
v 42.978 -72.4 51.412
v 40.125 -72.4 51.71
v 40.4 -72.4 51.574
v 40.635 -72.4 51.41
v 43.15 -72.4 50.922
v 40.831 -72.4 51.219
v 40.989 -72.4 51.003
v 41.11 -72.4 50.762
v 43.255 -72.4 50.391
v 41.196 -72.4 50.497
v 41.249 -72.4 50.209
v 43.29 -72.4 49.82
v 41.27 -72.4 49.9
v 41.262 -72.4 49.617
v 43.273 -72.4 49.433
v 41.224 -72.4 49.34
v 43.223 -72.4 49.064
v 41.155 -72.4 49.072
v 41.051 -72.4 48.818
v 43.139 -72.4 48.713
v 40.908 -72.4 48.58
v 43.023 -72.4 48.381
v 40.725 -72.4 48.362
v 42.876 -72.4 48.068
v 40.497 -72.4 48.169
v 40.223 -72.4 48.002
v 42.698 -72.4 47.775
v 39.898 -72.4 47.867
v 39.519 -72.4 47.765
v 42.489 -72.4 47.503
v 39.084 -72.4 47.702
v 38.59 -72.4 47.68
v 37.33 -72.4 45.92
v 42.25 -72.4 47.253
v 41.982 -72.4 47.024
v 41.686 -72.4 46.819
v 41.362 -72.4 46.637
v 41.01 -72.4 46.48
v 41.31 -72.4 46.266
v 41.594 -72.4 46.033
v 38.15 -72.4 45.92
v 38.397 -72.4 45.912
v 41.862 -72.4 45.783
v 37.33 -72.4 40
v 38.64 -72.4 45.883
v 38.884 -72.4 45.826
v 39.133 -72.4 45.733
v 42.118 -72.4 45.513
v 39.39 -72.4 45.597
v 39.66 -72.4 45.41
v 42.365 -72.4 45.226
v 39.947 -72.4 45.165
v 42.605 -72.4 44.92
v 40.254 -72.4 44.853
v 42.841 -72.4 44.596
v 40.586 -72.4 44.469
v 43.075 -72.4 44.253
v 40.946 -72.4 44.003
v 43.311 -72.4 43.892
v 41.34 -72.4 43.45
v 43.55 -72.4 43.513
v 43.795 -72.4 43.116
v 41.77 -72.4 42.8
v 44.05 -72.4 42.7
v 43.57 -72.4 40
v 44.19 -72.4 42.474
v 44.324 -72.4 42.264
v 44.453 -72.4 42.064
v 44.581 -72.4 41.871
v 44.711 -72.4 41.68
v 44.845 -72.4 41.485
v 44.987 -72.4 41.283
v 45.139 -72.4 41.069
v 45.304 -72.4 40.838
v 45.486 -72.4 40.586
v 45.687 -72.4 40.308
v 45.91 -72.4 40
v 20.49 -72.4 40
v 26.35 -72.4 53.72
v 27.73 -72.4 53.72
v 27.01 -72.4 50.72
v 33.83 -72.4 40
v 24.97 -72.4 45.78
v 29.21 -72.4 45.78
v 24.21 -72.4 44.02
v 30.01 -72.4 44.02
v 22.49 -72.4 40
v 31.83 -72.4 40
v 6.33 -72.4 40
v 6.33 -72.4 53.64
v 8.17 -72.4 53.64
v 8.29 -72.4 50.62
v 8.33 -72.4 50.62
v 12.69 -72.4 48.04
v 17.23 -72.4 53.64
v 19.05 -72.4 53.64
v 17.05 -72.4 50.62
v 17.09 -72.4 50.62
v 19.05 -72.4 40
v 8.29 -72.4 40
v 12.53 -72.4 45.34
v 12.85 -72.4 45.34
v 17.09 -72.4 40
v -14.83 -72.4 40
v -14.83 -72.4 53.64
v -13.27 -72.4 53.64
v -12.99 -72.4 50.5
v -4.03 -72.4 43.08
v -4.03 -72.4 53.64
v -2.19 -72.4 53.64
v -2.19 -72.4 40
v -12.99 -72.4 40
v -3.87 -72.4 40
v -19.79 -72.4 40
v -19.79 -72.4 53.64
v -17.83 -72.4 53.64
v -17.83 -72.4 40
v -34.65 -72.4 40
v -28.79 -72.4 53.72
v -27.41 -72.4 53.72
v -28.13 -72.4 50.72
v -21.31 -72.4 40
v -30.17 -72.4 45.78
v -25.93 -72.4 45.78
v -30.93 -72.4 44.02
v -25.13 -72.4 44.02
v -32.65 -72.4 40
v -23.31 -72.4 40
v -45.19 -72.4 40
v -45.19 -72.4 53.64
v -43.23 -72.4 51.96
v -41.75 -72.4 53.64
v -41.082 -72.4 53.61
v -40.46 -72.4 53.521
v -39.886 -72.4 53.375
v -39.362 -72.4 53.174
v -38.891 -72.4 52.92
v -38.475 -72.4 52.615
v -38.117 -72.4 52.261
v -41.97 -72.4 51.96
v -37.818 -72.4 51.859
v -43.23 -72.4 47.68
v -41.519 -72.4 51.944
v -41.113 -72.4 51.896
v -40.753 -72.4 51.818
v -37.582 -72.4 51.412
v -40.435 -72.4 51.71
v -40.16 -72.4 51.574
v -39.925 -72.4 51.41
v -37.41 -72.4 50.922
v -39.729 -72.4 51.219
v -39.571 -72.4 51.003
v -39.45 -72.4 50.762
v -37.305 -72.4 50.391
v -39.364 -72.4 50.497
v -39.311 -72.4 50.209
v -37.27 -72.4 49.82
v -39.29 -72.4 49.9
v -39.298 -72.4 49.617
v -37.287 -72.4 49.433
v -39.336 -72.4 49.34
v -37.338 -72.4 49.064
v -39.405 -72.4 49.072
v -39.509 -72.4 48.818
v -37.421 -72.4 48.713
v -39.652 -72.4 48.58
v -37.537 -72.4 48.381
v -39.835 -72.4 48.362
v -37.684 -72.4 48.068
v -40.063 -72.4 48.169
v -40.337 -72.4 48.002
v -37.863 -72.4 47.775
v -40.663 -72.4 47.867
v -41.041 -72.4 47.765
v -38.071 -72.4 47.503
v -41.476 -72.4 47.702
v -41.97 -72.4 47.68
v -43.23 -72.4 45.92
v -38.31 -72.4 47.253
v -38.578 -72.4 47.024
v -38.874 -72.4 46.819
v -39.198 -72.4 46.637
v -39.55 -72.4 46.48
v -39.25 -72.4 46.266
v -38.966 -72.4 46.033
v -42.41 -72.4 45.92
v -42.163 -72.4 45.912
v -38.698 -72.4 45.783
v -43.23 -72.4 40
v -41.92 -72.4 45.883
v -41.676 -72.4 45.826
v -41.427 -72.4 45.733
v -38.442 -72.4 45.513
v -41.17 -72.4 45.597
v -40.9 -72.4 45.41
v -38.195 -72.4 45.226
v -40.614 -72.4 45.165
v -37.955 -72.4 44.92
v -40.306 -72.4 44.853
v -37.719 -72.4 44.596
v -39.974 -72.4 44.469
v -37.485 -72.4 44.253
v -39.614 -72.4 44.003
v -37.249 -72.4 43.892
v -39.22 -72.4 43.45
v -37.01 -72.4 43.513
v -36.765 -72.4 43.116
v -38.79 -72.4 42.8
v -36.51 -72.4 42.7
v -36.99 -72.4 40
v -36.37 -72.4 42.474
v -36.236 -72.4 42.264
v -36.107 -72.4 42.064
v -35.979 -72.4 41.871
v -35.849 -72.4 41.68
v -35.715 -72.4 41.485
v -35.573 -72.4 41.283
v -35.421 -72.4 41.069
v -35.256 -72.4 40.838
v -35.074 -72.4 40.586
v -34.873 -72.4 40.308
v -56.49 -72.4 40
v -56.49 -72.4 53.64
v -54.53 -72.4 51.88
v -52.53 -72.4 53.64
v -51.83 -72.4 53.604
v -51.198 -72.4 53.502
v -50.633 -72.4 53.338
v -50.134 -72.4 53.12
v -49.7 -72.4 52.854
v -49.328 -72.4 52.545
v -49.017 -72.4 52.201
v -52.73 -72.4 51.88
v -48.766 -72.4 51.827
v -54.53 -72.4 47.8
v -52.305 -72.4 51.862
v -51.929 -72.4 51.81
v -48.573 -72.4 51.429
v -51.599 -72.4 51.727
v -51.313 -72.4 51.614
v -51.069 -72.4 51.475
v -50.865 -72.4 51.312
v -48.437 -72.4 51.015
v -50.698 -72.4 51.129
v -50.567 -72.4 50.926
v -48.356 -72.4 50.59
v -50.469 -72.4 50.707
v -50.401 -72.4 50.475
v -48.33 -72.4 50.16
v -50.362 -72.4 50.232
v -50.35 -72.4 49.98
v -48.344 -72.4 49.815
v -50.37 -72.4 49.63
v -48.385 -72.4 49.491
v -50.429 -72.4 49.312
v -48.455 -72.4 49.186
v -50.527 -72.4 49.023
v -48.554 -72.4 48.901
v -50.666 -72.4 48.766
v -48.681 -72.4 48.634
v -50.844 -72.4 48.539
v -48.838 -72.4 48.385
v -51.062 -72.4 48.343
v -49.024 -72.4 48.154
v -51.321 -72.4 48.176
v -51.621 -72.4 48.041
v -49.24 -72.4 47.939
v -51.962 -72.4 47.935
v -49.486 -72.4 47.741
v -52.343 -72.4 47.86
v -52.766 -72.4 47.815
v -53.23 -72.4 47.8
v -54.53 -72.4 46.04
v -49.763 -72.4 47.559
v -50.071 -72.4 47.392
v -50.41 -72.4 47.24
v -50.41 -72.4 47.2
v -49.917 -72.4 47.085
v -49.459 -72.4 46.932
v -49.037 -72.4 46.742
v -48.653 -72.4 46.517
v -48.309 -72.4 46.258
v -52.17 -72.4 46.04
v -48.005 -72.4 45.968
v -54.53 -72.4 41.76
v -51.678 -72.4 46.022
v -51.231 -72.4 45.969
v -50.829 -72.4 45.883
v -47.744 -72.4 45.646
v -50.471 -72.4 45.766
v -50.158 -72.4 45.619
v -47.527 -72.4 45.296
v -49.888 -72.4 45.445
v -49.66 -72.4 45.245
v -47.356 -72.4 44.919
v -49.475 -72.4 45.021
v -49.332 -72.4 44.774
v -47.231 -72.4 44.516
v -49.231 -72.4 44.508
v -47.156 -72.4 44.089
v -49.17 -72.4 44.222
v -49.15 -72.4 43.92
v -47.13 -72.4 43.64
v -49.164 -72.4 43.663
v -49.207 -72.4 43.406
v -47.157 -72.4 43.215
v -49.283 -72.4 43.152
v -47.239 -72.4 42.787
v -49.396 -72.4 42.907
v -49.55 -72.4 42.674
v -47.38 -72.4 42.363
v -49.748 -72.4 42.458
v -49.993 -72.4 42.263
v -47.583 -72.4 41.95
v -50.291 -72.4 42.093
v -50.643 -72.4 41.954
v -51.055 -72.4 41.849
v -47.851 -72.4 41.556
v -51.529 -72.4 41.783
v -52.07 -72.4 41.76
v -48.188 -72.4 41.19
v -48.595 -72.4 40.859
v -49.077 -72.4 40.57
v -49.636 -72.4 40.333
v -50.276 -72.4 40.153
v -50.999 -72.4 40.04
v -51.81 -72.4 40
v -52.528 -72.41 53.702
v -52.527 -72.438 53.758
v -51.823 -72.41 53.666
v -52.526 -72.482 53.802
v -51.817 -72.438 53.721
v -52.525 -72.538 53.83
v -51.813 -72.482 53.766
v -52.525 -72.6 53.84
v -51.81 -72.538 53.794
v -51.809 -73.4 53.804
v -52.525 -73.4 53.84
v -51.81 -73.462 53.794
v -52.525 -73.462 53.83
v -51.813 -73.518 53.766
v -52.526 -73.518 53.802
v -51.817 -73.562 53.721
v -52.527 -73.562 53.758
v -51.823 -73.59 53.666
v -52.528 -73.59 53.702
v -51.184 -72.41 53.562
v -51.172 -72.438 53.617
v -51.162 -72.482 53.66
v -51.809 -72.6 53.804
v -51.156 -72.538 53.688
v -51.154 -73.4 53.697
v -51.156 -73.462 53.688
v -51.162 -73.518 53.66
v -51.172 -73.562 53.617
v -51.184 -73.59 53.562
v -50.612 -72.41 53.396
v -50.593 -72.438 53.449
v -50.578 -72.482 53.491
v -51.154 -72.6 53.697
v -50.569 -72.538 53.517
v -50.565 -73.4 53.527
v -50.569 -73.462 53.517
v -50.578 -73.518 53.491
v -50.593 -73.562 53.449
v -50.612 -73.59 53.396
v -50.106 -72.41 53.175
v -50.08 -72.438 53.224
v -50.059 -72.482 53.264
v -50.565 -72.6 53.527
v -50.046 -72.538 53.289
v -50.042 -73.4 53.298
v -50.046 -73.462 53.289
v -50.059 -73.518 53.264
v -50.08 -73.562 53.224
v -50.106 -73.59 53.175
v -49.664 -72.41 52.904
v -49.631 -72.438 52.949
v -49.605 -72.482 52.985
v -50.042 -72.6 53.298
v -49.589 -72.538 53.009
v -49.583 -73.4 53.017
v -49.589 -73.462 53.009
v -49.605 -73.518 52.985
v -49.631 -73.562 52.949
v -49.664 -73.59 52.904
v -49.285 -72.41 52.59
v -49.246 -72.438 52.63
v -49.215 -72.482 52.662
v -49.583 -72.6 53.017
v -49.196 -72.538 52.683
v -49.189 -73.4 52.69
v -49.196 -73.462 52.683
v -49.215 -73.518 52.662
v -49.246 -73.562 52.63
v -49.285 -73.59 52.59
v -48.968 -72.41 52.239
v -48.924 -72.438 52.273
v -48.889 -72.482 52.3
v -48.866 -72.538 52.318
v -48.859 -72.6 52.324
v -49.189 -72.6 52.69
v -48.859 -73.4 52.324
v -48.866 -73.462 52.318
v -48.889 -73.518 52.3
v -48.924 -73.562 52.273
v -48.968 -73.59 52.239
v -48.712 -72.41 51.858
v -48.663 -72.438 51.885
v -48.625 -72.482 51.907
v -48.6 -72.538 51.922
v -48.592 -72.6 51.927
v -48.592 -73.4 51.927
v -48.6 -73.462 51.922
v -48.625 -73.518 51.907
v -48.663 -73.562 51.885
v -48.712 -73.59 51.858
v -48.515 -72.41 51.453
v -48.464 -72.438 51.474
v -48.422 -72.482 51.49
v -48.396 -72.538 51.501
v -48.387 -72.6 51.505
v -48.387 -73.4 51.505
v -48.396 -73.462 51.501
v -48.422 -73.518 51.49
v -48.464 -73.562 51.474
v -48.515 -73.59 51.453
v -48.377 -72.41 51.03
v -48.323 -72.438 51.044
v -48.28 -72.482 51.055
v -48.252 -72.538 51.063
v -48.243 -72.6 51.065
v -48.243 -73.4 51.065
v -48.252 -73.462 51.063
v -48.28 -73.518 51.055
v -48.323 -73.562 51.044
v -48.377 -73.59 51.03
v -48.295 -72.41 50.597
v -48.24 -72.438 50.604
v -48.196 -72.482 50.61
v -48.167 -72.538 50.613
v -48.158 -72.6 50.615
v -48.158 -73.4 50.615
v -48.167 -73.462 50.613
v -48.196 -73.518 50.61
v -48.24 -73.562 50.604
v -48.295 -73.59 50.597
v -48.268 -72.41 50.161
v -48.212 -72.438 50.161
v -48.168 -72.482 50.162
v -48.14 -72.538 50.162
v -48.13 -72.6 50.162
v -48.13 -73.4 50.162
v -48.14 -73.462 50.162
v -48.168 -73.518 50.162
v -48.212 -73.562 50.161
v -48.268 -73.59 50.161
v -48.282 -72.41 49.81
v -48.227 -72.438 49.805
v -48.182 -72.482 49.802
v -48.154 -72.538 49.799
v -48.144 -72.6 49.799
v -48.144 -73.4 49.799
v -48.154 -73.462 49.799
v -48.182 -73.518 49.802
v -48.227 -73.562 49.805
v -48.282 -73.59 49.81
v -48.325 -72.41 49.48
v -48.27 -72.438 49.47
v -48.226 -72.482 49.462
v -48.198 -72.538 49.457
v -48.188 -73.4 49.456
v -48.198 -73.462 49.457
v -48.226 -73.518 49.462
v -48.27 -73.562 49.47
v -48.325 -73.59 49.48
v -48.396 -72.41 49.169
v -48.342 -72.438 49.154
v -48.3 -72.482 49.142
v -48.188 -72.6 49.456
v -48.272 -72.538 49.134
v -48.263 -73.4 49.131
v -48.272 -73.462 49.134
v -48.3 -73.518 49.142
v -48.342 -73.562 49.154
v -48.396 -73.59 49.169
v -48.496 -72.41 48.877
v -48.445 -72.438 48.856
v -48.404 -72.482 48.839
v -48.263 -72.6 49.131
v -48.377 -72.538 48.829
v -48.368 -73.4 48.825
v -48.377 -73.462 48.829
v -48.404 -73.518 48.839
v -48.445 -73.562 48.856
v -48.496 -73.59 48.877
v -48.627 -72.41 48.604
v -48.578 -72.438 48.577
v -48.539 -72.482 48.556
v -48.368 -72.6 48.825
v -48.514 -72.538 48.542
v -48.505 -73.4 48.537
v -48.514 -73.462 48.542
v -48.539 -73.518 48.556
v -48.578 -73.562 48.577
v -48.627 -73.59 48.604
v -48.787 -72.41 48.349
v -48.742 -72.438 48.317
v -48.706 -72.482 48.291
v -48.682 -72.538 48.274
v -48.674 -72.6 48.269
v -48.505 -72.6 48.537
v -48.674 -73.4 48.269
v -48.682 -73.462 48.274
v -48.706 -73.518 48.291
v -48.742 -73.562 48.317
v -48.787 -73.59 48.349
v -48.978 -72.41 48.112
v -48.936 -72.438 48.075
v -48.903 -72.482 48.045
v -48.882 -72.538 48.026
v -48.875 -72.6 48.02
v -48.875 -73.4 48.02
v -48.882 -73.462 48.026
v -48.903 -73.518 48.045
v -48.936 -73.562 48.075
v -48.978 -73.59 48.112
v -49.198 -72.41 47.893
v -49.161 -72.438 47.851
v -49.132 -72.482 47.818
v -49.113 -72.538 47.797
v -49.106 -72.6 47.79
v -49.106 -73.4 47.79
v -49.113 -73.462 47.797
v -49.132 -73.518 47.818
v -49.161 -73.562 47.851
v -49.198 -73.59 47.893
v -49.45 -72.41 47.691
v -49.417 -72.438 47.646
v -49.391 -72.482 47.61
v -49.374 -72.538 47.587
v -49.368 -72.6 47.579
v -49.368 -73.4 47.579
v -49.374 -73.462 47.587
v -49.391 -73.518 47.61
v -49.417 -73.562 47.646
v -49.45 -73.59 47.691
v -49.731 -72.41 47.506
v -49.702 -72.438 47.458
v -49.68 -72.482 47.42
v -49.665 -72.538 47.396
v -49.66 -72.6 47.387
v -49.66 -73.4 47.387
v -49.665 -73.462 47.396
v -49.68 -73.518 47.42
v -49.702 -73.562 47.458
v -49.731 -73.59 47.506
v -50.043 -72.41 47.337
v -50.019 -72.438 47.287
v -49.999 -72.482 47.247
v -49.986 -72.538 47.222
v -49.982 -72.6 47.213
v -49.982 -73.4 47.213
v -49.986 -73.462 47.222
v -49.999 -73.518 47.247
v -50.019 -73.562 47.287
v -50.043 -73.59 47.337
v -50.348 -72.41 47.2
v -50.292 -72.438 47.164
v -50.248 -72.482 47.135
v -50.22 -72.538 47.117
v -50.21 -72.6 47.111
v -50.21 -73.4 47.111
v -50.22 -73.462 47.117
v -50.248 -73.518 47.135
v -50.292 -73.562 47.164
v -50.348 -73.59 47.2
v -50.348 -72.41 47.249
v -50.292 -72.438 47.293
v -50.248 -72.482 47.328
v -50.22 -72.538 47.351
v -50.21 -73.4 47.359
v -50.22 -73.462 47.351
v -50.248 -73.518 47.328
v -50.292 -73.562 47.293
v -50.348 -73.59 47.249
v -49.9 -72.41 47.145
v -49.885 -72.438 47.199
v -49.873 -72.482 47.241
v -50.21 -72.6 47.359
v -49.865 -72.538 47.269
v -49.862 -73.4 47.278
v -49.865 -73.462 47.269
v -49.873 -73.518 47.241
v -49.885 -73.562 47.199
v -49.9 -73.59 47.145
v -49.436 -72.41 46.99
v -49.416 -72.438 47.042
v -49.4 -72.482 47.083
v -49.862 -72.6 47.278
v -49.389 -72.538 47.11
v -49.386 -73.4 47.119
v -49.389 -73.462 47.11
v -49.4 -73.518 47.083
v -49.416 -73.562 47.042
v -49.436 -73.59 46.99
v -49.008 -72.41 46.797
v -48.983 -72.438 46.847
v -48.963 -72.482 46.886
v -49.386 -72.6 47.119
v -48.949 -72.538 46.911
v -48.945 -73.4 46.92
v -48.949 -73.462 46.911
v -48.963 -73.518 46.886
v -48.983 -73.562 46.847
v -49.008 -73.59 46.797
v -48.619 -72.41 46.569
v -48.588 -72.438 46.615
v -48.563 -72.482 46.652
v -48.945 -72.6 46.92
v -48.547 -72.538 46.676
v -48.542 -73.4 46.684
v -48.547 -73.462 46.676
v -48.563 -73.518 46.652
v -48.588 -73.562 46.615
v -48.619 -73.59 46.569
v -48.268 -72.41 46.305
v -48.232 -72.438 46.348
v -48.204 -72.482 46.382
v -48.542 -72.6 46.684
v -48.185 -72.538 46.404
v -48.179 -73.4 46.411
v -48.185 -73.462 46.404
v -48.204 -73.518 46.382
v -48.232 -73.562 46.348
v -48.268 -73.59 46.305
v -47.959 -72.41 46.009
v -47.918 -72.438 46.047
v -47.886 -72.482 46.077
v -48.179 -72.6 46.411
v -47.865 -72.538 46.097
v -47.858 -73.4 46.103
v -47.865 -73.462 46.097
v -47.886 -73.518 46.077
v -47.918 -73.562 46.047
v -47.959 -73.59 46.009
v -47.694 -72.41 45.682
v -47.648 -72.438 45.715
v -47.612 -72.482 45.74
v -47.858 -72.6 46.103
v -47.589 -72.538 45.757
v -47.581 -73.4 45.763
v -47.589 -73.462 45.757
v -47.612 -73.518 45.74
v -47.648 -73.562 45.715
v -47.694 -73.59 45.682
v -47.472 -72.41 45.325
v -47.423 -72.438 45.352
v -47.384 -72.482 45.373
v -47.581 -72.6 45.763
v -47.359 -72.538 45.386
v -47.35 -73.4 45.391
v -47.359 -73.462 45.386
v -47.384 -73.518 45.373
v -47.423 -73.562 45.352
v -47.472 -73.59 45.325
v -47.298 -72.41 44.941
v -47.246 -72.438 44.961
v -47.204 -72.482 44.977
v -47.177 -72.538 44.987
v -47.168 -72.6 44.99
v -47.35 -72.6 45.391
v -47.168 -73.4 44.99
v -47.177 -73.462 44.987
v -47.204 -73.518 44.977
v -47.246 -73.562 44.961
v -47.298 -73.59 44.941
v -47.171 -72.41 44.531
v -47.117 -72.438 44.544
v -47.074 -72.482 44.554
v -47.046 -72.538 44.561
v -47.037 -72.6 44.563
v -47.037 -73.4 44.563
v -47.046 -73.462 44.561
v -47.074 -73.518 44.554
v -47.117 -73.562 44.544
v -47.171 -73.59 44.531
v -47.094 -72.41 44.096
v -47.039 -72.438 44.103
v -46.995 -72.482 44.108
v -46.966 -72.538 44.111
v -46.957 -72.6 44.113
v -46.957 -73.4 44.113
v -46.966 -73.462 44.111
v -46.995 -73.518 44.108
v -47.039 -73.562 44.103
v -47.094 -73.59 44.096
v -47.068 -72.41 43.64
v -47.012 -72.438 43.64
v -46.968 -72.482 43.64
v -46.939 -72.538 43.639
v -46.93 -73.4 43.639
v -46.939 -73.462 43.639
v -46.968 -73.518 43.64
v -47.012 -73.562 43.64
v -47.068 -73.59 43.64
v -47.095 -72.41 43.208
v -47.04 -72.438 43.201
v -46.996 -72.482 43.195
v -46.93 -72.6 43.639
v -46.968 -72.538 43.191
v -46.958 -73.4 43.19
v -46.968 -73.462 43.191
v -46.996 -73.518 43.195
v -47.04 -73.562 43.201
v -47.095 -73.59 43.208
v -47.179 -72.41 42.771
v -47.125 -72.438 42.757
v -47.082 -72.482 42.746
v -46.958 -72.6 43.19
v -47.055 -72.538 42.739
v -47.045 -73.4 42.736
v -47.055 -73.462 42.739
v -47.082 -73.518 42.746
v -47.125 -73.562 42.757
v -47.179 -73.59 42.771
v -47.323 -72.41 42.339
v -47.271 -72.438 42.318
v -47.23 -72.482 42.301
v -47.045 -72.6 42.736
v -47.204 -72.538 42.29
v -47.195 -73.4 42.286
v -47.204 -73.462 42.29
v -47.23 -73.518 42.301
v -47.271 -73.562 42.318
v -47.323 -73.59 42.339
v -47.53 -72.41 41.918
v -47.482 -72.438 41.89
v -47.443 -72.482 41.868
v -47.195 -72.6 42.286
v -47.419 -72.538 41.854
v -47.41 -73.4 41.849
v -47.419 -73.462 41.854
v -47.443 -73.518 41.868
v -47.482 -73.562 41.89
v -47.53 -73.59 41.918
v -47.803 -72.41 41.518
v -47.759 -72.438 41.483
v -47.724 -72.482 41.455
v -47.41 -72.6 41.849
v -47.702 -72.538 41.438
v -47.694 -73.4 41.432
v -47.702 -73.462 41.438
v -47.724 -73.518 41.455
v -47.759 -73.562 41.483
v -47.803 -73.59 41.518
v -48.145 -72.41 41.145
v -48.107 -72.438 41.104
v -48.076 -72.482 41.072
v -47.694 -72.6 41.432
v -48.057 -72.538 41.051
v -48.05 -73.4 41.044
v -48.057 -73.462 41.051
v -48.076 -73.518 41.072
v -48.107 -73.562 41.104
v -48.145 -73.59 41.145
v -48.559 -72.41 40.808
v -48.527 -72.438 40.762
v -48.502 -72.482 40.726
v -48.485 -72.538 40.703
v -48.48 -72.6 40.695
v -48.05 -72.6 41.044
v -48.48 -73.4 40.695
v -48.485 -73.462 40.703
v -48.502 -73.518 40.726
v -48.527 -73.562 40.762
v -48.559 -73.59 40.808
v -49.049 -72.41 40.515
v -49.023 -72.438 40.465
v -49.003 -72.482 40.426
v -48.99 -72.538 40.4
v -48.986 -72.6 40.392
v -48.986 -73.4 40.392
v -48.99 -73.462 40.4
v -49.003 -73.518 40.426
v -49.023 -73.562 40.465
v -49.049 -73.59 40.515
v -49.615 -72.41 40.274
v -49.597 -72.438 40.221
v -49.582 -72.482 40.18
v -49.573 -72.538 40.153
v -49.57 -72.6 40.143
v -49.57 -73.4 40.143
v -49.573 -73.462 40.153
v -49.582 -73.518 40.18
v -49.597 -73.562 40.221
v -49.615 -73.59 40.274
v -50.263 -72.41 40.092
v -50.251 -72.438 40.038
v -50.241 -72.482 39.995
v -50.235 -72.538 39.967
v -50.233 -72.6 39.957
v -50.233 -73.4 39.957
v -50.235 -73.462 39.967
v -50.241 -73.518 39.995
v -50.251 -73.562 40.038
v -50.263 -73.59 40.092
v -50.993 -72.41 39.978
v -50.987 -72.438 39.922
v -50.983 -72.482 39.878
v -50.98 -72.538 39.85
v -50.979 -72.6 39.84
v -50.979 -73.4 39.84
v -50.98 -73.462 39.85
v -50.983 -73.518 39.878
v -50.987 -73.562 39.922
v -50.993 -73.59 39.978
v -51.809 -72.41 39.938
v -51.807 -72.438 39.882
v -51.806 -72.482 39.838
v -51.805 -72.538 39.81
v -51.805 -72.6 39.8
v -51.805 -73.4 39.8
v -51.805 -73.462 39.81
v -51.806 -73.518 39.838
v -51.807 -73.562 39.882
v -51.809 -73.59 39.938
v -56.552 -72.41 39.938
v -56.608 -72.438 39.882
v -56.652 -72.482 39.838
v -56.68 -72.538 39.81
v -56.69 -73.4 39.8
v -56.68 -73.462 39.81
v -56.652 -73.518 39.838
v -56.608 -73.562 39.882
v -56.552 -73.59 39.938
v -56.552 -72.41 53.702
v -56.608 -72.438 53.758
v -56.652 -72.482 53.802
v -56.68 -72.538 53.83
v -56.69 -72.6 39.8
v -56.69 -72.6 53.84
v -56.68 -73.462 53.83
v -56.652 -73.518 53.802
v -56.608 -73.562 53.758
v -56.552 -73.59 53.702
v -56.69 -73.4 53.84
v -52.77 -72.41 47.877
v -53.231 -72.41 47.862
v -52.774 -72.438 47.932
v -53.232 -72.438 47.918
v -52.777 -72.482 47.977
v -53.233 -72.482 47.962
v -52.779 -72.538 48.005
v -53.233 -72.538 47.99
v -52.78 -72.6 48.015
v -53.233 -72.6 48
v -52.78 -73.4 48.015
v -53.233 -73.4 48
v -53.233 -73.462 47.99
v -53.233 -73.518 47.962
v -52.779 -73.462 48.005
v -53.232 -73.562 47.918
v -52.777 -73.518 47.977
v -53.231 -73.59 47.862
v -52.774 -73.562 47.932
v -52.77 -73.59 47.877
v -52.352 -72.41 47.921
v -52.361 -72.438 47.976
v -52.367 -72.482 48.02
v -52.372 -72.538 48.048
v -52.373 -72.6 48.058
v -52.373 -73.4 48.058
v -52.372 -73.462 48.048
v -52.367 -73.518 48.02
v -52.361 -73.562 47.976
v -52.352 -73.59 47.921
v -51.977 -72.41 47.995
v -51.99 -72.438 48.049
v -52.001 -72.482 48.092
v -52.008 -72.538 48.12
v -52.011 -72.6 48.129
v -52.011 -73.4 48.129
v -52.008 -73.462 48.12
v -52.001 -73.518 48.092
v -51.99 -73.562 48.049
v -51.977 -73.59 47.995
v -51.643 -72.41 48.099
v -51.663 -72.438 48.151
v -51.679 -72.482 48.192
v -51.689 -72.538 48.219
v -51.692 -72.6 48.228
v -51.692 -73.4 48.228
v -51.689 -73.462 48.219
v -51.679 -73.518 48.192
v -51.663 -73.562 48.151
v -51.643 -73.59 48.099
v -51.351 -72.41 48.231
v -51.378 -72.438 48.28
v -51.399 -72.482 48.319
v -51.413 -72.538 48.344
v -51.417 -72.6 48.353
v -51.417 -73.4 48.353
v -51.413 -73.462 48.344
v -51.399 -73.518 48.319
v -51.378 -73.562 48.28
v -51.351 -73.59 48.231
v -51.1 -72.41 48.392
v -51.134 -72.438 48.436
v -51.161 -72.482 48.472
v -51.178 -72.538 48.494
v -51.184 -72.6 48.502
v -51.184 -73.4 48.502
v -51.178 -73.462 48.494
v -51.161 -73.518 48.472
v -51.134 -73.562 48.436
v -51.1 -73.59 48.392
v -50.889 -72.41 48.581
v -50.93 -72.438 48.62
v -50.962 -72.482 48.65
v -50.983 -72.538 48.669
v -50.99 -72.6 48.676
v -50.99 -73.4 48.676
v -50.983 -73.462 48.669
v -50.962 -73.518 48.65
v -50.93 -73.562 48.62
v -50.889 -73.59 48.581
v -50.717 -72.41 48.8
v -50.764 -72.438 48.831
v -50.801 -72.482 48.855
v -50.825 -72.538 48.87
v -50.834 -72.6 48.876
v -50.834 -73.4 48.876
v -50.825 -73.462 48.87
v -50.801 -73.518 48.855
v -50.764 -73.562 48.831
v -50.717 -73.59 48.8
v -50.584 -72.41 49.048
v -50.635 -72.438 49.071
v -50.676 -72.482 49.088
v -50.702 -72.538 49.1
v -50.711 -73.4 49.104
v -50.702 -73.462 49.1
v -50.676 -73.518 49.088
v -50.635 -73.562 49.071
v -50.584 -73.59 49.048
v -50.489 -72.41 49.327
v -50.543 -72.438 49.341
v -50.586 -72.482 49.353
v -50.711 -72.6 49.104
v -50.613 -72.538 49.36
v -50.623 -73.4 49.362
v -50.613 -73.462 49.36
v -50.586 -73.518 49.353
v -50.543 -73.562 49.341
v -50.489 -73.59 49.327
v -50.431 -72.41 49.638
v -50.487 -72.438 49.644
v -50.531 -72.482 49.65
v -50.623 -72.6 49.362
v -50.559 -72.538 49.653
v -50.569 -73.4 49.654
v -50.559 -73.462 49.653
v -50.531 -73.518 49.65
v -50.487 -73.562 49.644
v -50.431 -73.59 49.638
v -50.412 -72.41 49.98
v -50.468 -72.438 49.98
v -50.512 -72.482 49.981
v -50.569 -72.6 49.654
v -50.54 -72.538 49.981
v -50.55 -73.4 49.981
v -50.54 -73.462 49.981
v -50.512 -73.518 49.981
v -50.468 -73.562 49.98
v -50.412 -73.59 49.98
v -50.424 -72.41 50.225
v -50.48 -72.438 50.219
v -50.524 -72.482 50.215
v -50.552 -72.538 50.212
v -50.562 -72.6 50.211
v -50.55 -72.6 49.981
v -50.562 -73.4 50.211
v -50.552 -73.462 50.212
v -50.524 -73.518 50.215
v -50.48 -73.562 50.219
v -50.424 -73.59 50.225
v -50.462 -72.41 50.461
v -50.516 -72.438 50.449
v -50.559 -72.482 50.439
v -50.587 -72.538 50.433
v -50.597 -72.6 50.431
v -50.597 -73.4 50.431
v -50.587 -73.462 50.433
v -50.559 -73.518 50.439
v -50.516 -73.562 50.449
v -50.462 -73.59 50.461
v -50.527 -72.41 50.686
v -50.579 -72.438 50.667
v -50.621 -72.482 50.651
v -50.648 -72.538 50.641
v -50.657 -72.6 50.638
v -50.657 -73.4 50.638
v -50.648 -73.462 50.641
v -50.621 -73.518 50.651
v -50.579 -73.562 50.667
v -50.527 -73.59 50.686
v -50.621 -72.41 50.896
v -50.671 -72.438 50.87
v -50.71 -72.482 50.848
v -50.735 -72.538 50.835
v -50.743 -72.6 50.83
v -50.743 -73.4 50.83
v -50.735 -73.462 50.835
v -50.71 -73.518 50.848
v -50.671 -73.562 50.87
v -50.621 -73.59 50.896
v -50.748 -72.41 51.091
v -50.792 -72.438 51.057
v -50.827 -72.482 51.03
v -50.85 -72.538 51.012
v -50.857 -72.6 51.006
v -50.857 -73.4 51.006
v -50.85 -73.462 51.012
v -50.827 -73.518 51.03
v -50.792 -73.562 51.057
v -50.748 -73.59 51.091
v -50.907 -72.41 51.267
v -50.946 -72.438 51.227
v -50.976 -72.482 51.194
v -50.996 -72.538 51.173
v -51.002 -72.6 51.166
v -51.002 -73.4 51.166
v -50.996 -73.462 51.173
v -50.976 -73.518 51.194
v -50.946 -73.562 51.227
v -50.907 -73.59 51.267
v -51.104 -72.41 51.424
v -51.135 -72.438 51.378
v -51.16 -72.482 51.341
v -51.176 -72.538 51.317
v -51.182 -73.4 51.309
v -51.176 -73.462 51.317
v -51.16 -73.518 51.341
v -51.135 -73.562 51.378
v -51.104 -73.59 51.424
v -51.34 -72.41 51.558
v -51.364 -72.438 51.508
v -51.383 -72.482 51.468
v -51.182 -72.6 51.309
v -51.395 -72.538 51.442
v -51.4 -73.4 51.433
v -51.395 -73.462 51.442
v -51.383 -73.518 51.468
v -51.364 -73.562 51.508
v -51.34 -73.59 51.558
v -51.618 -72.41 51.668
v -51.635 -72.438 51.614
v -51.648 -72.482 51.572
v -51.4 -72.6 51.433
v -51.657 -72.538 51.545
v -51.66 -73.4 51.536
v -51.657 -73.462 51.545
v -51.648 -73.518 51.572
v -51.635 -73.562 51.614
v -51.618 -73.59 51.668
v -51.941 -72.41 51.749
v -51.951 -72.438 51.695
v -51.96 -72.482 51.651
v -51.66 -72.6 51.536
v -51.965 -72.538 51.623
v -51.967 -73.4 51.613
v -51.965 -73.462 51.623
v -51.96 -73.518 51.651
v -51.951 -73.562 51.695
v -51.941 -73.59 51.749
v -52.311 -72.41 51.8
v -52.316 -72.438 51.745
v -52.32 -72.482 51.701
v -51.967 -72.6 51.613
v -52.322 -72.538 51.672
v -52.323 -73.4 51.663
v -52.322 -73.462 51.672
v -52.32 -73.518 51.701
v -52.316 -73.562 51.745
v -52.311 -73.59 51.8
v -52.731 -72.41 51.818
v -52.732 -72.438 51.762
v -52.733 -72.482 51.718
v -52.323 -72.6 51.663
v -52.734 -72.538 51.69
v -52.734 -73.4 51.68
v -52.734 -73.462 51.69
v -52.733 -73.518 51.718
v -52.732 -73.562 51.762
v -52.731 -73.59 51.818
v -54.468 -72.41 51.818
v -54.412 -72.438 51.762
v -54.368 -72.482 51.718
v -54.34 -72.538 51.69
v -54.33 -72.6 51.68
v -52.734 -72.6 51.68
v -54.33 -73.4 51.68
v -54.34 -73.462 51.69
v -54.368 -73.518 51.718
v -54.412 -73.562 51.762
v -54.468 -73.59 51.818
v -54.412 -72.438 47.918
v -54.368 -72.482 47.962
v -54.34 -72.538 47.99
v -54.33 -72.6 48
v -54.33 -73.4 48
v -54.368 -73.518 47.962
v -54.468 -73.59 47.862
v -54.468 -72.41 47.862
v -54.34 -73.462 47.99
v -54.412 -73.562 47.918
v -51.535 -72.41 41.845
v -52.071 -72.41 41.822
v -51.54 -72.438 41.9
v -52.073 -72.438 41.878
v -51.544 -72.482 41.944
v -52.073 -72.482 41.922
v -51.547 -72.538 41.973
v -52.074 -72.538 41.95
v -51.548 -72.6 41.982
v -52.074 -72.6 41.96
v -51.548 -73.4 41.982
v -52.074 -73.4 41.96
v -52.074 -73.462 41.95
v -52.073 -73.518 41.922
v -51.547 -73.462 41.973
v -52.073 -73.562 41.878
v -51.544 -73.518 41.944
v -52.071 -73.59 41.822
v -51.54 -73.562 41.9
v -51.535 -73.59 41.845
v -51.067 -72.41 41.91
v -51.078 -72.438 41.965
v -51.086 -72.482 42.008
v -51.092 -72.538 42.036
v -51.094 -72.6 42.046
v -51.094 -73.4 42.046
v -51.092 -73.462 42.036
v -51.086 -73.518 42.008
v -51.078 -73.562 41.965
v -51.067 -73.59 41.91
v -50.663 -72.41 42.013
v -50.68 -72.438 42.066
v -50.693 -72.482 42.108
v -50.702 -72.538 42.135
v -50.705 -72.6 42.145
v -50.705 -73.4 42.145
v -50.702 -73.462 42.135
v -50.693 -73.518 42.108
v -50.68 -73.562 42.066
v -50.663 -73.59 42.013
v -50.318 -72.41 42.149
v -50.342 -72.438 42.2
v -50.361 -72.482 42.24
v -50.373 -72.538 42.265
v -50.377 -72.6 42.274
v -50.377 -73.4 42.274
v -50.373 -73.462 42.265
v -50.361 -73.518 42.24
v -50.342 -73.562 42.2
v -50.318 -73.59 42.149
v -50.028 -72.41 42.314
v -50.059 -72.438 42.36
v -50.084 -72.482 42.397
v -50.1 -72.538 42.421
v -50.106 -72.6 42.429
v -50.106 -73.4 42.429
v -50.1 -73.462 42.421
v -50.084 -73.518 42.397
v -50.059 -73.562 42.36
v -50.028 -73.59 42.314
v -49.79 -72.41 42.503
v -49.828 -72.438 42.544
v -49.858 -72.482 42.576
v -49.878 -72.538 42.597
v -49.884 -72.6 42.604
v -49.884 -73.4 42.604
v -49.878 -73.462 42.597
v -49.858 -73.518 42.576
v -49.828 -73.562 42.544
v -49.79 -73.59 42.503
v -49.598 -72.41 42.712
v -49.643 -72.438 42.746
v -49.678 -72.482 42.773
v -49.7 -72.538 42.791
v -49.708 -73.4 42.797
v -49.7 -73.462 42.791
v -49.678 -73.518 42.773
v -49.643 -73.562 42.746
v -49.598 -73.59 42.712
v -49.45 -72.41 42.937
v -49.499 -72.438 42.964
v -49.538 -72.482 42.986
v -49.708 -72.6 42.797
v -49.563 -72.538 42.999
v -49.571 -73.4 43.004
v -49.563 -73.462 42.999
v -49.538 -73.518 42.986
v -49.499 -73.562 42.964
v -49.45 -73.59 42.937
v -49.341 -72.41 43.174
v -49.393 -72.438 43.194
v -49.435 -72.482 43.21
v -49.571 -72.6 43.004
v -49.461 -72.538 43.22
v -49.47 -73.4 43.223
v -49.461 -73.462 43.22
v -49.435 -73.518 43.21
v -49.393 -73.562 43.194
v -49.341 -73.59 43.174
v -49.267 -72.41 43.42
v -49.321 -72.438 43.433
v -49.364 -72.482 43.443
v -49.47 -72.6 43.223
v -49.392 -72.538 43.449
v -49.402 -73.4 43.451
v -49.392 -73.462 43.449
v -49.364 -73.518 43.443
v -49.321 -73.562 43.433
v -49.267 -73.59 43.42
v -49.225 -72.41 43.67
v -49.281 -72.438 43.676
v -49.325 -72.482 43.681
v -49.402 -72.6 43.451
v -49.353 -72.538 43.684
v -49.363 -73.4 43.685
v -49.353 -73.462 43.684
v -49.325 -73.518 43.681
v -49.281 -73.562 43.676
v -49.225 -73.59 43.67
v -49.212 -72.41 43.92
v -49.268 -72.438 43.919
v -49.312 -72.482 43.919
v -49.341 -72.538 43.919
v -49.35 -72.6 43.919
v -49.363 -72.6 43.685
v -49.35 -73.4 43.919
v -49.341 -73.462 43.919
v -49.312 -73.518 43.919
v -49.268 -73.562 43.919
v -49.212 -73.59 43.92
v -49.231 -72.41 44.214
v -49.287 -72.438 44.206
v -49.331 -72.482 44.2
v -49.359 -72.538 44.196
v -49.369 -72.6 44.195
v -49.369 -73.4 44.195
v -49.359 -73.462 44.196
v -49.331 -73.518 44.2
v -49.287 -73.562 44.206
v -49.231 -73.59 44.214
v -49.29 -72.41 44.49
v -49.344 -72.438 44.474
v -49.386 -72.482 44.462
v -49.414 -72.538 44.454
v -49.423 -72.6 44.451
v -49.423 -73.4 44.451
v -49.414 -73.462 44.454
v -49.386 -73.518 44.462
v -49.344 -73.562 44.474
v -49.29 -73.59 44.49
v -49.388 -72.41 44.748
v -49.439 -72.438 44.724
v -49.479 -72.482 44.705
v -49.504 -72.538 44.692
v -49.513 -72.6 44.688
v -49.513 -73.4 44.688
v -49.504 -73.462 44.692
v -49.479 -73.518 44.705
v -49.439 -73.562 44.724
v -49.388 -73.59 44.748
v -49.526 -72.41 44.985
v -49.572 -72.438 44.953
v -49.608 -72.482 44.928
v -49.632 -72.538 44.912
v -49.64 -72.6 44.906
v -49.64 -73.4 44.906
v -49.632 -73.462 44.912
v -49.608 -73.518 44.928
v -49.572 -73.562 44.953
v -49.526 -73.59 44.985
v -49.705 -72.41 45.202
v -49.745 -72.438 45.163
v -49.777 -72.482 45.132
v -49.797 -72.538 45.112
v -49.804 -73.4 45.105
v -49.797 -73.462 45.112
v -49.777 -73.518 45.132
v -49.745 -73.562 45.163
v -49.705 -73.59 45.202
v -49.925 -72.41 45.396
v -49.959 -72.438 45.351
v -49.985 -72.482 45.316
v -49.804 -72.6 45.105
v -50.003 -72.538 45.293
v -50.008 -73.4 45.285
v -50.003 -73.462 45.293
v -49.985 -73.518 45.316
v -49.959 -73.562 45.351
v -49.925 -73.59 45.396
v -50.188 -72.41 45.565
v -50.215 -72.438 45.516
v -50.236 -72.482 45.477
v -50.008 -72.6 45.285
v -50.25 -72.538 45.452
v -50.255 -73.4 45.444
v -50.25 -73.462 45.452
v -50.236 -73.518 45.477
v -50.215 -73.562 45.516
v -50.188 -73.59 45.565
v -50.494 -72.41 45.708
v -50.515 -72.438 45.656
v -50.531 -72.482 45.615
v -50.255 -72.6 45.444
v -50.542 -72.538 45.589
v -50.545 -73.4 45.58
v -50.542 -73.462 45.589
v -50.531 -73.518 45.615
v -50.515 -73.562 45.656
v -50.494 -73.59 45.708
v -50.845 -72.41 45.823
v -50.86 -72.438 45.769
v -50.871 -72.482 45.727
v -50.545 -72.6 45.58
v -50.879 -72.538 45.699
v -50.881 -73.4 45.69
v -50.879 -73.462 45.699
v -50.871 -73.518 45.727
v -50.86 -73.562 45.769
v -50.845 -73.59 45.823
v -51.241 -72.41 45.908
v -51.25 -72.438 45.853
v -51.258 -72.482 45.809
v -50.881 -72.6 45.69
v -51.262 -72.538 45.781
v -51.264 -73.4 45.772
v -51.262 -73.462 45.781
v -51.258 -73.518 45.809
v -51.25 -73.562 45.853
v -51.241 -73.59 45.908
v -51.683 -72.41 45.96
v -51.687 -72.438 45.905
v -51.69 -72.482 45.861
v -51.264 -72.6 45.772
v -51.693 -72.538 45.832
v -51.693 -73.4 45.822
v -51.693 -73.462 45.832
v -51.69 -73.518 45.861
v -51.687 -73.562 45.905
v -51.683 -73.59 45.96
v -52.171 -72.41 45.978
v -52.172 -72.438 45.922
v -52.173 -72.482 45.878
v -51.693 -72.6 45.822
v -52.173 -72.538 45.85
v -52.174 -73.4 45.84
v -52.173 -73.462 45.85
v -52.173 -73.518 45.878
v -52.172 -73.562 45.922
v -52.171 -73.59 45.978
v -54.468 -72.41 45.978
v -54.412 -72.438 45.922
v -54.368 -72.482 45.878
v -54.34 -72.538 45.85
v -54.33 -72.6 45.84
v -52.174 -72.6 45.84
v -54.33 -73.4 45.84
v -54.34 -73.462 45.85
v -54.368 -73.518 45.878
v -54.412 -73.562 45.922
v -54.468 -73.59 45.978
v -54.468 -72.41 41.822
v -54.412 -72.438 41.878
v -54.368 -72.482 41.922
v -54.33 -72.6 41.96
v -54.33 -73.4 41.96
v -54.368 -73.518 41.922
v -54.412 -73.562 41.878
v -54.468 -73.59 41.822
v -54.34 -72.538 41.95
v -54.34 -73.462 41.95
v -41.076 -72.41 53.672
v -41.071 -72.438 53.727
v -40.448 -72.41 53.582
v -41.067 -72.482 53.771
v -40.437 -72.438 53.636
v -41.064 -72.538 53.8
v -40.428 -72.482 53.68
v -41.063 -72.6 53.809
v -40.423 -72.538 53.708
v -40.421 -73.4 53.717
v -41.063 -73.4 53.809
v -40.423 -73.462 53.708
v -41.064 -73.462 53.8
v -40.428 -73.518 53.68
v -41.067 -73.518 53.771
v -40.437 -73.562 53.636
v -41.071 -73.562 53.727
v -40.448 -73.59 53.582
v -41.076 -73.59 53.672
v -39.867 -72.41 53.434
v -39.85 -72.438 53.487
v -39.837 -72.482 53.529
v -40.421 -72.6 53.717
v -39.828 -72.538 53.557
v -39.825 -73.4 53.566
v -39.828 -73.462 53.557
v -39.837 -73.518 53.529
v -39.85 -73.562 53.487
v -39.867 -73.59 53.434
v -39.336 -72.41 53.23
v -39.313 -72.438 53.281
v -39.294 -72.482 53.321
v -39.825 -72.6 53.566
v -39.282 -72.538 53.347
v -39.278 -73.4 53.356
v -39.282 -73.462 53.347
v -39.294 -73.518 53.321
v -39.313 -73.562 53.281
v -39.336 -73.59 53.23
v -38.858 -72.41 52.972
v -38.828 -72.438 53.02
v -38.804 -72.482 53.057
v -39.278 -72.6 53.356
v -38.789 -72.538 53.081
v -38.784 -73.4 53.09
v -38.789 -73.462 53.081
v -38.804 -73.518 53.057
v -38.828 -73.562 53.02
v -38.858 -73.59 52.972
v -38.435 -72.41 52.662
v -38.399 -72.438 52.705
v -38.37 -72.482 52.738
v -38.784 -72.6 53.09
v -38.351 -72.538 52.76
v -38.345 -73.4 52.768
v -38.351 -73.462 52.76
v -38.37 -73.518 52.738
v -38.399 -73.562 52.705
v -38.435 -73.59 52.662
v -38.07 -72.41 52.301
v -38.028 -72.438 52.338
v -37.994 -72.482 52.367
v -38.345 -72.6 52.768
v -37.973 -72.538 52.386
v -37.965 -73.4 52.392
v -37.973 -73.462 52.386
v -37.994 -73.518 52.367
v -38.028 -73.562 52.338
v -38.07 -73.59 52.301
v -37.766 -72.41 51.892
v -37.718 -72.438 51.922
v -37.681 -72.482 51.946
v -37.965 -72.6 52.392
v -37.657 -72.538 51.961
v -37.649 -73.4 51.966
v -37.657 -73.462 51.961
v -37.681 -73.518 51.946
v -37.718 -73.562 51.922
v -37.766 -73.59 51.892
v -37.525 -72.41 51.437
v -37.474 -72.438 51.46
v -37.433 -72.482 51.477
v -37.407 -72.538 51.489
v -37.398 -72.6 51.493
v -37.649 -72.6 51.966
v -37.398 -73.4 51.493
v -37.407 -73.462 51.489
v -37.433 -73.518 51.477
v -37.474 -73.562 51.46
v -37.525 -73.59 51.437
v -37.35 -72.41 50.939
v -37.296 -72.438 50.953
v -37.254 -72.482 50.965
v -37.226 -72.538 50.972
v -37.217 -72.6 50.975
v -37.217 -73.4 50.975
v -37.226 -73.462 50.972
v -37.254 -73.518 50.965
v -37.296 -73.562 50.953
v -37.35 -73.59 50.939
v -37.244 -72.41 50.399
v -37.189 -72.438 50.406
v -37.145 -72.482 50.412
v -37.116 -72.538 50.415
v -37.107 -72.6 50.417
v -37.107 -73.4 50.417
v -37.116 -73.462 50.415
v -37.145 -73.518 50.412
v -37.189 -73.562 50.406
v -37.244 -73.59 50.399
v -37.208 -72.41 49.821
v -37.152 -72.438 49.821
v -37.108 -72.482 49.821
v -37.08 -72.538 49.822
v -37.07 -72.6 49.822
v -37.07 -73.4 49.822
v -37.08 -73.462 49.822
v -37.108 -73.518 49.821
v -37.152 -73.562 49.821
v -37.208 -73.59 49.821
v -37.225 -72.41 49.428
v -37.17 -72.438 49.423
v -37.126 -72.482 49.419
v -37.097 -72.538 49.416
v -37.088 -72.6 49.415
v -37.088 -73.4 49.415
v -37.097 -73.462 49.416
v -37.126 -73.518 49.419
v -37.17 -73.562 49.423
v -37.225 -73.59 49.428
v -37.277 -72.41 49.053
v -37.222 -72.438 49.043
v -37.178 -72.482 49.035
v -37.15 -72.538 49.029
v -37.141 -73.4 49.028
v -37.15 -73.462 49.029
v -37.178 -73.518 49.035
v -37.222 -73.562 49.043
v -37.277 -73.59 49.053
v -37.362 -72.41 48.696
v -37.308 -72.438 48.68
v -37.265 -72.482 48.668
v -37.141 -72.6 49.028
v -37.238 -72.538 48.66
v -37.229 -73.4 48.657
v -37.238 -73.462 48.66
v -37.265 -73.518 48.668
v -37.308 -73.562 48.68
v -37.362 -73.59 48.696
v -37.479 -72.41 48.357
v -37.428 -72.438 48.336
v -37.387 -72.482 48.319
v -37.229 -72.6 48.657
v -37.36 -72.538 48.309
v -37.351 -73.4 48.305
v -37.36 -73.462 48.309
v -37.387 -73.518 48.319
v -37.428 -73.562 48.336
v -37.479 -73.59 48.357
v -37.63 -72.41 48.038
v -37.58 -72.438 48.012
v -37.541 -72.482 47.991
v -37.351 -72.6 48.305
v -37.516 -72.538 47.978
v -37.508 -73.4 47.973
v -37.516 -73.462 47.978
v -37.541 -73.518 47.991
v -37.58 -73.562 48.012
v -37.63 -73.59 48.038
v -37.811 -72.41 47.74
v -37.765 -72.438 47.708
v -37.729 -72.482 47.683
v -37.697 -72.6 47.662
v -37.508 -72.6 47.973
v -37.697 -73.4 47.662
v -37.729 -73.518 47.683
v -37.765 -73.562 47.708
v -37.811 -73.59 47.74
v -38.024 -72.41 47.463
v -37.982 -72.438 47.426
v -37.948 -72.482 47.398
v -37.927 -72.538 47.379
v -37.705 -72.538 47.667
v -37.919 -72.6 47.373
v -37.919 -73.4 47.373
v -37.705 -73.462 47.667
v -37.927 -73.462 47.379
v -37.948 -73.518 47.398
v -37.982 -73.562 47.426
v -38.024 -73.59 47.463
v -38.267 -72.41 47.208
v -38.229 -72.438 47.167
v -38.199 -72.482 47.135
v -38.179 -72.538 47.114
v -38.172 -72.6 47.107
v -38.172 -73.4 47.107
v -38.179 -73.462 47.114
v -38.199 -73.518 47.135
v -38.229 -73.562 47.167
v -38.267 -73.59 47.208
v -38.54 -72.41 46.975
v -38.506 -72.438 46.931
v -38.479 -72.482 46.896
v -38.462 -72.538 46.873
v -38.456 -72.6 46.866
v -38.456 -73.4 46.866
v -38.462 -73.462 46.873
v -38.479 -73.518 46.896
v -38.506 -73.562 46.931
v -38.54 -73.59 46.975
v -38.841 -72.41 46.767
v -38.812 -72.438 46.719
v -38.788 -72.482 46.682
v -38.773 -72.538 46.658
v -38.768 -72.6 46.649
v -38.768 -73.4 46.649
v -38.773 -73.462 46.658
v -38.788 -73.518 46.682
v -38.812 -73.562 46.719
v -38.841 -73.59 46.767
v -39.171 -72.41 46.582
v -39.146 -72.438 46.532
v -39.126 -72.482 46.493
v -39.113 -72.538 46.467
v -39.109 -72.6 46.459
v -39.109 -73.4 46.459
v -39.113 -73.462 46.467
v -39.126 -73.518 46.493
v -39.146 -73.562 46.532
v -39.171 -73.59 46.582
v -39.426 -72.41 46.468
v -39.315 -72.438 46.457
v -39.226 -72.482 46.448
v -39.169 -72.538 46.442
v -39.15 -72.6 46.44
v -39.15 -73.4 46.44
v -39.169 -73.462 46.442
v -39.226 -73.518 46.448
v -39.315 -73.562 46.457
v -39.426 -73.59 46.468
v -39.212 -72.41 46.315
v -39.178 -72.438 46.359
v -39.151 -72.482 46.394
v -39.134 -72.538 46.417
v -39.128 -73.4 46.425
v -39.134 -73.462 46.417
v -39.151 -73.518 46.394
v -39.178 -73.562 46.359
v -39.212 -73.59 46.315
v -38.926 -72.41 46.08
v -38.889 -72.438 46.122
v -38.86 -72.482 46.155
v -38.841 -72.538 46.176
v -38.835 -72.6 46.184
v -39.128 -72.6 46.425
v -38.835 -73.4 46.184
v -38.841 -73.462 46.176
v -38.86 -73.518 46.155
v -38.889 -73.562 46.122
v -38.926 -73.59 46.08
v -38.655 -72.41 45.826
v -38.615 -72.438 45.866
v -38.584 -72.482 45.897
v -38.564 -72.538 45.918
v -38.557 -72.6 45.925
v -38.557 -73.4 45.925
v -38.564 -73.462 45.918
v -38.584 -73.518 45.897
v -38.615 -73.562 45.866
v -38.655 -73.59 45.826
v -38.396 -72.41 45.555
v -38.355 -72.438 45.592
v -38.322 -72.482 45.622
v -38.301 -72.538 45.641
v -38.293 -72.6 45.648
v -38.293 -73.4 45.648
v -38.301 -73.462 45.641
v -38.322 -73.518 45.622
v -38.355 -73.562 45.592
v -38.396 -73.59 45.555
v -38.147 -72.41 45.265
v -38.104 -72.438 45.3
v -38.07 -72.482 45.329
v -38.048 -72.538 45.347
v -38.04 -72.6 45.353
v -38.04 -73.4 45.353
v -38.048 -73.462 45.347
v -38.07 -73.518 45.329
v -38.104 -73.562 45.3
v -38.147 -73.59 45.265
v -37.906 -72.41 44.957
v -37.861 -72.438 44.991
v -37.826 -72.482 45.018
v -37.803 -72.538 45.035
v -37.795 -72.6 45.041
v -37.795 -73.4 45.041
v -37.803 -73.462 45.035
v -37.826 -73.518 45.018
v -37.861 -73.562 44.991
v -37.906 -73.59 44.957
v -37.669 -72.41 44.631
v -37.623 -72.438 44.664
v -37.587 -72.482 44.689
v -37.564 -72.538 44.706
v -37.556 -72.6 44.711
v -37.556 -73.4 44.711
v -37.564 -73.462 44.706
v -37.587 -73.518 44.689
v -37.623 -73.562 44.664
v -37.669 -73.59 44.631
v -37.433 -72.41 44.288
v -37.387 -72.438 44.319
v -37.35 -72.482 44.343
v -37.327 -72.538 44.359
v -37.319 -72.6 44.364
v -37.319 -73.4 44.364
v -37.327 -73.462 44.359
v -37.35 -73.518 44.343
v -37.387 -73.562 44.319
v -37.433 -73.59 44.288
v -37.197 -72.41 43.926
v -37.15 -72.438 43.956
v -37.113 -72.482 43.98
v -37.089 -72.538 43.995
v -37.081 -72.6 44.001
v -37.081 -73.4 44.001
v -37.089 -73.462 43.995
v -37.113 -73.518 43.98
v -37.15 -73.562 43.956
v -37.197 -73.59 43.926
v -36.958 -72.41 43.546
v -36.91 -72.438 43.576
v -36.873 -72.482 43.599
v -36.849 -72.538 43.614
v -36.841 -72.6 43.619
v -36.841 -73.4 43.619
v -36.849 -73.462 43.614
v -36.873 -73.518 43.599
v -36.91 -73.562 43.576
v -36.958 -73.59 43.546
v -36.712 -72.41 43.148
v -36.664 -72.438 43.177
v -36.627 -72.482 43.201
v -36.603 -72.538 43.215
v -36.594 -72.6 43.221
v -36.594 -73.4 43.221
v -36.603 -73.462 43.215
v -36.627 -73.518 43.201
v -36.664 -73.562 43.177
v -36.712 -73.59 43.148
v -36.457 -72.41 42.732
v -36.41 -72.438 42.762
v -36.372 -72.482 42.785
v -36.348 -72.538 42.8
v -36.34 -72.6 42.805
v -36.34 -73.4 42.805
v -36.348 -73.462 42.8
v -36.372 -73.518 42.785
v -36.41 -73.562 42.762
v -36.457 -73.59 42.732
v -36.317 -72.41 42.507
v -36.27 -72.438 42.537
v -36.233 -72.482 42.56
v -36.208 -72.538 42.575
v -36.2 -72.6 42.581
v -36.2 -73.4 42.581
v -36.208 -73.462 42.575
v -36.233 -73.518 42.56
v -36.27 -73.562 42.537
v -36.317 -73.59 42.507
v -36.184 -72.41 42.297
v -36.137 -72.438 42.327
v -36.1 -72.482 42.351
v -36.076 -72.538 42.367
v -36.068 -72.6 42.372
v -36.068 -73.4 42.372
v -36.076 -73.462 42.367
v -36.1 -73.518 42.351
v -36.137 -73.562 42.327
v -36.184 -73.59 42.297
v -36.055 -72.41 42.098
v -36.009 -72.438 42.129
v -35.972 -72.482 42.153
v -35.948 -72.538 42.169
v -35.94 -73.4 42.174
v -35.948 -73.462 42.169
v -35.972 -73.518 42.153
v -36.009 -73.562 42.129
v -36.055 -73.59 42.098
v -35.928 -72.41 41.905
v -35.881 -72.438 41.937
v -35.844 -72.482 41.961
v -35.94 -72.6 42.174
v -35.821 -72.538 41.977
v -35.813 -73.4 41.982
v -35.821 -73.462 41.977
v -35.844 -73.518 41.961
v -35.881 -73.562 41.937
v -35.928 -73.59 41.905
v -35.798 -72.41 41.714
v -35.752 -72.438 41.746
v -35.716 -72.482 41.771
v -35.813 -72.6 41.982
v -35.692 -72.538 41.787
v -35.684 -73.4 41.792
v -35.692 -73.462 41.787
v -35.716 -73.518 41.771
v -35.752 -73.562 41.746
v -35.798 -73.59 41.714
v -35.664 -72.41 41.52
v -35.619 -72.438 41.552
v -35.582 -72.482 41.577
v -35.684 -72.6 41.792
v -35.559 -72.538 41.594
v -35.551 -73.4 41.599
v -35.559 -73.462 41.594
v -35.582 -73.518 41.577
v -35.619 -73.562 41.552
v -35.664 -73.59 41.52
v -35.523 -72.41 41.319
v -35.477 -72.438 41.351
v -35.441 -72.482 41.376
v -35.551 -72.6 41.599
v -35.418 -72.538 41.393
v -35.41 -73.4 41.398
v -35.418 -73.462 41.393
v -35.441 -73.518 41.376
v -35.477 -73.562 41.351
v -35.523 -73.59 41.319
v -35.371 -72.41 41.105
v -35.325 -72.438 41.137
v -35.289 -72.482 41.163
v -35.41 -72.6 41.398
v -35.266 -72.538 41.179
v -35.258 -73.4 41.185
v -35.266 -73.462 41.179
v -35.289 -73.518 41.163
v -35.325 -73.562 41.137
v -35.371 -73.59 41.105
v -35.205 -72.41 40.874
v -35.16 -72.438 40.907
v -35.124 -72.482 40.933
v -35.258 -72.6 41.185
v -35.101 -72.538 40.949
v -35.093 -73.4 40.955
v -35.101 -73.462 40.949
v -35.124 -73.518 40.933
v -35.16 -73.562 40.907
v -35.205 -73.59 40.874
v -35.024 -72.41 40.622
v -34.979 -72.438 40.655
v -34.943 -72.482 40.681
v -35.093 -72.6 40.955
v -34.92 -72.538 40.697
v -34.912 -73.4 40.703
v -34.92 -73.462 40.697
v -34.943 -73.518 40.681
v -34.979 -73.562 40.655
v -35.024 -73.59 40.622
v -34.823 -72.41 40.344
v -34.778 -72.438 40.377
v -34.742 -72.482 40.403
v -34.912 -72.6 40.703
v -34.719 -72.538 40.42
v -34.711 -73.4 40.425
v -34.719 -73.462 40.42
v -34.742 -73.518 40.403
v -34.778 -73.562 40.377
v -34.823 -73.59 40.344
v -34.529 -72.41 39.938
v -34.42 -72.438 39.882
v -34.333 -72.482 39.838
v -34.711 -72.6 40.425
v -34.278 -72.538 39.81
v -34.258 -73.4 39.8
v -34.278 -73.462 39.81
v -34.333 -73.518 39.838
v -34.42 -73.562 39.882
v -34.529 -73.59 39.938
v -37.024 -72.41 39.938
v -37.054 -72.438 39.882
v -37.078 -72.482 39.838
v -37.094 -72.538 39.81
v -37.099 -72.6 39.8
v -34.258 -72.6 39.8
v -37.099 -73.4 39.8
v -37.094 -73.462 39.81
v -37.078 -73.518 39.838
v -37.054 -73.562 39.882
v -37.024 -73.59 39.938
v -38.842 -72.41 42.766
v -38.888 -72.438 42.736
v -38.926 -72.482 42.712
v -38.949 -72.538 42.696
v -38.958 -72.6 42.691
v -38.958 -73.4 42.691
v -38.949 -73.462 42.696
v -38.926 -73.518 42.712
v -38.888 -73.562 42.736
v -38.842 -73.59 42.766
v -39.271 -72.41 43.415
v -39.317 -72.438 43.383
v -39.354 -72.482 43.358
v -39.377 -72.538 43.342
v -39.385 -72.6 43.336
v -39.385 -73.4 43.336
v -39.377 -73.462 43.342
v -39.354 -73.518 43.358
v -39.317 -73.562 43.383
v -39.271 -73.59 43.415
v -39.663 -72.41 43.966
v -39.708 -72.438 43.933
v -39.744 -72.482 43.907
v -39.766 -72.538 43.89
v -39.774 -72.6 43.884
v -39.774 -73.4 43.884
v -39.766 -73.462 43.89
v -39.744 -73.518 43.907
v -39.708 -73.562 43.933
v -39.663 -73.59 43.966
v -40.022 -72.41 44.43
v -40.065 -72.438 44.394
v -40.1 -72.482 44.366
v -40.122 -72.538 44.348
v -40.129 -72.6 44.342
v -40.129 -73.4 44.342
v -40.122 -73.462 44.348
v -40.1 -73.518 44.366
v -40.065 -73.562 44.394
v -40.022 -73.59 44.43
v -40.352 -72.41 44.811
v -40.393 -72.438 44.774
v -40.425 -72.482 44.744
v -40.446 -72.538 44.724
v -40.453 -72.6 44.718
v -40.453 -73.4 44.718
v -40.446 -73.462 44.724
v -40.425 -73.518 44.744
v -40.393 -73.562 44.774
v -40.352 -73.59 44.811
v -40.656 -72.41 45.119
v -40.694 -72.438 45.079
v -40.724 -72.482 45.046
v -40.743 -72.538 45.025
v -40.75 -72.6 45.018
v -40.75 -73.4 45.018
v -40.743 -73.462 45.025
v -40.724 -73.518 45.046
v -40.694 -73.562 45.079
v -40.656 -73.59 45.119
v -40.938 -72.41 45.361
v -40.972 -72.438 45.317
v -40.999 -72.482 45.282
v -41.016 -72.538 45.259
v -41.022 -72.6 45.251
v -41.022 -73.4 45.251
v -41.016 -73.462 45.259
v -40.999 -73.518 45.282
v -40.972 -73.562 45.317
v -40.938 -73.59 45.361
v -41.202 -72.41 45.544
v -41.231 -72.438 45.496
v -41.254 -72.482 45.459
v -41.269 -72.538 45.434
v -41.274 -72.6 45.426
v -41.274 -73.4 45.426
v -41.269 -73.462 45.434
v -41.254 -73.518 45.459
v -41.231 -73.562 45.496
v -41.202 -73.59 45.544
v -41.452 -72.41 45.677
v -41.475 -72.438 45.626
v -41.494 -72.482 45.585
v -41.505 -72.538 45.559
v -41.509 -72.6 45.551
v -41.509 -73.4 45.551
v -41.505 -73.462 45.559
v -41.494 -73.518 45.585
v -41.475 -73.562 45.626
v -41.452 -73.59 45.677
v -41.694 -72.41 45.767
v -41.71 -72.438 45.714
v -41.723 -72.482 45.671
v -41.731 -72.538 45.644
v -41.734 -73.4 45.634
v -41.731 -73.462 45.644
v -41.723 -73.518 45.671
v -41.71 -73.562 45.714
v -41.694 -73.59 45.767
v -41.93 -72.41 45.822
v -41.94 -72.438 45.767
v -41.948 -72.482 45.724
v -41.734 -72.6 45.634
v -41.953 -72.538 45.696
v -41.954 -73.4 45.686
v -41.953 -73.462 45.696
v -41.948 -73.518 45.724
v -41.94 -73.562 45.767
v -41.93 -73.59 45.822
v -42.168 -72.41 45.85
v -42.172 -72.438 45.795
v -42.175 -72.482 45.751
v -41.954 -72.6 45.686
v -42.177 -72.538 45.722
v -42.178 -73.4 45.712
v -42.177 -73.462 45.722
v -42.175 -73.518 45.751
v -42.172 -73.562 45.795
v -42.168 -73.59 45.85
v -42.411 -72.41 45.858
v -42.412 -72.438 45.802
v -42.413 -72.482 45.758
v -42.178 -72.6 45.712
v -42.413 -72.538 45.73
v -42.413 -73.4 45.72
v -42.413 -73.462 45.73
v -42.413 -73.518 45.758
v -42.412 -73.562 45.802
v -42.411 -73.59 45.858
v -43.168 -72.41 45.858
v -43.112 -72.438 45.802
v -43.068 -72.482 45.758
v -43.04 -72.538 45.73
v -43.03 -72.6 45.72
v -42.413 -72.6 45.72
v -43.03 -73.4 45.72
v -43.04 -73.462 45.73
v -43.068 -73.518 45.758
v -43.112 -73.562 45.802
v -43.168 -73.59 45.858
v -43.168 -72.41 39.938
v -43.112 -72.438 39.882
v -43.068 -72.482 39.838
v -43.04 -72.538 39.81
v -43.03 -73.4 39.8
v -43.04 -73.462 39.81
v -43.068 -73.518 39.838
v -43.112 -73.562 39.882
v -43.168 -73.59 39.938
v -45.252 -72.41 39.938
v -45.308 -72.438 39.882
v -45.352 -72.482 39.838
v -45.38 -72.538 39.81
v -45.39 -72.6 39.8
v -43.03 -72.6 39.8
v -45.39 -73.4 39.8
v -45.38 -73.462 39.81
v -45.352 -73.518 39.838
v -45.308 -73.562 39.882
v -45.252 -73.59 39.938
v -45.252 -72.41 53.702
v -45.308 -72.438 53.758
v -45.352 -72.482 53.802
v -45.38 -72.538 53.83
v -45.39 -73.4 53.84
v -45.38 -73.462 53.83
v -45.352 -73.518 53.802
v -45.308 -73.562 53.758
v -45.252 -73.59 53.702
v -41.749 -72.41 53.702
v -41.747 -72.438 53.758
v -41.746 -72.482 53.802
v -41.746 -72.538 53.83
v -41.746 -72.6 53.84
v -45.39 -72.6 53.84
v -41.746 -73.4 53.84
v -41.746 -73.462 53.83
v -41.746 -73.518 53.802
v -41.747 -73.562 53.758
v -41.749 -73.59 53.702
v -41.482 -72.41 47.764
v -41.971 -72.41 47.742
v -41.487 -72.438 47.819
v -41.973 -72.438 47.798
v -41.491 -72.482 47.863
v -41.974 -72.482 47.842
v -41.494 -72.538 47.892
v -41.974 -72.538 47.87
v -41.495 -72.6 47.901
v -41.974 -72.6 47.88
v -41.495 -73.4 47.901
v -41.974 -73.4 47.88
v -41.974 -73.462 47.87
v -41.974 -73.518 47.842
v -41.494 -73.462 47.892
v -41.973 -73.562 47.798
v -41.491 -73.518 47.863
v -41.971 -73.59 47.742
v -41.487 -73.562 47.819
v -41.482 -73.59 47.764
v -41.053 -72.41 47.826
v -41.065 -72.438 47.881
v -41.074 -72.482 47.924
v -41.079 -72.538 47.952
v -41.081 -72.6 47.962
v -41.081 -73.4 47.962
v -41.079 -73.462 47.952
v -41.074 -73.518 47.924
v -41.065 -73.562 47.881
v -41.053 -73.59 47.826
v -40.682 -72.41 47.925
v -40.701 -72.438 47.978
v -40.715 -72.482 48.02
v -40.724 -72.538 48.047
v -40.727 -72.6 48.056
v -40.727 -73.4 48.056
v -40.724 -73.462 48.047
v -40.715 -73.518 48.02
v -40.701 -73.562 47.978
v -40.682 -73.59 47.925
v -40.365 -72.41 48.057
v -40.391 -72.438 48.107
v -40.411 -72.482 48.147
v -40.424 -72.538 48.172
v -40.428 -72.6 48.181
v -40.428 -73.4 48.181
v -40.424 -73.462 48.172
v -40.411 -73.518 48.147
v -40.391 -73.562 48.107
v -40.365 -73.59 48.057
v -40.099 -72.41 48.219
v -40.132 -72.438 48.264
v -40.158 -72.482 48.3
v -40.174 -72.538 48.323
v -40.18 -72.6 48.331
v -40.18 -73.4 48.331
v -40.174 -73.462 48.323
v -40.158 -73.518 48.3
v -40.132 -73.562 48.264
v -40.099 -73.59 48.219
v -39.879 -72.41 48.406
v -39.919 -72.438 48.446
v -39.95 -72.482 48.477
v -39.97 -72.538 48.497
v -39.977 -72.6 48.504
v -39.977 -73.4 48.504
v -39.97 -73.462 48.497
v -39.95 -73.518 48.477
v -39.919 -73.562 48.446
v -39.879 -73.59 48.406
v -39.702 -72.41 48.616
v -39.748 -72.438 48.649
v -39.784 -72.482 48.674
v -39.807 -72.538 48.691
v -39.815 -73.4 48.697
v -39.807 -73.462 48.691
v -39.784 -73.518 48.674
v -39.748 -73.562 48.649
v -39.702 -73.59 48.616
v -39.565 -72.41 48.846
v -39.615 -72.438 48.871
v -39.654 -72.482 48.89
v -39.815 -72.6 48.697
v -39.68 -72.538 48.903
v -39.689 -73.4 48.908
v -39.68 -73.462 48.903
v -39.654 -73.518 48.89
v -39.615 -73.562 48.871
v -39.565 -73.59 48.846
v -39.464 -72.41 49.092
v -39.517 -72.438 49.109
v -39.559 -72.482 49.123
v -39.689 -72.6 48.908
v -39.586 -72.538 49.132
v -39.595 -73.4 49.135
v -39.586 -73.462 49.132
v -39.559 -73.518 49.123
v -39.517 -73.562 49.109
v -39.464 -73.59 49.092
v -39.397 -72.41 49.352
v -39.451 -72.438 49.362
v -39.495 -72.482 49.371
v -39.595 -72.6 49.135
v -39.523 -72.538 49.376
v -39.532 -73.4 49.378
v -39.523 -73.462 49.376
v -39.495 -73.518 49.371
v -39.451 -73.562 49.362
v -39.397 -73.59 49.352
v -39.36 -72.41 49.622
v -39.416 -72.438 49.626
v -39.46 -72.482 49.63
v -39.532 -72.6 49.378
v -39.488 -72.538 49.632
v -39.498 -73.4 49.633
v -39.488 -73.462 49.632
v -39.46 -73.518 49.63
v -39.416 -73.562 49.626
v -39.36 -73.59 49.622
v -39.352 -72.41 49.899
v -39.408 -72.438 49.898
v -39.452 -72.482 49.897
v -39.498 -72.6 49.633
v -39.48 -72.538 49.896
v -39.49 -73.4 49.896
v -39.48 -73.462 49.896
v -39.452 -73.518 49.897
v -39.408 -73.562 49.898
v -39.352 -73.59 49.899
v -39.372 -72.41 50.202
v -39.428 -72.438 50.195
v -39.471 -72.482 50.189
v -39.5 -72.538 50.186
v -39.509 -72.6 50.185
v -39.49 -72.6 49.896
v -39.509 -73.4 50.185
v -39.5 -73.462 50.186
v -39.471 -73.518 50.189
v -39.428 -73.562 50.195
v -39.372 -73.59 50.202
v -39.424 -72.41 50.482
v -39.478 -72.438 50.468
v -39.521 -72.482 50.457
v -39.548 -72.538 50.45
v -39.558 -72.6 50.448
v -39.558 -73.4 50.448
v -39.548 -73.462 50.45
v -39.521 -73.518 50.457
v -39.478 -73.562 50.468
v -39.424 -73.59 50.482
v -39.507 -72.41 50.738
v -39.559 -72.438 50.717
v -39.6 -72.482 50.7
v -39.626 -72.538 50.689
v -39.635 -72.6 50.685
v -39.635 -73.4 50.685
v -39.626 -73.462 50.689
v -39.6 -73.518 50.7
v -39.559 -73.562 50.717
v -39.507 -73.59 50.738
v -39.624 -72.41 50.971
v -39.672 -72.438 50.941
v -39.71 -72.482 50.918
v -39.734 -72.538 50.903
v -39.743 -72.6 50.898
v -39.743 -73.4 50.898
v -39.734 -73.462 50.903
v -39.71 -73.518 50.918
v -39.672 -73.562 50.941
v -39.624 -73.59 50.971
v -39.776 -72.41 51.179
v -39.818 -72.438 51.142
v -39.852 -72.482 51.113
v -39.874 -72.538 51.094
v -39.881 -72.6 51.088
v -39.881 -73.4 51.088
v -39.874 -73.462 51.094
v -39.852 -73.518 51.113
v -39.818 -73.562 51.142
v -39.776 -73.59 51.179
v -39.965 -72.41 51.362
v -40 -72.438 51.319
v -40.028 -72.482 51.285
v -40.047 -72.538 51.263
v -40.053 -73.4 51.255
v -40.047 -73.462 51.263
v -40.028 -73.518 51.285
v -40 -73.562 51.319
v -39.965 -73.59 51.362
v -40.191 -72.41 51.521
v -40.22 -72.438 51.473
v -40.243 -72.482 51.434
v -40.053 -72.6 51.255
v -40.257 -72.538 51.41
v -40.262 -73.4 51.401
v -40.257 -73.462 51.41
v -40.243 -73.518 51.434
v -40.22 -73.562 51.473
v -40.191 -73.59 51.521
v -40.459 -72.41 51.653
v -40.48 -72.438 51.602
v -40.497 -72.482 51.561
v -40.262 -72.6 51.401
v -40.508 -72.538 51.534
v -40.512 -73.4 51.525
v -40.508 -73.462 51.534
v -40.497 -73.518 51.561
v -40.48 -73.562 51.602
v -40.459 -73.59 51.653
v -40.769 -72.41 51.758
v -40.784 -72.438 51.705
v -40.796 -72.482 51.662
v -40.512 -72.6 51.525
v -40.803 -72.538 51.635
v -40.806 -73.4 51.625
v -40.803 -73.462 51.635
v -40.796 -73.518 51.662
v -40.784 -73.562 51.705
v -40.769 -73.59 51.758
v -41.123 -72.41 51.835
v -41.133 -72.438 51.78
v -41.14 -72.482 51.737
v -40.806 -72.6 51.625
v -41.144 -72.538 51.708
v -41.146 -73.4 51.699
v -41.144 -73.462 51.708
v -41.14 -73.518 51.737
v -41.133 -73.562 51.78
v -41.123 -73.59 51.835
v -41.523 -72.41 51.882
v -41.527 -72.438 51.827
v -41.531 -72.482 51.782
v -41.146 -72.6 51.699
v -41.533 -72.538 51.754
v -41.534 -73.4 51.744
v -41.533 -73.462 51.754
v -41.531 -73.518 51.782
v -41.527 -73.562 51.827
v -41.523 -73.59 51.882
v -41.971 -72.41 51.898
v -41.972 -72.438 51.842
v -41.973 -72.482 51.798
v -41.534 -72.6 51.744
v -41.973 -72.538 51.77
v -41.974 -73.4 51.76
v -41.973 -73.462 51.77
v -41.973 -73.518 51.798
v -41.972 -73.562 51.842
v -41.971 -73.59 51.898
v -43.168 -72.41 51.898
v -43.112 -72.438 51.842
v -43.068 -72.482 51.798
v -43.04 -72.538 51.77
v -43.03 -72.6 51.76
v -41.974 -72.6 51.76
v -43.03 -73.4 51.76
v -43.04 -73.462 51.77
v -43.068 -73.518 51.798
v -43.112 -73.562 51.842
v -43.168 -73.59 51.898
v -43.112 -72.438 47.798
v -43.068 -72.482 47.842
v -43.04 -72.538 47.87
v -43.03 -73.4 47.88
v -43.04 -73.462 47.87
v -43.068 -73.518 47.842
v -43.168 -73.59 47.742
v -43.168 -72.41 47.742
v -43.03 -72.6 47.88
v -43.112 -73.562 47.798
v -25.17 -72.41 43.958
v -23.35 -72.41 39.938
v -25.206 -72.438 43.902
v -23.386 -72.438 39.882
v -25.234 -72.482 43.858
v -23.414 -72.482 39.838
v -25.253 -72.538 43.83
v -23.433 -72.538 39.81
v -25.259 -72.6 43.82
v -23.439 -72.6 39.8
v -25.259 -73.4 43.82
v -23.439 -73.4 39.8
v -23.433 -73.462 39.81
v -23.414 -73.518 39.838
v -25.253 -73.462 43.83
v -23.386 -73.562 39.882
v -25.234 -73.518 43.858
v -23.35 -73.59 39.938
v -25.206 -73.562 43.902
v -25.17 -73.59 43.958
v -30.889 -72.41 43.958
v -30.852 -72.438 43.902
v -30.823 -72.482 43.858
v -30.805 -72.538 43.83
v -30.798 -72.6 43.82
v -30.798 -73.4 43.82
v -30.805 -73.462 43.83
v -30.823 -73.518 43.858
v -30.852 -73.562 43.902
v -30.889 -73.59 43.958
v -32.609 -72.41 39.938
v -32.572 -72.438 39.882
v -32.543 -72.482 39.838
v -32.524 -72.538 39.81
v -32.518 -73.4 39.8
v -32.524 -73.462 39.81
v -32.543 -73.518 39.838
v -32.572 -73.562 39.882
v -32.609 -73.59 39.938
v -34.744 -72.41 39.938
v -34.828 -72.438 39.882
v -34.895 -72.482 39.838
v -32.518 -72.6 39.8
v -34.938 -72.538 39.81
v -34.953 -73.4 39.8
v -34.938 -73.462 39.81
v -34.895 -73.518 39.838
v -34.828 -73.562 39.882
v -34.744 -73.59 39.938
v -28.831 -72.41 53.782
v -28.868 -72.438 53.838
v -28.897 -72.482 53.882
v -28.916 -72.538 53.91
v -28.922 -72.6 53.92
v -34.953 -72.6 39.8
v -28.922 -73.4 53.92
v -28.916 -73.462 53.91
v -28.897 -73.518 53.882
v -28.868 -73.562 53.838
v -28.831 -73.59 53.782
v -27.37 -72.41 53.782
v -27.334 -72.438 53.838
v -27.305 -72.482 53.882
v -27.286 -72.538 53.91
v -27.28 -72.6 53.92
v -27.28 -73.4 53.92
v -27.286 -73.462 53.91
v -27.305 -73.518 53.882
v -27.334 -73.562 53.838
v -27.37 -73.59 53.782
v -21.215 -72.41 39.938
v -21.129 -72.438 39.882
v -21.061 -72.482 39.838
v -21.017 -72.538 39.81
v -21.002 -73.4 39.8
v -21.017 -73.462 39.81
v -21.061 -73.518 39.838
v -21.129 -73.562 39.882
v -21.215 -73.59 39.938
v -21.002 -72.6 39.8
v -28.128 -72.41 50.563
v -26.025 -72.41 45.842
v -28.126 -72.438 50.422
v -26.111 -72.438 45.898
v -28.124 -72.482 50.31
v -26.179 -72.482 45.942
v -28.123 -72.538 50.238
v -26.223 -72.538 45.97
v -28.123 -72.6 50.213
v -26.238 -72.6 45.98
v -28.123 -73.4 50.213
v -26.238 -73.4 45.98
v -26.223 -73.462 45.97
v -26.179 -73.518 45.942
v -28.123 -73.462 50.238
v -26.111 -73.562 45.898
v -28.124 -73.518 50.31
v -26.025 -73.59 45.842
v -28.126 -73.562 50.422
v -28.128 -73.59 50.563
v -30.078 -72.41 45.842
v -29.994 -72.438 45.898
v -29.928 -72.482 45.942
v -29.886 -72.538 45.97
v -29.871 -73.4 45.98
v -29.886 -73.462 45.97
v -29.928 -73.518 45.942
v -29.994 -73.562 45.898
v -30.078 -73.59 45.842
v -29.871 -72.6 45.98
v -19.852 -72.41 53.702
v -19.852 -72.41 39.938
v -19.908 -72.438 53.758
v -19.908 -72.438 39.882
v -19.952 -72.482 53.802
v -19.952 -72.482 39.838
v -19.98 -72.538 53.83
v -19.98 -72.538 39.81
v -19.99 -72.6 39.8
v -19.99 -73.4 53.84
v -19.99 -73.4 39.8
v -19.98 -73.462 53.83
v -19.98 -73.462 39.81
v -19.952 -73.518 53.802
v -19.952 -73.518 39.838
v -19.908 -73.562 53.758
v -19.908 -73.562 39.882
v -19.852 -73.59 53.702
v -19.852 -73.59 39.938
v -17.768 -72.41 53.702
v -17.712 -72.438 53.758
v -17.668 -72.482 53.802
v -17.64 -72.538 53.83
v -17.63 -72.6 53.84
v -19.99 -72.6 53.84
v -17.63 -73.4 53.84
v -17.64 -73.462 53.83
v -17.668 -73.518 53.802
v -17.712 -73.562 53.758
v -17.768 -73.59 53.702
v -17.768 -72.41 39.938
v -17.712 -72.438 39.882
v -17.668 -72.482 39.838
v -17.64 -72.538 39.81
v -17.63 -72.6 39.8
v -17.63 -73.4 39.8
v -17.668 -73.518 39.838
v -17.712 -73.562 39.882
v -17.768 -73.59 39.938
v -17.64 -73.462 39.81
v -12.928 -72.41 50.335
v -3.898 -72.41 39.938
v -12.872 -72.438 50.185
v -3.924 -72.438 39.882
v -12.828 -72.482 50.067
v -3.944 -72.482 39.838
v -12.8 -72.538 49.991
v -3.957 -72.538 39.81
v -12.79 -72.6 49.965
v -3.961 -72.6 39.8
v -12.79 -73.4 49.965
v -3.961 -73.4 39.8
v -3.957 -73.462 39.81
v -3.944 -73.518 39.838
v -12.8 -73.462 49.991
v -3.924 -73.562 39.882
v -12.828 -73.518 50.067
v -3.898 -73.59 39.938
v -12.872 -73.562 50.185
v -12.928 -73.59 50.335
v -12.928 -72.41 39.938
v -12.872 -72.438 39.882
v -12.828 -72.482 39.838
v -12.8 -72.538 39.81
v -12.79 -73.4 39.8
v -12.8 -73.462 39.81
v -12.828 -73.518 39.838
v -12.872 -73.562 39.882
v -12.928 -73.59 39.938
v -14.892 -72.41 39.938
v -14.948 -72.438 39.882
v -14.992 -72.482 39.838
v -15.02 -72.538 39.81
v -15.03 -72.6 39.8
v -12.79 -72.6 39.8
v -15.03 -73.4 39.8
v -15.02 -73.462 39.81
v -14.992 -73.518 39.838
v -14.948 -73.562 39.882
v -14.892 -73.59 39.938
v -14.892 -72.41 53.702
v -14.948 -72.438 53.758
v -14.992 -72.482 53.802
v -15.02 -72.538 53.83
v -15.03 -73.4 53.84
v -15.02 -73.462 53.83
v -14.992 -73.518 53.802
v -14.948 -73.562 53.758
v -14.892 -73.59 53.702
v -13.242 -72.41 53.702
v -13.217 -72.438 53.758
v -13.197 -72.482 53.802
v -13.184 -72.538 53.83
v -13.179 -72.6 53.84
v -15.03 -72.6 53.84
v -13.179 -73.4 53.84
v -13.184 -73.462 53.83
v -13.197 -73.518 53.802
v -13.217 -73.562 53.758
v -13.242 -73.59 53.702
v -4.092 -72.41 43.244
v -4.148 -72.438 43.393
v -4.192 -72.482 43.511
v -4.22 -72.538 43.586
v -4.23 -72.6 43.612
v -4.23 -73.4 43.612
v -4.22 -73.462 43.586
v -4.192 -73.518 43.511
v -4.148 -73.562 43.393
v -4.092 -73.59 43.244
v -4.092 -72.41 53.702
v -4.148 -72.438 53.758
v -4.192 -72.482 53.802
v -4.22 -72.538 53.83
v -4.23 -73.4 53.84
v -4.22 -73.462 53.83
v -4.192 -73.518 53.802
v -4.148 -73.562 53.758
v -4.092 -73.59 53.702
v -2.128 -72.41 53.702
v -2.072 -72.438 53.758
v -2 -72.538 53.83
v -4.23 -72.6 53.84
v -1.99 -73.4 53.84
v -2 -73.462 53.83
v -2.028 -73.518 53.802
v -2.128 -73.59 53.702
v -2.128 -72.41 39.938
v -2.072 -72.438 39.882
v -2.028 -72.482 39.838
v -2.028 -72.482 53.802
v -2 -72.538 39.81
v -1.99 -72.6 39.8
v -1.99 -72.6 53.84
v -1.99 -73.4 39.8
v -2.028 -73.518 39.838
v -2.072 -73.562 39.882
v -2.072 -73.562 53.758
v -2.128 -73.59 39.938
v -2 -73.462 39.81
v 17.028 -72.41 50.558
v 17.028 -72.41 39.938
v 16.972 -72.438 50.502
v 16.972 -72.438 39.882
v 16.928 -72.482 50.458
v 16.928 -72.482 39.838
v 16.9 -72.538 50.43
v 16.9 -72.538 39.81
v 16.89 -72.6 50.42
v 16.89 -72.6 39.8
v 16.89 -73.4 50.42
v 16.89 -73.4 39.8
v 16.9 -73.462 39.81
v 16.928 -73.518 39.838
v 16.9 -73.462 50.43
v 16.972 -73.562 39.882
v 16.928 -73.518 50.458
v 17.028 -73.59 39.938
v 16.972 -73.562 50.502
v 17.028 -73.59 50.558
v 17.08 -72.41 50.558
v 17.107 -72.438 50.502
v 17.128 -72.482 50.458
v 17.142 -72.538 50.43
v 17.146 -72.6 50.42
v 17.146 -73.4 50.42
v 17.142 -73.462 50.43
v 17.128 -73.518 50.458
v 17.107 -73.562 50.502
v 17.08 -73.59 50.558
v 12.88 -72.41 45.278
v 12.907 -72.438 45.222
v 12.928 -72.482 45.178
v 12.942 -72.538 45.15
v 12.946 -73.4 45.14
v 12.942 -73.462 45.15
v 12.928 -73.518 45.178
v 12.907 -73.562 45.222
v 12.88 -73.59 45.278
v 12.5 -72.41 45.278
v 12.473 -72.438 45.222
v 12.452 -72.482 45.178
v 12.438 -72.538 45.15
v 12.946 -72.6 45.14
v 12.434 -73.4 45.14
v 12.438 -73.462 45.15
v 12.473 -73.562 45.222
v 12.5 -73.59 45.278
v 8.3 -72.41 50.558
v 8.273 -72.438 50.502
v 8.252 -72.482 50.458
v 8.238 -72.538 50.43
v 8.234 -72.6 50.42
v 12.434 -72.6 45.14
v 8.234 -73.4 50.42
v 12.452 -73.518 45.178
v 8.238 -73.462 50.43
v 8.252 -73.518 50.458
v 8.273 -73.562 50.502
v 8.3 -73.59 50.558
v 8.352 -72.41 50.558
v 8.408 -72.438 50.502
v 8.452 -72.482 50.458
v 8.48 -72.538 50.43
v 8.49 -73.4 50.42
v 8.48 -73.462 50.43
v 8.452 -73.518 50.458
v 8.408 -73.562 50.502
v 8.352 -73.59 50.558
v 8.352 -72.41 39.938
v 8.408 -72.438 39.882
v 8.452 -72.482 39.838
v 8.49 -72.6 50.42
v 8.48 -72.538 39.81
v 8.49 -73.4 39.8
v 8.48 -73.462 39.81
v 8.452 -73.518 39.838
v 8.408 -73.562 39.882
v 8.352 -73.59 39.938
v 6.268 -72.41 39.938
v 6.168 -72.482 39.838
v 6.13 -72.6 39.8
v 8.49 -72.6 39.8
v 6.13 -73.4 39.8
v 6.14 -73.462 39.81
v 6.168 -73.518 39.838
v 6.268 -73.59 39.938
v 6.268 -72.41 53.702
v 6.212 -72.438 53.758
v 6.212 -72.438 39.882
v 6.168 -72.482 53.802
v 6.14 -72.538 53.83
v 6.14 -72.538 39.81
v 6.13 -73.4 53.84
v 6.14 -73.462 53.83
v 6.168 -73.518 53.802
v 6.212 -73.562 53.758
v 6.212 -73.562 39.882
v 6.268 -73.59 53.702
v 8.2 -72.41 53.702
v 8.226 -72.438 53.758
v 8.247 -72.482 53.802
v 8.261 -72.538 53.83
v 8.266 -72.6 53.84
v 6.13 -72.6 53.84
v 8.266 -73.4 53.84
v 8.261 -73.462 53.83
v 8.247 -73.518 53.802
v 8.226 -73.562 53.758
v 8.2 -73.59 53.702
v 12.69 -72.41 48.138
v 12.69 -72.438 48.227
v 12.69 -72.482 48.297
v 12.69 -72.538 48.342
v 12.69 -72.6 48.358
v 12.69 -73.4 48.358
v 12.69 -73.462 48.342
v 12.69 -73.518 48.297
v 12.69 -73.562 48.227
v 12.69 -73.59 48.138
v 17.201 -72.41 53.702
v 17.174 -72.438 53.758
v 17.153 -72.482 53.802
v 17.139 -72.538 53.83
v 17.135 -73.4 53.84
v 17.139 -73.462 53.83
v 17.153 -73.518 53.802
v 17.174 -73.562 53.758
v 17.201 -73.59 53.702
v 19.112 -72.41 53.702
v 19.168 -72.438 53.758
v 19.212 -72.482 53.802
v 17.135 -72.6 53.84
v 19.24 -72.538 53.83
v 19.25 -73.4 53.84
v 19.24 -73.462 53.83
v 19.212 -73.518 53.802
v 19.168 -73.562 53.758
v 19.112 -73.59 53.702
v 19.112 -72.41 39.938
v 19.168 -72.438 39.882
v 19.212 -72.482 39.838
v 19.24 -72.538 39.81
v 19.25 -72.6 39.8
v 19.25 -72.6 53.84
v 19.25 -73.4 39.8
v 19.212 -73.518 39.838
v 19.168 -73.562 39.882
v 19.112 -73.59 39.938
v 19.24 -73.462 39.81
v 29.97 -72.41 43.958
v 31.79 -72.41 39.938
v 29.934 -72.438 43.902
v 31.754 -72.438 39.882
v 29.906 -72.482 43.858
v 31.726 -72.482 39.838
v 29.887 -72.538 43.83
v 31.707 -72.538 39.81
v 29.881 -72.6 43.82
v 31.701 -72.6 39.8
v 29.881 -73.4 43.82
v 31.701 -73.4 39.8
v 31.707 -73.462 39.81
v 31.726 -73.518 39.838
v 29.887 -73.462 43.83
v 31.754 -73.562 39.882
v 29.906 -73.518 43.858
v 31.79 -73.59 39.938
v 29.934 -73.562 43.902
v 29.97 -73.59 43.958
v 24.251 -72.41 43.958
v 24.288 -72.438 43.902
v 24.317 -72.482 43.858
v 24.336 -72.538 43.83
v 24.342 -72.6 43.82
v 24.342 -73.4 43.82
v 24.336 -73.462 43.83
v 24.317 -73.518 43.858
v 24.288 -73.562 43.902
v 24.251 -73.59 43.958
v 22.531 -72.41 39.938
v 22.568 -72.438 39.882
v 22.597 -72.482 39.838
v 22.616 -72.538 39.81
v 22.622 -73.4 39.8
v 22.616 -73.462 39.81
v 22.597 -73.518 39.838
v 22.568 -73.562 39.882
v 22.531 -73.59 39.938
v 20.396 -72.41 39.938
v 20.312 -72.438 39.882
v 20.245 -72.482 39.838
v 22.622 -72.6 39.8
v 20.202 -72.538 39.81
v 20.187 -73.4 39.8
v 20.202 -73.462 39.81
v 20.245 -73.518 39.838
v 20.312 -73.562 39.882
v 20.396 -73.59 39.938
v 26.309 -72.41 53.782
v 26.272 -72.438 53.838
v 26.243 -72.482 53.882
v 26.224 -72.538 53.91
v 26.218 -72.6 53.92
v 20.187 -72.6 39.8
v 26.218 -73.4 53.92
v 26.224 -73.462 53.91
v 26.243 -73.518 53.882
v 26.272 -73.562 53.838
v 26.309 -73.59 53.782
v 27.77 -72.41 53.782
v 27.806 -72.438 53.838
v 27.835 -72.482 53.882
v 27.854 -72.538 53.91
v 27.86 -72.6 53.92
v 27.86 -73.4 53.92
v 27.854 -73.462 53.91
v 27.835 -73.518 53.882
v 27.806 -73.562 53.838
v 27.77 -73.59 53.782
v 33.925 -72.41 39.938
v 34.011 -72.438 39.882
v 34.079 -72.482 39.838
v 34.123 -72.538 39.81
v 34.138 -73.4 39.8
v 34.123 -73.462 39.81
v 34.079 -73.518 39.838
v 34.011 -73.562 39.882
v 33.925 -73.59 39.938
v 34.138 -72.6 39.8
v 27.012 -72.41 50.563
v 29.115 -72.41 45.842
v 27.014 -72.438 50.422
v 29.029 -72.438 45.898
v 27.016 -72.482 50.31
v 28.961 -72.482 45.942
v 27.017 -72.538 50.238
v 28.917 -72.538 45.97
v 27.017 -72.6 50.213
v 28.902 -72.6 45.98
v 27.017 -73.4 50.213
v 28.902 -73.4 45.98
v 28.917 -73.462 45.97
v 28.961 -73.518 45.942
v 27.017 -73.462 50.238
v 29.029 -73.562 45.898
v 27.016 -73.518 50.31
v 29.115 -73.59 45.842
v 27.014 -73.562 50.422
v 27.012 -73.59 50.563
v 25.062 -72.41 45.842
v 25.146 -72.438 45.898
v 25.212 -72.482 45.942
v 25.254 -72.538 45.97
v 25.269 -73.4 45.98
v 25.254 -73.462 45.97
v 25.212 -73.518 45.942
v 25.146 -73.562 45.898
v 25.062 -73.59 45.842
v 25.269 -72.6 45.98
v 39.484 -72.41 53.672
v 39.489 -72.438 53.727
v 40.112 -72.41 53.582
v 39.493 -72.482 53.771
v 40.123 -72.438 53.636
v 39.496 -72.538 53.8
v 40.132 -72.482 53.68
v 39.497 -72.6 53.809
v 40.137 -72.538 53.708
v 40.139 -73.4 53.717
v 39.497 -73.4 53.809
v 40.137 -73.462 53.708
v 39.496 -73.462 53.8
v 40.132 -73.518 53.68
v 39.493 -73.518 53.771
v 40.123 -73.562 53.636
v 39.489 -73.562 53.727
v 40.112 -73.59 53.582
v 39.484 -73.59 53.672
v 40.693 -72.41 53.434
v 40.71 -72.438 53.487
v 40.723 -72.482 53.529
v 40.139 -72.6 53.717
v 40.732 -72.538 53.557
v 40.735 -73.4 53.566
v 40.732 -73.462 53.557
v 40.723 -73.518 53.529
v 40.71 -73.562 53.487
v 40.693 -73.59 53.434
v 41.224 -72.41 53.23
v 41.247 -72.438 53.281
v 41.266 -72.482 53.321
v 40.735 -72.6 53.566
v 41.278 -72.538 53.347
v 41.282 -73.4 53.356
v 41.278 -73.462 53.347
v 41.266 -73.518 53.321
v 41.247 -73.562 53.281
v 41.224 -73.59 53.23
v 41.702 -72.41 52.972
v 41.732 -72.438 53.02
v 41.756 -72.482 53.057
v 41.282 -72.6 53.356
v 41.771 -72.538 53.081
v 41.776 -73.4 53.09
v 41.771 -73.462 53.081
v 41.756 -73.518 53.057
v 41.732 -73.562 53.02
v 41.702 -73.59 52.972
v 42.125 -72.41 52.662
v 42.162 -72.438 52.705
v 42.19 -72.482 52.738
v 41.776 -72.6 53.09
v 42.209 -72.538 52.76
v 42.215 -73.4 52.768
v 42.209 -73.462 52.76
v 42.19 -73.518 52.738
v 42.162 -73.562 52.705
v 42.125 -73.59 52.662
v 42.49 -72.41 52.301
v 42.532 -72.438 52.338
v 42.566 -72.482 52.367
v 42.215 -72.6 52.768
v 42.587 -72.538 52.386
v 42.595 -73.4 52.392
v 42.587 -73.462 52.386
v 42.566 -73.518 52.367
v 42.532 -73.562 52.338
v 42.49 -73.59 52.301
v 42.794 -72.41 51.892
v 42.842 -72.438 51.922
v 42.879 -72.482 51.946
v 42.595 -72.6 52.392
v 42.903 -72.538 51.961
v 42.911 -73.4 51.966
v 42.903 -73.462 51.961
v 42.879 -73.518 51.946
v 42.842 -73.562 51.922
v 42.794 -73.59 51.892
v 43.035 -72.41 51.437
v 43.086 -72.438 51.46
v 43.127 -72.482 51.477
v 43.153 -72.538 51.489
v 43.162 -72.6 51.493
v 42.911 -72.6 51.966
v 43.162 -73.4 51.493
v 43.153 -73.462 51.489
v 43.127 -73.518 51.477
v 43.086 -73.562 51.46
v 43.035 -73.59 51.437
v 43.21 -72.41 50.939
v 43.264 -72.438 50.953
v 43.306 -72.482 50.965
v 43.334 -72.538 50.972
v 43.343 -72.6 50.975
v 43.343 -73.4 50.975
v 43.334 -73.462 50.972
v 43.306 -73.518 50.965
v 43.264 -73.562 50.953
v 43.21 -73.59 50.939
v 43.316 -72.41 50.399
v 43.371 -72.438 50.406
v 43.415 -72.482 50.412
v 43.444 -72.538 50.415
v 43.453 -72.6 50.417
v 43.453 -73.4 50.417
v 43.444 -73.462 50.415
v 43.415 -73.518 50.412
v 43.371 -73.562 50.406
v 43.316 -73.59 50.399
v 43.352 -72.41 49.821
v 43.408 -72.438 49.821
v 43.452 -72.482 49.821
v 43.48 -72.538 49.822
v 43.49 -72.6 49.822
v 43.49 -73.4 49.822
v 43.48 -73.462 49.822
v 43.452 -73.518 49.821
v 43.408 -73.562 49.821
v 43.352 -73.59 49.821
v 43.335 -72.41 49.428
v 43.39 -72.438 49.423
v 43.434 -72.482 49.419
v 43.463 -72.538 49.416
v 43.472 -72.6 49.415
v 43.472 -73.4 49.415
v 43.463 -73.462 49.416
v 43.434 -73.518 49.419
v 43.39 -73.562 49.423
v 43.335 -73.59 49.428
v 43.283 -72.41 49.053
v 43.338 -72.438 49.043
v 43.382 -72.482 49.035
v 43.41 -72.538 49.029
v 43.419 -73.4 49.028
v 43.41 -73.462 49.029
v 43.382 -73.518 49.035
v 43.338 -73.562 49.043
v 43.283 -73.59 49.053
v 43.198 -72.41 48.696
v 43.252 -72.438 48.68
v 43.295 -72.482 48.668
v 43.419 -72.6 49.028
v 43.322 -72.538 48.66
v 43.331 -73.4 48.657
v 43.322 -73.462 48.66
v 43.295 -73.518 48.668
v 43.252 -73.562 48.68
v 43.198 -73.59 48.696
v 43.081 -72.41 48.357
v 43.132 -72.438 48.336
v 43.173 -72.482 48.319
v 43.331 -72.6 48.657
v 43.2 -72.538 48.309
v 43.209 -73.4 48.305
v 43.2 -73.462 48.309
v 43.173 -73.518 48.319
v 43.132 -73.562 48.336
v 43.081 -73.59 48.357
v 42.93 -72.41 48.038
v 42.98 -72.438 48.012
v 43.019 -72.482 47.991
v 43.209 -72.6 48.305
v 43.044 -72.538 47.978
v 43.052 -73.4 47.973
v 43.044 -73.462 47.978
v 43.019 -73.518 47.991
v 42.98 -73.562 48.012
v 42.93 -73.59 48.038
v 42.749 -72.41 47.74
v 42.795 -72.438 47.708
v 42.831 -72.482 47.683
v 42.863 -72.6 47.662
v 43.052 -72.6 47.973
v 42.863 -73.4 47.662
v 42.831 -73.518 47.683
v 42.795 -73.562 47.708
v 42.749 -73.59 47.74
v 42.536 -72.41 47.463
v 42.578 -72.438 47.426
v 42.612 -72.482 47.398
v 42.633 -72.538 47.379
v 42.855 -72.538 47.667
v 42.641 -72.6 47.373
v 42.641 -73.4 47.373
v 42.855 -73.462 47.667
v 42.633 -73.462 47.379
v 42.612 -73.518 47.398
v 42.578 -73.562 47.426
v 42.536 -73.59 47.463
v 42.293 -72.41 47.208
v 42.331 -72.438 47.167
v 42.361 -72.482 47.135
v 42.381 -72.538 47.114
v 42.388 -72.6 47.107
v 42.388 -73.4 47.107
v 42.381 -73.462 47.114
v 42.361 -73.518 47.135
v 42.331 -73.562 47.167
v 42.293 -73.59 47.208
v 42.02 -72.41 46.975
v 42.054 -72.438 46.931
v 42.081 -72.482 46.896
v 42.098 -72.538 46.873
v 42.104 -72.6 46.866
v 42.104 -73.4 46.866
v 42.098 -73.462 46.873
v 42.081 -73.518 46.896
v 42.054 -73.562 46.931
v 42.02 -73.59 46.975
v 41.719 -72.41 46.767
v 41.748 -72.438 46.719
v 41.772 -72.482 46.682
v 41.787 -72.538 46.658
v 41.792 -72.6 46.649
v 41.792 -73.4 46.649
v 41.787 -73.462 46.658
v 41.772 -73.518 46.682
v 41.748 -73.562 46.719
v 41.719 -73.59 46.767
v 41.389 -72.41 46.582
v 41.414 -72.438 46.532
v 41.434 -72.482 46.493
v 41.447 -72.538 46.467
v 41.451 -72.6 46.459
v 41.451 -73.4 46.459
v 41.447 -73.462 46.467
v 41.434 -73.518 46.493
v 41.414 -73.562 46.532
v 41.389 -73.59 46.582
v 41.134 -72.41 46.468
v 41.245 -72.438 46.457
v 41.334 -72.482 46.448
v 41.391 -72.538 46.442
v 41.41 -72.6 46.44
v 41.41 -73.4 46.44
v 41.391 -73.462 46.442
v 41.334 -73.518 46.448
v 41.245 -73.562 46.457
v 41.134 -73.59 46.468
v 41.348 -72.41 46.315
v 41.382 -72.438 46.359
v 41.409 -72.482 46.394
v 41.426 -72.538 46.417
v 41.432 -73.4 46.425
v 41.426 -73.462 46.417
v 41.409 -73.518 46.394
v 41.382 -73.562 46.359
v 41.348 -73.59 46.315
v 41.634 -72.41 46.08
v 41.671 -72.438 46.122
v 41.7 -72.482 46.155
v 41.719 -72.538 46.176
v 41.725 -72.6 46.184
v 41.432 -72.6 46.425
v 41.725 -73.4 46.184
v 41.719 -73.462 46.176
v 41.7 -73.518 46.155
v 41.671 -73.562 46.122
v 41.634 -73.59 46.08
v 41.905 -72.41 45.826
v 41.945 -72.438 45.866
v 41.976 -72.482 45.897
v 41.996 -72.538 45.918
v 42.003 -72.6 45.925
v 42.003 -73.4 45.925
v 41.996 -73.462 45.918
v 41.976 -73.518 45.897
v 41.945 -73.562 45.866
v 41.905 -73.59 45.826
v 42.164 -72.41 45.555
v 42.205 -72.438 45.592
v 42.238 -72.482 45.622
v 42.259 -72.538 45.641
v 42.267 -72.6 45.648
v 42.267 -73.4 45.648
v 42.259 -73.462 45.641
v 42.238 -73.518 45.622
v 42.205 -73.562 45.592
v 42.164 -73.59 45.555
v 42.413 -72.41 45.265
v 42.456 -72.438 45.3
v 42.49 -72.482 45.329
v 42.512 -72.538 45.347
v 42.52 -72.6 45.353
v 42.52 -73.4 45.353
v 42.512 -73.462 45.347
v 42.49 -73.518 45.329
v 42.456 -73.562 45.3
v 42.413 -73.59 45.265
v 42.654 -72.41 44.957
v 42.699 -72.438 44.991
v 42.734 -72.482 45.018
v 42.757 -72.538 45.035
v 42.765 -72.6 45.041
v 42.765 -73.4 45.041
v 42.757 -73.462 45.035
v 42.734 -73.518 45.018
v 42.699 -73.562 44.991
v 42.654 -73.59 44.957
v 42.891 -72.41 44.631
v 42.937 -72.438 44.664
v 42.973 -72.482 44.689
v 42.996 -72.538 44.706
v 43.004 -72.6 44.711
v 43.004 -73.4 44.711
v 42.996 -73.462 44.706
v 42.973 -73.518 44.689
v 42.937 -73.562 44.664
v 42.891 -73.59 44.631
v 43.127 -72.41 44.288
v 43.173 -72.438 44.319
v 43.21 -72.482 44.343
v 43.233 -72.538 44.359
v 43.241 -72.6 44.364
v 43.241 -73.4 44.364
v 43.233 -73.462 44.359
v 43.21 -73.518 44.343
v 43.173 -73.562 44.319
v 43.127 -73.59 44.288
v 43.363 -72.41 43.926
v 43.41 -72.438 43.956
v 43.447 -72.482 43.98
v 43.471 -72.538 43.995
v 43.479 -72.6 44.001
v 43.479 -73.4 44.001
v 43.471 -73.462 43.995
v 43.447 -73.518 43.98
v 43.41 -73.562 43.956
v 43.363 -73.59 43.926
v 43.602 -72.41 43.546
v 43.65 -72.438 43.576
v 43.687 -72.482 43.599
v 43.711 -72.538 43.614
v 43.719 -72.6 43.619
v 43.719 -73.4 43.619
v 43.711 -73.462 43.614
v 43.687 -73.518 43.599
v 43.65 -73.562 43.576
v 43.602 -73.59 43.546
v 43.848 -72.41 43.148
v 43.896 -72.438 43.177
v 43.933 -72.482 43.201
v 43.957 -72.538 43.215
v 43.966 -72.6 43.221
v 43.966 -73.4 43.221
v 43.957 -73.462 43.215
v 43.933 -73.518 43.201
v 43.896 -73.562 43.177
v 43.848 -73.59 43.148
v 44.103 -72.41 42.732
v 44.15 -72.438 42.762
v 44.188 -72.482 42.785
v 44.212 -72.538 42.8
v 44.22 -72.6 42.805
v 44.22 -73.4 42.805
v 44.212 -73.462 42.8
v 44.188 -73.518 42.785
v 44.15 -73.562 42.762
v 44.103 -73.59 42.732
v 44.243 -72.41 42.507
v 44.29 -72.438 42.537
v 44.328 -72.482 42.56
v 44.352 -72.538 42.575
v 44.36 -72.6 42.581
v 44.36 -73.4 42.581
v 44.352 -73.462 42.575
v 44.328 -73.518 42.56
v 44.29 -73.562 42.537
v 44.243 -73.59 42.507
v 44.376 -72.41 42.297
v 44.423 -72.438 42.327
v 44.46 -72.482 42.351
v 44.484 -72.538 42.367
v 44.492 -72.6 42.372
v 44.492 -73.4 42.372
v 44.484 -73.462 42.367
v 44.46 -73.518 42.351
v 44.423 -73.562 42.327
v 44.376 -73.59 42.297
v 44.505 -72.41 42.098
v 44.551 -72.438 42.129
v 44.588 -72.482 42.153
v 44.612 -72.538 42.169
v 44.62 -73.4 42.174
v 44.612 -73.462 42.169
v 44.588 -73.518 42.153
v 44.551 -73.562 42.129
v 44.505 -73.59 42.098
v 44.632 -72.41 41.905
v 44.679 -72.438 41.937
v 44.716 -72.482 41.961
v 44.62 -72.6 42.174
v 44.739 -72.538 41.977
v 44.747 -73.4 41.982
v 44.739 -73.462 41.977
v 44.716 -73.518 41.961
v 44.679 -73.562 41.937
v 44.632 -73.59 41.905
v 44.762 -72.41 41.714
v 44.808 -72.438 41.746
v 44.844 -72.482 41.771
v 44.747 -72.6 41.982
v 44.868 -72.538 41.787
v 44.876 -73.4 41.792
v 44.868 -73.462 41.787
v 44.844 -73.518 41.771
v 44.808 -73.562 41.746
v 44.762 -73.59 41.714
v 44.896 -72.41 41.52
v 44.941 -72.438 41.552
v 44.978 -72.482 41.577
v 44.876 -72.6 41.792
v 45.001 -72.538 41.594
v 45.009 -73.4 41.599
v 45.001 -73.462 41.594
v 44.978 -73.518 41.577
v 44.941 -73.562 41.552
v 44.896 -73.59 41.52
v 45.037 -72.41 41.319
v 45.083 -72.438 41.351
v 45.119 -72.482 41.376
v 45.009 -72.6 41.599
v 45.142 -72.538 41.393
v 45.15 -73.4 41.398
v 45.142 -73.462 41.393
v 45.119 -73.518 41.376
v 45.083 -73.562 41.351
v 45.037 -73.59 41.319
v 45.189 -72.41 41.105
v 45.235 -72.438 41.137
v 45.271 -72.482 41.163
v 45.15 -72.6 41.398
v 45.294 -72.538 41.179
v 45.302 -73.4 41.185
v 45.294 -73.462 41.179
v 45.271 -73.518 41.163
v 45.235 -73.562 41.137
v 45.189 -73.59 41.105
v 45.355 -72.41 40.874
v 45.4 -72.438 40.907
v 45.436 -72.482 40.933
v 45.302 -72.6 41.185
v 45.459 -72.538 40.949
v 45.467 -73.4 40.955
v 45.459 -73.462 40.949
v 45.436 -73.518 40.933
v 45.4 -73.562 40.907
v 45.355 -73.59 40.874
v 45.536 -72.41 40.622
v 45.581 -72.438 40.655
v 45.617 -72.482 40.681
v 45.467 -72.6 40.955
v 45.64 -72.538 40.697
v 45.648 -73.4 40.703
v 45.64 -73.462 40.697
v 45.617 -73.518 40.681
v 45.581 -73.562 40.655
v 45.536 -73.59 40.622
v 45.737 -72.41 40.344
v 45.782 -72.438 40.377
v 45.818 -72.482 40.403
v 45.648 -72.6 40.703
v 45.841 -72.538 40.42
v 45.849 -73.4 40.425
v 45.841 -73.462 40.42
v 45.818 -73.518 40.403
v 45.782 -73.562 40.377
v 45.737 -73.59 40.344
v 46.031 -72.41 39.938
v 46.14 -72.438 39.882
v 46.227 -72.482 39.838
v 45.849 -72.6 40.425
v 46.282 -72.538 39.81
v 46.302 -73.4 39.8
v 46.282 -73.462 39.81
v 46.227 -73.518 39.838
v 46.14 -73.562 39.882
v 46.031 -73.59 39.938
v 43.536 -72.41 39.938
v 43.506 -72.438 39.882
v 43.482 -72.482 39.838
v 43.466 -72.538 39.81
v 43.461 -72.6 39.8
v 46.302 -72.6 39.8
v 43.461 -73.4 39.8
v 43.466 -73.462 39.81
v 43.482 -73.518 39.838
v 43.506 -73.562 39.882
v 43.536 -73.59 39.938
v 41.718 -72.41 42.766
v 41.672 -72.438 42.736
v 41.634 -72.482 42.712
v 41.611 -72.538 42.696
v 41.603 -72.6 42.691
v 41.603 -73.4 42.691
v 41.611 -73.462 42.696
v 41.634 -73.518 42.712
v 41.672 -73.562 42.736
v 41.718 -73.59 42.766
v 41.289 -72.41 43.415
v 41.243 -72.438 43.383
v 41.206 -72.482 43.358
v 41.183 -72.538 43.342
v 41.175 -72.6 43.336
v 41.175 -73.4 43.336
v 41.183 -73.462 43.342
v 41.206 -73.518 43.358
v 41.243 -73.562 43.383
v 41.289 -73.59 43.415
v 40.897 -72.41 43.966
v 40.852 -72.438 43.933
v 40.816 -72.482 43.907
v 40.794 -72.538 43.89
v 40.786 -72.6 43.884
v 40.786 -73.4 43.884
v 40.794 -73.462 43.89
v 40.816 -73.518 43.907
v 40.852 -73.562 43.933
v 40.897 -73.59 43.966
v 40.538 -72.41 44.43
v 40.495 -72.438 44.394
v 40.46 -72.482 44.366
v 40.438 -72.538 44.348
v 40.431 -72.6 44.342
v 40.431 -73.4 44.342
v 40.438 -73.462 44.348
v 40.46 -73.518 44.366
v 40.495 -73.562 44.394
v 40.538 -73.59 44.43
v 40.208 -72.41 44.811
v 40.167 -72.438 44.774
v 40.135 -72.482 44.744
v 40.114 -72.538 44.724
v 40.107 -72.6 44.718
v 40.107 -73.4 44.718
v 40.114 -73.462 44.724
v 40.135 -73.518 44.744
v 40.167 -73.562 44.774
v 40.208 -73.59 44.811
v 39.904 -72.41 45.119
v 39.866 -72.438 45.079
v 39.836 -72.482 45.046
v 39.817 -72.538 45.025
v 39.81 -72.6 45.018
v 39.81 -73.4 45.018
v 39.817 -73.462 45.025
v 39.836 -73.518 45.046
v 39.866 -73.562 45.079
v 39.904 -73.59 45.119
v 39.622 -72.41 45.361
v 39.588 -72.438 45.317
v 39.561 -72.482 45.282
v 39.544 -72.538 45.259
v 39.538 -72.6 45.251
v 39.538 -73.4 45.251
v 39.544 -73.462 45.259
v 39.561 -73.518 45.282
v 39.588 -73.562 45.317
v 39.622 -73.59 45.361
v 39.358 -72.41 45.544
v 39.329 -72.438 45.496
v 39.306 -72.482 45.459
v 39.291 -72.538 45.434
v 39.286 -72.6 45.426
v 39.286 -73.4 45.426
v 39.291 -73.462 45.434
v 39.306 -73.518 45.459
v 39.329 -73.562 45.496
v 39.358 -73.59 45.544
v 39.108 -72.41 45.677
v 39.085 -72.438 45.626
v 39.066 -72.482 45.585
v 39.055 -72.538 45.559
v 39.051 -72.6 45.551
v 39.051 -73.4 45.551
v 39.055 -73.462 45.559
v 39.066 -73.518 45.585
v 39.085 -73.562 45.626
v 39.108 -73.59 45.677
v 38.866 -72.41 45.767
v 38.85 -72.438 45.714
v 38.837 -72.482 45.671
v 38.829 -72.538 45.644
v 38.826 -73.4 45.634
v 38.829 -73.462 45.644
v 38.837 -73.518 45.671
v 38.85 -73.562 45.714
v 38.866 -73.59 45.767
v 38.63 -72.41 45.822
v 38.62 -72.438 45.767
v 38.612 -72.482 45.724
v 38.826 -72.6 45.634
v 38.607 -72.538 45.696
v 38.606 -73.4 45.686
v 38.607 -73.462 45.696
v 38.612 -73.518 45.724
v 38.62 -73.562 45.767
v 38.63 -73.59 45.822
v 38.392 -72.41 45.85
v 38.388 -72.438 45.795
v 38.385 -72.482 45.751
v 38.606 -72.6 45.686
v 38.383 -72.538 45.722
v 38.382 -73.4 45.712
v 38.383 -73.462 45.722
v 38.385 -73.518 45.751
v 38.388 -73.562 45.795
v 38.392 -73.59 45.85
v 38.149 -72.41 45.858
v 38.148 -72.438 45.802
v 38.147 -72.482 45.758
v 38.382 -72.6 45.712
v 38.147 -72.538 45.73
v 38.147 -73.4 45.72
v 38.147 -73.462 45.73
v 38.147 -73.518 45.758
v 38.148 -73.562 45.802
v 38.149 -73.59 45.858
v 37.392 -72.41 45.858
v 37.448 -72.438 45.802
v 37.492 -72.482 45.758
v 37.52 -72.538 45.73
v 37.53 -72.6 45.72
v 38.147 -72.6 45.72
v 37.53 -73.4 45.72
v 37.52 -73.462 45.73
v 37.492 -73.518 45.758
v 37.448 -73.562 45.802
v 37.392 -73.59 45.858
v 37.392 -72.41 39.938
v 37.448 -72.438 39.882
v 37.492 -72.482 39.838
v 37.52 -72.538 39.81
v 37.53 -73.4 39.8
v 37.52 -73.462 39.81
v 37.492 -73.518 39.838
v 37.448 -73.562 39.882
v 37.392 -73.59 39.938
v 35.308 -72.41 39.938
v 35.252 -72.438 39.882
v 35.208 -72.482 39.838
v 35.18 -72.538 39.81
v 35.17 -72.6 39.8
v 37.53 -72.6 39.8
v 35.17 -73.4 39.8
v 35.18 -73.462 39.81
v 35.208 -73.518 39.838
v 35.252 -73.562 39.882
v 35.308 -73.59 39.938
v 35.308 -72.41 53.702
v 35.252 -72.438 53.758
v 35.208 -72.482 53.802
v 35.18 -72.538 53.83
v 35.17 -73.4 53.84
v 35.18 -73.462 53.83
v 35.208 -73.518 53.802
v 35.252 -73.562 53.758
v 35.308 -73.59 53.702
v 38.811 -72.41 53.702
v 38.813 -72.438 53.758
v 38.814 -72.482 53.802
v 38.814 -72.538 53.83
v 38.815 -72.6 53.84
v 35.17 -72.6 53.84
v 38.815 -73.4 53.84
v 38.814 -73.462 53.83
v 38.814 -73.518 53.802
v 38.813 -73.562 53.758
v 38.811 -73.59 53.702
v 39.078 -72.41 47.764
v 38.589 -72.41 47.742
v 39.073 -72.438 47.819
v 38.587 -72.438 47.798
v 39.069 -72.482 47.863
v 38.586 -72.482 47.842
v 39.066 -72.538 47.892
v 38.586 -72.538 47.87
v 39.065 -72.6 47.901
v 38.586 -72.6 47.88
v 39.065 -73.4 47.901
v 38.586 -73.4 47.88
v 38.586 -73.462 47.87
v 38.586 -73.518 47.842
v 39.066 -73.462 47.892
v 38.587 -73.562 47.798
v 39.069 -73.518 47.863
v 38.589 -73.59 47.742
v 39.073 -73.562 47.819
v 39.078 -73.59 47.764
v 39.507 -72.41 47.826
v 39.495 -72.438 47.881
v 39.486 -72.482 47.924
v 39.481 -72.538 47.952
v 39.479 -72.6 47.962
v 39.479 -73.4 47.962
v 39.481 -73.462 47.952
v 39.486 -73.518 47.924
v 39.495 -73.562 47.881
v 39.507 -73.59 47.826
v 39.878 -72.41 47.925
v 39.859 -72.438 47.978
v 39.845 -72.482 48.02
v 39.836 -72.538 48.047
v 39.833 -72.6 48.056
v 39.833 -73.4 48.056
v 39.836 -73.462 48.047
v 39.845 -73.518 48.02
v 39.859 -73.562 47.978
v 39.878 -73.59 47.925
v 40.195 -72.41 48.057
v 40.169 -72.438 48.107
v 40.149 -72.482 48.147
v 40.136 -72.538 48.172
v 40.132 -72.6 48.181
v 40.132 -73.4 48.181
v 40.136 -73.462 48.172
v 40.149 -73.518 48.147
v 40.169 -73.562 48.107
v 40.195 -73.59 48.057
v 40.461 -72.41 48.219
v 40.428 -72.438 48.264
v 40.402 -72.482 48.3
v 40.386 -72.538 48.323
v 40.38 -72.6 48.331
v 40.38 -73.4 48.331
v 40.386 -73.462 48.323
v 40.402 -73.518 48.3
v 40.428 -73.562 48.264
v 40.461 -73.59 48.219
v 40.681 -72.41 48.406
v 40.641 -72.438 48.446
v 40.61 -72.482 48.477
v 40.59 -72.538 48.497
v 40.583 -72.6 48.504
v 40.583 -73.4 48.504
v 40.59 -73.462 48.497
v 40.61 -73.518 48.477
v 40.641 -73.562 48.446
v 40.681 -73.59 48.406
v 40.858 -72.41 48.616
v 40.812 -72.438 48.649
v 40.776 -72.482 48.674
v 40.753 -72.538 48.691
v 40.745 -73.4 48.697
v 40.753 -73.462 48.691
v 40.776 -73.518 48.674
v 40.812 -73.562 48.649
v 40.858 -73.59 48.616
v 40.995 -72.41 48.846
v 40.945 -72.438 48.871
v 40.906 -72.482 48.89
v 40.745 -72.6 48.697
v 40.88 -72.538 48.903
v 40.871 -72.6 48.908
v 40.88 -73.462 48.903
v 40.906 -73.518 48.89
v 40.945 -73.562 48.871
v 40.995 -73.59 48.846
v 41.096 -72.41 49.092
v 41.043 -72.438 49.109
v 41.001 -72.482 49.123
v 40.974 -72.538 49.132
v 40.965 -73.4 49.135
v 40.871 -73.4 48.908
v 40.974 -73.462 49.132
v 41.001 -73.518 49.123
v 41.043 -73.562 49.109
v 41.096 -73.59 49.092
v 41.164 -72.41 49.352
v 41.109 -72.438 49.362
v 41.065 -72.482 49.371
v 40.965 -72.6 49.135
v 41.037 -72.538 49.376
v 41.028 -73.4 49.378
v 41.037 -73.462 49.376
v 41.065 -73.518 49.371
v 41.109 -73.562 49.362
v 41.164 -73.59 49.352
v 41.2 -72.41 49.622
v 41.144 -72.438 49.626
v 41.1 -72.482 49.63
v 41.028 -72.6 49.378
v 41.072 -72.538 49.632
v 41.062 -73.4 49.633
v 41.072 -73.462 49.632
v 41.1 -73.518 49.63
v 41.144 -73.562 49.626
v 41.2 -73.59 49.622
v 41.208 -72.41 49.899
v 41.152 -72.438 49.898
v 41.108 -72.482 49.897
v 41.062 -72.6 49.633
v 41.08 -72.538 49.896
v 41.07 -73.4 49.896
v 41.08 -73.462 49.896
v 41.108 -73.518 49.897
v 41.152 -73.562 49.898
v 41.208 -73.59 49.899
v 41.188 -72.41 50.202
v 41.133 -72.438 50.195
v 41.089 -72.482 50.189
v 41.06 -72.538 50.186
v 41.051 -72.6 50.185
v 41.07 -72.6 49.896
v 41.051 -73.4 50.185
v 41.06 -73.462 50.186
v 41.089 -73.518 50.189
v 41.133 -73.562 50.195
v 41.188 -73.59 50.202
v 41.136 -72.41 50.482
v 41.082 -72.438 50.468
v 41.039 -72.482 50.457
v 41.012 -72.538 50.45
v 41.002 -72.6 50.448
v 41.002 -73.4 50.448
v 41.012 -73.462 50.45
v 41.039 -73.518 50.457
v 41.082 -73.562 50.468
v 41.136 -73.59 50.482
v 41.053 -72.41 50.738
v 41.001 -72.438 50.717
v 40.96 -72.482 50.7
v 40.934 -72.538 50.689
v 40.925 -72.6 50.685
v 40.925 -73.4 50.685
v 40.934 -73.462 50.689
v 40.96 -73.518 50.7
v 41.001 -73.562 50.717
v 41.053 -73.59 50.738
v 40.936 -72.41 50.971
v 40.888 -72.438 50.941
v 40.85 -72.482 50.918
v 40.826 -72.538 50.903
v 40.817 -72.6 50.898
v 40.817 -73.4 50.898
v 40.826 -73.462 50.903
v 40.85 -73.518 50.918
v 40.888 -73.562 50.941
v 40.936 -73.59 50.971
v 40.784 -72.41 51.179
v 40.742 -72.438 51.142
v 40.708 -72.482 51.113
v 40.686 -72.538 51.094
v 40.679 -72.6 51.088
v 40.679 -73.4 51.088
v 40.686 -73.462 51.094
v 40.708 -73.518 51.113
v 40.742 -73.562 51.142
v 40.784 -73.59 51.179
v 40.595 -72.41 51.362
v 40.56 -72.438 51.319
v 40.532 -72.482 51.285
v 40.513 -72.538 51.263
v 40.507 -73.4 51.255
v 40.513 -73.462 51.263
v 40.532 -73.518 51.285
v 40.56 -73.562 51.319
v 40.595 -73.59 51.362
v 40.369 -72.41 51.521
v 40.34 -72.438 51.473
v 40.318 -72.482 51.434
v 40.507 -72.6 51.255
v 40.303 -72.538 51.41
v 40.298 -73.4 51.401
v 40.303 -73.462 51.41
v 40.318 -73.518 51.434
v 40.34 -73.562 51.473
v 40.369 -73.59 51.521
v 40.101 -72.41 51.653
v 40.08 -72.438 51.602
v 40.063 -72.482 51.561
v 40.298 -72.6 51.401
v 40.052 -72.538 51.534
v 40.048 -73.4 51.525
v 40.052 -73.462 51.534
v 40.063 -73.518 51.561
v 40.08 -73.562 51.602
v 40.101 -73.59 51.653
v 39.791 -72.41 51.758
v 39.776 -72.438 51.705
v 39.764 -72.482 51.662
v 40.048 -72.6 51.525
v 39.757 -72.538 51.635
v 39.754 -73.4 51.625
v 39.757 -73.462 51.635
v 39.764 -73.518 51.662
v 39.776 -73.562 51.705
v 39.791 -73.59 51.758
v 39.437 -72.41 51.835
v 39.428 -72.438 51.78
v 39.42 -72.482 51.737
v 39.754 -72.6 51.625
v 39.416 -72.538 51.708
v 39.414 -73.4 51.699
v 39.416 -73.462 51.708
v 39.42 -73.518 51.737
v 39.428 -73.562 51.78
v 39.437 -73.59 51.835
v 39.037 -72.41 51.882
v 39.033 -72.438 51.827
v 39.029 -72.482 51.782
v 39.414 -72.6 51.699
v 39.027 -72.538 51.754
v 39.026 -73.4 51.744
v 39.027 -73.462 51.754
v 39.029 -73.518 51.782
v 39.033 -73.562 51.827
v 39.037 -73.59 51.882
v 38.589 -72.41 51.898
v 38.588 -72.438 51.842
v 38.587 -72.482 51.798
v 39.026 -72.6 51.744
v 38.587 -72.538 51.77
v 38.586 -73.4 51.76
v 38.587 -73.462 51.77
v 38.587 -73.518 51.798
v 38.588 -73.562 51.842
v 38.589 -73.59 51.898
v 37.392 -72.41 51.898
v 37.448 -72.438 51.842
v 37.492 -72.482 51.798
v 37.52 -72.538 51.77
v 37.53 -72.6 51.76
v 38.586 -72.6 51.76
v 37.53 -73.4 51.76
v 37.52 -73.462 51.77
v 37.492 -73.518 51.798
v 37.448 -73.562 51.842
v 37.392 -73.59 51.898
v 37.448 -72.438 47.798
v 37.492 -72.482 47.842
v 37.52 -72.538 47.87
v 37.53 -73.4 47.88
v 37.52 -73.462 47.87
v 37.492 -73.518 47.842
v 37.392 -73.59 47.742
v 37.392 -72.41 47.742
v 37.53 -72.6 47.88
v 37.448 -73.562 47.798
v 52.992 -72.41 51.818
v 53.048 -72.438 51.762
v 52.992 -72.41 39.938
v 53.092 -72.482 51.718
v 53.048 -72.438 39.882
v 53.12 -72.538 51.69
v 53.092 -72.482 39.838
v 53.13 -72.6 51.68
v 53.12 -72.538 39.81
v 53.13 -73.4 39.8
v 53.13 -73.4 51.68
v 53.12 -73.462 39.81
v 53.12 -73.462 51.69
v 53.092 -73.518 39.838
v 53.092 -73.518 51.718
v 53.048 -73.562 39.882
v 53.048 -73.562 51.762
v 52.992 -73.59 39.938
v 52.992 -73.59 51.818
v 50.908 -72.41 39.938
v 50.852 -72.438 39.882
v 50.808 -72.482 39.838
v 50.78 -72.538 39.81
v 50.77 -72.6 39.8
v 53.13 -72.6 39.8
v 50.77 -73.4 39.8
v 50.78 -73.462 39.81
v 50.808 -73.518 39.838
v 50.852 -73.562 39.882
v 50.908 -73.59 39.938
v 50.908 -72.41 51.818
v 50.852 -72.438 51.762
v 50.808 -72.482 51.718
v 50.78 -72.538 51.69
v 50.77 -72.6 51.68
v 50.77 -73.4 51.68
v 50.78 -73.462 51.69
v 50.808 -73.518 51.718
v 50.852 -73.562 51.762
v 50.908 -73.59 51.818
v 46.188 -72.41 51.818
v 46.132 -72.438 51.762
v 46.088 -72.482 51.718
v 46.06 -72.538 51.69
v 46.05 -73.4 51.68
v 46.06 -73.462 51.69
v 46.088 -73.518 51.718
v 46.132 -73.562 51.762
v 46.188 -73.59 51.818
v 46.188 -72.41 53.702
v 46.132 -72.438 53.758
v 46.088 -72.482 53.802
v 46.06 -72.538 53.83
v 46.05 -72.6 51.68
v 46.05 -73.4 53.84
v 46.06 -73.462 53.83
v 46.088 -73.518 53.802
v 46.132 -73.562 53.758
v 46.188 -73.59 53.702
v 57.712 -72.41 53.702
v 57.768 -72.438 53.758
v 57.812 -72.482 53.802
v 57.84 -72.538 53.83
v 57.85 -72.6 53.84
v 46.05 -72.6 53.84
v 57.85 -73.4 53.84
v 57.812 -73.518 53.802
v 57.768 -73.562 53.758
v 57.712 -73.59 53.702
v 57.712 -72.41 51.818
v 57.768 -72.438 51.762
v 57.812 -72.482 51.718
v 57.84 -72.538 51.69
v 57.85 -72.6 51.68
v 57.85 -73.4 51.68
v 57.84 -73.462 53.83
v 57.812 -73.518 51.718
v 57.768 -73.562 51.762
v 57.712 -73.59 51.818
v 57.84 -73.462 51.69
v -105.5 -71.5 65.5
v -108.098 -74.098 67.402
v -108.682 -71.5 66.818
v -105.5 -76 70
v -105.5 -74.682 66.818
v -110 -71.5 70
v -108.682 -74.682 70
v -105.5 -76 84
v -108.098 -74.098 86.598
v -108.682 -74.682 84
v -105.5 -71.5 88.5
v -105.5 -74.682 87.182
v -110 -71.5 84
v -108.682 -71.5 87.182
v -105.5 -64.5 65.5
v -108.098 -61.902 67.402
v -105.5 -61.318 66.818
v -110 -64.5 70
v -108.682 -64.5 66.818
v -105.5 -60 70
v -108.682 -61.318 70
v -105.5 -64.5 88.5
v -108.098 -61.902 86.598
v -108.682 -64.5 87.182
v -105.5 -60 84
v -105.5 -61.318 87.182
v -110 -64.5 84
v -108.682 -61.318 84
v -98.5 -71.5 65.5
v -95.902 -74.098 67.402
v -98.5 -74.682 66.818
v -94 -71.5 70
v -95.318 -71.5 66.818
v -98.5 -76 70
v -95.318 -74.682 70
v -98.5 -71.5 88.5
v -95.902 -74.098 86.598
v -95.318 -71.5 87.182
v -98.5 -76 84
v -98.5 -74.682 87.182
v -94 -71.5 84
v -95.318 -74.682 84
v -98.5 -64.5 65.5
v -95.902 -61.902 67.402
v -95.318 -64.5 66.818
v -98.5 -60 70
v -98.5 -61.318 66.818
v -94 -64.5 70
v -95.318 -61.318 70
v -98.5 -64.5 88.5
v -95.902 -61.902 86.598
v -98.5 -61.318 87.182
v -94 -64.5 84
v -95.318 -64.5 87.182
v -98.5 -60 84
v -95.318 -61.318 84
v 98.5 -71.5 65.5
v 95.902 -74.098 67.402
v 95.318 -71.5 66.818
v 98.5 -76 70
v 98.5 -74.682 66.818
v 94 -71.5 70
v 95.318 -74.682 70
v 98.5 -76 84
v 95.902 -74.098 86.598
v 95.318 -74.682 84
v 98.5 -71.5 88.5
v 98.5 -74.682 87.182
v 94 -71.5 84
v 95.318 -71.5 87.182
v 98.5 -64.5 65.5
v 95.902 -61.902 67.402
v 98.5 -61.318 66.818
v 94 -64.5 70
v 95.318 -64.5 66.818
v 98.5 -60 70
v 95.318 -61.318 70
v 98.5 -64.5 88.5
v 95.902 -61.902 86.598
v 95.318 -64.5 87.182
v 98.5 -60 84
v 98.5 -61.318 87.182
v 94 -64.5 84
v 95.318 -61.318 84
v 105.5 -71.5 65.5
v 108.098 -74.098 67.402
v 105.5 -74.682 66.818
v 110 -71.5 70
v 108.682 -71.5 66.818
v 105.5 -76 70
v 108.682 -74.682 70
v 105.5 -71.5 88.5
v 108.098 -74.098 86.598
v 108.682 -71.5 87.182
v 105.5 -76 84
v 105.5 -74.682 87.182
v 110 -71.5 84
v 108.682 -74.682 84
v 105.5 -64.5 65.5
v 108.098 -61.902 67.402
v 108.682 -64.5 66.818
v 105.5 -60 70
v 105.5 -61.318 66.818
v 110 -64.5 70
v 108.682 -61.318 70
v 105.5 -64.5 88.5
v 108.098 -61.902 86.598
v 105.5 -61.318 87.182
v 110 -64.5 84
v 108.682 -64.5 87.182
v 105.5 -60 84
v 108.682 -61.318 84
vt 0.04866 0.91817
vt 0.05214 0.9326
vt 0.04327 0.92356
vt 0.12478 0.9221
vt 0.13365 0.93114
vt 0.12826 0.93653
vt 0.92882 0.57261
vt 0.92534 0.58704
vt 0.91995 0.58164
vt 0.92923 0.92925
vt 0.92544 0.93989
vt 0.9148 0.9361
vt 0.57503 0.94553
vt 0.58946 0.95239
vt 0.57882 0.95618
vt 0.92898 0.60882
vt 0.93438 0.61421
vt 0.92551 0.62325
vt 0.57505 0.64068
vt 0.58059 0.58692
vt 0.58059 0.64068
vt 0.57504 0.58692
vt 0.30166 0.48567
vt 0.27776 0.53906
vt 0.27708 0.48577
vt 0.30062 0.53939
vt 0.45504 0.89122
vt 0.44949 0.83789
vt 0.45504 0.83789
vt 0.44949 0.89122
vt 0.41585 0.59246
vt 0.39368 0.53947
vt 0.41654 0.53915
vt 0.39126 0.59236
vt 0.45504 0.77666
vt 0.44949 0.64775
vt 0.45504 0.64775
vt 0.44949 0.77666
vt 0.41486 0.47788
vt 0.38948 0.34811
vt 0.41522 0.34898
vt 0.39266 0.48112
vt 0.57503 0.44923
vt 0.58059 0.43584
vt 0.58058 0.44923
vt 0.57505 0.43584
vt 0.30068 0.33465
vt 0.27908 0.34896
vt 0.27927 0.33557
vt 0.30481 0.34809
vt 0.27944 0.47782
vt 0.30163 0.48106
vt 0.57504 0.58231
vt 0.58059 0.58231
vt 0.44949 0.78457
vt 0.45504 0.78457
vt 0.39263 0.48574
vt 0.41722 0.48584
vt 0.39361 0.33466
vt 0.41502 0.33559
vt 0.44949 0.63436
vt 0.45504 0.63436
vt 0.27937 0.32885
vt 0.30396 0.32875
vt 0.57504 0.4299
vt 0.58059 0.42993
vt 0.58059 0.36309
vt 0.57504 0.36309
vt 0.44949 0.62764
vt 0.45504 0.62764
vt 0.30166 0.26194
vt 0.27708 0.26204
vt 0.41492 0.32887
vt 0.39214 0.32877
vt 0.39263 0.26193
vt 0.41722 0.26203
vt 0.27844 0.59235
vt 0.30303 0.59225
vt 0.45504 0.56076
vt 0.44949 0.56076
vt 0.95925 0.288
vt 0.95371 0.31259
vt 0.95371 0.288
vt 0.95925 0.31259
vt 0.58058 0.69353
vt 0.57504 0.69353
vt 0.95655 0.95005
vt 0.95101 0.92546
vt 0.95655 0.92546
vt 0.95101 0.95005
vt 0.34331 0.66707
vt 0.33853 0.72078
vt 0.33852 0.66709
vt 0.34331 0.72078
vt 0.55456 0.11758
vt 0.55561 0.06386
vt 0.57991 0.06418
vt 0.58059 0.11747
vt 0.27708 0.61414
vt 0.28186 0.66744
vt 0.27708 0.66744
vt 0.28186 0.61414
vt 0.47273 0.06387
vt 0.45086 0.01089
vt 0.47689 0.011
vt 0.45017 0.0642
vt 0.27708 0.85765
vt 0.28186 0.72874
vt 0.28186 0.85765
vt 0.27708 0.72874
vt 0.47867 0.25524
vt 0.45185 0.12547
vt 0.47549 0.12223
vt 0.45149 0.25437
vt 0.34331 0.87188
vt 0.33853 0.85835
vt 0.34331 0.85835
vt 0.33853 0.87188
vt 0.55554 0.26861
vt 0.55141 0.25516
vt 0.57859 0.25428
vt 0.57839 0.26767
vt 0.55459 0.12219
vt 0.57823 0.12543
vt 0.34331 0.7254
vt 0.33853 0.7254
vt 0.27708 0.72075
vt 0.28186 0.72075
vt 0.44949 0.11751
vt 0.47552 0.11762
vt 0.47454 0.26869
vt 0.45169 0.26776
vt 0.28186 0.87105
vt 0.27708 0.87105
vt 0.57829 0.27439
vt 0.55226 0.2745
vt 0.33853 0.87771
vt 0.34331 0.87771
vt 0.34331 0.94459
vt 0.33853 0.94459
vt 0.28186 0.87777
vt 0.27708 0.87777
vt 0.55456 0.34131
vt 0.58059 0.3412
vt 0.45179 0.27448
vt 0.47782 0.27459
vt 0.47552 0.34142
vt 0.44949 0.34131
vt 0.55319 0.011
vt 0.57922 0.01089
vt 0.28186 0.94458
vt 0.27708 0.94458
vt 0.88852 0.93647
vt 0.88374 0.91044
vt 0.88852 0.91044
vt 0.88374 0.93647
vt 0.33853 0.61413
vt 0.34331 0.61413
vt 0.01567 0.91817
vt 0.01089 0.9442
vt 0.01089 0.91817
vt 0.01567 0.9442
vt 0.5125 0.61368
vt 0.50696 0.6674
vt 0.50696 0.61368
vt 0.5125 0.6674
vt 0.12237 0.39459
vt 0.12342 0.34087
vt 0.14628 0.34119
vt 0.14696 0.39448
vt 0.53429 0.56075
vt 0.53984 0.61406
vt 0.53429 0.61406
vt 0.53984 0.56075
vt 0.2511 0.31493
vt 0.22893 0.26194
vt 0.25351 0.26204
vt 0.22824 0.31525
vt 0.53429 0.67535
vt 0.53984 0.80426
vt 0.53429 0.80426
vt 0.53984 0.67535
vt 0.25529 0.50629
vt 0.22992 0.37652
vt 0.25211 0.37328
vt 0.22956 0.50542
vt 0.51251 0.80496
vt 0.50696 0.8185
vt 0.50696 0.80496
vt 0.5125 0.8185
vt 0.12335 0.54561
vt 0.11922 0.53216
vt 0.14496 0.53129
vt 0.14476 0.54468
vt 0.1224 0.3992
vt 0.1446 0.40244
vt 0.5125 0.67202
vt 0.50696 0.67202
vt 0.53429 0.66736
vt 0.53983 0.66736
vt 0.22756 0.36856
vt 0.25215 0.36866
vt 0.25117 0.51974
vt 0.22976 0.51881
vt 0.53984 0.81766
vt 0.53429 0.81766
vt 0.14466 0.5514
vt 0.12008 0.55151
vt 0.51251 0.82433
vt 0.50696 0.82436
vt 0.50696 0.89121
vt 0.5125 0.89121
vt 0.53984 0.82439
vt 0.53429 0.82439
vt 0.12237 0.61831
vt 0.14696 0.61821
vt 0.22986 0.52553
vt 0.25264 0.52563
vt 0.25215 0.59247
vt 0.22756 0.59237
vt 0.121 0.288
vt 0.14559 0.2879
vt 0.53429 0.89119
vt 0.53983 0.89119
vt 0.95747 0.87909
vt 0.95193 0.90368
vt 0.95193 0.87909
vt 0.95747 0.90368
vt 0.50696 0.56075
vt 0.5125 0.56075
vt 0.95925 0.40292
vt 0.95371 0.37834
vt 0.95925 0.37834
vt 0.95371 0.40292
vt 0.47683 0.83835
vt 0.48161 0.78459
vt 0.48161 0.83838
vt 0.47683 0.78459
vt 0.36455 0.48566
vt 0.33921 0.53906
vt 0.33852 0.48577
vt 0.36351 0.53938
vt 0.30842 0.9446
vt 0.30364 0.89127
vt 0.30843 0.89127
vt 0.30364 0.9446
vt 0.52826 0.34142
vt 0.50639 0.28844
vt 0.52894 0.28811
vt 0.50223 0.34131
vt 0.30842 0.70113
vt 0.30364 0.83004
vt 0.30364 0.70113
vt 0.30842 0.83004
vt 0.52727 0.22685
vt 0.50045 0.09707
vt 0.52763 0.09795
vt 0.50363 0.23008
vt 0.47683 0.63351
vt 0.4816 0.6469
vt 0.47682 0.6469
vt 0.48161 0.63351
vt 0.36357 0.33464
vt 0.34053 0.34896
vt 0.34072 0.33557
vt 0.3677 0.34808
vt 0.34089 0.47781
vt 0.36452 0.48105
vt 0.47683 0.77997
vt 0.48161 0.77997
vt 0.30843 0.83795
vt 0.30365 0.83795
vt 0.5036 0.2347
vt 0.52963 0.2348
vt 0.50458 0.08362
vt 0.52743 0.08455
vt 0.30364 0.68774
vt 0.30842 0.68774
vt 0.34082 0.32885
vt 0.36685 0.32874
vt 0.4816 0.62756
vt 0.47682 0.62756
vt 0.47683 0.56076
vt 0.48161 0.56076
vt 0.30364 0.68102
vt 0.30842 0.68102
vt 0.36455 0.26193
vt 0.33852 0.26204
vt 0.52733 0.07783
vt 0.5013 0.07772
vt 0.5036 0.01089
vt 0.52963 0.011
vt 0.33989 0.59235
vt 0.36592 0.59224
vt 0.30365 0.61414
vt 0.30843 0.61414
vt 0.95535 0.25959
vt 0.95058 0.23356
vt 0.95535 0.23356
vt 0.95058 0.25959
vt 0.4816 0.8912
vt 0.47682 0.8912
vt 0.82251 0.91704
vt 0.81773 0.94307
vt 0.81773 0.91704
vt 0.82251 0.94307
vt 0.81324 0.63579
vt 0.82631 0.63994
vt 0.81324 0.63994
vt 0.82767 0.63579
vt 0.7046 0.63586
vt 0.71901 0.64
vt 0.70458 0.64001
vt 0.71903 0.63586
vt 0.22892 0.71523
vt 0.24199 0.73139
vt 0.22756 0.73139
vt 0.24199 0.71523
vt 0.24199 0.71108
vt 0.77703 0.77893
vt 0.79146 0.7951
vt 0.77703 0.79509
vt 0.79146 0.77893
vt 0.81324 0.65609
vt 0.82767 0.65609
vt 0.71903 0.65617
vt 0.7046 0.65617
vt 0.70839 0.53903
vt 0.7046 0.53903
vt 0.71903 0.53903
vt 0.81702 0.53903
vt 0.81324 0.53903
vt 0.82767 0.53903
vt 0.77703 0.77479
vt 0.79146 0.77479
vt 0.78081 0.67795
vt 0.77703 0.67795
vt 0.79146 0.67795
vt 0.23134 0.61425
vt 0.22756 0.71108
vt 0.22756 0.61425
vt 0.24199 0.61425
vt 0.04573 0.28799
vt 0.05879 0.45118
vt 0.04573 0.45118
vt 0.05879 0.28799
vt 0.01089 0.28799
vt 0.02395 0.45119
vt 0.01089 0.45119
vt 0.02395 0.28799
vt 0.09362 0.45112
vt 0.08057 0.28799
vt 0.09362 0.28799
vt 0.08057 0.45112
vt 0.16874 0.45111
vt 0.1818 0.2879
vt 0.1818 0.45111
vt 0.16874 0.2879
vt 0.85913 0.96141
vt 0.84608 0.94835
vt 0.85913 0.94835
vt 0.84608 0.96141
vt 0.63721 0.34676
vt 0.65027 0.5038
vt 0.63721 0.5038
vt 0.65027 0.34676
vt 0.63721 0.01089
vt 0.65027 0.16794
vt 0.63721 0.16794
vt 0.65027 0.01089
vt 0.61543 0.50376
vt 0.60237 0.34678
vt 0.61543 0.34678
vt 0.60237 0.50376
vt 0.60237 0.16794
vt 0.61543 0.01089
vt 0.61543 0.16794
vt 0.60237 0.01089
vt 0.94396 0.15587
vt 0.95839 0.15587
vt 0.95839 0.17031
vt 0.94396 0.17031
vt 0.38948 0.71522
vt 0.40394 0.71107
vt 0.40391 0.71522
vt 0.38951 0.71108
vt 0.84241 0.12795
vt 0.85548 0.1118
vt 0.85684 0.12795
vt 0.84241 0.1118
vt 0.84241 0.10766
vt 0.85684 0.10766
vt 0.80988 0.38898
vt 0.8243 0.38484
vt 0.8243 0.38898
vt 0.80988 0.40514
vt 0.8243 0.40514
vt 0.18317 0.75323
vt 0.1701 0.73707
vt 0.18317 0.73707
vt 0.16874 0.75323
vt 0.18317 0.73293
vt 0.38951 0.73138
vt 0.40394 0.73138
vt 0.40015 0.61424
vt 0.38951 0.61424
vt 0.16874 0.73293
vt 0.17939 0.63609
vt 0.16874 0.63609
vt 0.80988 0.38484
vt 0.82052 0.288
vt 0.80988 0.288
vt 0.85305 0.01089
vt 0.84241 0.01089
vt 0.04573 0.61437
vt 0.05879 0.61437
vt 0.02395 0.61438
vt 0.01089 0.61438
vt 0.08057 0.61426
vt 0.09362 0.61426
vt 0.1818 0.61431
vt 0.16874 0.61431
vt 0.53429 0.96394
vt 0.54734 0.95088
vt 0.54734 0.96394
vt 0.53429 0.95088
vt 0.63721 0.66084
vt 0.65027 0.66084
vt 0.65027 0.32498
vt 0.63721 0.32498
vt 0.60237 0.66075
vt 0.61543 0.66075
vt 0.61543 0.325
vt 0.60237 0.325
vt 0.94396 0.20652
vt 0.95839 0.19209
vt 0.95839 0.20652
vt 0.94396 0.19209
vt 0.85263 0.19497
vt 0.84417 0.19497
vt 0.84417 0.18809
vt 0.85668 0.18809
vt 0.11922 0.86046
vt 0.13173 0.85605
vt 0.13173 0.86369
vt 0.11922 0.86734
vt 0.89412 0.61181
vt 0.88566 0.61945
vt 0.88566 0.61181
vt 0.89817 0.61945
vt 0.16874 0.81489
vt 0.18129 0.81165
vt 0.18126 0.8193
vt 0.16877 0.808
vt 0.84417 0.26432
vt 0.85668 0.26432
vt 0.11922 0.79111
vt 0.13173 0.77902
vt 0.88566 0.53479
vt 0.89817 0.53479
vt 0.16877 0.88422
vt 0.18129 0.89632
vt 0.74649 0.288
vt 0.73745 0.40514
vt 0.73745 0.288
vt 0.74985 0.67795
vt 0.74081 0.79509
vt 0.74081 0.67795
vt 0.81863 0.67795
vt 0.81324 0.79501
vt 0.81324 0.67795
vt 0.77886 0.01089
vt 0.76999 0.12803
vt 0.76999 0.01089
vt 0.22756 0.95775
vt 0.24198 0.94332
vt 0.24198 0.95775
vt 0.22756 0.94332
vt 0.61165 0.69181
vt 0.60237 0.68253
vt 0.61165 0.68253
vt 0.60237 0.69181
vt 0.96543 0.60882
vt 0.96543 0.61809
vt 0.95616 0.61809
vt 0.95616 0.60882
vt 0.83539 0.50796
vt 0.83539 0.42949
vt 0.84466 0.42949
vt 0.84466 0.50796
vt 0.81324 0.89526
vt 0.81324 0.81679
vt 0.82251 0.81679
vt 0.82251 0.89526
vt 0.7863 0.89534
vt 0.77703 0.81688
vt 0.7863 0.81688
vt 0.77703 0.89534
vt 0.67352 0.78328
vt 0.6828 0.86174
vt 0.67352 0.86174
vt 0.6828 0.78328
vt 0.75376 0.95425
vt 0.75376 0.96681
vt 0.74125 0.96704
vt 0.74125 0.95449
vt 0.402 0.87636
vt 0.38948 0.76526
vt 0.402 0.75316
vt 0.38948 0.87636
vt 0.87862 0.13409
vt 0.87862 0.01089
vt 0.89113 0.01089
vt 0.89113 0.13409
vt 0.8823 0.39911
vt 0.8823 0.288
vt 0.8948 0.288
vt 0.8948 0.4112
vt 0.76999 0.14982
vt 0.7825 0.26092
vt 0.76999 0.26092
vt 0.7825 0.14982
vt 0.12462 0.6401
vt 0.11922 0.75724
vt 0.11922 0.6401
vt 0.13365 0.6401
vt 0.13365 0.75724
vt 0.58407 0.71532
vt 0.57503 0.83238
vt 0.57503 0.71532
vt 0.71014 0.67795
vt 0.70458 0.79509
vt 0.70458 0.67795
vt 0.71901 0.67795
vt 0.71901 0.7951
vt 0.08596 0.63604
vt 0.08057 0.75318
vt 0.08057 0.63604
vt 0.095 0.63604
vt 0.095 0.75318
vt 0.94396 0.01089
vt 0.95838 0.01089
vt 0.95838 0.02532
vt 0.94396 0.02532
vt 0.95519 0.54407
vt 0.96447 0.53479
vt 0.96447 0.54407
vt 0.95519 0.53479
vt 0.85873 0.88866
vt 0.84945 0.82285
vt 0.85873 0.82285
vt 0.84945 0.88866
vt 0.60609 0.91997
vt 0.60609 0.85416
vt 0.61536 0.91997
vt 0.61536 0.85416
vt 0.91291 0.22168
vt 0.92218 0.15587
vt 0.92218 0.22168
vt 0.91291 0.15587
vt 0.89302 0.82285
vt 0.88374 0.88866
vt 0.88374 0.82285
vt 0.89302 0.88866
vt 0.04327 0.95438
vt 0.05578 0.96712
vt 0.04327 0.96692
vt 0.05578 0.95458
vt 0.18129 0.77502
vt 0.16877 0.77502
vt 0.88566 0.65609
vt 0.89817 0.65609
vt 0.11922 0.90032
vt 0.13173 0.90032
vt 0.85668 0.15511
vt 0.84417 0.15511
vt 0.89113 0.18886
vt 0.88266 0.19573
vt 0.87862 0.18886
vt 0.89113 0.19573
vt 0.01089 0.81495
vt 0.0234 0.81172
vt 0.0234 0.81936
vt 0.01089 0.80807
vt 0.04923 0.85211
vt 0.05769 0.85975
vt 0.04519 0.85975
vt 0.09307 0.85962
vt 0.08072 0.85639
vt 0.09323 0.85197
vt 0.08057 0.86328
vt 0.89113 0.26508
vt 0.87862 0.26508
vt 0.01089 0.88429
vt 0.0234 0.89639
vt 0.04519 0.77509
vt 0.05769 0.77509
vt 0.05769 0.85211
vt 0.08057 0.78705
vt 0.09307 0.77496
vt 0.01993 0.63616
vt 0.01089 0.75331
vt 0.01089 0.63616
vt 0.6426 0.68262
vt 0.63721 0.79976
vt 0.63721 0.68262
vt 0.65164 0.68262
vt 0.65164 0.79976
vt 0.78258 0.53903
vt 0.77703 0.65617
vt 0.77703 0.53903
vt 0.79146 0.53903
vt 0.79146 0.65617
vt 0.85484 0.53903
vt 0.84945 0.65609
vt 0.84945 0.53903
vt 0.86388 0.53903
vt 0.86388 0.65609
vt 0.40391 0.95774
vt 0.38948 0.94331
vt 0.40391 0.94331
vt 0.38948 0.95774
vt 0.91995 0.64503
vt 0.92923 0.64503
vt 0.92923 0.65431
vt 0.91995 0.65431
vt 0.95616 0.57261
vt 0.96543 0.58188
vt 0.95616 0.58188
vt 0.96543 0.57261
vt 0.71385 0.89535
vt 0.70458 0.81688
vt 0.71385 0.81688
vt 0.70458 0.89534
vt 0.75009 0.89534
vt 0.74081 0.81687
vt 0.75009 0.81687
vt 0.74081 0.89534
vt 0.67352 0.7615
vt 0.6828 0.68303
vt 0.6828 0.7615
vt 0.67352 0.68303
vt 0.8823 0.51145
vt 0.89157 0.43299
vt 0.89157 0.51145
vt 0.8823 0.43299
vt 0.95371 0.3346
vt 0.96622 0.34692
vt 0.95371 0.34715
vt 0.96622 0.33437
vt 0.88374 0.78898
vt 0.89625 0.67787
vt 0.89625 0.80107
vt 0.88374 0.67787
vt 0.24007 0.87637
vt 0.22756 0.75317
vt 0.24007 0.75317
vt 0.22756 0.87637
vt 0.84945 0.80107
vt 0.84945 0.68996
vt 0.86196 0.80107
vt 0.86196 0.67787
vt 0.80988 0.26622
vt 0.82239 0.15511
vt 0.82239 0.26622
vt 0.80988 0.15511
vt 0.74621 0.53903
vt 0.74081 0.65617
vt 0.74081 0.53903
vt 0.7827 0.288
vt 0.77367 0.40514
vt 0.77367 0.288
vt 0.81507 0.01089
vt 0.8062 0.12803
vt 0.8062 0.01089
vt 0.85512 0.288
vt 0.84608 0.40506
vt 0.84608 0.288
vt 0.94396 0.06153
vt 0.94396 0.0471
vt 0.95838 0.0471
vt 0.95838 0.06153
vt 0.16874 0.9645
vt 0.17802 0.95522
vt 0.17802 0.9645
vt 0.16874 0.95522
vt 0.91335 0.49879
vt 0.91335 0.43299
vt 0.92262 0.43299
vt 0.92262 0.49879
vt 0.91291 0.0767
vt 0.91291 0.01089
vt 0.92218 0.01089
vt 0.92218 0.0767
vt 0.64649 0.88735
vt 0.63721 0.82154
vt 0.64649 0.82154
vt 0.63721 0.88735
vt 0.57503 0.85416
vt 0.58431 0.91997
vt 0.57503 0.91997
vt 0.58431 0.85416
vt 0.78805 0.95445
vt 0.78805 0.967
vt 0.77554 0.96679
vt 0.77554 0.95425
vt 0.09307 0.89626
vt 0.08057 0.89626
vt 0.04519 0.89639
vt 0.05769 0.89639
vt 0.01089 0.77509
vt 0.0234 0.77509
vt 0.87862 0.15587
vt 0.89113 0.15587
vt 0.44949 0.95082
vt 0.46255 0.96387
vt 0.44949 0.96387
vt 0.46255 0.95082
vt 0.49662 0.96396
vt 0.50967 0.9509
vt 0.50967 0.96396
vt 0.49662 0.9509
vt 0.96028 0.65431
vt 0.95101 0.64503
vt 0.96028 0.64503
vt 0.95516 0.69038
vt 0.96767 0.67787
vt 0.96767 0.69039
vt 0.7171 0.96746
vt 0.70458 0.95494
vt 0.7171 0.95495
vt 0.96721 0.77335
vt 0.9547 0.76084
vt 0.96721 0.76084
vt 0.08984 0.96445
vt 0.08057 0.95517
vt 0.08984 0.95517
vt 0.9673 0.72302
vt 0.95479 0.73554
vt 0.95479 0.72302
vt 0.82063 0.12803
vt 0.78442 0.12803
vt 0.75188 0.40514
vt 0.78809 0.40514
vt 0.75525 0.65617
vt 0.75525 0.53903
vt 0.02532 0.75331
vt 0.58947 0.83237
vt 0.75524 0.79509
vt 0.82767 0.79501
vt 0.82767 0.67795
vt 0.86052 0.40506
vt 0.12288 0.01459
vt 0.11989 0.01154
vt 0.12288 0.01089
vt 0.67915 0.01452
vt 0.68213 0.01157
vt 0.6828 0.01454
vt 0.77743 0.51239
vt 0.7804 0.51538
vt 0.77742 0.51605
vt 0.67571 0.01452
vt 0.67272 0.01157
vt 0.6757 0.01089
vt 0.09379 0.01451
vt 0.09677 0.01158
vt 0.09744 0.01454
vt 0.77399 0.51239
vt 0.77099 0.51538
vt 0.77032 0.51239
vt 0.20212 0.01459
vt 0.20511 0.01154
vt 0.20578 0.01454
vt 0.77743 0.43314
vt 0.7804 0.43017
vt 0.78108 0.43315
vt 0.70823 0.01452
vt 0.70525 0.01157
vt 0.70824 0.01089
vt 0.01455 0.01451
vt 0.01156 0.01158
vt 0.01455 0.01089
vt 0.71168 0.01452
vt 0.71467 0.01157
vt 0.71534 0.01454
vt 0.77399 0.43314
vt 0.77099 0.43017
vt 0.77398 0.42949
vt 0.12288 0.26252
vt 0.11989 0.26543
vt 0.11922 0.26247
vt 0.8099 0.43315
vt 0.81296 0.43016
vt 0.81361 0.43315
vt 0.67915 0.26255
vt 0.68213 0.26557
vt 0.67915 0.26623
vt 0.09379 0.26252
vt 0.09677 0.26555
vt 0.09379 0.26621
vt 0.67571 0.26255
vt 0.67272 0.26557
vt 0.67205 0.26258
vt 0.80645 0.43315
vt 0.80355 0.43016
vt 0.80651 0.42949
vt 0.20212 0.26252
vt 0.20511 0.26543
vt 0.20212 0.26612
vt 0.70823 0.26254
vt 0.70525 0.26556
vt 0.70458 0.26257
vt 0.8099 0.5124
vt 0.81296 0.51537
vt 0.80995 0.51605
vt 0.01455 0.26252
vt 0.01156 0.26555
vt 0.01089 0.26255
vt 0.80645 0.5124
vt 0.80355 0.51537
vt 0.80286 0.51239
vt 0.71168 0.26254
vt 0.71467 0.26556
vt 0.71168 0.26622
vt 0.20212 0.01089
vt 0.78108 0.51239
vt 0.67915 0.01089
vt 0.77398 0.51605
vt 0.09379 0.01089
vt 0.77032 0.43315
vt 0.71168 0.01089
vt 0.20578 0.26247
vt 0.70458 0.01454
vt 0.01089 0.01454
vt 0.71534 0.26257
vt 0.80651 0.51605
vt 0.12288 0.26612
vt 0.81361 0.51239
vt 0.01455 0.26621
vt 0.80286 0.43315
vt 0.6757 0.26623
vt 0.11922 0.01454
vt 0.6828 0.26258
vt 0.09744 0.26255
vt 0.67205 0.01454
vt 0.74037 0.01418
vt 0.73771 0.01147
vt 0.74037 0.01089
vt 0.3135 0.01412
vt 0.31615 0.0115
vt 0.31674 0.01414
vt 0.05095 0.72209
vt 0.04829 0.72473
vt 0.0477 0.72208
vt 0.23081 0.01412
vt 0.22815 0.0115
vt 0.23081 0.01089
vt 0.71242 0.29122
vt 0.71508 0.28861
vt 0.71567 0.29125
vt 0.05095 0.63941
vt 0.04829 0.63674
vt 0.05094 0.63615
vt 0.74496 0.01418
vt 0.74761 0.01147
vt 0.74821 0.01414
vt 0.05554 0.72209
vt 0.05819 0.72473
vt 0.05554 0.72533
vt 0.34177 0.01412
vt 0.33912 0.0115
vt 0.34177 0.0109
vt 0.70783 0.29122
vt 0.70518 0.28861
vt 0.70783 0.288
vt 0.42446 0.01411
vt 0.42712 0.0115
vt 0.42771 0.01414
vt 0.05554 0.63941
vt 0.05819 0.63674
vt 0.05879 0.6394
vt 0.74037 0.23686
vt 0.73771 0.23944
vt 0.73712 0.23681
vt 0.74529 0.51275
vt 0.74795 0.51547
vt 0.7453 0.51604
vt 0.3135 0.23689
vt 0.31615 0.23958
vt 0.3135 0.24016
vt 0.71242 0.51397
vt 0.71508 0.51666
vt 0.71242 0.51725
vt 0.23081 0.23689
vt 0.22815 0.23957
vt 0.22756 0.23691
vt 0.74529 0.43012
vt 0.74795 0.42754
vt 0.74854 0.43017
vt 0.74496 0.23686
vt 0.74761 0.23944
vt 0.74496 0.24006
vt 0.34177 0.23688
vt 0.33912 0.23957
vt 0.33852 0.2369
vt 0.7407 0.51275
vt 0.73805 0.51547
vt 0.73745 0.5128
vt 0.70783 0.51397
vt 0.70518 0.51666
vt 0.70458 0.514
vt 0.7407 0.43012
vt 0.73805 0.42754
vt 0.7407 0.42692
vt 0.42446 0.23687
vt 0.42712 0.23956
vt 0.42446 0.24015
vt 0.74496 0.01089
vt 0.3135 0.01089
vt 0.0477 0.6394
vt 0.71242 0.288
vt 0.05554 0.63615
vt 0.42446 0.01089
vt 0.05879 0.72208
vt 0.74821 0.23681
vt 0.70458 0.29125
vt 0.73745 0.43017
vt 0.34177 0.24015
vt 0.74037 0.24006
vt 0.70783 0.51725
vt 0.7453 0.42692
vt 0.23081 0.24016
vt 0.74854 0.5128
vt 0.73712 0.01414
vt 0.71567 0.514
vt 0.22756 0.01414
vt 0.67874 0.48967
vt 0.67543 0.48627
vt 0.67874 0.48555
vt 0.48112 0.36724
vt 0.48443 0.36396
vt 0.48518 0.36727
vt 0.67759 0.91516
vt 0.67427 0.91846
vt 0.67352 0.91515
vt 0.45355 0.36724
vt 0.45023 0.36396
vt 0.45355 0.3632
vt 0.67874 0.29204
vt 0.68206 0.28878
vt 0.6828 0.29207
vt 0.67759 0.8876
vt 0.67427 0.88426
vt 0.67758 0.88353
vt 0.68206 0.48627
vt 0.6828 0.48961
vt 0.6809 0.91846
vt 0.67758 0.91921
vt 0.51101 0.36723
vt 0.5077 0.36396
vt 0.51101 0.36321
vt 0.67543 0.28878
vt 0.67874 0.28801
vt 0.53857 0.36723
vt 0.5419 0.36396
vt 0.54264 0.36726
vt 0.6809 0.88426
vt 0.68164 0.88758
vt 0.67874 0.65724
vt 0.67543 0.66048
vt 0.67468 0.65719
vt 0.91886 0.85439
vt 0.92218 0.85779
vt 0.91886 0.85851
vt 0.48112 0.53489
vt 0.48443 0.53824
vt 0.48111 0.53898
vt 0.67874 0.45967
vt 0.68206 0.46304
vt 0.67874 0.46377
vt 0.45355 0.53489
vt 0.45023 0.53824
vt 0.44949 0.53492
vt 0.91886 0.82685
vt 0.92218 0.82363
vt 0.92292 0.82691
vt 0.68206 0.66048
vt 0.67874 0.66125
vt 0.51101 0.53488
vt 0.5077 0.53824
vt 0.50696 0.53491
vt 0.91555 0.85779
vt 0.9148 0.85445
vt 0.67543 0.46304
vt 0.67468 0.45971
vt 0.91555 0.82363
vt 0.91886 0.82285
vt 0.53857 0.53488
vt 0.5419 0.53824
vt 0.53858 0.53897
vt 0.48111 0.36321
vt 0.67352 0.88758
vt 0.53858 0.3632
vt 0.68164 0.91515
vt 0.6828 0.65719
vt 0.67468 0.29207
vt 0.9148 0.82691
vt 0.51101 0.53897
vt 0.45355 0.53898
vt 0.92292 0.85445
vt 0.67468 0.48961
vt 0.6828 0.45971
vt 0.44949 0.36726
vt 0.65049 0.91134
vt 0.6374 0.90932
vt 0.65049 0.90932
vt 0.6374 0.91134
vt 0.20495 0.64151
vt 0.20495 0.64918
vt 0.20495 0.63609
vt 0.64507 0.92498
vt 0.64282 0.91134
vt 0.64507 0.91134
vt 0.20495 0.64376
vt 0.64282 0.92498
vt 0.95687 0.44884
vt 0.95458 0.43511
vt 0.95682 0.43317
vt 0.95287 0.43318
vt 0.95211 0.43322
vt 0.95139 0.43333
vt 0.95073 0.4335
vt 0.95013 0.43373
vt 0.94959 0.43402
vt 0.94912 0.43437
vt 0.94871 0.43478
vt 0.95313 0.43511
vt 0.94837 0.43524
vt 0.95459 0.44002
vt 0.95261 0.43513
vt 0.95215 0.43519
vt 0.95173 0.43528
vt 0.9481 0.43576
vt 0.95137 0.4354
vt 0.95105 0.43556
vt 0.95079 0.43575
vt 0.9479 0.43632
vt 0.95056 0.43597
vt 0.95038 0.43622
vt 0.95024 0.4365
vt 0.94778 0.43693
vt 0.95014 0.4368
vt 0.95008 0.43713
vt 0.94774 0.43759
vt 0.95006 0.43749
vt 0.95007 0.43781
vt 0.94776 0.43803
vt 0.95012 0.43813
vt 0.94782 0.43845
vt 0.9502 0.43844
vt 0.95032 0.43873
vt 0.94792 0.43886
vt 0.95048 0.439
vt 0.94805 0.43924
vt 0.95069 0.43925
vt 0.94822 0.4396
vt 0.95095 0.43947
vt 0.95127 0.43966
vt 0.94843 0.43993
vt 0.95164 0.43982
vt 0.95208 0.43993
vt 0.94867 0.44024
vt 0.95258 0.44
vt 0.95315 0.44003
vt 0.9546 0.44205
vt 0.94895 0.44053
vt 0.94925 0.44079
vt 0.9496 0.44103
vt 0.94997 0.44123
vt 0.95037 0.44142
vt 0.95003 0.44166
vt 0.9497 0.44193
vt 0.95366 0.44205
vt 0.95337 0.44206
vt 0.9494 0.44222
vt 0.95462 0.44884
vt 0.9531 0.44209
vt 0.95282 0.44216
vt 0.95253 0.44227
vt 0.9491 0.44253
vt 0.95224 0.44242
vt 0.95193 0.44264
vt 0.94882 0.44286
vt 0.9516 0.44292
vt 0.94855 0.44321
vt 0.95125 0.44328
vt 0.94828 0.44359
vt 0.95087 0.44372
vt 0.94801 0.44398
vt 0.95046 0.44426
vt 0.94774 0.44439
vt 0.95 0.4449
vt 0.94747 0.44483
vt 0.94719 0.44529
vt 0.94951 0.44564
vt 0.9469 0.44577
vt 0.94746 0.44887
vt 0.94673 0.44603
vt 0.94658 0.44627
vt 0.94644 0.4465
vt 0.94629 0.44672
vt 0.94614 0.44694
vt 0.94599 0.44716
vt 0.94583 0.4474
vt 0.94565 0.44764
vt 0.94546 0.44791
vt 0.94525 0.4482
vt 0.94502 0.44852
vt 0.94477 0.44888
vt 0.86168 0.92639
vt 0.85337 0.91063
vt 0.85496 0.91063
vt 0.8542 0.91407
vt 0.84637 0.92639
vt 0.85654 0.91975
vt 0.85167 0.91975
vt 0.85741 0.92177
vt 0.85075 0.92177
vt 0.85939 0.92639
vt 0.84866 0.92639
vt 0.46428 0.92885
vt 0.46217 0.91319
vt 0.46428 0.91319
vt 0.46203 0.91665
vt 0.46199 0.91665
vt 0.45698 0.91962
vt 0.44968 0.91319
vt 0.45177 0.91319
vt 0.45198 0.91665
vt 0.45193 0.91665
vt 0.44968 0.92885
vt 0.46203 0.92885
vt 0.45716 0.92272
vt 0.4568 0.92272
vt 0.45193 0.92885
vt 0.93273 0.77669
vt 0.93094 0.76102
vt 0.93273 0.76102
vt 0.93062 0.76463
vt 0.92033 0.77315
vt 0.91822 0.76102
vt 0.92033 0.76102
vt 0.91822 0.77669
vt 0.93062 0.77669
vt 0.92015 0.77669
vt 0.61368 0.73117
vt 0.61143 0.7155
vt 0.61368 0.7155
vt 0.61143 0.73117
vt 0.92852 0.25941
vt 0.9202 0.24365
vt 0.92179 0.24365
vt 0.92103 0.2471
vt 0.9132 0.25941
vt 0.92337 0.25277
vt 0.9185 0.25277
vt 0.92425 0.25479
vt 0.91759 0.25479
vt 0.92622 0.25941
vt 0.9155 0.25941
vt 0.95687 0.48669
vt 0.95458 0.47297
vt 0.95682 0.47103
vt 0.95287 0.47104
vt 0.95211 0.47108
vt 0.95139 0.47118
vt 0.95073 0.47135
vt 0.95013 0.47158
vt 0.94959 0.47188
vt 0.94912 0.47223
vt 0.94871 0.47264
vt 0.95313 0.47297
vt 0.94837 0.4731
vt 0.95459 0.47788
vt 0.95261 0.47299
vt 0.95215 0.47305
vt 0.95173 0.47314
vt 0.9481 0.47361
vt 0.95137 0.47326
vt 0.95105 0.47342
vt 0.95079 0.47361
vt 0.9479 0.47418
vt 0.95056 0.47383
vt 0.95038 0.47408
vt 0.95024 0.47436
vt 0.94778 0.47479
vt 0.95014 0.47466
vt 0.95008 0.47499
vt 0.94774 0.47544
vt 0.95006 0.47535
vt 0.95007 0.47567
vt 0.94776 0.47589
vt 0.95012 0.47599
vt 0.94782 0.47631
vt 0.9502 0.4763
vt 0.95032 0.47659
vt 0.94792 0.47671
vt 0.95048 0.47686
vt 0.94805 0.4771
vt 0.95069 0.47711
vt 0.94822 0.47746
vt 0.95095 0.47733
vt 0.95127 0.47752
vt 0.94843 0.47779
vt 0.95164 0.47768
vt 0.95208 0.47779
vt 0.94867 0.4781
vt 0.95258 0.47786
vt 0.95315 0.47789
vt 0.9546 0.4799
vt 0.94895 0.47839
vt 0.94925 0.47865
vt 0.94959 0.47889
vt 0.94997 0.47909
vt 0.95037 0.47927
vt 0.95003 0.47952
vt 0.9497 0.47979
vt 0.95366 0.47991
vt 0.95337 0.47991
vt 0.9494 0.48008
vt 0.95462 0.4867
vt 0.9531 0.47995
vt 0.95282 0.48002
vt 0.95253 0.48012
vt 0.9491 0.48039
vt 0.95224 0.48028
vt 0.95193 0.4805
vt 0.94882 0.48072
vt 0.9516 0.48078
vt 0.94855 0.48107
vt 0.95125 0.48114
vt 0.94828 0.48144
vt 0.95087 0.48158
vt 0.94801 0.48184
vt 0.95046 0.48212
vt 0.94774 0.48225
vt 0.95 0.48275
vt 0.94747 0.48269
vt 0.94719 0.48315
vt 0.94951 0.4835
vt 0.9469 0.48362
vt 0.94746 0.48672
vt 0.94673 0.48388
vt 0.94658 0.48413
vt 0.94644 0.48435
vt 0.94629 0.48458
vt 0.94614 0.4848
vt 0.94599 0.48502
vt 0.94583 0.48525
vt 0.94565 0.4855
vt 0.94546 0.48577
vt 0.94525 0.48606
vt 0.94502 0.48638
vt 0.94477 0.48673
vt 0.64816 0.9628
vt 0.64587 0.94917
vt 0.64811 0.94714
vt 0.64356 0.94715
vt 0.64276 0.94719
vt 0.64203 0.94731
vt 0.64138 0.9475
vt 0.64081 0.94776
vt 0.64031 0.94806
vt 0.63989 0.94842
vt 0.63953 0.94882
vt 0.6438 0.94917
vt 0.63925 0.94925
vt 0.64588 0.95385
vt 0.64331 0.94919
vt 0.64288 0.94925
vt 0.63903 0.9497
vt 0.6425 0.94935
vt 0.64217 0.94948
vt 0.64189 0.94964
vt 0.64166 0.94983
vt 0.63887 0.95018
vt 0.64147 0.95004
vt 0.64132 0.95027
vt 0.63878 0.95067
vt 0.64121 0.95053
vt 0.64113 0.95079
vt 0.63875 0.95116
vt 0.64109 0.95107
vt 0.64107 0.95136
vt 0.63877 0.95156
vt 0.64109 0.95176
vt 0.63882 0.95193
vt 0.64116 0.95213
vt 0.6389 0.95228
vt 0.64128 0.95246
vt 0.63901 0.95261
vt 0.64144 0.95276
vt 0.63916 0.95291
vt 0.64164 0.95301
vt 0.63934 0.9532
vt 0.6419 0.95324
vt 0.63955 0.95346
vt 0.64219 0.95343
vt 0.64254 0.95359
vt 0.6398 0.95371
vt 0.64293 0.9537
vt 0.64009 0.95394
vt 0.64337 0.95379
vt 0.64385 0.95384
vt 0.64439 0.95386
vt 0.64589 0.95587
vt 0.64041 0.95414
vt 0.64076 0.95434
vt 0.64115 0.95451
vt 0.64115 0.95455
vt 0.64058 0.95469
vt 0.64006 0.95487
vt 0.63958 0.95508
vt 0.63914 0.95534
vt 0.63874 0.95564
vt 0.64318 0.95588
vt 0.63839 0.95598
vt 0.6459 0.96079
vt 0.64261 0.9559
vt 0.6421 0.95596
vt 0.64164 0.95607
vt 0.63809 0.95635
vt 0.64123 0.9562
vt 0.64087 0.95637
vt 0.63785 0.95675
vt 0.64056 0.95657
vt 0.6403 0.9568
vt 0.63765 0.95718
vt 0.64009 0.95706
vt 0.63992 0.95734
vt 0.63751 0.95765
vt 0.63981 0.95765
vt 0.63743 0.95814
vt 0.63974 0.95798
vt 0.63972 0.95833
vt 0.6374 0.95866
vt 0.63973 0.95862
vt 0.63978 0.95892
vt 0.63743 0.95914
vt 0.63987 0.95921
vt 0.63753 0.95963
vt 0.64 0.95949
vt 0.64018 0.95976
vt 0.63769 0.96012
vt 0.64041 0.96
vt 0.64069 0.96023
vt 0.63792 0.96059
vt 0.64103 0.96042
vt 0.64144 0.96058
vt 0.64191 0.9607
vt 0.63823 0.96105
vt 0.64245 0.96077
vt 0.64308 0.9608
vt 0.63862 0.96147
vt 0.63909 0.96184
vt 0.63964 0.96217
vt 0.64029 0.96244
vt 0.64102 0.96265
vt 0.64185 0.96278
vt 0.64278 0.96282
vt 0.92013 0.537
vt 0.92013 0.53497
vt 0.93322 0.53497
vt 0.93322 0.537
vt 0.20495 0.67638
vt 0.20495 0.67096
vt 0.20495 0.68404
vt 0.92555 0.55064
vt 0.92555 0.537
vt 0.9278 0.537
vt 0.98899 0.76084
vt 0.9278 0.55064
vt 0.94484 0.8387
vt 0.94488 0.82304
vt 0.94713 0.82498
vt 0.94883 0.82305
vt 0.9496 0.82309
vt 0.95032 0.82319
vt 0.95098 0.82336
vt 0.95157 0.8236
vt 0.95212 0.82389
vt 0.95259 0.82424
vt 0.953 0.82465
vt 0.94858 0.82498
vt 0.95334 0.82511
vt 0.94711 0.82989
vt 0.9491 0.825
vt 0.94956 0.82506
vt 0.94997 0.82515
vt 0.95361 0.82563
vt 0.95034 0.82527
vt 0.95065 0.82543
vt 0.95092 0.82562
vt 0.95381 0.82619
vt 0.95115 0.82584
vt 0.95133 0.82609
vt 0.95147 0.82637
vt 0.95393 0.8268
vt 0.95156 0.82667
vt 0.95162 0.827
vt 0.95396 0.82746
vt 0.95165 0.82736
vt 0.95164 0.82768
vt 0.95394 0.8279
vt 0.95159 0.828
vt 0.95388 0.82832
vt 0.95151 0.82831
vt 0.95139 0.8286
vt 0.95379 0.82873
vt 0.95123 0.82887
vt 0.95365 0.82911
vt 0.95102 0.82912
vt 0.95348 0.82947
vt 0.95075 0.82934
vt 0.95044 0.82953
vt 0.95328 0.8298
vt 0.95006 0.82969
vt 0.94963 0.8298
vt 0.95304 0.83011
vt 0.94913 0.82987
vt 0.94856 0.8299
vt 0.94711 0.83191
vt 0.95276 0.8304
vt 0.95245 0.83066
vt 0.95211 0.8309
vt 0.95174 0.8311
vt 0.95134 0.83128
vt 0.95168 0.83153
vt 0.952 0.8318
vt 0.94805 0.83192
vt 0.94833 0.83193
vt 0.95231 0.83209
vt 0.94709 0.83871
vt 0.94861 0.83196
vt 0.94889 0.83203
vt 0.94918 0.83213
vt 0.9526 0.8324
vt 0.94947 0.83229
vt 0.94978 0.83251
vt 0.95289 0.83273
vt 0.95011 0.83279
vt 0.95316 0.83308
vt 0.95046 0.83315
vt 0.95343 0.83345
vt 0.95084 0.83359
vt 0.9537 0.83385
vt 0.95125 0.83413
vt 0.95397 0.83426
vt 0.9517 0.83476
vt 0.95424 0.8347
vt 0.95452 0.83516
vt 0.9522 0.83551
vt 0.95481 0.83564
vt 0.95425 0.83873
vt 0.95497 0.8359
vt 0.95513 0.83614
vt 0.95527 0.83637
vt 0.95542 0.83659
vt 0.95557 0.83681
vt 0.95572 0.83703
vt 0.95588 0.83727
vt 0.95606 0.83751
vt 0.95625 0.83778
vt 0.95645 0.83807
vt 0.95668 0.83839
vt 0.95694 0.83874
vt 0.4969 0.92893
vt 0.50363 0.91318
vt 0.50521 0.91318
vt 0.50439 0.91662
vt 0.51222 0.92893
vt 0.50205 0.92229
vt 0.50692 0.92229
vt 0.50117 0.92432
vt 0.50783 0.92432
vt 0.4992 0.92893
vt 0.50992 0.92893
vt 0.91821 0.73887
vt 0.91821 0.72321
vt 0.92033 0.72321
vt 0.92046 0.72667
vt 0.92051 0.72667
vt 0.92552 0.72964
vt 0.93073 0.72321
vt 0.93282 0.72321
vt 0.93052 0.72668
vt 0.93057 0.72668
vt 0.93282 0.73887
vt 0.92046 0.73887
vt 0.92533 0.73274
vt 0.9257 0.73274
vt 0.93057 0.73887
vt 0.70477 0.93298
vt 0.70477 0.91731
vt 0.70656 0.91731
vt 0.70688 0.92092
vt 0.71717 0.92944
vt 0.71717 0.91731
vt 0.71928 0.91731
vt 0.71928 0.93298
vt 0.70688 0.93298
vt 0.71735 0.93298
vt 0.61143 0.76898
vt 0.61143 0.75332
vt 0.61368 0.75332
vt 0.61368 0.76898
vt 0.53457 0.92892
vt 0.5413 0.91316
vt 0.54288 0.91316
vt 0.54205 0.91661
vt 0.54989 0.92892
vt 0.53971 0.92228
vt 0.54458 0.92228
vt 0.53884 0.9243
vt 0.5455 0.9243
vt 0.53687 0.92892
vt 0.54759 0.92892
vt 0.95017 0.11433
vt 0.95022 0.09867
vt 0.95246 0.1006
vt 0.95417 0.09868
vt 0.95493 0.09872
vt 0.95565 0.09882
vt 0.95631 0.09899
vt 0.95691 0.09922
vt 0.95745 0.09952
vt 0.95792 0.09987
vt 0.95833 0.10028
vt 0.95391 0.10061
vt 0.95868 0.10074
vt 0.95245 0.10552
vt 0.95443 0.10063
vt 0.95489 0.10068
vt 0.95531 0.10078
vt 0.95895 0.10125
vt 0.95567 0.1009
vt 0.95598 0.10106
vt 0.95625 0.10125
vt 0.95914 0.10182
vt 0.95648 0.10147
vt 0.95666 0.10172
vt 0.9568 0.10199
vt 0.95926 0.10243
vt 0.9569 0.1023
vt 0.95696 0.10263
vt 0.9593 0.10308
vt 0.95698 0.10298
vt 0.95697 0.10331
vt 0.95928 0.10353
vt 0.95692 0.10363
vt 0.95922 0.10395
vt 0.95684 0.10393
vt 0.95672 0.10423
vt 0.95912 0.10435
vt 0.95656 0.1045
vt 0.95899 0.10473
vt 0.95635 0.10475
vt 0.95882 0.10509
vt 0.95608 0.10497
vt 0.95577 0.10516
vt 0.95861 0.10543
vt 0.95539 0.10531
vt 0.95496 0.10543
vt 0.95837 0.10574
vt 0.95446 0.1055
vt 0.95389 0.10552
vt 0.95244 0.10754
vt 0.95809 0.10603
vt 0.95779 0.10629
vt 0.95744 0.10652
vt 0.95707 0.10673
vt 0.95667 0.10691
vt 0.95701 0.10716
vt 0.95734 0.10743
vt 0.95338 0.10754
vt 0.95366 0.10755
vt 0.95764 0.10771
vt 0.95242 0.11434
vt 0.95394 0.10759
vt 0.95422 0.10765
vt 0.95451 0.10776
vt 0.95794 0.10802
vt 0.9548 0.10792
vt 0.95511 0.10813
vt 0.95822 0.10836
vt 0.95544 0.10842
vt 0.95849 0.10871
vt 0.95579 0.10878
vt 0.95876 0.10908
vt 0.95617 0.10922
vt 0.95903 0.10948
vt 0.95659 0.10975
vt 0.9593 0.10989
vt 0.95703 0.11039
vt 0.95957 0.11033
vt 0.95985 0.11078
vt 0.95753 0.11114
vt 0.96015 0.11126
vt 0.95958 0.11436
vt 0.9603 0.11152
vt 0.96046 0.11176
vt 0.96061 0.11199
vt 0.96075 0.11222
vt 0.9609 0.11244
vt 0.96105 0.11266
vt 0.96122 0.11289
vt 0.96139 0.11314
vt 0.96158 0.11341
vt 0.96179 0.1137
vt 0.96202 0.11402
vt 0.96227 0.11437
vt 0.67021 0.9628
vt 0.67026 0.94714
vt 0.6725 0.94917
vt 0.6748 0.94715
vt 0.67561 0.94719
vt 0.67633 0.94732
vt 0.67698 0.9475
vt 0.67755 0.94776
vt 0.67805 0.94806
vt 0.67848 0.94842
vt 0.67883 0.94882
vt 0.67457 0.94917
vt 0.67912 0.94925
vt 0.67249 0.95385
vt 0.67505 0.94919
vt 0.67549 0.94925
vt 0.67934 0.9497
vt 0.67587 0.94935
vt 0.67619 0.94948
vt 0.67647 0.94964
vt 0.67671 0.94983
vt 0.67949 0.95018
vt 0.6769 0.95004
vt 0.67705 0.95027
vt 0.67958 0.95067
vt 0.67716 0.95053
vt 0.67724 0.95079
vt 0.67961 0.95116
vt 0.67728 0.95107
vt 0.67729 0.95136
vt 0.6796 0.95156
vt 0.67727 0.95176
vt 0.67955 0.95193
vt 0.6772 0.95213
vt 0.67947 0.95228
vt 0.67709 0.95246
vt 0.67935 0.95261
vt 0.67693 0.95276
vt 0.6792 0.95291
vt 0.67672 0.95301
vt 0.67902 0.9532
vt 0.67647 0.95324
vt 0.67881 0.95346
vt 0.67617 0.95343
vt 0.67583 0.95359
vt 0.67856 0.95371
vt 0.67544 0.95371
vt 0.67828 0.95394
vt 0.675 0.95379
vt 0.67451 0.95384
vt 0.67398 0.95386
vt 0.67248 0.95587
vt 0.67796 0.95415
vt 0.67761 0.95434
vt 0.67722 0.95451
vt 0.67722 0.95456
vt 0.67778 0.95469
vt 0.67831 0.95487
vt 0.67879 0.95508
vt 0.67923 0.95534
vt 0.67962 0.95564
vt 0.67519 0.95588
vt 0.67997 0.95598
vt 0.67246 0.96079
vt 0.67575 0.9559
vt 0.67627 0.95596
vt 0.67673 0.95607
vt 0.68027 0.95635
vt 0.67714 0.9562
vt 0.6775 0.95637
vt 0.68052 0.95675
vt 0.67781 0.95657
vt 0.67807 0.9568
vt 0.68071 0.95718
vt 0.67828 0.95706
vt 0.67844 0.95734
vt 0.68085 0.95765
vt 0.67856 0.95765
vt 0.68094 0.95814
vt 0.67863 0.95798
vt 0.67865 0.95833
vt 0.68097 0.95866
vt 0.67863 0.95862
vt 0.67858 0.95892
vt 0.68094 0.95914
vt 0.67849 0.95921
vt 0.68084 0.95963
vt 0.67836 0.95949
vt 0.67819 0.95976
vt 0.68068 0.96012
vt 0.67796 0.96
vt 0.67768 0.96023
vt 0.68044 0.96059
vt 0.67733 0.96042
vt 0.67693 0.96058
vt 0.67646 0.9607
vt 0.68013 0.96105
vt 0.67591 0.96077
vt 0.67529 0.9608
vt 0.67975 0.96147
vt 0.67928 0.96184
vt 0.67872 0.96217
vt 0.67808 0.96244
vt 0.67734 0.96265
vt 0.67651 0.96278
vt 0.67558 0.96282
vt 0.67481 0.94708
vt 0.67481 0.94702
vt 0.67561 0.94712
vt 0.67481 0.94696
vt 0.67562 0.94706
vt 0.20313 0.81336
vt 0.20306 0.81418
vt 0.20306 0.81336
vt 0.2032 0.81336
vt 0.20313 0.81418
vt 0.20412 0.81418
vt 0.20412 0.81336
vt 0.20419 0.81418
vt 0.20419 0.81336
vt 0.20425 0.81418
vt 0.20425 0.81336
vt 0.64274 0.94706
vt 0.64355 0.94696
vt 0.64356 0.94702
vt 0.64275 0.94712
vt 0.64356 0.94708
vt 0.67635 0.94725
vt 0.67563 0.94701
vt 0.67636 0.94718
vt 0.20306 0.81493
vt 0.2032 0.81418
vt 0.20313 0.81493
vt 0.20412 0.81494
vt 0.20419 0.81493
vt 0.20425 0.81493
vt 0.642 0.94718
vt 0.64274 0.94701
vt 0.64202 0.94725
vt 0.677 0.94744
vt 0.67638 0.94713
vt 0.67703 0.94738
vt 0.20306 0.8156
vt 0.2032 0.81494
vt 0.20313 0.81561
vt 0.20412 0.81562
vt 0.20419 0.81561
vt 0.20425 0.8156
vt 0.64134 0.94738
vt 0.64199 0.94713
vt 0.64136 0.94744
vt 0.67759 0.94769
vt 0.67705 0.94733
vt 0.67762 0.94764
vt 0.20306 0.8162
vt 0.2032 0.81562
vt 0.20313 0.81622
vt 0.20412 0.81622
vt 0.20419 0.81622
vt 0.20425 0.8162
vt 0.64075 0.94764
vt 0.64132 0.94733
vt 0.64078 0.94769
vt 0.67809 0.94801
vt 0.67764 0.94759
vt 0.67813 0.94795
vt 0.20306 0.81673
vt 0.2032 0.81622
vt 0.20313 0.81675
vt 0.20412 0.81676
vt 0.20419 0.81675
vt 0.20425 0.81673
vt 0.64023 0.94795
vt 0.64072 0.94759
vt 0.64027 0.94801
vt 0.67853 0.94837
vt 0.67816 0.94791
vt 0.67857 0.94832
vt 0.20306 0.81719
vt 0.2032 0.81676
vt 0.20313 0.81721
vt 0.20412 0.81722
vt 0.20419 0.81721
vt 0.20425 0.81719
vt 0.63979 0.94832
vt 0.6402 0.94791
vt 0.63984 0.94837
vt 0.67889 0.94877
vt 0.67894 0.94873
vt 0.67898 0.9487
vt 0.67861 0.94829
vt 0.8178 0.96527
vt 0.81773 0.96489
vt 0.8178 0.96486
vt 0.81787 0.96526
vt 0.81787 0.96485
vt 0.81878 0.96526
vt 0.81879 0.96485
vt 0.81886 0.96486
vt 0.81892 0.96489
vt 0.81886 0.96527
vt 0.63938 0.9487
vt 0.63976 0.94829
vt 0.63943 0.94873
vt 0.63948 0.94877
vt 0.67918 0.94921
vt 0.67924 0.94918
vt 0.67928 0.94915
vt 0.81779 0.96571
vt 0.81773 0.96529
vt 0.81786 0.9657
vt 0.81878 0.9657
vt 0.81892 0.96529
vt 0.81885 0.96571
vt 0.63908 0.94915
vt 0.63913 0.94918
vt 0.63918 0.94921
vt 0.67941 0.94968
vt 0.67947 0.94965
vt 0.67951 0.94964
vt 0.81779 0.96618
vt 0.81773 0.96573
vt 0.81786 0.96618
vt 0.81878 0.96618
vt 0.81892 0.96573
vt 0.81885 0.96618
vt 0.63885 0.94963
vt 0.6389 0.94965
vt 0.63896 0.94968
vt 0.67956 0.95016
vt 0.67963 0.95015
vt 0.67968 0.95013
vt 0.81779 0.96668
vt 0.81773 0.9662
vt 0.81786 0.96668
vt 0.81878 0.96668
vt 0.81892 0.9662
vt 0.81885 0.96668
vt 0.63869 0.95013
vt 0.63874 0.95015
vt 0.6388 0.95016
vt 0.67966 0.95066
vt 0.67972 0.95065
vt 0.67977 0.95065
vt 0.81779 0.96719
vt 0.81773 0.96669
vt 0.81786 0.96719
vt 0.81878 0.96719
vt 0.81892 0.96669
vt 0.81885 0.96719
vt 0.63859 0.95065
vt 0.63865 0.95065
vt 0.63871 0.95066
vt 0.67968 0.95116
vt 0.67975 0.95116
vt 0.6798 0.95116
vt 0.81779 0.96771
vt 0.81773 0.9672
vt 0.81786 0.96771
vt 0.81878 0.96771
vt 0.81892 0.9672
vt 0.81885 0.96771
vt 0.63856 0.95116
vt 0.63862 0.95116
vt 0.63868 0.95116
vt 0.67967 0.95156
vt 0.67973 0.95157
vt 0.67978 0.95157
vt 0.81779 0.96813
vt 0.81773 0.96771
vt 0.81786 0.96813
vt 0.81878 0.96813
vt 0.81892 0.96771
vt 0.81885 0.96813
vt 0.63858 0.95157
vt 0.63863 0.95157
vt 0.6387 0.95156
vt 0.67962 0.95194
vt 0.67968 0.95195
vt 0.81773 0.96852
vt 0.81773 0.96812
vt 0.81779 0.96852
vt 0.81878 0.96852
vt 0.81885 0.96852
vt 0.81892 0.96852
vt 0.81892 0.96812
vt 0.63868 0.95195
vt 0.63875 0.95194
vt 0.67954 0.9523
vt 0.67973 0.95196
vt 0.6796 0.95232
vt 0.81773 0.96889
vt 0.81786 0.96852
vt 0.81779 0.96889
vt 0.81878 0.9689
vt 0.81885 0.96889
vt 0.81892 0.96889
vt 0.63877 0.95232
vt 0.63863 0.95196
vt 0.63883 0.9523
vt 0.67942 0.95264
vt 0.67965 0.95233
vt 0.67948 0.95266
vt 0.81773 0.96924
vt 0.81786 0.9689
vt 0.81779 0.96925
vt 0.81878 0.96925
vt 0.81885 0.96925
vt 0.81892 0.96924
vt 0.63889 0.95266
vt 0.63872 0.95233
vt 0.63895 0.95264
vt 0.67927 0.95295
vt 0.67953 0.95268
vt 0.67932 0.95298
vt 0.81773 0.96957
vt 0.81786 0.96925
vt 0.81779 0.96958
vt 0.81878 0.96959
vt 0.81885 0.96958
vt 0.81892 0.96957
vt 0.63904 0.95298
vt 0.63884 0.95268
vt 0.6391 0.95295
vt 0.67908 0.95324
vt 0.67914 0.95328
vt 0.67918 0.95331
vt 0.67937 0.953
vt 0.8178 0.9699
vt 0.81787 0.9699
vt 0.81786 0.96959
vt 0.81878 0.9699
vt 0.81886 0.9699
vt 0.63919 0.95331
vt 0.63899 0.953
vt 0.63923 0.95328
vt 0.63928 0.95324
vt 0.67886 0.95351
vt 0.67891 0.95356
vt 0.67895 0.95359
vt 0.8178 0.97019
vt 0.81773 0.96988
vt 0.81787 0.9702
vt 0.81878 0.9702
vt 0.81892 0.96988
vt 0.81886 0.97019
vt 0.63942 0.95359
vt 0.63945 0.95356
vt 0.6395 0.95351
vt 0.67861 0.95376
vt 0.67865 0.95381
vt 0.67869 0.95385
vt 0.8178 0.97047
vt 0.81773 0.97017
vt 0.81787 0.97047
vt 0.81879 0.97047
vt 0.81892 0.97017
vt 0.81886 0.97046
vt 0.63968 0.95385
vt 0.63971 0.95381
vt 0.63976 0.95376
vt 0.67832 0.95399
vt 0.67836 0.95405
vt 0.67839 0.95409
vt 0.16987 0.98727
vt 0.16993 0.98754
vt 0.16987 0.98756
vt 0.1698 0.98728
vt 0.1698 0.98757
vt 0.16888 0.98728
vt 0.16888 0.98757
vt 0.16881 0.98756
vt 0.16874 0.98754
vt 0.16881 0.98727
vt 0.63998 0.95409
vt 0.64001 0.95405
vt 0.64005 0.95399
vt 0.678 0.95421
vt 0.67803 0.95426
vt 0.67806 0.9543
vt 0.16987 0.98694
vt 0.16993 0.98725
vt 0.1698 0.98695
vt 0.16888 0.98695
vt 0.16874 0.98725
vt 0.16881 0.98694
vt 0.64031 0.9543
vt 0.64034 0.95426
vt 0.64037 0.95421
vt 0.67764 0.9544
vt 0.67766 0.95446
vt 0.67769 0.9545
vt 0.16987 0.98658
vt 0.16993 0.98693
vt 0.1698 0.98659
vt 0.16888 0.98659
vt 0.16874 0.98693
vt 0.16881 0.98658
vt 0.64068 0.9545
vt 0.6407 0.95446
vt 0.64073 0.9544
vt 0.67729 0.95456
vt 0.67735 0.9546
vt 0.6774 0.95463
vt 0.16987 0.98632
vt 0.16993 0.98657
vt 0.1698 0.98633
vt 0.16888 0.98633
vt 0.16874 0.98657
vt 0.16881 0.98632
vt 0.64096 0.95463
vt 0.64102 0.9546
vt 0.64108 0.95456
vt 0.04333 0.98901
vt 0.0434 0.98901
vt 0.0434 0.98896
vt 0.04327 0.98905
vt 0.04333 0.98895
vt 0.20521 0.72895
vt 0.20503 0.72889
vt 0.20518 0.72889
vt 0.20523 0.72901
vt 0.20499 0.72895
vt 0.20524 0.72908
vt 0.20496 0.72901
vt 0.20495 0.73
vt 0.20524 0.73
vt 0.20496 0.73007
vt 0.20523 0.73007
vt 0.20499 0.73013
vt 0.20521 0.73013
vt 0.20503 0.73019
vt 0.20518 0.73019
vt 0.91487 0.98901
vt 0.91493 0.98911
vt 0.91487 0.98907
vt 0.9148 0.98907
vt 0.9148 0.98902
vt 0.67729 0.9545
vt 0.67735 0.95445
vt 0.6778 0.95462
vt 0.6774 0.95441
vt 0.67782 0.95456
vt 0.98631 0.53482
vt 0.98625 0.53522
vt 0.98625 0.53479
vt 0.98638 0.53483
vt 0.98631 0.53523
vt 0.9873 0.53523
vt 0.9873 0.53483
vt 0.98737 0.53523
vt 0.98737 0.53482
vt 0.98744 0.53522
vt 0.98744 0.53479
vt 0.64055 0.95456
vt 0.64096 0.95441
vt 0.64101 0.95445
vt 0.64057 0.95462
vt 0.64108 0.9545
vt 0.67833 0.9548
vt 0.67783 0.95451
vt 0.67836 0.95474
vt 0.98625 0.53577
vt 0.98638 0.53523
vt 0.98631 0.53578
vt 0.9873 0.53578
vt 0.98737 0.53578
vt 0.98744 0.53577
vt 0.64001 0.95474
vt 0.64053 0.95451
vt 0.64003 0.9548
vt 0.67882 0.95502
vt 0.67838 0.95469
vt 0.67885 0.95496
vt 0.98625 0.53627
vt 0.98638 0.53578
vt 0.98631 0.53629
vt 0.9873 0.53629
vt 0.98737 0.53629
vt 0.98744 0.53627
vt 0.63951 0.95496
vt 0.63999 0.95469
vt 0.63954 0.95502
vt 0.67927 0.95529
vt 0.67888 0.95492
vt 0.67931 0.95523
vt 0.98625 0.53674
vt 0.98638 0.53629
vt 0.98631 0.53676
vt 0.9873 0.53676
vt 0.98737 0.53676
vt 0.98744 0.53674
vt 0.63906 0.95523
vt 0.63949 0.95492
vt 0.63909 0.95529
vt 0.67967 0.95559
vt 0.67934 0.95519
vt 0.67971 0.95554
vt 0.98625 0.53716
vt 0.98638 0.53676
vt 0.98631 0.53718
vt 0.9873 0.53719
vt 0.98737 0.53718
vt 0.98744 0.53716
vt 0.63865 0.95554
vt 0.63903 0.95519
vt 0.63869 0.95559
vt 0.68002 0.95593
vt 0.67975 0.9555
vt 0.68007 0.95589
vt 0.98625 0.53753
vt 0.98638 0.53719
vt 0.98631 0.53756
vt 0.9873 0.53756
vt 0.98737 0.53756
vt 0.98744 0.53753
vt 0.63829 0.95589
vt 0.63862 0.9555
vt 0.63834 0.95593
vt 0.68033 0.95631
vt 0.68011 0.95585
vt 0.68038 0.95627
vt 0.95476 0.79514
vt 0.9547 0.79554
vt 0.9547 0.79517
vt 0.95483 0.79514
vt 0.95476 0.79552
vt 0.95575 0.79551
vt 0.95575 0.79514
vt 0.95582 0.79552
vt 0.95583 0.79514
vt 0.95589 0.79554
vt 0.95589 0.79517
vt 0.63798 0.95627
vt 0.63825 0.95585
vt 0.63804 0.95631
vt 0.68058 0.95672
vt 0.68042 0.95624
vt 0.68064 0.95669
vt 0.9547 0.79595
vt 0.95483 0.79551
vt 0.95476 0.79594
vt 0.95575 0.79593
vt 0.95582 0.79594
vt 0.95589 0.79595
vt 0.63773 0.95669
vt 0.63794 0.95624
vt 0.63778 0.95672
vt 0.68078 0.95716
vt 0.68084 0.95714
vt 0.68089 0.95712
vt 0.68068 0.95666
vt 0.95476 0.79639
vt 0.95483 0.79638
vt 0.95483 0.79593
vt 0.95575 0.79638
vt 0.95582 0.79639
vt 0.63748 0.95712
vt 0.63768 0.95666
vt 0.63752 0.95714
vt 0.63758 0.95716
vt 0.68092 0.95763
vt 0.68099 0.95762
vt 0.68104 0.95761
vt 0.95476 0.79687
vt 0.9547 0.7964
vt 0.95483 0.79687
vt 0.95575 0.79687
vt 0.95589 0.7964
vt 0.95582 0.79687
vt 0.63733 0.95761
vt 0.63738 0.95762
vt 0.63744 0.95763
vt 0.68101 0.95813
vt 0.68108 0.95812
vt 0.68113 0.95812
vt 0.95476 0.79738
vt 0.9547 0.79688
vt 0.95483 0.79738
vt 0.95575 0.79738
vt 0.95589 0.79688
vt 0.95582 0.79738
vt 0.63724 0.95812
vt 0.63729 0.95812
vt 0.63735 0.95813
vt 0.68104 0.95866
vt 0.6811 0.95866
vt 0.9547 0.79792
vt 0.9547 0.79739
vt 0.95476 0.79792
vt 0.95575 0.79792
vt 0.95582 0.79792
vt 0.95589 0.79792
vt 0.95589 0.79739
vt 0.63726 0.95866
vt 0.63733 0.95866
vt 0.68101 0.95915
vt 0.68116 0.95866
vt 0.68107 0.95916
vt 0.9547 0.79844
vt 0.95483 0.79792
vt 0.95476 0.79844
vt 0.95575 0.79844
vt 0.95582 0.79844
vt 0.95589 0.79844
vt 0.63729 0.95916
vt 0.63721 0.95866
vt 0.63736 0.95915
vt 0.68091 0.95965
vt 0.68112 0.95917
vt 0.68097 0.95967
vt 0.9547 0.79895
vt 0.95483 0.79844
vt 0.95476 0.79896
vt 0.95575 0.79896
vt 0.95582 0.79896
vt 0.95589 0.79895
vt 0.63739 0.95967
vt 0.63724 0.95917
vt 0.63746 0.95965
vt 0.68074 0.96015
vt 0.68102 0.95968
vt 0.6808 0.96017
vt 0.9547 0.79947
vt 0.95483 0.79896
vt 0.95476 0.79948
vt 0.95575 0.79949
vt 0.95582 0.79948
vt 0.95589 0.79947
vt 0.63756 0.96017
vt 0.63734 0.95968
vt 0.63762 0.96015
vt 0.6805 0.96063
vt 0.68085 0.96019
vt 0.68056 0.96066
vt 0.9547 0.79998
vt 0.95483 0.79949
vt 0.95476 0.79999
vt 0.95575 0.8
vt 0.95582 0.79999
vt 0.95589 0.79998
vt 0.63781 0.96066
vt 0.63752 0.96019
vt 0.63786 0.96063
vt 0.68019 0.96109
vt 0.6806 0.96069
vt 0.68024 0.96113
vt 0.9547 0.80046
vt 0.95483 0.8
vt 0.95476 0.80048
vt 0.95575 0.80049
vt 0.95582 0.80048
vt 0.95589 0.80046
vt 0.63813 0.96113
vt 0.63776 0.96069
vt 0.63818 0.96109
vt 0.67979 0.96152
vt 0.68028 0.96116
vt 0.67984 0.96156
vt 0.9547 0.80092
vt 0.95483 0.80049
vt 0.95476 0.80094
vt 0.95575 0.80095
vt 0.95583 0.80094
vt 0.95589 0.80092
vt 0.63853 0.96156
vt 0.63809 0.96116
vt 0.63857 0.96152
vt 0.67932 0.9619
vt 0.67935 0.96196
vt 0.67938 0.962
vt 0.67987 0.9616
vt 0.36627 0.80375
vt 0.36633 0.8042
vt 0.36627 0.80423
vt 0.3662 0.80375
vt 0.3662 0.80423
vt 0.36528 0.80375
vt 0.36528 0.80423
vt 0.36521 0.80423
vt 0.36514 0.8042
vt 0.36521 0.80375
vt 0.63898 0.962
vt 0.63849 0.9616
vt 0.63901 0.96196
vt 0.63905 0.9619
vt 0.67875 0.96224
vt 0.67878 0.96229
vt 0.67881 0.96234
vt 0.36627 0.80318
vt 0.36633 0.80373
vt 0.3662 0.80319
vt 0.36528 0.80319
vt 0.36514 0.80373
vt 0.36521 0.80318
vt 0.63956 0.96234
vt 0.63958 0.96229
vt 0.63961 0.96224
vt 0.6781 0.96251
vt 0.67812 0.96257
vt 0.67814 0.96262
vt 0.36627 0.80252
vt 0.36633 0.80316
vt 0.3662 0.80253
vt 0.36528 0.80253
vt 0.36514 0.80316
vt 0.36521 0.80252
vt 0.64022 0.96262
vt 0.64024 0.96257
vt 0.64026 0.96251
vt 0.67736 0.96272
vt 0.67737 0.96278
vt 0.67738 0.96283
vt 0.36627 0.80177
vt 0.36633 0.80251
vt 0.3662 0.80177
vt 0.36528 0.80177
vt 0.36514 0.80251
vt 0.36521 0.80177
vt 0.64098 0.96283
vt 0.64099 0.96278
vt 0.64101 0.96272
vt 0.67652 0.96285
vt 0.67653 0.96291
vt 0.67653 0.96296
vt 0.36627 0.80092
vt 0.36633 0.80176
vt 0.3662 0.80092
vt 0.36528 0.80092
vt 0.36514 0.80176
vt 0.36521 0.80092
vt 0.64183 0.96296
vt 0.64184 0.96291
vt 0.64185 0.96285
vt 0.67558 0.96289
vt 0.67558 0.96295
vt 0.67559 0.963
vt 0.36627 0.79997
vt 0.36633 0.80091
vt 0.3662 0.79997
vt 0.36528 0.79997
vt 0.36514 0.80091
vt 0.36521 0.79997
vt 0.64278 0.963
vt 0.64278 0.96295
vt 0.64278 0.96289
vt 0.67014 0.96287
vt 0.36633 0.79997
vt 0.36638 0.79446
vt 0.36638 0.79997
vt 0.36633 0.79441
vt 0.36627 0.79438
vt 0.36528 0.79436
vt 0.36521 0.79438
vt 0.36514 0.79441
vt 0.36514 0.79997
vt 0.36509 0.79446
vt 0.36509 0.79997
vt 0.64823 0.96287
vt 0.67019 0.94707
vt 0.67012 0.947
vt 0.67007 0.96294
vt 0.20482 0.36375
vt 0.20487 0.37974
vt 0.20482 0.37979
vt 0.20476 0.36372
vt 0.20476 0.37982
vt 0.20469 0.37983
vt 0.20377 0.37983
vt 0.20469 0.36371
vt 0.20369 0.36372
vt 0.20369 0.37982
vt 0.20363 0.36375
vt 0.20363 0.37979
vt 0.20358 0.3638
vt 0.20358 0.37974
vt 0.64818 0.94707
vt 0.64829 0.96294
vt 0.67007 0.94695
vt 0.20306 0.80862
vt 0.20313 0.80859
vt 0.2032 0.80858
vt 0.20412 0.80858
vt 0.20419 0.80859
vt 0.20425 0.80862
vt 0.64824 0.947
vt 0.64829 0.94695
vt 0.67451 0.95377
vt 0.67398 0.95378
vt 0.6745 0.95371
vt 0.67398 0.95372
vt 0.6745 0.95365
vt 0.67398 0.95367
vt 0.97885 0.46055
vt 0.97879 0.46004
vt 0.97885 0.46003
vt 0.97892 0.46055
vt 0.97892 0.46003
vt 0.97984 0.46055
vt 0.97984 0.46003
vt 0.97991 0.46003
vt 0.97998 0.46004
vt 0.97991 0.46055
vt 0.64439 0.95372
vt 0.64386 0.95365
vt 0.64439 0.95367
vt 0.64439 0.95378
vt 0.64386 0.95371
vt 0.64386 0.95377
vt 0.67499 0.95372
vt 0.67498 0.95366
vt 0.67497 0.95361
vt 0.97885 0.46102
vt 0.97879 0.46056
vt 0.97892 0.46102
vt 0.97984 0.46102
vt 0.97998 0.46056
vt 0.97991 0.46102
vt 0.64339 0.95361
vt 0.64339 0.95366
vt 0.64338 0.95372
vt 0.67542 0.95364
vt 0.6754 0.95357
vt 0.67539 0.95352
vt 0.97885 0.46144
vt 0.97879 0.46103
vt 0.97892 0.46143
vt 0.97984 0.46143
vt 0.97998 0.46103
vt 0.97991 0.46144
vt 0.64297 0.95352
vt 0.64296 0.95357
vt 0.64295 0.95364
vt 0.6758 0.95352
vt 0.67578 0.95346
vt 0.67576 0.95341
vt 0.97885 0.4618
vt 0.97879 0.46145
vt 0.97892 0.4618
vt 0.97984 0.4618
vt 0.97998 0.46145
vt 0.97991 0.4618
vt 0.6426 0.95341
vt 0.64258 0.95346
vt 0.64256 0.95352
vt 0.67614 0.95337
vt 0.67611 0.95331
vt 0.67609 0.95327
vt 0.97885 0.46212
vt 0.97879 0.46181
vt 0.97892 0.46211
vt 0.97984 0.46211
vt 0.97998 0.46181
vt 0.97991 0.46212
vt 0.64228 0.95327
vt 0.64226 0.95331
vt 0.64223 0.95337
vt 0.67643 0.95318
vt 0.67639 0.95313
vt 0.67636 0.95309
vt 0.97885 0.46238
vt 0.97879 0.46213
vt 0.97892 0.46237
vt 0.97984 0.46237
vt 0.97998 0.46213
vt 0.97991 0.46238
vt 0.64201 0.95309
vt 0.64198 0.95313
vt 0.64194 0.95318
vt 0.67667 0.95297
vt 0.67662 0.95292
vt 0.67659 0.95289
vt 0.97885 0.4626
vt 0.97879 0.4624
vt 0.97892 0.46259
vt 0.97984 0.46259
vt 0.97998 0.4624
vt 0.97991 0.4626
vt 0.64178 0.95289
vt 0.64174 0.95292
vt 0.6417 0.95297
vt 0.67687 0.95272
vt 0.67682 0.95268
vt 0.67677 0.95265
vt 0.98221 0.381
vt 0.98227 0.38126
vt 0.98221 0.38124
vt 0.98214 0.381
vt 0.98214 0.38123
vt 0.98122 0.381
vt 0.98122 0.38123
vt 0.98115 0.38124
vt 0.98108 0.38126
vt 0.98115 0.381
vt 0.64159 0.95265
vt 0.64155 0.95268
vt 0.6415 0.95272
vt 0.67702 0.95243
vt 0.67696 0.9524
vt 0.98227 0.38075
vt 0.98227 0.38102
vt 0.98221 0.38074
vt 0.98122 0.38074
vt 0.98115 0.38074
vt 0.98108 0.38075
vt 0.98108 0.38102
vt 0.6414 0.9524
vt 0.64134 0.95243
vt 0.67713 0.95211
vt 0.67692 0.95239
vt 0.67707 0.9521
vt 0.98227 0.38045
vt 0.98214 0.38074
vt 0.98221 0.38044
vt 0.98122 0.38044
vt 0.98115 0.38044
vt 0.98108 0.38045
vt 0.64129 0.9521
vt 0.64145 0.95239
vt 0.64123 0.95211
vt 0.6772 0.95176
vt 0.98232 0.38011
vt 0.98232 0.38046
vt 0.98227 0.38011
vt 0.98214 0.38044
vt 0.98221 0.3801
vt 0.98122 0.3801
vt 0.98115 0.3801
vt 0.98108 0.38011
vt 0.98103 0.38011
vt 0.98103 0.38046
vt 0.64117 0.95176
vt 0.67714 0.95175
vt 0.67722 0.95136
vt 0.98232 0.37973
vt 0.98227 0.37973
vt 0.98214 0.3801
vt 0.98221 0.37973
vt 0.98122 0.37973
vt 0.98115 0.37973
vt 0.98108 0.37973
vt 0.98103 0.37973
vt 0.64114 0.95136
vt 0.64123 0.95175
vt 0.67721 0.95108
vt 0.67715 0.95109
vt 0.67716 0.95136
vt 0.98227 0.37946
vt 0.98221 0.37946
vt 0.98214 0.37946
vt 0.98214 0.37973
vt 0.98122 0.37946
vt 0.98115 0.37946
vt 0.98108 0.37946
vt 0.64122 0.95109
vt 0.64121 0.95136
vt 0.64116 0.95108
vt 0.67717 0.95081
vt 0.6771 0.95082
vt 0.98227 0.3792
vt 0.98232 0.37945
vt 0.98221 0.37921
vt 0.98214 0.37921
vt 0.98122 0.37921
vt 0.98115 0.37921
vt 0.98103 0.37945
vt 0.98108 0.3792
vt 0.64126 0.95082
vt 0.6412 0.95081
vt 0.67709 0.95055
vt 0.67703 0.95057
vt 0.67699 0.95059
vt 0.67706 0.95083
vt 0.98221 0.37897
vt 0.98214 0.37897
vt 0.98122 0.37897
vt 0.98115 0.37897
vt 0.64138 0.95059
vt 0.64131 0.95083
vt 0.64133 0.95057
vt 0.64127 0.95055
vt 0.67698 0.95031
vt 0.67693 0.95034
vt 0.67689 0.95036
vt 0.98221 0.37875
vt 0.98227 0.37896
vt 0.98214 0.37875
vt 0.98122 0.37875
vt 0.98108 0.37896
vt 0.98115 0.37875
vt 0.64148 0.95036
vt 0.64144 0.95034
vt 0.64138 0.95031
vt 0.67684 0.95008
vt 0.67679 0.95012
vt 0.67675 0.95015
vt 0.98221 0.37855
vt 0.98227 0.37873
vt 0.98214 0.37855
vt 0.98122 0.37855
vt 0.98108 0.37873
vt 0.98115 0.37855
vt 0.64161 0.95015
vt 0.64157 0.95012
vt 0.64152 0.95008
vt 0.67666 0.94988
vt 0.67661 0.94993
vt 0.67658 0.94996
vt 0.98221 0.37836
vt 0.98227 0.37853
vt 0.98214 0.37837
vt 0.98122 0.37837
vt 0.98108 0.37853
vt 0.98115 0.37836
vt 0.64179 0.94996
vt 0.64175 0.94993
vt 0.64171 0.94988
vt 0.67643 0.9497
vt 0.6764 0.94975
vt 0.97996 0.43693
vt 0.98003 0.43673
vt 0.98003 0.43695
vt 0.97989 0.43692
vt 0.97996 0.43672
vt 0.97897 0.43671
vt 0.97897 0.43692
vt 0.9789 0.43672
vt 0.9789 0.43693
vt 0.97884 0.43673
vt 0.97884 0.43695
vt 0.64197 0.94975
vt 0.64193 0.9497
vt 0.67616 0.94955
vt 0.67637 0.9498
vt 0.67614 0.9496
vt 0.98003 0.43647
vt 0.97989 0.43671
vt 0.97996 0.43646
vt 0.97897 0.43646
vt 0.9789 0.43646
vt 0.97884 0.43647
vt 0.64223 0.9496
vt 0.64199 0.9498
vt 0.6422 0.94955
vt 0.67584 0.94942
vt 0.67612 0.94965
vt 0.67583 0.94948
vt 0.98003 0.43617
vt 0.97989 0.43646
vt 0.97996 0.43616
vt 0.97897 0.43615
vt 0.9789 0.43616
vt 0.97884 0.43617
vt 0.64254 0.94948
vt 0.64225 0.94965
vt 0.64252 0.94942
vt 0.67547 0.94932
vt 0.67581 0.94953
vt 0.67546 0.94939
vt 0.98003 0.4358
vt 0.97989 0.43615
vt 0.97996 0.4358
vt 0.97897 0.4358
vt 0.9789 0.4358
vt 0.97884 0.4358
vt 0.6429 0.94939
vt 0.64255 0.94953
vt 0.64289 0.94932
vt 0.67505 0.94926
vt 0.98008 0.43539
vt 0.98008 0.43581
vt 0.98003 0.43539
vt 0.97989 0.4358
vt 0.97996 0.43539
vt 0.97897 0.43539
vt 0.9789 0.43539
vt 0.97884 0.43539
vt 0.64332 0.94933
vt 0.64291 0.94944
vt 0.64332 0.94926
vt 0.67504 0.94933
vt 0.67457 0.94924
vt 0.98008 0.43491
vt 0.98003 0.43491
vt 0.97989 0.43539
vt 0.97996 0.43491
vt 0.97897 0.43491
vt 0.9789 0.43491
vt 0.97884 0.43491
vt 0.97879 0.43491
vt 0.97879 0.43539
vt 0.6438 0.94924
vt 0.67257 0.94924
vt 0.67264 0.9493
vt 0.67456 0.94931
vt 0.98003 0.43304
vt 0.97996 0.43307
vt 0.97989 0.43308
vt 0.97989 0.43491
vt 0.97897 0.43308
vt 0.9789 0.43307
vt 0.97884 0.43304
vt 0.64573 0.9493
vt 0.6438 0.94931
vt 0.64579 0.94924
vt 0.67262 0.95372
vt 0.67267 0.95366
vt 0.67269 0.94935
vt 0.73718 0.26611
vt 0.73712 0.26184
vt 0.73718 0.26187
vt 0.73725 0.2661
vt 0.73725 0.26188
vt 0.73817 0.2661
vt 0.73817 0.26188
vt 0.73824 0.26187
vt 0.7383 0.26615
vt 0.7383 0.26184
vt 0.64569 0.95366
vt 0.64568 0.94935
vt 0.64581 0.95378
vt 0.67256 0.95378
vt 0.97885 0.45876
vt 0.97879 0.45873
vt 0.97892 0.45877
vt 0.97984 0.45877
vt 0.97991 0.45876
vt 0.97998 0.45873
vt 0.64574 0.95372
vt 0.6759 0.9607
vt 0.67529 0.96073
vt 0.6759 0.96064
vt 0.67529 0.96066
vt 0.6759 0.96059
vt 0.67529 0.96061
vt 0.27714 0.9696
vt 0.27708 0.969
vt 0.27714 0.96899
vt 0.27721 0.9696
vt 0.27721 0.96899
vt 0.27813 0.9696
vt 0.27813 0.96899
vt 0.2782 0.96899
vt 0.27826 0.969
vt 0.2782 0.9696
vt 0.64308 0.96066
vt 0.64247 0.96059
vt 0.64308 0.96061
vt 0.64308 0.96073
vt 0.64247 0.96064
vt 0.64246 0.9607
vt 0.67644 0.96063
vt 0.67643 0.96057
vt 0.67642 0.96052
vt 0.27714 0.97012
vt 0.27708 0.9696
vt 0.27721 0.97012
vt 0.27813 0.97012
vt 0.27826 0.9696
vt 0.2782 0.97012
vt 0.64194 0.96051
vt 0.64194 0.96057
vt 0.64192 0.96063
vt 0.67691 0.96051
vt 0.67689 0.96045
vt 0.67687 0.9604
vt 0.27714 0.97056
vt 0.27708 0.97013
vt 0.27721 0.97056
vt 0.27813 0.97056
vt 0.27826 0.97013
vt 0.2782 0.97056
vt 0.64149 0.9604
vt 0.64148 0.96045
vt 0.64146 0.96051
vt 0.6773 0.96036
vt 0.67728 0.9603
vt 0.67726 0.96025
vt 0.27714 0.97094
vt 0.27708 0.97057
vt 0.27721 0.97093
vt 0.27813 0.97093
vt 0.27826 0.97057
vt 0.2782 0.97094
vt 0.64111 0.96025
vt 0.64109 0.9603
vt 0.64106 0.96035
vt 0.67764 0.96017
vt 0.6776 0.96011
vt 0.67757 0.96007
vt 0.27714 0.97125
vt 0.27708 0.97095
vt 0.27721 0.97124
vt 0.27813 0.97124
vt 0.27826 0.97095
vt 0.2782 0.97125
vt 0.64079 0.96007
vt 0.64076 0.96011
vt 0.64073 0.96017
vt 0.67791 0.95995
vt 0.67787 0.9599
vt 0.67783 0.95987
vt 0.27714 0.9715
vt 0.27708 0.97127
vt 0.27721 0.97149
vt 0.27813 0.97149
vt 0.27826 0.97127
vt 0.2782 0.9715
vt 0.64053 0.95987
vt 0.6405 0.9599
vt 0.64045 0.95995
vt 0.67813 0.95971
vt 0.67808 0.95967
vt 0.98221 0.29091
vt 0.98227 0.29071
vt 0.98227 0.29094
vt 0.98214 0.29091
vt 0.98221 0.29069
vt 0.98122 0.29068
vt 0.98122 0.29091
vt 0.98115 0.29069
vt 0.98115 0.29091
vt 0.98108 0.29071
vt 0.98108 0.29094
vt 0.64028 0.95967
vt 0.64023 0.95971
vt 0.6783 0.95945
vt 0.67804 0.95964
vt 0.67825 0.95942
vt 0.98227 0.29046
vt 0.98214 0.29068
vt 0.98221 0.29045
vt 0.98122 0.29044
vt 0.98115 0.29045
vt 0.98108 0.29046
vt 0.64012 0.95942
vt 0.64032 0.95964
vt 0.64006 0.95945
vt 0.67843 0.95918
vt 0.6782 0.9594
vt 0.67837 0.95916
vt 0.98227 0.29021
vt 0.98213 0.29044
vt 0.98221 0.29019
vt 0.98122 0.29019
vt 0.98115 0.29019
vt 0.98108 0.29021
vt 0.64 0.95916
vt 0.64016 0.9594
vt 0.63994 0.95918
vt 0.67851 0.9589
vt 0.67832 0.95914
vt 0.67845 0.95888
vt 0.98227 0.28994
vt 0.98213 0.29019
vt 0.98221 0.28993
vt 0.98122 0.28993
vt 0.98115 0.28993
vt 0.98108 0.28994
vt 0.63991 0.95888
vt 0.64004 0.95914
vt 0.63985 0.9589
vt 0.67856 0.95861
vt 0.98232 0.28967
vt 0.98232 0.28995
vt 0.98227 0.28966
vt 0.98213 0.28993
vt 0.98221 0.28966
vt 0.98122 0.28966
vt 0.98115 0.28966
vt 0.98108 0.28966
vt 0.98103 0.28967
vt 0.98103 0.28995
vt 0.6398 0.95861
vt 0.67858 0.95833
vt 0.67851 0.95833
vt 0.6785 0.95861
vt 0.98227 0.28939
vt 0.98221 0.28939
vt 0.98213 0.28939
vt 0.98213 0.28966
vt 0.98122 0.28939
vt 0.98115 0.28939
vt 0.98108 0.28939
vt 0.63985 0.95833
vt 0.63987 0.95861
vt 0.63979 0.95833
vt 0.67856 0.95799
vt 0.67849 0.958
vt 0.98227 0.28907
vt 0.98232 0.28939
vt 0.98221 0.28907
vt 0.98213 0.28907
vt 0.98122 0.28907
vt 0.98115 0.28907
vt 0.98103 0.28939
vt 0.98108 0.28907
vt 0.63987 0.958
vt 0.63981 0.95799
vt 0.67849 0.95767
vt 0.67843 0.95769
vt 0.67838 0.9577
vt 0.67844 0.958
vt 0.98221 0.28878
vt 0.98213 0.28878
vt 0.98122 0.28878
vt 0.98115 0.28878
vt 0.63998 0.9577
vt 0.63992 0.958
vt 0.63994 0.95769
vt 0.63987 0.95767
vt 0.67838 0.95737
vt 0.67832 0.9574
vt 0.67828 0.95742
vt 0.98221 0.2885
vt 0.98227 0.28877
vt 0.98213 0.28851
vt 0.98122 0.28851
vt 0.98108 0.28877
vt 0.98115 0.2885
vt 0.64009 0.95742
vt 0.64004 0.9574
vt 0.63999 0.95737
vt 0.67822 0.9571
vt 0.67817 0.95714
vt 0.67813 0.95717
vt 0.98221 0.28825
vt 0.98227 0.28849
vt 0.98214 0.28826
vt 0.98122 0.28826
vt 0.98108 0.28849
vt 0.98115 0.28825
vt 0.64024 0.95717
vt 0.64019 0.95714
vt 0.64014 0.9571
vt 0.67802 0.95685
vt 0.67797 0.9569
vt 0.98227 0.288
vt 0.98227 0.28823
vt 0.98221 0.28802
vt 0.98122 0.28803
vt 0.98115 0.28802
vt 0.98108 0.288
vt 0.98108 0.28823
vt 0.64039 0.9569
vt 0.64035 0.95685
vt 0.67776 0.95663
vt 0.67794 0.95693
vt 0.67773 0.95668
vt 0.01207 0.97131
vt 0.01213 0.97108
vt 0.01213 0.97133
vt 0.012 0.9713
vt 0.01207 0.97106
vt 0.01108 0.97106
vt 0.01108 0.9713
vt 0.011 0.97106
vt 0.011 0.97131
vt 0.01094 0.97108
vt 0.01094 0.97133
vt 0.64064 0.95668
vt 0.64043 0.95693
vt 0.6406 0.95663
vt 0.67746 0.95643
vt 0.6777 0.95672
vt 0.67743 0.95649
vt 0.01213 0.97079
vt 0.012 0.97106
vt 0.01207 0.97077
vt 0.01108 0.97077
vt 0.011 0.97077
vt 0.01094 0.97079
vt 0.64093 0.95649
vt 0.64067 0.95672
vt 0.6409 0.95643
vt 0.67711 0.95627
vt 0.67741 0.95653
vt 0.67709 0.95633
vt 0.01213 0.97045
vt 0.012 0.97077
vt 0.01207 0.97043
vt 0.01108 0.97043
vt 0.011 0.97043
vt 0.01094 0.97045
vt 0.64128 0.95633
vt 0.64096 0.95653
vt 0.64125 0.95627
vt 0.67671 0.95613
vt 0.67707 0.95637
vt 0.67669 0.9562
vt 0.01213 0.97005
vt 0.012 0.97043
vt 0.01207 0.97004
vt 0.01108 0.97004
vt 0.011 0.97004
vt 0.01094 0.97005
vt 0.64167 0.9562
vt 0.64129 0.95637
vt 0.64165 0.95613
vt 0.67626 0.95603
vt 0.67668 0.95625
vt 0.67625 0.9561
vt 0.01213 0.9696
vt 0.012 0.97004
vt 0.01207 0.9696
vt 0.01108 0.9696
vt 0.011 0.9696
vt 0.01094 0.9696
vt 0.64212 0.9561
vt 0.64168 0.95625
vt 0.64211 0.95603
vt 0.67575 0.95597
vt 0.01218 0.96911
vt 0.01218 0.96961
vt 0.01213 0.9691
vt 0.012 0.9696
vt 0.01207 0.9691
vt 0.01108 0.9691
vt 0.011 0.9691
vt 0.01094 0.9691
vt 0.01089 0.96911
vt 0.01089 0.96961
vt 0.64262 0.95597
vt 0.67575 0.95604
vt 0.67519 0.95595
vt 0.01218 0.96855
vt 0.01213 0.96855
vt 0.012 0.9691
vt 0.01207 0.96855
vt 0.01108 0.96855
vt 0.011 0.96855
vt 0.01094 0.96855
vt 0.01089 0.96855
vt 0.64318 0.95595
vt 0.64262 0.95604
vt 0.67255 0.95594
vt 0.67261 0.95601
vt 0.67519 0.95601
vt 0.01213 0.96603
vt 0.01207 0.96606
vt 0.012 0.96608
vt 0.012 0.96855
vt 0.01108 0.96608
vt 0.011 0.96606
vt 0.01094 0.96603
vt 0.64575 0.95601
vt 0.64318 0.95601
vt 0.64582 0.95594
vt 0.67254 0.96072
vt 0.6726 0.96065
vt 0.67265 0.9606
vt 0.67267 0.95606
vt 0.9784 0.92549
vt 0.97833 0.93
vt 0.97833 0.92546
vt 0.97847 0.92995
vt 0.97847 0.9255
vt 0.97939 0.92995
vt 0.97939 0.9255
vt 0.97946 0.92549
vt 0.97952 0.93
vt 0.97952 0.92546
vt 0.64577 0.96065
vt 0.6457 0.95606
vt 0.64583 0.96072
vt 0.27714 0.96639
vt 0.27708 0.96636
vt 0.27721 0.9664
vt 0.27813 0.9664
vt 0.2782 0.96639
vt 0.27826 0.96636
vt 0.64571 0.9606
vt 0.95494 0.09865
vt 0.95495 0.09858
vt 0.95566 0.09875
vt 0.95495 0.09853
vt 0.95568 0.09869
vt 0.36516 0.83098
vt 0.36509 0.83171
vt 0.36509 0.83098
vt 0.36523 0.83098
vt 0.36516 0.83172
vt 0.36615 0.83172
vt 0.36615 0.83098
vt 0.36622 0.83172
vt 0.36622 0.83098
vt 0.36628 0.83171
vt 0.36628 0.83098
vt 0.95137 0.47105
vt 0.95209 0.47089
vt 0.95209 0.47094
vt 0.95138 0.47111
vt 0.9521 0.47101
vt 0.95633 0.09892
vt 0.95569 0.09864
vt 0.95635 0.09886
vt 0.36509 0.8324
vt 0.36523 0.83172
vt 0.36516 0.83241
vt 0.36615 0.83241
vt 0.36622 0.83241
vt 0.36628 0.8324
vt 0.95069 0.47122
vt 0.95135 0.471
vt 0.95071 0.47128
vt 0.95694 0.09916
vt 0.95637 0.09881
vt 0.95696 0.0991
vt 0.36509 0.83303
vt 0.36523 0.83241
vt 0.36516 0.83304
vt 0.36615 0.83304
vt 0.36622 0.83304
vt 0.36628 0.83303
vt 0.95008 0.47146
vt 0.95068 0.47118
vt 0.9501 0.47152
vt 0.95749 0.09946
vt 0.95699 0.09905
vt 0.95752 0.0994
vt 0.36509 0.8336
vt 0.36523 0.83304
vt 0.36516 0.83361
vt 0.36615 0.83362
vt 0.36622 0.83361
vt 0.36628 0.8336
vt 0.94952 0.47176
vt 0.95005 0.47141
vt 0.94955 0.47182
vt 0.95797 0.09981
vt 0.95755 0.09936
vt 0.95801 0.09977
vt 0.36509 0.8341
vt 0.36523 0.83362
vt 0.36516 0.83412
vt 0.36615 0.83413
vt 0.36622 0.83412
vt 0.36628 0.8341
vt 0.94903 0.47213
vt 0.94949 0.47172
vt 0.94907 0.47218
vt 0.95839 0.10023
vt 0.95805 0.09973
vt 0.95844 0.10019
vt 0.36509 0.83454
vt 0.36523 0.83413
vt 0.36516 0.83457
vt 0.36615 0.83457
vt 0.36622 0.83457
vt 0.36628 0.83454
vt 0.9486 0.47255
vt 0.94899 0.47209
vt 0.94865 0.47259
vt 0.95874 0.1007
vt 0.95848 0.10015
vt 0.95879 0.10067
vt 0.42575 0.94332
vt 0.42569 0.94381
vt 0.42569 0.94334
vt 0.42583 0.94331
vt 0.42575 0.9438
vt 0.42674 0.94379
vt 0.42674 0.94331
vt 0.42681 0.9438
vt 0.42681 0.94332
vt 0.42688 0.94381
vt 0.42688 0.94334
vt 0.94825 0.47303
vt 0.94856 0.47252
vt 0.9483 0.47306
vt 0.95901 0.10122
vt 0.95907 0.1012
vt 0.95912 0.10118
vt 0.95883 0.10064
vt 0.42575 0.94433
vt 0.42582 0.94432
vt 0.42582 0.94379
vt 0.42674 0.94432
vt 0.42681 0.94433
vt 0.94792 0.47354
vt 0.9482 0.473
vt 0.94797 0.47356
vt 0.94803 0.47359
vt 0.95921 0.1018
vt 0.95927 0.10178
vt 0.95932 0.10177
vt 0.42575 0.94491
vt 0.42569 0.94434
vt 0.42582 0.94491
vt 0.42674 0.94491
vt 0.42688 0.94434
vt 0.42681 0.94491
vt 0.94772 0.47413
vt 0.94777 0.47414
vt 0.94783 0.47416
vt 0.95933 0.10242
vt 0.95939 0.10241
vt 0.95944 0.1024
vt 0.42575 0.94554
vt 0.42569 0.94492
vt 0.42582 0.94554
vt 0.42674 0.94554
vt 0.42688 0.94492
vt 0.42681 0.94554
vt 0.94759 0.47476
vt 0.94765 0.47477
vt 0.94771 0.47478
vt 0.95937 0.10308
vt 0.95943 0.10308
vt 0.95949 0.10308
vt 0.42575 0.94622
vt 0.42569 0.94555
vt 0.42582 0.94622
vt 0.42674 0.94622
vt 0.42688 0.94555
vt 0.42681 0.94622
vt 0.94756 0.47544
vt 0.94761 0.47544
vt 0.94767 0.47544
vt 0.95935 0.10353
vt 0.95941 0.10354
vt 0.95946 0.10354
vt 0.42575 0.94669
vt 0.42569 0.94623
vt 0.42582 0.94669
vt 0.42674 0.94669
vt 0.42688 0.94623
vt 0.42681 0.94669
vt 0.94758 0.47591
vt 0.94763 0.4759
vt 0.94769 0.4759
vt 0.95929 0.10396
vt 0.95935 0.10398
vt 0.42569 0.94713
vt 0.42569 0.94669
vt 0.42575 0.94714
vt 0.42674 0.94714
vt 0.42681 0.94714
vt 0.42688 0.94713
vt 0.42688 0.94669
vt 0.94769 0.47634
vt 0.94775 0.47632
vt 0.95919 0.10437
vt 0.9594 0.10398
vt 0.95925 0.10439
vt 0.42569 0.94756
vt 0.42582 0.94714
vt 0.42575 0.94756
vt 0.42674 0.94757
vt 0.42681 0.94756
vt 0.42688 0.94756
vt 0.94779 0.47675
vt 0.94764 0.47635
vt 0.94785 0.47674
vt 0.95905 0.10476
vt 0.9593 0.10441
vt 0.95911 0.10479
vt 0.42569 0.94796
vt 0.42582 0.94757
vt 0.42575 0.94797
vt 0.42674 0.94798
vt 0.42681 0.94797
vt 0.42688 0.94796
vt 0.94793 0.47715
vt 0.94774 0.47677
vt 0.94799 0.47712
vt 0.95888 0.10513
vt 0.95916 0.1048
vt 0.95893 0.10516
vt 0.42569 0.94835
vt 0.42582 0.94798
vt 0.42575 0.94836
vt 0.42674 0.94837
vt 0.42681 0.94836
vt 0.42688 0.94835
vt 0.9481 0.47752
vt 0.94788 0.47717
vt 0.94816 0.47749
vt 0.95867 0.10547
vt 0.95898 0.10518
vt 0.95872 0.10551
vt 0.42569 0.94871
vt 0.42582 0.94873
vt 0.42582 0.94837
vt 0.42674 0.94873
vt 0.42688 0.94871
vt 0.94832 0.47787
vt 0.94806 0.47754
vt 0.94837 0.47783
vt 0.95842 0.10579
vt 0.95847 0.10583
vt 0.95851 0.10586
vt 0.95876 0.10554
vt 0.42575 0.94907
vt 0.42575 0.94873
vt 0.42583 0.94907
vt 0.42674 0.94907
vt 0.42681 0.94873
vt 0.42681 0.94907
vt 0.94853 0.47822
vt 0.94828 0.4779
vt 0.94857 0.47819
vt 0.94862 0.47815
vt 0.95814 0.10608
vt 0.95819 0.10613
vt 0.95822 0.10616
vt 0.42575 0.94938
vt 0.42569 0.94905
vt 0.42583 0.94939
vt 0.42674 0.94939
vt 0.42688 0.94905
vt 0.42681 0.94938
vt 0.94882 0.47852
vt 0.94885 0.47849
vt 0.9489 0.47844
vt 0.95783 0.10634
vt 0.95787 0.1064
vt 0.9579 0.10644
vt 0.98754 0.57373
vt 0.98725 0.57379
vt 0.98722 0.57373
vt 0.98753 0.57366
vt 0.98721 0.57366
vt 0.98753 0.57274
vt 0.98721 0.57274
vt 0.98722 0.57267
vt 0.98725 0.57261
vt 0.98754 0.57267
vt 0.94914 0.4788
vt 0.94917 0.47876
vt 0.94921 0.47871
vt 0.95748 0.10658
vt 0.95752 0.10664
vt 0.95754 0.10668
vt 0.98789 0.57373
vt 0.98756 0.57379
vt 0.98788 0.57366
vt 0.98788 0.57274
vt 0.98756 0.57261
vt 0.98789 0.57267
vt 0.9495 0.47904
vt 0.94952 0.479
vt 0.94956 0.47895
vt 0.9571 0.10679
vt 0.95713 0.10685
vt 0.95716 0.1069
vt 0.98827 0.57373
vt 0.98791 0.57379
vt 0.98826 0.57366
vt 0.98826 0.57274
vt 0.98791 0.57261
vt 0.98827 0.57267
vt 0.94988 0.47926
vt 0.94991 0.47921
vt 0.94994 0.47916
vt 0.95681 0.10693
vt 0.95694 0.10694
vt 0.95704 0.10695
vt 0.98833 0.57373
vt 0.98828 0.57379
vt 0.98831 0.57366
vt 0.98831 0.57274
vt 0.98828 0.57261
vt 0.98833 0.57267
vt 0.95 0.47931
vt 0.9501 0.4793
vt 0.95023 0.47929
vt 0.95705 0.1071
vt 0.9571 0.10705
vt 0.98824 0.61861
vt 0.98822 0.61854
vt 0.9883 0.61854
vt 0.98822 0.61868
vt 0.9882 0.61861
vt 0.98819 0.6196
vt 0.98822 0.6196
vt 0.9882 0.61967
vt 0.98824 0.61967
vt 0.98822 0.61973
vt 0.9883 0.61973
vt 0.94995 0.47941
vt 0.94998 0.47946
vt 0.95738 0.10737
vt 0.95743 0.10732
vt 0.95746 0.10729
vt 0.95713 0.10701
vt 0.98786 0.61861
vt 0.98785 0.61868
vt 0.98819 0.61868
vt 0.98785 0.6196
vt 0.98786 0.61967
vt 0.94958 0.47965
vt 0.94991 0.47937
vt 0.94961 0.47968
vt 0.94966 0.47973
vt 0.95769 0.10766
vt 0.95774 0.10762
vt 0.95778 0.10758
vt 0.98753 0.61861
vt 0.98788 0.61854
vt 0.98752 0.61868
vt 0.98752 0.6196
vt 0.98788 0.61973
vt 0.98753 0.61967
vt 0.94926 0.47994
vt 0.9493 0.47998
vt 0.94935 0.48003
vt 0.95799 0.10798
vt 0.95804 0.10793
vt 0.95808 0.1079
vt 0.98722 0.61861
vt 0.98755 0.61854
vt 0.98721 0.61868
vt 0.98721 0.6196
vt 0.98755 0.61973
vt 0.98722 0.61967
vt 0.94896 0.48026
vt 0.949 0.4803
vt 0.94905 0.48034
vt 0.95827 0.10831
vt 0.95832 0.10827
vt 0.95837 0.10824
vt 0.36516 0.88495
vt 0.36509 0.88465
vt 0.36516 0.88463
vt 0.36523 0.88495
vt 0.36523 0.88462
vt 0.36615 0.88494
vt 0.36615 0.88462
vt 0.36622 0.88462
vt 0.36628 0.88465
vt 0.36622 0.88495
vt 0.94868 0.4806
vt 0.94872 0.48063
vt 0.94877 0.48067
vt 0.95855 0.10866
vt 0.9586 0.10863
vt 0.95864 0.1086
vt 0.36516 0.8853
vt 0.36509 0.88498
vt 0.36523 0.88529
vt 0.36615 0.88529
vt 0.36628 0.88497
vt 0.36622 0.8853
vt 0.9484 0.48096
vt 0.94844 0.48099
vt 0.94849 0.48103
vt 0.95882 0.10904
vt 0.95887 0.109
vt 0.95892 0.10897
vt 0.36516 0.88567
vt 0.36509 0.88532
vt 0.36523 0.88566
vt 0.36615 0.88566
vt 0.36628 0.88532
vt 0.36622 0.88567
vt 0.94812 0.48134
vt 0.94817 0.48136
vt 0.94822 0.4814
vt 0.95909 0.10944
vt 0.95914 0.1094
vt 0.95919 0.10937
vt 0.36516 0.88606
vt 0.36509 0.88569
vt 0.36523 0.88605
vt 0.36615 0.88605
vt 0.36628 0.88569
vt 0.36622 0.88605
vt 0.94785 0.48173
vt 0.9479 0.48176
vt 0.94795 0.4818
vt 0.95936 0.10985
vt 0.95942 0.10982
vt 0.95946 0.10979
vt 0.36516 0.88646
vt 0.36509 0.88607
vt 0.36523 0.88646
vt 0.36615 0.88645
vt 0.36628 0.88607
vt 0.36622 0.88646
vt 0.94758 0.48215
vt 0.94763 0.48218
vt 0.94768 0.48221
vt 0.95963 0.11029
vt 0.95969 0.11026
vt 0.95973 0.11023
vt 0.36516 0.88689
vt 0.36509 0.88648
vt 0.36523 0.88688
vt 0.36615 0.88688
vt 0.36628 0.88648
vt 0.36622 0.88689
vt 0.94731 0.48259
vt 0.94735 0.48262
vt 0.94741 0.48265
vt 0.95991 0.11075
vt 0.95997 0.11071
vt 0.96001 0.11069
vt 0.36516 0.88734
vt 0.36509 0.88691
vt 0.36523 0.88733
vt 0.36615 0.88733
vt 0.36628 0.88691
vt 0.36622 0.88733
vt 0.94703 0.48305
vt 0.94707 0.48307
vt 0.94713 0.48311
vt 0.9602 0.11123
vt 0.96026 0.11119
vt 0.9603 0.11116
vt 0.36516 0.8878
vt 0.36509 0.88736
vt 0.36523 0.8878
vt 0.36615 0.8878
vt 0.36628 0.88735
vt 0.36622 0.8878
vt 0.94674 0.48353
vt 0.94678 0.48355
vt 0.94683 0.48359
vt 0.96037 0.11149
vt 0.96042 0.11145
vt 0.96047 0.11142
vt 0.36516 0.88805
vt 0.36509 0.88782
vt 0.36523 0.88805
vt 0.36615 0.88805
vt 0.36628 0.88782
vt 0.36622 0.88805
vt 0.94658 0.48379
vt 0.94662 0.48381
vt 0.94668 0.48385
vt 0.96052 0.11173
vt 0.96057 0.11169
vt 0.96062 0.11166
vt 0.36516 0.88829
vt 0.36509 0.88807
vt 0.36523 0.88828
vt 0.36615 0.88828
vt 0.36628 0.88807
vt 0.36622 0.88829
vt 0.94642 0.48403
vt 0.94647 0.48405
vt 0.94652 0.48409
vt 0.96066 0.11195
vt 0.96072 0.11192
vt 0.96076 0.11189
vt 0.36516 0.88851
vt 0.36509 0.88831
vt 0.36615 0.8885
vt 0.36622 0.88851
vt 0.36628 0.88831
vt 0.94628 0.48425
vt 0.94632 0.48428
vt 0.94637 0.48432
vt 0.96081 0.11218
vt 0.96086 0.11214
vt 0.36509 0.88874
vt 0.36509 0.88853
vt 0.36523 0.8885
vt 0.36516 0.88872
vt 0.36615 0.88872
vt 0.36622 0.88872
vt 0.36628 0.88874
vt 0.36628 0.88853
vt 0.94617 0.4845
vt 0.94623 0.48454
vt 0.96096 0.1124
vt 0.96091 0.11211
vt 0.96101 0.11236
vt 0.36509 0.88896
vt 0.36523 0.88872
vt 0.36516 0.88894
vt 0.36615 0.88893
vt 0.36622 0.88894
vt 0.36628 0.88895
vt 0.94603 0.48472
vt 0.94613 0.48447
vt 0.94608 0.48476
vt 0.96111 0.11262
vt 0.96105 0.11233
vt 0.96117 0.11258
vt 0.36509 0.88917
vt 0.36523 0.88893
vt 0.36516 0.88915
vt 0.36615 0.88914
vt 0.36622 0.88915
vt 0.36628 0.88917
vt 0.94588 0.48495
vt 0.94598 0.48469
vt 0.94593 0.48498
vt 0.96127 0.11285
vt 0.96121 0.11256
vt 0.96133 0.11282
vt 0.36509 0.8894
vt 0.36523 0.88915
vt 0.36516 0.88938
vt 0.36615 0.88937
vt 0.36622 0.88938
vt 0.36628 0.8894
vt 0.94571 0.48518
vt 0.94583 0.48492
vt 0.94577 0.48521
vt 0.96145 0.1131
vt 0.96137 0.11279
vt 0.9615 0.11306
vt 0.36509 0.88964
vt 0.36523 0.88937
vt 0.36516 0.88962
vt 0.36615 0.88961
vt 0.36622 0.88961
vt 0.36628 0.88963
vt 0.94554 0.48542
vt 0.94567 0.48515
vt 0.94559 0.48546
vt 0.96164 0.11336
vt 0.96154 0.11303
vt 0.96169 0.11333
vt 0.36509 0.88989
vt 0.36523 0.88961
vt 0.36516 0.88987
vt 0.36615 0.88986
vt 0.36622 0.88987
vt 0.36628 0.88989
vt 0.94535 0.48569
vt 0.9455 0.48539
vt 0.9454 0.48573
vt 0.96184 0.11365
vt 0.96173 0.1133
vt 0.9619 0.11362
vt 0.36509 0.89017
vt 0.36523 0.88987
vt 0.36516 0.89015
vt 0.36615 0.89014
vt 0.36622 0.89015
vt 0.36628 0.89017
vt 0.94514 0.48598
vt 0.94531 0.48566
vt 0.9452 0.48602
vt 0.96207 0.11397
vt 0.96194 0.11359
vt 0.96213 0.11394
vt 0.36509 0.89048
vt 0.36523 0.89015
vt 0.36516 0.89046
vt 0.36615 0.89045
vt 0.36622 0.89046
vt 0.36628 0.89048
vt 0.94491 0.4863
vt 0.9451 0.48595
vt 0.94497 0.48634
vt 0.96241 0.11444
vt 0.96217 0.11391
vt 0.96254 0.11451
vt 0.36509 0.89111
vt 0.36523 0.89046
vt 0.36516 0.89114
vt 0.36615 0.89115
vt 0.36622 0.89114
vt 0.36628 0.89111
vt 0.94451 0.48687
vt 0.94487 0.48627
vt 0.94463 0.4868
vt 0.95954 0.11443
vt 0.95951 0.1145
vt 0.9814 0.03626
vt 0.98145 0.03931
vt 0.9814 0.03941
vt 0.98134 0.03624
vt 0.98134 0.03947
vt 0.98127 0.03624
vt 0.98127 0.0395
vt 0.98035 0.03624
vt 0.98035 0.0395
vt 0.98028 0.03947
vt 0.98021 0.03941
vt 0.98028 0.03624
vt 0.98016 0.03931
vt 0.98021 0.03626
vt 0.94753 0.48686
vt 0.94749 0.48679
vt 0.95747 0.11118
vt 0.95742 0.11121
vt 0.95737 0.11124
vt 0.95948 0.11455
vt 0.88487 0.96059
vt 0.88493 0.96386
vt 0.88487 0.96389
vt 0.8848 0.9606
vt 0.8848 0.9639
vt 0.88388 0.9606
vt 0.88388 0.96391
vt 0.88381 0.96389
vt 0.88374 0.96386
vt 0.88381 0.96059
vt 0.94967 0.4836
vt 0.94756 0.48691
vt 0.94963 0.48357
vt 0.94957 0.48354
vt 0.95698 0.11043
vt 0.95692 0.11047
vt 0.95688 0.1105
vt 0.88487 0.95985
vt 0.88493 0.96057
vt 0.8848 0.95986
vt 0.88388 0.95986
vt 0.88374 0.96058
vt 0.88381 0.95986
vt 0.95016 0.48286
vt 0.95012 0.48283
vt 0.95006 0.48279
vt 0.95653 0.1098
vt 0.95648 0.10983
vt 0.95644 0.10986
vt 0.88487 0.95923
vt 0.88493 0.95984
vt 0.8848 0.95923
vt 0.88388 0.95924
vt 0.88374 0.95984
vt 0.88381 0.95923
vt 0.9506 0.48223
vt 0.95056 0.4822
vt 0.95051 0.48216
vt 0.95612 0.10926
vt 0.95607 0.1093
vt 0.95603 0.10934
vt 0.88487 0.9587
vt 0.88493 0.95921
vt 0.8848 0.95871
vt 0.88388 0.95871
vt 0.88374 0.95921
vt 0.88381 0.95871
vt 0.95101 0.4817
vt 0.95097 0.48167
vt 0.95092 0.48163
vt 0.95574 0.10882
vt 0.95569 0.10887
vt 0.95566 0.1089
vt 0.88487 0.95827
vt 0.88493 0.95868
vt 0.8848 0.95828
vt 0.88388 0.95829
vt 0.88374 0.95869
vt 0.88381 0.95828
vt 0.95138 0.48126
vt 0.95135 0.48123
vt 0.9513 0.48118
vt 0.95539 0.10847
vt 0.95535 0.10852
vt 0.95532 0.10855
vt 0.98134 0.06403
vt 0.9814 0.0644
vt 0.98134 0.06438
vt 0.98127 0.06402
vt 0.98127 0.06437
vt 0.98035 0.06402
vt 0.98035 0.06437
vt 0.98028 0.06438
vt 0.98021 0.0644
vt 0.98028 0.06403
vt 0.95172 0.48091
vt 0.95169 0.48088
vt 0.95165 0.48083
vt 0.95507 0.10819
vt 0.95503 0.10824
vt 0.955 0.10828
vt 0.98134 0.0637
vt 0.9814 0.06405
vt 0.98127 0.0637
vt 0.98035 0.0637
vt 0.98021 0.06405
vt 0.98028 0.0637
vt 0.95204 0.48064
vt 0.95201 0.4806
vt 0.95197 0.48055
vt 0.95477 0.10798
vt 0.95474 0.10803
vt 0.95471 0.10808
vt 0.98134 0.06341
vt 0.9814 0.06372
vt 0.98127 0.0634
vt 0.98035 0.0634
vt 0.98021 0.06372
vt 0.98028 0.06341
vt 0.95233 0.48044
vt 0.95231 0.4804
vt 0.95227 0.48034
vt 0.95448 0.10783
vt 0.95445 0.10788
vt 0.95443 0.10793
vt 0.98134 0.06313
vt 0.9814 0.06342
vt 0.98127 0.06313
vt 0.98035 0.06313
vt 0.98021 0.06342
vt 0.98028 0.06313
vt 0.95261 0.48029
vt 0.95259 0.48025
vt 0.95256 0.48019
vt 0.9542 0.10772
vt 0.95419 0.10778
vt 0.9814 0.06288
vt 0.9814 0.06314
vt 0.98134 0.06287
vt 0.98035 0.06287
vt 0.98028 0.06287
vt 0.98021 0.06288
vt 0.98021 0.06314
vt 0.95286 0.48014
vt 0.95284 0.48008
vt 0.95393 0.10766
vt 0.95417 0.10783
vt 0.95392 0.10772
vt 0.9814 0.06262
vt 0.98127 0.06287
vt 0.98134 0.06261
vt 0.98035 0.06261
vt 0.98028 0.06261
vt 0.98021 0.06262
vt 0.95312 0.48008
vt 0.95287 0.48019
vt 0.95311 0.48002
vt 0.95366 0.10762
vt 0.98145 0.06236
vt 0.98145 0.06262
vt 0.9814 0.06235
vt 0.98127 0.06261
vt 0.98134 0.06235
vt 0.98035 0.06235
vt 0.98028 0.06235
vt 0.98021 0.06235
vt 0.98016 0.06236
vt 0.98016 0.06262
vt 0.95338 0.47998
vt 0.95366 0.10769
vt 0.95338 0.10761
vt 0.98145 0.06208
vt 0.9814 0.06208
vt 0.98127 0.06235
vt 0.98134 0.06208
vt 0.98035 0.06208
vt 0.98028 0.06208
vt 0.98021 0.06208
vt 0.98016 0.06208
vt 0.95366 0.47997
vt 0.95339 0.48005
vt 0.95251 0.10761
vt 0.95257 0.10768
vt 0.95338 0.10768
vt 0.9814 0.06133
vt 0.98134 0.06136
vt 0.98127 0.06137
vt 0.98127 0.06208
vt 0.98035 0.06137
vt 0.98028 0.06136
vt 0.98021 0.06133
vt 0.95447 0.48004
vt 0.95366 0.48004
vt 0.95453 0.47997
vt 0.95249 0.11441
vt 0.95263 0.10773
vt 0.95255 0.11447
vt 0.61131 0.82449
vt 0.61125 0.83125
vt 0.61125 0.82445
vt 0.61138 0.8245
vt 0.61131 0.83128
vt 0.6123 0.83129
vt 0.6123 0.8245
vt 0.61237 0.83128
vt 0.61237 0.82449
vt 0.61243 0.83125
vt 0.61243 0.82445
vt 0.95449 0.48684
vt 0.95441 0.48009
vt 0.95455 0.48677
vt 0.9501 0.1144
vt 0.95003 0.11447
vt 0.9833 0.64507
vt 0.98335 0.64764
vt 0.9833 0.64769
vt 0.98324 0.64504
vt 0.98324 0.64773
vt 0.98317 0.64503
vt 0.98317 0.64774
vt 0.98225 0.64503
vt 0.98225 0.64774
vt 0.98218 0.64504
vt 0.98218 0.64773
vt 0.98211 0.64507
vt 0.98211 0.64769
vt 0.98206 0.64512
vt 0.98206 0.64764
vt 0.95694 0.48676
vt 0.95015 0.0986
vt 0.95008 0.09853
vt 0.20482 0.28795
vt 0.20487 0.30393
vt 0.20482 0.30398
vt 0.20476 0.28791
vt 0.20476 0.30401
vt 0.20469 0.30402
vt 0.20377 0.2879
vt 0.20377 0.30402
vt 0.20369 0.28791
vt 0.20369 0.30401
vt 0.20363 0.28795
vt 0.20363 0.30398
vt 0.20358 0.288
vt 0.20358 0.30393
vt 0.95689 0.47096
vt 0.95701 0.48683
vt 0.95417 0.09861
vt 0.95417 0.09854
vt 0.95417 0.09849
vt 0.95003 0.09848
vt 0.36516 0.8302
vt 0.36509 0.82606
vt 0.36516 0.82603
vt 0.36523 0.8302
vt 0.36523 0.82601
vt 0.36615 0.8302
vt 0.36615 0.82601
vt 0.36622 0.82603
vt 0.36628 0.82606
vt 0.36622 0.8302
vt 0.95696 0.47089
vt 0.95287 0.47086
vt 0.95701 0.47084
vt 0.95287 0.47091
vt 0.95287 0.47097
vt 0.36509 0.8302
vt 0.36628 0.8302
vt 0.95445 0.10543
vt 0.95389 0.10545
vt 0.95445 0.10537
vt 0.95389 0.10539
vt 0.95444 0.10531
vt 0.95389 0.10534
vt 0.98023 0.0127
vt 0.98016 0.01215
vt 0.98023 0.01215
vt 0.9803 0.01269
vt 0.9803 0.01214
vt 0.98122 0.01269
vt 0.98122 0.01214
vt 0.98129 0.01215
vt 0.98135 0.01215
vt 0.98129 0.0127
vt 0.95315 0.47775
vt 0.95259 0.47768
vt 0.95315 0.4777
vt 0.95315 0.47781
vt 0.95259 0.47773
vt 0.95259 0.47779
vt 0.95495 0.10536
vt 0.95493 0.1053
vt 0.95493 0.10525
vt 0.98023 0.01317
vt 0.98016 0.0127
vt 0.9803 0.01317
vt 0.98122 0.01317
vt 0.98135 0.0127
vt 0.98129 0.01317
vt 0.95212 0.47761
vt 0.95211 0.47766
vt 0.95209 0.47772
vt 0.95537 0.10525
vt 0.95535 0.10519
vt 0.95534 0.10514
vt 0.98023 0.01358
vt 0.98016 0.01318
vt 0.9803 0.01357
vt 0.98122 0.01357
vt 0.98135 0.01318
vt 0.98129 0.01358
vt 0.9517 0.4775
vt 0.95169 0.47755
vt 0.95167 0.47761
vt 0.95574 0.1051
vt 0.95571 0.10504
vt 0.95569 0.10499
vt 0.98023 0.01392
vt 0.98016 0.01359
vt 0.9803 0.01391
vt 0.98122 0.01391
vt 0.98135 0.01359
vt 0.98129 0.01392
vt 0.95135 0.47735
vt 0.95133 0.4774
vt 0.9513 0.47746
vt 0.95604 0.10491
vt 0.95601 0.10486
vt 0.95598 0.10482
vt 0.98023 0.0142
vt 0.98016 0.01393
vt 0.9803 0.01419
vt 0.98122 0.01419
vt 0.98135 0.01393
vt 0.98129 0.0142
vt 0.95106 0.47718
vt 0.95103 0.47722
vt 0.951 0.47727
vt 0.9563 0.1047
vt 0.95625 0.10465
vt 0.95622 0.10461
vt 0.98023 0.01443
vt 0.98016 0.01422
vt 0.9803 0.01442
vt 0.98122 0.01442
vt 0.98135 0.01422
vt 0.98129 0.01443
vt 0.95082 0.47698
vt 0.95079 0.47701
vt 0.95074 0.47706
vt 0.9565 0.10446
vt 0.95645 0.10442
vt 0.98134 0.20859
vt 0.98141 0.20839
vt 0.98141 0.20862
vt 0.98127 0.20858
vt 0.98134 0.20837
vt 0.98035 0.20836
vt 0.98035 0.20858
vt 0.98028 0.20837
vt 0.98028 0.20859
vt 0.98022 0.20839
vt 0.98022 0.20862
vt 0.95059 0.47678
vt 0.95054 0.47682
vt 0.95666 0.10419
vt 0.95641 0.10439
vt 0.9566 0.10416
vt 0.98141 0.20814
vt 0.98127 0.20836
vt 0.98134 0.20812
vt 0.98035 0.20812
vt 0.98028 0.20812
vt 0.98022 0.20814
vt 0.95044 0.47653
vt 0.95063 0.47675
vt 0.95038 0.47656
vt 0.95678 0.10391
vt 0.95656 0.10414
vt 0.95672 0.10389
vt 0.98141 0.20787
vt 0.98127 0.20812
vt 0.98134 0.20786
vt 0.98035 0.20786
vt 0.98028 0.20786
vt 0.98022 0.20787
vt 0.95032 0.47625
vt 0.95048 0.4765
vt 0.95026 0.47627
vt 0.95685 0.10361
vt 0.95667 0.10387
vt 0.95679 0.1036
vt 0.98141 0.20759
vt 0.98127 0.20786
vt 0.98134 0.20758
vt 0.98035 0.20758
vt 0.98028 0.20758
vt 0.98022 0.20759
vt 0.95025 0.47596
vt 0.95037 0.47624
vt 0.95019 0.47597
vt 0.9569 0.1033
vt 0.98146 0.20729
vt 0.98146 0.2076
vt 0.98141 0.20729
vt 0.98127 0.20758
vt 0.98134 0.20728
vt 0.98035 0.20728
vt 0.98028 0.20728
vt 0.98022 0.20729
vt 0.98017 0.20729
vt 0.98017 0.2076
vt 0.95014 0.47566
vt 0.95683 0.1033
vt 0.95691 0.10298
vt 0.98146 0.20698
vt 0.98141 0.20698
vt 0.98127 0.20728
vt 0.98134 0.20698
vt 0.98035 0.20698
vt 0.98028 0.20698
vt 0.98022 0.20698
vt 0.98017 0.20698
vt 0.95013 0.47535
vt 0.95021 0.47566
vt 0.95688 0.10264
vt 0.95682 0.10264
vt 0.95684 0.10299
vt 0.98141 0.20665
vt 0.98134 0.20665
vt 0.98127 0.20665
vt 0.98127 0.20698
vt 0.98035 0.20665
vt 0.98028 0.20665
vt 0.98022 0.20665
vt 0.95022 0.47501
vt 0.9502 0.47535
vt 0.95015 0.475
vt 0.95683 0.10232
vt 0.95677 0.10233
vt 0.95672 0.10234
vt 0.95677 0.10265
vt 0.98134 0.20635
vt 0.98127 0.20635
vt 0.98035 0.20635
vt 0.98028 0.20635
vt 0.98017 0.20664
vt 0.98022 0.20634
vt 0.95027 0.47469
vt 0.95021 0.47468
vt 0.95673 0.10202
vt 0.95667 0.10204
vt 0.95663 0.10206
vt 0.98134 0.20607
vt 0.98141 0.20634
vt 0.98127 0.20608
vt 0.98035 0.20608
vt 0.98028 0.20607
vt 0.95041 0.47442
vt 0.95032 0.4747
vt 0.95037 0.47441
vt 0.95031 0.47438
vt 0.9566 0.10175
vt 0.95654 0.10179
vt 0.9565 0.10181
vt 0.98134 0.20583
vt 0.98141 0.20606
vt 0.98127 0.20583
vt 0.98035 0.20583
vt 0.98022 0.20606
vt 0.98028 0.20583
vt 0.95054 0.47417
vt 0.9505 0.47415
vt 0.95044 0.47411
vt 0.95642 0.10151
vt 0.95638 0.10156
vt 0.95634 0.10159
vt 0.98134 0.20561
vt 0.98141 0.20581
vt 0.98127 0.20562
vt 0.98035 0.20562
vt 0.98022 0.20581
vt 0.98028 0.20561
vt 0.9507 0.47395
vt 0.95066 0.47392
vt 0.95061 0.47387
vt 0.95621 0.1013
vt 0.95617 0.10135
vt 0.98026 0.8266
vt 0.98032 0.82641
vt 0.98032 0.82662
vt 0.98019 0.82659
vt 0.98026 0.82639
vt 0.97927 0.82639
vt 0.97927 0.82659
vt 0.9792 0.82639
vt 0.9792 0.8266
vt 0.97913 0.82641
vt 0.97913 0.82662
vt 0.95087 0.47371
vt 0.95083 0.47366
vt 0.95595 0.10112
vt 0.95614 0.10139
vt 0.95592 0.10117
vt 0.98032 0.82616
vt 0.98019 0.82639
vt 0.98026 0.82615
vt 0.97927 0.82614
vt 0.9792 0.82615
vt 0.97913 0.82616
vt 0.95112 0.47354
vt 0.9509 0.47375
vt 0.95109 0.47348
vt 0.95564 0.10097
vt 0.95589 0.10122
vt 0.95562 0.10103
vt 0.98032 0.82586
vt 0.98019 0.82614
vt 0.98026 0.82585
vt 0.97927 0.82585
vt 0.9792 0.82585
vt 0.97913 0.82586
vt 0.95142 0.47339
vt 0.95115 0.47358
vt 0.9514 0.47333
vt 0.95529 0.10084
vt 0.9556 0.10107
vt 0.95527 0.1009
vt 0.98032 0.82552
vt 0.98019 0.82585
vt 0.98026 0.82551
vt 0.97927 0.82551
vt 0.9792 0.82551
vt 0.97913 0.82552
vt 0.95177 0.47327
vt 0.95144 0.47343
vt 0.95175 0.4732
vt 0.95488 0.10075
vt 0.95526 0.10095
vt 0.95487 0.10082
vt 0.98032 0.82512
vt 0.98019 0.82551
vt 0.98026 0.82512
vt 0.97927 0.82512
vt 0.9792 0.82512
vt 0.97913 0.82512
vt 0.95217 0.47318
vt 0.95178 0.47332
vt 0.95216 0.47312
vt 0.95442 0.1007
vt 0.98037 0.82467
vt 0.98037 0.82513
vt 0.98032 0.82467
vt 0.98019 0.82512
vt 0.98026 0.82467
vt 0.97927 0.82467
vt 0.9792 0.82467
vt 0.97913 0.82467
vt 0.97908 0.82467
vt 0.97908 0.82513
vt 0.95262 0.47306
vt 0.95442 0.10076
vt 0.95391 0.10068
vt 0.98037 0.82416
vt 0.98032 0.82416
vt 0.98019 0.82467
vt 0.98026 0.82416
vt 0.97927 0.82416
vt 0.9792 0.82416
vt 0.97913 0.82416
vt 0.97908 0.82416
vt 0.95313 0.47304
vt 0.95262 0.47312
vt 0.95253 0.10068
vt 0.9526 0.10074
vt 0.95391 0.10074
vt 0.98032 0.8229
vt 0.98026 0.82294
vt 0.98019 0.82295
vt 0.98019 0.82416
vt 0.97927 0.82295
vt 0.9792 0.82294
vt 0.97913 0.8229
vt 0.95444 0.4731
vt 0.95313 0.4731
vt 0.95451 0.47304
vt 0.95258 0.10538
vt 0.95263 0.10533
vt 0.95265 0.10079
vt 0.9772 0.2645
vt 0.97713 0.25999
vt 0.9772 0.26002
vt 0.97727 0.26003
vt 0.97819 0.26449
vt 0.97819 0.26003
vt 0.97826 0.2645
vt 0.97826 0.26002
vt 0.97832 0.26453
vt 0.97832 0.25999
vt 0.95441 0.47769
vt 0.95439 0.47315
vt 0.95452 0.47781
vt 0.95252 0.10545
vt 0.98023 0.01092
vt 0.98016 0.01089
vt 0.9803 0.01093
vt 0.98122 0.01093
vt 0.98129 0.01092
vt 0.98135 0.01089
vt 0.95446 0.47775
vt 0.54545 0.92437
vt 0.54754 0.92899
vt 0.54541 0.92444
vt 0.5475 0.92905
vt 0.54538 0.92449
vt 0.54747 0.9291
vt 0.9751 0.97186
vt 0.97517 0.97643
vt 0.9751 0.97646
vt 0.97503 0.97187
vt 0.97503 0.97647
vt 0.97411 0.97187
vt 0.97411 0.97648
vt 0.97404 0.97646
vt 0.97398 0.97643
vt 0.97404 0.97186
vt 0.91558 0.25954
vt 0.9177 0.25498
vt 0.91561 0.25959
vt 0.91554 0.25948
vt 0.91767 0.25493
vt 0.91763 0.25486
vt 0.53889 0.92437
vt 0.53893 0.92444
vt 0.36633 0.85639
vt 0.36638 0.86284
vt 0.36633 0.86281
vt 0.36627 0.85641
vt 0.36627 0.86279
vt 0.3662 0.85642
vt 0.3662 0.86278
vt 0.36528 0.85642
vt 0.36528 0.86278
vt 0.36521 0.86279
vt 0.36514 0.86281
vt 0.36521 0.85641
vt 0.36509 0.86284
vt 0.36514 0.85639
vt 0.92416 0.25493
vt 0.9242 0.25486
vt 0.53691 0.92899
vt 0.53896 0.92449
vt 0.53695 0.92905
vt 0.95107 0.97186
vt 0.95101 0.97652
vt 0.95101 0.97183
vt 0.95114 0.97187
vt 0.95107 0.97655
vt 0.95206 0.97656
vt 0.95206 0.97187
vt 0.95213 0.97655
vt 0.95213 0.97186
vt 0.9522 0.97652
vt 0.9522 0.97183
vt 0.92613 0.25954
vt 0.92412 0.25498
vt 0.92617 0.25948
vt 0.53446 0.92899
vt 0.2288 0.9823
vt 0.22885 0.97967
vt 0.22885 0.98226
vt 0.22873 0.98232
vt 0.2288 0.9796
vt 0.22866 0.98233
vt 0.22873 0.97955
vt 0.22774 0.97953
vt 0.22774 0.98233
vt 0.22767 0.97955
vt 0.22767 0.98232
vt 0.22761 0.9796
vt 0.22761 0.9823
vt 0.22756 0.97967
vt 0.22756 0.98226
vt 0.92863 0.25948
vt 0.54125 0.91309
vt 0.54121 0.91302
vt 0.53436 0.92905
vt 0.54117 0.91297
vt 0.53429 0.9291
vt 0.2047 0.51534
vt 0.20477 0.53155
vt 0.2047 0.53158
vt 0.20463 0.51533
vt 0.20463 0.53159
vt 0.20372 0.51533
vt 0.20372 0.53159
vt 0.20364 0.53158
vt 0.20358 0.53155
vt 0.20364 0.51534
vt 0.92872 0.25954
vt 0.92191 0.24346
vt 0.9288 0.25959
vt 0.92188 0.24352
vt 0.92183 0.24358
vt 0.54293 0.91309
vt 0.54297 0.91302
vt 0.543 0.91297
vt 0.11929 0.98762
vt 0.11922 0.98578
vt 0.11929 0.98575
vt 0.11936 0.98763
vt 0.11936 0.98575
vt 0.12028 0.98763
vt 0.12028 0.98575
vt 0.12035 0.98575
vt 0.12041 0.98578
vt 0.12035 0.98762
vt 0.92008 0.24346
vt 0.92012 0.24352
vt 0.92016 0.24358
vt 0.55 0.92899
vt 0.5501 0.92905
vt 0.36516 0.65204
vt 0.36509 0.66792
vt 0.36509 0.65207
vt 0.36523 0.65203
vt 0.36516 0.66795
vt 0.36615 0.66796
vt 0.36615 0.65202
vt 0.36622 0.66795
vt 0.36622 0.65204
vt 0.36628 0.66792
vt 0.36628 0.65207
vt 0.91299 0.25954
vt 0.91309 0.25948
vt 0.39072 0.97955
vt 0.39077 0.98217
vt 0.39072 0.98225
vt 0.39066 0.97953
vt 0.39066 0.9823
vt 0.39059 0.97952
vt 0.39059 0.98232
vt 0.38967 0.97952
vt 0.38967 0.98232
vt 0.3896 0.9823
vt 0.38954 0.98225
vt 0.3896 0.97953
vt 0.38948 0.98217
vt 0.38954 0.97955
vt 0.54206 0.91678
vt 0.54447 0.92221
vt 0.54206 0.91695
vt 0.54437 0.92214
vt 0.54206 0.91708
vt 0.5443 0.92209
vt 0.61237 0.96968
vt 0.61243 0.9746
vt 0.61237 0.97457
vt 0.6123 0.96971
vt 0.6123 0.97456
vt 0.61138 0.96971
vt 0.61138 0.97456
vt 0.61131 0.97457
vt 0.61124 0.9746
vt 0.61131 0.96969
vt 0.91871 0.25263
vt 0.92102 0.24757
vt 0.91879 0.25258
vt 0.91861 0.2527
vt 0.92102 0.24744
vt 0.92103 0.24727
vt 0.53982 0.92221
vt 0.53992 0.92214
vt 0.33859 0.96645
vt 0.33852 0.97146
vt 0.33852 0.96637
vt 0.33866 0.96648
vt 0.33859 0.97143
vt 0.33958 0.97142
vt 0.33958 0.96649
vt 0.33965 0.97143
vt 0.33965 0.96646
vt 0.33971 0.97147
vt 0.33971 0.96637
vt 0.92317 0.25263
vt 0.92327 0.2527
vt 0.53999 0.92209
vt 0.94447 0.51295
vt 0.94441 0.5087
vt 0.94447 0.50875
vt 0.94454 0.51294
vt 0.94454 0.50876
vt 0.94546 0.51294
vt 0.94546 0.50876
vt 0.94553 0.50875
vt 0.94559 0.5087
vt 0.94553 0.51295
vt 0.92309 0.25258
vt 0.61136 0.75325
vt 0.61136 0.76905
vt 0.6113 0.75318
vt 0.6113 0.76912
vt 0.20482 0.32585
vt 0.20487 0.34183
vt 0.20482 0.34189
vt 0.20476 0.32582
vt 0.20476 0.34192
vt 0.20469 0.34193
vt 0.20377 0.32581
vt 0.20377 0.34193
vt 0.20369 0.32582
vt 0.20369 0.34192
vt 0.20363 0.32585
vt 0.20363 0.34189
vt 0.20358 0.3259
vt 0.20358 0.34183
vt 0.61376 0.71543
vt 0.61382 0.7313
vt 0.61376 0.73124
vt 0.61375 0.75325
vt 0.61382 0.75318
vt 0.61387 0.75313
vt 0.61125 0.75313
vt 0.66034 0.98748
vt 0.66028 0.98483
vt 0.66034 0.9848
vt 0.66041 0.98749
vt 0.66041 0.98478
vt 0.66133 0.98749
vt 0.66133 0.98478
vt 0.66141 0.98748
vt 0.66141 0.9848
vt 0.66147 0.98745
vt 0.66147 0.98483
vt 0.6113 0.71537
vt 0.61387 0.71532
vt 0.61382 0.71537
vt 0.61136 0.71543
vt 0.61375 0.76905
vt 0.61382 0.76912
vt 0.61387 0.76917
vt 0.20364 0.60752
vt 0.20358 0.59147
vt 0.20364 0.59143
vt 0.20372 0.60753
vt 0.20372 0.59142
vt 0.20463 0.60753
vt 0.20463 0.59142
vt 0.2047 0.59143
vt 0.20477 0.60749
vt 0.20477 0.59147
vt 0.6113 0.7313
vt 0.61125 0.71532
vt 0.61136 0.73124
vt 0.98565 0.12301
vt 0.98571 0.12558
vt 0.98565 0.12563
vt 0.98559 0.12298
vt 0.98559 0.12567
vt 0.98552 0.12297
vt 0.98552 0.12568
vt 0.9846 0.12297
vt 0.9846 0.12568
vt 0.98453 0.12298
vt 0.98453 0.12567
vt 0.98447 0.12301
vt 0.98447 0.12563
vt 0.98442 0.12306
vt 0.98442 0.12558
vt 0.70695 0.92111
vt 0.71732 0.93305
vt 0.70701 0.92128
vt 0.71729 0.93311
vt 0.70707 0.92141
vt 0.71727 0.93316
vt 0.61237 0.79104
vt 0.61243 0.80263
vt 0.61237 0.80266
vt 0.6123 0.79107
vt 0.6123 0.80267
vt 0.61138 0.79107
vt 0.61138 0.80267
vt 0.61131 0.80266
vt 0.61125 0.80263
vt 0.61131 0.79104
vt 0.92021 0.77682
vt 0.93043 0.76513
vt 0.92023 0.77688
vt 0.92018 0.77676
vt 0.93048 0.76499
vt 0.93055 0.76482
vt 0.70695 0.93305
vt 0.70701 0.93311
vt 0.20313 0.7751
vt 0.20306 0.78675
vt 0.20306 0.77502
vt 0.2032 0.77513
vt 0.20313 0.78679
vt 0.20412 0.7868
vt 0.20412 0.77513
vt 0.20419 0.78679
vt 0.20419 0.7751
vt 0.20425 0.78675
vt 0.20425 0.77502
vt 0.93048 0.77682
vt 0.93055 0.77676
vt 0.70469 0.93305
vt 0.70463 0.93311
vt 0.14343 0.98565
vt 0.14348 0.98808
vt 0.14343 0.98813
vt 0.14337 0.98562
vt 0.14337 0.98817
vt 0.1433 0.98561
vt 0.1433 0.98818
vt 0.14238 0.98561
vt 0.14238 0.98818
vt 0.14231 0.98562
vt 0.14231 0.98817
vt 0.14224 0.98565
vt 0.14224 0.98813
vt 0.14219 0.9857
vt 0.14219 0.98808
vt 0.9328 0.77676
vt 0.70469 0.91724
vt 0.70463 0.91718
vt 0.20482 0.40166
vt 0.20487 0.41764
vt 0.20482 0.41769
vt 0.20476 0.40163
vt 0.20476 0.41773
vt 0.20469 0.41774
vt 0.20377 0.40161
vt 0.20377 0.41774
vt 0.20369 0.40163
vt 0.20369 0.41773
vt 0.20363 0.40166
vt 0.20363 0.41769
vt 0.20358 0.40171
vt 0.20358 0.41764
vt 0.9328 0.76095
vt 0.93287 0.77682
vt 0.70659 0.91724
vt 0.70662 0.91718
vt 0.70664 0.91713
vt 0.70458 0.91713
vt 0.49669 0.98786
vt 0.49662 0.98578
vt 0.49669 0.98575
vt 0.49676 0.98786
vt 0.49676 0.98574
vt 0.49768 0.98786
vt 0.49768 0.98574
vt 0.49775 0.98575
vt 0.49781 0.98578
vt 0.49775 0.98786
vt 0.93287 0.76089
vt 0.93085 0.76084
vt 0.93292 0.76084
vt 0.93088 0.76089
vt 0.93091 0.76095
vt 0.7171 0.92925
vt 0.71703 0.92908
vt 0.71698 0.92895
vt 0.42578 0.80477
vt 0.42572 0.79343
vt 0.42578 0.7934
vt 0.42585 0.80474
vt 0.42585 0.79339
vt 0.42677 0.80473
vt 0.42677 0.79339
vt 0.42684 0.7934
vt 0.4269 0.79343
vt 0.42684 0.80476
vt 0.92051 0.77266
vt 0.92046 0.77279
vt 0.9204 0.77296
vt 0.7171 0.91724
vt 0.36633 0.77245
vt 0.36638 0.76068
vt 0.36638 0.77258
vt 0.36627 0.77236
vt 0.36633 0.76063
vt 0.3662 0.77233
vt 0.36627 0.7606
vt 0.36528 0.76059
vt 0.36528 0.77233
vt 0.36521 0.7606
vt 0.36521 0.77236
vt 0.36514 0.76063
vt 0.36514 0.77245
vt 0.36509 0.76068
vt 0.36509 0.77258
vt 0.9204 0.76095
vt 0.71935 0.91724
vt 0.71942 0.91718
vt 0.71703 0.91718
vt 0.71698 0.91713
vt 0.44955 0.98821
vt 0.44949 0.9857
vt 0.44955 0.98567
vt 0.44963 0.98565
vt 0.45054 0.98823
vt 0.45054 0.98565
vt 0.45061 0.98821
vt 0.45061 0.98567
vt 0.45068 0.98818
vt 0.45068 0.9857
vt 0.92046 0.76089
vt 0.91803 0.76084
vt 0.92051 0.76084
vt 0.91815 0.76095
vt 0.71935 0.93305
vt 0.71942 0.93311
vt 0.71947 0.93316
vt 0.71947 0.91713
vt 0.36516 0.63023
vt 0.36509 0.61418
vt 0.36516 0.61414
vt 0.36523 0.63025
vt 0.36523 0.61413
vt 0.36615 0.63025
vt 0.36615 0.61413
vt 0.36622 0.61414
vt 0.36628 0.6302
vt 0.36628 0.61418
vt 0.91808 0.77682
vt 0.91808 0.76089
vt 0.91815 0.77676
vt 0.91927 0.79868
vt 0.91932 0.80082
vt 0.91927 0.80087
vt 0.91921 0.79866
vt 0.91921 0.80091
vt 0.91914 0.79866
vt 0.91914 0.80092
vt 0.91822 0.79866
vt 0.91822 0.80092
vt 0.91814 0.80091
vt 0.91808 0.80087
vt 0.91814 0.79866
vt 0.91803 0.80082
vt 0.91808 0.79868
vt 0.9305 0.72675
vt 0.9305 0.73894
vt 0.93044 0.72681
vt 0.93044 0.73901
vt 0.42696 0.72535
vt 0.42701 0.7375
vt 0.42696 0.73755
vt 0.42689 0.72539
vt 0.42689 0.73758
vt 0.42682 0.7254
vt 0.42682 0.7376
vt 0.4259 0.7254
vt 0.4259 0.7376
vt 0.42583 0.73758
vt 0.42577 0.73755
vt 0.42583 0.72539
vt 0.42572 0.7375
vt 0.42577 0.72535
vt 0.452 0.92892
vt 0.45206 0.91679
vt 0.45206 0.92898
vt 0.452 0.91672
vt 0.74132 0.98899
vt 0.74125 0.98901
vt 0.74132 0.98894
vt 0.74138 0.98903
vt 0.74138 0.98887
vt 0.74143 0.98905
vt 0.74143 0.98882
vt 0.98801 0.33443
vt 0.98825 0.33437
vt 0.98828 0.33443
vt 0.988 0.3345
vt 0.98829 0.3345
vt 0.988 0.33542
vt 0.98829 0.33542
vt 0.98828 0.33549
vt 0.98825 0.33556
vt 0.98801 0.33549
vt 0.20312 0.89599
vt 0.20306 0.89616
vt 0.20306 0.89593
vt 0.20318 0.89605
vt 0.20312 0.89614
vt 0.20325 0.89612
vt 0.20318 0.89611
vt 0.93056 0.72675
vt 0.93059 0.72681
vt 0.92573 0.73281
vt 0.93061 0.72686
vt 0.92577 0.73287
vt 0.36516 0.94115
vt 0.36509 0.94736
vt 0.36509 0.94112
vt 0.36523 0.94116
vt 0.36516 0.94739
vt 0.36615 0.94741
vt 0.36615 0.94116
vt 0.36622 0.94739
vt 0.36622 0.94115
vt 0.36628 0.94736
vt 0.36628 0.94112
vt 0.45673 0.92285
vt 0.45188 0.91684
vt 0.45191 0.91679
vt 0.45676 0.92279
vt 0.45194 0.91672
vt 0.9253 0.73281
vt 0.92527 0.73287
vt 0.20552 0.70706
vt 0.205 0.70712
vt 0.20498 0.70706
vt 0.20554 0.707
vt 0.20496 0.707
vt 0.20495 0.70693
vt 0.20554 0.70601
vt 0.20495 0.70601
vt 0.20554 0.70594
vt 0.20496 0.70594
vt 0.20498 0.70588
vt 0.2055 0.70582
vt 0.205 0.70582
vt 0.4572 0.92279
vt 0.92048 0.72675
vt 0.92045 0.72681
vt 0.92042 0.72686
vt 0.92525 0.73293
vt 0.20092 0.95526
vt 0.20099 0.96125
vt 0.20092 0.96129
vt 0.20085 0.95527
vt 0.20085 0.9613
vt 0.19993 0.95527
vt 0.19993 0.9613
vt 0.19986 0.96129
vt 0.1998 0.96126
vt 0.19986 0.95526
vt 0.45723 0.92285
vt 0.46208 0.91684
vt 0.45725 0.9229
vt 0.46205 0.91679
vt 0.46202 0.91672
vt 0.77561 0.98883
vt 0.77554 0.98882
vt 0.77554 0.98887
vt 0.77567 0.9888
vt 0.77561 0.98889
vt 0.77572 0.98878
vt 0.77567 0.98896
vt 0.20524 0.75203
vt 0.205 0.75197
vt 0.20523 0.75197
vt 0.20525 0.7521
vt 0.20497 0.75203
vt 0.20495 0.75302
vt 0.20525 0.75302
vt 0.20497 0.75309
vt 0.20524 0.75309
vt 0.205 0.75316
vt 0.20523 0.75316
vt 0.42666 0.92129
vt 0.42661 0.92112
vt 0.42666 0.92114
vt 0.42673 0.92123
vt 0.42673 0.92117
vt 0.4268 0.92116
vt 0.4268 0.92121
vt 0.92054 0.72675
vt 0.9206 0.72681
vt 0.92054 0.73894
vt 0.92065 0.72686
vt 0.9206 0.73901
vt 0.42578 0.75941
vt 0.42572 0.77156
vt 0.42572 0.75938
vt 0.42585 0.75942
vt 0.42578 0.7716
vt 0.42677 0.7716
vt 0.42677 0.75942
vt 0.42684 0.7716
vt 0.42684 0.75941
vt 0.4269 0.77156
vt 0.4269 0.75938
vt 0.4619 0.92898
vt 0.46185 0.91684
vt 0.4619 0.91679
vt 0.46196 0.92892
vt 0.46196 0.91672
vt 0.91814 0.73894
vt 0.63845 0.98483
vt 0.6385 0.9874
vt 0.63845 0.98745
vt 0.63838 0.98748
vt 0.63831 0.98479
vt 0.63831 0.98749
vt 0.6374 0.98479
vt 0.6374 0.98749
vt 0.63732 0.98479
vt 0.63732 0.98748
vt 0.63726 0.98483
vt 0.63726 0.98745
vt 0.63721 0.9874
vt 0.46436 0.92892
vt 0.91814 0.72314
vt 0.91808 0.72307
vt 0.91808 0.73901
vt 0.20482 0.43956
vt 0.20487 0.45555
vt 0.20482 0.4556
vt 0.20476 0.43953
vt 0.20476 0.45563
vt 0.20469 0.45564
vt 0.20377 0.43952
vt 0.20377 0.45564
vt 0.20369 0.43953
vt 0.20369 0.45563
vt 0.20363 0.43956
vt 0.20363 0.4556
vt 0.20358 0.43961
vt 0.20358 0.45555
vt 0.46436 0.91311
vt 0.46442 0.92898
vt 0.92036 0.72314
vt 0.92039 0.72307
vt 0.92042 0.72302
vt 0.91803 0.72302
vt 0.88381 0.98813
vt 0.88374 0.98573
vt 0.88381 0.9857
vt 0.88388 0.98814
vt 0.88388 0.98569
vt 0.8848 0.98814
vt 0.8848 0.98569
vt 0.88487 0.9857
vt 0.88493 0.98573
vt 0.88487 0.98813
vt 0.46442 0.91305
vt 0.46208 0.913
vt 0.46447 0.913
vt 0.46211 0.91305
vt 0.46214 0.91311
vt 0.92552 0.72953
vt 0.92552 0.72942
vt 0.92552 0.72934
vt 0.04776 0.75323
vt 0.0477 0.74716
vt 0.04776 0.74713
vt 0.04783 0.75321
vt 0.04783 0.74712
vt 0.04875 0.75321
vt 0.04875 0.74711
vt 0.04882 0.74713
vt 0.04888 0.74716
vt 0.04882 0.75323
vt 0.45698 0.91932
vt 0.45698 0.9194
vt 0.45698 0.9195
vt 0.9307 0.72314
vt 0.93067 0.72307
vt 0.36622 0.91929
vt 0.36628 0.91298
vt 0.36628 0.91934
vt 0.36615 0.91927
vt 0.36622 0.91295
vt 0.36523 0.91294
vt 0.36523 0.91927
vt 0.36516 0.91295
vt 0.36516 0.91928
vt 0.36509 0.91298
vt 0.36509 0.91934
vt 0.45183 0.91305
vt 0.4518 0.91311
vt 0.93289 0.72314
vt 0.93064 0.72302
vt 0.93296 0.72307
vt 0.53435 0.98573
vt 0.53429 0.98811
vt 0.53429 0.98574
vt 0.53442 0.98572
vt 0.53435 0.98814
vt 0.53534 0.98815
vt 0.53534 0.98572
vt 0.53541 0.98814
vt 0.53541 0.98573
vt 0.53548 0.98811
vt 0.53548 0.98574
vt 0.44954 0.91305
vt 0.45186 0.913
vt 0.44961 0.91311
vt 0.93289 0.73894
vt 0.93296 0.73901
vt 0.93301 0.73906
vt 0.93301 0.72302
vt 0.42578 0.63034
vt 0.42572 0.61428
vt 0.42578 0.61425
vt 0.42585 0.63035
vt 0.42585 0.61424
vt 0.42677 0.63035
vt 0.42677 0.61424
vt 0.42684 0.61425
vt 0.4269 0.63031
vt 0.4269 0.61428
vt 0.44954 0.92898
vt 0.44949 0.913
vt 0.44961 0.92892
vt 0.20104 0.98312
vt 0.20109 0.98569
vt 0.20104 0.98574
vt 0.20097 0.98309
vt 0.20097 0.98578
vt 0.2009 0.98308
vt 0.2009 0.98579
vt 0.19998 0.98308
vt 0.19998 0.98579
vt 0.19991 0.98309
vt 0.19991 0.98578
vt 0.19985 0.98312
vt 0.19985 0.98574
vt 0.1998 0.98317
vt 0.1998 0.98569
vt 0.50779 0.92439
vt 0.50988 0.929
vt 0.50775 0.92445
vt 0.50984 0.92907
vt 0.50772 0.9245
vt 0.50981 0.92912
vt 0.97826 0.23359
vt 0.97832 0.23816
vt 0.97826 0.2382
vt 0.97819 0.23361
vt 0.97819 0.23821
vt 0.97727 0.23361
vt 0.97727 0.23821
vt 0.9772 0.2382
vt 0.97713 0.23817
vt 0.9772 0.2336
vt 0.84875 0.92652
vt 0.85087 0.92195
vt 0.84878 0.92657
vt 0.84871 0.92646
vt 0.85084 0.9219
vt 0.8508 0.92184
vt 0.50122 0.92439
vt 0.50126 0.92445
vt 0.42696 0.85701
vt 0.42701 0.86346
vt 0.42696 0.86342
vt 0.42689 0.85703
vt 0.42689 0.8634
vt 0.42682 0.85704
vt 0.42682 0.8634
vt 0.4259 0.85704
vt 0.4259 0.8634
vt 0.42583 0.8634
vt 0.42577 0.86342
vt 0.42583 0.85703
vt 0.42572 0.86346
vt 0.42577 0.85701
vt 0.85732 0.9219
vt 0.85737 0.92184
vt 0.49925 0.929
vt 0.5013 0.9245
vt 0.49929 0.92907
vt 0.42575 0.9712
vt 0.42569 0.97586
vt 0.42569 0.97117
vt 0.42582 0.97121
vt 0.42575 0.97589
vt 0.42674 0.9759
vt 0.42674 0.97121
vt 0.42681 0.97589
vt 0.42681 0.9712
vt 0.42688 0.97586
vt 0.42688 0.97117
vt 0.8593 0.92652
vt 0.85729 0.92195
vt 0.85934 0.92646
vt 0.4968 0.929
vt 0.25187 0.9823
vt 0.25192 0.97967
vt 0.25192 0.98226
vt 0.2518 0.98232
vt 0.25187 0.9796
vt 0.25173 0.98233
vt 0.2518 0.97955
vt 0.25081 0.97953
vt 0.25081 0.98233
vt 0.25074 0.97955
vt 0.25074 0.98232
vt 0.25068 0.9796
vt 0.25068 0.9823
vt 0.25063 0.97967
vt 0.25063 0.98226
vt 0.86179 0.92646
vt 0.50358 0.91311
vt 0.50354 0.91304
vt 0.4967 0.92907
vt 0.50351 0.91299
vt 0.49662 0.92912
vt 0.2047 0.55339
vt 0.20477 0.56959
vt 0.2047 0.56963
vt 0.20463 0.55337
vt 0.20463 0.56964
vt 0.20372 0.55337
vt 0.20372 0.56964
vt 0.20364 0.56963
vt 0.20358 0.56959
vt 0.20364 0.55339
vt 0.86189 0.92652
vt 0.85508 0.91044
vt 0.86196 0.92657
vt 0.85504 0.91049
vt 0.855 0.91056
vt 0.50526 0.91311
vt 0.5053 0.91304
vt 0.50534 0.91299
vt 0.08063 0.98811
vt 0.08057 0.98626
vt 0.08063 0.98623
vt 0.0807 0.98811
vt 0.0807 0.98623
vt 0.08162 0.98811
vt 0.08162 0.98623
vt 0.08169 0.98623
vt 0.08175 0.98626
vt 0.08169 0.98811
vt 0.85325 0.91044
vt 0.85328 0.91049
vt 0.85332 0.91056
vt 0.51233 0.929
vt 0.51243 0.92907
vt 0.42578 0.65214
vt 0.42572 0.66802
vt 0.42572 0.65218
vt 0.42585 0.65213
vt 0.42578 0.66805
vt 0.42677 0.66807
vt 0.42677 0.65213
vt 0.42684 0.66805
vt 0.42684 0.65214
vt 0.4269 0.66802
vt 0.4269 0.65218
vt 0.84616 0.92652
vt 0.84625 0.92646
vt 0.98227 0.40307
vt 0.98232 0.40569
vt 0.98227 0.40577
vt 0.98221 0.40305
vt 0.98221 0.40582
vt 0.98214 0.40304
vt 0.98214 0.40584
vt 0.98122 0.40304
vt 0.98122 0.40584
vt 0.98115 0.40582
vt 0.98108 0.40577
vt 0.98115 0.40305
vt 0.98103 0.40569
vt 0.98108 0.40307
vt 0.50439 0.9168
vt 0.50681 0.92222
vt 0.50439 0.91696
vt 0.50671 0.92216
vt 0.5044 0.91709
vt 0.50663 0.92211
vt 0.36622 0.96927
vt 0.36628 0.97419
vt 0.36622 0.97415
vt 0.36615 0.9693
vt 0.36615 0.97414
vt 0.36523 0.9693
vt 0.36523 0.97415
vt 0.36516 0.97416
vt 0.36509 0.97419
vt 0.36516 0.96927
vt 0.85188 0.91961
vt 0.85419 0.91455
vt 0.85196 0.91956
vt 0.85178 0.91968
vt 0.85419 0.91442
vt 0.85419 0.91425
vt 0.50215 0.92222
vt 0.50225 0.92216
vt 0.30371 0.96646
vt 0.30364 0.97147
vt 0.30364 0.96638
vt 0.30378 0.96649
vt 0.30371 0.97143
vt 0.3047 0.97142
vt 0.3047 0.96649
vt 0.30477 0.97143
vt 0.30477 0.96646
vt 0.30483 0.97147
vt 0.30483 0.96638
vt 0.85634 0.91961
vt 0.85643 0.91968
vt 0.50233 0.92211
vt 0.96744 0.51295
vt 0.96737 0.5087
vt 0.96744 0.50875
vt 0.96751 0.51294
vt 0.96751 0.50876
vt 0.96843 0.51294
vt 0.96843 0.50876
vt 0.9685 0.50875
vt 0.96856 0.5087
vt 0.9685 0.51295
vt 0.85626 0.91956
vt 0.94961 0.82302
vt 0.94962 0.82295
vt 0.95033 0.82312
vt 0.94962 0.8229
vt 0.95034 0.82306
vt 0.42578 0.8316
vt 0.42572 0.83233
vt 0.42572 0.8316
vt 0.42585 0.8316
vt 0.42578 0.83234
vt 0.42677 0.83234
vt 0.42677 0.8316
vt 0.42684 0.83234
vt 0.42684 0.8316
vt 0.4269 0.83233
vt 0.4269 0.8316
vt 0.95137 0.43319
vt 0.95209 0.43304
vt 0.95209 0.43309
vt 0.95138 0.43326
vt 0.9521 0.43315
vt 0.951 0.82329
vt 0.95035 0.82301
vt 0.95102 0.82323
vt 0.42572 0.83302
vt 0.42585 0.83234
vt 0.42578 0.83303
vt 0.42677 0.83303
vt 0.42684 0.83303
vt 0.4269 0.83302
vt 0.95069 0.43337
vt 0.95135 0.43314
vt 0.95071 0.43343
vt 0.95161 0.82353
vt 0.95103 0.82319
vt 0.95163 0.82347
vt 0.42572 0.83364
vt 0.42585 0.83303
vt 0.42578 0.83366
vt 0.42677 0.83366
vt 0.42684 0.83366
vt 0.4269 0.83364
vt 0.95008 0.43361
vt 0.95068 0.43332
vt 0.9501 0.43366
vt 0.95215 0.82383
vt 0.95166 0.82343
vt 0.95219 0.82378
vt 0.42572 0.83422
vt 0.42585 0.83366
vt 0.42578 0.83423
vt 0.42677 0.83424
vt 0.42684 0.83423
vt 0.4269 0.83422
vt 0.94952 0.43391
vt 0.95005 0.43356
vt 0.94955 0.43396
vt 0.95264 0.82419
vt 0.95222 0.82373
vt 0.95268 0.82414
vt 0.42572 0.83472
vt 0.42585 0.83424
vt 0.42578 0.83474
vt 0.42677 0.83475
vt 0.42684 0.83474
vt 0.4269 0.83472
vt 0.94903 0.43427
vt 0.94949 0.43386
vt 0.94907 0.43432
vt 0.95306 0.8246
vt 0.95271 0.8241
vt 0.9531 0.82456
vt 0.42572 0.83516
vt 0.42585 0.83475
vt 0.42578 0.83519
vt 0.42677 0.83519
vt 0.42684 0.83519
vt 0.4269 0.83516
vt 0.9486 0.43469
vt 0.94899 0.43423
vt 0.94865 0.43473
vt 0.9534 0.82507
vt 0.95315 0.82453
vt 0.95346 0.82504
vt 0.61131 0.94175
vt 0.61124 0.94225
vt 0.61125 0.94178
vt 0.61138 0.94175
vt 0.61131 0.94223
vt 0.6123 0.94222
vt 0.6123 0.94175
vt 0.61237 0.94223
vt 0.61237 0.94175
vt 0.61243 0.94225
vt 0.61243 0.94178
vt 0.94825 0.43517
vt 0.94856 0.43466
vt 0.9483 0.43521
vt 0.95368 0.8256
vt 0.95374 0.82557
vt 0.95379 0.82555
vt 0.9535 0.82501
vt 0.61131 0.94276
vt 0.61138 0.94275
vt 0.61138 0.94222
vt 0.6123 0.94275
vt 0.61237 0.94276
vt 0.94792 0.43568
vt 0.9482 0.43514
vt 0.94797 0.4357
vt 0.94803 0.43573
vt 0.95388 0.82617
vt 0.95394 0.82615
vt 0.95399 0.82614
vt 0.61131 0.94334
vt 0.61124 0.94277
vt 0.61138 0.94334
vt 0.6123 0.94334
vt 0.61243 0.94277
vt 0.61237 0.94334
vt 0.94772 0.43627
vt 0.94777 0.43628
vt 0.94783 0.4363
vt 0.954 0.82679
vt 0.95406 0.82678
vt 0.95411 0.82678
vt 0.61131 0.94398
vt 0.61124 0.94335
vt 0.61138 0.94398
vt 0.6123 0.94398
vt 0.61243 0.94335
vt 0.61237 0.94398
vt 0.94759 0.43691
vt 0.94765 0.43691
vt 0.94771 0.43692
vt 0.95404 0.82746
vt 0.9541 0.82745
vt 0.95415 0.82745
vt 0.61131 0.94466
vt 0.61124 0.94398
vt 0.61138 0.94466
vt 0.6123 0.94466
vt 0.61243 0.94398
vt 0.61237 0.94466
vt 0.94756 0.43759
vt 0.94761 0.43759
vt 0.94767 0.43759
vt 0.95401 0.82791
vt 0.95408 0.82791
vt 0.95413 0.82792
vt 0.61131 0.94512
vt 0.61124 0.94466
vt 0.61138 0.94512
vt 0.6123 0.94512
vt 0.61243 0.94466
vt 0.61237 0.94512
vt 0.94758 0.43805
vt 0.94763 0.43804
vt 0.94769 0.43804
vt 0.95395 0.82834
vt 0.95402 0.82835
vt 0.61124 0.94557
vt 0.61124 0.94512
vt 0.61131 0.94557
vt 0.6123 0.94557
vt 0.61237 0.94557
vt 0.61243 0.94557
vt 0.61243 0.94512
vt 0.94769 0.43848
vt 0.94775 0.43847
vt 0.95386 0.82875
vt 0.95407 0.82836
vt 0.95392 0.82876
vt 0.61124 0.94599
vt 0.61138 0.94557
vt 0.61131 0.946
vt 0.6123 0.946
vt 0.61237 0.946
vt 0.61243 0.94599
vt 0.94779 0.4389
vt 0.94764 0.43849
vt 0.94785 0.43888
vt 0.95372 0.82913
vt 0.95397 0.82878
vt 0.95378 0.82916
vt 0.61124 0.9464
vt 0.61138 0.946
vt 0.61131 0.94641
vt 0.6123 0.94641
vt 0.61237 0.94641
vt 0.61243 0.9464
vt 0.94793 0.43929
vt 0.94774 0.43891
vt 0.94799 0.43927
vt 0.95355 0.8295
vt 0.95383 0.82918
vt 0.9536 0.82953
vt 0.61124 0.94678
vt 0.61138 0.94641
vt 0.61131 0.94679
vt 0.6123 0.9468
vt 0.61237 0.94679
vt 0.61243 0.94678
vt 0.9481 0.43966
vt 0.94788 0.43931
vt 0.94816 0.43963
vt 0.95334 0.82984
vt 0.95365 0.82956
vt 0.95339 0.82988
vt 0.61124 0.94714
vt 0.61138 0.94716
vt 0.61138 0.9468
vt 0.6123 0.94716
vt 0.61243 0.94714
vt 0.94832 0.44001
vt 0.94806 0.43969
vt 0.94837 0.43997
vt 0.95309 0.83016
vt 0.95314 0.8302
vt 0.95318 0.83023
vt 0.95343 0.82991
vt 0.61131 0.9475
vt 0.61131 0.94716
vt 0.61138 0.94751
vt 0.6123 0.94751
vt 0.61237 0.94716
vt 0.61237 0.9475
vt 0.94853 0.44037
vt 0.94828 0.44004
vt 0.94857 0.44033
vt 0.94862 0.44029
vt 0.95281 0.83045
vt 0.95286 0.8305
vt 0.95289 0.83054
vt 0.61131 0.94781
vt 0.61125 0.94748
vt 0.61138 0.94782
vt 0.6123 0.94782
vt 0.61243 0.94748
vt 0.61237 0.94781
vt 0.94882 0.44067
vt 0.94885 0.44063
vt 0.9489 0.44058
vt 0.9525 0.83072
vt 0.95254 0.83077
vt 0.95257 0.83081
vt 0.98754 0.5967
vt 0.98725 0.59676
vt 0.98722 0.5967
vt 0.98753 0.59663
vt 0.98721 0.59663
vt 0.98753 0.59571
vt 0.98721 0.59571
vt 0.98722 0.59564
vt 0.98725 0.59557
vt 0.98754 0.59564
vt 0.94914 0.44094
vt 0.94917 0.4409
vt 0.94921 0.44085
vt 0.95215 0.83096
vt 0.95218 0.83101
vt 0.95221 0.83105
vt 0.98789 0.5967
vt 0.98756 0.59676
vt 0.98788 0.59663
vt 0.98788 0.59571
vt 0.98756 0.59557
vt 0.98789 0.59564
vt 0.9495 0.44119
vt 0.94952 0.44114
vt 0.94956 0.44109
vt 0.95177 0.83117
vt 0.9518 0.83122
vt 0.95182 0.83127
vt 0.98827 0.5967
vt 0.98791 0.59676
vt 0.98826 0.59663
vt 0.98826 0.59571
vt 0.98791 0.59557
vt 0.98827 0.59564
vt 0.94988 0.4414
vt 0.94991 0.44136
vt 0.94994 0.4413
vt 0.95148 0.8313
vt 0.95161 0.83131
vt 0.95171 0.83132
vt 0.98833 0.5967
vt 0.98828 0.59676
vt 0.98831 0.59663
vt 0.98831 0.59571
vt 0.98828 0.59557
vt 0.98833 0.59564
vt 0.95 0.44145
vt 0.9501 0.44144
vt 0.95023 0.44143
vt 0.95172 0.83147
vt 0.95176 0.83142
vt 0.42764 0.89821
vt 0.42762 0.89815
vt 0.4277 0.89815
vt 0.42762 0.89828
vt 0.4276 0.89821
vt 0.42759 0.8992
vt 0.42762 0.8992
vt 0.4276 0.89927
vt 0.42764 0.89927
vt 0.42762 0.89933
vt 0.4277 0.89933
vt 0.94995 0.44155
vt 0.94998 0.44161
vt 0.95205 0.83174
vt 0.95209 0.8317
vt 0.95213 0.83166
vt 0.95179 0.83138
vt 0.42725 0.89821
vt 0.42725 0.89828
vt 0.42759 0.89828
vt 0.42725 0.8992
vt 0.42725 0.89927
vt 0.94958 0.44179
vt 0.94991 0.44151
vt 0.94961 0.44183
vt 0.94966 0.44188
vt 0.95236 0.83204
vt 0.95241 0.83199
vt 0.95244 0.83196
vt 0.42693 0.89821
vt 0.42728 0.89815
vt 0.42692 0.89828
vt 0.42692 0.8992
vt 0.42728 0.89933
vt 0.42693 0.89927
vt 0.94926 0.44209
vt 0.9493 0.44212
vt 0.94935 0.44217
vt 0.95266 0.83235
vt 0.95271 0.83231
vt 0.95274 0.83227
vt 0.42662 0.89821
vt 0.42695 0.89815
vt 0.42661 0.89828
vt 0.42661 0.8992
vt 0.42695 0.89933
vt 0.42662 0.89927
vt 0.94896 0.4424
vt 0.949 0.44244
vt 0.94905 0.44248
vt 0.95294 0.83268
vt 0.95299 0.83264
vt 0.95303 0.83261
vt 0.20313 0.86795
vt 0.20306 0.86765
vt 0.20313 0.86763
vt 0.2032 0.86794
vt 0.2032 0.86762
vt 0.20412 0.86794
vt 0.20412 0.86762
vt 0.20419 0.86762
vt 0.20425 0.86765
vt 0.20419 0.86795
vt 0.94868 0.44274
vt 0.94872 0.44277
vt 0.94877 0.44282
vt 0.95322 0.83304
vt 0.95327 0.833
vt 0.95331 0.83297
vt 0.20313 0.8683
vt 0.20306 0.86797
vt 0.2032 0.86829
vt 0.20412 0.86829
vt 0.20425 0.86797
vt 0.20419 0.8683
vt 0.9484 0.4431
vt 0.94844 0.44313
vt 0.94849 0.44317
vt 0.95349 0.83341
vt 0.95354 0.83338
vt 0.95359 0.83335
vt 0.20313 0.86867
vt 0.20306 0.86832
vt 0.2032 0.86866
vt 0.20412 0.86866
vt 0.20425 0.86832
vt 0.20419 0.86867
vt 0.94812 0.44348
vt 0.94817 0.44351
vt 0.94822 0.44355
vt 0.95376 0.83381
vt 0.95381 0.83377
vt 0.95386 0.83374
vt 0.20313 0.86905
vt 0.20306 0.86869
vt 0.2032 0.86905
vt 0.20412 0.86905
vt 0.20425 0.86869
vt 0.20419 0.86905
vt 0.94785 0.44388
vt 0.9479 0.4439
vt 0.94795 0.44394
vt 0.95403 0.83422
vt 0.95408 0.83419
vt 0.95413 0.83416
vt 0.20313 0.86946
vt 0.20306 0.86907
vt 0.2032 0.86945
vt 0.20412 0.86945
vt 0.20425 0.86907
vt 0.20419 0.86946
vt 0.94758 0.44429
vt 0.94763 0.44432
vt 0.94768 0.44436
vt 0.9543 0.83466
vt 0.95436 0.83463
vt 0.9544 0.8346
vt 0.20313 0.86989
vt 0.20306 0.86948
vt 0.2032 0.86988
vt 0.20412 0.86988
vt 0.20425 0.86948
vt 0.20419 0.86989
vt 0.94731 0.44473
vt 0.94735 0.44476
vt 0.94741 0.44479
vt 0.95458 0.83512
vt 0.95464 0.83509
vt 0.95468 0.83506
vt 0.20313 0.87033
vt 0.20306 0.86991
vt 0.2032 0.87033
vt 0.20412 0.87033
vt 0.20425 0.86991
vt 0.20419 0.87033
vt 0.94703 0.44519
vt 0.94707 0.44522
vt 0.94713 0.44525
vt 0.95487 0.8356
vt 0.95493 0.83556
vt 0.95497 0.83554
vt 0.20313 0.8708
vt 0.20306 0.87035
vt 0.2032 0.87079
vt 0.20412 0.87079
vt 0.20425 0.87035
vt 0.20419 0.8708
vt 0.94674 0.44567
vt 0.94678 0.4457
vt 0.94683 0.44573
vt 0.95503 0.83586
vt 0.95509 0.83582
vt 0.95513 0.8358
vt 0.20313 0.87105
vt 0.20306 0.87082
vt 0.2032 0.87105
vt 0.20412 0.87104
vt 0.20425 0.87082
vt 0.20419 0.87105
vt 0.94658 0.44593
vt 0.94662 0.44595
vt 0.94668 0.44599
vt 0.95518 0.8361
vt 0.95524 0.83606
vt 0.95528 0.83604
vt 0.20313 0.87129
vt 0.20306 0.87107
vt 0.2032 0.87128
vt 0.20412 0.87128
vt 0.20425 0.87107
vt 0.20419 0.87128
vt 0.94642 0.44617
vt 0.94647 0.4462
vt 0.94652 0.44623
vt 0.95533 0.83633
vt 0.95539 0.83629
vt 0.95543 0.83627
vt 0.20313 0.87151
vt 0.20306 0.87131
vt 0.20412 0.8715
vt 0.20419 0.87151
vt 0.20425 0.8713
vt 0.94628 0.4464
vt 0.94632 0.44643
vt 0.94637 0.44646
vt 0.95548 0.83655
vt 0.95553 0.83651
vt 0.20306 0.87174
vt 0.20306 0.87153
vt 0.2032 0.8715
vt 0.20313 0.87172
vt 0.20412 0.87171
vt 0.20419 0.87172
vt 0.20425 0.87174
vt 0.20425 0.87152
vt 0.94617 0.44665
vt 0.94623 0.44668
vt 0.95563 0.83677
vt 0.95558 0.83649
vt 0.95568 0.83673
vt 0.20306 0.87196
vt 0.2032 0.87172
vt 0.20313 0.87194
vt 0.20412 0.87193
vt 0.20419 0.87193
vt 0.20425 0.87195
vt 0.94603 0.44687
vt 0.94613 0.44662
vt 0.94608 0.4469
vt 0.95578 0.83699
vt 0.95572 0.83671
vt 0.95583 0.83696
vt 0.20306 0.87217
vt 0.2032 0.87193
vt 0.20313 0.87215
vt 0.20412 0.87214
vt 0.20419 0.87215
vt 0.20425 0.87217
vt 0.94588 0.44709
vt 0.94598 0.44684
vt 0.94593 0.44712
vt 0.95594 0.83722
vt 0.95588 0.83693
vt 0.95599 0.83719
vt 0.20306 0.8724
vt 0.2032 0.87214
vt 0.20313 0.87238
vt 0.20412 0.87237
vt 0.20419 0.87237
vt 0.20425 0.87239
vt 0.94571 0.44732
vt 0.94583 0.44706
vt 0.94577 0.44736
vt 0.95612 0.83747
vt 0.95604 0.83716
vt 0.95617 0.83743
vt 0.20306 0.87263
vt 0.2032 0.87237
vt 0.20313 0.87261
vt 0.20412 0.8726
vt 0.20419 0.87261
vt 0.20425 0.87263
vt 0.94554 0.44757
vt 0.94567 0.44729
vt 0.94559 0.4476
vt 0.9563 0.83774
vt 0.95621 0.8374
vt 0.95636 0.8377
vt 0.20306 0.87289
vt 0.2032 0.87261
vt 0.20313 0.87287
vt 0.20412 0.87286
vt 0.20419 0.87287
vt 0.20425 0.87289
vt 0.94535 0.44783
vt 0.9455 0.44754
vt 0.9454 0.44787
vt 0.95651 0.83803
vt 0.9564 0.83767
vt 0.95656 0.83799
vt 0.20306 0.87317
vt 0.2032 0.87286
vt 0.20313 0.87315
vt 0.20412 0.87314
vt 0.20419 0.87315
vt 0.20425 0.87317
vt 0.94514 0.44812
vt 0.94531 0.4478
vt 0.9452 0.44816
vt 0.95674 0.83835
vt 0.95661 0.83796
vt 0.95679 0.83831
vt 0.20306 0.87348
vt 0.2032 0.87314
vt 0.20313 0.87346
vt 0.20412 0.87345
vt 0.20419 0.87346
vt 0.20425 0.87348
vt 0.94491 0.44844
vt 0.9451 0.44809
vt 0.94497 0.44848
vt 0.95708 0.83881
vt 0.95684 0.83828
vt 0.9572 0.83888
vt 0.20306 0.87411
vt 0.2032 0.87345
vt 0.20313 0.87414
vt 0.20412 0.87415
vt 0.20419 0.87414
vt 0.20425 0.87411
vt 0.94451 0.44901
vt 0.94487 0.44841
vt 0.94463 0.44895
vt 0.95421 0.83881
vt 0.95418 0.83887
vt 0.57627 0.97798
vt 0.57632 0.98103
vt 0.57627 0.98113
vt 0.57621 0.97796
vt 0.57621 0.9812
vt 0.57614 0.97796
vt 0.57614 0.98122
vt 0.57522 0.97796
vt 0.57522 0.98122
vt 0.57515 0.9812
vt 0.57508 0.98113
vt 0.57515 0.97796
vt 0.57503 0.98103
vt 0.57508 0.97798
vt 0.94753 0.449
vt 0.94749 0.44894
vt 0.95214 0.83555
vt 0.95208 0.83559
vt 0.95204 0.83561
vt 0.95415 0.83892
vt 0.12035 0.96065
vt 0.12041 0.96392
vt 0.12035 0.96395
vt 0.12028 0.96066
vt 0.12028 0.96396
vt 0.11936 0.96066
vt 0.11936 0.96397
vt 0.11929 0.96396
vt 0.11922 0.96392
vt 0.11929 0.96065
vt 0.94967 0.44575
vt 0.94756 0.44905
vt 0.94963 0.44572
vt 0.94957 0.44568
vt 0.95164 0.8348
vt 0.95159 0.83484
vt 0.95155 0.83487
vt 0.12035 0.95991
vt 0.12041 0.96063
vt 0.12028 0.95992
vt 0.11936 0.95992
vt 0.11922 0.96064
vt 0.11929 0.95992
vt 0.95016 0.445
vt 0.95012 0.44497
vt 0.95006 0.44494
vt 0.9512 0.83417
vt 0.95115 0.83421
vt 0.95111 0.83424
vt 0.12035 0.95929
vt 0.12041 0.9599
vt 0.12028 0.9593
vt 0.11936 0.9593
vt 0.11922 0.9599
vt 0.11929 0.95929
vt 0.9506 0.44437
vt 0.95056 0.44434
vt 0.95051 0.4443
vt 0.95079 0.83364
vt 0.95074 0.83368
vt 0.9507 0.83371
vt 0.12035 0.95876
vt 0.12041 0.95927
vt 0.12028 0.95877
vt 0.11936 0.95877
vt 0.11922 0.95927
vt 0.11929 0.95877
vt 0.95101 0.44384
vt 0.95097 0.44381
vt 0.95092 0.44377
vt 0.95041 0.8332
vt 0.95036 0.83324
vt 0.95033 0.83327
vt 0.12035 0.95834
vt 0.12041 0.95874
vt 0.12028 0.95834
vt 0.11936 0.95835
vt 0.11922 0.95874
vt 0.11929 0.95834
vt 0.95138 0.44341
vt 0.95135 0.44337
vt 0.9513 0.44333
vt 0.95006 0.83284
vt 0.95002 0.83289
vt 0.94998 0.83293
vt 0.98134 0.15862
vt 0.98141 0.159
vt 0.98134 0.15898
vt 0.98127 0.15862
vt 0.98127 0.15897
vt 0.98035 0.15862
vt 0.98035 0.15897
vt 0.98028 0.15898
vt 0.98022 0.159
vt 0.98028 0.15862
vt 0.95172 0.44306
vt 0.95169 0.44302
vt 0.95165 0.44297
vt 0.94974 0.83256
vt 0.9497 0.83261
vt 0.94967 0.83265
vt 0.98134 0.1583
vt 0.98141 0.15864
vt 0.98127 0.15829
vt 0.98035 0.15829
vt 0.98022 0.15864
vt 0.98028 0.1583
vt 0.95204 0.44279
vt 0.95201 0.44274
vt 0.95197 0.4427
vt 0.94944 0.83235
vt 0.9494 0.83241
vt 0.94938 0.83245
vt 0.98134 0.158
vt 0.98141 0.15832
vt 0.98127 0.158
vt 0.98035 0.158
vt 0.98022 0.15832
vt 0.98028 0.158
vt 0.95233 0.44258
vt 0.95231 0.44254
vt 0.95227 0.44248
vt 0.94915 0.8322
vt 0.94912 0.83226
vt 0.9491 0.8323
vt 0.98134 0.15773
vt 0.98141 0.15802
vt 0.98127 0.15772
vt 0.98035 0.15772
vt 0.98022 0.15802
vt 0.98028 0.15773
vt 0.95261 0.44244
vt 0.95259 0.44239
vt 0.95256 0.44233
vt 0.94887 0.83209
vt 0.94885 0.83215
vt 0.98141 0.15747
vt 0.98141 0.15774
vt 0.98134 0.15746
vt 0.98035 0.15746
vt 0.98028 0.15746
vt 0.98022 0.15747
vt 0.98022 0.15774
vt 0.95286 0.44229
vt 0.95284 0.44223
vt 0.9486 0.83203
vt 0.94884 0.8322
vt 0.94859 0.83209
vt 0.98141 0.15721
vt 0.98127 0.15746
vt 0.98134 0.15721
vt 0.98035 0.15721
vt 0.98028 0.15721
vt 0.98022 0.15721
vt 0.95312 0.44222
vt 0.95287 0.44234
vt 0.95311 0.44216
vt 0.94833 0.832
vt 0.98146 0.15695
vt 0.98146 0.15722
vt 0.98141 0.15695
vt 0.98127 0.15721
vt 0.98134 0.15695
vt 0.98035 0.15695
vt 0.98028 0.15695
vt 0.98022 0.15695
vt 0.98017 0.15695
vt 0.98017 0.15722
vt 0.95338 0.44213
vt 0.94832 0.83206
vt 0.94805 0.83199
vt 0.98146 0.15668
vt 0.98141 0.15668
vt 0.98127 0.15695
vt 0.98134 0.15668
vt 0.98035 0.15668
vt 0.98028 0.15668
vt 0.98022 0.15668
vt 0.98017 0.15668
vt 0.95366 0.44212
vt 0.95339 0.44219
vt 0.94718 0.83198
vt 0.94724 0.83205
vt 0.94805 0.83205
vt 0.98141 0.15593
vt 0.98134 0.15596
vt 0.98127 0.15597
vt 0.98127 0.15668
vt 0.98035 0.15597
vt 0.98028 0.15596
vt 0.98022 0.15593
vt 0.95447 0.44218
vt 0.95366 0.44218
vt 0.95453 0.44212
vt 0.94716 0.83878
vt 0.94729 0.8321
vt 0.94722 0.83885
vt 0.20313 0.83903
vt 0.20306 0.84579
vt 0.20306 0.839
vt 0.2032 0.83904
vt 0.20313 0.84583
vt 0.20412 0.84584
vt 0.20412 0.83904
vt 0.20419 0.84582
vt 0.20419 0.83903
vt 0.20425 0.84579
vt 0.20425 0.839
vt 0.95449 0.44898
vt 0.95441 0.44223
vt 0.95455 0.44892
vt 0.94476 0.83878
vt 0.9447 0.83884
vt 0.84732 0.98323
vt 0.84737 0.9858
vt 0.84732 0.98585
vt 0.84725 0.9832
vt 0.84725 0.98589
vt 0.84718 0.98319
vt 0.84718 0.9859
vt 0.84626 0.98319
vt 0.84626 0.9859
vt 0.84619 0.9832
vt 0.84619 0.98589
vt 0.84613 0.98323
vt 0.84613 0.98585
vt 0.84608 0.98328
vt 0.84608 0.9858
vt 0.95694 0.44891
vt 0.94481 0.82297
vt 0.94475 0.8229
vt 0.20482 0.47747
vt 0.20487 0.49345
vt 0.20482 0.4935
vt 0.20476 0.47743
vt 0.20476 0.49354
vt 0.20469 0.49355
vt 0.20377 0.47742
vt 0.20377 0.49355
vt 0.20369 0.47743
vt 0.20369 0.49354
vt 0.20363 0.47747
vt 0.20363 0.4935
vt 0.20358 0.47752
vt 0.20358 0.49345
vt 0.95689 0.4331
vt 0.95701 0.44897
vt 0.94884 0.82298
vt 0.94884 0.82292
vt 0.94884 0.82287
vt 0.9447 0.82285
vt 0.42578 0.83082
vt 0.42572 0.82668
vt 0.42578 0.82664
vt 0.42585 0.83082
vt 0.42585 0.82663
vt 0.42677 0.82663
vt 0.42684 0.82664
vt 0.42677 0.83082
vt 0.4269 0.82668
vt 0.42684 0.83082
vt 0.95696 0.43304
vt 0.95287 0.433
vt 0.95701 0.43299
vt 0.95287 0.43305
vt 0.95287 0.43311
vt 0.42572 0.83082
vt 0.4269 0.83082
vt 0.94912 0.8298
vt 0.94856 0.82983
vt 0.94912 0.82974
vt 0.94856 0.82976
vt 0.94911 0.82969
vt 0.94856 0.82971
vt 0.97932 0.8809
vt 0.97925 0.88035
vt 0.97932 0.88035
vt 0.97939 0.8809
vt 0.97939 0.88035
vt 0.98031 0.8809
vt 0.98031 0.88035
vt 0.98038 0.88035
vt 0.98044 0.88035
vt 0.98038 0.8809
vt 0.95315 0.43989
vt 0.95259 0.43982
vt 0.95315 0.43984
vt 0.95315 0.43996
vt 0.95259 0.43987
vt 0.95259 0.43993
vt 0.94961 0.82973
vt 0.9496 0.82967
vt 0.94959 0.82962
vt 0.97932 0.88137
vt 0.97925 0.8809
vt 0.97939 0.88137
vt 0.98031 0.88137
vt 0.98044 0.8809
vt 0.98038 0.88137
vt 0.95212 0.43975
vt 0.95211 0.4398
vt 0.95209 0.43986
vt 0.95004 0.82962
vt 0.95002 0.82956
vt 0.95 0.82951
vt 0.97932 0.88178
vt 0.97925 0.88138
vt 0.97939 0.88177
vt 0.98031 0.88177
vt 0.98044 0.88138
vt 0.98038 0.88178
vt 0.9517 0.43964
vt 0.95169 0.43969
vt 0.95167 0.43975
vt 0.95041 0.82947
vt 0.95038 0.82941
vt 0.95035 0.82937
vt 0.97932 0.88212
vt 0.97925 0.88179
vt 0.97939 0.88211
vt 0.98031 0.88211
vt 0.98044 0.88179
vt 0.98038 0.88212
vt 0.95135 0.4395
vt 0.95133 0.43954
vt 0.9513 0.4396
vt 0.95071 0.82928
vt 0.95068 0.82923
vt 0.95065 0.82919
vt 0.97932 0.8824
vt 0.97925 0.88214
vt 0.97939 0.8824
vt 0.98031 0.8824
vt 0.98044 0.88214
vt 0.98038 0.8824
vt 0.95106 0.43932
vt 0.95103 0.43936
vt 0.951 0.43942
vt 0.95096 0.82907
vt 0.95092 0.82902
vt 0.95088 0.82899
vt 0.97932 0.88263
vt 0.97925 0.88242
vt 0.97939 0.88262
vt 0.98031 0.88262
vt 0.98044 0.88242
vt 0.98038 0.88263
vt 0.95082 0.43912
vt 0.95079 0.43916
vt 0.95074 0.4392
vt 0.95117 0.82883
vt 0.95112 0.82879
vt 0.98134 0.18379
vt 0.98141 0.18358
vt 0.98141 0.18381
vt 0.98127 0.18378
vt 0.98134 0.18356
vt 0.98035 0.18355
vt 0.98035 0.18378
vt 0.98028 0.18356
vt 0.98028 0.18378
vt 0.98022 0.18358
vt 0.98022 0.18381
vt 0.95059 0.43892
vt 0.95054 0.43896
vt 0.95133 0.82857
vt 0.95108 0.82876
vt 0.95127 0.82854
vt 0.98141 0.18333
vt 0.98127 0.18355
vt 0.98134 0.18332
vt 0.98127 0.18331
vt 0.98028 0.18332
vt 0.98022 0.18333
vt 0.95044 0.43867
vt 0.95063 0.43889
vt 0.95038 0.4387
vt 0.95144 0.82828
vt 0.95123 0.82851
vt 0.95138 0.82826
vt 0.98141 0.18306
vt 0.98134 0.18305
vt 0.98035 0.18305
vt 0.98035 0.18331
vt 0.98028 0.18305
vt 0.98022 0.18306
vt 0.95032 0.43839
vt 0.95048 0.43865
vt 0.95026 0.43842
vt 0.95152 0.82798
vt 0.95134 0.82825
vt 0.95146 0.82797
vt 0.98141 0.18278
vt 0.98127 0.18305
vt 0.98134 0.18277
vt 0.98035 0.18277
vt 0.98028 0.18277
vt 0.98022 0.18278
vt 0.95025 0.43811
vt 0.95037 0.43838
vt 0.95019 0.43812
vt 0.95156 0.82768
vt 0.98146 0.18248
vt 0.98146 0.18279
vt 0.98141 0.18248
vt 0.98127 0.18277
vt 0.98134 0.18248
vt 0.98035 0.18248
vt 0.98028 0.18248
vt 0.98022 0.18248
vt 0.98017 0.18248
vt 0.98017 0.18279
vt 0.95014 0.43781
vt 0.9515 0.82767
vt 0.95157 0.82736
vt 0.98146 0.18217
vt 0.98141 0.18217
vt 0.98127 0.18248
vt 0.98134 0.18217
vt 0.98035 0.18217
vt 0.98028 0.18217
vt 0.98022 0.18217
vt 0.98017 0.18217
vt 0.95013 0.43749
vt 0.95021 0.4378
vt 0.95155 0.82701
vt 0.95149 0.82702
vt 0.95151 0.82736
vt 0.98141 0.18184
vt 0.98134 0.18184
vt 0.98127 0.18184
vt 0.98127 0.18217
vt 0.98035 0.18184
vt 0.98028 0.18184
vt 0.98022 0.18184
vt 0.95022 0.43715
vt 0.9502 0.43749
vt 0.95015 0.43714
vt 0.95149 0.82669
vt 0.95143 0.8267
vt 0.95139 0.82671
vt 0.95144 0.82702
vt 0.98134 0.18154
vt 0.98127 0.18154
vt 0.98035 0.18154
vt 0.98028 0.18154
vt 0.98017 0.18183
vt 0.98022 0.18153
vt 0.95027 0.43683
vt 0.95021 0.43682
vt 0.9514 0.82639
vt 0.95134 0.82642
vt 0.9513 0.82644
vt 0.98134 0.18126
vt 0.98141 0.18153
vt 0.98127 0.18127
vt 0.98035 0.18127
vt 0.98028 0.18126
vt 0.95041 0.43657
vt 0.95032 0.43685
vt 0.95037 0.43655
vt 0.95031 0.43652
vt 0.95127 0.82612
vt 0.95121 0.82616
vt 0.95117 0.82618
vt 0.98134 0.18102
vt 0.98141 0.18125
vt 0.98127 0.18102
vt 0.98035 0.18102
vt 0.98022 0.18125
vt 0.98028 0.18102
vt 0.95054 0.43632
vt 0.9505 0.43629
vt 0.95044 0.43626
vt 0.95109 0.82589
vt 0.95105 0.82593
vt 0.95101 0.82596
vt 0.98134 0.1808
vt 0.98141 0.181
vt 0.98127 0.18081
vt 0.98035 0.18081
vt 0.98022 0.181
vt 0.98028 0.1808
vt 0.9507 0.43609
vt 0.95066 0.43606
vt 0.95062 0.43602
vt 0.95088 0.82567
vt 0.95084 0.82572
vt 0.98026 0.85215
vt 0.98032 0.85196
vt 0.98032 0.85218
vt 0.98019 0.85214
vt 0.98026 0.85194
vt 0.97927 0.85194
vt 0.97927 0.85214
vt 0.9792 0.85194
vt 0.9792 0.85215
vt 0.97913 0.85196
vt 0.97913 0.85218
vt 0.95087 0.43586
vt 0.95083 0.43581
vt 0.95062 0.82549
vt 0.95081 0.82576
vt 0.95059 0.82555
vt 0.98032 0.85171
vt 0.98019 0.85194
vt 0.98026 0.8517
vt 0.97927 0.85169
vt 0.9792 0.8517
vt 0.97913 0.85171
vt 0.95112 0.43568
vt 0.9509 0.43589
vt 0.95109 0.43562
vt 0.95031 0.82534
vt 0.95056 0.82559
vt 0.95029 0.8254
vt 0.98032 0.85142
vt 0.98019 0.85169
vt 0.98026 0.8514
vt 0.97927 0.8514
vt 0.9792 0.8514
vt 0.97913 0.85142
vt 0.95142 0.43553
vt 0.95115 0.43572
vt 0.9514 0.43547
vt 0.94995 0.82522
vt 0.95027 0.82544
vt 0.94994 0.82528
vt 0.98032 0.85107
vt 0.98019 0.8514
vt 0.98026 0.85106
vt 0.97927 0.85106
vt 0.9792 0.85106
vt 0.97913 0.85107
vt 0.95177 0.43541
vt 0.95144 0.43558
vt 0.95175 0.43535
vt 0.94955 0.82513
vt 0.94993 0.82533
vt 0.94954 0.82519
vt 0.98032 0.85067
vt 0.98019 0.85106
vt 0.98026 0.85067
vt 0.97927 0.85067
vt 0.9792 0.85067
vt 0.97913 0.85067
vt 0.95217 0.43532
vt 0.95178 0.43546
vt 0.95216 0.43526
vt 0.94909 0.82507
vt 0.98037 0.85022
vt 0.98037 0.85068
vt 0.98032 0.85022
vt 0.98019 0.85067
vt 0.98026 0.85022
vt 0.97927 0.85022
vt 0.9792 0.85022
vt 0.97913 0.85022
vt 0.97908 0.85022
vt 0.97908 0.85068
vt 0.95262 0.4352
vt 0.94908 0.82513
vt 0.94857 0.82505
vt 0.98037 0.84971
vt 0.98032 0.84971
vt 0.98019 0.85022
vt 0.98026 0.84971
vt 0.97927 0.84971
vt 0.9792 0.84971
vt 0.97913 0.84971
vt 0.97908 0.84971
vt 0.95313 0.43518
vt 0.95262 0.43527
vt 0.9472 0.82505
vt 0.94727 0.82511
vt 0.94857 0.82512
vt 0.98032 0.84846
vt 0.98026 0.84849
vt 0.98019 0.8485
vt 0.98019 0.84971
vt 0.97927 0.8485
vt 0.9792 0.84849
vt 0.97913 0.84846
vt 0.95444 0.43524
vt 0.95313 0.43525
vt 0.95451 0.43518
vt 0.94725 0.82976
vt 0.9473 0.82971
vt 0.94732 0.82516
vt 0.97773 0.79964
vt 0.97767 0.79514
vt 0.97773 0.79517
vt 0.9778 0.79518
vt 0.97872 0.79963
vt 0.97872 0.79518
vt 0.97879 0.79964
vt 0.97879 0.79517
vt 0.97886 0.79968
vt 0.97886 0.79514
vt 0.95441 0.43984
vt 0.95439 0.43529
vt 0.95452 0.43995
vt 0.94719 0.82982
vt 0.97932 0.87912
vt 0.97925 0.87909
vt 0.97939 0.87913
vt 0.98031 0.87913
vt 0.98038 0.87912
vt 0.98044 0.87909
vt 0.95446 0.43989
vt 0.92787 0.53707
vt 0.92794 0.53713
vt 0.92788 0.55071
vt 0.92799 0.53718
vt 0.92794 0.55077
vt 0.42578 0.68988
vt 0.42572 0.70348
vt 0.42572 0.68985
vt 0.42585 0.68989
vt 0.42578 0.70351
vt 0.42677 0.70352
vt 0.42677 0.68989
vt 0.42684 0.70351
vt 0.42684 0.68988
vt 0.4269 0.70348
vt 0.4269 0.68985
vt 0.64268 0.92512
vt 0.64263 0.91153
vt 0.64268 0.91148
vt 0.64275 0.92505
vt 0.64275 0.91141
vt 0.92548 0.55071
vt 0.92542 0.55077
vt 0.98566 0.09852
vt 0.98571 0.10109
vt 0.98566 0.10114
vt 0.98559 0.09849
vt 0.98559 0.10118
vt 0.98552 0.09848
vt 0.98552 0.10119
vt 0.9846 0.09848
vt 0.9846 0.10119
vt 0.98453 0.09849
vt 0.98453 0.10118
vt 0.98447 0.09852
vt 0.98447 0.10114
vt 0.98442 0.09857
vt 0.98442 0.10109
vt 0.64514 0.92505
vt 0.92548 0.53707
vt 0.92542 0.53713
vt 0.36633 0.68979
vt 0.36638 0.70338
vt 0.36633 0.70343
vt 0.36627 0.68982
vt 0.36627 0.70347
vt 0.3662 0.68983
vt 0.3662 0.70348
vt 0.36528 0.68983
vt 0.36528 0.70348
vt 0.36521 0.70347
vt 0.36514 0.70343
vt 0.36521 0.68982
vt 0.36509 0.70338
vt 0.36514 0.68979
vt 0.6452 0.91148
vt 0.6452 0.92512
vt 0.64514 0.91141
vt 0.92006 0.53707
vt 0.91604 0.96713
vt 0.91609 0.96176
vt 0.91609 0.96718
vt 0.91598 0.9671
vt 0.91604 0.96171
vt 0.9159 0.96709
vt 0.91598 0.96168
vt 0.91499 0.96167
vt 0.91499 0.96709
vt 0.91492 0.96168
vt 0.91492 0.9671
vt 0.91485 0.96171
vt 0.91485 0.96713
vt 0.9148 0.96176
vt 0.9148 0.96718
vt 0.65056 0.91141
vt 0.92006 0.5349
vt 0.92 0.53484
vt 0.92 0.53713
vt 0.98003 0.48445
vt 0.98008 0.48679
vt 0.98003 0.48684
vt 0.97996 0.48442
vt 0.97996 0.48688
vt 0.97989 0.48689
vt 0.97897 0.4844
vt 0.97897 0.48689
vt 0.9789 0.48442
vt 0.9789 0.48688
vt 0.97884 0.48445
vt 0.97884 0.48684
vt 0.97879 0.4845
vt 0.97879 0.48679
vt 0.65056 0.90925
vt 0.65062 0.91148
vt 0.93329 0.5349
vt 0.93336 0.53484
vt 0.93341 0.53479
vt 0.91995 0.53479
vt 0.36516 0.7388
vt 0.36509 0.7253
vt 0.36516 0.72527
vt 0.36523 0.73881
vt 0.36523 0.72526
vt 0.36615 0.73881
vt 0.36615 0.72526
vt 0.36622 0.72527
vt 0.36628 0.73876
vt 0.36628 0.7253
vt 0.63726 0.90918
vt 0.65067 0.90913
vt 0.65062 0.90918
vt 0.63733 0.90925
vt 0.93329 0.53707
vt 0.93336 0.53713
vt 0.93341 0.53718
vt 0.47252 0.98812
vt 0.47246 0.9857
vt 0.47252 0.98567
vt 0.47259 0.98813
vt 0.47259 0.98565
vt 0.47351 0.98813
vt 0.47351 0.98565
vt 0.47358 0.98567
vt 0.47365 0.98809
vt 0.47365 0.9857
vt 0.63726 0.91148
vt 0.63721 0.90913
vt 0.63733 0.91141
vt 0.14343 0.95837
vt 0.14348 0.96373
vt 0.14343 0.96378
vt 0.14337 0.9584
vt 0.14337 0.96382
vt 0.1433 0.95841
vt 0.1433 0.96383
vt 0.14238 0.95841
vt 0.14238 0.96383
vt 0.14231 0.96382
vt 0.14224 0.96378
vt 0.14231 0.9584
vt 0.14219 0.96373
vt 0.14224 0.95837
vt 0.0922 0.92169
vt 0.09526 0.91871
vt 0.09591 0.92169
vt 0.92462 0.11822
vt 0.92757 0.12119
vt 0.9246 0.12187
vt 0.39314 0.91789
vt 0.39015 0.92086
vt 0.38948 0.91788
vt 0.92462 0.10214
vt 0.92757 0.09915
vt 0.92825 0.10213
vt 0.75297 0.92882
vt 0.75591 0.9318
vt 0.75294 0.93247
vt 0.39314 0.90181
vt 0.39015 0.89881
vt 0.39314 0.89815
vt 0.0922 0.92973
vt 0.09526 0.93272
vt 0.09225 0.93339
vt 0.40118 0.91789
vt 0.40416 0.92086
vt 0.40118 0.92153
vt 0.92021 0.35291
vt 0.91727 0.35588
vt 0.91658 0.3529
vt 0.75297 0.92078
vt 0.75591 0.9178
vt 0.75659 0.92078
vt 0.92021 0.33683
vt 0.91727 0.33384
vt 0.92024 0.33317
vt 0.40118 0.90181
vt 0.40416 0.89881
vt 0.40483 0.9018
vt 0.08417 0.92169
vt 0.08126 0.91871
vt 0.08422 0.91804
vt 0.92827 0.398
vt 0.93126 0.40106
vt 0.92828 0.40171
vt 0.91659 0.11822
vt 0.91357 0.1212
vt 0.91291 0.11821
vt 0.74493 0.92882
vt 0.7419 0.9318
vt 0.74125 0.92882
vt 0.91659 0.10214
vt 0.91357 0.09915
vt 0.91656 0.09848
vt 0.92827 0.38193
vt 0.93126 0.37903
vt 0.93193 0.38199
vt 0.08417 0.92973
vt 0.08126 0.93272
vt 0.08057 0.92973
vt 0.92824 0.35291
vt 0.93127 0.35588
vt 0.92827 0.35656
vt 0.92023 0.398
vt 0.91726 0.40106
vt 0.91658 0.39806
vt 0.74493 0.92078
vt 0.7419 0.9178
vt 0.7449 0.91713
vt 0.92023 0.38193
vt 0.91726 0.37903
vt 0.92024 0.37834
vt 0.92824 0.33683
vt 0.93127 0.33384
vt 0.93193 0.33682
vt 0.09591 0.92973
vt 0.39314 0.92153
vt 0.92825 0.11821
vt 0.38948 0.9018
vt 0.75659 0.92882
vt 0.40118 0.89815
vt 0.91658 0.33682
vt 0.40483 0.91788
vt 0.08422 0.93339
vt 0.92024 0.35656
vt 0.75294 0.91713
vt 0.92827 0.33317
vt 0.91658 0.38199
vt 0.93193 0.3529
vt 0.08057 0.92169
vt 0.92024 0.40171
vt 0.74125 0.92078
vt 0.92828 0.37834
vt 0.91291 0.10214
vt 0.93193 0.39806
vt 0.09225 0.91804
vt 0.91656 0.12187
vt 0.7449 0.93247
vt 0.9246 0.09848
vt 0.18038 0.92175
vt 0.18343 0.91877
vt 0.18408 0.92175
vt 0.92652 0.90003
vt 0.92946 0.90301
vt 0.92649 0.90368
vt 0.23122 0.9179
vt 0.22823 0.92087
vt 0.22756 0.91789
vt 0.92652 0.88395
vt 0.92946 0.88096
vt 0.93015 0.88395
vt 0.7901 0.92882
vt 0.79303 0.9318
vt 0.79006 0.93247
vt 0.23122 0.90182
vt 0.22823 0.89882
vt 0.23121 0.89815
vt 0.18038 0.92979
vt 0.18343 0.93277
vt 0.18043 0.93344
vt 0.23925 0.9179
vt 0.24223 0.92087
vt 0.23925 0.92154
vt 0.92021 0.30774
vt 0.91727 0.31072
vt 0.91658 0.30773
vt 0.7901 0.92078
vt 0.79303 0.9178
vt 0.79372 0.92078
vt 0.92021 0.29166
vt 0.91727 0.28867
vt 0.92024 0.288
vt 0.23925 0.90182
vt 0.24223 0.89882
vt 0.24291 0.90181
vt 0.17234 0.92175
vt 0.16944 0.91877
vt 0.17239 0.9181
vt 0.92972 0.69753
vt 0.93271 0.70059
vt 0.92972 0.70124
vt 0.91848 0.90003
vt 0.91546 0.90301
vt 0.9148 0.90002
vt 0.78206 0.92882
vt 0.77903 0.9318
vt 0.77837 0.92882
vt 0.91848 0.88395
vt 0.91546 0.88096
vt 0.91845 0.88029
vt 0.92972 0.68146
vt 0.93271 0.67856
vt 0.93338 0.68152
vt 0.17234 0.92979
vt 0.16944 0.93277
vt 0.16874 0.92979
vt 0.92824 0.30774
vt 0.93127 0.31072
vt 0.92827 0.31139
vt 0.92168 0.69753
vt 0.9187 0.7006
vt 0.91803 0.69759
vt 0.78206 0.92078
vt 0.77903 0.9178
vt 0.78203 0.91713
vt 0.92168 0.68146
vt 0.9187 0.67856
vt 0.92168 0.67787
vt 0.92824 0.29166
vt 0.93127 0.28867
vt 0.93193 0.29166
vt 0.18408 0.92979
vt 0.23121 0.92154
vt 0.93015 0.90002
vt 0.22756 0.90181
vt 0.79372 0.92882
vt 0.23925 0.89815
vt 0.91658 0.29165
vt 0.24291 0.91789
vt 0.17239 0.93344
vt 0.92024 0.31139
vt 0.79006 0.91713
vt 0.92827 0.288
vt 0.91803 0.68152
vt 0.93193 0.30773
vt 0.16874 0.92175
vt 0.92168 0.70124
vt 0.77837 0.92078
vt 0.92972 0.67787
vt 0.9148 0.88395
vt 0.93338 0.69759
vt 0.18043 0.9181
vt 0.91845 0.90368
vt 0.78203 0.93247
vt 0.92649 0.88029
vt 0.05769 0.91817
vt 0.05769 0.92356
vt 0.05769 0.9326
vt 0.04327 0.9326
vt 0.04327 0.91817
vt 0.11922 0.93114
vt 0.11922 0.9221
vt 0.13365 0.9221
vt 0.13365 0.93653
vt 0.11922 0.93653
vt 0.93438 0.57261
vt 0.93438 0.58164
vt 0.93438 0.58704
vt 0.91995 0.58704
vt 0.91995 0.57261
vt 0.9148 0.92546
vt 0.91859 0.92546
vt 0.92923 0.92546
vt 0.92923 0.93989
vt 0.9148 0.93989
vt 0.57503 0.94175
vt 0.58568 0.94175
vt 0.58946 0.94175
vt 0.58946 0.95618
vt 0.57503 0.95618
vt 0.91995 0.61421
vt 0.91995 0.60882
vt 0.93438 0.60882
vt 0.93438 0.62325
vt 0.91995 0.62325
vt 0.95101 0.65431
vt 0.95516 0.67787
vt 0.70458 0.96746
vt 0.9547 0.77335
vt 0.08057 0.96445
vt 0.9673 0.73554
vt 0.82063 0.01089
vt 0.78442 0.01089
vt 0.75188 0.288
vt 0.8243 0.288
vt 0.78809 0.288
vt 0.02532 0.63616
vt 0.58947 0.71532
vt 0.75524 0.67795
vt 0.85684 0.01089
vt 0.18317 0.63609
vt 0.86052 0.288
vt 0.40394 0.61424
vt 0.77742 0.42949
vt 0.80995 0.42949
vt 0.70824 0.26622
vt 0.05094 0.72533
vt 0.33852 0.01414
vt 0.31674 0.23691
vt 0.7407 0.51605
vt 0.42771 0.2369
vt 0.50696 0.36727
vt 0.48518 0.53492
vt 0.54264 0.53491
vt 0.2032 0.81722
vt 0.81773 0.97044
vt 0.81892 0.97044
vt 0.16993 0.98628
vt 0.16874 0.98628
vt 0.04327 0.9889
vt 0.20495 0.72908
vt 0.91493 0.98896
vt 0.98638 0.53756
vt 0.95483 0.80095
vt 0.3662 0.79436
vt 0.20487 0.3638
vt 0.20377 0.36371
vt 0.97879 0.46263
vt 0.97998 0.46263
vt 0.67702 0.95208
vt 0.64134 0.95208
vt 0.98232 0.37919
vt 0.98103 0.37919
vt 0.98227 0.37834
vt 0.98108 0.37834
vt 0.67545 0.94944
vt 0.64333 0.94938
vt 0.98008 0.43299
vt 0.97879 0.43299
vt 0.73712 0.26615
vt 0.73824 0.26611
vt 0.27708 0.97152
vt 0.27826 0.97152
vt 0.6784 0.95887
vt 0.63996 0.95887
vt 0.98232 0.28906
vt 0.98103 0.28906
vt 0.98214 0.28803
vt 0.67624 0.95615
vt 0.64213 0.95615
vt 0.01218 0.96598
vt 0.01089 0.96598
vt 0.9784 0.92997
vt 0.97946 0.92997
vt 0.36523 0.83457
vt 0.42569 0.94936
vt 0.42688 0.94936
vt 0.9884 0.57379
vt 0.9884 0.57261
vt 0.98725 0.61854
vt 0.98725 0.61973
vt 0.96264 0.11456
vt 0.36523 0.89116
vt 0.94441 0.48692
vt 0.98145 0.03628
vt 0.98016 0.03628
vt 0.88493 0.95825
vt 0.88374 0.95825
vt 0.95391 0.10777
vt 0.95313 0.48013
vt 0.98145 0.06128
vt 0.98016 0.06128
vt 0.95261 0.11453
vt 0.61138 0.83129
vt 0.95444 0.48689
vt 0.98335 0.64512
vt 0.20487 0.288
vt 0.20469 0.2879
vt 0.98016 0.01446
vt 0.98135 0.01446
vt 0.95674 0.10359
vt 0.9503 0.47595
vt 0.98146 0.20664
vt 0.98017 0.20633
vt 0.98141 0.20559
vt 0.98022 0.20559
vt 0.95486 0.10087
vt 0.95218 0.47323
vt 0.98037 0.82285
vt 0.97908 0.82285
vt 0.97713 0.26453
vt 0.97727 0.26449
vt 0.97517 0.97183
vt 0.97398 0.97183
vt 0.36638 0.85636
vt 0.36509 0.85636
vt 0.53699 0.9291
vt 0.95114 0.97656
vt 0.9261 0.25959
vt 0.22866 0.97953
vt 0.20477 0.51537
vt 0.20358 0.51537
vt 0.11922 0.9876
vt 0.12041 0.9876
vt 0.55017 0.9291
vt 0.36523 0.66796
vt 0.91291 0.25959
vt 0.39077 0.97958
vt 0.38948 0.97958
vt 0.61243 0.9696
vt 0.61124 0.9696
vt 0.33866 0.97142
vt 0.94441 0.513
vt 0.94559 0.513
vt 0.20487 0.3259
vt 0.20469 0.32581
vt 0.66028 0.98745
vt 0.20358 0.60749
vt 0.2047 0.60752
vt 0.61125 0.73135
vt 0.98571 0.12306
vt 0.61243 0.79095
vt 0.61125 0.79095
vt 0.70707 0.93316
vt 0.2032 0.7868
vt 0.93043 0.77687
vt 0.14348 0.9857
vt 0.20487 0.40171
vt 0.20469 0.40161
vt 0.49662 0.98784
vt 0.49781 0.98784
vt 0.42572 0.80485
vt 0.4269 0.80485
vt 0.3662 0.76059
vt 0.44949 0.98818
vt 0.44963 0.98823
vt 0.36509 0.6302
vt 0.36622 0.63023
vt 0.91803 0.77688
vt 0.91932 0.7987
vt 0.91803 0.7987
vt 0.42701 0.7253
vt 0.42572 0.7253
vt 0.74125 0.98896
vt 0.98802 0.33437
vt 0.98802 0.33556
vt 0.20325 0.89607
vt 0.92579 0.73293
vt 0.36523 0.9474
vt 0.45671 0.9229
vt 0.2055 0.70712
vt 0.20554 0.70693
vt 0.20552 0.70588
vt 0.20099 0.95522
vt 0.1998 0.95523
vt 0.77572 0.98901
vt 0.20495 0.7521
vt 0.42661 0.92134
vt 0.92065 0.73906
vt 0.42585 0.77161
vt 0.46185 0.92904
vt 0.6385 0.98488
vt 0.63838 0.98479
vt 0.63721 0.98488
vt 0.20487 0.43961
vt 0.20469 0.43952
vt 0.88374 0.98812
vt 0.88493 0.98812
vt 0.0477 0.75328
vt 0.04888 0.75328
vt 0.36615 0.91294
vt 0.53442 0.98815
vt 0.42572 0.63031
vt 0.42684 0.63034
vt 0.44949 0.92904
vt 0.20109 0.98317
vt 0.97832 0.23356
vt 0.97713 0.23356
vt 0.42701 0.85698
vt 0.42572 0.85698
vt 0.49932 0.92912
vt 0.42582 0.9759
vt 0.85926 0.92657
vt 0.25173 0.97953
vt 0.20477 0.55342
vt 0.20358 0.55342
vt 0.08057 0.98808
vt 0.08175 0.98808
vt 0.51251 0.92912
vt 0.42585 0.66807
vt 0.84608 0.92657
vt 0.98232 0.4031
vt 0.98103 0.4031
vt 0.36628 0.96919
vt 0.36509 0.96919
vt 0.30378 0.97142
vt 0.96737 0.513
vt 0.96856 0.513
vt 0.42585 0.83519
vt 0.61125 0.94779
vt 0.61243 0.94779
vt 0.9884 0.59676
vt 0.9884 0.59557
vt 0.42664 0.89815
vt 0.42664 0.89933
vt 0.9573 0.83893
vt 0.2032 0.87415
vt 0.94441 0.44906
vt 0.57632 0.97801
vt 0.57503 0.97801
vt 0.12041 0.95831
vt 0.11922 0.95832
vt 0.94858 0.83214
vt 0.95313 0.44227
vt 0.98146 0.15587
vt 0.98017 0.15587
vt 0.94727 0.8389
vt 0.2032 0.84584
vt 0.95444 0.44903
vt 0.84737 0.98328
vt 0.20487 0.47752
vt 0.20469 0.47742
vt 0.97925 0.88266
vt 0.98044 0.88266
vt 0.95141 0.82796
vt 0.9503 0.4381
vt 0.98146 0.18183
vt 0.98017 0.18152
vt 0.98141 0.18078
vt 0.98022 0.18078
vt 0.94953 0.82524
vt 0.95218 0.43537
vt 0.98037 0.8484
vt 0.97908 0.8484
vt 0.97767 0.79968
vt 0.9778 0.79963
vt 0.92799 0.55082
vt 0.42585 0.70352
vt 0.64263 0.92517
vt 0.98571 0.09857
vt 0.36638 0.68974
vt 0.36509 0.68974
vt 0.9159 0.96167
vt 0.98008 0.4845
vt 0.97989 0.4844
vt 0.36509 0.73876
vt 0.36622 0.7388
vt 0.47246 0.98809
vt 0.47358 0.98812
vt 0.63721 0.91153
vt 0.14348 0.95831
vt 0.14219 0.95831
vn -0 0 1
vn 0 0 1
vn 0.024 1 0
vn 0.024 1 -0
vn 0 0 -1
vn 0 -0 -1
vn 0.009 -1 0
vn -0.001 -1 0
vn -0.289 0.957 0
vn -0.289 0.957 -0
vn -0 0 -1
vn 0.028 1 -0
vn 0.028 1 0
vn -0.289 -0.957 0
vn -0.019 -1 0
vn 0.193 0.981 0.023
vn 0.374 0.916 0.149
vn 0.216 0.974 0.07
vn -0.002 1 -0
vn -0.002 1 0
vn -0.017 0.987 0.16
vn 0.03 -1 -0
vn 0.03 -1 0
vn 1 0 0
vn -0.041 0.999 0
vn -1 0 0
vn 0.009 -0.985 0.172
vn -0.039 -0.983 0.179
vn 0.009 -0.985 0.173
vn -0.009 1 0
vn 0.001 1 0
vn -0 -0 1
vn 0.289 -0.957 0
vn -0 -0 -1
vn -0.028 -1 0
vn 0.289 0.957 0
vn 0 -0 1
vn 0.019 1 0
vn -0.489 -0.872 0
vn 0.002 -1 0
vn 0.002 -1 -0
vn -0.009 1 -0
vn -0.03 1 0
vn 0.057 -0.982 0.179
vn -0.024 -1 0
vn -0.024 -1 -0
vn 0.001 1 -0
vn -0.401 -0.898 0.183
vn 0.289 -0.957 -0
vn 0.119 -0.954 0.275
vn 0.289 0.957 -0
vn -0.193 -0.981 0.023
vn -0.216 -0.974 0.07
vn 0.017 -0.987 0.16
vn -1 -0 0
vn 0.041 -0.999 0
vn -0.009 0.985 0.172
vn 0.039 0.983 0.179
vn -0.009 0.985 0.173
vn -0.001 -1 -0
vn -0.289 -0.957 -0
vn 0.489 0.872 0
vn -0.057 0.982 0.179
vn 0 -0.95 -0.312
vn -0 1 0
vn 0 -0.996 0.084
vn 0 -1 0
vn 0 1 -0
vn -1 0 -0
vn -0 1 -0
vn 0 -1 -0
vn -0.836 -0.529 0.146
vn -0.863 -0.481 0.155
vn -0.99 0.055 -0.132
vn 1 -0 0
vn -0.998 0.055 -0.036
vn 0 1 0
vn -1 -0 -0
vn -0 0.719 0.695
vn 0 -0.719 0.695
vn -0 -0.719 0.695
vn 0.863 -0.481 0.155
vn 0.836 -0.529 0.146
vn 0.99 0.055 -0.132
vn 0.998 0.055 -0.036
vn 1 -0 -0
vn 0.06 -0.174 -0.983
vn -0.577 -0.577 -0.577
vn -0.708 0.01 -0.706
vn -0.032 -0.996 -0.086
vn -0.136 -0.572 -0.809
vn -0.949 -0.072 -0.308
vn -0.698 -0.701 -0.148
vn -0.065 -0.947 0.315
vn -0.577 -0.577 0.577
vn -0.7 -0.7 0.145
vn -0.157 0.058 0.986
vn -0.136 -0.808 0.573
vn -0.995 -0.04 0.092
vn -0.58 -0.136 0.803
vn -0.157 -0.058 -0.986
vn -0.577 0.577 -0.577
vn 0.017 0.708 -0.706
vn -0.995 0.039 -0.091
vn -0.58 0.136 -0.803
vn -0.066 0.947 -0.314
vn -0.701 0.698 -0.148
vn 0.06 0.174 0.983
vn -0.577 0.577 0.577
vn -0.708 -0.01 0.706
vn -0.031 0.996 0.086
vn -0.136 0.572 0.809
vn -0.949 0.073 0.307
vn -0.698 0.701 0.148
vn 0.157 0.058 -0.986
vn 0.577 -0.577 -0.577
vn -0.017 -0.708 -0.706
vn 0.995 -0.039 -0.091
vn 0.58 -0.136 -0.803
vn 0.066 -0.947 -0.314
vn 0.701 -0.698 -0.148
vn -0.06 -0.174 0.983
vn 0.577 -0.577 0.577
vn 0.708 0.01 0.706
vn 0.031 -0.996 0.086
vn 0.136 -0.573 0.808
vn 0.949 -0.073 0.307
vn 0.698 -0.701 0.148
vn -0.06 0.174 -0.983
vn 0.577 0.577 -0.577
vn 0.708 -0.01 -0.706
vn 0.031 0.996 -0.086
vn 0.136 0.572 -0.809
vn 0.949 0.073 -0.307
vn 0.698 0.701 -0.148
vn 0.157 -0.058 0.986
vn 0.577 0.577 0.577
vn -0.017 0.708 0.706
vn 0.995 0.039 0.091
vn 0.58 0.136 0.803
vn 0.066 0.947 0.314
vn 0.701 0.698 0.148
vn -0.04 -0.285 -0.958
vn -0.703 -0.109 -0.703
vn -0.158 -0.985 0.061
vn -0.136 -0.575 -0.807
vn -0.996 -0.06 -0.064
vn -0.579 -0.804 -0.136
vn 0.061 -0.983 0.172
vn -0.708 -0.706 -0.012
vn -0.058 -0.056 0.997
vn -0.959 -0.28 0.045
vn -0.672 -0.145 0.727
vn -0.057 0.055 -0.997
vn 0.021 0.708 -0.706
vn -0.959 0.28 -0.045
vn -0.672 0.145 -0.727
vn 0.061 0.983 -0.172
vn -0.804 0.579 -0.136
vn -0.039 0.286 0.957
vn -0.703 0.109 0.703
vn -0.158 0.985 -0.061
vn -0.136 0.575 0.807
vn -0.996 0.061 0.065
vn -0.579 0.804 0.136
vn 0.057 -0.055 -0.997
vn -0.021 -0.708 -0.706
vn 0.959 -0.28 -0.045
vn 0.672 -0.145 -0.727
vn -0.061 -0.983 -0.172
vn 0.804 -0.579 -0.136
vn 0.04 -0.285 0.958
vn 0.703 -0.109 0.703
vn 0.158 -0.986 -0.061
vn 0.996 -0.061 0.065
vn 0.579 -0.804 0.136
vn 0.04 0.285 -0.958
vn 0.703 0.109 -0.703
vn 0.158 0.985 0.061
vn 0.136 0.575 -0.807
vn 0.996 0.06 -0.064
vn 0.579 0.804 -0.136
vn 0.057 0.055 0.997
vn -0.021 0.708 0.706
vn 0.959 0.28 0.045
vn 0.672 0.145 0.726
vn -0.061 0.983 0.172
vn 0.804 0.579 0.136
vn -0.218 -0.491 -0.844
vn -0.618 -0.361 -0.698
vn -0.137 -0.99 0.03
vn -0.136 -0.577 -0.806
vn -0.936 -0.196 0.293
vn -0.6 -0.788 -0.139
vn 0.035 -0.98 0.198
vn -0.708 -0.706 0.015
vn -0.224 0.443 0.868
vn -0.136 -0.806 0.577
vn -0.939 -0.309 -0.15
vn -0.307 -0.038 0.951
vn 0.018 0.708 -0.706
vn 0.034 0.98 -0.198
vn -0.788 0.6 -0.139
vn -0.137 0.99 -0.03
vn -0.136 0.577 0.806
vn -0.6 0.788 0.139
vn 0.201 0.493 -0.846
vn -0.018 -0.708 -0.706
vn 0.937 0.181 0.299
vn 0.403 -0.057 -0.914
vn -0.034 -0.98 -0.198
vn 0.788 -0.6 -0.139
vn -0.238 0.138 0.961
vn 0.66 0.433 0.614
vn 0.137 -0.99 -0.03
vn 0.136 -0.574 0.808
vn 0.957 -0.119 -0.263
vn 0.6 -0.788 0.139
vn 0.137 0.99 0.03
vn 0.136 0.577 -0.806
vn 0.6 0.788 -0.139
vn -0.018 0.708 0.706
vn -0.034 0.98 0.198
vn 0.788 0.6 0.139
vn 0 -1 0.002
vn -0 -1 -0
vn -0 -1 0
vn 0 1 0.001
vn 0 1 -0.001
vn 0.008 0.95 0.311
vn 0.017 0.988 0.155
vn 0.004 0.988 0.156
vn 0.015 0.808 0.589
vn 0.033 0.95 0.312
vn 0.021 0.587 0.81
vn 0.062 0.807 0.588
vn 0.024 0.308 0.951
vn 0.086 0.586 0.806
vn 0.025 0.078 0.997
vn 0.101 0.308 0.946
vn 0.105 -0.078 0.991
vn 0.025 -0.078 0.997
vn 0.101 -0.308 0.946
vn 0.024 -0.308 0.951
vn 0.086 -0.586 0.806
vn 0.021 -0.587 0.81
vn 0.063 -0.807 0.587
vn 0.015 -0.808 0.589
vn 0.033 -0.95 0.312
vn 0.008 -0.95 0.311
vn 0.017 -0.988 0.155
vn 0.004 -0.988 0.156
vn 0.034 0.988 0.152
vn 0.069 0.949 0.306
vn 0.13 0.807 0.576
vn 0.178 0.586 0.791
vn 0.105 0.078 0.991
vn 0.209 0.308 0.928
vn 0.219 -0.078 0.973
vn 0.209 -0.308 0.928
vn 0.178 -0.586 0.791
vn 0.13 -0.807 0.577
vn 0.069 -0.949 0.306
vn 0.034 -0.988 0.152
vn 0.053 0.988 0.147
vn 0.107 0.949 0.296
vn 0.201 0.807 0.556
vn 0.276 0.586 0.762
vn 0.219 0.078 0.973
vn 0.324 0.308 0.895
vn 0.339 -0.078 0.938
vn 0.324 -0.308 0.895
vn 0.276 -0.585 0.762
vn 0.201 -0.807 0.556
vn 0.107 -0.949 0.295
vn 0.053 -0.988 0.147
vn 0.072 0.988 0.138
vn 0.146 0.949 0.279
vn 0.274 0.806 0.524
vn 0.375 0.585 0.719
vn 0.339 0.078 0.938
vn 0.44 0.308 0.844
vn 0.461 -0.078 0.884
vn 0.44 -0.308 0.844
vn 0.375 -0.585 0.719
vn 0.274 -0.806 0.524
vn 0.146 -0.949 0.279
vn 0.072 -0.988 0.138
vn 0.091 0.988 0.127
vn 0.183 0.949 0.256
vn 0.344 0.806 0.481
vn 0.472 0.585 0.659
vn 0.461 0.078 0.884
vn 0.554 0.308 0.774
vn 0.58 -0.078 0.811
vn 0.554 -0.308 0.774
vn 0.472 -0.585 0.659
vn 0.344 -0.806 0.481
vn 0.183 -0.949 0.256
vn 0.091 -0.988 0.127
vn 0.108 0.988 0.113
vn 0.218 0.949 0.227
vn 0.409 0.806 0.427
vn 0.561 0.585 0.585
vn 0.58 0.078 0.811
vn 0.659 0.308 0.687
vn 0.69 -0.078 0.72
vn 0.659 -0.308 0.687
vn 0.561 -0.585 0.585
vn 0.409 -0.806 0.427
vn 0.218 -0.949 0.227
vn 0.108 -0.988 0.113
vn 0.248 0.949 0.194
vn 0.466 0.806 0.364
vn 0.639 0.585 0.499
vn 0.75 0.308 0.585
vn 0.786 0.078 0.613
vn 0.69 0.078 0.72
vn 0.786 -0.078 0.613
vn 0.75 -0.308 0.586
vn 0.639 -0.585 0.499
vn 0.466 -0.806 0.364
vn 0.248 -0.949 0.194
vn 0.273 0.949 0.157
vn 0.123 0.988 0.096
vn 0.513 0.806 0.295
vn 0.703 0.585 0.404
vn 0.825 0.308 0.474
vn 0.864 0.078 0.497
vn 0.864 -0.078 0.497
vn 0.825 -0.308 0.474
vn 0.703 -0.585 0.404
vn 0.513 -0.806 0.295
vn 0.123 -0.988 0.096
vn 0.273 -0.949 0.157
vn 0.292 0.949 0.118
vn 0.135 0.988 0.078
vn 0.548 0.806 0.222
vn 0.752 0.585 0.304
vn 0.882 0.308 0.357
vn 0.924 0.078 0.374
vn 0.924 -0.078 0.374
vn 0.882 -0.308 0.357
vn 0.752 -0.585 0.304
vn 0.548 -0.806 0.222
vn 0.135 -0.988 0.078
vn 0.291 -0.949 0.118
vn 0.304 0.949 0.078
vn 0.145 0.988 0.059
vn 0.573 0.807 0.147
vn 0.785 0.585 0.202
vn 0.921 0.308 0.237
vn 0.965 0.078 0.248
vn 0.965 -0.078 0.248
vn 0.921 -0.308 0.237
vn 0.785 -0.585 0.202
vn 0.573 -0.807 0.147
vn 0.145 -0.988 0.058
vn 0.304 -0.949 0.078
vn 0.312 0.949 0.039
vn 0.151 0.988 0.039
vn 0.587 0.807 0.073
vn 0.804 0.586 0.1
vn 0.944 0.308 0.118
vn 0.989 0.078 0.124
vn 0.989 -0.078 0.124
vn 0.944 -0.308 0.118
vn 0.804 -0.586 0.1
vn 0.587 -0.807 0.073
vn 0.151 -0.988 0.039
vn 0.312 -0.949 0.039
vn 0.313 0.95 0.003
vn 0.155 0.988 0.019
vn 0.591 0.807 0.006
vn 0.81 0.586 0.009
vn 0.951 0.308 0.01
vn 0.997 0.078 0.011
vn 0.997 -0.078 0.011
vn 0.951 -0.308 0.01
vn 0.81 -0.586 0.009
vn 0.591 -0.807 0.006
vn 0.155 -0.988 0.019
vn 0.313 -0.95 0.003
vn 0.312 0.95 -0.026
vn 0.156 0.988 0.002
vn 0.588 0.807 -0.049
vn 0.807 0.586 -0.068
vn 0.948 0.308 -0.08
vn 0.993 0.078 -0.084
vn 0.993 -0.078 -0.084
vn 0.948 -0.308 -0.08
vn 0.807 -0.586 -0.068
vn 0.588 -0.807 -0.049
vn 0.156 -0.988 0.002
vn 0.312 -0.95 -0.026
vn 0.154 0.988 -0.027
vn 0.156 0.988 -0.013
vn 0.308 0.95 -0.055
vn 0.581 0.807 -0.104
vn 0.798 0.586 -0.142
vn 0.937 0.308 -0.167
vn 0.981 -0.078 -0.175
vn 0.937 -0.308 -0.167
vn 0.798 -0.586 -0.142
vn 0.581 -0.807 -0.104
vn 0.308 -0.95 -0.055
vn 0.154 -0.988 -0.027
vn 0.156 -0.988 -0.013
vn 0.15 0.988 -0.043
vn 0.301 0.95 -0.086
vn 0.568 0.807 -0.162
vn 0.779 0.586 -0.223
vn 0.981 0.078 -0.175
vn 0.915 0.308 -0.262
vn 0.958 -0.078 -0.274
vn 0.915 -0.308 -0.262
vn 0.779 -0.586 -0.223
vn 0.568 -0.807 -0.162
vn 0.301 -0.95 -0.086
vn 0.15 -0.988 -0.043
vn 0.145 0.988 -0.059
vn 0.29 0.95 -0.119
vn 0.547 0.807 -0.224
vn 0.75 0.586 -0.307
vn 0.958 0.078 -0.274
vn 0.881 0.308 -0.36
vn 0.923 -0.078 -0.378
vn 0.881 -0.308 -0.36
vn 0.75 -0.586 -0.307
vn 0.547 -0.807 -0.224
vn 0.29 -0.95 -0.119
vn 0.145 -0.988 -0.059
vn 0.137 0.988 -0.075
vn 0.275 0.949 -0.151
vn 0.518 0.807 -0.285
vn 0.71 0.586 -0.391
vn 0.923 0.078 -0.378
vn 0.834 0.308 -0.459
vn 0.873 -0.078 -0.481
vn 0.834 -0.308 -0.459
vn 0.71 -0.586 -0.391
vn 0.518 -0.807 -0.285
vn 0.275 -0.95 -0.151
vn 0.137 -0.988 -0.075
vn 0.256 0.949 -0.182
vn 0.481 0.807 -0.343
vn 0.66 0.586 -0.471
vn 0.775 0.308 -0.552
vn 0.812 0.078 -0.579
vn 0.873 0.078 -0.481
vn 0.812 -0.078 -0.579
vn 0.775 -0.308 -0.552
vn 0.66 -0.586 -0.471
vn 0.481 -0.807 -0.343
vn 0.255 -0.95 -0.182
vn 0.233 0.95 -0.21
vn 0.127 0.988 -0.091
vn 0.439 0.807 -0.395
vn 0.602 0.586 -0.543
vn 0.707 0.308 -0.637
vn 0.741 0.078 -0.667
vn 0.741 -0.078 -0.667
vn 0.707 -0.308 -0.637
vn 0.602 -0.586 -0.542
vn 0.439 -0.807 -0.395
vn 0.127 -0.988 -0.091
vn 0.233 -0.95 -0.21
vn 0.209 0.95 -0.234
vn 0.116 0.988 -0.105
vn 0.394 0.807 -0.44
vn 0.54 0.586 -0.604
vn 0.634 0.308 -0.709
vn 0.664 0.078 -0.743
vn 0.664 -0.078 -0.743
vn 0.634 -0.308 -0.709
vn 0.54 -0.586 -0.604
vn 0.394 -0.807 -0.44
vn 0.116 -0.988 -0.105
vn 0.209 -0.95 -0.234
vn 0.184 0.95 -0.253
vn 0.104 0.988 -0.117
vn 0.348 0.807 -0.477
vn 0.477 0.586 -0.655
vn 0.56 0.308 -0.769
vn 0.587 0.078 -0.806
vn 0.587 -0.078 -0.806
vn 0.56 -0.308 -0.769
vn 0.477 -0.586 -0.655
vn 0.348 -0.807 -0.477
vn 0.104 -0.988 -0.116
vn 0.184 -0.95 -0.253
vn 0.161 0.95 -0.268
vn 0.092 0.988 -0.126
vn 0.303 0.807 -0.506
vn 0.416 0.586 -0.695
vn 0.489 0.308 -0.816
vn 0.512 0.078 -0.855
vn 0.512 -0.078 -0.855
vn 0.489 -0.308 -0.816
vn 0.416 -0.586 -0.695
vn 0.303 -0.807 -0.506
vn 0.092 -0.988 -0.126
vn 0.161 -0.95 -0.268
vn 0.138 0.95 -0.28
vn 0.08 0.988 -0.134
vn 0.261 0.807 -0.529
vn 0.359 0.586 -0.726
vn 0.422 0.308 -0.853
vn 0.442 0.078 -0.894
vn 0.442 -0.078 -0.894
vn 0.422 -0.308 -0.853
vn 0.359 -0.586 -0.726
vn 0.262 -0.807 -0.529
vn 0.08 -0.988 -0.134
vn 0.138 -0.95 -0.28
vn -0.713 0.176 -0.679
vn 0.069 0.988 -0.14
vn -0.582 0.162 -0.797
vn -0.514 0.126 -0.849
vn -0.473 0.071 -0.878
vn -0.501 0.009 -0.865
vn -0.501 -0.009 -0.865
vn -0.473 -0.071 -0.878
vn -0.514 -0.126 -0.849
vn -0.582 -0.162 -0.797
vn 0.069 -0.988 -0.14
vn -0.713 -0.176 -0.679
vn 0.096 0.992 0.077
vn 0.111 0.991 -0.072
vn -0.77 0.174 0.614
vn -0.656 0.162 0.737
vn -0.596 0.13 0.793
vn -0.556 0.075 0.828
vn -0.583 -0.01 0.813
vn -0.556 -0.075 0.828
vn -0.596 -0.13 0.793
vn -0.656 -0.162 0.737
vn -0.77 -0.174 0.614
vn 0.096 -0.992 0.077
vn 0.111 -0.991 -0.072
vn 0.043 0.988 0.151
vn 0.085 0.95 0.301
vn 0.161 0.807 0.568
vn 0.22 0.586 0.78
vn -0.583 0.01 0.813
vn 0.259 0.308 0.916
vn 0.271 -0.078 0.959
vn 0.259 -0.308 0.916
vn 0.221 -0.586 0.78
vn 0.161 -0.807 0.568
vn 0.085 -0.95 0.301
vn 0.043 -0.988 0.15
vn 0.057 0.988 0.146
vn 0.114 0.95 0.292
vn 0.215 0.807 0.55
vn 0.295 0.586 0.755
vn 0.271 0.078 0.959
vn 0.347 0.308 0.886
vn 0.363 -0.078 0.928
vn 0.347 -0.308 0.886
vn 0.295 -0.586 0.755
vn 0.215 -0.807 0.55
vn 0.114 -0.95 0.292
vn 0.057 -0.988 0.146
vn 0.072 0.988 0.139
vn 0.144 0.95 0.279
vn 0.271 0.807 0.525
vn 0.372 0.586 0.72
vn 0.363 0.078 0.928
vn 0.437 0.308 0.845
vn 0.457 -0.078 0.886
vn 0.437 -0.308 0.845
vn 0.372 -0.586 0.72
vn 0.271 -0.807 0.525
vn 0.144 -0.95 0.278
vn 0.072 -0.988 0.139
vn 0.087 0.988 0.13
vn 0.174 0.95 0.261
vn 0.327 0.807 0.492
vn 0.449 0.586 0.675
vn 0.457 0.078 0.886
vn 0.527 0.308 0.792
vn 0.552 -0.078 0.83
vn 0.527 -0.308 0.792
vn 0.449 -0.586 0.675
vn 0.327 -0.807 0.492
vn 0.174 -0.95 0.261
vn 0.087 -0.988 0.13
vn 0.101 0.988 0.119
vn 0.203 0.949 0.239
vn 0.383 0.807 0.45
vn 0.525 0.586 0.618
vn 0.552 0.078 0.83
vn 0.616 0.308 0.725
vn 0.645 -0.078 0.76
vn 0.616 -0.308 0.725
vn 0.525 -0.586 0.618
vn 0.383 -0.807 0.45
vn 0.203 -0.949 0.239
vn 0.101 -0.988 0.119
vn 0.115 0.988 0.106
vn 0.231 0.949 0.213
vn 0.435 0.807 0.401
vn 0.596 0.586 0.549
vn 0.645 0.078 0.76
vn 0.7 0.308 0.645
vn 0.733 -0.078 0.676
vn 0.7 -0.308 0.645
vn 0.596 -0.586 0.549
vn 0.435 -0.807 0.401
vn 0.231 -0.949 0.213
vn 0.115 -0.988 0.106
vn 0.127 0.988 0.091
vn 0.256 0.949 0.182
vn 0.482 0.807 0.343
vn 0.66 0.586 0.47
vn 0.733 0.078 0.676
vn 0.775 0.308 0.552
vn 0.812 -0.078 0.578
vn 0.775 -0.308 0.552
vn 0.66 -0.586 0.47
vn 0.482 -0.807 0.343
vn 0.256 -0.949 0.182
vn 0.127 -0.988 0.091
vn 0.138 0.988 0.074
vn 0.277 0.949 0.148
vn 0.521 0.807 0.279
vn 0.715 0.586 0.382
vn 0.812 0.078 0.578
vn 0.839 0.308 0.448
vn 0.879 -0.078 0.47
vn 0.839 -0.308 0.448
vn 0.715 -0.586 0.382
vn 0.521 -0.807 0.279
vn 0.277 -0.949 0.148
vn 0.138 -0.988 0.074
vn 0.294 0.949 0.112
vn 0.553 0.807 0.21
vn 0.758 0.586 0.288
vn 0.89 0.308 0.338
vn 0.932 0.078 0.354
vn 0.879 0.078 0.47
vn 0.932 -0.078 0.354
vn 0.89 -0.308 0.338
vn 0.758 -0.586 0.288
vn 0.553 -0.807 0.21
vn 0.294 -0.949 0.112
vn 0.305 0.949 0.074
vn 0.146 0.988 0.056
vn 0.575 0.807 0.139
vn 0.788 0.586 0.191
vn 0.925 0.308 0.224
vn 0.969 0.078 0.234
vn 0.969 -0.078 0.235
vn 0.925 -0.308 0.224
vn 0.788 -0.586 0.191
vn 0.575 -0.807 0.139
vn 0.146 -0.988 0.055
vn 0.305 -0.949 0.074
vn 0.312 0.949 0.036
vn 0.152 0.988 0.037
vn 0.587 0.807 0.069
vn 0.805 0.586 0.094
vn 0.945 0.308 0.11
vn 0.99 0.078 0.116
vn 0.99 -0.078 0.116
vn 0.945 -0.308 0.11
vn 0.805 -0.586 0.094
vn 0.587 -0.807 0.069
vn 0.152 -0.988 0.037
vn 0.312 -0.949 0.036
vn 0.156 0.988 -0
vn 0.155 0.988 0.018
vn 0.314 0.949 -0.001
vn 0.591 0.807 -0.002
vn 0.811 0.586 -0.002
vn 0.951 0.308 -0.003
vn 0.997 -0.078 -0.003
vn 0.951 -0.308 -0.003
vn 0.811 -0.586 -0.002
vn 0.591 -0.807 -0.002
vn 0.314 -0.949 -0.001
vn 0.156 -0.988 -0
vn 0.155 -0.988 0.018
vn 0.155 0.988 -0.02
vn 0.312 0.949 -0.04
vn 0.586 0.807 -0.075
vn 0.804 0.585 -0.102
vn 0.997 0.078 -0.003
vn 0.944 0.308 -0.12
vn 0.989 -0.078 -0.126
vn 0.944 -0.308 -0.12
vn 0.804 -0.585 -0.102
vn 0.586 -0.807 -0.075
vn 0.312 -0.949 -0.04
vn 0.155 -0.988 -0.02
vn 0.151 0.988 -0.039
vn 0.304 0.949 -0.079
vn 0.572 0.807 -0.149
vn 0.784 0.586 -0.205
vn 0.989 0.078 -0.126
vn 0.921 0.308 -0.24
vn 0.965 -0.078 -0.252
vn 0.921 -0.308 -0.24
vn 0.784 -0.585 -0.205
vn 0.572 -0.806 -0.149
vn 0.304 -0.949 -0.079
vn 0.151 -0.988 -0.039
vn 0.144 0.988 -0.059
vn 0.291 0.949 -0.119
vn 0.547 0.806 -0.224
vn 0.75 0.585 -0.307
vn 0.965 0.078 -0.252
vn 0.88 0.308 -0.361
vn 0.922 -0.078 -0.378
vn 0.88 -0.308 -0.361
vn 0.75 -0.585 -0.307
vn 0.547 -0.806 -0.224
vn 0.291 -0.949 -0.119
vn 0.144 -0.988 -0.059
vn 0.135 0.988 -0.079
vn 0.272 0.949 -0.158
vn 0.511 0.806 -0.298
vn 0.701 0.585 -0.408
vn 0.922 0.078 -0.378
vn 0.822 0.308 -0.479
vn 0.861 -0.078 -0.502
vn 0.822 -0.308 -0.479
vn 0.701 -0.585 -0.408
vn 0.511 -0.806 -0.298
vn 0.272 -0.949 -0.158
vn 0.135 -0.988 -0.079
vn 0.122 0.988 -0.097
vn 0.247 0.949 -0.196
vn 0.464 0.806 -0.367
vn 0.635 0.585 -0.504
vn 0.861 0.078 -0.502
vn 0.746 0.308 -0.591
vn 0.781 -0.078 -0.619
vn 0.746 -0.308 -0.591
vn 0.635 -0.585 -0.504
vn 0.464 -0.806 -0.367
vn 0.247 -0.949 -0.196
vn 0.122 -0.988 -0.097
vn 0.107 0.988 -0.114
vn 0.216 0.949 -0.229
vn 0.406 0.806 -0.431
vn 0.556 0.585 -0.59
vn 0.781 0.078 -0.619
vn 0.652 0.308 -0.693
vn 0.683 -0.078 -0.726
vn 0.652 -0.308 -0.693
vn 0.556 -0.585 -0.59
vn 0.406 -0.806 -0.431
vn 0.216 -0.949 -0.229
vn 0.107 -0.988 -0.114
vn 0.181 0.949 -0.258
vn 0.339 0.806 -0.484
vn 0.465 0.585 -0.664
vn 0.546 0.308 -0.779
vn 0.572 0.078 -0.817
vn 0.683 0.078 -0.726
vn 0.572 -0.078 -0.817
vn 0.546 -0.308 -0.779
vn 0.465 -0.585 -0.664
vn 0.339 -0.806 -0.484
vn 0.181 -0.949 -0.258
vn 0.143 0.949 -0.28
vn 0.09 0.988 -0.128
vn 0.268 0.806 -0.527
vn 0.368 0.585 -0.723
vn 0.432 0.308 -0.848
vn 0.452 0.078 -0.888
vn 0.452 -0.078 -0.888
vn 0.432 -0.308 -0.848
vn 0.368 -0.585 -0.723
vn 0.268 -0.806 -0.527
vn 0.09 -0.988 -0.128
vn 0.143 -0.949 -0.28
vn 0.104 0.949 -0.297
vn 0.071 0.988 -0.139
vn 0.196 0.807 -0.558
vn 0.269 0.586 -0.765
vn 0.315 0.308 -0.898
vn 0.33 0.078 -0.941
vn 0.33 -0.078 -0.941
vn 0.315 -0.308 -0.898
vn 0.269 -0.585 -0.765
vn 0.196 -0.807 -0.558
vn 0.071 -0.988 -0.139
vn 0.104 -0.949 -0.297
vn 0.067 0.949 -0.307
vn 0.052 0.988 -0.147
vn 0.126 0.807 -0.577
vn 0.173 0.586 -0.792
vn 0.203 0.308 -0.93
vn 0.212 0.078 -0.974
vn 0.212 -0.078 -0.974
vn 0.203 -0.308 -0.93
vn 0.173 -0.586 -0.792
vn 0.126 -0.807 -0.577
vn 0.052 -0.988 -0.147
vn 0.067 -0.949 -0.307
vn 0.032 0.95 -0.312
vn 0.033 0.988 -0.153
vn 0.06 0.807 -0.588
vn 0.083 0.586 -0.806
vn 0.097 0.308 -0.946
vn 0.102 0.078 -0.992
vn 0.102 -0.078 -0.992
vn 0.097 -0.308 -0.946
vn 0.083 -0.586 -0.806
vn 0.06 -0.807 -0.588
vn 0.033 -0.988 -0.153
vn 0.032 -0.95 -0.312
vn 0.008 0.95 -0.311
vn 0.016 0.988 -0.156
vn 0.014 0.808 -0.589
vn 0.02 0.587 -0.81
vn 0.023 0.308 -0.951
vn 0.024 0.078 -0.997
vn 0.024 -0.078 -0.997
vn 0.023 -0.308 -0.951
vn 0.02 -0.587 -0.81
vn 0.014 -0.808 -0.589
vn 0.016 -0.988 -0.155
vn 0.008 -0.95 -0.311
vn -0.079 0.994 -0.079
vn 0.004 0.988 -0.157
vn -0.198 0.96 -0.198
vn -0.361 0.86 -0.361
vn -0.523 0.674 -0.523
vn -0.654 0.379 -0.654
vn -0.703 -0.105 -0.703
vn -0.654 -0.379 -0.654
vn -0.523 -0.674 -0.523
vn -0.361 -0.86 -0.361
vn -0.198 -0.96 -0.198
vn -0.079 -0.994 -0.079
vn 0.004 -0.988 -0.156
vn -0.198 0.96 0.198
vn -0.361 0.86 0.361
vn -0.523 0.674 0.523
vn -0.654 0.379 0.654
vn -0.703 0.105 -0.703
vn -0.703 0.105 0.703
vn -0.654 -0.379 0.654
vn -0.523 -0.674 0.523
vn -0.361 -0.86 0.361
vn -0.198 -0.96 0.198
vn -0.079 -0.994 0.079
vn -0.079 0.994 0.079
vn -0.703 -0.105 0.703
vn -0.021 0.952 0.305
vn -0.003 0.988 0.156
vn -0.005 0.952 0.307
vn -0.041 0.811 0.584
vn -0.009 0.81 0.587
vn -0.056 0.59 0.806
vn -0.013 0.589 0.808
vn -0.066 0.31 0.948
vn -0.015 0.31 0.951
vn -0.069 0.079 0.995
vn -0.016 0.079 0.997
vn -0.069 -0.079 0.995
vn -0.016 -0.079 0.997
vn -0.015 -0.31 0.951
vn -0.013 -0.589 0.808
vn -0.066 -0.31 0.948
vn -0.009 -0.81 0.587
vn -0.056 -0.59 0.806
vn -0.005 -0.952 0.308
vn -0.041 -0.811 0.584
vn -0.003 -0.988 0.156
vn -0.021 -0.952 0.305
vn -0.046 0.952 0.301
vn -0.011 0.988 0.156
vn -0.088 0.811 0.578
vn -0.121 0.59 0.798
vn -0.142 0.311 0.94
vn -0.149 0.079 0.986
vn -0.149 -0.079 0.986
vn -0.142 -0.311 0.94
vn -0.121 -0.59 0.798
vn -0.088 -0.811 0.578
vn -0.011 -0.988 0.156
vn -0.046 -0.952 0.301
vn -0.074 0.953 0.295
vn -0.023 0.988 0.155
vn -0.143 0.812 0.566
vn -0.198 0.591 0.782
vn -0.233 0.311 0.921
vn -0.244 0.079 0.967
vn -0.244 -0.079 0.967
vn -0.233 -0.311 0.921
vn -0.198 -0.591 0.782
vn -0.143 -0.812 0.566
vn -0.023 -0.988 0.154
vn -0.074 -0.953 0.295
vn -0.107 0.953 0.283
vn -0.038 0.988 0.152
vn -0.207 0.813 0.545
vn -0.286 0.591 0.754
vn -0.337 0.311 0.888
vn -0.354 0.079 0.932
vn -0.354 -0.079 0.932
vn -0.337 -0.311 0.888
vn -0.286 -0.591 0.754
vn -0.207 -0.812 0.545
vn -0.038 -0.988 0.151
vn -0.107 -0.953 0.283
vn -0.144 0.953 0.265
vn -0.055 0.988 0.146
vn -0.278 0.813 0.511
vn -0.385 0.592 0.708
vn -0.454 0.312 0.835
vn -0.476 0.079 0.876
vn -0.476 -0.079 0.876
vn -0.454 -0.312 0.835
vn -0.385 -0.592 0.708
vn -0.278 -0.813 0.511
vn -0.055 -0.988 0.146
vn -0.144 -0.953 0.265
vn -0.182 0.954 0.239
vn -0.075 0.988 0.137
vn -0.352 0.814 0.462
vn -0.488 0.593 0.641
vn -0.576 0.312 0.756
vn -0.604 0.079 0.793
vn -0.604 -0.079 0.793
vn -0.576 -0.312 0.756
vn -0.488 -0.593 0.641
vn -0.352 -0.814 0.462
vn -0.074 -0.988 0.137
vn -0.182 -0.954 0.239
vn -0.219 0.954 0.205
vn -0.095 0.988 0.124
vn -0.424 0.814 0.397
vn -0.588 0.593 0.55
vn -0.694 0.313 0.649
vn -0.728 0.079 0.681
vn -0.728 -0.079 0.681
vn -0.694 -0.313 0.649
vn -0.588 -0.593 0.55
vn -0.424 -0.814 0.397
vn -0.095 -0.988 0.124
vn -0.219 -0.954 0.205
vn -0.251 0.954 0.164
vn -0.114 0.988 0.107
vn -0.486 0.814 0.318
vn -0.673 0.593 0.441
vn -0.795 0.313 0.52
vn -0.834 0.079 0.546
vn -0.834 -0.079 0.546
vn -0.795 -0.313 0.52
vn -0.674 -0.593 0.441
vn -0.486 -0.814 0.318
vn -0.114 -0.988 0.106
vn -0.251 -0.954 0.164
vn -0.143 0.988 0.062
vn -0.13 0.988 0.086
vn -0.276 0.954 0.12
vn -0.533 0.814 0.232
vn -0.738 0.593 0.322
vn -0.871 0.312 0.38
vn -0.914 -0.079 0.399
vn -0.871 -0.312 0.38
vn -0.738 -0.593 0.322
vn -0.533 -0.814 0.232
vn -0.276 -0.954 0.12
vn -0.143 -0.988 0.062
vn -0.13 -0.988 0.085
vn -0.151 0.988 0.04
vn -0.292 0.953 0.076
vn -0.563 0.813 0.148
vn -0.779 0.592 0.204
vn -0.914 0.079 0.399
vn -0.919 0.312 0.241
vn -0.964 -0.079 0.253
vn -0.919 -0.312 0.241
vn -0.779 -0.592 0.204
vn -0.563 -0.813 0.148
vn -0.292 -0.953 0.076
vn -0.151 -0.988 0.04
vn -0.155 0.988 0.019
vn -0.301 0.953 0.036
vn -0.579 0.813 0.069
vn -0.801 0.592 0.096
vn -0.964 0.079 0.253
vn -0.944 0.311 0.113
vn -0.99 -0.079 0.119
vn -0.944 -0.311 0.113
vn -0.801 -0.592 0.096
vn -0.579 -0.813 0.069
vn -0.301 -0.953 0.036
vn -0.155 -0.988 0.019
vn -0.156 0.988 0.001
vn -0.304 0.953 0.001
vn -0.584 0.812 0.002
vn -0.807 0.591 0.003
vn -0.99 0.079 0.119
vn -0.95 0.311 0.003
vn -0.997 -0.079 0.003
vn -0.95 -0.311 0.003
vn -0.807 -0.591 0.003
vn -0.584 -0.812 0.002
vn -0.304 -0.953 0.001
vn -0.156 -0.988 0.001
vn -0.302 0.953 -0.032
vn -0.581 0.812 -0.061
vn -0.802 0.591 -0.084
vn -0.945 0.311 -0.099
vn -0.992 0.079 -0.103
vn -0.997 0.079 0.003
vn -0.992 -0.079 -0.103
vn -0.945 -0.311 -0.099
vn -0.802 -0.591 -0.084
vn -0.581 -0.812 -0.06
vn -0.302 -0.953 -0.031
vn -0.296 0.953 -0.066
vn -0.155 0.988 -0.016
vn -0.569 0.812 -0.128
vn -0.787 0.591 -0.176
vn -0.927 0.311 -0.208
vn -0.973 0.079 -0.218
vn -0.973 -0.079 -0.218
vn -0.927 -0.311 -0.208
vn -0.787 -0.591 -0.176
vn -0.569 -0.812 -0.128
vn -0.155 -0.988 -0.016
vn -0.296 -0.953 -0.066
vn -0.284 0.953 -0.104
vn -0.152 0.988 -0.034
vn -0.546 0.813 -0.201
vn -0.756 0.592 -0.278
vn -0.892 0.312 -0.328
vn -0.936 0.079 -0.344
vn -0.936 -0.079 -0.344
vn -0.892 -0.312 -0.328
vn -0.756 -0.592 -0.278
vn -0.547 -0.813 -0.201
vn -0.152 -0.988 -0.034
vn -0.283 -0.953 -0.104
vn -0.265 0.954 -0.144
vn -0.147 0.988 -0.054
vn -0.511 0.813 -0.278
vn -0.707 0.592 -0.385
vn -0.834 0.312 -0.454
vn -0.875 0.079 -0.477
vn -0.875 -0.079 -0.477
vn -0.834 -0.312 -0.454
vn -0.707 -0.592 -0.385
vn -0.511 -0.813 -0.278
vn -0.146 -0.988 -0.054
vn -0.265 -0.954 -0.144
vn -0.239 0.954 -0.183
vn -0.137 0.988 -0.075
vn -0.461 0.814 -0.354
vn -0.638 0.593 -0.491
vn -0.753 0.312 -0.579
vn -0.79 0.079 -0.608
vn -0.79 -0.079 -0.608
vn -0.753 -0.312 -0.579
vn -0.638 -0.593 -0.491
vn -0.461 -0.814 -0.354
vn -0.137 -0.988 -0.075
vn -0.238 -0.954 -0.183
vn -0.206 0.954 -0.219
vn -0.124 0.988 -0.095
vn -0.398 0.814 -0.424
vn -0.551 0.593 -0.587
vn -0.65 0.312 -0.693
vn -0.682 0.079 -0.727
vn -0.682 -0.079 -0.727
vn -0.65 -0.312 -0.693
vn -0.551 -0.593 -0.587
vn -0.398 -0.814 -0.424
vn -0.124 -0.988 -0.095
vn -0.206 -0.954 -0.219
vn -0.088 0.988 -0.129
vn -0.107 0.988 -0.114
vn -0.169 0.954 -0.249
vn -0.326 0.814 -0.482
vn -0.452 0.593 -0.667
vn -0.533 0.312 -0.787
vn -0.559 -0.079 -0.825
vn -0.533 -0.312 -0.787
vn -0.452 -0.593 -0.667
vn -0.326 -0.813 -0.482
vn -0.169 -0.954 -0.249
vn -0.087 -0.988 -0.129
vn -0.107 -0.988 -0.114
vn -0.067 0.988 -0.141
vn -0.13 0.953 -0.272
vn -0.251 0.813 -0.525
vn -0.348 0.592 -0.727
vn -0.559 0.079 -0.825
vn -0.41 0.312 -0.857
vn -0.43 -0.079 -0.899
vn -0.41 -0.312 -0.857
vn -0.348 -0.592 -0.727
vn -0.251 -0.813 -0.525
vn -0.13 -0.953 -0.272
vn -0.067 -0.988 -0.141
vn -0.048 0.988 -0.149
vn -0.093 0.953 -0.288
vn -0.179 0.813 -0.555
vn -0.247 0.592 -0.767
vn -0.43 0.079 -0.899
vn -0.291 0.311 -0.905
vn -0.306 -0.079 -0.949
vn -0.291 -0.311 -0.905
vn -0.247 -0.592 -0.767
vn -0.179 -0.813 -0.555
vn -0.093 -0.953 -0.288
vn -0.048 -0.988 -0.149
vn -0.03 0.988 -0.153
vn -0.058 0.953 -0.298
vn -0.112 0.812 -0.573
vn -0.154 0.591 -0.792
vn -0.305 0.079 -0.949
vn -0.182 0.311 -0.933
vn -0.191 -0.079 -0.978
vn -0.182 -0.311 -0.933
vn -0.154 -0.591 -0.792
vn -0.112 -0.812 -0.573
vn -0.058 -0.953 -0.298
vn -0.03 -0.988 -0.153
vn -0.014 0.988 -0.156
vn -0.027 0.953 -0.303
vn -0.052 0.812 -0.582
vn -0.072 0.59 -0.804
vn -0.191 0.079 -0.978
vn -0.085 0.311 -0.947
vn -0.089 -0.079 -0.993
vn -0.085 -0.311 -0.947
vn -0.072 -0.59 -0.804
vn -0.052 -0.812 -0.582
vn -0.027 -0.953 -0.303
vn -0.014 -0.988 -0.156
vn -0.003 0.988 -0.156
vn -0.006 0.952 -0.307
vn -0.012 0.81 -0.586
vn -0.017 0.589 -0.808
vn -0.089 0.079 -0.993
vn -0.02 0.31 -0.951
vn -0.021 -0.079 -0.997
vn -0.02 -0.31 -0.951
vn -0.017 -0.589 -0.808
vn -0.012 -0.81 -0.586
vn -0.006 -0.952 -0.307
vn -0.003 -0.988 -0.156
vn 0.12 0.985 -0.12
vn 0.288 0.913 -0.288
vn 0.467 0.751 -0.467
vn 0.632 0.449 -0.632
vn 0.702 0.116 -0.702
vn -0.021 0.079 -0.997
vn 0.702 -0.116 -0.702
vn 0.632 -0.449 -0.632
vn 0.467 -0.751 -0.467
vn 0.288 -0.913 -0.288
vn 0.12 -0.985 -0.12
vn 0.079 0.994 0.079
vn 0.079 0.994 -0.079
vn 0.288 0.913 0.288
vn 0.467 0.751 0.467
vn 0.632 0.449 0.632
vn 0.702 0.116 0.702
vn 0.702 -0.116 0.702
vn 0.467 -0.751 0.467
vn 0.12 -0.985 0.12
vn 0.079 -0.994 0.079
vn 0.079 -0.994 -0.079
vn 0.12 0.985 0.12
vn 0.632 -0.449 0.632
vn 0.288 -0.913 0.288
vn -0.028 0.953 0.303
vn -0.007 0.952 0.307
vn -0.053 0.812 0.582
vn -0.012 0.81 0.586
vn -0.073 0.591 0.804
vn -0.017 0.589 0.808
vn -0.086 0.311 0.947
vn -0.02 0.31 0.951
vn -0.09 0.079 0.993
vn -0.021 0.079 0.997
vn -0.09 -0.079 0.993
vn -0.021 -0.079 0.997
vn -0.02 -0.31 0.951
vn -0.017 -0.589 0.808
vn -0.086 -0.311 0.947
vn -0.012 -0.81 0.586
vn -0.073 -0.59 0.804
vn -0.007 -0.952 0.307
vn -0.053 -0.812 0.582
vn -0.028 -0.953 0.303
vn -0.059 0.953 0.298
vn -0.014 0.988 0.156
vn -0.113 0.812 0.573
vn -0.156 0.591 0.792
vn -0.183 0.311 0.933
vn -0.192 0.079 0.978
vn -0.192 -0.079 0.978
vn -0.183 -0.311 0.933
vn -0.156 -0.591 0.792
vn -0.113 -0.812 0.573
vn -0.014 -0.988 0.156
vn -0.059 -0.953 0.298
vn -0.093 0.953 0.288
vn -0.03 0.988 0.153
vn -0.179 0.813 0.555
vn -0.248 0.592 0.767
vn -0.292 0.311 0.904
vn -0.307 0.079 0.949
vn -0.307 -0.079 0.949
vn -0.292 -0.311 0.904
vn -0.248 -0.592 0.767
vn -0.179 -0.813 0.555
vn -0.03 -0.988 0.153
vn -0.093 -0.953 0.288
vn -0.13 0.953 0.272
vn -0.048 0.988 0.149
vn -0.252 0.813 0.525
vn -0.348 0.592 0.727
vn -0.41 0.312 0.857
vn -0.431 0.079 0.899
vn -0.431 -0.079 0.899
vn -0.411 -0.312 0.857
vn -0.348 -0.592 0.727
vn -0.252 -0.813 0.525
vn -0.048 -0.988 0.149
vn -0.13 -0.953 0.272
vn -0.169 0.954 0.25
vn -0.067 0.988 0.141
vn -0.325 0.813 0.482
vn -0.451 0.593 0.668
vn -0.532 0.312 0.787
vn -0.558 0.079 0.826
vn -0.558 -0.079 0.826
vn -0.532 -0.312 0.787
vn -0.451 -0.593 0.668
vn -0.326 -0.813 0.482
vn -0.067 -0.988 0.141
vn -0.169 -0.954 0.25
vn -0.205 0.954 0.22
vn -0.087 0.988 0.129
vn -0.396 0.814 0.425
vn -0.549 0.593 0.589
vn -0.647 0.312 0.695
vn -0.679 0.079 0.729
vn -0.679 -0.079 0.729
vn -0.647 -0.312 0.695
vn -0.549 -0.593 0.589
vn -0.396 -0.814 0.425
vn -0.087 -0.988 0.129
vn -0.205 -0.954 0.22
vn -0.123 0.988 0.096
vn -0.106 0.988 0.114
vn -0.237 0.954 0.185
vn -0.459 0.814 0.357
vn -0.635 0.593 0.495
vn -0.749 0.312 0.584
vn -0.786 -0.079 0.613
vn -0.749 -0.312 0.584
vn -0.635 -0.593 0.495
vn -0.459 -0.814 0.357
vn -0.237 -0.954 0.185
vn -0.123 -0.988 0.096
vn -0.106 -0.988 0.114
vn -0.136 0.988 0.076
vn -0.263 0.953 0.146
vn -0.508 0.813 0.283
vn -0.704 0.592 0.391
vn -0.786 0.079 0.613
vn -0.83 0.312 0.462
vn -0.871 -0.079 0.484
vn -0.83 -0.312 0.462
vn -0.704 -0.592 0.391
vn -0.508 -0.813 0.283
vn -0.263 -0.953 0.146
vn -0.136 -0.988 0.076
vn -0.146 0.988 0.055
vn -0.283 0.953 0.107
vn -0.545 0.813 0.206
vn -0.754 0.592 0.285
vn -0.871 0.079 0.484
vn -0.889 0.312 0.336
vn -0.932 -0.079 0.353
vn -0.889 -0.312 0.336
vn -0.754 -0.592 0.285
vn -0.545 -0.813 0.206
vn -0.282 -0.953 0.107
vn -0.146 -0.988 0.055
vn -0.152 0.988 0.035
vn -0.295 0.953 0.069
vn -0.568 0.813 0.132
vn -0.785 0.592 0.183
vn -0.932 0.079 0.353
vn -0.925 0.311 0.216
vn -0.971 -0.079 0.226
vn -0.926 -0.311 0.216
vn -0.785 -0.592 0.183
vn -0.568 -0.813 0.132
vn -0.295 -0.953 0.069
vn -0.152 -0.988 0.035
vn -0.155 0.988 0.017
vn -0.302 0.953 0.033
vn -0.58 0.812 0.064
vn -0.802 0.591 0.088
vn -0.971 0.079 0.226
vn -0.945 0.311 0.104
vn -0.991 -0.079 0.109
vn -0.945 -0.311 0.104
vn -0.802 -0.591 0.088
vn -0.58 -0.812 0.064
vn -0.302 -0.953 0.033
vn -0.155 -0.988 0.017
vn -0.303 0.953 -0.002
vn -0.583 0.812 -0.004
vn -0.806 0.591 -0.006
vn -0.95 0.311 -0.007
vn -0.997 0.079 -0.007
vn -0.991 0.079 0.109
vn -0.997 -0.079 -0.007
vn -0.95 -0.311 -0.007
vn -0.806 -0.591 -0.006
vn -0.583 -0.812 -0.004
vn -0.303 -0.953 -0.002
vn -0.299 0.953 -0.041
vn -0.156 0.988 -0.001
vn -0.577 0.813 -0.08
vn -0.798 0.592 -0.111
vn -0.941 0.312 -0.13
vn -0.987 0.079 -0.137
vn -0.987 -0.079 -0.137
vn -0.941 -0.312 -0.13
vn -0.798 -0.592 -0.111
vn -0.577 -0.813 -0.08
vn -0.156 -0.988 -0.001
vn -0.299 -0.953 -0.041
vn -0.289 0.954 -0.085
vn -0.155 0.988 -0.021
vn -0.558 0.813 -0.164
vn -0.773 0.593 -0.228
vn -0.911 0.312 -0.268
vn -0.956 0.079 -0.282
vn -0.956 -0.079 -0.282
vn -0.911 -0.312 -0.268
vn -0.773 -0.593 -0.228
vn -0.558 -0.813 -0.164
vn -0.155 -0.988 -0.021
vn -0.289 -0.954 -0.085
vn -0.272 0.954 -0.129
vn -0.15 0.988 -0.044
vn -0.525 0.814 -0.25
vn -0.727 0.593 -0.346
vn -0.858 0.312 -0.409
vn -0.9 0.079 -0.429
vn -0.9 -0.079 -0.429
vn -0.858 -0.312 -0.409
vn -0.727 -0.593 -0.347
vn -0.525 -0.814 -0.25
vn -0.15 -0.988 -0.044
vn -0.272 -0.954 -0.129
vn -0.247 0.954 -0.172
vn -0.141 0.988 -0.067
vn -0.477 0.814 -0.332
vn -0.661 0.593 -0.46
vn -0.78 0.312 -0.543
vn -0.818 0.079 -0.569
vn -0.818 -0.079 -0.569
vn -0.78 -0.312 -0.543
vn -0.661 -0.593 -0.46
vn -0.477 -0.814 -0.332
vn -0.141 -0.988 -0.067
vn -0.247 -0.954 -0.172
vn -0.112 0.988 -0.109
vn -0.128 0.988 -0.089
vn -0.216 0.954 -0.209
vn -0.418 0.814 -0.404
vn -0.578 0.593 -0.56
vn -0.682 0.312 -0.661
vn -0.716 -0.079 -0.694
vn -0.682 -0.312 -0.661
vn -0.578 -0.593 -0.56
vn -0.418 -0.814 -0.405
vn -0.216 -0.954 -0.209
vn -0.112 -0.988 -0.109
vn -0.128 -0.988 -0.089
vn -0.094 0.988 -0.125
vn -0.182 0.953 -0.241
vn -0.351 0.813 -0.464
vn -0.486 0.592 -0.643
vn -0.716 0.079 -0.694
vn -0.573 0.312 -0.758
vn -0.601 -0.079 -0.795
vn -0.573 -0.312 -0.758
vn -0.486 -0.592 -0.643
vn -0.351 -0.813 -0.464
vn -0.182 -0.953 -0.241
vn -0.094 -0.988 -0.124
vn -0.076 0.988 -0.137
vn -0.146 0.953 -0.265
vn -0.282 0.813 -0.51
vn -0.39 0.592 -0.705
vn -0.601 0.079 -0.795
vn -0.46 0.312 -0.832
vn -0.482 -0.079 -0.872
vn -0.46 -0.312 -0.832
vn -0.39 -0.592 -0.705
vn -0.282 -0.813 -0.51
vn -0.146 -0.953 -0.265
vn -0.075 -0.988 -0.137
vn -0.058 0.988 -0.145
vn -0.112 0.953 -0.282
vn -0.215 0.812 -0.542
vn -0.297 0.591 -0.75
vn -0.482 0.079 -0.872
vn -0.35 0.311 -0.884
vn -0.367 -0.079 -0.927
vn -0.35 -0.311 -0.884
vn -0.297 -0.591 -0.75
vn -0.215 -0.812 -0.542
vn -0.112 -0.953 -0.282
vn -0.057 -0.988 -0.145
vn -0.041 0.988 -0.151
vn -0.079 0.953 -0.293
vn -0.152 0.812 -0.564
vn -0.21 0.591 -0.779
vn -0.367 0.079 -0.927
vn -0.248 0.311 -0.918
vn -0.26 -0.079 -0.962
vn -0.248 -0.311 -0.918
vn -0.21 -0.591 -0.779
vn -0.152 -0.812 -0.564
vn -0.079 -0.953 -0.293
vn -0.041 -0.988 -0.151
vn -0.026 0.988 -0.154
vn -0.05 0.952 -0.3
vn -0.096 0.811 -0.577
vn -0.132 0.59 -0.796
vn -0.26 0.079 -0.962
vn -0.155 0.311 -0.938
vn -0.163 -0.079 -0.983
vn -0.155 -0.311 -0.938
vn -0.132 -0.59 -0.796
vn -0.096 -0.811 -0.576
vn -0.05 -0.953 -0.3
vn -0.026 -0.988 -0.154
vn -0.012 0.988 -0.156
vn -0.024 0.952 -0.304
vn -0.045 0.811 -0.583
vn -0.062 0.59 -0.805
vn -0.163 0.079 -0.983
vn -0.073 0.31 -0.948
vn -0.077 -0.079 -0.994
vn -0.073 -0.31 -0.948
vn -0.062 -0.59 -0.805
vn -0.045 -0.811 -0.583
vn -0.024 -0.952 -0.304
vn -0.012 -0.988 -0.156
vn -0.011 0.81 -0.586
vn -0.015 0.589 -0.808
vn -0.077 0.079 -0.994
vn -0.017 0.31 -0.951
vn -0.018 -0.079 -0.997
vn -0.017 -0.31 -0.951
vn -0.015 -0.589 -0.808
vn -0.011 -0.81 -0.586
vn -0.018 0.079 -0.997
vn 0.029 0.95 0.312
vn 0.03 0.988 0.153
vn 0.015 0.988 0.156
vn 0.055 0.807 0.588
vn 0.061 0.95 0.308
vn 0.076 0.586 0.807
vn 0.115 0.807 0.579
vn 0.089 0.308 0.947
vn 0.157 0.586 0.795
vn 0.093 0.078 0.993
vn 0.185 0.308 0.933
vn 0.194 -0.078 0.978
vn 0.093 -0.078 0.993
vn 0.185 -0.308 0.933
vn 0.089 -0.308 0.947
vn 0.157 -0.586 0.795
vn 0.076 -0.586 0.807
vn 0.115 -0.807 0.58
vn 0.055 -0.807 0.588
vn 0.061 -0.95 0.308
vn 0.029 -0.95 0.312
vn 0.03 -0.988 0.153
vn 0.015 -0.988 0.156
vn 0.047 0.988 0.149
vn 0.095 0.949 0.299
vn 0.179 0.807 0.563
vn 0.245 0.586 0.773
vn 0.194 0.078 0.978
vn 0.288 0.308 0.907
vn 0.302 -0.078 0.95
vn 0.288 -0.308 0.907
vn 0.245 -0.586 0.772
vn 0.179 -0.807 0.563
vn 0.095 -0.949 0.299
vn 0.047 -0.988 0.149
vn 0.065 0.988 0.142
vn 0.131 0.949 0.286
vn 0.247 0.807 0.537
vn 0.338 0.586 0.737
vn 0.302 0.078 0.95
vn 0.397 0.308 0.865
vn 0.416 -0.078 0.906
vn 0.397 -0.308 0.865
vn 0.338 -0.586 0.737
vn 0.247 -0.806 0.537
vn 0.131 -0.949 0.286
vn 0.065 -0.988 0.142
vn 0.083 0.988 0.132
vn 0.168 0.949 0.266
vn 0.316 0.806 0.5
vn 0.433 0.585 0.685
vn 0.416 0.078 0.906
vn 0.508 0.308 0.804
vn 0.533 -0.078 0.843
vn 0.508 -0.308 0.804
vn 0.433 -0.585 0.685
vn 0.316 -0.806 0.5
vn 0.168 -0.949 0.266
vn 0.083 -0.988 0.132
vn 0.204 0.949 0.24
vn 0.384 0.806 0.45
vn 0.526 0.585 0.617
vn 0.533 0.078 0.843
vn 0.618 0.308 0.724
vn 0.647 -0.078 0.758
vn 0.618 -0.308 0.724
vn 0.526 -0.585 0.617
vn 0.384 -0.806 0.45
vn 0.204 -0.949 0.239
vn 0.118 0.988 0.102
vn 0.238 0.949 0.207
vn 0.447 0.806 0.388
vn 0.612 0.585 0.532
vn 0.647 0.078 0.758
vn 0.718 0.308 0.624
vn 0.753 -0.078 0.654
vn 0.718 -0.308 0.624
vn 0.612 -0.585 0.532
vn 0.447 -0.806 0.388
vn 0.238 -0.949 0.207
vn 0.118 -0.988 0.102
vn 0.132 0.988 0.083
vn 0.266 0.949 0.168
vn 0.5 0.806 0.316
vn 0.686 0.585 0.433
vn 0.753 0.078 0.654
vn 0.805 0.308 0.508
vn 0.843 -0.078 0.532
vn 0.805 -0.308 0.508
vn 0.686 -0.585 0.433
vn 0.5 -0.806 0.316
vn 0.266 -0.949 0.168
vn 0.132 -0.988 0.083
vn 0.289 0.949 0.126
vn 0.542 0.806 0.237
vn 0.743 0.585 0.325
vn 0.872 0.308 0.381
vn 0.914 0.078 0.399
vn 0.843 0.078 0.532
vn 0.914 -0.078 0.399
vn 0.872 -0.308 0.381
vn 0.743 -0.585 0.324
vn 0.542 -0.806 0.237
vn 0.289 -0.949 0.126
vn 0.304 0.949 0.083
vn 0.143 0.988 0.062
vn 0.571 0.806 0.155
vn 0.782 0.585 0.213
vn 0.918 0.308 0.25
vn 0.962 0.078 0.262
vn 0.962 -0.078 0.262
vn 0.918 -0.308 0.25
vn 0.782 -0.585 0.213
vn 0.571 -0.806 0.155
vn 0.143 -0.988 0.062
vn 0.304 -0.949 0.083
vn 0.312 0.949 0.04
vn 0.151 0.988 0.041
vn 0.586 0.806 0.076
vn 0.804 0.585 0.104
vn 0.944 0.308 0.122
vn 0.989 0.078 0.128
vn 0.989 -0.078 0.128
vn 0.944 -0.308 0.122
vn 0.804 -0.585 0.104
vn 0.586 -0.806 0.076
vn 0.151 -0.988 0.041
vn 0.312 -0.949 0.04
vn 0.155 0.988 0.02
vn 0.591 0.807 0.005
vn 0.81 0.586 0.007
vn 0.951 0.308 0.009
vn 0.997 0.078 0.009
vn 0.997 -0.078 0.009
vn 0.951 -0.308 0.009
vn 0.81 -0.586 0.007
vn 0.591 -0.807 0.005
vn 0.155 -0.988 0.02
vn 0.312 0.95 -0.028
vn 0.156 0.988 0.001
vn 0.588 0.807 -0.053
vn 0.807 0.586 -0.073
vn 0.948 0.308 -0.085
vn 0.993 0.078 -0.09
vn 0.993 -0.078 -0.09
vn 0.948 -0.308 -0.085
vn 0.807 -0.586 -0.073
vn 0.588 -0.807 -0.053
vn 0.156 -0.988 0.001
vn 0.312 -0.95 -0.028
vn 0.154 0.988 -0.029
vn 0.156 0.988 -0.014
vn 0.308 0.95 -0.057
vn 0.58 0.807 -0.108
vn 0.797 0.586 -0.149
vn 0.935 0.308 -0.175
vn 0.98 -0.078 -0.183
vn 0.935 -0.308 -0.175
vn 0.797 -0.586 -0.149
vn 0.58 -0.807 -0.108
vn 0.308 -0.95 -0.057
vn 0.154 -0.988 -0.029
vn 0.156 -0.988 -0.014
vn 0.15 0.988 -0.044
vn 0.301 0.95 -0.088
vn 0.567 0.807 -0.166
vn 0.778 0.586 -0.227
vn 0.98 0.078 -0.183
vn 0.913 0.308 -0.267
vn 0.957 -0.078 -0.28
vn 0.913 -0.308 -0.267
vn 0.778 -0.586 -0.227
vn 0.567 -0.807 -0.166
vn 0.301 -0.95 -0.088
vn 0.15 -0.988 -0.044
vn 0.29 0.95 -0.118
vn 0.547 0.807 -0.223
vn 0.75 0.586 -0.306
vn 0.957 0.078 -0.28
vn 0.923 -0.078 -0.377
vn 0.75 -0.586 -0.306
vn 0.547 -0.807 -0.223
vn 0.29 -0.95 -0.118
vn 0.138 0.988 -0.074
vn 0.276 0.95 -0.149
vn 0.52 0.807 -0.28
vn 0.714 0.586 -0.384
vn 0.923 0.078 -0.377
vn 0.838 0.308 -0.451
vn 0.878 -0.078 -0.472
vn 0.838 -0.308 -0.451
vn 0.714 -0.586 -0.384
vn 0.52 -0.807 -0.28
vn 0.276 -0.95 -0.149
vn 0.138 -0.988 -0.074
vn 0.129 0.988 -0.088
vn 0.259 0.95 -0.177
vn 0.487 0.807 -0.334
vn 0.668 0.586 -0.458
vn 0.822 0.078 -0.564
vn 0.878 0.078 -0.473
vn 0.822 -0.078 -0.564
vn 0.668 -0.586 -0.458
vn 0.487 -0.807 -0.334
vn 0.259 -0.95 -0.177
vn 0.129 -0.988 -0.088
vn 0.238 0.95 -0.204
vn 0.449 0.807 -0.384
vn 0.616 0.586 -0.527
vn 0.723 0.308 -0.619
vn 0.785 0.308 -0.538
vn 0.757 0.078 -0.648
vn 0.757 -0.078 -0.648
vn 0.785 -0.308 -0.538
vn 0.723 -0.308 -0.619
vn 0.616 -0.586 -0.527
vn 0.449 -0.807 -0.384
vn 0.238 -0.95 -0.204
vn 0.215 0.95 -0.228
vn 0.119 0.988 -0.102
vn 0.406 0.807 -0.429
vn 0.557 0.586 -0.589
vn 0.654 0.308 -0.691
vn 0.685 0.078 -0.724
vn 0.685 -0.078 -0.724
vn 0.654 -0.308 -0.691
vn 0.557 -0.586 -0.589
vn 0.406 -0.807 -0.429
vn 0.119 -0.988 -0.102
vn 0.215 -0.95 -0.228
vn 0.191 0.95 -0.248
vn 0.36 0.807 -0.468
vn 0.494 0.586 -0.642
vn 0.58 0.308 -0.754
vn 0.608 0.078 -0.79
vn 0.608 -0.078 -0.79
vn 0.58 -0.308 -0.754
vn 0.494 -0.586 -0.642
vn 0.36 -0.807 -0.468
vn 0.191 -0.95 -0.248
vn 0.166 0.95 -0.266
vn 0.095 0.988 -0.124
vn 0.313 0.807 -0.501
vn 0.429 0.586 -0.687
vn 0.504 0.308 -0.807
vn 0.528 0.078 -0.846
vn 0.528 -0.078 -0.846
vn 0.504 -0.308 -0.807
vn 0.429 -0.586 -0.687
vn 0.313 -0.807 -0.501
vn 0.095 -0.988 -0.124
vn 0.166 -0.95 -0.265
vn 0.14 0.95 -0.279
vn 0.083 0.988 -0.133
vn 0.265 0.807 -0.527
vn 0.364 0.586 -0.724
vn 0.427 0.308 -0.85
vn 0.448 0.078 -0.891
vn 0.448 -0.078 -0.891
vn 0.427 -0.308 -0.85
vn 0.364 -0.586 -0.724
vn 0.265 -0.807 -0.527
vn 0.083 -0.988 -0.133
vn 0.14 -0.95 -0.279
vn 0.106 0.994 -0.011
vn 0.07 0.988 -0.14
vn 0.282 0.959 -0.028
vn 0.504 0.862 -0.05
vn 0.797 0.599 -0.079
vn 0.981 0.168 -0.098
vn 0.981 -0.168 -0.098
vn 0.797 -0.599 -0.079
vn 0.504 -0.862 -0.05
vn 0.282 -0.959 -0.028
vn 0.07 -0.988 -0.14
vn 0.106 -0.994 -0.011
vn 0.095 0.988 0.124
vn 0.078 0.997 -0.008
vn 0.19 0.95 0.248
vn 0.359 0.808 0.468
vn 0.492 0.586 0.643
vn 0.578 0.308 0.755
vn 0.606 -0.078 0.792
vn 0.578 -0.308 0.755
vn 0.492 -0.586 0.643
vn 0.359 -0.808 0.468
vn 0.19 -0.95 0.248
vn 0.095 -0.988 0.124
vn 0.078 -0.997 -0.008
vn 0.205 0.95 0.235
vn 0.389 0.808 0.443
vn 0.534 0.586 0.609
vn 0.627 0.308 0.715
vn 0.657 0.078 0.75
vn 0.606 0.078 0.792
vn 0.657 -0.078 0.75
vn 0.627 -0.308 0.715
vn 0.534 -0.586 0.609
vn 0.389 -0.808 0.443
vn 0.205 -0.95 0.234
vn 0.219 0.95 0.221
vn 0.103 0.988 0.118
vn 0.415 0.808 0.419
vn 0.57 0.587 0.575
vn 0.67 0.308 0.676
vn 0.702 0.078 0.708
vn 0.702 -0.078 0.708
vn 0.67 -0.308 0.676
vn 0.57 -0.587 0.575
vn 0.415 -0.808 0.419
vn 0.103 -0.988 0.117
vn 0.219 -0.95 0.221
vn 0.231 0.95 0.209
vn 0.11 0.988 0.111
vn 0.437 0.808 0.395
vn 0.601 0.587 0.543
vn 0.706 0.308 0.638
vn 0.739 0.078 0.669
vn 0.739 -0.078 0.669
vn 0.706 -0.308 0.638
vn 0.601 -0.587 0.543
vn 0.437 -0.808 0.395
vn 0.11 -0.988 0.111
vn 0.231 -0.95 0.209
vn 0.24 0.95 0.197
vn 0.116 0.988 0.105
vn 0.455 0.808 0.374
vn 0.626 0.587 0.514
vn 0.735 0.308 0.604
vn 0.77 0.078 0.633
vn 0.77 -0.078 0.633
vn 0.735 -0.308 0.604
vn 0.626 -0.587 0.514
vn 0.455 -0.808 0.374
vn 0.116 -0.988 0.105
vn 0.24 -0.95 0.197
vn 0.248 0.951 0.187
vn 0.121 0.988 0.099
vn 0.47 0.808 0.355
vn 0.646 0.587 0.488
vn 0.759 0.309 0.574
vn 0.795 0.078 0.601
vn 0.795 -0.078 0.601
vn 0.759 -0.309 0.574
vn 0.646 -0.587 0.488
vn 0.47 -0.808 0.355
vn 0.121 -0.988 0.099
vn 0.248 -0.951 0.187
vn 0.254 0.951 0.179
vn 0.125 0.988 0.094
vn 0.481 0.808 0.339
vn 0.661 0.587 0.467
vn 0.777 0.309 0.548
vn 0.815 0.078 0.575
vn 0.815 -0.078 0.575
vn 0.777 -0.309 0.548
vn 0.661 -0.587 0.467
vn 0.481 -0.808 0.339
vn 0.125 -0.988 0.094
vn 0.254 -0.951 0.179
vn 0.258 0.951 0.172
vn 0.128 0.988 0.09
vn 0.489 0.809 0.327
vn 0.673 0.587 0.45
vn 0.791 0.309 0.528
vn 0.829 0.078 0.554
vn 0.829 -0.078 0.554
vn 0.791 -0.309 0.528
vn 0.673 -0.587 0.45
vn 0.489 -0.808 0.327
vn 0.128 -0.988 0.09
vn 0.258 -0.951 0.172
vn 0.261 0.951 0.167
vn 0.13 0.988 0.087
vn 0.495 0.809 0.318
vn 0.681 0.587 0.437
vn 0.801 0.309 0.514
vn 0.839 0.078 0.538
vn 0.839 -0.078 0.538
vn 0.801 -0.309 0.514
vn 0.681 -0.587 0.437
vn 0.495 -0.809 0.318
vn 0.13 -0.988 0.087
vn 0.261 -0.951 0.167
vn 0.263 0.951 0.164
vn 0.132 0.988 0.084
vn 0.499 0.809 0.311
vn 0.686 0.588 0.429
vn 0.807 0.309 0.504
vn 0.846 0.078 0.528
vn 0.846 -0.078 0.528
vn 0.807 -0.309 0.504
vn 0.686 -0.588 0.429
vn 0.499 -0.809 0.311
vn 0.132 -0.988 0.084
vn 0.262 -0.951 0.164
vn 0.263 0.951 0.162
vn 0.133 0.988 0.083
vn 0.501 0.809 0.308
vn 0.689 0.588 0.424
vn 0.81 0.309 0.498
vn 0.849 0.078 0.522
vn 0.849 -0.078 0.522
vn 0.81 -0.309 0.498
vn 0.689 -0.588 0.424
vn 0.501 -0.809 0.308
vn 0.133 -0.988 0.083
vn 0.263 -0.951 0.162
vn 0.133 0.988 0.082
vn 0.5 0.809 0.309
vn 0.688 0.588 0.425
vn 0.809 0.309 0.5
vn 0.848 0.079 0.524
vn 0.848 -0.079 0.524
vn 0.809 -0.309 0.5
vn 0.688 -0.588 0.425
vn 0.5 -0.809 0.309
vn 0.133 -0.988 0.082
vn 0.261 0.951 0.164
vn 0.497 0.809 0.313
vn 0.685 0.588 0.43
vn 0.805 0.309 0.506
vn 0.844 0.078 0.53
vn 0.844 -0.078 0.53
vn 0.805 -0.309 0.506
vn 0.685 -0.588 0.43
vn 0.497 -0.809 0.313
vn 0.261 -0.951 0.164
vn 0.26 0.951 0.167
vn 0.495 0.809 0.317
vn 0.681 0.588 0.436
vn 0.801 0.309 0.513
vn 0.801 -0.309 0.513
vn 0.681 -0.588 0.436
vn 0.495 -0.809 0.317
vn 0.26 -0.951 0.167
vn 0.258 0.951 0.169
vn 0.491 0.809 0.322
vn 0.677 0.588 0.443
vn 0.796 0.309 0.521
vn 0.834 -0.078 0.546
vn 0.796 -0.309 0.521
vn 0.677 -0.588 0.443
vn 0.491 -0.809 0.322
vn 0.258 -0.951 0.169
vn 0.131 0.988 0.086
vn 0.256 0.951 0.172
vn 0.488 0.809 0.327
vn 0.672 0.588 0.45
vn 0.834 0.078 0.546
vn 0.79 0.309 0.529
vn 0.828 -0.078 0.555
vn 0.79 -0.309 0.529
vn 0.672 -0.588 0.45
vn 0.488 -0.809 0.327
vn 0.256 -0.951 0.172
vn 0.131 -0.988 0.086
vn 0.129 0.988 0.088
vn 0.255 0.951 0.174
vn 0.485 0.809 0.331
vn 0.668 0.588 0.456
vn 0.828 0.078 0.555
vn 0.785 0.309 0.537
vn 0.823 -0.079 0.562
vn 0.785 -0.309 0.537
vn 0.668 -0.588 0.456
vn 0.485 -0.809 0.331
vn 0.255 -0.951 0.174
vn 0.129 -0.988 0.088
vn 0.128 0.988 0.089
vn 0.253 0.951 0.176
vn 0.482 0.809 0.336
vn 0.664 0.588 0.462
vn 0.823 0.078 0.562
vn 0.781 0.309 0.543
vn 0.818 -0.078 0.569
vn 0.781 -0.309 0.543
vn 0.664 -0.588 0.462
vn 0.482 -0.809 0.336
vn 0.253 -0.951 0.176
vn 0.128 -0.988 0.089
vn 0.252 0.951 0.178
vn 0.48 0.809 0.339
vn 0.661 0.588 0.467
vn 0.818 0.078 0.569
vn 0.777 0.309 0.549
vn 0.814 -0.078 0.575
vn 0.777 -0.309 0.549
vn 0.661 -0.588 0.467
vn 0.48 -0.809 0.339
vn 0.252 -0.951 0.178
vn 0.251 0.951 0.179
vn 0.478 0.809 0.341
vn 0.658 0.588 0.47
vn 0.814 0.078 0.575
vn 0.774 0.309 0.553
vn 0.811 -0.078 0.579
vn 0.774 -0.309 0.553
vn 0.658 -0.588 0.47
vn 0.478 -0.809 0.341
vn 0.251 -0.951 0.179
vn 0.251 0.951 0.18
vn 0.477 0.809 0.343
vn 0.657 0.588 0.472
vn 0.811 0.078 0.579
vn 0.772 0.309 0.555
vn 0.809 -0.078 0.582
vn 0.772 -0.309 0.555
vn 0.657 -0.588 0.472
vn 0.477 -0.809 0.343
vn 0.251 -0.951 0.18
vn 0.127 0.988 0.092
vn 0.251 0.951 0.181
vn 0.477 0.809 0.344
vn 0.656 0.588 0.474
vn 0.809 0.078 0.582
vn 0.771 0.309 0.557
vn 0.808 -0.078 0.584
vn 0.771 -0.309 0.557
vn 0.656 -0.588 0.474
vn 0.477 -0.809 0.344
vn 0.25 -0.951 0.181
vn 0.127 -0.988 0.092
vn 0.25 0.951 0.181
vn 0.476 0.809 0.344
vn 0.808 0.078 0.584
vn 0.476 -0.809 0.344
vn 0.064 0.997 -0.033
vn 0.179 0.98 -0.091
vn 0.337 0.926 -0.172
vn 0.54 0.795 -0.276
vn 0.773 0.496 -0.395
vn 0.88 -0.153 -0.45
vn 0.773 -0.496 -0.395
vn 0.54 -0.795 -0.276
vn 0.337 -0.926 -0.172
vn 0.179 -0.98 -0.091
vn 0.064 -0.997 -0.033
vn -0.151 0.949 -0.277
vn -0.274 0.821 -0.502
vn -0.379 0.612 -0.694
vn -0.453 0.329 -0.829
vn -0.477 0.087 -0.874
vn 0.88 0.153 -0.45
vn -0.477 -0.087 -0.874
vn -0.453 -0.329 -0.829
vn -0.379 -0.612 -0.694
vn -0.274 -0.821 -0.502
vn -0.151 -0.949 -0.277
vn -0.258 0.951 -0.169
vn -0.066 0.99 -0.121
vn -0.492 0.809 -0.321
vn -0.677 0.588 -0.442
vn -0.796 0.309 -0.52
vn -0.835 0.078 -0.545
vn -0.835 -0.079 -0.545
vn -0.796 -0.309 -0.52
vn -0.677 -0.588 -0.442
vn -0.492 -0.809 -0.321
vn -0.066 -0.99 -0.121
vn -0.258 -0.951 -0.169
vn -0.254 0.952 -0.174
vn -0.131 0.988 -0.086
vn -0.484 0.81 -0.332
vn -0.667 0.589 -0.457
vn -0.784 0.31 -0.538
vn -0.822 0.079 -0.564
vn -0.822 -0.079 -0.564
vn -0.784 -0.31 -0.538
vn -0.667 -0.589 -0.457
vn -0.484 -0.81 -0.332
vn -0.131 -0.988 -0.086
vn -0.254 -0.952 -0.174
vn -0.247 0.952 -0.183
vn -0.129 0.988 -0.089
vn -0.471 0.81 -0.349
vn -0.649 0.589 -0.482
vn -0.764 0.31 -0.567
vn -0.801 0.079 -0.594
vn -0.8 -0.079 -0.594
vn -0.764 -0.31 -0.567
vn -0.649 -0.589 -0.482
vn -0.471 -0.81 -0.349
vn -0.129 -0.988 -0.088
vn -0.247 -0.952 -0.183
vn -0.237 0.952 -0.194
vn -0.126 0.988 -0.093
vn -0.453 0.81 -0.371
vn -0.625 0.589 -0.512
vn -0.736 0.31 -0.602
vn -0.772 0.079 -0.631
vn -0.772 -0.079 -0.631
vn -0.736 -0.31 -0.602
vn -0.625 -0.589 -0.512
vn -0.454 -0.81 -0.371
vn -0.126 -0.988 -0.093
vn -0.237 -0.952 -0.194
vn -0.225 0.952 -0.207
vn -0.121 0.988 -0.099
vn -0.43 0.811 -0.397
vn -0.593 0.59 -0.548
vn -0.699 0.31 -0.645
vn -0.733 0.079 -0.676
vn -0.733 -0.079 -0.676
vn -0.699 -0.31 -0.645
vn -0.594 -0.59 -0.548
vn -0.43 -0.811 -0.397
vn -0.121 -0.988 -0.099
vn -0.225 -0.952 -0.207
vn -0.208 0.952 -0.223
vn -0.115 0.988 -0.106
vn -0.399 0.811 -0.428
vn -0.55 0.59 -0.591
vn -0.648 0.31 -0.695
vn -0.68 0.079 -0.729
vn -0.68 -0.079 -0.729
vn -0.648 -0.31 -0.695
vn -0.55 -0.59 -0.591
vn -0.399 -0.811 -0.428
vn -0.115 -0.988 -0.106
vn -0.208 -0.952 -0.223
vn -0.186 0.953 -0.241
vn -0.357 0.812 -0.462
vn -0.493 0.591 -0.639
vn -0.581 0.311 -0.752
vn -0.609 0.079 -0.789
vn -0.609 -0.079 -0.789
vn -0.581 -0.311 -0.752
vn -0.493 -0.591 -0.639
vn -0.357 -0.812 -0.462
vn -0.186 -0.953 -0.241
vn -0.158 0.953 -0.259
vn -0.096 0.988 -0.124
vn -0.303 0.812 -0.498
vn -0.419 0.591 -0.689
vn -0.494 0.311 -0.812
vn -0.518 0.079 -0.852
vn -0.518 -0.079 -0.852
vn -0.494 -0.311 -0.812
vn -0.419 -0.591 -0.689
vn -0.303 -0.812 -0.498
vn -0.095 -0.988 -0.124
vn -0.158 -0.953 -0.259
vn -0.124 0.953 -0.276
vn -0.081 0.988 -0.133
vn -0.239 0.813 -0.531
vn -0.331 0.592 -0.735
vn -0.39 0.311 -0.867
vn -0.409 0.079 -0.909
vn -0.409 -0.079 -0.909
vn -0.39 -0.311 -0.867
vn -0.331 -0.592 -0.735
vn -0.239 -0.813 -0.532
vn -0.081 -0.988 -0.133
vn -0.124 -0.953 -0.276
vn -0.045 0.988 -0.15
vn -0.064 0.988 -0.143
vn -0.088 0.953 -0.29
vn -0.169 0.813 -0.558
vn -0.233 0.592 -0.772
vn -0.275 0.311 -0.91
vn -0.289 -0.079 -0.954
vn -0.275 -0.311 -0.91
vn -0.233 -0.592 -0.772
vn -0.169 -0.813 -0.558
vn -0.088 -0.953 -0.29
vn -0.045 -0.988 -0.149
vn -0.064 -0.988 -0.142
vn -0.027 0.988 -0.154
vn -0.052 0.953 -0.299
vn -0.101 0.812 -0.575
vn -0.139 0.591 -0.794
vn -0.289 0.079 -0.954
vn -0.164 0.311 -0.936
vn -0.172 -0.079 -0.982
vn -0.164 -0.311 -0.936
vn -0.139 -0.591 -0.794
vn -0.101 -0.812 -0.575
vn -0.052 -0.953 -0.299
vn -0.027 -0.988 -0.154
vn -0.023 0.952 -0.304
vn -0.044 0.811 -0.583
vn -0.06 0.59 -0.805
vn -0.172 0.079 -0.982
vn -0.071 0.311 -0.948
vn -0.074 -0.079 -0.994
vn -0.071 -0.311 -0.948
vn -0.06 -0.59 -0.805
vn -0.044 -0.811 -0.583
vn -0.023 -0.952 -0.304
vn -0.005 0.952 -0.307
vn -0.009 0.81 -0.587
vn -0.013 0.589 -0.808
vn -0.074 0.079 -0.994
vn -0.015 0.31 -0.951
vn -0.016 -0.079 -0.997
vn -0.015 -0.31 -0.951
vn -0.013 -0.589 -0.808
vn -0.009 -0.81 -0.587
vn -0.005 -0.952 -0.307
vn -0.016 0.079 -0.997
vn 0.198 0.96 -0.198
vn 0.361 0.86 -0.361
vn 0.523 0.674 -0.523
vn 0.654 0.379 -0.654
vn 0.703 -0.105 -0.703
vn 0.654 -0.379 -0.654
vn 0.523 -0.674 -0.523
vn 0.361 -0.86 -0.361
vn 0.198 -0.96 -0.198
vn 0.703 0.105 -0.703
vn 0.007 0.95 0.311
vn 0.013 0.808 0.589
vn 0.018 0.587 0.809
vn 0.021 0.308 0.951
vn 0.022 0.078 0.997
vn 0.022 -0.078 0.997
vn 0.021 -0.308 0.951
vn 0.018 -0.587 0.81
vn 0.013 -0.808 0.589
vn 0.007 -0.95 0.311
vn 0.004 0.988 0.157
vn -0.029 0.953 0.303
vn -0.055 0.812 0.581
vn -0.013 0.81 0.586
vn -0.076 0.591 0.803
vn -0.018 0.589 0.808
vn -0.09 0.311 0.946
vn -0.021 0.31 0.951
vn -0.094 0.079 0.992
vn -0.022 0.079 0.997
vn -0.094 -0.079 0.992
vn -0.022 -0.079 0.997
vn -0.021 -0.31 0.951
vn -0.018 -0.589 0.808
vn -0.09 -0.311 0.946
vn -0.013 -0.81 0.586
vn -0.076 -0.591 0.803
vn -0.055 -0.812 0.581
vn -0.029 -0.953 0.303
vn -0.061 0.953 0.297
vn -0.015 0.988 0.156
vn -0.118 0.812 0.571
vn -0.163 0.591 0.79
vn -0.192 0.311 0.931
vn -0.201 0.079 0.976
vn -0.201 -0.079 0.976
vn -0.192 -0.311 0.931
vn -0.163 -0.591 0.79
vn -0.118 -0.812 0.571
vn -0.015 -0.988 0.156
vn -0.061 -0.953 0.297
vn -0.098 0.953 0.286
vn -0.032 0.988 0.153
vn -0.188 0.813 0.551
vn -0.26 0.592 0.763
vn -0.306 0.312 0.899
vn -0.322 0.079 0.944
vn -0.322 -0.079 0.944
vn -0.306 -0.312 0.899
vn -0.26 -0.592 0.763
vn -0.188 -0.813 0.551
vn -0.032 -0.988 0.153
vn -0.098 -0.953 0.286
vn -0.137 0.953 0.269
vn -0.05 0.988 0.148
vn -0.264 0.813 0.519
vn -0.365 0.592 0.718
vn -0.43 0.312 0.847
vn -0.451 0.079 0.889
vn -0.451 -0.079 0.889
vn -0.43 -0.312 0.847
vn -0.365 -0.592 0.718
vn -0.264 -0.813 0.519
vn -0.05 -0.988 0.148
vn -0.137 -0.953 0.269
vn -0.176 0.954 0.244
vn -0.071 0.988 0.139
vn -0.34 0.814 0.471
vn -0.471 0.593 0.653
vn -0.556 0.312 0.77
vn -0.583 0.079 0.808
vn -0.583 -0.079 0.808
vn -0.556 -0.312 0.77
vn -0.471 -0.593 0.653
vn -0.34 -0.814 0.471
vn -0.071 -0.988 0.139
vn -0.176 -0.954 0.244
vn -0.213 0.954 0.212
vn -0.091 0.988 0.127
vn -0.412 0.814 0.41
vn -0.571 0.593 0.568
vn -0.673 0.312 0.67
vn -0.707 0.079 0.703
vn -0.707 -0.079 0.703
vn -0.673 -0.312 0.67
vn -0.571 -0.593 0.568
vn -0.412 -0.814 0.41
vn -0.091 -0.988 0.126
vn -0.213 -0.954 0.212
vn -0.127 0.988 0.091
vn -0.111 0.988 0.11
vn -0.245 0.954 0.175
vn -0.473 0.814 0.338
vn -0.655 0.593 0.468
vn -0.773 0.312 0.552
vn -0.811 -0.079 0.579
vn -0.773 -0.312 0.552
vn -0.655 -0.593 0.468
vn -0.473 -0.814 0.338
vn -0.245 -0.954 0.175
vn -0.127 -0.988 0.091
vn -0.111 -0.988 0.11
vn -0.14 0.988 0.07
vn -0.27 0.953 0.135
vn -0.52 0.813 0.26
vn -0.72 0.592 0.361
vn -0.811 0.079 0.579
vn -0.85 0.312 0.425
vn -0.891 -0.079 0.446
vn -0.85 -0.312 0.425
vn -0.72 -0.592 0.361
vn -0.52 -0.813 0.26
vn -0.27 -0.953 0.135
vn -0.139 -0.988 0.07
vn -0.148 0.988 0.049
vn -0.287 0.953 0.095
vn -0.553 0.813 0.184
vn -0.765 0.592 0.254
vn -0.891 0.079 0.446
vn -0.902 0.312 0.3
vn -0.946 -0.079 0.315
vn -0.902 -0.312 0.3
vn -0.765 -0.592 0.254
vn -0.553 -0.813 0.184
vn -0.287 -0.953 0.095
vn -0.148 -0.988 0.049
vn -0.153 0.988 0.03
vn -0.298 0.953 0.058
vn -0.572 0.812 0.112
vn -0.791 0.591 0.155
vn -0.946 0.079 0.315
vn -0.933 0.311 0.183
vn -0.978 -0.079 0.192
vn -0.933 -0.311 0.183
vn -0.791 -0.591 0.155
vn -0.572 -0.812 0.112
vn -0.297 -0.953 0.058
vn -0.153 -0.988 0.03
vn -0.156 0.988 0.013
vn -0.303 0.953 0.025
vn -0.582 0.812 0.048
vn -0.804 0.591 0.066
vn -0.978 0.079 0.192
vn -0.947 0.311 0.078
vn -0.994 -0.079 0.081
vn -0.947 -0.311 0.078
vn -0.804 -0.591 0.066
vn -0.582 -0.812 0.048
vn -0.303 -0.953 0.025
vn -0.156 -0.988 0.013
vn -0.156 0.988 -0.003
vn -0.304 0.953 -0.006
vn -0.584 0.812 -0.011
vn -0.807 0.59 -0.015
vn -0.994 0.079 0.081
vn -0.95 0.311 -0.018
vn -0.997 -0.079 -0.018
vn -0.95 -0.311 -0.018
vn -0.807 -0.59 -0.015
vn -0.584 -0.812 -0.011
vn -0.304 -0.953 -0.006
vn -0.156 -0.988 -0.003
vn -0.301 0.953 -0.038
vn -0.579 0.812 -0.072
vn -0.8 0.591 -0.1
vn -0.943 0.311 -0.118
vn -0.989 0.079 -0.124
vn -0.997 0.079 -0.018
vn -0.989 -0.079 -0.124
vn -0.943 -0.311 -0.118
vn -0.8 -0.591 -0.1
vn -0.579 -0.812 -0.072
vn -0.301 -0.953 -0.038
vn -0.293 0.953 -0.074
vn -0.155 0.988 -0.019
vn -0.565 0.813 -0.143
vn -0.781 0.592 -0.198
vn -0.921 0.312 -0.234
vn -0.966 0.079 -0.245
vn -0.966 -0.079 -0.245
vn -0.921 -0.312 -0.234
vn -0.781 -0.592 -0.198
vn -0.565 -0.813 -0.143
vn -0.155 -0.988 -0.019
vn -0.293 -0.953 -0.074
vn -0.279 0.953 -0.115
vn -0.151 0.988 -0.038
vn -0.538 0.813 -0.222
vn -0.745 0.592 -0.307
vn -0.878 0.312 -0.362
vn -0.922 0.079 -0.38
vn -0.922 -0.079 -0.38
vn -0.878 -0.312 -0.362
vn -0.745 -0.592 -0.307
vn -0.538 -0.813 -0.222
vn -0.151 -0.988 -0.038
vn -0.279 -0.953 -0.115
vn -0.257 0.954 -0.157
vn -0.144 0.988 -0.06
vn -0.496 0.814 -0.303
vn -0.687 0.593 -0.42
vn -0.811 0.312 -0.495
vn -0.851 0.079 -0.52
vn -0.851 -0.079 -0.52
vn -0.811 -0.312 -0.495
vn -0.687 -0.593 -0.42
vn -0.496 -0.814 -0.303
vn -0.144 -0.988 -0.059
vn -0.257 -0.954 -0.157
vn -0.227 0.954 -0.197
vn -0.133 0.988 -0.081
vn -0.439 0.814 -0.381
vn -0.608 0.593 -0.527
vn -0.718 0.312 -0.622
vn -0.753 0.079 -0.653
vn -0.753 -0.079 -0.653
vn -0.718 -0.312 -0.622
vn -0.608 -0.593 -0.527
vn -0.439 -0.814 -0.381
vn -0.133 -0.988 -0.081
vn -0.227 -0.954 -0.197
vn -0.099 0.988 -0.12
vn -0.118 0.988 -0.102
vn -0.192 0.954 -0.232
vn -0.37 0.814 -0.448
vn -0.513 0.593 -0.62
vn -0.606 0.312 -0.732
vn -0.635 -0.079 -0.768
vn -0.606 -0.312 -0.732
vn -0.513 -0.593 -0.621
vn -0.37 -0.814 -0.448
vn -0.192 -0.954 -0.232
vn -0.099 -0.988 -0.12
vn -0.118 -0.988 -0.102
vn -0.08 0.988 -0.134
vn -0.154 0.953 -0.259
vn -0.297 0.813 -0.501
vn -0.411 0.592 -0.693
vn -0.635 0.079 -0.768
vn -0.484 0.312 -0.817
vn -0.508 -0.079 -0.858
vn -0.484 -0.312 -0.817
vn -0.411 -0.592 -0.693
vn -0.296 -0.813 -0.501
vn -0.154 -0.953 -0.259
vn -0.079 -0.988 -0.134
vn -0.06 0.988 -0.144
vn -0.116 0.953 -0.279
vn -0.223 0.813 -0.538
vn -0.309 0.592 -0.745
vn -0.508 0.079 -0.858
vn -0.364 0.312 -0.878
vn -0.382 -0.079 -0.921
vn -0.364 -0.312 -0.878
vn -0.309 -0.592 -0.744
vn -0.223 -0.813 -0.538
vn -0.116 -0.953 -0.279
vn -0.06 -0.988 -0.144
vn -0.042 0.988 -0.151
vn -0.081 0.953 -0.293
vn -0.156 0.812 -0.562
vn -0.215 0.591 -0.777
vn -0.382 0.079 -0.921
vn -0.254 0.311 -0.916
vn -0.266 -0.079 -0.961
vn -0.254 -0.311 -0.916
vn -0.215 -0.591 -0.777
vn -0.156 -0.812 -0.562
vn -0.081 -0.953 -0.292
vn -0.042 -0.988 -0.151
vn -0.05 0.953 -0.3
vn -0.096 0.812 -0.576
vn -0.133 0.591 -0.796
vn -0.266 0.079 -0.961
vn -0.156 0.311 -0.938
vn -0.164 -0.079 -0.983
vn -0.156 -0.311 -0.938
vn -0.133 -0.59 -0.796
vn -0.096 -0.812 -0.576
vn -0.164 0.079 -0.983
vn -0.072 0.31 -0.948
vn -0.076 -0.079 -0.994
vn -0.072 -0.31 -0.948
vn -0.01 0.81 -0.586
vn -0.014 0.589 -0.808
vn -0.076 0.079 -0.994
vn -0.014 -0.589 -0.808
vn -0.01 -0.81 -0.586
vn -0.118 0.976 -0.183
vn -0.071 0.991 -0.111
vn -0.168 0.951 -0.26
vn -0.262 0.875 -0.407
vn -0.304 0.828 -0.471
vn -0.397 0.68 -0.616
vn -0.424 0.624 -0.657
vn -0.501 0.38 -0.777
vn -0.51 0.338 -0.791
vn -0.54 0.096 -0.836
vn -0.54 0.09 -0.837
vn -0.539 -0.096 -0.836
vn -0.54 -0.09 -0.837
vn -0.51 -0.338 -0.791
vn -0.424 -0.624 -0.657
vn -0.501 -0.38 -0.777
vn -0.304 -0.828 -0.471
vn -0.397 -0.681 -0.616
vn -0.168 -0.951 -0.26
vn -0.262 -0.875 -0.407
vn -0.071 -0.991 -0.111
vn -0.118 -0.976 -0.183
vn 0.119 0.976 -0.18
vn 0.265 0.877 -0.401
vn 0.402 0.684 -0.609
vn 0.509 0.383 -0.771
vn 0.548 0.097 -0.831
vn 0.548 -0.097 -0.831
vn 0.509 -0.383 -0.771
vn 0.402 -0.683 -0.609
vn 0.265 -0.877 -0.401
vn 0.119 -0.976 -0.18
vn 0.072 0.991 -0.11
vn 0.072 0.991 -0.109
vn 0.17 0.951 -0.258
vn 0.307 0.83 -0.466
vn 0.43 0.626 -0.651
vn 0.518 0.34 -0.785
vn 0.548 -0.091 -0.831
vn 0.518 -0.34 -0.785
vn 0.43 -0.626 -0.651
vn 0.308 -0.83 -0.466
vn 0.17 -0.951 -0.258
vn 0.072 -0.991 -0.109
vn -0.073 0.996 -0.048
vn -0.195 0.972 -0.129
vn -0.363 0.9 -0.24
vn -0.557 0.745 -0.368
vn 0.548 0.091 -0.831
vn -0.748 0.444 -0.494
vn -0.827 -0.13 -0.546
vn -0.748 -0.444 -0.494
vn -0.557 -0.745 -0.368
vn -0.363 -0.9 -0.24
vn -0.195 -0.972 -0.129
vn -0.073 -0.996 -0.048
vn -0.17 0.951 0.258
vn -0.308 0.83 0.466
vn -0.43 0.626 0.651
vn -0.518 0.34 0.785
vn -0.549 0.091 0.831
vn -0.827 0.13 -0.546
vn -0.549 -0.091 0.831
vn -0.518 -0.34 0.785
vn -0.43 -0.626 0.651
vn -0.308 -0.83 0.466
vn -0.17 -0.951 0.258
vn 0.169 0.951 0.259
vn -0.072 0.991 0.109
vn 0.305 0.829 0.469
vn 0.426 0.624 0.655
vn 0.513 0.339 0.789
vn 0.543 0.09 0.835
vn 0.543 -0.09 0.835
vn 0.513 -0.339 0.789
vn 0.426 -0.624 0.655
vn 0.305 -0.829 0.469
vn -0.072 -0.991 0.109
vn 0.169 -0.951 0.259
vn 0.072 0.996 -0.047
vn 0.072 0.991 0.11
vn 0.195 0.973 -0.126
vn 0.362 0.902 -0.235
vn 0.557 0.748 -0.362
vn 0.75 0.447 -0.487
vn 0.831 -0.131 -0.54
vn 0.75 -0.447 -0.487
vn 0.557 -0.748 -0.362
vn 0.362 -0.902 -0.235
vn 0.195 -0.973 -0.126
vn 0.072 -0.996 -0.047
vn 0.072 -0.991 0.11
vn 0.831 0.131 -0.54
vn 0.001 0.997 -0.08
vn -0.072 0.996 0.047
vn -0.101 0.993 0.065
vn 0.003 0.975 -0.222
vn -0.262 0.95 0.17
vn 0.006 0.911 -0.413
vn -0.458 0.838 0.297
vn 0.01 0.696 -0.718
vn -0.695 0.559 0.451
vn 0.013 0.215 -0.977
vn -0.829 0.153 0.538
vn 0.013 -0.215 -0.977
vn -0.829 -0.153 0.538
vn -0.695 -0.559 0.451
vn -0.458 -0.838 0.297
vn 0.01 -0.696 -0.718
vn -0.262 -0.95 0.17
vn 0.006 -0.911 -0.413
vn -0.101 -0.993 0.065
vn 0.003 -0.975 -0.222
vn -0.072 -0.996 0.047
vn 0.001 -0.997 -0.08
vn 0.073 0.996 0.049
vn 0.001 0.998 -0.062
vn 0.103 0.992 0.069
vn 0.265 0.948 0.177
vn 0.461 0.832 0.309
vn 0.694 0.551 0.464
vn 0.822 -0.15 0.55
vn 0.694 -0.551 0.464
vn 0.461 -0.832 0.309
vn 0.265 -0.948 0.177
vn 0.103 -0.992 0.069
vn 0.073 -0.996 0.049
vn 0.001 -0.998 -0.062
vn 0.822 0.15 0.55
vn 0.198 0.96 0.198
vn 0.361 0.86 0.361
vn 0.523 0.674 0.523
vn 0.654 0.379 0.654
vn 0.703 0.105 0.703
vn 0.703 -0.105 0.703
vn 0.654 -0.379 0.654
vn 0.523 -0.674 0.523
vn 0.361 -0.86 0.361
vn 0.198 -0.96 0.198
vn 0.024 0.998 -0.065
vn -0.059 0.99 -0.13
vn -0.133 0.947 -0.291
vn 0.069 0.981 -0.183
vn -0.241 0.814 -0.528
vn 0.129 0.929 -0.346
vn -0.331 0.602 -0.727
vn 0.234 0.742 -0.628
vn -0.393 0.322 -0.862
vn 0.34 0.243 -0.909
vn -0.413 0.084 -0.907
vn 0.34 -0.243 -0.909
vn -0.413 -0.084 -0.907
vn -0.393 -0.322 -0.862
vn -0.331 -0.602 -0.726
vn 0.235 -0.742 -0.628
vn -0.241 -0.814 -0.528
vn 0.129 -0.929 -0.346
vn -0.133 -0.947 -0.291
vn 0.068 -0.981 -0.183
vn -0.059 -0.99 -0.13
vn 0.024 -0.998 -0.065
vn 0.019 0.998 -0.052
vn 0.019 -0.998 -0.052
vn 0.132 0.947 0.291
vn 0.24 0.814 0.529
vn 0.33 0.602 0.727
vn 0.391 0.321 0.862
vn 0.412 0.084 0.907
vn 0.412 -0.084 0.907
vn 0.391 -0.321 0.862
vn 0.33 -0.602 0.727
vn 0.24 -0.814 0.529
vn 0.132 -0.947 0.291
vn -0.025 0.998 0.065
vn 0.059 0.99 0.13
vn -0.069 0.98 0.184
vn -0.131 0.928 0.348
vn -0.236 0.74 0.629
vn -0.341 0.242 0.908
vn -0.341 -0.242 0.908
vn -0.236 -0.741 0.629
vn -0.131 -0.928 0.348
vn -0.069 -0.98 0.184
vn 0.059 -0.99 0.13
vn -0.025 -0.998 0.065
vn -0.02 0.998 0.052
vn -0.02 -0.998 0.052
vn -0.533 0.172 0.829
vn -0.656 0.163 0.737
vn -0.716 0.135 0.685
vn -0.757 0.081 0.649
vn -0.741 0.011 0.672
vn -0.741 -0.011 0.672
vn -0.757 -0.081 0.649
vn -0.716 -0.135 0.685
vn -0.656 -0.163 0.737
vn -0.533 -0.172 0.829
vn 0.757 0.178 0.629
vn 0.864 0.161 0.477
vn 0.908 0.122 0.401
vn 0.931 0.067 0.358
vn 0.921 0.009 0.389
vn 0.921 -0.009 0.389
vn 0.931 -0.067 0.358
vn 0.908 -0.122 0.401
vn 0.864 -0.161 0.477
vn 0.757 -0.178 0.628
vn 0.061 0.99 -0.127
vn 0.139 0.948 -0.287
vn 0.251 0.816 -0.521
vn 0.346 0.605 -0.717
vn 0.411 0.324 -0.852
vn 0.433 -0.085 -0.897
vn 0.411 -0.324 -0.852
vn 0.346 -0.605 -0.717
vn 0.251 -0.816 -0.521
vn 0.139 -0.948 -0.287
vn 0.061 -0.99 -0.127
vn -0.139 0.948 -0.287
vn -0.251 0.816 -0.521
vn -0.346 0.605 -0.717
vn -0.411 0.324 -0.852
vn 0.433 0.085 -0.897
vn -0.433 -0.085 -0.897
vn -0.411 -0.324 -0.852
vn -0.251 -0.816 -0.521
vn -0.139 -0.948 -0.287
vn -0.061 -0.99 -0.127
vn -0.758 0.177 0.628
vn -0.061 0.99 -0.127
vn -0.864 0.161 0.477
vn -0.908 0.122 0.401
vn -0.931 0.067 0.358
vn -0.921 0.009 0.389
vn -0.433 0.085 -0.897
vn -0.921 -0.009 0.389
vn -0.346 -0.605 -0.717
vn -0.931 -0.067 0.358
vn -0.908 -0.122 0.401
vn -0.864 -0.161 0.477
vn -0.757 -0.178 0.628
vn 0.533 0.172 0.829
vn 0.656 0.163 0.737
vn 0.716 0.135 0.685
vn 0.757 0.081 0.649
vn 0.741 -0.011 0.672
vn 0.757 -0.081 0.649
vn 0.716 -0.135 0.685
vn 0.656 -0.163 0.737
vn 0.533 -0.172 0.829
vn 0.741 0.011 0.672
vn 0.138 0.948 0.288
vn 0.249 0.816 0.522
vn 0.344 0.604 0.719
vn 0.408 0.323 0.854
vn 0.43 0.085 0.899
vn 0.43 -0.085 0.899
vn 0.408 -0.323 0.854
vn 0.344 -0.604 0.719
vn 0.249 -0.816 0.522
vn 0.138 -0.948 0.288
vn 0 0.989 0.145
vn 0.061 0.99 0.128
vn 0 0.932 0.362
vn 0.001 0.793 0.609
vn 0.001 0.498 0.867
vn 0.001 0.131 0.991
vn 0.001 -0.131 0.991
vn 0.001 -0.498 0.867
vn 0.001 -0.793 0.609
vn 0 -0.932 0.362
vn 0.061 -0.99 0.128
vn 0 -0.989 0.145
vn -0.061 0.99 0.128
vn 0 0.995 0.099
vn -0.137 0.948 0.288
vn -0.249 0.816 0.522
vn -0.343 0.604 0.719
vn -0.407 0.323 0.854
vn -0.429 -0.085 0.899
vn -0.407 -0.323 0.854
vn -0.343 -0.604 0.719
vn -0.249 -0.816 0.522
vn -0.137 -0.948 0.288
vn -0.061 -0.99 0.128
vn 0 -0.995 0.099
vn -0.429 0.085 0.899
vn -0.397 0.681 -0.616
vn -0.51 0.339 -0.791
vn -0.54 -0.096 -0.836
vn -0.397 -0.68 -0.616
vn -0.072 -0.991 -0.111
vn 0.402 0.683 -0.609
vn 0.402 -0.684 -0.609
vn 0.308 0.83 -0.466
vn 0.072 -0.991 -0.11
vn 0.169 -0.951 0.26
vn 0.072 -0.991 0.111
vn 0.006 0.91 -0.414
vn -0.101 -0.993 0.066
vn 0.115 0.807 0.58
vn 0.245 -0.586 0.773
vn 0.247 -0.807 0.537
vn 0.204 -0.949 0.24
vn 0.267 -0.949 0.168
vn 0.743 0.585 0.324
vn 0.308 0.95 -0.058
vn 0.957 0.078 -0.279
vn 0.878 0.078 -0.472
vn 0.103 -0.988 0.118
vn 0.771 0.078 0.633
vn 0.759 -0.308 0.574
vn 0.489 -0.809 0.327
vn 0.262 0.951 0.164
vn 0.132 -0.988 0.085
vn 0.263 -0.951 0.164
vn 0.834 -0.079 0.546
vn 0.834 0.079 0.546
vn 0.828 0.079 0.555
vn 0.823 -0.078 0.562
vn 0.814 -0.079 0.575
vn 0.814 0.079 0.575
vn 0.251 -0.951 0.181
vn -0.835 -0.078 -0.545
vn -0.129 0.988 -0.088
vn -0.763 -0.31 -0.567
vn -0.129 -0.988 -0.089
vn -0.454 0.81 -0.371
vn -0.594 0.59 -0.548
vn -0.593 -0.59 -0.548
vn -0.095 0.988 -0.124
vn -0.096 -0.988 -0.124
vn -0.239 0.813 -0.532
vn -0.045 0.988 -0.149
vn -0.064 0.988 -0.142
vn -0.045 -0.988 -0.15
vn -0.064 -0.988 -0.143
vn -0.005 0.952 -0.308
vn -0.015 -0.309 -0.951
vn -0.005 -0.952 -0.308
vn -0.003 -0.988 -0.157
vn 0.018 0.587 0.81
vn 0.018 -0.587 0.809
vn 0.004 -0.988 0.157
vn -0.091 0.988 0.126
vn -0.091 -0.988 0.127
vn -0.11 0.988 0.11
vn -0.139 0.988 0.07
vn -0.14 -0.988 0.07
vn -0.297 0.953 0.058
vn -0.298 -0.953 0.058
vn -0.279 0.954 -0.115
vn -0.144 0.988 -0.059
vn -0.144 -0.988 -0.06
vn -0.513 0.593 -0.621
vn -0.08 -0.988 -0.134
vn -0.309 0.592 -0.744
vn -0.081 0.953 -0.292
vn -0.133 0.59 -0.796
vn -0.133 -0.591 -0.796
vn -0.12 0.985 -0.12
vn -0.288 0.913 -0.288
vn -0.467 0.751 -0.467
vn -0.632 0.449 -0.632
vn -0.702 0.116 -0.702
vn -0.702 -0.116 -0.702
vn -0.632 -0.449 -0.632
vn -0.467 -0.751 -0.467
vn -0.288 -0.913 -0.288
vn -0.12 -0.985 -0.12
vn -0.092 -0.175 -0.98
vn -0.706 -0.074 -0.705
vn -0.21 -0.976 -0.057
vn -0.143 -0.646 -0.75
vn -0.989 -0.063 -0.137
vn -0.614 -0.777 -0.14
vn -0.063 -0.989 0.137
vn -0.708 -0.706 0.033
vn -0.175 -0.092 0.98
vn -0.143 -0.75 0.646
vn -0.976 -0.21 0.057
vn -0.646 -0.143 0.75
vn -0.175 0.092 -0.98
vn -0.074 0.706 -0.705
vn -0.976 0.21 -0.057
vn -0.646 0.143 -0.75
vn -0.063 0.989 -0.137
vn -0.777 0.614 -0.14
vn -0.092 0.175 0.98
vn -0.706 0.074 0.705
vn -0.21 0.976 0.057
vn -0.143 0.646 0.75
vn -0.989 0.063 0.137
vn -0.614 0.777 0.14
vn 0.175 -0.092 -0.98
vn 0.074 -0.706 -0.705
vn 0.976 -0.21 -0.057
vn 0.646 -0.143 -0.75
vn 0.063 -0.989 -0.137
vn 0.777 -0.614 -0.14
vn 0.092 -0.175 0.98
vn 0.706 -0.074 0.705
vn 0.21 -0.976 0.057
vn 0.143 -0.646 0.75
vn 0.989 -0.063 0.137
vn 0.614 -0.777 0.14
vn 0.092 0.175 -0.98
vn 0.706 0.074 -0.705
vn 0.21 0.976 -0.057
vn 0.143 0.646 -0.75
vn 0.989 0.063 -0.137
vn 0.614 0.777 -0.14
vn 0.175 0.092 0.98
vn 0.074 0.706 0.705
vn 0.976 0.21 0.057
vn 0.646 0.143 0.75
vn 0.063 0.989 0.137
vn 0.777 0.614 0.14
f 1/1/1 2/2/1 3/3/1
f 4/4/2 5/5/2 6/6/2
f 7/7/1 8/8/1 9/9/1
f 10/10/2 11/11/2 12/12/2
f 13/13/1 14/14/1 15/15/1
f 16/16/2 17/17/2 18/18/2
f 19/19/3 20/20/3 21/21/3
f 20/20/4 19/19/4 22/22/4
f 22/23/5 23/24/5 24/25/5
f 23/24/6 22/23/6 19/26/6
f 25/27/7 26/28/7 23/29/7
f 26/28/7 25/27/7 27/30/7
f 27/31/1 21/32/1 26/33/1
f 21/32/2 27/31/2 28/34/2
f 29/35/8 30/36/8 31/37/8
f 30/36/8 29/35/8 32/38/8
f 32/39/1 33/40/1 30/41/1
f 33/40/2 32/39/2 34/42/2
f 35/43/9 36/44/9 33/45/9
f 36/44/10 35/43/10 37/46/10
f 37/47/5 31/48/5 38/49/5
f 31/48/11 37/47/11 35/50/11
f 35/50/5 29/51/5 31/48/5
f 29/51/6 35/50/6 39/52/6
f 39/53/12 33/45/12 34/54/12
f 33/45/13 39/53/13 35/43/13
f 29/35/14 40/55/14 32/38/14
f 40/55/14 29/35/14 24/56/14
f 20/57/2 32/39/2 40/58/2
f 32/39/1 20/57/1 34/42/1
f 36/59/1 30/41/1 33/40/1
f 30/41/1 36/59/1 41/60/1
f 31/37/15 41/61/15 38/62/15
f 41/61/15 31/37/15 30/36/15
f 37/47/5 42/63/5 43/64/5
f 42/63/5 37/47/5 38/49/5
f 43/65/16 36/44/17 37/46/17
f 36/44/17 43/65/16 44/66/18
f 22/22/19 34/54/19 20/20/19
f 34/54/20 22/22/20 39/53/20
f 29/51/5 22/23/5 24/25/5
f 22/23/11 29/51/11 39/52/11
f 26/33/2 20/57/2 40/58/2
f 20/57/2 26/33/2 21/32/2
f 24/56/7 26/28/7 40/55/7
f 26/28/7 24/56/7 23/29/7
f 43/65/16 45/67/21 44/66/18
f 45/67/21 43/65/16 46/68/21
f 38/62/15 47/69/15 42/70/15
f 47/69/15 38/62/15 41/61/15
f 46/71/5 42/63/5 48/72/5
f 42/63/11 46/71/11 43/64/11
f 36/59/1 47/73/1 41/60/1
f 47/73/2 36/59/2 44/74/2
f 47/73/2 45/75/2 49/76/2
f 45/75/1 47/73/1 44/74/1
f 19/26/6 25/77/6 23/24/6
f 25/77/5 19/26/5 50/78/5
f 48/79/22 47/69/22 49/80/22
f 47/69/23 48/79/23 42/70/23
f 25/81/24 28/82/24 27/83/24
f 28/82/24 25/81/24 50/84/24
f 19/19/25 28/85/25 50/86/25
f 28/85/25 19/19/25 21/21/25
f 48/87/26 45/88/26 46/89/26
f 45/88/26 48/87/26 49/90/26
f 51/91/27 52/92/28 53/93/29
f 52/92/28 51/91/27 54/94/28
f 54/95/6 51/96/6 55/97/6
f 55/97/6 56/98/6 54/95/6
f 57/99/30 58/100/30 55/101/30
f 58/100/30 57/99/30 59/102/30
f 53/103/1 59/104/1 60/105/1
f 59/104/2 53/103/2 58/106/2
f 61/107/31 62/108/31 63/109/31
f 62/108/31 61/107/31 64/110/31
f 65/111/1 62/112/1 66/113/1
f 62/112/32 65/111/32 63/114/32
f 67/115/33 65/116/33 68/117/33
f 65/116/33 67/115/33 69/118/33
f 67/119/5 68/120/5 61/121/5
f 70/122/34 67/119/34 61/121/34
f 68/120/6 71/123/6 64/124/6
f 64/124/5 61/121/5 68/120/5
f 71/125/35 65/116/35 66/126/35
f 65/116/35 71/125/35 68/117/35
f 56/127/36 62/108/36 64/110/36
f 62/108/36 56/127/36 72/128/36
f 72/129/37 52/130/37 62/112/37
f 66/113/2 62/112/2 52/130/2
f 63/114/2 69/131/2 73/132/2
f 61/107/38 73/133/38 70/134/38
f 73/133/38 61/107/38 63/109/38
f 74/135/6 67/119/6 70/122/6
f 67/119/11 74/135/11 75/136/11
f 67/115/39 76/137/39 69/118/39
f 76/137/39 67/115/39 75/138/39
f 54/94/40 66/126/40 52/92/40
f 66/126/41 54/94/41 71/125/41
f 64/124/5 54/95/5 56/98/5
f 54/95/5 64/124/5 71/123/5
f 53/103/1 52/130/1 72/129/1
f 72/129/2 58/106/2 53/103/2
f 56/127/30 58/100/30 72/128/30
f 58/100/42 56/127/42 55/101/42
f 77/139/23 76/137/23 75/138/23
f 76/137/23 77/139/23 78/140/23
f 70/134/38 79/141/38 74/142/38
f 79/141/38 70/134/38 73/133/38
f 77/143/6 75/136/6 74/135/6
f 74/135/5 80/144/5 77/143/5
f 73/132/37 69/131/37 79/145/37
f 69/131/2 63/114/2 65/111/2
f 76/146/1 79/145/1 69/131/1
f 78/147/2 79/145/2 76/146/2
f 79/145/2 78/147/2 81/148/2
f 51/96/5 82/149/5 57/150/5
f 57/150/34 55/97/34 51/96/34
f 74/142/43 81/151/43 80/152/43
f 81/151/43 74/142/43 79/141/43
f 82/153/26 59/154/26 57/155/26
f 59/154/26 82/153/26 60/156/26
f 51/91/27 60/157/44 82/158/44
f 60/157/44 51/91/27 53/93/29
f 77/159/24 81/160/24 78/161/24
f 81/160/24 77/159/24 80/162/24
f 83/163/45 84/164/45 85/165/45
f 84/164/46 83/163/46 86/166/46
f 86/167/6 83/168/6 87/169/6
f 87/169/5 88/170/5 86/167/5
f 89/171/30 90/172/30 87/173/30
f 90/172/42 89/171/42 91/174/42
f 85/175/37 91/176/37 92/177/37
f 91/176/37 85/175/37 90/178/37
f 93/179/31 94/180/31 95/181/31
f 94/180/47 93/179/47 96/182/47
f 97/183/32 96/184/32 98/185/32
f 96/184/37 97/183/37 94/186/37
f 99/187/33 100/188/33 97/189/33
f 100/188/48 99/187/49 101/190/50
f 101/191/5 99/192/5 95/193/5
f 102/194/5 101/191/5 95/193/5
f 99/192/6 103/195/6 93/196/6
f 93/196/5 95/193/5 99/192/5
f 103/197/35 97/189/35 98/198/35
f 97/189/35 103/197/35 99/187/35
f 88/199/51 96/182/51 93/179/51
f 96/182/36 88/199/36 104/200/36
f 104/201/37 84/202/37 96/184/37
f 98/185/32 96/184/32 84/202/32
f 94/186/2 100/203/2 105/204/2
f 100/203/37 94/186/37 97/183/37
f 95/181/38 105/205/38 102/206/38
f 105/205/38 95/181/38 94/180/38
f 106/207/11 101/191/11 102/194/11
f 101/191/5 106/207/5 107/208/5
f 107/209/52 100/188/48 101/190/50
f 100/188/48 107/209/52 108/210/53
f 86/166/41 98/198/41 84/164/41
f 98/198/40 86/166/40 103/197/40
f 93/196/5 86/167/5 88/170/5
f 86/167/5 93/196/5 103/195/5
f 84/202/1 90/178/1 85/175/1
f 90/178/32 84/202/32 104/201/32
f 88/199/30 90/172/30 104/200/30
f 90/172/30 88/199/30 87/173/30
f 107/209/52 109/211/54 108/210/53
f 109/211/54 107/209/52 110/212/54
f 102/206/38 111/213/38 106/214/38
f 111/213/38 102/206/38 105/205/38
f 110/215/5 107/208/5 106/207/5
f 106/207/5 112/216/5 110/215/5
f 105/204/32 100/203/32 111/217/32
f 108/218/2 111/217/2 100/203/2
f 109/219/2 111/217/2 108/218/2
f 111/217/32 109/219/32 113/220/32
f 83/168/11 114/221/11 89/222/11
f 89/222/5 87/169/5 83/168/5
f 112/223/43 111/213/43 113/224/43
f 111/213/43 112/223/43 106/214/43
f 89/225/55 92/226/55 91/227/55
f 92/226/26 89/225/26 114/228/26
f 83/163/56 92/229/56 114/230/56
f 92/229/56 83/163/56 85/165/56
f 112/231/24 109/232/24 110/233/24
f 109/232/24 112/231/24 113/234/24
f 115/235/57 116/236/58 117/237/59
f 116/236/58 115/235/57 118/238/58
f 118/239/5 119/240/5 120/241/5
f 119/240/5 118/239/5 115/242/5
f 121/243/7 122/244/7 119/245/7
f 122/244/7 121/243/7 123/246/7
f 123/247/32 117/248/32 122/249/32
f 117/248/2 123/247/2 124/250/2
f 125/251/8 126/252/8 127/253/8
f 126/252/60 125/251/60 128/254/60
f 126/255/32 129/256/32 127/257/32
f 129/256/32 126/255/32 130/258/32
f 131/259/9 129/260/9 132/261/9
f 129/260/9 131/259/9 133/262/9
f 131/263/5 125/264/5 134/265/5
f 125/264/11 131/263/11 132/266/11
f 132/266/5 128/267/5 125/264/5
f 128/267/6 132/266/6 135/268/6
f 135/269/13 129/260/13 130/270/13
f 129/260/13 135/269/13 132/261/13
f 120/271/14 126/252/14 128/254/14
f 126/252/61 120/271/61 136/272/61
f 116/273/1 126/255/1 136/274/1
f 126/255/37 116/273/37 130/258/37
f 127/257/1 133/275/1 137/276/1
f 125/251/15 137/277/15 134/278/15
f 137/277/15 125/251/15 127/253/15
f 131/263/6 138/279/6 139/280/6
f 138/279/11 131/263/11 134/265/11
f 131/259/62 140/281/62 133/262/62
f 140/281/62 131/259/62 139/282/62
f 118/238/20 130/270/20 116/236/20
f 130/270/20 118/238/20 135/269/20
f 128/267/5 118/239/5 120/241/5
f 118/239/11 128/267/11 135/268/11
f 117/248/32 136/274/32 122/249/32
f 136/274/2 117/248/2 116/273/2
f 120/271/7 122/244/7 136/272/7
f 122/244/7 120/271/7 119/245/7
f 141/283/43 140/281/43 139/282/43
f 140/281/43 141/283/43 142/284/43
f 134/278/15 143/285/15 138/286/15
f 143/285/15 134/278/15 137/277/15
f 141/287/5 138/279/5 144/288/5
f 138/279/34 141/287/34 139/280/34
f 133/275/1 143/289/1 137/276/1
f 133/275/32 127/257/32 129/256/32
f 140/290/2 143/289/2 133/275/2
f 143/289/1 142/291/1 145/292/1
f 142/291/2 143/289/2 140/290/2
f 115/242/5 121/293/5 119/240/5
f 121/293/11 115/242/11 146/294/11
f 138/286/23 145/295/23 144/296/23
f 145/295/23 138/286/23 143/285/23
f 146/297/24 123/298/24 121/299/24
f 123/298/24 146/297/24 124/300/24
f 115/235/57 124/301/63 146/302/63
f 124/301/63 115/235/57 117/237/59
f 141/303/26 145/304/26 142/305/26
f 145/304/26 141/303/26 144/306/26
f 147/307/24 148/308/24 149/309/24
f 147/307/24 150/310/24 148/308/24
f 150/311/64 151/312/64 148/313/64
f 150/311/64 152/314/64 151/312/64
f 151/315/26 153/316/26 154/317/26
f 151/315/26 155/318/26 153/316/26
f 151/315/26 156/319/26 155/318/26
f 155/320/65 157/321/65 153/322/65
f 155/320/65 149/323/65 157/321/65
f 157/324/24 148/308/24 158/325/24
f 148/308/24 157/324/24 149/309/24
f 148/313/66 154/326/66 158/327/66
f 148/313/66 151/312/66 154/326/66
f 15/328/67 150/311/67 159/329/67
f 160/330/67 152/314/67 15/328/67
f 13/331/24 147/307/24 161/332/24
f 159/333/24 150/310/24 13/331/24
f 156/334/65 147/335/65 149/323/65
f 156/334/65 149/323/65 155/320/65
f 162/336/68 156/334/68 163/337/68
f 161/338/65 147/335/65 162/336/65
f 14/339/69 152/340/69 160/341/69
f 156/319/26 151/315/26 152/340/26
f 163/342/69 156/319/69 14/339/69
f 164/343/1 165/344/1 166/345/1
f 167/346/1 165/344/1 164/343/1
f 168/347/70 166/348/70 169/349/70
f 166/348/65 168/347/65 164/350/65
f 169/351/5 170/352/5 168/353/5
f 171/354/5 170/352/5 169/351/5
f 165/355/67 170/356/67 171/357/67
f 170/356/67 165/355/67 167/358/67
f 172/359/69 173/360/69 174/361/69
f 173/360/69 172/359/69 175/362/69
f 173/363/2 176/364/2 177/365/2
f 175/366/1 176/364/1 173/363/1
f 174/367/70 177/368/70 178/369/70
f 177/368/65 174/367/65 173/370/65
f 178/371/5 172/372/5 174/373/5
f 179/374/5 172/372/5 178/371/5
f 176/375/67 172/376/67 179/377/67
f 172/376/67 176/375/67 175/378/67
f 158/379/5 154/380/5 153/381/5
f 157/382/5 158/379/5 153/381/5
f 180/383/64 181/384/64 182/385/64
f 181/384/64 180/383/64 183/386/64
f 184/387/24 180/388/24 185/389/24
f 180/388/24 184/387/24 186/390/24
f 180/388/24 187/391/24 183/392/24
f 188/393/65 187/394/65 186/395/65
f 189/396/65 186/395/65 184/397/65
f 186/395/65 189/396/65 188/393/65
f 189/398/26 182/399/26 188/400/26
f 182/399/26 189/398/26 190/401/26
f 182/399/26 191/402/26 188/400/26
f 185/403/66 182/385/66 190/404/66
f 182/385/66 185/403/66 180/383/66
f 11/405/71 183/386/71 192/406/71
f 191/402/26 182/399/26 181/407/26
f 10/408/69 181/407/69 193/409/69
f 187/394/65 188/393/65 191/410/65
f 194/411/65 191/410/65 195/412/65
f 187/391/24 180/388/24 186/390/24
f 12/413/24 187/391/24 196/414/24
f 197/415/1 165/344/1 198/416/1
f 165/344/1 197/415/1 166/345/1
f 166/348/65 197/417/65 199/418/65
f 166/348/65 199/418/65 169/349/65
f 200/419/5 171/354/5 169/351/5
f 169/351/5 199/420/5 200/419/5
f 200/421/67 165/355/67 171/357/67
f 165/355/67 200/421/67 198/422/67
f 201/423/24 202/424/24 203/425/24
f 201/423/24 204/426/24 202/424/24
f 201/427/1 176/364/1 204/428/1
f 176/364/1 201/427/1 177/365/1
f 177/368/65 201/429/65 203/430/65
f 177/368/65 203/430/65 178/369/65
f 202/431/5 179/374/5 178/371/5
f 178/371/5 203/432/5 202/431/5
f 202/433/67 176/375/67 179/377/67
f 176/375/71 202/433/71 204/434/71
f 184/435/5 190/436/5 189/437/5
f 184/435/5 185/438/5 190/436/5
f 205/439/1 206/440/1 207/441/1
f 208/442/1 205/439/1 207/441/1
f 206/443/24 209/444/24 210/445/24
f 210/445/24 207/446/24 206/443/24
f 211/447/5 210/448/5 209/449/5
f 210/448/5 211/447/5 212/450/5
f 205/451/72 212/452/73 211/453/74
f 212/452/73 205/451/72 208/454/73
f 205/439/2 213/455/2 206/440/2
f 213/455/1 205/439/1 214/456/1
f 206/443/75 213/457/75 209/444/75
f 215/458/24 209/444/24 213/457/24
f 209/449/6 215/459/6 211/447/6
f 216/460/6 211/447/6 215/459/6
f 214/461/76 211/453/74 216/462/76
f 211/453/74 214/461/76 205/451/72
f 217/463/69 218/464/69 219/465/69
f 1/466/68 220/467/68 221/468/68
f 3/469/24 222/470/24 223/471/24
f 2/472/71 224/473/71 225/474/71
f 222/475/5 218/476/5 220/477/5
f 218/476/5 222/475/5 224/478/5
f 226/479/67 227/480/67 228/481/67
f 227/480/67 226/479/67 229/482/67
f 230/483/77 231/484/77 232/485/77
f 233/486/68 230/483/68 232/485/68
f 228/487/78 233/488/78 232/489/78
f 228/487/78 232/489/78 226/490/78
f 231/491/5 229/492/5 226/493/5
f 231/491/5 226/493/5 232/494/5
f 231/495/24 227/496/24 229/497/24
f 227/496/24 231/495/24 230/498/24
f 230/499/32 228/500/32 227/501/32
f 228/500/37 230/499/37 233/502/37
f 234/503/79 235/504/79 236/505/79
f 237/506/79 234/503/79 236/505/79
f 238/507/69 237/508/69 236/509/69
f 237/508/55 238/507/55 239/510/55
f 235/511/5 240/512/5 238/513/5
f 235/511/5 238/513/5 236/514/5
f 234/515/24 241/516/24 240/517/24
f 234/515/24 240/517/24 235/518/24
f 234/519/32 239/520/32 241/521/32
f 239/520/32 234/519/32 237/522/32
f 8/523/67 242/524/67 243/525/67
f 244/526/67 245/527/67 8/523/67
f 9/528/24 246/529/24 247/530/24
f 7/531/77 248/532/77 249/533/77
f 247/534/77 246/535/77 7/531/77
f 250/536/69 245/537/69 244/538/69
f 249/539/69 248/540/69 250/536/69
f 242/541/5 245/542/5 248/543/5
f 246/544/5 242/541/5 248/543/5
f 251/545/70 252/546/70 253/547/70
f 252/546/65 251/545/65 254/548/65
f 255/549/69 254/550/69 251/551/69
f 254/550/69 255/549/69 256/552/69
f 253/553/6 257/554/6 251/555/6
f 255/556/6 251/555/6 257/554/6
f 252/557/75 257/558/75 253/559/75
f 257/558/24 252/557/24 258/560/24
f 254/561/2 258/562/2 252/563/2
f 258/562/2 254/561/2 256/564/2
f 213/565/80 216/566/80 215/567/80
f 214/568/81 216/566/81 213/565/81
f 208/454/26 259/569/26 212/452/26
f 259/569/26 208/454/26 260/570/26
f 261/571/6 210/448/6 259/572/6
f 212/450/5 259/572/5 210/448/5
f 262/573/24 207/446/24 261/574/24
f 210/445/75 261/574/75 207/446/75
f 260/575/1 208/442/1 262/576/1
f 207/441/2 262/576/2 208/442/2
f 263/577/37 264/578/37 265/579/37
f 263/577/1 266/580/1 264/578/1
f 266/581/26 267/582/26 268/583/26
f 263/584/26 267/582/26 266/581/26
f 269/585/6 267/586/6 270/587/6
f 270/588/82 264/589/83 269/590/84
f 264/589/83 270/588/82 265/591/82
f 264/578/1 271/592/1 272/593/1
f 271/592/2 264/578/2 266/580/2
f 271/594/55 266/581/55 268/583/55
f 271/594/55 268/583/55 273/595/55
f 269/585/6 274/596/6 273/597/6
f 269/585/6 273/597/6 268/598/6
f 269/590/84 272/599/85 274/600/85
f 272/599/85 269/590/84 264/589/83
f 17/601/69 275/602/69 276/603/69
f 16/604/68 277/605/68 278/606/68
f 279/607/77 280/608/77 16/604/77
f 18/609/71 281/610/71 282/611/71
f 276/612/67 275/613/67 18/609/67
f 283/614/24 280/615/24 279/616/24
f 282/617/24 281/618/24 283/614/24
f 277/619/5 281/620/5 275/621/5
f 281/620/5 277/619/5 280/622/5
f 284/623/67 285/624/67 286/625/67
f 284/623/67 286/625/67 287/626/67
f 288/627/68 289/628/68 290/629/68
f 291/630/77 289/628/77 288/627/77
f 289/631/75 284/632/75 287/633/75
f 284/632/75 289/631/75 291/634/75
f 290/635/11 287/636/11 286/637/11
f 287/636/5 290/635/5 289/638/5
f 285/639/69 290/640/69 286/641/69
f 290/640/69 285/639/69 288/642/69
f 284/643/37 288/644/37 285/645/37
f 288/644/37 284/643/37 291/646/37
f 292/647/79 293/648/79 294/649/79
f 295/650/79 293/648/79 292/647/79
f 295/651/86 296/652/86 293/653/86
f 296/652/75 295/651/75 297/654/75
f 294/655/5 296/656/5 298/657/5
f 296/656/5 294/655/5 293/658/5
f 299/659/26 292/660/26 298/661/26
f 294/662/26 298/661/26 292/660/26
f 297/663/32 292/664/32 299/665/32
f 292/664/37 297/663/37 295/666/37
f 5/667/69 300/668/69 301/669/69
f 6/670/67 302/671/67 303/672/67
f 4/673/77 304/674/77 305/675/77
f 306/676/24 307/677/24 308/678/24
f 307/679/5 302/680/5 300/681/5
f 307/679/5 300/681/5 304/682/5
f 309/683/70 310/684/70 311/685/70
f 310/684/65 309/683/65 312/686/65
f 310/687/24 313/688/24 314/689/24
f 310/687/24 314/689/24 311/690/24
f 311/691/6 314/692/6 315/693/6
f 311/691/6 315/693/6 309/694/6
f 315/695/78 312/696/78 309/697/78
f 312/696/78 315/695/78 316/698/78
f 310/699/2 316/700/2 313/701/2
f 316/700/2 310/699/2 312/702/2
f 271/703/80 273/704/80 274/705/80
f 272/706/81 271/703/81 274/705/81
f 317/707/24 265/591/24 270/588/24
f 265/591/24 317/707/24 318/708/24
f 267/586/5 269/585/5 268/598/5
f 317/709/5 270/587/5 267/586/5
f 317/709/5 267/586/5 319/710/5
f 263/584/26 320/711/26 319/712/26
f 263/584/26 319/712/26 267/582/26
f 318/713/1 263/577/1 265/579/1
f 263/577/37 318/713/37 320/714/37
f 170/715/26 164/716/26 168/717/26
f 164/716/26 170/715/26 167/718/26
f 197/719/24 200/720/24 199/721/24
f 197/719/24 198/722/24 200/720/24
f 255/723/67 258/724/67 256/725/67
f 259/726/65 262/727/65 261/728/65
f 317/729/65 320/730/65 318/731/65
f 238/732/67 241/733/67 239/734/67
f 315/735/67 313/736/67 316/737/67
f 299/738/67 296/739/67 297/740/67
f 4/673/77 307/741/77 304/674/77
f 2/472/67 218/742/67 224/473/67
f 217/463/69 220/743/69 218/464/69
f 194/411/65 187/394/65 191/410/65
f 6/670/67 300/744/67 302/671/67
f 304/745/69 5/667/69 305/746/69
f 17/601/69 277/747/69 275/602/69
f 9/528/24 242/748/24 246/529/24
f 1/466/77 222/749/77 220/467/77
f 224/750/24 3/469/24 225/751/24
f 12/413/24 183/392/24 187/391/24
f 10/408/69 191/402/69 181/407/69
f 306/676/24 302/752/24 307/677/24
f 11/405/67 181/384/67 183/386/67
f 321/753/87 322/754/88 323/755/89
f 324/756/90 322/757/88 325/758/91
f 326/759/92 322/760/88 327/761/93
f 328/762/94 329/763/95 330/764/96
f 331/765/97 329/766/95 332/767/98
f 333/768/99 329/769/95 334/770/100
f 335/771/101 336/772/102 337/773/103
f 338/774/104 336/775/102 339/776/105
f 340/777/106 336/778/102 341/779/107
f 342/780/108 343/781/109 344/782/110
f 345/783/111 343/784/109 346/785/112
f 347/786/113 343/787/109 348/788/114
f 349/789/115 350/790/116 351/791/117
f 352/792/118 350/793/116 353/794/119
f 354/795/120 350/796/116 355/797/121
f 356/798/122 357/799/123 358/800/124
f 359/801/125 357/802/123 360/803/126
f 361/804/127 357/805/123 362/806/128
f 363/807/129 364/808/130 365/809/131
f 366/810/132 364/811/130 367/812/133
f 368/813/134 364/814/130 369/815/135
f 370/816/136 371/817/137 372/818/138
f 373/819/139 371/820/137 374/821/140
f 375/822/141 371/823/137 376/824/142
f 321/753/87 339/825/105 335/771/101
f 323/826/89 338/774/104 339/776/105
f 328/762/94 327/827/93 324/756/90
f 330/828/96 326/759/92 327/761/93
f 342/780/108 334/829/100 331/765/97
f 344/830/110 333/768/99 334/770/100
f 345/783/111 341/779/107 348/831/114
f 348/788/114 338/774/104 347/786/113
f 363/807/129 337/773/103 367/832/133
f 337/833/103 366/810/132 367/812/133
f 342/780/108 372/818/138 346/834/112
f 372/835/138 345/783/111 346/785/112
f 373/819/139 369/815/135 376/836/142
f 376/824/142 366/810/132 375/822/141
f 363/807/129 353/837/119 349/789/115
f 365/838/131 352/792/118 353/794/119
f 356/798/122 374/839/140 370/816/136
f 358/840/124 373/819/139 374/821/140
f 359/801/125 355/797/121 362/841/128
f 362/806/128 352/792/118 361/804/127
f 321/753/87 351/791/117 325/842/91
f 351/843/117 324/756/90 325/758/91
f 331/765/97 360/844/126 356/798/122
f 332/845/98 359/801/125 360/803/126
f 363/807/129 321/753/87 335/771/101
f 333/768/99 338/774/104 326/759/92
f 359/801/125 324/756/90 354/795/120
f 342/780/108 356/798/122 370/816/136
f 345/783/111 366/810/132 340/777/106
f 373/819/139 352/792/118 368/813/134
f 377/846/143 378/847/88 379/848/144
f 380/849/145 378/850/88 381/851/146
f 382/852/147 378/853/88 383/854/148
f 384/855/149 385/856/95 386/857/150
f 387/858/151 385/859/95 388/860/98
f 389/861/152 385/862/95 390/863/153
f 391/864/154 392/865/102 393/866/155
f 394/867/156 392/868/102 395/869/157
f 396/870/158 392/871/102 397/872/159
f 398/873/160 399/874/109 400/875/161
f 401/876/162 399/877/109 402/878/163
f 403/879/164 399/880/109 404/881/165
f 405/882/166 406/883/116 407/884/167
f 408/885/168 406/886/116 409/887/169
f 410/888/170 406/889/116 411/890/171
f 412/891/172 413/892/123 414/893/173
f 415/894/174 413/895/123 416/896/126
f 417/897/175 413/898/123 418/899/176
f 419/900/177 420/901/130 421/902/178
f 422/903/179 420/904/130 423/905/180
f 424/906/181 420/907/130 425/908/182
f 426/909/183 427/910/137 428/911/184
f 429/912/185 427/913/137 430/914/186
f 431/915/187 427/916/137 432/917/188
f 391/864/154 379/848/144 395/918/157
f 395/869/157 382/852/147 394/867/156
f 384/855/149 383/919/148 380/849/145
f 386/920/150 382/852/147 383/854/148
f 398/873/160 390/921/153 387/858/151
f 400/922/161 389/861/152 390/863/153
f 396/870/158 404/923/165 401/876/162
f 397/924/159 403/879/164 404/881/165
f 391/864/154 423/925/180 419/900/177
f 423/905/180 396/870/158 422/903/179
f 426/909/183 402/926/163 398/873/160
f 402/878/163 431/915/187 401/876/162
f 424/906/181 432/927/188 429/912/185
f 425/928/182 431/915/187 432/917/188
f 405/882/166 421/902/178 409/929/169
f 409/887/169 424/906/181 408/885/168
f 426/909/183 414/893/173 430/930/186
f 414/931/173 429/912/185 430/914/186
f 410/888/170 418/932/176 415/894/174
f 411/933/171 417/897/175 418/899/176
f 405/882/166 381/934/146 377/846/143
f 381/851/146 410/888/170 380/849/145
f 387/858/151 416/935/126 412/891/172
f 388/936/98 415/894/174 416/896/126
f 419/900/177 377/846/143 391/864/154
f 389/861/152 394/867/156 382/852/147
f 415/894/174 380/849/145 410/888/170
f 398/873/160 412/891/172 426/909/183
f 401/876/162 422/903/179 396/870/158
f 429/912/185 408/885/168 424/906/181
f 433/937/189 434/938/88 435/939/190
f 436/940/191 434/941/88 437/942/192
f 438/943/193 434/944/88 439/945/194
f 440/946/195 441/947/95 442/948/196
f 443/949/197 441/950/95 444/951/198
f 445/952/199 441/953/95 446/954/200
f 433/937/189 447/955/102 448/956/201
f 438/943/193 447/957/102 435/958/190
f 449/959/202 447/960/102 450/961/203
f 443/949/197 451/962/109 446/963/200
f 452/964/204 451/965/109 453/966/205
f 445/952/199 451/967/109 454/968/206
f 455/969/207 456/970/116 457/971/208
f 458/972/209 456/973/116 459/974/210
f 460/975/211 456/976/116 461/977/212
f 462/978/213 463/979/123 464/980/214
f 465/981/215 463/982/123 466/983/216
f 467/984/217 463/985/123 468/986/218
f 455/969/207 469/987/130 459/988/210
f 470/989/219 469/990/130 471/991/220
f 458/972/209 469/992/130 472/993/221
f 462/978/213 473/994/137 474/995/222
f 467/984/217 473/996/137 464/997/214
f 475/998/223 473/999/137 476/1000/224
f 440/946/195 439/1001/194 436/940/191
f 442/1002/196 438/943/193 439/945/194
f 449/959/202 454/1003/206 452/964/204
f 450/1004/203 445/952/199 454/968/206
f 433/937/189 471/1005/220 455/969/207
f 471/991/220 449/959/202 470/989/219
f 462/978/213 453/1006/205 443/949/197
f 453/966/205 475/998/223 452/964/204
f 458/972/209 476/1007/224 467/984/217
f 472/1008/221 475/998/223 476/1000/224
f 460/975/211 468/1009/218 465/981/215
f 461/1010/212 467/984/217 468/986/218
f 455/969/207 437/1011/192 433/937/189
f 437/942/192 460/975/211 436/940/191
f 462/978/213 444/951/198 466/1012/216
f 444/1013/198 465/981/215 466/983/216
f 465/981/215 436/940/191 460/975/211
f 452/964/204 470/989/219 449/959/202
f 477/1014/67 478/1015/67 479/1016/67
f 477/1014/67 480/1017/67 478/1015/67
f 481/1018/2 480/1019/2 477/1020/2
f 482/1021/67 483/1022/67 481/1023/67
f 483/1024/2 480/1019/2 481/1018/2
f 482/1021/67 484/1025/67 483/1022/67
f 485/1026/67 486/1027/67 487/1028/67
f 486/1027/67 488/1029/67 487/1028/67
f 486/1027/71 489/1030/71 488/1029/71
f 486/1027/67 490/1031/67 489/1030/67
f 486/1027/67 491/1032/67 490/1031/67
f 486/1027/67 492/1033/67 491/1032/67
f 486/1027/67 493/1034/67 492/1033/67
f 486/1027/71 494/1035/71 493/1034/71
f 486/1027/67 495/1036/67 494/1035/67
f 486/1027/67 496/1037/67 495/1036/67
f 496/1037/71 497/1038/71 495/1036/71
f 485/1026/67 498/1039/67 486/1027/67
f 499/1040/225 497/1038/225 496/1037/225
f 500/1041/67 497/1038/67 499/1040/67
f 501/1042/67 497/1038/67 500/1041/67
f 501/1042/71 502/1043/71 497/1038/71
f 503/1044/67 502/1043/67 501/1042/67
f 504/1045/67 502/1043/67 503/1044/67
f 505/1046/67 502/1043/67 504/1045/67
f 505/1046/67 506/1047/67 502/1043/67
f 507/1048/67 506/1047/67 505/1046/67
f 508/1049/67 506/1047/67 507/1048/67
f 509/1050/67 506/1047/67 508/1049/67
f 509/1050/71 510/1051/71 506/1047/71
f 511/1052/67 510/1051/67 509/1050/67
f 512/1053/71 510/1051/71 511/1052/71
f 512/1053/67 513/1054/67 510/1051/67
f 514/1055/67 513/1054/67 512/1053/67
f 515/1056/71 513/1054/71 514/1055/71
f 515/1056/67 516/1057/67 513/1054/67
f 517/1058/71 516/1057/71 515/1056/71
f 517/1058/67 518/1059/67 516/1057/67
f 519/1060/67 518/1059/67 517/1058/67
f 520/1061/67 518/1059/67 519/1060/67
f 520/1061/67 521/1062/67 518/1059/67
f 522/1063/67 521/1062/67 520/1061/67
f 522/1063/71 523/1064/71 521/1062/71
f 524/1065/71 523/1064/71 522/1063/71
f 524/1065/67 525/1066/67 523/1064/67
f 526/1067/67 525/1066/67 524/1065/67
f 527/1068/67 525/1066/67 526/1067/67
f 527/1068/67 528/1069/67 525/1066/67
f 529/1070/67 528/1069/67 527/1068/67
f 530/1071/67 528/1069/67 529/1070/67
f 530/1071/67 531/1072/67 528/1069/67
f 532/1073/67 531/1072/67 530/1071/67
f 533/1074/67 531/1072/67 532/1073/67
f 485/1026/67 534/1075/67 498/1039/67
f 534/1075/67 533/1074/67 498/1039/67
f 534/1075/67 531/1072/67 533/1074/67
f 534/1075/71 535/1076/71 531/1072/71
f 534/1075/67 536/1077/67 535/1076/67
f 534/1075/71 537/1078/71 536/1077/71
f 534/1075/67 538/1079/67 537/1078/67
f 534/1075/67 539/1080/67 538/1079/67
f 534/1075/67 540/1081/67 539/1080/67
f 534/1075/67 541/1082/67 540/1081/67
f 534/1075/67 542/1083/67 541/1082/67
f 542/1083/67 543/1084/67 541/1082/67
f 543/1084/67 544/1085/67 541/1082/67
f 485/1026/67 545/1086/67 534/1075/67
f 546/1087/67 544/1085/67 543/1084/67
f 547/1088/71 544/1085/71 546/1087/71
f 548/1089/67 544/1085/67 547/1088/67
f 548/1089/71 549/1090/71 544/1085/71
f 550/1091/71 549/1090/71 548/1089/71
f 551/1092/67 549/1090/67 550/1091/67
f 551/1092/67 552/1093/67 549/1090/67
f 553/1094/67 552/1093/67 551/1092/67
f 553/1094/71 554/1095/71 552/1093/71
f 555/1096/67 554/1095/67 553/1094/67
f 555/1096/67 556/1097/67 554/1095/67
f 557/1098/71 556/1097/71 555/1096/71
f 557/1098/67 558/1099/67 556/1097/67
f 559/1100/71 558/1099/71 557/1098/71
f 559/1100/67 560/1101/67 558/1099/67
f 561/1102/67 560/1101/67 559/1100/67
f 561/1102/71 562/1103/71 560/1101/71
f 561/1102/67 563/1104/67 562/1103/67
f 564/1105/67 563/1104/67 561/1102/67
f 564/1105/71 565/1106/71 563/1104/71
f 566/1107/67 565/1106/67 564/1105/67
f 566/1107/67 567/1108/67 565/1106/67
f 566/1107/71 568/1109/71 567/1108/71
f 566/1107/67 569/1110/67 568/1109/67
f 566/1107/67 570/1111/67 569/1110/67
f 566/1107/67 571/1112/67 570/1111/67
f 566/1107/71 572/1113/71 571/1112/71
f 566/1107/67 573/1114/67 572/1113/67
f 566/1107/71 574/1115/71 573/1114/71
f 566/1107/67 575/1116/67 574/1115/67
f 566/1107/67 576/1117/67 575/1116/67
f 566/1107/71 577/1118/71 576/1117/71
f 566/1107/67 578/1119/67 577/1118/67
f 579/1120/71 580/1121/71 581/1122/71
f 579/1120/226 582/1123/226 580/1121/226
f 582/1123/67 583/1124/67 580/1121/67
f 579/1120/227 584/1125/227 582/1123/227
f 585/1126/67 583/1124/67 582/1123/67
f 579/1120/227 586/1127/227 584/1125/227
f 586/1127/67 585/1126/67 584/1125/67
f 586/1127/71 587/1128/71 585/1126/71
f 587/1128/67 583/1124/67 585/1126/67
f 579/1120/71 588/1129/71 586/1127/71
f 589/1130/71 583/1124/71 587/1128/71
f 590/1131/67 591/1132/67 592/1133/67
f 590/1131/71 593/1134/71 591/1132/71
f 593/1134/67 594/1135/67 591/1132/67
f 594/1135/67 595/1136/67 591/1132/67
f 595/1136/67 596/1137/67 597/1138/67
f 595/1136/227 598/1139/227 596/1137/227
f 598/1139/71 599/1140/71 596/1137/71
f 599/1140/67 600/1141/67 596/1137/67
f 590/1131/67 601/1142/67 593/1134/67
f 602/1143/67 595/1136/67 594/1135/67
f 595/1136/226 603/1144/226 598/1139/226
f 604/1145/71 600/1141/71 599/1140/71
f 602/1143/67 603/1144/67 595/1136/67
f 605/1146/67 606/1147/67 607/1148/67
f 605/1146/71 608/1149/71 606/1147/71
f 608/1149/67 609/1150/67 606/1147/67
f 609/1150/67 610/1151/67 611/1152/67
f 609/1150/67 612/1153/67 610/1151/67
f 605/1146/67 613/1154/67 608/1149/67
f 614/1155/67 609/1150/67 608/1149/67
f 614/1155/67 612/1153/67 609/1150/67
f 615/1156/67 616/1157/67 617/1158/67
f 615/1156/67 618/1159/67 616/1157/67
f 619/1160/71 620/1161/71 621/1162/71
f 619/1160/71 622/1163/71 620/1161/71
f 622/1163/67 623/1164/67 620/1161/67
f 619/1160/71 624/1165/71 622/1163/71
f 625/1166/67 623/1164/67 622/1163/67
f 619/1160/67 626/1167/67 624/1165/67
f 626/1167/67 625/1166/67 624/1165/67
f 626/1167/71 627/1168/71 625/1166/71
f 627/1168/67 623/1164/67 625/1166/67
f 619/1160/71 628/1169/71 626/1167/71
f 629/1170/67 623/1164/67 627/1168/67
f 630/1171/67 631/1172/67 632/1173/67
f 631/1172/67 633/1174/67 632/1173/67
f 631/1172/71 634/1175/71 633/1174/71
f 631/1172/67 635/1176/67 634/1175/67
f 631/1172/67 636/1177/67 635/1176/67
f 631/1172/71 637/1178/71 636/1177/71
f 631/1172/67 638/1179/67 637/1178/67
f 631/1172/71 639/1180/71 638/1179/71
f 631/1172/67 640/1181/67 639/1180/67
f 631/1172/67 641/1182/67 640/1181/67
f 641/1182/67 642/1183/67 640/1181/67
f 630/1171/67 643/1184/67 631/1172/67
f 644/1185/67 642/1183/67 641/1182/67
f 645/1186/71 642/1183/71 644/1185/71
f 646/1187/67 642/1183/67 645/1186/67
f 646/1187/71 647/1188/71 642/1183/71
f 648/1189/67 647/1188/67 646/1187/67
f 649/1190/67 647/1188/67 648/1189/67
f 650/1191/67 647/1188/67 649/1190/67
f 650/1191/67 651/1192/67 647/1188/67
f 652/1193/67 651/1192/67 650/1191/67
f 653/1194/67 651/1192/67 652/1193/67
f 654/1195/67 651/1192/67 653/1194/67
f 654/1195/67 655/1196/67 651/1192/67
f 656/1197/67 655/1196/67 654/1195/67
f 657/1198/71 655/1196/71 656/1197/71
f 657/1198/71 658/1199/71 655/1196/71
f 659/1200/67 658/1199/67 657/1198/67
f 660/1201/71 658/1199/71 659/1200/71
f 660/1201/67 661/1202/67 658/1199/67
f 662/1203/71 661/1202/71 660/1201/71
f 662/1203/67 663/1204/67 661/1202/67
f 664/1205/71 663/1204/71 662/1203/71
f 665/1206/67 663/1204/67 664/1205/67
f 665/1206/67 666/1207/67 663/1204/67
f 667/1208/67 666/1207/67 665/1206/67
f 667/1208/67 668/1209/67 666/1207/67
f 669/1210/67 668/1209/67 667/1208/67
f 669/1210/71 670/1211/71 668/1209/71
f 671/1212/67 670/1211/67 669/1210/67
f 672/1213/67 670/1211/67 671/1212/67
f 672/1213/67 673/1214/67 670/1211/67
f 674/1215/67 673/1214/67 672/1213/67
f 675/1216/67 673/1214/67 674/1215/67
f 675/1216/67 676/1217/67 673/1214/67
f 677/1218/67 676/1217/67 675/1216/67
f 678/1219/67 676/1217/67 677/1218/67
f 630/1171/67 679/1220/67 643/1184/67
f 679/1220/67 678/1219/67 643/1184/67
f 679/1220/67 676/1217/67 678/1219/67
f 679/1220/67 680/1221/67 676/1217/67
f 679/1220/71 681/1222/71 680/1221/71
f 679/1220/67 682/1223/67 681/1222/67
f 679/1220/71 683/1224/71 682/1223/71
f 679/1220/71 684/1225/71 683/1224/71
f 679/1220/67 685/1226/67 684/1225/67
f 679/1220/71 686/1227/71 685/1226/71
f 679/1220/67 687/1228/67 686/1227/67
f 687/1228/67 688/1229/67 686/1227/67
f 688/1229/67 689/1230/67 686/1227/67
f 630/1171/67 690/1231/67 679/1220/67
f 691/1232/67 689/1230/67 688/1229/67
f 692/1233/67 689/1230/67 691/1232/67
f 693/1234/67 689/1230/67 692/1233/67
f 693/1234/67 694/1235/67 689/1230/67
f 695/1236/67 694/1235/67 693/1234/67
f 696/1237/71 694/1235/71 695/1236/71
f 696/1237/67 697/1238/67 694/1235/67
f 698/1239/67 697/1238/67 696/1237/67
f 698/1239/67 699/1240/67 697/1238/67
f 700/1241/67 699/1240/67 698/1239/67
f 700/1241/71 701/1242/71 699/1240/71
f 702/1243/67 701/1242/67 700/1241/67
f 702/1243/71 703/1244/71 701/1242/71
f 704/1245/67 703/1244/67 702/1243/67
f 704/1245/67 705/1246/67 703/1244/67
f 706/1247/71 705/1246/71 704/1245/71
f 706/1247/67 707/1248/67 705/1246/67
f 706/1247/67 708/1249/67 707/1248/67
f 709/1250/67 708/1249/67 706/1247/67
f 709/1250/67 710/1251/67 708/1249/67
f 711/1252/67 710/1251/67 709/1250/67
f 711/1252/67 712/1253/67 710/1251/67
f 711/1252/71 713/1254/71 712/1253/71
f 711/1252/67 714/1255/67 713/1254/67
f 711/1252/71 715/1256/71 714/1255/71
f 711/1252/71 716/1257/71 715/1256/71
f 711/1252/67 717/1258/67 716/1257/67
f 711/1252/71 718/1259/71 717/1258/71
f 711/1252/67 719/1260/67 718/1259/67
f 711/1252/71 720/1261/71 719/1260/71
f 711/1252/67 721/1262/67 720/1261/67
f 711/1252/71 722/1263/71 721/1262/71
f 711/1252/67 619/1264/67 722/1263/67
f 723/1265/67 724/1266/67 725/1267/67
f 724/1266/67 726/1268/67 725/1267/67
f 724/1266/71 727/1269/71 726/1268/71
f 724/1266/67 728/1270/67 727/1269/67
f 724/1266/67 729/1271/67 728/1270/67
f 724/1266/67 730/1272/67 729/1271/67
f 724/1266/67 731/1273/67 730/1272/67
f 724/1266/71 732/1274/71 731/1273/71
f 724/1266/71 733/1275/71 732/1274/71
f 724/1266/67 734/1276/67 733/1275/67
f 734/1276/67 735/1277/67 733/1275/67
f 723/1265/67 736/1278/67 724/1266/67
f 737/1279/67 735/1277/67 734/1276/67
f 738/1280/67 735/1277/67 737/1279/67
f 738/1280/67 739/1281/67 735/1277/67
f 740/1282/67 739/1281/67 738/1280/67
f 741/1283/67 739/1281/67 740/1282/67
f 742/1284/67 739/1281/67 741/1283/67
f 743/1285/67 739/1281/67 742/1284/67
f 743/1285/67 744/1286/67 739/1281/67
f 745/1287/67 744/1286/67 743/1285/67
f 746/1288/67 744/1286/67 745/1287/67
f 746/1288/71 747/1289/71 744/1286/71
f 748/1290/67 747/1289/67 746/1288/67
f 749/1291/67 747/1289/67 748/1290/67
f 749/1291/71 750/1292/71 747/1289/71
f 751/1293/67 750/1292/67 749/1291/67
f 752/1294/67 750/1292/67 751/1293/67
f 752/1294/71 753/1295/71 750/1292/71
f 754/1296/67 753/1295/67 752/1294/67
f 754/1296/67 755/1297/67 753/1295/67
f 756/1298/67 755/1297/67 754/1296/67
f 756/1298/67 757/1299/67 755/1297/67
f 758/1300/67 757/1299/67 756/1298/67
f 758/1300/71 759/1301/71 757/1299/71
f 760/1302/67 759/1301/67 758/1300/67
f 760/1302/71 761/1303/71 759/1301/71
f 762/1304/67 761/1303/67 760/1302/67
f 762/1304/67 763/1305/67 761/1303/67
f 764/1306/71 763/1305/71 762/1304/71
f 764/1306/67 765/1307/67 763/1305/67
f 766/1308/67 765/1307/67 764/1306/67
f 767/1309/67 765/1307/67 766/1308/67
f 767/1309/71 768/1310/71 765/1307/71
f 769/1311/67 768/1310/67 767/1309/67
f 769/1311/67 770/1312/67 768/1310/67
f 771/1313/67 770/1312/67 769/1311/67
f 772/1314/67 770/1312/67 771/1313/67
f 773/1315/67 770/1312/67 772/1314/67
f 723/1265/67 774/1316/67 736/1278/67
f 774/1316/67 773/1315/67 736/1278/67
f 774/1316/71 770/1312/71 773/1315/71
f 774/1316/67 775/1317/67 770/1312/67
f 774/1316/71 776/1318/71 775/1317/71
f 774/1316/67 777/1319/67 776/1318/67
f 774/1316/67 778/1320/67 777/1319/67
f 774/1316/67 779/1321/67 778/1320/67
f 774/1316/67 780/1322/67 779/1321/67
f 774/1316/71 781/1323/71 780/1322/71
f 774/1316/71 782/1324/71 781/1323/71
f 774/1316/67 783/1325/67 782/1324/67
f 774/1316/67 784/1326/67 783/1325/67
f 784/1326/67 785/1327/67 783/1325/67
f 723/1265/67 786/1328/67 774/1316/67
f 787/1329/67 785/1327/67 784/1326/67
f 788/1330/67 785/1327/67 787/1329/67
f 789/1331/67 785/1327/67 788/1330/67
f 789/1331/71 790/1332/71 785/1327/71
f 791/1333/67 790/1332/67 789/1331/67
f 792/1334/71 790/1332/71 791/1333/71
f 792/1334/67 793/1335/67 790/1332/67
f 794/1336/67 793/1335/67 792/1334/67
f 795/1337/67 793/1335/67 794/1336/67
f 795/1337/71 796/1338/71 793/1335/71
f 797/1339/67 796/1338/67 795/1337/67
f 798/1340/67 796/1338/67 797/1339/67
f 798/1340/71 799/1341/71 796/1338/71
f 800/1342/67 799/1341/67 798/1340/67
f 800/1342/71 801/1343/71 799/1341/71
f 802/1344/67 801/1343/67 800/1342/67
f 803/1345/67 801/1343/67 802/1344/67
f 803/1345/67 804/1346/67 801/1343/67
f 805/1347/67 804/1346/67 803/1345/67
f 806/1348/71 804/1346/71 805/1347/71
f 806/1348/67 807/1349/67 804/1346/67
f 808/1350/67 807/1349/67 806/1348/67
f 808/1350/71 809/1351/71 807/1349/71
f 810/1352/67 809/1351/67 808/1350/67
f 811/1353/67 809/1351/67 810/1352/67
f 811/1353/67 812/1354/67 809/1351/67
f 813/1355/67 812/1354/67 811/1353/67
f 814/1356/71 812/1354/71 813/1355/71
f 814/1356/67 815/1357/67 812/1354/67
f 816/1358/67 815/1357/67 814/1356/67
f 817/1359/67 815/1357/67 816/1358/67
f 818/1360/67 815/1357/67 817/1359/67
f 818/1360/67 819/1361/67 815/1357/67
f 820/1362/67 819/1361/67 818/1360/67
f 821/1363/67 819/1361/67 820/1362/67
f 723/1265/67 821/1363/67 786/1328/67
f 723/1265/67 819/1361/67 821/1363/67
f 723/1265/71 822/1364/71 819/1361/71
f 723/1265/71 823/1365/71 822/1364/71
f 723/1265/67 824/1366/67 823/1365/67
f 723/1265/67 825/1367/67 824/1366/67
f 723/1265/71 826/1368/71 825/1367/71
f 723/1265/67 827/1369/67 826/1368/67
f 723/1265/71 828/1370/71 827/1369/71
f 829/1371/77 830/1372/77 831/1373/77
f 829/1371/77 831/1373/77 832/1374/77
f 833/1375/2 829/1376/2 832/1377/2
f 834/1378/77 833/1379/77 835/1380/77
f 835/1381/2 833/1381/2 832/1381/2
f 834/1378/77 835/1380/77 836/1382/77
f 837/1383/77 838/1384/77 839/1385/77
f 839/1385/77 838/1384/77 840/1386/77
f 839/1385/77 840/1386/77 841/1387/77
f 839/1385/77 841/1387/77 842/1388/77
f 839/1385/77 842/1388/77 843/1389/77
f 839/1385/68 843/1389/68 844/1390/68
f 839/1385/68 844/1390/68 845/1391/68
f 839/1385/77 845/1391/77 846/1392/77
f 839/1385/77 846/1392/77 847/1393/77
f 839/1385/68 847/1393/68 848/1394/68
f 848/1394/77 847/1393/77 849/1395/77
f 837/1383/77 839/1385/77 850/1396/77
f 851/1397/77 848/1394/77 849/1395/77
f 852/1398/77 851/1397/77 849/1395/77
f 853/1399/77 852/1398/77 849/1395/77
f 853/1399/68 849/1395/68 854/1400/68
f 855/1401/77 853/1399/77 854/1400/77
f 856/1402/77 855/1401/77 854/1400/77
f 857/1403/77 856/1402/77 854/1400/77
f 857/1403/77 854/1400/77 858/1404/77
f 859/1405/77 857/1403/77 858/1404/77
f 860/1406/77 859/1405/77 858/1404/77
f 861/1407/77 860/1406/77 858/1404/77
f 861/1407/68 858/1404/68 862/1408/68
f 863/1409/77 861/1407/77 862/1408/77
f 864/1410/77 863/1409/77 862/1408/77
f 864/1410/68 862/1408/68 865/1411/68
f 866/1412/77 864/1410/77 865/1411/77
f 867/1413/77 866/1412/77 865/1411/77
f 867/1413/68 865/1411/68 868/1414/68
f 869/1415/77 867/1413/77 868/1414/77
f 869/1415/77 868/1414/77 870/1416/77
f 871/1417/77 869/1415/77 870/1416/77
f 872/1418/77 871/1417/77 870/1416/77
f 872/1418/68 870/1416/68 873/1419/68
f 874/1420/77 872/1418/77 873/1419/77
f 874/1420/77 873/1419/77 875/1421/77
f 876/1422/68 874/1420/68 875/1421/68
f 876/1422/77 875/1421/77 877/1423/77
f 878/1424/68 876/1422/68 877/1423/68
f 879/1425/77 878/1424/77 877/1423/77
f 879/1425/68 877/1423/68 880/1426/68
f 881/1427/77 879/1425/77 880/1426/77
f 882/1428/77 881/1427/77 880/1426/77
f 882/1428/77 880/1426/77 883/1429/77
f 884/1430/77 882/1428/77 883/1429/77
f 885/1431/77 884/1430/77 883/1429/77
f 837/1383/77 850/1396/77 886/1432/77
f 886/1432/77 850/1396/77 885/1431/77
f 886/1432/77 885/1431/77 883/1429/77
f 886/1432/68 883/1429/68 887/1433/68
f 886/1432/77 887/1433/77 888/1434/77
f 886/1432/68 888/1434/68 889/1435/68
f 886/1432/77 889/1435/77 890/1436/77
f 886/1432/68 890/1436/68 891/1437/68
f 886/1432/77 891/1437/77 892/1438/77
f 886/1432/77 892/1438/77 893/1439/77
f 886/1432/68 893/1439/68 894/1440/68
f 894/1440/228 893/1439/228 895/1441/228
f 895/1441/68 893/1439/68 896/1442/68
f 837/1383/77 886/1432/77 897/1443/77
f 898/1444/229 895/1441/229 896/1442/229
f 899/1445/77 898/1444/77 896/1442/77
f 900/1446/77 899/1445/77 896/1442/77
f 900/1446/68 896/1442/68 901/1447/68
f 902/1448/77 900/1446/77 901/1447/77
f 903/1449/77 902/1448/77 901/1447/77
f 903/1449/77 901/1447/77 904/1450/77
f 905/1451/77 903/1449/77 904/1450/77
f 905/1451/68 904/1450/68 906/1452/68
f 907/1453/77 905/1451/77 906/1452/77
f 907/1453/68 906/1452/68 908/1454/68
f 909/1455/68 907/1453/68 908/1454/68
f 909/1455/68 908/1454/68 910/1456/68
f 911/1457/77 909/1455/77 910/1456/77
f 911/1457/68 910/1456/68 912/1458/68
f 913/1459/77 911/1457/77 912/1458/77
f 913/1459/77 912/1458/77 914/1460/77
f 913/1459/68 914/1460/68 915/1461/68
f 916/1462/77 913/1459/77 915/1461/77
f 916/1462/68 915/1461/68 917/1463/68
f 918/1464/77 916/1462/77 917/1463/77
f 918/1464/77 917/1463/77 919/1465/77
f 918/1464/77 919/1465/77 920/1466/77
f 918/1464/68 920/1466/68 921/1467/68
f 918/1464/68 921/1467/68 922/1468/68
f 918/1464/77 922/1468/77 923/1469/77
f 918/1464/77 923/1469/77 924/1470/77
f 918/1464/77 924/1470/77 925/1471/77
f 918/1464/77 925/1471/77 926/1472/77
f 918/1464/68 926/1472/68 927/1473/68
f 918/1464/68 927/1473/68 928/1474/68
f 918/1464/77 928/1474/77 929/1475/77
f 918/1464/68 929/1475/68 930/1476/68
f 931/1477/68 932/1478/68 933/1479/68
f 931/1477/77 933/1479/77 934/1480/77
f 934/1480/77 933/1479/77 935/1481/77
f 931/1477/77 934/1480/77 936/1482/77
f 937/1483/77 934/1480/77 935/1481/77
f 931/1477/77 936/1482/77 938/1484/77
f 938/1484/77 936/1482/77 937/1483/77
f 938/1484/68 937/1483/68 939/1485/68
f 939/1485/77 937/1483/77 935/1481/77
f 931/1477/68 938/1484/68 940/1486/68
f 941/1487/77 939/1485/77 935/1481/77
f 942/1488/77 943/1489/77 944/1490/77
f 942/1488/77 944/1490/77 945/1491/77
f 945/1491/77 944/1490/77 946/1492/77
f 946/1492/77 944/1490/77 947/1493/77
f 947/1493/68 948/1494/68 949/1495/68
f 947/1493/77 949/1495/77 950/1496/77
f 950/1496/77 949/1495/77 951/1497/77
f 951/1497/77 949/1495/77 952/1498/77
f 942/1488/77 945/1491/77 953/1499/77
f 954/1500/68 946/1492/68 947/1493/68
f 947/1493/77 950/1496/77 955/1501/77
f 956/1502/77 951/1497/77 952/1498/77
f 954/1500/77 947/1493/77 955/1501/77
f 957/1503/77 958/1504/77 959/1505/77
f 957/1503/68 959/1505/68 960/1506/68
f 960/1506/77 959/1505/77 961/1507/77
f 961/1507/77 962/1508/77 963/1509/77
f 961/1507/77 963/1509/77 964/1510/77
f 957/1503/77 960/1506/77 965/1511/77
f 966/1512/68 960/1506/68 961/1507/68
f 966/1512/77 961/1507/77 964/1510/77
f 967/1513/77 968/1514/77 969/1515/77
f 967/1513/77 969/1515/77 970/1516/77
f 971/1517/68 972/1518/68 973/1519/68
f 971/1517/77 973/1519/77 974/1520/77
f 974/1520/77 973/1519/77 975/1521/77
f 971/1517/77 974/1520/77 976/1522/77
f 977/1523/77 974/1520/77 975/1521/77
f 971/1517/68 976/1522/68 978/1524/68
f 978/1524/68 976/1522/68 977/1523/68
f 978/1524/77 977/1523/77 979/1525/77
f 979/1525/77 977/1523/77 975/1521/77
f 971/1517/77 978/1524/77 980/1526/77
f 981/1527/77 979/1525/77 975/1521/77
f 982/1528/77 983/1529/77 984/1530/77
f 984/1530/77 983/1529/77 985/1531/77
f 984/1530/68 985/1531/68 986/1532/68
f 984/1530/68 986/1532/68 987/1533/68
f 984/1530/77 987/1533/77 988/1534/77
f 984/1530/77 988/1534/77 989/1535/77
f 984/1530/68 989/1535/68 990/1536/68
f 984/1530/77 990/1536/77 991/1537/77
f 984/1530/77 991/1537/77 992/1538/77
f 984/1530/68 992/1538/68 993/1539/68
f 993/1539/77 992/1538/77 994/1540/77
f 982/1528/77 984/1530/77 995/1541/77
f 996/1542/77 993/1539/77 994/1540/77
f 997/1543/77 996/1542/77 994/1540/77
f 998/1544/77 997/1543/77 994/1540/77
f 998/1544/77 994/1540/77 999/1545/77
f 1000/1546/77 998/1544/77 999/1545/77
f 1001/1547/77 1000/1546/77 999/1545/77
f 1002/1548/77 1001/1547/77 999/1545/77
f 1002/1548/68 999/1545/68 1003/1549/68
f 1004/1550/77 1002/1548/77 1003/1549/77
f 1005/1551/77 1004/1550/77 1003/1549/77
f 1006/1552/77 1005/1551/77 1003/1549/77
f 1006/1552/77 1003/1549/77 1007/1553/77
f 1008/1554/77 1006/1552/77 1007/1553/77
f 1009/1555/77 1008/1554/77 1007/1553/77
f 1009/1555/68 1007/1553/68 1010/1556/68
f 1011/1557/77 1009/1555/77 1010/1556/77
f 1012/1558/77 1011/1557/77 1010/1556/77
f 1012/1558/68 1010/1556/68 1013/1559/68
f 1014/1560/77 1012/1558/77 1013/1559/77
f 1014/1560/77 1013/1559/77 1015/1561/77
f 1016/1562/77 1014/1560/77 1015/1561/77
f 1017/1563/77 1016/1562/77 1015/1561/77
f 1017/1563/68 1015/1561/68 1018/1564/68
f 1019/1565/77 1017/1563/77 1018/1564/77
f 1019/1565/77 1018/1564/77 1020/1566/77
f 1021/1567/77 1019/1565/77 1020/1566/77
f 1021/1567/77 1020/1566/77 1022/1568/77
f 1023/1569/77 1021/1567/77 1022/1568/77
f 1024/1570/68 1023/1569/68 1022/1568/68
f 1024/1570/77 1022/1568/77 1025/1571/77
f 1026/1572/68 1024/1570/68 1025/1571/68
f 1027/1573/77 1026/1572/77 1025/1571/77
f 1027/1573/77 1025/1571/77 1028/1574/77
f 1029/1575/77 1027/1573/77 1028/1574/77
f 1030/1576/77 1029/1575/77 1028/1574/77
f 982/1528/77 995/1541/77 1031/1577/77
f 1031/1577/77 995/1541/77 1030/1576/77
f 1031/1577/77 1030/1576/77 1028/1574/77
f 1031/1577/68 1028/1574/68 1032/1578/68
f 1031/1577/68 1032/1578/68 1033/1579/68
f 1031/1577/77 1033/1579/77 1034/1580/77
f 1031/1577/68 1034/1580/68 1035/1581/68
f 1031/1577/77 1035/1581/77 1036/1582/77
f 1031/1577/68 1036/1582/68 1037/1583/68
f 1031/1577/77 1037/1583/77 1038/1584/77
f 1031/1577/77 1038/1584/77 1039/1585/77
f 1039/1585/77 1038/1584/77 1040/1586/77
f 1040/1586/68 1038/1584/68 1041/1587/68
f 982/1528/77 1031/1577/77 1042/1588/77
f 1043/1589/77 1040/1586/77 1041/1587/77
f 1044/1590/77 1043/1589/77 1041/1587/77
f 1045/1591/77 1044/1590/77 1041/1587/77
f 1045/1591/68 1041/1587/68 1046/1592/68
f 1047/1593/77 1045/1591/77 1046/1592/77
f 1048/1594/77 1047/1593/77 1046/1592/77
f 1048/1594/77 1046/1592/77 1049/1595/77
f 1050/1596/77 1048/1594/77 1049/1595/77
f 1050/1596/68 1049/1595/68 1051/1597/68
f 1052/1598/77 1050/1596/77 1051/1597/77
f 1052/1598/77 1051/1597/77 1053/1599/77
f 1054/1600/77 1052/1598/77 1053/1599/77
f 1054/1600/68 1053/1599/68 1055/1601/68
f 1056/1602/77 1054/1600/77 1055/1601/77
f 1056/1602/77 1055/1601/77 1057/1603/77
f 1058/1604/77 1056/1602/77 1057/1603/77
f 1058/1604/68 1057/1603/68 1059/1605/68
f 1058/1604/77 1059/1605/77 1060/1606/77
f 1061/1607/77 1058/1604/77 1060/1606/77
f 1061/1607/68 1060/1606/68 1062/1608/68
f 1063/1609/77 1061/1607/77 1062/1608/77
f 1063/1609/77 1062/1608/77 1064/1610/77
f 1063/1609/77 1064/1610/77 1065/1611/77
f 1063/1609/77 1065/1611/77 1066/1612/77
f 1063/1609/68 1066/1612/68 1067/1613/68
f 1063/1609/77 1067/1613/77 1068/1614/77
f 1063/1609/77 1068/1614/77 1069/1615/77
f 1063/1609/68 1069/1615/68 1070/1616/68
f 1063/1609/77 1070/1616/77 1071/1617/77
f 1063/1609/68 1071/1617/68 1072/1618/68
f 1063/1609/77 1072/1618/77 1073/1619/77
f 1063/1609/68 1073/1619/68 1074/1620/68
f 1063/1609/77 1074/1620/77 971/1621/77
f 1075/1622/77 1076/1623/77 1077/1624/77
f 1077/1624/77 1076/1623/77 1078/1625/77
f 1077/1624/77 1078/1625/77 1079/1626/77
f 1077/1624/77 1079/1626/77 1080/1627/77
f 1077/1624/77 1080/1627/77 1081/1628/77
f 1077/1624/68 1081/1628/68 1082/1629/68
f 1077/1624/77 1082/1629/77 1083/1630/77
f 1077/1624/68 1083/1630/68 1084/1631/68
f 1077/1624/77 1084/1631/77 1085/1632/77
f 1077/1624/77 1085/1632/77 1086/1633/77
f 1086/1633/77 1085/1632/77 1087/1634/77
f 1075/1622/77 1077/1624/77 1088/1635/77
f 1089/1636/229 1086/1633/229 1087/1634/229
f 1090/1637/77 1089/1636/77 1087/1634/77
f 1090/1637/68 1087/1634/68 1091/1638/68
f 1092/1639/77 1090/1637/77 1091/1638/77
f 1093/1640/77 1092/1639/77 1091/1638/77
f 1094/1641/77 1093/1640/77 1091/1638/77
f 1095/1642/77 1094/1641/77 1091/1638/77
f 1095/1642/77 1091/1638/77 1096/1643/77
f 1097/1644/77 1095/1642/77 1096/1643/77
f 1098/1645/77 1097/1644/77 1096/1643/77
f 1098/1645/77 1096/1643/77 1099/1646/77
f 1100/1647/77 1098/1645/77 1099/1646/77
f 1101/1648/68 1100/1647/68 1099/1646/68
f 1101/1648/77 1099/1646/77 1102/1649/77
f 1103/1650/68 1101/1648/68 1102/1649/68
f 1104/1651/77 1103/1650/77 1102/1649/77
f 1104/1651/68 1102/1649/68 1105/1652/68
f 1106/1653/77 1104/1651/77 1105/1652/77
f 1106/1653/68 1105/1652/68 1107/1654/68
f 1108/1655/68 1106/1653/68 1107/1654/68
f 1108/1655/77 1107/1654/77 1109/1656/77
f 1110/1657/77 1108/1655/77 1109/1656/77
f 1110/1657/77 1109/1656/77 1111/1658/77
f 1112/1659/77 1110/1657/77 1111/1658/77
f 1112/1659/77 1111/1658/77 1113/1660/77
f 1114/1661/77 1112/1659/77 1113/1660/77
f 1114/1661/77 1113/1660/77 1115/1662/77
f 1116/1663/77 1114/1661/77 1115/1662/77
f 1116/1663/68 1115/1662/68 1117/1664/68
f 1118/1665/77 1116/1663/77 1117/1664/77
f 1119/1666/77 1118/1665/77 1117/1664/77
f 1119/1666/77 1117/1664/77 1120/1667/77
f 1121/1668/77 1119/1666/77 1120/1667/77
f 1121/1668/77 1120/1667/77 1122/1669/77
f 1123/1670/77 1121/1668/77 1122/1669/77
f 1124/1671/77 1123/1670/77 1122/1669/77
f 1125/1672/77 1124/1671/77 1122/1669/77
f 1075/1622/77 1088/1635/77 1126/1673/77
f 1126/1673/77 1088/1635/77 1125/1672/77
f 1126/1673/68 1125/1672/68 1122/1669/68
f 1126/1673/77 1122/1669/77 1127/1674/77
f 1126/1673/77 1127/1674/77 1128/1675/77
f 1126/1673/68 1128/1675/68 1129/1676/68
f 1126/1673/77 1129/1676/77 1130/1677/77
f 1126/1673/77 1130/1677/77 1131/1678/77
f 1126/1673/68 1131/1678/68 1132/1679/68
f 1126/1673/77 1132/1679/77 1133/1680/77
f 1126/1673/77 1133/1680/77 1134/1681/77
f 1126/1673/68 1134/1681/68 1135/1682/68
f 1126/1673/77 1135/1682/77 1136/1683/77
f 1136/1683/77 1135/1682/77 1137/1684/77
f 1075/1622/77 1126/1673/77 1138/1685/77
f 1139/1686/77 1136/1683/77 1137/1684/77
f 1140/1687/77 1139/1686/77 1137/1684/77
f 1141/1688/77 1140/1687/77 1137/1684/77
f 1141/1688/68 1137/1684/68 1142/1689/68
f 1143/1690/77 1141/1688/77 1142/1689/77
f 1144/1691/77 1143/1690/77 1142/1689/77
f 1144/1691/68 1142/1689/68 1145/1692/68
f 1146/1693/77 1144/1691/77 1145/1692/77
f 1147/1694/68 1146/1693/68 1145/1692/68
f 1147/1694/68 1145/1692/68 1148/1695/68
f 1149/1696/77 1147/1694/77 1148/1695/77
f 1150/1697/77 1149/1696/77 1148/1695/77
f 1150/1697/68 1148/1695/68 1151/1698/68
f 1152/1699/77 1150/1697/77 1151/1698/77
f 1152/1699/77 1151/1698/77 1153/1700/77
f 1154/1701/77 1152/1699/77 1153/1700/77
f 1155/1702/77 1154/1701/77 1153/1700/77
f 1155/1702/68 1153/1700/68 1156/1703/68
f 1157/1704/77 1155/1702/77 1156/1703/77
f 1158/1705/77 1157/1704/77 1156/1703/77
f 1158/1705/68 1156/1703/68 1159/1706/68
f 1160/1707/77 1158/1705/77 1159/1706/77
f 1160/1707/68 1159/1706/68 1161/1708/68
f 1162/1709/77 1160/1707/77 1161/1708/77
f 1163/1710/77 1162/1709/77 1161/1708/77
f 1163/1710/77 1161/1708/77 1164/1711/77
f 1165/1712/68 1163/1710/68 1164/1711/68
f 1166/1713/77 1165/1712/77 1164/1711/77
f 1166/1713/68 1164/1711/68 1167/1714/68
f 1168/1715/77 1166/1713/77 1167/1714/77
f 1169/1716/77 1168/1715/77 1167/1714/77
f 1170/1717/77 1169/1716/77 1167/1714/77
f 1170/1717/77 1167/1714/77 1171/1718/77
f 1172/1719/77 1170/1717/77 1171/1718/77
f 1173/1720/77 1172/1719/77 1171/1718/77
f 1075/1622/68 1138/1685/68 1173/1720/68
f 1075/1622/77 1173/1720/77 1171/1718/77
f 1075/1622/68 1171/1718/68 1174/1721/68
f 1075/1622/68 1174/1721/68 1175/1722/68
f 1075/1622/77 1175/1722/77 1176/1723/77
f 1075/1622/77 1176/1723/77 1177/1724/77
f 1075/1622/68 1177/1724/68 1178/1725/68
f 1075/1622/77 1178/1725/77 1179/1726/77
f 1075/1622/77 1179/1726/77 1180/1727/77
f 1181/1728/230 1079/1626/231 1078/1625/232
f 1182/1729/233 1183/1730/234 1181/1728/230
f 1184/1731/235 1185/1732/236 1182/1729/233
f 1186/1733/237 1187/1734/238 1184/1735/235
f 1188/1736/239 1189/1737/240 1186/1733/237
f 1190/1738/241 1188/1736/239 1191/1739/242
f 1192/1740/243 1191/1739/242 1193/1741/244
f 1194/1742/245 1193/1741/244 1195/1743/246
f 1196/1744/247 1195/1745/246 1197/1746/248
f 1198/1747/249 1197/1746/248 1199/1748/250
f 727/1269/251 1199/1748/250 726/1268/252
f 1183/1730/234 1080/1627/253 1079/1626/231
f 1185/1732/236 1200/1749/254 1183/1730/234
f 1187/1750/238 1201/1751/255 1185/1732/236
f 1189/1737/240 1202/1752/256 1187/1734/238
f 1203/1753/257 1204/1754/258 1189/1737/240
f 1205/1755/259 1203/1753/257 1190/1738/241
f 1206/1756/260 1190/1738/241 1192/1740/243
f 1207/1757/261 1192/1740/243 1194/1742/245
f 1208/1758/262 1194/1759/245 1196/1744/247
f 1209/1760/263 1196/1744/247 1198/1747/249
f 728/1270/264 1198/1747/249 727/1269/251
f 1200/1749/254 1081/1628/265 1080/1627/253
f 1201/1751/255 1210/1761/266 1200/1749/254
f 1202/1762/256 1211/1763/267 1201/1751/255
f 1204/1754/258 1212/1764/268 1202/1752/256
f 1213/1765/269 1214/1766/270 1204/1754/258
f 1215/1767/271 1213/1765/269 1205/1755/259
f 1216/1768/272 1205/1755/259 1206/1756/260
f 1217/1769/273 1206/1756/260 1207/1757/261
f 1218/1770/274 1207/1771/261 1208/1758/262
f 1219/1772/275 1208/1758/262 1209/1760/263
f 729/1271/276 1209/1760/263 728/1270/264
f 1210/1761/266 1082/1629/277 1081/1628/265
f 1211/1763/267 1220/1773/278 1210/1761/266
f 1212/1774/268 1221/1775/279 1211/1763/267
f 1214/1766/270 1222/1776/280 1212/1764/268
f 1223/1777/281 1224/1778/282 1214/1766/270
f 1225/1779/283 1223/1777/281 1215/1767/271
f 1226/1780/284 1215/1767/271 1216/1768/272
f 1227/1781/285 1216/1768/272 1217/1769/273
f 1228/1782/286 1217/1783/273 1218/1770/274
f 1229/1784/287 1218/1770/274 1219/1772/275
f 730/1272/288 1219/1772/275 729/1271/276
f 1220/1773/278 1083/1630/289 1082/1629/277
f 1221/1775/279 1230/1785/290 1220/1773/278
f 1222/1786/280 1231/1787/291 1221/1775/279
f 1224/1778/282 1232/1788/292 1222/1776/280
f 1233/1789/293 1234/1790/294 1224/1778/282
f 1235/1791/295 1233/1789/293 1225/1779/283
f 1236/1792/296 1225/1779/283 1226/1780/284
f 1237/1793/297 1226/1780/284 1227/1781/285
f 1238/1794/298 1227/1795/285 1228/1782/286
f 1239/1796/299 1228/1782/286 1229/1784/287
f 731/1273/300 1229/1784/287 730/1272/288
f 1230/1785/290 1084/1631/301 1083/1630/289
f 1231/1787/291 1240/1797/302 1230/1785/290
f 1232/1798/292 1241/1799/303 1231/1787/291
f 1234/1790/294 1242/1800/304 1232/1788/292
f 1243/1801/305 1244/1802/306 1234/1790/294
f 1245/1803/307 1243/1801/305 1235/1791/295
f 1246/1804/308 1235/1791/295 1236/1792/296
f 1247/1805/309 1236/1792/296 1237/1793/297
f 1248/1806/310 1237/1807/297 1238/1794/298
f 1249/1808/311 1238/1794/298 1239/1796/299
f 732/1274/312 1239/1796/299 731/1273/300
f 1250/1809/313 1084/1631/301 1240/1797/302
f 1251/1810/314 1240/1797/302 1241/1799/303
f 1252/1811/315 1241/1799/303 1242/1812/304
f 1253/1813/316 1242/1814/304 1244/1815/306
f 1254/1816/317 1244/1815/306 1255/1817/318
f 1256/1818/319 1255/1817/318 1245/1819/307
f 1246/1820/308 1256/1818/319 1245/1819/307
f 1247/1821/309 1257/1822/320 1246/1820/308
f 1248/1806/310 1258/1823/321 1247/1824/309
f 1249/1808/311 1259/1825/322 1248/1806/310
f 732/1274/312 1260/1826/323 1249/1808/311
f 1261/1827/324 1085/1632/325 1250/1809/313
f 1262/1828/326 1250/1809/313 1251/1810/314
f 1263/1829/327 1251/1810/314 1252/1811/315
f 1264/1830/328 1252/1831/315 1253/1813/316
f 1265/1832/329 1253/1813/316 1254/1816/317
f 1266/1833/330 1254/1816/317 1256/1818/319
f 1257/1822/320 1266/1833/330 1256/1818/319
f 1258/1834/321 1267/1835/331 1257/1822/320
f 1259/1825/322 1268/1836/332 1258/1823/321
f 1260/1826/323 1269/1837/333 1259/1825/322
f 733/1275/334 1270/1838/335 1260/1826/323
f 1271/1839/336 1087/1634/337 1261/1827/324
f 1272/1840/338 1261/1827/324 1262/1828/326
f 1273/1841/339 1262/1828/326 1263/1829/327
f 1274/1842/340 1263/1843/327 1264/1830/328
f 1275/1844/341 1264/1830/328 1265/1832/329
f 1276/1845/342 1265/1832/329 1266/1833/330
f 1267/1835/331 1276/1845/342 1266/1833/330
f 1268/1846/332 1277/1847/343 1267/1835/331
f 1269/1837/333 1278/1848/344 1268/1836/332
f 1270/1838/335 1279/1849/345 1269/1837/333
f 735/1277/346 1280/1850/347 1270/1838/335
f 1281/1851/348 1091/1638/349 1271/1839/336
f 1282/1852/350 1271/1839/336 1272/1840/338
f 1283/1853/351 1272/1840/338 1273/1841/339
f 1284/1854/352 1273/1855/339 1274/1842/340
f 1285/1856/353 1274/1842/340 1275/1844/341
f 1286/1857/354 1275/1844/341 1276/1845/342
f 1277/1847/343 1286/1857/354 1276/1845/342
f 1278/1858/344 1287/1859/355 1277/1847/343
f 1279/1849/345 1288/1860/356 1278/1848/344
f 1280/1850/347 1289/1861/357 1279/1849/345
f 739/1281/358 1290/1862/359 1280/1850/347
f 1291/1863/360 1096/1643/361 1281/1851/348
f 1292/1864/362 1281/1851/348 1282/1852/350
f 1293/1865/363 1282/1852/350 1283/1853/351
f 1294/1866/364 1283/1867/351 1284/1854/352
f 1295/1868/365 1284/1854/352 1285/1856/353
f 1296/1869/366 1285/1856/353 1286/1857/354
f 1287/1859/355 1296/1869/366 1286/1857/354
f 1288/1870/356 1297/1871/367 1287/1859/355
f 1289/1861/357 1298/1872/368 1288/1860/356
f 1290/1862/359 1299/1873/369 1289/1861/357
f 744/1286/370 1300/1874/371 1290/1862/359
f 1301/1875/372 1099/1646/373 1291/1863/360
f 1302/1876/374 1291/1863/360 1292/1864/362
f 1303/1877/375 1292/1864/362 1293/1865/363
f 1304/1878/376 1293/1879/363 1294/1866/364
f 1305/1880/377 1294/1866/364 1295/1868/365
f 1306/1881/378 1295/1868/365 1296/1869/366
f 1297/1871/367 1306/1881/378 1296/1869/366
f 1298/1882/368 1307/1883/379 1297/1871/367
f 1299/1873/369 1308/1884/380 1298/1872/368
f 1300/1874/371 1309/1885/381 1299/1873/369
f 747/1289/382 1310/1886/383 1300/1874/371
f 1311/1887/384 1102/1649/385 1301/1875/372
f 1312/1888/386 1301/1875/372 1302/1876/374
f 1313/1889/387 1302/1876/374 1303/1877/375
f 1314/1890/388 1303/1891/375 1304/1878/376
f 1315/1892/389 1304/1878/376 1305/1880/377
f 1316/1893/390 1305/1880/377 1306/1881/378
f 1307/1883/379 1316/1893/390 1306/1881/378
f 1308/1894/380 1317/1895/391 1307/1883/379
f 1309/1885/381 1318/1896/392 1308/1884/380
f 1310/1886/383 1319/1897/393 1309/1885/381
f 750/1292/394 1320/1898/395 1310/1886/383
f 1311/1887/384 1107/1654/396 1105/1652/397
f 1312/1888/386 1321/1899/398 1311/1887/384
f 1313/1889/387 1322/1900/399 1312/1888/386
f 1314/1890/388 1323/1901/400 1313/1902/387
f 1315/1892/389 1324/1903/401 1314/1890/388
f 1325/1904/402 1315/1892/389 1316/1893/390
f 1326/1905/403 1316/1893/390 1317/1895/391
f 1327/1906/404 1317/1895/391 1318/1907/392
f 1328/1908/405 1318/1896/392 1319/1897/393
f 1329/1909/406 1319/1897/393 1320/1898/395
f 755/1297/407 1320/1898/395 753/1295/408
f 1321/1899/398 1109/1656/409 1107/1654/396
f 1322/1900/399 1330/1910/410 1321/1899/398
f 1323/1911/400 1331/1912/411 1322/1900/399
f 1324/1903/401 1332/1913/412 1323/1901/400
f 1333/1914/413 1334/1915/414 1324/1903/401
f 1335/1916/415 1333/1914/413 1325/1904/402
f 1336/1917/416 1325/1904/402 1326/1905/403
f 1337/1918/417 1326/1905/403 1327/1906/404
f 1338/1919/418 1327/1920/404 1328/1908/405
f 1339/1921/419 1328/1908/405 1329/1909/406
f 757/1299/420 1329/1909/406 755/1297/407
f 1330/1910/410 1111/1658/421 1109/1656/409
f 1331/1912/411 1340/1922/422 1330/1910/410
f 1332/1923/412 1341/1924/423 1331/1912/411
f 1334/1915/414 1342/1925/424 1332/1913/412
f 1343/1926/425 1344/1927/426 1334/1915/414
f 1345/1928/427 1343/1926/425 1335/1916/415
f 1346/1929/428 1335/1916/415 1336/1917/416
f 1347/1930/429 1336/1917/416 1337/1918/417
f 1348/1931/430 1337/1932/417 1338/1919/418
f 1349/1933/431 1338/1919/418 1339/1921/419
f 759/1301/432 1339/1921/419 757/1299/420
f 1340/1922/422 1113/1660/433 1111/1658/421
f 1341/1924/423 1350/1934/434 1340/1922/422
f 1342/1935/424 1351/1936/435 1341/1924/423
f 1344/1927/426 1352/1937/436 1342/1925/424
f 1353/1938/437 1354/1939/438 1344/1927/426
f 1355/1940/439 1353/1938/437 1345/1928/427
f 1356/1941/440 1345/1928/427 1346/1929/428
f 1357/1942/441 1346/1929/428 1347/1930/429
f 1358/1943/442 1347/1944/429 1348/1931/430
f 1359/1945/443 1348/1931/430 1349/1933/431
f 761/1303/444 1349/1933/431 759/1301/432
f 1360/1946/445 1113/1660/433 1350/1934/434
f 1361/1947/446 1350/1934/434 1351/1936/435
f 1362/1948/447 1351/1936/435 1352/1949/436
f 1363/1950/448 1352/1937/436 1354/1939/438
f 1364/1951/449 1354/1939/438 1365/1952/450
f 1366/1953/451 1365/1952/450 1355/1940/439
f 1356/1941/440 1366/1953/451 1355/1940/439
f 1357/1942/441 1367/1954/452 1356/1941/440
f 1358/1943/442 1368/1955/453 1357/1956/441
f 1359/1945/443 1369/1957/454 1358/1943/442
f 761/1303/444 1370/1958/455 1359/1945/443
f 1371/1959/456 1115/1662/457 1360/1946/445
f 1372/1960/458 1360/1946/445 1361/1947/446
f 1373/1961/459 1361/1947/446 1362/1948/447
f 1374/1962/460 1362/1963/447 1363/1950/448
f 1375/1964/461 1363/1950/448 1364/1951/449
f 1376/1965/462 1364/1951/449 1366/1953/451
f 1367/1954/452 1376/1965/462 1366/1953/451
f 1368/1966/453 1377/1967/463 1367/1954/452
f 1369/1957/454 1378/1968/464 1368/1955/453
f 1370/1958/455 1379/1969/465 1369/1957/454
f 763/1305/466 1380/1970/467 1370/1958/455
f 1381/1971/468 1117/1664/469 1371/1959/456
f 1382/1972/470 1371/1959/456 1372/1960/458
f 1383/1973/471 1372/1960/458 1373/1961/459
f 1384/1974/472 1373/1975/459 1374/1962/460
f 1385/1976/473 1374/1962/460 1375/1964/461
f 1386/1977/474 1375/1964/461 1376/1965/462
f 1377/1967/463 1386/1977/474 1376/1965/462
f 1378/1978/464 1387/1979/475 1377/1967/463
f 1379/1969/465 1388/1980/476 1378/1968/464
f 1380/1970/467 1389/1981/477 1379/1969/465
f 765/1307/478 1390/1982/479 1380/1970/467
f 1391/1983/480 1120/1667/481 1381/1971/468
f 1392/1984/482 1381/1971/468 1382/1972/470
f 1393/1985/483 1382/1972/470 1383/1973/471
f 1394/1986/484 1383/1987/471 1384/1988/472
f 1395/1989/485 1384/1988/472 1385/1990/473
f 1396/1991/486 1385/1990/473 1386/1992/474
f 1387/1993/475 1396/1991/486 1386/1992/474
f 1388/1994/476 1397/1995/487 1387/1993/475
f 1389/1981/477 1398/1996/488 1388/1980/476
f 1390/1982/479 1399/1997/489 1389/1981/477
f 768/1310/490 1400/1998/491 1390/1982/479
f 1401/1999/492 1122/1669/493 1391/1983/480
f 1402/2000/494 1391/1983/480 1392/1984/482
f 1403/2001/495 1392/1984/482 1393/1985/483
f 1404/2002/496 1393/2003/483 1394/1986/484
f 1405/2004/497 1394/1986/484 1395/1989/485
f 1406/2005/498 1395/1989/485 1396/1991/486
f 1397/1995/487 1406/2005/498 1396/1991/486
f 1398/2006/488 1407/2007/499 1397/1995/487
f 1399/1997/489 1408/2008/500 1398/1996/488
f 1400/1998/491 1409/2009/501 1399/1997/489
f 770/1312/502 1410/2010/503 1400/1998/491
f 1411/2011/504 1127/1674/505 1401/1999/492
f 1412/2012/506 1401/1999/492 1402/2000/494
f 1413/2013/507 1402/2000/494 1403/2001/495
f 1414/2014/508 1403/2015/495 1404/2002/496
f 1415/2016/509 1404/2002/496 1405/2004/497
f 1416/2017/510 1405/2004/497 1406/2005/498
f 1407/2007/499 1416/2017/510 1406/2005/498
f 1408/2018/500 1417/2019/511 1407/2007/499
f 1409/2009/501 1418/2020/512 1408/2008/500
f 1410/2010/503 1419/2021/513 1409/2009/501
f 775/1317/514 1420/2022/515 1410/2010/503
f 1421/2023/516 1128/1675/517 1411/2011/504
f 1422/2024/518 1411/2011/504 1412/2012/506
f 1423/2025/519 1412/2012/506 1413/2013/507
f 1424/2026/520 1413/2027/507 1414/2014/508
f 1425/2028/521 1414/2014/508 1415/2016/509
f 1426/2029/522 1415/2016/509 1416/2017/510
f 1417/2019/511 1426/2029/522 1416/2017/510
f 1418/2030/512 1427/2031/523 1417/2019/511
f 1419/2021/513 1428/2032/524 1418/2020/512
f 1420/2022/515 1429/2033/525 1419/2021/513
f 776/1318/526 1430/2034/527 1420/2022/515
f 1421/2035/516 1130/2036/528 1129/2037/529
f 1422/2038/518 1431/2039/530 1421/2035/516
f 1423/2040/519 1432/2041/531 1422/2042/518
f 1424/2043/520 1433/2044/532 1423/2040/519
f 1425/2045/521 1434/2046/533 1424/2043/520
f 1435/2047/534 1425/2045/521 1426/2048/522
f 1436/2049/535 1426/2048/522 1427/2050/523
f 1437/2051/536 1427/2050/523 1428/2052/524
f 1438/2053/537 1428/2052/524 1429/2054/525
f 1439/2055/538 1429/2056/525 1430/2057/527
f 778/2058/539 1430/2057/527 777/2059/540
f 1431/2060/530 1131/1678/541 1130/1677/528
f 1432/2061/531 1440/2062/542 1431/2060/530
f 1433/2063/532 1441/2064/543 1432/2061/531
f 1434/2065/533 1442/2066/544 1433/2067/532
f 1443/2068/545 1444/2069/546 1434/2065/533
f 1445/2070/547 1443/2068/545 1435/2071/534
f 1446/2072/548 1435/2071/534 1436/2073/535
f 1447/2074/549 1436/2073/535 1437/2075/536
f 1448/2076/550 1437/2077/536 1438/2078/537
f 1449/2079/551 1438/2078/537 1439/2080/538
f 779/1321/552 1439/2080/538 778/1320/539
f 1440/2062/542 1132/1679/553 1131/1678/541
f 1441/2064/543 1450/2081/554 1440/2062/542
f 1442/2082/544 1451/2083/555 1441/2064/543
f 1444/2069/546 1452/2084/556 1442/2066/544
f 1453/2085/557 1454/2086/558 1444/2069/546
f 1455/2087/559 1453/2085/557 1445/2070/547
f 1456/2088/560 1445/2070/547 1446/2072/548
f 1457/2089/561 1446/2072/548 1447/2074/549
f 1458/2090/562 1447/2091/549 1448/2076/550
f 1459/2092/563 1448/2076/550 1449/2079/551
f 780/1322/564 1449/2079/551 779/1321/552
f 1450/2081/554 1133/1680/565 1132/1679/553
f 1451/2083/555 1460/2093/566 1450/2081/554
f 1452/2094/556 1461/2095/567 1451/2083/555
f 1454/2086/558 1462/2096/568 1452/2084/556
f 1463/2097/569 1464/2098/570 1454/2086/558
f 1465/2099/571 1463/2097/569 1455/2087/559
f 1466/2100/572 1455/2087/559 1456/2088/560
f 1467/2101/573 1456/2088/560 1457/2089/561
f 1468/2102/574 1457/2103/561 1458/2090/562
f 1469/2104/575 1458/2090/562 1459/2092/563
f 781/1323/576 1459/2092/563 780/1322/564
f 1460/2093/566 1134/1681/577 1133/1680/565
f 1461/2095/567 1470/2105/578 1460/2093/566
f 1462/2106/568 1471/2107/579 1461/2095/567
f 1464/2098/570 1472/2108/580 1462/2096/568
f 1473/2109/581 1474/2110/582 1464/2098/570
f 1475/2111/583 1473/2109/581 1465/2099/571
f 1476/2112/584 1465/2099/571 1466/2100/572
f 1477/2113/585 1466/2100/572 1467/2101/573
f 1478/2114/586 1467/2115/573 1468/2102/574
f 1479/2116/587 1468/2102/574 1469/2104/575
f 782/1324/588 1469/2104/575 781/1323/576
f 1470/2105/578 1135/1682/589 1134/1681/577
f 1471/2107/579 1480/2117/590 1470/2105/578
f 1472/2118/580 1481/2119/591 1471/2107/579
f 1474/2110/582 1482/2120/592 1472/2108/580
f 1483/2121/593 1484/2122/594 1474/2110/582
f 1485/2123/595 1483/2121/593 1475/2111/583
f 1486/2124/596 1475/2111/583 1476/2112/584
f 1487/2125/597 1476/2112/584 1477/2113/585
f 1488/2126/598 1477/2127/585 1478/2114/586
f 1489/2128/599 1478/2114/586 1479/2116/587
f 783/1325/600 1479/2116/587 782/1324/588
f 1480/2117/590 1137/1684/601 1135/1682/589
f 1481/2119/591 1490/2129/602 1480/2117/590
f 1482/2130/592 1491/2131/603 1481/2119/591
f 1484/2122/594 1492/2132/604 1482/2120/592
f 1493/2133/605 1494/2134/606 1484/2122/594
f 1495/2135/607 1493/2133/605 1485/2123/595
f 1496/2136/608 1485/2123/595 1486/2124/596
f 1497/2137/609 1486/2124/596 1487/2125/597
f 1498/2138/610 1487/2139/597 1488/2126/598
f 1499/2140/611 1488/2126/598 1489/2128/599
f 785/1327/612 1489/2128/599 783/1325/600
f 1490/2129/602 1142/1689/613 1137/1684/601
f 1491/2131/603 1500/2141/614 1490/2129/602
f 1492/2142/604 1501/2143/615 1491/2131/603
f 1494/2144/606 1502/2145/616 1492/2146/604
f 1503/2147/617 1504/2148/618 1494/2144/606
f 1505/2149/619 1503/2147/617 1495/2150/607
f 1506/2151/620 1495/2150/607 1496/2152/608
f 1507/2153/621 1496/2152/608 1497/2154/609
f 1508/2155/622 1497/2156/609 1498/2138/610
f 1509/2157/623 1498/2138/610 1499/2140/611
f 790/1332/624 1499/2140/611 785/1327/612
f 1500/2141/614 1145/1692/625 1142/1689/613
f 1501/2143/615 1510/2158/626 1500/2141/614
f 1502/2159/616 1511/2160/627 1501/2143/615
f 1504/2148/618 1512/2161/628 1502/2145/616
f 1513/2162/629 1514/2163/630 1504/2148/618
f 1515/2164/631 1513/2162/629 1505/2149/619
f 1516/2165/632 1505/2149/619 1506/2151/620
f 1517/2166/633 1506/2151/620 1507/2153/621
f 1518/2167/634 1507/2168/621 1508/2155/622
f 1519/2169/635 1508/2155/622 1509/2157/623
f 793/1335/636 1509/2157/623 790/1332/624
f 1520/2170/637 1145/1692/625 1510/2158/626
f 1521/2171/638 1510/2158/626 1511/2160/627
f 1522/2172/639 1511/2160/627 1512/2173/628
f 1523/2174/640 1512/2161/628 1514/2163/630
f 1524/2175/641 1514/2163/630 1525/2176/642
f 1526/2177/643 1525/2176/642 1515/2164/631
f 1516/2165/632 1526/2177/643 1515/2164/631
f 1517/2166/633 1527/2178/644 1516/2165/632
f 1518/2167/634 1528/2179/645 1517/2180/633
f 1519/2169/635 1529/2181/646 1518/2167/634
f 793/1335/636 1530/2182/647 1519/2169/635
f 1531/2183/648 1148/1695/649 1520/2170/637
f 1532/2184/650 1520/2170/637 1521/2171/638
f 1533/2185/651 1521/2171/638 1522/2172/639
f 1534/2186/652 1522/2187/639 1523/2174/640
f 1535/2188/653 1523/2174/640 1524/2175/641
f 1536/2189/654 1524/2175/641 1526/2177/643
f 1527/2178/644 1536/2189/654 1526/2177/643
f 1528/2190/645 1537/2191/655 1527/2178/644
f 1529/2181/646 1538/2192/656 1528/2179/645
f 1530/2182/647 1539/2193/657 1529/2181/646
f 796/1338/658 1540/2194/659 1530/2182/647
f 1541/2195/660 1151/1698/661 1531/2183/648
f 1542/2196/662 1531/2183/648 1532/2184/650
f 1543/2197/663 1532/2184/650 1533/2185/651
f 1544/2198/664 1533/2199/651 1534/2186/652
f 1545/2200/665 1534/2186/652 1535/2188/653
f 1546/2201/666 1535/2188/653 1536/2189/654
f 1537/2191/655 1546/2201/666 1536/2189/654
f 1538/2202/656 1547/2203/667 1537/2191/655
f 1539/2193/657 1548/2204/668 1538/2192/656
f 1540/2194/659 1549/2205/669 1539/2193/657
f 799/1341/670 1550/2206/671 1540/2194/659
f 1541/2195/660 1156/1703/672 1153/1700/673
f 1542/2196/662 1551/2207/674 1541/2195/660
f 1543/2197/663 1552/2208/675 1542/2196/662
f 1544/2198/664 1553/2209/676 1543/2210/663
f 1545/2200/665 1554/2211/677 1544/2198/664
f 1555/2212/678 1545/2200/665 1546/2201/666
f 1556/2213/679 1546/2201/666 1547/2203/667
f 1557/2214/680 1547/2203/667 1548/2215/668
f 1558/2216/681 1548/2204/668 1549/2205/669
f 1559/2217/682 1549/2205/669 1550/2206/671
f 804/1346/683 1550/2206/671 801/1343/684
f 1551/2207/674 1159/1706/685 1156/1703/672
f 1552/2208/675 1560/2218/686 1551/2207/674
f 1553/2219/676 1561/2220/687 1552/2208/675
f 1554/2211/677 1562/2221/688 1553/2209/676
f 1563/2222/689 1564/2223/690 1554/2211/677
f 1565/2224/691 1563/2222/689 1555/2212/678
f 1566/2225/692 1555/2212/678 1556/2213/679
f 1567/2226/693 1556/2213/679 1557/2214/680
f 1568/2227/694 1557/2228/680 1558/2216/681
f 1569/2229/695 1558/2216/681 1559/2217/682
f 807/1349/696 1559/2217/682 804/1346/683
f 1560/2218/686 1161/1708/697 1159/1706/685
f 1561/2220/687 1570/2230/698 1560/2218/686
f 1562/2231/688 1571/2232/699 1561/2220/687
f 1564/2223/690 1572/2233/700 1562/2221/688
f 1573/2234/701 1574/2235/702 1564/2223/690
f 1575/2236/703 1573/2234/701 1565/2224/691
f 1576/2237/704 1565/2224/691 1566/2225/692
f 1577/2238/705 1566/2225/692 1567/2226/693
f 1578/2239/706 1567/2240/693 1568/2227/694
f 1579/2241/707 1568/2227/694 1569/2229/695
f 809/1351/708 1569/2229/695 807/1349/696
f 1570/2230/698 1164/1711/709 1161/1708/697
f 1571/2232/699 1580/2242/710 1570/2230/698
f 1572/2243/700 1581/2244/711 1571/2232/699
f 1574/2235/702 1582/2245/712 1572/2233/700
f 1583/2246/713 1584/2247/714 1574/2235/702
f 1585/2248/715 1583/2246/713 1575/2236/703
f 1586/2249/716 1575/2236/703 1576/2237/704
f 1587/2250/717 1576/2237/704 1577/2238/705
f 1588/2251/718 1577/2252/705 1578/2239/706
f 1589/2253/719 1578/2239/706 1579/2241/707
f 812/1354/720 1579/2241/707 809/1351/708
f 1580/2242/710 1167/1714/721 1164/1711/709
f 1581/2244/711 1590/2254/722 1580/2242/710
f 1582/2255/712 1591/2256/723 1581/2244/711
f 1584/2247/714 1592/2257/724 1582/2245/712
f 1593/2258/725 1594/2259/726 1584/2247/714
f 1595/2260/727 1593/2258/725 1585/2248/715
f 1596/2261/728 1585/2248/715 1586/2249/716
f 1597/2262/729 1586/2249/716 1587/2250/717
f 1598/2263/730 1587/2264/717 1588/2251/718
f 1599/2265/731 1588/2251/718 1589/2253/719
f 815/1357/732 1589/2253/719 812/1354/720
f 1590/2254/722 1171/1718/733 1167/1714/721
f 1591/2256/723 1600/2266/734 1590/2254/722
f 1592/2267/724 1601/2268/735 1591/2256/723
f 1594/2259/726 1602/2269/736 1592/2257/724
f 1603/2270/737 1604/2271/738 1594/2259/726
f 1605/2272/739 1603/2270/737 1595/2260/727
f 1606/2273/740 1595/2260/727 1596/2261/728
f 1607/2274/741 1596/2261/728 1597/2262/729
f 1608/2275/742 1597/2276/729 1598/2263/730
f 1609/2277/743 1598/2263/730 1599/2265/731
f 819/1361/744 1599/2265/731 815/1357/732
f 1600/2266/734 1174/1721/745 1171/1718/733
f 1601/2268/735 1610/2278/746 1600/2266/734
f 1602/2279/736 1611/2280/747 1601/2268/735
f 1604/2271/738 1612/2281/748 1602/2269/736
f 1613/2282/749 1614/2283/750 1604/2271/738
f 1615/2284/751 1613/2282/749 1605/2272/739
f 1616/2285/752 1605/2272/739 1606/2273/740
f 1617/2286/753 1606/2273/740 1607/2274/741
f 1618/2287/754 1607/2288/741 1608/2275/742
f 1619/2289/755 1608/2275/742 1609/2277/743
f 822/1364/756 1609/2277/743 819/1361/744
f 1620/2290/757 1174/1721/745 1610/2278/746
f 1621/2291/758 1610/2278/746 1611/2280/747
f 1622/2292/759 1611/2280/747 1612/2293/748
f 1623/2294/760 1612/2295/748 1614/2296/750
f 1624/2297/761 1614/2296/750 1625/2298/762
f 1626/2299/763 1625/2298/762 1615/2300/751
f 1616/2301/752 1626/2299/763 1615/2300/751
f 1617/2302/753 1627/2303/764 1616/2301/752
f 1618/2287/754 1628/2304/765 1617/2305/753
f 1619/2289/755 1629/2306/766 1618/2287/754
f 822/1364/756 1630/2307/767 1619/2289/755
f 1631/2308/768 1175/1722/769 1620/2290/757
f 1632/2309/770 1620/2290/757 1621/2291/758
f 1633/2310/771 1621/2291/758 1622/2292/759
f 1634/2311/772 1622/2312/759 1623/2294/760
f 1635/2313/773 1623/2294/760 1624/2297/761
f 1636/2314/774 1624/2297/761 1626/2299/763
f 1627/2303/764 1636/2314/774 1626/2299/763
f 1628/2315/765 1637/2316/775 1627/2303/764
f 1629/2306/766 1638/2317/776 1628/2304/765
f 1630/2307/767 1639/2318/777 1629/2306/766
f 823/1365/778 1640/2319/779 1630/2307/767
f 1641/2320/780 1176/1723/781 1631/2308/768
f 1642/2321/782 1631/2308/768 1632/2309/770
f 1643/2322/783 1632/2309/770 1633/2310/771
f 1644/2323/784 1633/2324/771 1634/2311/772
f 1645/2325/785 1634/2311/772 1635/2313/773
f 1646/2326/786 1635/2313/773 1636/2314/774
f 1637/2316/775 1646/2326/786 1636/2314/774
f 1638/2327/776 1647/2328/787 1637/2316/775
f 1639/2318/777 1648/2329/788 1638/2317/776
f 1640/2319/779 1649/2330/789 1639/2318/777
f 824/1366/790 1650/2331/791 1640/2319/779
f 1651/2332/792 1177/1724/793 1641/2320/780
f 1652/2333/794 1641/2320/780 1642/2321/782
f 1653/2334/795 1642/2321/782 1643/2322/783
f 1654/2335/796 1643/2336/783 1644/2323/784
f 1655/2337/797 1644/2323/784 1645/2325/785
f 1656/2338/798 1645/2325/785 1646/2326/786
f 1647/2328/787 1656/2338/798 1646/2326/786
f 1648/2339/788 1657/2340/799 1647/2328/787
f 1649/2330/789 1658/2341/800 1648/2329/788
f 1650/2331/791 1659/2342/801 1649/2330/789
f 825/1367/802 1660/2343/803 1650/2331/791
f 1661/2344/804 1178/1725/805 1651/2332/792
f 1662/2345/806 1651/2332/792 1652/2333/794
f 1663/2346/807 1652/2333/794 1653/2334/795
f 1664/2347/808 1653/2348/795 1654/2335/796
f 1665/2349/809 1654/2335/796 1655/2337/797
f 1666/2350/810 1655/2337/797 1656/2338/798
f 1657/2340/799 1666/2350/810 1656/2338/798
f 1658/2351/800 1667/2352/811 1657/2340/799
f 1659/2342/801 1668/2353/812 1658/2341/800
f 1660/2343/803 1669/2354/813 1659/2342/801
f 826/1368/814 1670/2355/815 1660/2343/803
f 1671/2356/816 1179/1726/817 1661/2344/804
f 1672/2357/818 1661/2344/804 1662/2345/806
f 1673/2358/819 1662/2345/806 1663/2346/807
f 1674/2359/820 1663/2360/807 1664/2347/808
f 1675/2361/821 1664/2347/808 1665/2349/809
f 1676/2362/822 1665/2349/809 1666/2350/810
f 1667/2352/811 1676/2362/822 1666/2350/810
f 1668/2363/812 1677/2364/823 1667/2352/811
f 1669/2354/813 1678/2365/824 1668/2353/812
f 1670/2355/815 1679/2366/825 1669/2354/813
f 827/1369/826 1680/2367/827 1670/2355/815
f 1671/2356/816 1075/1622/828 1180/1727/829
f 1672/2357/818 1681/2368/830 1671/2356/816
f 1673/2369/819 1682/2370/831 1672/2371/818
f 1674/2359/820 1683/2372/832 1673/2369/819
f 1675/2361/821 1684/2373/833 1674/2359/820
f 1685/2374/834 1675/2361/821 1676/2362/822
f 1686/2375/835 1676/2362/822 1677/2364/823
f 1687/2376/836 1677/2364/823 1678/2377/824
f 1688/2378/837 1678/2377/824 1679/2379/825
f 1689/2380/838 1679/2366/825 1680/2367/827
f 723/1265/839 1680/2367/827 828/1370/840
f 1690/2381/841 1075/1622/828 1681/2368/830
f 1691/2382/842 1681/2368/830 1682/2383/831
f 1692/2384/843 1682/2385/831 1683/2386/832
f 1693/2387/844 1683/2386/832 1684/2388/833
f 1694/2389/845 1693/2387/844 1684/2388/833
f 1685/2390/834 1695/2391/846 1694/2389/845
f 1696/2392/847 1685/2390/834 1686/2393/835
f 1697/2394/848 1686/2393/835 1687/2395/836
f 1698/2396/849 1687/2395/836 1688/2397/837
f 1699/2398/850 1688/2399/837 1689/2380/838
f 725/1267/851 1689/2380/838 723/1265/839
f 1181/1728/230 1076/1623/852 1690/2381/841
f 1182/1729/233 1690/2381/841 1691/2382/842
f 1184/1731/235 1691/2382/842 1692/2400/843
f 1186/1733/237 1692/2401/843 1693/2402/844
f 1188/1736/239 1693/2402/844 1695/2403/846
f 1191/1739/242 1695/2403/846 1700/2404/853
f 1696/2405/847 1191/1739/242 1700/2404/853
f 1697/2406/848 1193/1741/244 1696/2405/847
f 1698/2407/849 1195/1745/246 1697/2408/848
f 1699/2398/850 1197/1746/248 1698/2407/849
f 725/1267/851 1199/1748/250 1699/2398/850
f 1701/2409/854 1125/1672/855 1702/2410/856
f 1703/2411/857 1702/2410/856 1704/2412/858
f 1705/2413/859 1704/2412/858 1706/2414/860
f 1707/2415/861 1706/2416/860 1708/2417/862
f 1709/2418/863 1708/2417/862 1710/2419/864
f 1711/2420/865 1710/2419/864 1712/2421/866
f 1713/2422/867 1711/2420/865 1712/2421/866
f 1714/2423/868 1715/2424/869 1713/2422/867
f 1716/2425/870 1717/2426/871 1714/2427/868
f 1718/2428/872 1719/2429/873 1716/2425/870
f 773/1315/874 1720/2430/875 1718/2428/872
f 1721/2431/876 1124/1671/877 1701/2409/854
f 1722/2432/878 1701/2409/854 1703/2411/857
f 1723/2433/879 1703/2411/857 1705/2413/859
f 1724/2434/880 1705/2435/859 1707/2415/861
f 1725/2436/881 1707/2415/861 1709/2418/863
f 1726/2437/882 1709/2418/863 1711/2420/865
f 1715/2424/869 1726/2437/882 1711/2420/865
f 1717/2438/871 1727/2439/883 1715/2424/869
f 1719/2429/873 1728/2440/884 1717/2426/871
f 1720/2430/875 1729/2441/885 1719/2429/873
f 772/1314/886 1730/2442/887 1720/2430/875
f 1731/2443/888 1123/1670/889 1721/2431/876
f 1732/2444/890 1721/2431/876 1722/2432/878
f 1733/2445/891 1722/2432/878 1723/2433/879
f 1734/2446/892 1723/2447/879 1724/2434/880
f 1735/2448/893 1724/2434/880 1725/2436/881
f 1736/2449/894 1725/2436/881 1726/2437/882
f 1727/2439/883 1736/2449/894 1726/2437/882
f 1728/2450/884 1737/2451/895 1727/2439/883
f 1729/2441/885 1738/2452/896 1728/2440/884
f 1730/2442/887 1739/2453/897 1729/2441/885
f 771/1313/898 1740/2454/899 1730/2442/887
f 1741/2455/900 1121/1668/901 1731/2443/888
f 1742/2456/902 1731/2443/888 1732/2444/890
f 1743/2457/903 1732/2444/890 1733/2445/891
f 1744/2458/904 1733/2459/891 1734/2446/892
f 1745/2460/905 1734/2446/892 1735/2448/893
f 1746/2461/906 1735/2448/893 1736/2449/894
f 1737/2451/895 1746/2461/906 1736/2449/894
f 1738/2462/896 1747/2463/907 1737/2451/895
f 1739/2453/897 1748/2464/908 1738/2452/896
f 1740/2454/899 1749/2465/909 1739/2453/897
f 769/1311/910 1750/2466/911 1740/2454/899
f 1751/2467/912 1119/1666/913 1741/2455/900
f 1752/2468/914 1741/2455/900 1742/2456/902
f 1753/2469/915 1742/2456/902 1743/2457/903
f 1754/2470/916 1743/2471/903 1744/2458/904
f 1755/2472/917 1744/2458/904 1745/2460/905
f 1756/2473/918 1745/2460/905 1746/2461/906
f 1747/2463/907 1756/2473/918 1746/2461/906
f 1748/2474/908 1757/2475/919 1747/2463/907
f 1749/2465/909 1758/2476/920 1748/2464/908
f 1750/2466/911 1759/2477/921 1749/2465/909
f 767/1309/922 1760/2478/923 1750/2466/911
f 1761/2479/924 1118/1665/925 1751/2467/912
f 1762/2480/926 1751/2467/912 1752/2468/914
f 1763/2481/927 1752/2468/914 1753/2469/915
f 1764/2482/928 1753/2483/915 1754/2470/916
f 1765/2484/929 1754/2470/916 1755/2472/917
f 1766/2485/930 1755/2472/917 1756/2473/918
f 1757/2475/919 1766/2485/930 1756/2473/918
f 1758/2486/920 1767/2487/931 1757/2475/919
f 1759/2477/921 1768/2488/932 1758/2476/920
f 1760/2478/923 1769/2489/933 1759/2477/921
f 766/1308/934 1770/2490/935 1760/2478/923
f 1771/2491/936 1116/1663/937 1761/2479/924
f 1772/2492/938 1761/2479/924 1762/2480/926
f 1773/2493/939 1762/2480/926 1763/2481/927
f 1774/2494/940 1763/2495/927 1764/2482/928
f 1775/2496/941 1764/2482/928 1765/2484/929
f 1776/2497/942 1765/2484/929 1766/2485/930
f 1767/2487/931 1776/2497/942 1766/2485/930
f 1768/2498/932 1777/2499/943 1767/2487/931
f 1769/2489/933 1778/2500/944 1768/2488/932
f 1770/2490/935 1779/2501/945 1769/2489/933
f 764/1306/946 1780/2502/947 1770/2490/935
f 1781/2503/948 1114/1661/949 1771/2491/936
f 1782/2504/950 1771/2491/936 1772/2492/938
f 1783/2505/951 1772/2492/938 1773/2493/939
f 1784/2506/952 1773/2507/939 1774/2508/940
f 1785/2509/953 1774/2508/940 1775/2510/941
f 1786/2511/954 1775/2510/941 1776/2512/942
f 1777/2513/943 1786/2511/954 1776/2512/942
f 1778/2514/944 1787/2515/955 1777/2513/943
f 1779/2501/945 1788/2516/956 1778/2500/944
f 1780/2502/947 1789/2517/957 1779/2501/945
f 762/1304/958 1790/2518/959 1780/2502/947
f 1781/2503/948 1110/1657/960 1112/1659/961
f 1782/2504/950 1791/2519/962 1781/2503/948
f 1783/2505/951 1792/2520/963 1782/2504/950
f 1784/2506/952 1793/2521/964 1783/2522/951
f 1785/2509/953 1794/2523/965 1784/2506/952
f 1795/2524/966 1785/2509/953 1786/2511/954
f 1796/2525/967 1786/2511/954 1787/2515/955
f 1797/2526/968 1787/2515/955 1788/2527/956
f 1798/2528/969 1788/2516/956 1789/2517/957
f 1799/2529/970 1789/2517/957 1790/2518/959
f 758/1300/971 1790/2518/959 760/1302/972
f 1791/2519/962 1108/1655/973 1110/1657/960
f 1792/2520/963 1800/2530/974 1791/2519/962
f 1793/2531/964 1801/2532/975 1792/2520/963
f 1794/2523/965 1802/2533/976 1793/2521/964
f 1803/2534/977 1804/2535/978 1794/2523/965
f 1805/2536/979 1803/2534/977 1795/2524/966
f 1806/2537/980 1795/2524/966 1796/2525/967
f 1807/2538/981 1796/2525/967 1797/2526/968
f 1808/2539/982 1797/2540/968 1798/2528/969
f 1809/2541/983 1798/2528/969 1799/2529/970
f 756/1298/984 1799/2529/970 758/1300/971
f 1800/2530/974 1106/1653/985 1108/1655/973
f 1801/2532/975 1810/2542/986 1800/2530/974
f 1802/2533/976 1811/2543/987 1801/2544/975
f 1804/2535/978 1812/2545/988 1802/2533/976
f 1813/2546/989 1814/2547/990 1804/2535/978
f 1815/2548/991 1813/2546/989 1805/2536/979
f 1816/2549/992 1805/2536/979 1806/2537/980
f 1817/2550/993 1806/2537/980 1807/2538/981
f 1818/2551/994 1807/2538/981 1808/2552/982
f 1819/2553/995 1808/2539/982 1809/2541/983
f 754/1296/996 1809/2541/983 756/1298/984
f 1810/2542/986 1104/1651/997 1106/1653/985
f 1811/2554/987 1820/2555/998 1810/2542/986
f 1812/2545/988 1821/2556/999 1811/2543/987
f 1814/2547/990 1822/2557/1000 1812/2545/988
f 1823/2558/1001 1824/2559/1002 1814/2547/990
f 1825/2560/1003 1823/2558/1001 1815/2548/991
f 1826/2561/1004 1815/2548/991 1816/2549/992
f 1827/2562/1005 1816/2549/992 1817/2550/993
f 1828/2563/1006 1817/2550/993 1818/2551/994
f 1829/2564/1007 1818/2565/994 1819/2553/995
f 752/1294/1008 1819/2553/995 754/1296/996
f 1830/2566/1009 1104/1651/997 1820/2555/998
f 1831/2567/1010 1820/2555/998 1821/2568/999
f 1832/2569/1011 1821/2556/999 1822/2557/1000
f 1833/2570/1012 1822/2557/1000 1824/2559/1002
f 1834/2571/1013 1824/2559/1002 1835/2572/1014
f 1836/2573/1015 1835/2572/1014 1825/2560/1003
f 1826/2561/1004 1836/2573/1015 1825/2560/1003
f 1827/2562/1005 1837/2574/1016 1826/2561/1004
f 1828/2563/1006 1838/2575/1017 1827/2562/1005
f 1829/2564/1007 1839/2576/1018 1828/2577/1006
f 752/1294/1008 1840/2578/1019 1829/2564/1007
f 1841/2579/1020 1103/1650/1021 1830/2566/1009
f 1842/2580/1022 1830/2566/1009 1831/2567/1010
f 1843/2581/1023 1831/2582/1010 1832/2569/1011
f 1844/2583/1024 1832/2569/1011 1833/2570/1012
f 1845/2584/1025 1833/2570/1012 1834/2571/1013
f 1846/2585/1026 1834/2571/1013 1836/2573/1015
f 1837/2574/1016 1846/2585/1026 1836/2573/1015
f 1838/2575/1017 1847/2586/1027 1837/2574/1016
f 1839/2587/1018 1848/2588/1028 1838/2575/1017
f 1840/2578/1019 1849/2589/1029 1839/2576/1018
f 751/1293/1030 1850/2590/1031 1840/2578/1019
f 1851/2591/1032 1101/1648/1033 1841/2579/1020
f 1852/2592/1034 1841/2579/1020 1842/2580/1022
f 1853/2593/1035 1842/2580/1022 1843/2594/1023
f 1854/2595/1036 1843/2581/1023 1844/2583/1024
f 1855/2596/1037 1844/2583/1024 1845/2584/1025
f 1856/2597/1038 1845/2584/1025 1846/2585/1026
f 1847/2586/1027 1856/2597/1038 1846/2585/1026
f 1848/2588/1028 1857/2598/1039 1847/2586/1027
f 1849/2589/1029 1858/2599/1040 1848/2600/1028
f 1850/2590/1031 1859/2601/1041 1849/2589/1029
f 749/1291/1042 1860/2602/1043 1850/2590/1031
f 1861/2603/1044 1100/1647/1045 1851/2591/1032
f 1862/2604/1046 1851/2591/1032 1852/2592/1034
f 1863/2605/1047 1852/2592/1034 1853/2593/1035
f 1864/2606/1048 1853/2607/1035 1854/2595/1036
f 1865/2608/1049 1854/2595/1036 1855/2596/1037
f 1866/2609/1050 1855/2596/1037 1856/2597/1038
f 1857/2598/1039 1866/2609/1050 1856/2597/1038
f 1858/2610/1040 1867/2611/1051 1857/2598/1039
f 1859/2601/1041 1868/2612/1052 1858/2599/1040
f 1860/2602/1043 1869/2613/1053 1859/2601/1041
f 748/1290/1054 1870/2614/1055 1860/2602/1043
f 1871/2615/1056 1098/1645/1057 1861/2603/1044
f 1872/2616/1058 1861/2603/1044 1862/2604/1046
f 1873/2617/1059 1862/2604/1046 1863/2605/1047
f 1874/2618/1060 1863/2619/1047 1864/2606/1048
f 1875/2620/1061 1864/2606/1048 1865/2608/1049
f 1876/2621/1062 1865/2608/1049 1866/2609/1050
f 1867/2611/1051 1876/2621/1062 1866/2609/1050
f 1868/2622/1052 1877/2623/1063 1867/2611/1051
f 1869/2613/1053 1878/2624/1064 1868/2612/1052
f 1870/2614/1055 1879/2625/1065 1869/2613/1053
f 746/1288/1066 1880/2626/1067 1870/2614/1055
f 1881/2627/1068 1097/1644/1069 1871/2615/1056
f 1882/2628/1070 1871/2615/1056 1872/2616/1058
f 1883/2629/1071 1872/2616/1058 1873/2617/1059
f 1884/2630/1072 1873/2631/1059 1874/2618/1060
f 1885/2632/1073 1874/2618/1060 1875/2620/1061
f 1886/2633/1074 1875/2620/1061 1876/2621/1062
f 1877/2623/1063 1886/2633/1074 1876/2621/1062
f 1878/2634/1064 1887/2635/1075 1877/2623/1063
f 1879/2625/1065 1888/2636/1076 1878/2624/1064
f 1880/2626/1067 1889/2637/1077 1879/2625/1065
f 745/1287/1078 1890/2638/1079 1880/2626/1067
f 1881/2627/1068 1094/1641/1080 1095/1642/1081
f 1882/2628/1070 1891/2639/1082 1881/2627/1068
f 1883/2629/1071 1892/2640/1083 1882/2628/1070
f 1884/2641/1072 1893/2642/1084 1883/2643/1071
f 1885/2644/1073 1894/2645/1085 1884/2641/1072
f 1895/2646/1086 1885/2644/1073 1886/2647/1074
f 1896/2648/1087 1886/2647/1074 1887/2649/1075
f 1897/2650/1088 1887/2649/1075 1888/2651/1076
f 1898/2652/1089 1888/2636/1076 1889/2637/1077
f 1899/2653/1090 1889/2637/1077 1890/2638/1079
f 742/1284/1091 1890/2638/1079 743/1285/1092
f 1891/2639/1082 1093/1640/1093 1094/1641/1080
f 1892/2640/1083 1900/2654/1094 1891/2639/1082
f 1893/2655/1084 1901/2656/1095 1892/2640/1083
f 1894/2645/1085 1902/2657/1096 1893/2642/1084
f 1903/2658/1097 1904/2659/1098 1894/2645/1085
f 1905/2660/1099 1903/2658/1097 1895/2646/1086
f 1906/2661/1100 1895/2646/1086 1896/2648/1087
f 1907/2662/1101 1896/2648/1087 1897/2650/1088
f 1908/2663/1102 1897/2664/1088 1898/2652/1089
f 1909/2665/1103 1898/2652/1089 1899/2653/1090
f 741/1283/1104 1899/2653/1090 742/1284/1091
f 1900/2654/1094 1092/1639/1105 1093/1640/1093
f 1901/2656/1095 1910/2666/1106 1900/2654/1094
f 1902/2667/1096 1911/2668/1107 1901/2656/1095
f 1904/2659/1098 1912/2669/1108 1902/2657/1096
f 1913/2670/1109 1914/2671/1110 1904/2659/1098
f 1915/2672/1111 1913/2670/1109 1905/2660/1099
f 1916/2673/1112 1905/2660/1099 1906/2661/1100
f 1917/2674/1113 1906/2661/1100 1907/2662/1101
f 1918/2675/1114 1907/2676/1101 1908/2663/1102
f 1919/2677/1115 1908/2663/1102 1909/2665/1103
f 740/1282/1116 1909/2665/1103 741/1283/1104
f 1910/2666/1106 1090/1637/1117 1092/1639/1105
f 1911/2668/1107 1920/2678/1118 1910/2666/1106
f 1912/2679/1108 1921/2680/1119 1911/2668/1107
f 1914/2671/1110 1922/2681/1120 1912/2669/1108
f 1923/2682/1121 1924/2683/1122 1914/2671/1110
f 1925/2684/1123 1923/2682/1121 1915/2672/1111
f 1926/2685/1124 1915/2672/1111 1916/2673/1112
f 1927/2686/1125 1916/2673/1112 1917/2674/1113
f 1928/2687/1126 1917/2688/1113 1918/2675/1114
f 1929/2689/1127 1918/2675/1114 1919/2677/1115
f 738/1280/1128 1919/2677/1115 740/1282/1116
f 1920/2678/1118 1089/1636/1129 1090/1637/1117
f 1921/2680/1119 1930/2690/1130 1920/2678/1118
f 1922/2681/1120 1931/2691/1131 1921/2692/1119
f 1924/2683/1122 1932/2693/1132 1922/2681/1120
f 1933/2694/1133 1934/2695/1134 1924/2683/1122
f 1935/2696/1135 1933/2694/1133 1925/2684/1123
f 1936/2697/1136 1925/2684/1123 1926/2685/1124
f 1937/2698/1137 1926/2685/1124 1927/2686/1125
f 1938/2699/1138 1927/2700/1125 1928/2687/1126
f 1939/2701/1139 1928/2687/1126 1929/2689/1127
f 737/1279/1140 1929/2689/1127 738/1280/1128
f 1930/2690/1130 1086/1633/1141 1089/1636/1129
f 1931/2702/1131 1940/2703/1142 1930/2690/1130
f 1932/2693/1132 1941/2704/1143 1931/2691/1131
f 1934/2695/1134 1942/2705/1144 1932/2693/1132
f 1943/2706/1145 1944/2707/1146 1934/2695/1134
f 1945/2708/1147 1943/2706/1145 1935/2696/1135
f 1946/2709/1148 1935/2696/1135 1936/2697/1136
f 1947/2710/1149 1936/2697/1136 1937/2698/1137
f 1948/2711/1150 1937/2698/1137 1938/2712/1138
f 1949/2713/1151 1938/2699/1138 1939/2701/1139
f 734/1276/1152 1939/2701/1139 737/1279/1140
f 1950/2714/1153 1086/1633/1141 1940/2703/1142
f 1951/2715/1154 1940/2703/1142 1941/2716/1143
f 1952/2717/1155 1941/2704/1143 1942/2705/1144
f 1953/2718/1156 1942/2705/1144 1944/2707/1146
f 1954/2719/1157 1944/2707/1146 1955/2720/1158
f 1956/2721/1159 1955/2720/1158 1945/2708/1147
f 1946/2709/1148 1956/2721/1159 1945/2708/1147
f 1947/2710/1149 1957/2722/1160 1946/2709/1148
f 1948/2711/1150 1958/2723/1161 1947/2710/1149
f 1949/2713/1151 1959/2724/1162 1948/2725/1150
f 734/1276/1152 1960/2726/1163 1949/2713/1151
f 1950/2714/1153 1088/1635/1164 1077/1624/1165
f 1961/2727/1166 1950/2714/1153 1951/2715/1154
f 1962/2728/1167 1951/2715/1154 1952/2729/1155
f 1963/2730/1168 1952/2731/1155 1953/2732/1156
f 1964/2733/1169 1953/2732/1156 1954/2734/1157
f 1965/2735/1170 1954/2734/1157 1956/2736/1159
f 1957/2737/1160 1965/2735/1170 1956/2736/1159
f 1966/2738/1171 1957/2737/1160 1958/2739/1161
f 1959/2724/1162 1966/2740/1171 1958/2741/1161
f 1967/2742/1172 1959/2724/1162 1960/2726/1163
f 736/1278/1173 1960/2726/1163 724/1266/1174
f 1968/2743/1175 1125/1672/855 1088/1635/1164
f 1961/2727/1166 1702/2410/856 1968/2743/1175
f 1962/2728/1167 1704/2412/858 1961/2727/1166
f 1963/2744/1168 1706/2416/860 1962/2745/1167
f 1964/2746/1169 1708/2417/862 1963/2744/1168
f 1712/2421/866 1964/2746/1169 1965/2747/1170
f 1713/2422/867 1965/2747/1170 1969/2748/1176
f 1714/2423/868 1969/2748/1176 1966/2749/1171
f 1716/2425/870 1966/2740/1171 1970/2750/1177
f 1718/2428/872 1970/2750/1177 1967/2742/1172
f 773/1315/874 1967/2742/1172 736/1278/1173
f 1971/2751/1178 1173/1720/855 1972/2752/1179
f 1973/2753/1180 1972/2752/1179 1974/2754/1181
f 1975/2755/1182 1974/2754/1181 1976/2756/1183
f 1977/2757/1184 1976/2758/1183 1978/2759/1185
f 1979/2760/1186 1978/2759/1185 1980/2761/1187
f 1981/2762/1188 1980/2761/1187 1982/2763/1189
f 1983/2764/1190 1981/2762/1188 1982/2763/1189
f 1984/2765/1191 1985/2766/1192 1983/2764/1190
f 1986/2767/1193 1987/2768/1194 1984/2769/1191
f 1988/2770/1195 1989/2771/1196 1986/2767/1193
f 821/1363/874 1990/2772/1197 1988/2770/1195
f 1991/2773/1198 1172/1719/1199 1971/2751/1178
f 1992/2774/1200 1971/2751/1178 1973/2753/1180
f 1993/2775/1201 1973/2753/1180 1975/2755/1182
f 1994/2776/1202 1975/2777/1182 1977/2757/1184
f 1995/2778/1203 1977/2757/1184 1979/2760/1186
f 1981/2762/1188 1995/2778/1203 1979/2760/1186
f 1985/2766/1192 1996/2779/1204 1981/2762/1188
f 1987/2780/1194 1997/2781/1205 1985/2766/1192
f 1989/2771/1196 1998/2782/1206 1987/2768/1194
f 1990/2772/1197 1999/2783/1207 1989/2771/1196
f 820/1362/1208 2000/2784/1209 1990/2772/1197
f 2001/2785/1210 1170/1717/1211 1991/2773/1198
f 2002/2786/1212 1991/2773/1198 1992/2774/1200
f 2003/2787/1213 1992/2774/1200 1993/2775/1201
f 2004/2788/1214 1993/2789/1201 1994/2776/1202
f 2005/2790/1215 1994/2776/1202 1995/2778/1203
f 2006/2791/1216 1995/2778/1203 1996/2779/1204
f 1997/2781/1205 2006/2791/1216 1996/2779/1204
f 1998/2792/1206 2007/2793/1217 1997/2781/1205
f 1999/2783/1207 2008/2794/1218 1998/2782/1206
f 2000/2784/1209 2009/2795/1219 1999/2783/1207
f 818/1360/1220 2010/2796/1221 2000/2784/1209
f 2011/2797/1222 1169/1716/1223 2001/2785/1210
f 2012/2798/1224 2001/2785/1210 2002/2786/1212
f 2013/2799/1225 2002/2786/1212 2003/2787/1213
f 2014/2800/1226 2003/2801/1213 2004/2788/1214
f 2015/2802/1227 2004/2788/1214 2005/2790/1215
f 2016/2803/1228 2005/2790/1215 2006/2791/1216
f 2007/2793/1217 2016/2803/1228 2006/2791/1216
f 2008/2804/1218 2017/2805/1229 2007/2793/1217
f 2009/2795/1219 2018/2806/1230 2008/2794/1218
f 2010/2796/1221 2019/2807/1231 2009/2795/1219
f 817/1359/1232 2020/2808/1233 2010/2796/1221
f 2021/2809/1234 1168/1715/1235 2011/2797/1222
f 2022/2810/1236 2011/2797/1222 2012/2798/1224
f 2023/2811/1237 2012/2798/1224 2013/2799/1225
f 2024/2812/1238 2013/2813/1225 2014/2800/1226
f 2025/2814/1239 2014/2800/1226 2015/2802/1227
f 2026/2815/1240 2015/2802/1227 2016/2803/1228
f 2017/2805/1229 2026/2815/1240 2016/2803/1228
f 2018/2816/1230 2027/2817/1241 2017/2805/1229
f 2019/2807/1231 2028/2818/1242 2018/2806/1230
f 2020/2808/1233 2029/2819/1243 2019/2807/1231
f 816/1358/1244 2030/2820/1245 2020/2808/1233
f 2031/2821/1246 1166/1713/1247 2021/2809/1234
f 2032/2822/1248 2021/2809/1234 2022/2810/1236
f 2033/2823/1249 2022/2810/1236 2023/2811/1237
f 2034/2824/1250 2023/2825/1237 2024/2812/1238
f 2035/2826/1251 2024/2812/1238 2025/2814/1239
f 2036/2827/1252 2025/2814/1239 2026/2815/1240
f 2027/2817/1241 2036/2827/1252 2026/2815/1240
f 2028/2828/1242 2037/2829/1253 2027/2817/1241
f 2029/2819/1243 2038/2830/1254 2028/2818/1242
f 2030/2820/1245 2039/2831/1255 2029/2819/1243
f 814/1356/1256 2040/2832/1257 2030/2820/1245
f 2031/2821/1246 1163/1710/1258 1165/1712/1259
f 2032/2822/1248 2041/2833/1260 2031/2821/1246
f 2033/2823/1249 2042/2834/1261 2032/2822/1248
f 2034/2835/1250 2043/2836/1262 2033/2837/1249
f 2035/2838/1251 2044/2839/1263 2034/2835/1250
f 2045/2840/1264 2035/2838/1251 2036/2841/1252
f 2046/2842/1265 2036/2841/1252 2037/2843/1253
f 2047/2844/1266 2037/2843/1253 2038/2845/1254
f 2048/2846/1267 2038/2830/1254 2039/2831/1255
f 2049/2847/1268 2039/2831/1255 2040/2832/1257
f 811/1353/1269 2040/2832/1257 813/1355/1270
f 2041/2833/1260 1162/1709/1271 1163/1710/1258
f 2042/2834/1261 2050/2848/1272 2041/2833/1260
f 2043/2849/1262 2051/2850/1273 2042/2834/1261
f 2044/2839/1263 2052/2851/1274 2043/2836/1262
f 2053/2852/1275 2054/2853/1276 2044/2839/1263
f 2055/2854/1277 2053/2852/1275 2045/2840/1264
f 2056/2855/1278 2045/2840/1264 2046/2842/1265
f 2057/2856/1279 2046/2842/1265 2047/2844/1266
f 2058/2857/1280 2047/2858/1266 2048/2846/1267
f 2059/2859/1281 2048/2846/1267 2049/2847/1268
f 810/1352/1282 2049/2847/1268 811/1353/1269
f 2050/2848/1272 1160/1707/1283 1162/1709/1271
f 2051/2850/1273 2060/2860/1284 2050/2848/1272
f 2052/2861/1274 2061/2862/1285 2051/2850/1273
f 2054/2853/1276 2062/2863/1286 2052/2851/1274
f 2063/2864/1287 2064/2865/1288 2054/2853/1276
f 2065/2866/1289 2063/2864/1287 2055/2854/1277
f 2066/2867/1290 2055/2854/1277 2056/2855/1278
f 2067/2868/1291 2056/2855/1278 2057/2856/1279
f 2068/2869/1292 2057/2870/1279 2058/2857/1280
f 2069/2871/1293 2058/2857/1280 2059/2859/1281
f 808/1350/1294 2059/2859/1281 810/1352/1282
f 2060/2860/1284 1158/1705/1295 1160/1707/1283
f 2061/2862/1285 2070/2872/1296 2060/2860/1284
f 2062/2873/1286 2071/2874/1297 2061/2862/1285
f 2064/2865/1288 2072/2875/1298 2062/2863/1286
f 2073/2876/1299 2074/2877/1300 2064/2865/1288
f 2075/2878/1301 2073/2876/1299 2065/2866/1289
f 2076/2879/1302 2065/2866/1289 2066/2867/1290
f 2077/2880/1303 2066/2867/1290 2067/2868/1291
f 2078/2881/1304 2067/2882/1291 2068/2869/1292
f 2079/2883/1305 2068/2869/1292 2069/2871/1293
f 806/1348/1306 2069/2871/1293 808/1350/1294
f 2070/2872/1296 1157/1704/1307 1158/1705/1295
f 2071/2874/1297 2080/2884/1308 2070/2872/1296
f 2072/2875/1298 2081/2885/1309 2071/2886/1297
f 2074/2877/1300 2082/2887/1310 2072/2875/1298
f 2083/2888/1311 2084/2889/1312 2074/2877/1300
f 2085/2890/1313 2083/2888/1311 2075/2878/1301
f 2086/2891/1314 2075/2878/1301 2076/2879/1302
f 2087/2892/1315 2076/2879/1302 2077/2880/1303
f 2088/2893/1316 2077/2880/1303 2078/2894/1304
f 2089/2895/1317 2078/2881/1304 2079/2883/1305
f 805/1347/1318 2079/2883/1305 806/1348/1306
f 2090/2896/1319 1157/1704/1307 2080/2884/1308
f 2091/2897/1320 2080/2884/1308 2081/2898/1309
f 2092/2899/1321 2081/2885/1309 2082/2887/1310
f 2093/2900/1322 2082/2887/1310 2084/2889/1312
f 2094/2901/1323 2084/2889/1312 2095/2902/1324
f 2096/2903/1325 2095/2902/1324 2085/2890/1313
f 2086/2891/1314 2096/2903/1325 2085/2890/1313
f 2087/2892/1315 2097/2904/1326 2086/2891/1314
f 2088/2893/1316 2098/2905/1327 2087/2892/1315
f 2089/2895/1317 2099/2906/1328 2088/2907/1316
f 805/1347/1318 2100/2908/1329 2089/2895/1317
f 2101/2909/1330 1155/1702/1331 2090/2896/1319
f 2102/2910/1332 2090/2896/1319 2091/2897/1320
f 2103/2911/1333 2091/2912/1320 2092/2899/1321
f 2104/2913/1334 2092/2899/1321 2093/2900/1322
f 2105/2914/1335 2093/2900/1322 2094/2901/1323
f 2106/2915/1336 2094/2901/1323 2096/2903/1325
f 2097/2904/1326 2106/2915/1336 2096/2903/1325
f 2098/2905/1327 2107/2916/1337 2097/2904/1326
f 2099/2917/1328 2108/2918/1338 2098/2905/1327
f 2100/2908/1329 2109/2919/1339 2099/2906/1328
f 803/1345/1340 2110/2920/1341 2100/2908/1329
f 2111/2921/1342 1154/1701/1343 2101/2909/1330
f 2112/2922/1344 2101/2909/1330 2102/2910/1332
f 2113/2923/1345 2102/2910/1332 2103/2924/1333
f 2114/2925/1346 2103/2911/1333 2104/2913/1334
f 2115/2926/1347 2104/2913/1334 2105/2914/1335
f 2116/2927/1348 2105/2914/1335 2106/2915/1336
f 2107/2916/1337 2116/2927/1348 2106/2915/1336
f 2108/2918/1338 2117/2928/1349 2107/2916/1337
f 2109/2919/1339 2118/2929/1350 2108/2930/1338
f 2110/2920/1341 2119/2931/1351 2109/2919/1339
f 802/1344/1352 2120/2932/1353 2110/2920/1341
f 2121/2933/1354 1152/1699/1355 2111/2921/1342
f 2122/2934/1356 2111/2921/1342 2112/2922/1344
f 2123/2935/1357 2112/2922/1344 2113/2923/1345
f 2124/2936/1358 2113/2937/1345 2114/2925/1346
f 2125/2938/1359 2114/2925/1346 2115/2926/1347
f 2126/2939/1360 2115/2926/1347 2116/2927/1348
f 2117/2928/1349 2126/2939/1360 2116/2927/1348
f 2118/2940/1350 2127/2941/1361 2117/2928/1349
f 2119/2931/1351 2128/2942/1362 2118/2929/1350
f 2120/2932/1353 2129/2943/1363 2119/2931/1351
f 800/1342/1364 2130/2944/1365 2120/2932/1353
f 2131/2945/1366 1150/1697/1367 2121/2933/1354
f 2132/2946/1368 2121/2933/1354 2122/2934/1356
f 2133/2947/1369 2122/2934/1356 2123/2935/1357
f 2134/2948/1370 2123/2949/1357 2124/2936/1358
f 2135/2950/1371 2124/2936/1358 2125/2938/1359
f 2136/2951/1372 2125/2938/1359 2126/2939/1360
f 2127/2941/1361 2136/2951/1372 2126/2939/1360
f 2128/2952/1362 2137/2953/1373 2127/2941/1361
f 2129/2943/1363 2138/2954/1374 2128/2942/1362
f 2130/2944/1365 2139/2955/1375 2129/2943/1363
f 798/1340/1376 2140/2956/1377 2130/2944/1365
f 2131/2945/1366 1147/1694/1378 1149/1696/1379
f 2132/2946/1368 2141/2957/1380 2131/2945/1366
f 2133/2947/1369 2142/2958/1381 2132/2946/1368
f 2134/2948/1370 2143/2959/1382 2133/2960/1369
f 2135/2950/1371 2144/2961/1383 2134/2948/1370
f 2145/2962/1384 2135/2950/1371 2136/2951/1372
f 2146/2963/1385 2136/2951/1372 2137/2953/1373
f 2147/2964/1386 2137/2953/1373 2138/2965/1374
f 2148/2966/1387 2138/2954/1374 2139/2955/1375
f 2149/2967/1388 2139/2955/1375 2140/2956/1377
f 795/1337/1389 2140/2956/1377 797/1339/1390
f 2141/2957/1380 1146/1693/1391 1147/1694/1378
f 2142/2958/1381 2150/2968/1392 2141/2957/1380
f 2143/2969/1382 2151/2970/1393 2142/2958/1381
f 2144/2971/1383 2152/2972/1394 2143/2973/1382
f 2153/2974/1395 2154/2975/1396 2144/2971/1383
f 2155/2976/1397 2153/2974/1395 2145/2977/1384
f 2156/2978/1398 2145/2977/1384 2146/2979/1385
f 2157/2980/1399 2146/2979/1385 2147/2981/1386
f 2158/2982/1400 2147/2983/1386 2148/2966/1387
f 2159/2984/1401 2148/2966/1387 2149/2967/1388
f 794/1336/1402 2149/2967/1388 795/1337/1389
f 2150/2968/1392 1144/1691/1403 1146/1693/1391
f 2151/2970/1393 2160/2985/1404 2150/2968/1392
f 2152/2986/1394 2161/2987/1405 2151/2970/1393
f 2154/2975/1396 2162/2988/1406 2152/2972/1394
f 2163/2989/1407 2164/2990/1408 2154/2975/1396
f 2165/2991/1409 2163/2989/1407 2155/2976/1397
f 2166/2992/1410 2155/2976/1397 2156/2978/1398
f 2167/2993/1411 2156/2978/1398 2157/2980/1399
f 2168/2994/1412 2157/2995/1399 2158/2982/1400
f 2169/2996/1413 2158/2982/1400 2159/2984/1401
f 792/1334/1414 2159/2984/1401 794/1336/1402
f 2160/2985/1404 1143/1690/1415 1144/1691/1403
f 2161/2987/1405 2170/2997/1416 2160/2985/1404
f 2162/2998/1406 2171/2999/1417 2161/2987/1405
f 2164/2990/1408 2172/3000/1418 2162/2988/1406
f 2173/3001/1419 2174/3002/1420 2164/2990/1408
f 2175/3003/1421 2173/3001/1419 2165/2991/1409
f 2176/3004/1422 2165/2991/1409 2166/2992/1410
f 2177/3005/1423 2166/2992/1410 2167/2993/1411
f 2178/3006/1424 2167/3007/1411 2168/2994/1412
f 2179/3008/1425 2168/2994/1412 2169/2996/1413
f 791/1333/1426 2169/2996/1413 792/1334/1414
f 2170/2997/1416 1141/1688/1427 1143/1690/1415
f 2171/2999/1417 2180/3009/1428 2170/2997/1416
f 2172/3010/1418 2181/3011/1429 2171/2999/1417
f 2174/3002/1420 2182/3012/1430 2172/3000/1418
f 2183/3013/1431 2184/3014/1432 2174/3002/1420
f 2185/3015/1433 2183/3013/1431 2175/3003/1421
f 2186/3016/1434 2175/3003/1421 2176/3004/1422
f 2187/3017/1435 2176/3004/1422 2177/3005/1423
f 2188/3018/1436 2177/3019/1423 2178/3006/1424
f 2189/3020/1437 2178/3006/1424 2179/3008/1425
f 789/1331/1438 2179/3008/1425 791/1333/1426
f 2180/3009/1428 1140/1687/1439 1141/1688/1427
f 2181/3011/1429 2190/3021/1440 2180/3009/1428
f 2182/3022/1430 2191/3023/1441 2181/3011/1429
f 2184/3014/1432 2192/3024/1442 2182/3012/1430
f 2193/3025/1443 2194/3026/1444 2184/3014/1432
f 2195/3027/1445 2193/3025/1443 2185/3015/1433
f 2196/3028/1446 2185/3015/1433 2186/3016/1434
f 2197/3029/1447 2186/3016/1434 2187/3017/1435
f 2198/3030/1448 2187/3031/1435 2188/3018/1436
f 2199/3032/1449 2188/3018/1436 2189/3020/1437
f 788/1330/1450 2189/3020/1437 789/1331/1438
f 2190/3021/1440 1139/1686/1451 1140/1687/1439
f 2191/3023/1441 2200/3033/1452 2190/3021/1440
f 2192/3024/1442 2201/3034/1453 2191/3035/1441
f 2194/3026/1444 2202/3036/1454 2192/3024/1442
f 2203/3037/1455 2204/3038/1456 2194/3026/1444
f 2205/3039/1457 2203/3037/1455 2195/3027/1445
f 2206/3040/1458 2195/3027/1445 2196/3028/1446
f 2207/3041/1459 2196/3028/1446 2197/3029/1447
f 2208/3042/1460 2197/3029/1447 2198/3043/1448
f 2209/3044/1461 2198/3030/1448 2199/3032/1449
f 787/1329/1462 2199/3032/1449 788/1330/1450
f 2200/3033/1452 1136/1683/1141 1139/1686/1451
f 2201/3045/1453 2210/3046/1142 2200/3033/1452
f 2202/3036/1454 2211/3047/1463 2201/3034/1453
f 2204/3038/1456 2212/3048/1464 2202/3036/1454
f 2213/3049/1465 2214/3050/1466 2204/3038/1456
f 2215/3051/1467 2213/3049/1465 2205/3039/1457
f 2216/3052/1468 2205/3039/1457 2206/3040/1458
f 2217/3053/1469 2206/3040/1458 2207/3041/1459
f 2218/3054/1470 2207/3041/1459 2208/3042/1460
f 2219/3055/1151 2208/3056/1460 2209/3044/1461
f 784/1326/1152 2209/3044/1461 787/1329/1462
f 2220/3057/1153 1136/1683/1141 2210/3046/1142
f 2221/3058/1154 2210/3046/1142 2211/3059/1463
f 2222/3060/1155 2211/3047/1463 2212/3048/1464
f 2223/3061/1156 2212/3048/1464 2214/3050/1466
f 2224/3062/1157 2214/3050/1466 2225/3063/1471
f 2226/3064/1159 2225/3063/1471 2215/3051/1467
f 2216/3052/1468 2226/3064/1159 2215/3051/1467
f 2217/3053/1469 2227/3065/1160 2216/3052/1468
f 2218/3054/1470 2228/3066/1161 2217/3053/1469
f 2219/3055/1151 2229/3067/1162 2218/3068/1470
f 784/1326/1152 2230/3069/1163 2219/3055/1151
f 2231/3070/1175 1126/1673/1165 2220/3057/1153
f 2232/3071/1166 2220/3057/1153 2221/3058/1154
f 2233/3072/1167 2221/3058/1154 2222/3073/1155
f 2223/3074/1156 2233/3075/1167 2222/3076/1155
f 2234/3077/1169 2223/3074/1156 2224/3078/1157
f 2235/3079/1170 2224/3078/1157 2226/3080/1159
f 2227/3081/1160 2235/3079/1170 2226/3080/1159
f 2236/3082/1171 2227/3081/1160 2228/3083/1161
f 2237/3084/1177 2228/3085/1161 2229/3067/1162
f 2238/3086/1172 2229/3067/1162 2230/3069/1163
f 786/1328/1173 2230/3069/1163 774/1316/1174
f 2231/3070/1175 1173/1720/855 1138/1685/1164
f 2232/3071/1166 1972/2752/1179 2231/3070/1175
f 2233/3072/1167 1974/2754/1181 2232/3071/1166
f 2239/3087/1168 1976/2758/1183 2233/3088/1167
f 2234/3089/1169 1978/2759/1185 2239/3087/1168
f 1982/2763/1189 2234/3089/1169 2235/3090/1170
f 1983/2764/1190 2235/3090/1170 2240/3091/1176
f 1984/2765/1191 2240/3091/1176 2236/3092/1171
f 1986/2767/1193 2236/3093/1171 2237/3084/1177
f 1988/2770/1195 2237/3084/1177 2238/3086/1172
f 821/1363/874 2238/3086/1172 786/1328/1173
f 2241/3094/1472 987/1533/1473 986/1532/1474
f 2242/3095/1475 2243/3096/1476 2241/3094/1472
f 2244/3097/1477 2245/3098/1478 2242/3095/1475
f 2246/3099/1479 2247/3100/1480 2244/3101/1477
f 2248/3102/1481 2249/3103/1482 2246/3099/1479
f 2250/3104/1483 2248/3102/1481 2251/3105/1484
f 2252/3106/1485 2251/3105/1484 2253/3107/1486
f 2254/3108/1487 2253/3107/1486 2255/3109/1488
f 2256/3110/1489 2255/3111/1488 2257/3112/1490
f 2258/3113/1491 2257/3112/1490 2259/3114/1492
f 635/1176/1493 2259/3114/1492 634/1175/1494
f 2243/3096/1476 988/1534/1495 987/1533/1473
f 2245/3098/1478 2260/3115/1496 2243/3096/1476
f 2247/3116/1480 2261/3117/1497 2245/3098/1478
f 2249/3103/1482 2262/3118/1498 2247/3100/1480
f 2263/3119/1499 2264/3120/1500 2249/3103/1482
f 2265/3121/1501 2263/3119/1499 2250/3104/1483
f 2266/3122/1502 2250/3104/1483 2252/3106/1485
f 2267/3123/1503 2252/3106/1485 2254/3108/1487
f 2268/3124/1504 2254/3125/1487 2256/3110/1489
f 2269/3126/1505 2256/3110/1489 2258/3113/1491
f 636/1177/1506 2258/3113/1491 635/1176/1493
f 2260/3115/1496 989/1535/1507 988/1534/1495
f 2261/3117/1497 2270/3127/1508 2260/3115/1496
f 2262/3128/1498 2271/3129/1509 2261/3117/1497
f 2264/3120/1500 2272/3130/1510 2262/3118/1498
f 2273/3131/1511 2274/3132/1512 2264/3120/1500
f 2275/3133/1513 2273/3131/1511 2265/3121/1501
f 2276/3134/1514 2265/3121/1501 2266/3122/1502
f 2277/3135/1515 2266/3122/1502 2267/3123/1503
f 2278/3136/1516 2267/3137/1503 2268/3124/1504
f 2279/3138/1517 2268/3124/1504 2269/3126/1505
f 637/1178/1518 2269/3126/1505 636/1177/1506
f 2270/3127/1508 990/1536/1519 989/1535/1507
f 2271/3129/1509 2280/3139/1520 2270/3127/1508
f 2272/3140/1510 2281/3141/1521 2271/3129/1509
f 2274/3132/1512 2282/3142/1522 2272/3130/1510
f 2283/3143/1523 2284/3144/1524 2274/3132/1512
f 2285/3145/1525 2283/3143/1523 2275/3133/1513
f 2286/3146/1526 2275/3133/1513 2276/3134/1514
f 2287/3147/1527 2276/3134/1514 2277/3135/1515
f 2288/3148/1528 2277/3149/1515 2278/3136/1516
f 2289/3150/1529 2278/3136/1516 2279/3138/1517
f 638/1179/1530 2279/3138/1517 637/1178/1518
f 2280/3139/1520 991/1537/589 990/1536/1519
f 2281/3141/1521 2290/3151/1531 2280/3139/1520
f 2282/3152/1522 2291/3153/1532 2281/3141/1521
f 2284/3144/1524 2292/3154/1533 2282/3142/1522
f 2293/3155/1534 2294/3156/1535 2284/3144/1524
f 2295/3157/1536 2293/3155/1534 2285/3145/1525
f 2296/3158/1537 2285/3145/1525 2286/3146/1526
f 2297/3159/1538 2286/3146/1526 2287/3147/1527
f 2298/3160/1539 2287/3161/1527 2288/3148/1528
f 2299/3162/1540 2288/3148/1528 2289/3150/1529
f 639/1180/600 2289/3150/1529 638/1179/1530
f 2290/3151/1531 992/1538/1541 991/1537/589
f 2291/3153/1532 2300/3163/1542 2290/3151/1531
f 2292/3164/1533 2301/3165/1543 2291/3153/1532
f 2294/3156/1535 2302/3166/1544 2292/3154/1533
f 2303/3167/1545 2304/3168/1546 2294/3156/1535
f 2305/3169/1547 2303/3167/1545 2295/3157/1536
f 2306/3170/1548 2295/3157/1536 2296/3158/1537
f 2307/3171/1549 2296/3158/1537 2297/3159/1538
f 2308/3172/1550 2297/3173/1538 2298/3160/1539
f 2309/3174/1551 2298/3160/1539 2299/3162/1540
f 640/1181/1552 2299/3162/1540 639/1180/600
f 2300/3163/1542 994/1540/1553 992/1538/1541
f 2301/3165/1543 2310/3175/1554 2300/3163/1542
f 2302/3176/1544 2311/3177/1555 2301/3165/1543
f 2304/3178/1546 2312/3179/1556 2302/3180/1544
f 2313/3181/1557 2314/3182/1558 2304/3178/1546
f 2315/3183/1559 2313/3181/1557 2305/3184/1547
f 2316/3185/1560 2305/3184/1547 2306/3186/1548
f 2317/3187/1561 2306/3186/1548 2307/3188/1549
f 2318/3189/1562 2307/3190/1549 2308/3172/1550
f 2319/3191/1563 2308/3172/1550 2309/3174/1551
f 642/1183/1564 2309/3174/1551 640/1181/1552
f 2320/3192/1565 994/1540/1553 2310/3175/1554
f 2321/3193/1566 2310/3175/1554 2311/3177/1555
f 2322/3194/1567 2311/3177/1555 2312/3195/1556
f 2323/3196/1568 2312/3179/1556 2314/3182/1558
f 2324/3197/1569 2314/3182/1558 2325/3198/1570
f 2326/3199/1571 2325/3198/1570 2315/3183/1559
f 2316/3185/1560 2326/3199/1571 2315/3183/1559
f 2317/3187/1561 2327/3200/1572 2316/3185/1560
f 2318/3189/1562 2328/3201/1573 2317/3202/1561
f 2319/3191/1563 2329/3203/1574 2318/3189/1562
f 642/1183/1564 2330/3204/1575 2319/3191/1563
f 2331/3205/1576 999/1545/1577 2320/3192/1565
f 2332/3206/1578 2320/3192/1565 2321/3193/1566
f 2333/3207/1579 2321/3193/1566 2322/3194/1567
f 2334/3208/1580 2322/3209/1567 2323/3196/1568
f 2335/3210/1581 2323/3196/1568 2324/3197/1569
f 2336/3211/1582 2324/3197/1569 2326/3199/1571
f 2327/3200/1572 2336/3211/1582 2326/3199/1571
f 2328/3212/1573 2337/3213/1583 2327/3200/1572
f 2329/3203/1574 2338/3214/1584 2328/3201/1573
f 2330/3204/1575 2339/3215/1585 2329/3203/1574
f 647/1188/1586 2340/3216/1587 2330/3204/1575
f 2341/3217/1588 1003/1549/1589 2331/3205/1576
f 2342/3218/1590 2331/3205/1576 2332/3206/1578
f 2343/3219/1591 2332/3206/1578 2333/3207/1579
f 2344/3220/1592 2333/3221/1579 2334/3208/1580
f 2345/3222/1593 2334/3208/1580 2335/3210/1581
f 2346/3223/1594 2335/3210/1581 2336/3211/1582
f 2337/3213/1583 2346/3223/1594 2336/3211/1582
f 2338/3224/1584 2347/3225/1595 2337/3213/1583
f 2339/3215/1585 2348/3226/1596 2338/3214/1584
f 2340/3216/1587 2349/3227/1597 2339/3215/1585
f 651/1192/1598 2350/3228/1599 2340/3216/1587
f 2351/3229/372 1007/1553/1600 2341/3217/1588
f 2352/3230/1601 2341/3217/1588 2342/3218/1590
f 2353/3231/1602 2342/3218/1590 2343/3219/1591
f 2354/3232/1603 2343/3233/1591 2344/3220/1592
f 2355/3234/1604 2344/3220/1592 2345/3222/1593
f 2356/3235/1605 2345/3222/1593 2346/3223/1594
f 2347/3225/1595 2356/3235/1605 2346/3223/1594
f 2348/3236/1596 2357/3237/1606 2347/3225/1595
f 2349/3227/1597 2358/3238/1607 2348/3226/1596
f 2350/3228/1599 2359/3239/1608 2349/3227/1597
f 655/1196/1609 2360/3240/383 2350/3228/1599
f 2361/3241/1610 1010/1556/1611 2351/3229/372
f 2362/3242/1612 2351/3229/372 2352/3230/1601
f 2363/3243/1613 2352/3230/1601 2353/3231/1602
f 2364/3244/1614 2353/3245/1602 2354/3232/1603
f 2365/3246/1615 2354/3232/1603 2355/3234/1604
f 2366/3247/1616 2355/3234/1604 2356/3235/1605
f 2357/3237/1606 2366/3247/1616 2356/3235/1605
f 2358/3248/1607 2367/3249/1617 2357/3237/1606
f 2359/3239/1608 2368/3250/1618 2358/3238/1607
f 2360/3240/383 2369/3251/1619 2359/3239/1608
f 658/1199/1620 2370/3252/1621 2360/3240/383
f 2361/3241/1610 1015/1561/1622 1013/1559/1623
f 2362/3242/1612 2371/3253/1624 2361/3241/1610
f 2363/3243/1613 2372/3254/1625 2362/3242/1612
f 2364/3244/1614 2373/3255/1626 2363/3256/1613
f 2365/3246/1615 2374/3257/1627 2364/3244/1614
f 2375/3258/1628 2365/3246/1615 2366/3247/1616
f 2376/3259/1629 2366/3247/1616 2367/3249/1617
f 2377/3260/1630 2367/3249/1617 2368/3261/1618
f 2378/3262/1631 2368/3250/1618 2369/3251/1619
f 2379/3263/1632 2369/3251/1619 2370/3252/1621
f 663/1204/1633 2370/3252/1621 661/1202/1634
f 2371/3253/1624 1018/1564/1635 1015/1561/1622
f 2372/3254/1625 2380/3264/1636 2371/3253/1624
f 2373/3265/1626 2381/3266/1637 2372/3254/1625
f 2374/3257/1627 2382/3267/1638 2373/3255/1626
f 2383/3268/1639 2384/3269/1640 2374/3257/1627
f 2385/3270/1641 2383/3268/1639 2375/3258/1628
f 2386/3271/1642 2375/3258/1628 2376/3259/1629
f 2387/3272/1643 2376/3259/1629 2377/3260/1630
f 2388/3273/1644 2377/3274/1630 2378/3262/1631
f 2389/3275/1645 2378/3262/1631 2379/3263/1632
f 666/1207/1646 2379/3263/1632 663/1204/1633
f 2380/3264/1636 1020/1566/421 1018/1564/1635
f 2381/3266/1637 2390/3276/1647 2380/3264/1636
f 2382/3277/1638 2391/3278/1648 2381/3266/1637
f 2384/3269/1640 2392/3279/1649 2382/3267/1638
f 2393/3280/1650 2394/3281/426 2384/3269/1640
f 2395/3282/1651 2393/3280/1650 2385/3270/1641
f 2396/3283/428 2385/3270/1641 2386/3271/1642
f 2397/3284/1652 2386/3271/1642 2387/3272/1643
f 2398/3285/1653 2387/3286/1643 2388/3273/1644
f 2399/3287/1654 2388/3273/1644 2389/3275/1645
f 668/1209/432 2389/3275/1645 666/1207/1646
f 2390/3276/1647 1022/1568/1655 1020/1566/421
f 2391/3278/1648 2400/3288/1656 2390/3276/1647
f 2392/3289/1649 2401/3290/1657 2391/3278/1648
f 2394/3281/426 2402/3291/1658 2392/3279/1649
f 2403/3292/1659 2404/3293/1660 2394/3281/426
f 2405/3294/1661 2403/3292/1659 2395/3282/1651
f 2406/3295/1662 2395/3282/1651 2396/3283/428
f 2407/3296/1663 2396/3283/428 2397/3284/1652
f 2408/3297/1664 2397/3298/1652 2398/3285/1653
f 2409/3299/1665 2398/3285/1653 2399/3287/1654
f 670/1211/1666 2399/3287/1654 668/1209/432
f 2400/3288/1656 1025/1571/1667 1022/1568/1655
f 2401/3290/1657 2410/3300/1668 2400/3288/1656
f 2402/3301/1658 2411/3302/1669 2401/3290/1657
f 2404/3293/1660 2412/3303/1670 2402/3291/1658
f 2413/3304/1671 2404/3293/1660 2414/3305/1672
f 2415/3306/1673 2414/3305/1672 2405/3294/1661
f 2406/3295/1662 2415/3306/1673 2405/3294/1661
f 2416/3307/1674 2406/3295/1662 2407/3296/1663
f 2417/3308/1675 2407/3309/1663 2408/3297/1664
f 2418/3310/1676 2408/3297/1664 2409/3299/1665
f 673/1214/1677 2409/3299/1665 670/1211/1666
f 2419/3311/1678 1025/1571/1667 2410/3300/1668
f 2420/3312/1679 2410/3300/1668 2411/3302/1669
f 2421/3313/1680 2411/3302/1669 2412/3314/1670
f 2422/3315/1681 2412/3303/1670 2423/3316/1682
f 2424/3317/1683 2423/3316/1682 2413/3304/1671
f 2425/3318/1684 2413/3304/1671 2415/3306/1673
f 2426/3319/1685 2425/3318/1684 2415/3306/1673
f 2416/3307/1674 2427/3320/1686 2426/3319/1685
f 2417/3308/1675 2428/3321/1687 2416/3322/1674
f 2418/3310/1676 2429/3323/1688 2417/3308/1675
f 673/1214/1677 2430/3324/1689 2418/3310/1676
f 2431/3325/1690 1028/1574/1691 2419/3311/1678
f 2432/3326/1692 2419/3311/1678 2420/3312/1679
f 2433/3327/1693 2420/3312/1679 2421/3313/1680
f 2434/3328/1694 2421/3329/1680 2422/3315/1681
f 2435/3330/1695 2422/3315/1681 2424/3317/1683
f 2436/3331/1696 2424/3317/1683 2425/3318/1684
f 2427/3320/1686 2436/3331/1696 2425/3318/1684
f 2428/3332/1687 2437/3333/1697 2427/3320/1686
f 2429/3323/1688 2438/3334/1698 2428/3321/1687
f 2430/3324/1689 2439/3335/1699 2429/3323/1688
f 676/1217/1700 2440/3336/1701 2430/3324/1689
f 2441/3337/1702 1032/1578/745 2431/3325/1690
f 2442/3338/1703 2431/3325/1690 2432/3326/1692
f 2443/3339/1704 2432/3326/1692 2433/3327/1693
f 2444/3340/1705 2433/3341/1693 2434/3342/1694
f 2445/3343/1706 2434/3342/1694 2435/3344/1695
f 2446/3345/1707 2435/3344/1695 2436/3346/1696
f 2437/3347/1697 2446/3345/1707 2436/3346/1696
f 2438/3348/1698 2447/3349/1708 2437/3347/1697
f 2439/3335/1699 2448/3350/1709 2438/3334/1698
f 2440/3336/1701 2449/3351/1710 2439/3335/1699
f 680/1221/756 2450/3352/1711 2440/3336/1701
f 2451/3353/1712 1033/1579/1713 2441/3337/1702
f 2452/3354/1714 2441/3337/1702 2442/3338/1703
f 2453/3355/1715 2442/3338/1703 2443/3339/1704
f 2454/3356/1716 2443/3357/1704 2444/3340/1705
f 2455/3358/1717 2444/3340/1705 2445/3343/1706
f 2456/3359/1718 2445/3343/1706 2446/3345/1707
f 2447/3349/1708 2456/3359/1718 2446/3345/1707
f 2448/3360/1709 2457/3361/1719 2447/3349/1708
f 2449/3351/1710 2458/3362/1720 2448/3350/1709
f 2450/3352/1711 2459/3363/1721 2449/3351/1710
f 681/1222/1722 2460/3364/1723 2450/3352/1711
f 2461/3365/1724 1034/1580/1725 2451/3353/1712
f 2462/3366/1726 2451/3353/1712 2452/3354/1714
f 2463/3367/1727 2452/3354/1714 2453/3355/1715
f 2464/3368/1728 2453/3369/1715 2454/3356/1716
f 2465/3370/1729 2454/3356/1716 2455/3358/1717
f 2466/3371/1730 2455/3358/1717 2456/3359/1718
f 2457/3361/1719 2466/3371/1730 2456/3359/1718
f 2458/3372/1720 2467/3373/1731 2457/3361/1719
f 2459/3363/1721 2468/3374/1732 2458/3362/1720
f 2460/3364/1723 2469/3375/1733 2459/3363/1721
f 682/1223/1734 2470/3376/1735 2460/3364/1723
f 2471/3377/1736 1035/1581/1737 2461/3365/1724
f 2472/3378/1738 2461/3365/1724 2462/3366/1726
f 2473/3379/1739 2462/3366/1726 2463/3367/1727
f 2474/3380/1740 2463/3381/1727 2464/3368/1728
f 2475/3382/1741 2464/3368/1728 2465/3370/1729
f 2476/3383/1742 2465/3370/1729 2466/3371/1730
f 2467/3373/1731 2476/3383/1742 2466/3371/1730
f 2468/3384/1732 2477/3385/1743 2467/3373/1731
f 2469/3375/1733 2478/3386/1744 2468/3374/1732
f 2470/3376/1735 2479/3387/1745 2469/3375/1733
f 683/1224/1746 2480/3388/1747 2470/3376/1735
f 2471/3377/1736 1037/1583/1748 1036/1582/1749
f 2472/3378/1738 2481/3389/1750 2471/3377/1736
f 2473/3379/1739 2482/3390/1751 2472/3378/1738
f 2474/3391/1740 2483/3392/1752 2473/3393/1739
f 2475/3394/1741 2484/3395/1753 2474/3391/1740
f 2485/3396/1754 2475/3394/1741 2476/3397/1742
f 2486/3398/1755 2476/3397/1742 2477/3399/1743
f 2487/3400/1756 2477/3399/1743 2478/3401/1744
f 2488/3402/1757 2478/3386/1744 2479/3387/1745
f 2489/3403/1758 2479/3387/1745 2480/3388/1747
f 685/1226/1759 2480/3388/1747 684/1225/1760
f 2490/3404/1761 1037/1583/1748 2481/3389/1750
f 2491/3405/1762 2481/3389/1750 2482/3390/1751
f 2492/3406/1763 2482/3390/1751 2483/3407/1752
f 2493/3408/1764 2483/3392/1752 2484/3395/1753
f 2494/3409/1765 2484/3395/1753 2495/3410/1766
f 2496/3411/1767 2495/3410/1766 2485/3396/1754
f 2486/3398/1755 2496/3411/1767 2485/3396/1754
f 2487/3400/1756 2497/3412/1768 2486/3398/1755
f 2488/3402/1757 2498/3413/1769 2487/3414/1756
f 2489/3403/1758 2499/3415/1770 2488/3402/1757
f 685/1226/1759 2500/3416/1771 2489/3403/1758
f 2501/3417/1772 1038/1584/1773 2490/3404/1761
f 2502/3418/1774 2490/3404/1761 2491/3405/1762
f 2503/3419/1775 2491/3405/1762 2492/3406/1763
f 2504/3420/1776 2492/3421/1763 2493/3408/1764
f 2505/3422/1777 2493/3408/1764 2494/3409/1765
f 2506/3423/1778 2494/3409/1765 2496/3411/1767
f 2497/3412/1768 2506/3423/1778 2496/3411/1767
f 2498/3424/1769 2507/3425/1779 2497/3412/1768
f 2499/3415/1770 2508/3426/1780 2498/3413/1769
f 2500/3416/1771 2509/3427/1781 2499/3415/1770
f 686/1227/1782 2510/3428/1783 2500/3416/1771
f 2511/3429/1784 1041/1587/1785 2501/3417/1772
f 2512/3430/1786 2501/3417/1772 2502/3418/1774
f 2513/3431/1787 2502/3418/1774 2503/3419/1775
f 2514/3432/1788 2503/3433/1775 2504/3420/1776
f 2515/3434/1789 2504/3420/1776 2505/3422/1777
f 2516/3435/1790 2505/3422/1777 2506/3423/1778
f 2507/3425/1779 2516/3435/1790 2506/3423/1778
f 2508/3436/1780 2517/3437/1791 2507/3425/1779
f 2509/3427/1781 2518/3438/1792 2508/3426/1780
f 2510/3428/1783 2519/3439/1793 2509/3427/1781
f 689/1230/1794 2520/3440/1795 2510/3428/1783
f 2521/3441/1796 1046/1592/1797 2511/3429/1784
f 2522/3442/1798 2511/3429/1784 2512/3430/1786
f 2523/3443/1799 2512/3430/1786 2513/3431/1787
f 2524/3444/1800 2513/3445/1787 2514/3446/1788
f 2525/3447/1801 2514/3446/1788 2515/3448/1789
f 2526/3449/1802 2515/3448/1789 2516/3450/1790
f 2517/3451/1791 2526/3449/1802 2516/3450/1790
f 2518/3452/1792 2527/3453/1803 2517/3451/1791
f 2519/3439/1793 2528/3454/1804 2518/3438/1792
f 2520/3440/1795 2529/3455/1805 2519/3439/1793
f 694/1235/1806 2530/3456/1807 2520/3440/1795
f 2531/3457/1808 1049/1595/1809 2521/3441/1796
f 2532/3458/1810 2521/3441/1796 2522/3442/1798
f 2533/3459/1811 2522/3442/1798 2523/3443/1799
f 2534/3460/1812 2523/3461/1799 2524/3444/1800
f 2535/3462/1813 2524/3444/1800 2525/3447/1801
f 2536/3463/1814 2525/3447/1801 2526/3449/1802
f 2527/3453/1803 2536/3463/1814 2526/3449/1802
f 2528/3464/1804 2537/3465/1815 2527/3453/1803
f 2529/3455/1805 2538/3466/1816 2528/3454/1804
f 2530/3456/1807 2539/3467/1817 2529/3455/1805
f 697/1238/1818 2540/3468/1819 2530/3456/1807
f 2541/3469/1820 1051/1597/1821 2531/3457/1808
f 2542/3470/1822 2531/3457/1808 2532/3458/1810
f 2543/3471/1823 2532/3458/1810 2533/3459/1811
f 2544/3472/1824 2533/3473/1811 2534/3460/1812
f 2545/3474/1825 2534/3460/1812 2535/3462/1813
f 2546/3475/1826 2535/3462/1813 2536/3463/1814
f 2537/3465/1815 2546/3475/1826 2536/3463/1814
f 2538/3476/1816 2547/3477/1827 2537/3465/1815
f 2539/3467/1817 2548/3478/1828 2538/3466/1816
f 2540/3468/1819 2549/3479/1829 2539/3467/1817
f 699/1240/1830 2550/3480/1831 2540/3468/1819
f 2551/3481/1832 1053/1599/1833 2541/3469/1820
f 2552/3482/1834 2541/3469/1820 2542/3470/1822
f 2553/3483/1835 2542/3470/1822 2543/3471/1823
f 2554/3484/1836 2543/3485/1823 2544/3472/1824
f 2555/3486/1837 2544/3472/1824 2545/3474/1825
f 2556/3487/1838 2545/3474/1825 2546/3475/1826
f 2547/3477/1827 2556/3487/1838 2546/3475/1826
f 2548/3488/1828 2557/3489/1839 2547/3477/1827
f 2549/3479/1829 2558/3490/1840 2548/3478/1828
f 2550/3480/1831 2559/3491/1841 2549/3479/1829
f 701/1242/1842 2560/3492/1843 2550/3480/1831
f 2561/3493/1844 1055/1601/1845 2551/3481/1832
f 2562/3494/1846 2551/3481/1832 2552/3482/1834
f 2563/3495/1847 2552/3482/1834 2553/3483/1835
f 2564/3496/1848 2553/3497/1835 2554/3484/1836
f 2565/3498/1849 2554/3484/1836 2555/3486/1837
f 2566/3499/1850 2555/3486/1837 2556/3487/1838
f 2557/3489/1839 2566/3499/1850 2556/3487/1838
f 2558/3500/1840 2567/3501/1851 2557/3489/1839
f 2559/3491/1841 2568/3502/1852 2558/3490/1840
f 2560/3492/1843 2569/3503/1853 2559/3491/1841
f 703/1244/1854 2570/3504/1855 2560/3492/1843
f 2571/3505/1856 1057/1603/1857 2561/3493/1844
f 2572/3506/1858 2561/3493/1844 2562/3494/1846
f 2573/3507/1859 2562/3494/1846 2563/3495/1847
f 2574/3508/1860 2563/3509/1847 2564/3496/1848
f 2575/3510/1861 2564/3496/1848 2565/3498/1849
f 2576/3511/1862 2565/3498/1849 2566/3499/1850
f 2567/3501/1851 2576/3511/1862 2566/3499/1850
f 2568/3512/1852 2577/3513/1863 2567/3501/1851
f 2569/3503/1853 2578/3514/1864 2568/3502/1852
f 2570/3504/1855 2579/3515/1865 2569/3503/1853
f 705/1246/1866 2580/3516/1867 2570/3504/1855
f 2581/3517/1868 1059/1605/1869 2571/3505/1856
f 2582/3518/1870 2571/3505/1856 2572/3506/1858
f 2583/3519/1871 2572/3506/1858 2573/3507/1859
f 2584/3520/1872 2573/3521/1859 2574/3508/1860
f 2585/3522/1873 2574/3508/1860 2575/3510/1861
f 2586/3523/1874 2575/3510/1861 2576/3511/1862
f 2577/3513/1863 2586/3523/1874 2576/3511/1862
f 2578/3524/1864 2587/3525/1875 2577/3513/1863
f 2579/3515/1865 2588/3526/1876 2578/3514/1864
f 2580/3516/1867 2589/3527/1877 2579/3515/1865
f 707/1248/1878 2590/3528/1879 2580/3516/1867
f 2591/3529/1868 1060/1606/1880 2581/3517/1868
f 2592/3530/1881 2581/3517/1868 2582/3518/1870
f 2593/3531/1882 2582/3518/1870 2583/3519/1871
f 2594/3532/1883 2583/3533/1871 2584/3520/1872
f 2595/3534/1884 2584/3520/1872 2585/3522/1873
f 2596/3535/1885 2585/3522/1873 2586/3523/1874
f 2587/3525/1875 2596/3535/1885 2586/3523/1874
f 2588/3536/1876 2597/3537/1886 2587/3525/1875
f 2589/3527/1877 2598/3538/1887 2588/3526/1876
f 2590/3528/1879 2599/3539/1888 2589/3527/1877
f 708/1249/1889 2600/3540/1879 2590/3528/1879
f 2601/3541/1890 1062/1608/1880 2591/3529/1868
f 2602/3542/1891 2591/3529/1868 2592/3530/1881
f 2603/3543/1892 2592/3530/1881 2593/3531/1882
f 2604/3544/1893 2593/3545/1882 2594/3532/1883
f 2605/3546/1894 2594/3532/1883 2595/3534/1884
f 2606/3547/1895 2595/3534/1884 2596/3535/1885
f 2597/3537/1886 2606/3547/1895 2596/3535/1885
f 2598/3548/1887 2607/3549/1896 2597/3537/1886
f 2599/3539/1888 2608/3550/1897 2598/3538/1887
f 2600/3540/1879 2609/3551/1898 2599/3539/1888
f 710/1251/1889 2610/3552/1899 2600/3540/1879
f 2611/3553/1900 1064/1610/1869 2601/3541/1890
f 2612/3554/1901 2601/3541/1890 2602/3542/1891
f 2613/3555/1902 2602/3542/1891 2603/3543/1892
f 2614/3556/1903 2603/3557/1892 2604/3544/1893
f 2615/3558/1849 2604/3544/1893 2605/3546/1894
f 2616/3559/1850 2605/3546/1894 2606/3547/1895
f 2607/3549/1896 2616/3559/1850 2606/3547/1895
f 2608/3560/1897 2617/3561/1904 2607/3549/1896
f 2609/3551/1898 2618/3562/1905 2608/3550/1897
f 2610/3552/1899 2619/3563/1906 2609/3551/1898
f 712/1253/1564 2620/3564/1907 2610/3552/1899
f 2621/3565/1908 1065/1611/1857 2611/3553/1900
f 2622/3566/1909 2611/3553/1900 2612/3554/1901
f 2623/3567/1910 2612/3554/1901 2613/3555/1902
f 2624/3568/1911 2613/3569/1902 2614/3556/1903
f 2615/3558/1849 2624/3568/1911 2614/3556/1903
f 2625/3570/1912 2615/3558/1849 2616/3559/1850
f 2626/3571/1913 2616/3559/1850 2617/3561/1904
f 2618/3572/1905 2626/3571/1913 2617/3561/1904
f 2619/3563/1906 2627/3573/1914 2618/3562/1905
f 2620/3564/1907 2628/3574/1915 2619/3563/1906
f 713/1254/1866 2629/3575/1916 2620/3564/1907
f 2621/3565/1908 1067/1613/1845 1066/1612/1917
f 2622/3566/1909 2630/3576/1918 2621/3565/1908
f 2623/3567/1910 2631/3577/1919 2622/3566/1909
f 2624/3568/1911 2632/3578/1920 2623/3579/1910
f 2633/3580/1921 2634/3581/1922 2624/3568/1911
f 2635/3582/1923 2633/3580/1921 2625/3570/1912
f 2636/3583/1924 2625/3570/1912 2626/3571/1913
f 2637/3584/1925 2626/3571/1913 2627/3585/1914
f 2638/3586/1926 2627/3573/1914 2628/3574/1915
f 2639/3587/1927 2628/3574/1915 2629/3575/1916
f 715/1256/1854 2629/3575/1916 714/1255/1928
f 2630/3576/1918 1068/1614/1929 1067/1613/1845
f 2631/3577/1919 2640/3588/1930 2630/3576/1918
f 2632/3589/1920 2641/3590/1931 2631/3577/1919
f 2634/3581/1922 2642/3591/1932 2632/3578/1920
f 2643/3592/1933 2644/3593/1934 2634/3581/1922
f 2645/3594/1935 2643/3592/1933 2635/3582/1923
f 2646/3595/1936 2635/3582/1923 2636/3583/1924
f 2647/3596/1937 2636/3583/1924 2637/3584/1925
f 2648/3597/1938 2637/3598/1925 2638/3586/1926
f 2649/3599/1939 2638/3586/1926 2639/3587/1927
f 716/1257/1940 2639/3587/1927 715/1256/1854
f 2640/3588/1930 1069/1615/1941 1068/1614/1929
f 2641/3590/1931 2650/3600/1942 2640/3588/1930
f 2642/3601/1932 2651/3602/1943 2641/3590/1931
f 2644/3593/1934 2652/3603/1944 2642/3591/1932
f 2653/3604/1945 2654/3605/1946 2644/3593/1934
f 2655/3606/1947 2653/3604/1945 2645/3594/1935
f 2656/3607/1948 2645/3594/1935 2646/3595/1936
f 2657/3608/1949 2646/3595/1936 2647/3596/1937
f 2658/3609/1950 2647/3610/1937 2648/3597/1938
f 2659/3611/1951 2648/3597/1938 2649/3599/1939
f 717/1258/1952 2649/3599/1939 716/1257/1940
f 2650/3600/1942 1070/1616/1833 1069/1615/1941
f 2651/3602/1943 2660/3612/1953 2650/3600/1942
f 2652/3613/1944 2661/3614/1954 2651/3602/1943
f 2654/3605/1946 2662/3615/1955 2652/3603/1944
f 2663/3616/1956 2664/3617/1957 2654/3605/1946
f 2665/3618/1958 2663/3616/1956 2655/3606/1947
f 2666/3619/1959 2655/3606/1947 2656/3607/1948
f 2667/3620/1960 2656/3607/1948 2657/3608/1949
f 2668/3621/1961 2657/3622/1949 2658/3609/1950
f 2669/3623/1962 2658/3609/1950 2659/3611/1951
f 718/1259/1842 2659/3611/1951 717/1258/1952
f 2660/3612/1953 1071/1617/613 1070/1616/1833
f 2661/3614/1954 2670/3624/1963 2660/3612/1953
f 2662/3625/1955 2671/3626/1964 2661/3614/1954
f 2664/3617/1957 2672/3627/1965 2662/3615/1955
f 2673/3628/1966 2674/3629/1967 2664/3617/1957
f 2675/3630/1968 2673/3628/1966 2665/3618/1958
f 2676/3631/1969 2665/3618/1958 2666/3619/1959
f 2677/3632/1970 2666/3619/1959 2667/3620/1960
f 2678/3633/1971 2667/3634/1960 2668/3621/1961
f 2679/3635/1972 2668/3621/1961 2669/3623/1962
f 719/1260/624 2669/3623/1962 718/1259/1842
f 2670/3624/1963 1072/1618/613 1071/1617/613
f 2671/3626/1964 2680/3636/1973 2670/3624/1963
f 2672/3637/1965 2681/3638/1974 2671/3626/1964
f 2674/3629/1967 2682/3639/1975 2672/3627/1965
f 2683/3640/1976 2684/3641/1977 2674/3629/1967
f 2685/3642/1978 2683/3640/1976 2675/3630/1968
f 2686/3643/1979 2675/3630/1968 2676/3631/1969
f 2687/3644/1980 2676/3631/1969 2677/3632/1970
f 2688/3645/1981 2677/3646/1970 2678/3633/1971
f 2689/3647/1982 2678/3633/1971 2679/3635/1972
f 720/1261/624 2679/3635/1972 719/1260/624
f 2680/3636/1973 1073/1619/1983 1072/1618/613
f 2681/3638/1974 2690/3648/1984 2680/3636/1973
f 2682/3649/1975 2691/3650/1985 2681/3638/1974
f 2684/3641/1977 2692/3651/1986 2682/3639/1975
f 2693/3652/1987 2694/3653/1988 2684/3641/1977
f 2695/3654/1989 2693/3652/1987 2685/3642/1978
f 2696/3655/1990 2685/3642/1978 2686/3643/1979
f 2697/3656/1991 2686/3643/1979 2687/3644/1980
f 2698/3657/1992 2687/3658/1980 2688/3645/1981
f 2699/3659/1993 2688/3645/1981 2689/3647/1982
f 721/1262/1994 2689/3647/1982 720/1261/624
f 2690/3648/1984 1074/1620/1983 1073/1619/1983
f 2691/3650/1985 2700/3660/1995 2690/3648/1984
f 2692/3661/1986 2701/3662/1996 2691/3650/1985
f 2694/3653/1988 2702/3663/1986 2692/3651/1986
f 2703/3664/1997 2704/3665/1988 2694/3653/1988
f 2705/3666/1989 2703/3664/1997 2695/3654/1989
f 2706/3667/1990 2695/3654/1989 2696/3655/1990
f 2707/3668/1991 2696/3655/1990 2697/3656/1991
f 2708/3669/1998 2697/3670/1991 2698/3657/1992
f 2709/3671/1993 2698/3657/1992 2699/3659/1993
f 722/1263/1994 2699/3659/1993 721/1262/1994
f 2700/3660/1995 971/1621/1999 1074/1620/1983
f 2701/3662/1996 2710/3672/2000 2700/3660/1995
f 2702/3673/1986 2711/3674/2001 2701/3662/1996
f 2704/3665/1988 2712/3675/2002 2702/3663/1986
f 2713/3676/1997 2714/3677/2003 2704/3665/1988
f 2715/3678/2004 2713/3676/1997 2705/3666/1989
f 2716/3679/2005 2705/3666/1989 2706/3667/1990
f 2717/3680/2006 2706/3667/1990 2707/3668/1991
f 2718/3681/2007 2707/3682/1991 2708/3669/1998
f 2719/3683/2008 2708/3669/1998 2709/3671/1993
f 619/1264/2009 2709/3671/1993 722/1263/1994
f 2720/3684/2010 971/1621/1999 2710/3672/2000
f 2721/3685/2011 2710/3672/2000 2711/3674/2001
f 2722/3686/2012 2711/3687/2001 2712/3688/2002
f 2723/3689/2013 2712/3688/2002 2714/3690/2003
f 2724/3691/2014 2714/3690/2003 2725/3692/2015
f 2726/3693/2016 2725/3692/2015 2715/3694/2004
f 2716/3695/2005 2726/3693/2016 2715/3694/2004
f 2717/3696/2006 2727/3697/2017 2716/3695/2005
f 2718/3698/2007 2728/3699/2018 2717/3696/2006
f 2719/3683/2008 2729/3700/2019 2718/3681/2007
f 619/1264/2009 2730/3701/2020 2719/3683/2008
f 2731/3702/2021 1063/1609/2022 2720/3684/2010
f 2732/3703/2023 2720/3684/2010 2721/3685/2011
f 2733/3704/2024 2721/3685/2011 2722/3705/2012
f 2734/3706/2025 2722/3707/2012 2723/3708/2013
f 2735/3709/2026 2723/3708/2013 2724/3710/2014
f 2736/3711/2027 2724/3710/2014 2726/3712/2016
f 2727/3713/2017 2736/3711/2027 2726/3712/2016
f 2728/3714/2018 2737/3715/2028 2727/3713/2017
f 2729/3700/2019 2738/3716/2029 2728/3717/2018
f 2730/3701/2020 2739/3718/2030 2729/3700/2019
f 711/1252/2031 2740/3719/2032 2730/3701/2020
f 2741/3720/2033 1061/1607/2034 2731/3702/2021
f 2742/3721/2035 2731/3702/2021 2732/3703/2023
f 2743/3722/2036 2732/3703/2023 2733/3704/2024
f 2744/3723/2037 2733/3724/2024 2734/3706/2025
f 2745/3725/2038 2734/3706/2025 2735/3709/2026
f 2746/3726/2039 2735/3709/2026 2736/3711/2027
f 2737/3715/2028 2746/3726/2039 2736/3711/2027
f 2738/3727/2029 2747/3728/2040 2737/3715/2028
f 2739/3718/2030 2748/3729/2041 2738/3716/2029
f 2740/3719/2032 2749/3730/2042 2739/3718/2030
f 709/1250/2043 2750/3731/2044 2740/3719/2032
f 2751/3732/2045 1058/1604/2046 2741/3720/2033
f 2752/3733/2047 2741/3720/2033 2742/3721/2035
f 2753/3734/2048 2742/3721/2035 2743/3722/2036
f 2754/3735/2049 2743/3736/2036 2744/3723/2037
f 2755/3737/2050 2744/3723/2037 2745/3725/2038
f 2756/3738/2051 2745/3725/2038 2746/3726/2039
f 2747/3728/2040 2756/3738/2051 2746/3726/2039
f 2748/3739/2041 2757/3740/2052 2747/3728/2040
f 2749/3730/2042 2758/3741/2053 2748/3729/2041
f 2750/3731/2044 2759/3742/2054 2749/3730/2042
f 706/1247/2055 2760/3743/2056 2750/3731/2044
f 2761/3744/2057 1056/1602/2058 2751/3732/2045
f 2762/3745/2059 2751/3732/2045 2752/3733/2047
f 2763/3746/2060 2752/3733/2047 2753/3734/2048
f 2764/3747/2061 2753/3748/2048 2754/3735/2049
f 2765/3749/2062 2754/3735/2049 2755/3737/2050
f 2766/3750/2063 2755/3737/2050 2756/3738/2051
f 2757/3740/2052 2766/3750/2063 2756/3738/2051
f 2758/3751/2053 2767/3752/2064 2757/3740/2052
f 2759/3742/2054 2768/3753/2065 2758/3741/2053
f 2760/3743/2056 2769/3754/2066 2759/3742/2054
f 704/1245/2067 2770/3755/2068 2760/3743/2056
f 2771/3756/2069 1054/1600/2070 2761/3744/2057
f 2772/3757/2071 2761/3744/2057 2762/3745/2059
f 2773/3758/2072 2762/3745/2059 2763/3746/2060
f 2774/3759/2073 2763/3760/2060 2764/3747/2061
f 2775/3761/2074 2764/3747/2061 2765/3749/2062
f 2776/3762/2075 2765/3749/2062 2766/3750/2063
f 2767/3752/2064 2776/3762/2075 2766/3750/2063
f 2768/3763/2065 2777/3764/2076 2767/3752/2064
f 2769/3754/2066 2778/3765/2077 2768/3753/2065
f 2770/3755/2068 2779/3766/2078 2769/3754/2066
f 702/1243/2079 2780/3767/2080 2770/3755/2068
f 2781/3768/2081 1052/1598/2082 2771/3756/2069
f 2782/3769/2083 2771/3756/2069 2772/3757/2071
f 2783/3770/2084 2772/3757/2071 2773/3758/2072
f 2784/3771/2085 2773/3772/2072 2774/3773/2073
f 2785/3774/2086 2774/3773/2073 2775/3775/2074
f 2786/3776/2087 2775/3775/2074 2776/3777/2075
f 2777/3778/2076 2786/3776/2087 2776/3777/2075
f 2778/3779/2077 2787/3780/2088 2777/3778/2076
f 2779/3766/2078 2788/3781/2089 2778/3765/2077
f 2780/3767/2080 2789/3782/2090 2779/3766/2078
f 700/1241/2091 2790/3783/2092 2780/3767/2080
f 2791/3784/2093 1050/1596/1081 2781/3768/2081
f 2792/3785/2094 2781/3768/2081 2782/3769/2083
f 2793/3786/2095 2782/3769/2083 2783/3770/2084
f 2794/3787/2096 2783/3788/2084 2784/3771/2085
f 2795/3789/2097 2784/3771/2085 2785/3774/2086
f 2796/3790/2098 2785/3774/2086 2786/3776/2087
f 2787/3780/2088 2796/3790/2098 2786/3776/2087
f 2788/3791/2089 2797/3792/2099 2787/3780/2088
f 2789/3782/2090 2798/3793/2100 2788/3781/2089
f 2790/3783/2092 2799/3794/2101 2789/3782/2090
f 698/1239/1092 2800/3795/2102 2790/3783/2092
f 2801/3796/2103 1048/1594/2104 2791/3784/2093
f 2802/3797/2105 2791/3784/2093 2792/3785/2094
f 2803/3798/2106 2792/3785/2094 2793/3786/2095
f 2804/3799/2107 2793/3800/2095 2794/3787/2096
f 2805/3801/2108 2794/3787/2096 2795/3789/2097
f 2806/3802/2109 2795/3789/2097 2796/3790/2098
f 2797/3792/2099 2806/3802/2109 2796/3790/2098
f 2798/3803/2100 2807/3804/2110 2797/3792/2099
f 2799/3794/2101 2808/3805/2111 2798/3793/2100
f 2800/3795/2102 2809/3806/2112 2799/3794/2101
f 696/1237/2113 2810/3807/2114 2800/3795/2102
f 2811/3808/2115 1047/1593/2116 2801/3796/2103
f 2812/3809/2117 2801/3796/2103 2802/3797/2105
f 2813/3810/2118 2802/3797/2105 2803/3798/2106
f 2814/3811/2119 2803/3812/2106 2804/3799/2107
f 2815/3813/2120 2804/3799/2107 2805/3801/2108
f 2816/3814/2121 2805/3801/2108 2806/3802/2109
f 2807/3804/2110 2816/3814/2121 2806/3802/2109
f 2808/3815/2111 2817/3816/2122 2807/3804/2110
f 2809/3806/2112 2818/3817/2123 2808/3805/2111
f 2810/3807/2114 2819/3818/2124 2809/3806/2112
f 695/1236/2125 2820/3819/2126 2810/3807/2114
f 2811/3808/2115 1044/1590/2127 1045/1591/2128
f 2812/3809/2117 2821/3820/2129 2811/3808/2115
f 2813/3810/2118 2822/3821/2130 2812/3809/2117
f 2814/3811/2119 2823/3822/2131 2813/3823/2118
f 2815/3813/2120 2824/3824/2132 2814/3811/2119
f 2825/3825/2133 2815/3813/2120 2816/3814/2121
f 2826/3826/2134 2816/3814/2121 2817/3816/2122
f 2827/3827/2135 2817/3816/2122 2818/3828/2123
f 2828/3829/2136 2818/3817/2123 2819/3818/2124
f 2829/3830/2137 2819/3818/2124 2820/3819/2126
f 692/1233/2138 2820/3819/2126 693/1234/2139
f 2821/3820/2129 1043/1589/2140 1044/1590/2127
f 2822/3821/2130 2830/3831/2141 2821/3820/2129
f 2823/3832/2131 2831/3833/2142 2822/3821/2130
f 2824/3824/2132 2832/3834/2143 2823/3822/2131
f 2833/3835/2144 2834/3836/2145 2824/3824/2132
f 2835/3837/2146 2833/3835/2144 2825/3825/2133
f 2836/3838/2147 2825/3825/2133 2826/3826/2134
f 2837/3839/2148 2826/3826/2134 2827/3827/2135
f 2838/3840/2149 2827/3841/2135 2828/3829/2136
f 2839/3842/2150 2828/3829/2136 2829/3830/2137
f 691/1232/2151 2829/3830/2137 692/1233/2138
f 2830/3831/2141 1040/1586/1451 1043/1589/2140
f 2831/3833/2142 2840/3843/2152 2830/3831/2141
f 2832/3834/2143 2841/3844/2153 2831/3845/2142
f 2834/3836/2145 2842/3846/2154 2832/3834/2143
f 2843/3847/2155 2844/3848/2156 2834/3836/2145
f 2845/3849/2157 2843/3847/2155 2835/3837/2146
f 2846/3850/2158 2835/3837/2146 2836/3838/2147
f 2847/3851/2159 2836/3838/2147 2837/3839/2148
f 2848/3852/2160 2837/3839/2148 2838/3853/2149
f 2849/3854/2161 2838/3840/2149 2839/3842/2150
f 688/1229/1462 2839/3842/2150 691/1232/2151
f 2840/3843/2152 1039/1585/1141 1040/1586/1451
f 2841/3855/2153 2850/3856/2162 2840/3843/2152
f 2842/3846/2154 2851/3857/2163 2841/3844/2153
f 2844/3848/2156 2852/3858/2164 2842/3846/2154
f 2853/3859/2165 2854/3860/2166 2844/3848/2156
f 2855/3861/2167 2853/3859/2165 2845/3849/2157
f 2856/3862/2168 2845/3849/2157 2846/3850/2158
f 2857/3863/2169 2846/3850/2158 2847/3851/2159
f 2858/3864/2170 2847/3851/2159 2848/3852/2160
f 2859/3865/2171 2848/3866/2160 2849/3854/2161
f 687/1228/1152 2849/3854/2161 688/1229/1462
f 2860/3867/1153 1039/1585/1141 2850/3856/2162
f 2861/3868/1154 2850/3856/2162 2851/3869/2163
f 2862/3870/1155 2851/3857/2163 2852/3858/2164
f 2863/3871/1156 2852/3858/2164 2854/3860/2166
f 2864/3872/1157 2854/3860/2166 2865/3873/2172
f 2866/3874/1159 2865/3873/2172 2855/3861/2167
f 2856/3862/2168 2866/3874/1159 2855/3861/2167
f 2857/3863/2169 2867/3875/1160 2856/3862/2168
f 2858/3864/2170 2868/3876/1161 2857/3863/2169
f 2859/3865/2171 2869/3877/1162 2858/3878/2170
f 687/1228/1152 2870/3879/1163 2859/3865/2171
f 2860/3867/1153 1042/1588/1165 1031/1577/1165
f 2861/3868/1154 2871/3880/2173 2860/3867/1153
f 2862/3881/1155 2872/3882/2174 2861/3868/1154
f 2863/3883/1156 2873/3884/2175 2862/3885/1155
f 2864/3886/1157 2874/3887/2176 2863/3883/1156
f 2875/3888/2177 2864/3886/1157 2866/3889/1159
f 2876/3890/2178 2866/3889/1159 2867/3891/1160
f 2877/3892/2179 2867/3891/1160 2868/3893/1161
f 2878/3894/2180 2868/3895/1161 2869/3877/1162
f 2879/3896/2181 2869/3877/1162 2870/3879/1163
f 690/1231/1174 2870/3879/1163 679/1220/1174
f 2880/3897/830 1042/1588/1165 2871/3880/2173
f 2881/3898/831 2871/3880/2173 2872/3882/2174
f 2882/3899/832 2872/3900/2174 2873/3901/2175
f 2883/3902/833 2873/3901/2175 2874/3903/2176
f 2884/3904/845 2874/3903/2176 2885/3905/2182
f 2886/3906/834 2885/3905/2182 2875/3907/2177
f 2887/3908/835 2875/3907/2177 2876/3909/2178
f 2888/3910/836 2876/3909/2178 2877/3911/2179
f 2889/3912/837 2877/3911/2179 2878/3913/2180
f 2890/3914/838 2878/3894/2180 2879/3896/2181
f 630/1171/839 2879/3896/2181 690/1231/1174
f 2891/3915/841 982/1528/828 2880/3897/830
f 2892/3916/842 2880/3897/830 2881/3898/831
f 2893/3917/843 2881/3918/831 2882/3919/832
f 2894/3920/844 2882/3919/832 2883/3921/833
f 2884/3922/845 2894/3920/844 2883/3921/833
f 2895/3923/853 2884/3922/845 2886/3924/834
f 2896/3925/847 2886/3924/834 2887/3926/835
f 2897/3927/848 2887/3926/835 2888/3928/836
f 2898/3929/849 2888/3928/836 2889/3930/837
f 2899/3931/850 2889/3932/837 2890/3914/838
f 632/1173/851 2890/3914/838 630/1171/839
f 2900/3933/2183 983/1529/852 2891/3915/841
f 2901/3934/2184 2891/3915/841 2892/3916/842
f 2902/3935/2185 2892/3916/842 2893/3936/843
f 2903/3937/2186 2893/3938/843 2894/3939/844
f 2904/3940/2187 2894/3939/844 2905/3941/846
f 2906/3942/2188 2905/3941/846 2895/3943/853
f 2896/3944/847 2906/3942/2188 2895/3943/853
f 2897/3945/848 2907/3946/2189 2896/3944/847
f 2898/3947/849 2908/3948/2190 2897/3949/848
f 2899/3931/850 2909/3950/2191 2898/3947/849
f 632/1173/851 2910/3951/2192 2899/3931/850
f 2900/3933/2183 986/1532/1474 985/1531/2193
f 2901/3934/2184 2241/3094/1472 2900/3933/2183
f 2902/3935/2185 2242/3095/1475 2901/3934/2184
f 2903/3937/2186 2244/3101/1477 2902/3952/2185
f 2904/3940/2187 2246/3099/1479 2903/3937/2186
f 2251/3105/1484 2904/3940/2187 2906/3942/2188
f 2253/3107/1486 2906/3942/2188 2907/3946/2189
f 2255/3109/1488 2907/3946/2189 2908/3953/2190
f 2257/3112/1490 2908/3948/2190 2909/3950/2191
f 2259/3114/1492 2909/3950/2191 2910/3951/2192
f 634/1175/1494 2910/3951/2192 633/1174/252
f 2911/3954/2194 1030/1576/855 2912/3955/1179
f 2913/3956/2195 2912/3955/1179 2914/3957/2196
f 2915/3958/2197 2914/3957/2196 2916/3959/2198
f 2917/3960/2199 2916/3961/2198 2918/3962/2200
f 2919/3963/2201 2918/3962/2200 2920/3964/2202
f 2921/3965/2203 2920/3964/2202 2922/3966/2204
f 2923/3967/2205 2921/3965/2203 2922/3966/2204
f 2924/3968/2206 2925/3969/2207 2923/3967/2205
f 2926/3970/2208 2927/3971/2209 2924/3972/2206
f 2928/3973/1195 2929/3974/2210 2926/3970/2208
f 678/1219/874 2930/3975/2211 2928/3973/1195
f 2931/3976/2212 1029/1575/2213 2911/3954/2194
f 2932/3977/2214 2911/3954/2194 2913/3956/2195
f 2933/3978/2215 2913/3956/2195 2915/3958/2197
f 2934/3979/2216 2915/3980/2197 2917/3960/2199
f 2935/3981/2217 2917/3960/2199 2919/3963/2201
f 2936/3982/2218 2919/3963/2201 2921/3965/2203
f 2925/3969/2207 2936/3982/2218 2921/3965/2203
f 2927/3983/2209 2937/3984/2219 2925/3969/2207
f 2929/3974/2210 2938/3985/2220 2927/3971/2209
f 2930/3975/2211 2939/3986/2221 2929/3974/2210
f 677/1218/2222 2940/3987/2223 2930/3975/2211
f 2941/3988/2224 1027/1573/2225 2931/3976/2212
f 2942/3989/2226 2931/3976/2212 2932/3977/2214
f 2943/3990/2227 2932/3977/2214 2933/3978/2215
f 2944/3991/2228 2933/3992/2215 2934/3979/2216
f 2945/3993/2229 2934/3979/2216 2935/3981/2217
f 2946/3994/2230 2935/3981/2217 2936/3982/2218
f 2937/3984/2219 2946/3994/2230 2936/3982/2218
f 2938/3995/2220 2947/3996/2231 2937/3984/2219
f 2939/3986/2221 2948/3997/2232 2938/3985/2220
f 2940/3987/2223 2949/3998/2233 2939/3986/2221
f 675/1216/2234 2950/3999/2235 2940/3987/2223
f 2951/4000/2236 1026/1572/2237 2941/3988/2224
f 2952/4001/2238 2941/3988/2224 2942/3989/2226
f 2953/4002/2239 2942/3989/2226 2943/3990/2227
f 2954/4003/2240 2943/4004/2227 2944/3991/2228
f 2955/4005/2241 2944/3991/2228 2945/3993/2229
f 2956/4006/2242 2945/3993/2229 2946/3994/2230
f 2947/3996/2231 2956/4006/2242 2946/3994/2230
f 2948/4007/2232 2957/4008/2243 2947/3996/2231
f 2949/3998/2233 2958/4009/2244 2948/3997/2232
f 2950/3999/2235 2959/4010/2245 2949/3998/2233
f 674/1215/2246 2960/4011/2247 2950/3999/2235
f 2961/4012/2248 1024/1570/2249 2951/4000/2236
f 2962/4013/2250 2951/4000/2236 2952/4001/2238
f 2963/4014/2251 2952/4001/2238 2953/4002/2239
f 2964/4015/2252 2953/4016/2239 2954/4003/2240
f 2965/4017/2253 2954/4003/2240 2955/4005/2241
f 2966/4018/2254 2955/4005/2241 2956/4006/2242
f 2957/4008/2243 2966/4018/2254 2956/4006/2242
f 2958/4019/2244 2967/4020/2255 2957/4008/2243
f 2959/4010/2245 2968/4021/2256 2958/4009/2244
f 2960/4011/2247 2969/4022/2257 2959/4010/2245
f 672/1213/2258 2970/4023/2259 2960/4011/2247
f 2971/4024/2260 1023/1569/2261 2961/4012/2248
f 2972/4025/2262 2961/4012/2248 2962/4013/2250
f 2973/4026/2263 2962/4013/2250 2963/4014/2251
f 2974/4027/2264 2963/4028/2251 2964/4015/2252
f 2975/4029/2265 2964/4015/2252 2965/4017/2253
f 2976/4030/2266 2965/4017/2253 2966/4018/2254
f 2967/4020/2255 2976/4030/2266 2966/4018/2254
f 2968/4031/2256 2977/4032/2267 2967/4020/2255
f 2969/4022/2257 2978/4033/2268 2968/4021/2256
f 2970/4023/2259 2979/4034/2269 2969/4022/2257
f 671/1212/2270 2980/4035/2271 2970/4023/2259
f 2971/4024/2260 1019/1565/2272 1021/1567/2273
f 2972/4025/2262 2981/4036/2274 2971/4024/2260
f 2973/4026/2263 2982/4037/2275 2972/4025/2262
f 2974/4038/2264 2983/4039/2276 2973/4040/2263
f 2975/4041/2265 2984/4042/2277 2974/4038/2264
f 2985/4043/2278 2975/4041/2265 2976/4044/2266
f 2986/4045/2279 2976/4044/2266 2977/4046/2267
f 2987/4047/2280 2977/4046/2267 2978/4048/2268
f 2988/4049/2281 2978/4033/2268 2979/4034/2269
f 2989/4050/2282 2979/4034/2269 2980/4035/2271
f 667/1208/2283 2980/4035/2271 669/1210/2284
f 2981/4036/2274 1017/1563/2285 1019/1565/2272
f 2982/4037/2275 2990/4051/2286 2981/4036/2274
f 2983/4052/2276 2991/4053/2287 2982/4037/2275
f 2984/4042/2277 2992/4054/2288 2983/4039/2276
f 2993/4055/2289 2994/4056/2290 2984/4042/2277
f 2995/4057/2291 2993/4055/2289 2985/4043/2278
f 2996/4058/2292 2985/4043/2278 2986/4045/2279
f 2997/4059/2293 2986/4045/2279 2987/4047/2280
f 2998/4060/2294 2987/4061/2280 2988/4049/2281
f 2999/4062/2295 2988/4049/2281 2989/4050/2282
f 665/1206/2296 2989/4050/2282 667/1208/2283
f 2990/4051/2286 1016/1562/2297 1017/1563/2285
f 2991/4053/2287 3000/4063/2298 2990/4051/2286
f 2992/4064/2288 3001/4065/2299 2991/4053/2287
f 2994/4056/2290 3002/4066/2300 2992/4054/2288
f 3003/4067/2301 3004/4068/2302 2994/4056/2290
f 3005/4069/2303 3003/4067/2301 2995/4057/2291
f 3006/4070/2304 2995/4057/2291 2996/4058/2292
f 3007/4071/2305 2996/4058/2292 2997/4059/2293
f 3008/4072/2306 2997/4073/2293 2998/4060/2294
f 3009/4074/2307 2998/4060/2294 2999/4062/2295
f 664/1205/2308 2999/4062/2295 665/1206/2296
f 3000/4063/2298 1014/1560/2309 1016/1562/2297
f 3001/4065/2299 3010/4075/2310 3000/4063/2298
f 3002/4076/2300 3011/4077/2311 3001/4065/2299
f 3004/4068/2302 3012/4078/2312 3002/4066/2300
f 3013/4079/2313 3014/4080/2314 3004/4068/2302
f 3015/4081/2315 3013/4079/2313 3005/4069/2303
f 3016/4082/2316 3005/4069/2303 3006/4070/2304
f 3017/4083/2317 3006/4070/2304 3007/4071/2305
f 3018/4084/2318 3007/4085/2305 3008/4072/2306
f 3019/4086/2319 3008/4072/2306 3009/4074/2307
f 662/1203/2320 3009/4074/2307 664/1205/2308
f 3010/4075/2310 1012/1558/2321 1014/1560/2309
f 3011/4077/2311 3020/4087/2322 3010/4075/2310
f 3012/4078/2312 3021/4088/2323 3011/4089/2311
f 3014/4080/2314 3022/4090/2324 3012/4078/2312
f 3023/4091/2325 3024/4092/2326 3014/4080/2314
f 3025/4093/2327 3023/4091/2325 3015/4081/2315
f 3026/4094/2328 3015/4081/2315 3016/4082/2316
f 3027/4095/2329 3016/4082/2316 3017/4083/2317
f 3028/4096/2330 3017/4083/2317 3018/4097/2318
f 3029/4098/2331 3018/4084/2318 3019/4086/2319
f 660/1201/2332 3019/4086/2319 662/1203/2320
f 3020/4087/2322 1011/1557/2333 1012/1558/2321
f 3021/4099/2323 3030/4100/2334 3020/4087/2322
f 3022/4090/2324 3031/4101/2335 3021/4088/2323
f 3024/4092/2326 3032/4102/2336 3022/4090/2324
f 3033/4103/2337 3034/4104/2338 3024/4092/2326
f 3035/4105/2339 3033/4103/2337 3025/4093/2327
f 3036/4106/2340 3025/4093/2327 3026/4094/2328
f 3037/4107/2341 3026/4094/2328 3027/4095/2329
f 3038/4108/2342 3027/4095/2329 3028/4096/2330
f 3039/4109/2343 3028/4110/2330 3029/4098/2331
f 659/1200/2344 3029/4098/2331 660/1201/2332
f 3040/4111/2345 1011/1557/2333 3030/4100/2334
f 3041/4112/2346 3030/4100/2334 3031/4113/2335
f 3042/4114/2347 3031/4101/2335 3032/4102/2336
f 3043/4115/2348 3032/4102/2336 3034/4104/2338
f 3044/4116/2349 3034/4104/2338 3045/4117/2350
f 3046/4118/2351 3045/4117/2350 3035/4105/2339
f 3036/4106/2340 3046/4118/2351 3035/4105/2339
f 3037/4107/2341 3047/4119/2352 3036/4106/2340
f 3038/4108/2342 3048/4120/2353 3037/4107/2341
f 3039/4109/2343 3049/4121/2354 3038/4122/2342
f 659/1200/2344 3050/4123/2355 3039/4109/2343
f 3051/4124/2356 1009/1555/2357 3040/4111/2345
f 3052/4125/2358 3040/4111/2345 3041/4112/2346
f 3053/4126/2359 3041/4112/2346 3042/4127/2347
f 3054/4128/2360 3042/4114/2347 3043/4115/2348
f 3055/4129/2361 3043/4115/2348 3044/4116/2349
f 3056/4130/2362 3044/4116/2349 3046/4118/2351
f 3047/4119/2352 3056/4130/2362 3046/4118/2351
f 3048/4120/2353 3057/4131/2363 3047/4119/2352
f 3049/4132/2354 3058/4133/2364 3048/4120/2353
f 3050/4123/2355 3059/4134/2365 3049/4121/2354
f 657/1198/2366 3060/4135/2367 3050/4123/2355
f 3061/4136/2368 1008/1554/2369 3051/4124/2356
f 3062/4137/2370 3051/4124/2356 3052/4125/2358
f 3063/4138/2371 3052/4125/2358 3053/4126/2359
f 3064/4139/2372 3053/4140/2359 3054/4128/2360
f 3065/4141/2373 3054/4128/2360 3055/4129/2361
f 3066/4142/2374 3055/4129/2361 3056/4130/2362
f 3057/4131/2363 3066/4142/2374 3056/4130/2362
f 3058/4133/2364 3067/4143/2375 3057/4131/2363
f 3059/4134/2365 3068/4144/2376 3058/4145/2364
f 3060/4135/2367 3069/4146/2377 3059/4134/2365
f 656/1197/2378 3070/4147/2379 3060/4135/2367
f 3071/4148/2380 1006/1552/2381 3061/4136/2368
f 3072/4149/2382 3061/4136/2368 3062/4137/2370
f 3073/4150/2383 3062/4137/2370 3063/4138/2371
f 3074/4151/2384 3063/4152/2371 3064/4139/2372
f 3075/4153/2385 3064/4139/2372 3065/4141/2373
f 3076/4154/2386 3065/4141/2373 3066/4142/2374
f 3067/4143/2375 3076/4154/2386 3066/4142/2374
f 3068/4155/2376 3077/4156/2387 3067/4143/2375
f 3069/4146/2377 3078/4157/2388 3068/4144/2376
f 3070/4147/2379 3079/4158/2389 3069/4146/2377
f 654/1195/2390 3080/4159/2391 3070/4147/2379
f 3081/4160/2392 1005/1551/2393 3071/4148/2380
f 3082/4161/2394 3071/4148/2380 3072/4149/2382
f 3083/4162/2395 3072/4149/2382 3073/4150/2383
f 3084/4163/2396 3073/4164/2383 3074/4151/2384
f 3085/4165/2397 3074/4151/2384 3075/4153/2385
f 3086/4166/2398 3075/4153/2385 3076/4154/2386
f 3077/4156/2387 3086/4166/2398 3076/4154/2386
f 3078/4167/2388 3087/4168/2399 3077/4156/2387
f 3079/4158/2389 3088/4169/2400 3078/4157/2388
f 3080/4159/2391 3089/4170/2401 3079/4158/2389
f 653/1194/2402 3090/4171/2403 3080/4159/2391
f 3081/4160/2392 1002/1548/2404 1004/1550/2405
f 3082/4161/2394 3091/4172/2406 3081/4160/2392
f 3083/4162/2395 3092/4173/2407 3082/4161/2394
f 3084/4174/2396 3093/4175/2408 3083/4176/2395
f 3085/4177/2397 3094/4178/2409 3084/4174/2396
f 3095/4179/2410 3085/4177/2397 3086/4180/2398
f 3096/4181/2411 3086/4180/2398 3087/4182/2399
f 3097/4183/2412 3087/4182/2399 3088/4184/2400
f 3098/4185/2413 3088/4169/2400 3089/4170/2401
f 3099/4186/2414 3089/4170/2401 3090/4171/2403
f 650/1191/2415 3090/4171/2403 652/1193/2416
f 3091/4172/2406 1001/1547/2417 1002/1548/2404
f 3092/4173/2407 3100/4187/2418 3091/4172/2406
f 3093/4188/2408 3101/4189/2419 3092/4173/2407
f 3094/4178/2409 3102/4190/2420 3093/4175/2408
f 3103/4191/2421 3104/4192/2422 3094/4178/2409
f 3105/4193/2423 3103/4191/2421 3095/4179/2410
f 3106/4194/2424 3095/4179/2410 3096/4181/2411
f 3107/4195/2425 3096/4181/2411 3097/4183/2412
f 3108/4196/2426 3097/4197/2412 3098/4185/2413
f 3109/4198/2427 3098/4185/2413 3099/4186/2414
f 649/1190/2428 3099/4186/2414 650/1191/2415
f 3100/4187/2418 1000/1546/2429 1001/1547/2417
f 3101/4189/2419 3110/4199/2430 3100/4187/2418
f 3102/4200/2420 3111/4201/2431 3101/4189/2419
f 3104/4192/2422 3112/4202/2432 3102/4190/2420
f 3113/4203/2433 3114/4204/2434 3104/4192/2422
f 3115/4205/2435 3113/4203/2433 3105/4193/2423
f 3116/4206/2436 3105/4193/2423 3106/4194/2424
f 3117/4207/2437 3106/4194/2424 3107/4195/2425
f 3118/4208/2438 3107/4209/2425 3108/4196/2426
f 3119/4210/2439 3108/4196/2426 3109/4198/2427
f 648/1189/2440 3109/4198/2427 649/1190/2428
f 3110/4199/2430 998/1544/2441 1000/1546/2429
f 3111/4201/2431 3120/4211/2442 3110/4199/2430
f 3112/4212/2432 3121/4213/2443 3111/4201/2431
f 3114/4204/2434 3122/4214/2444 3112/4202/2432
f 3123/4215/2445 3124/4216/2446 3114/4204/2434
f 3125/4217/2447 3123/4215/2445 3115/4205/2435
f 3126/4218/2448 3115/4205/2435 3116/4206/2436
f 3127/4219/2449 3116/4206/2436 3117/4207/2437
f 3128/4220/2450 3117/4221/2437 3118/4208/2438
f 3129/4222/2451 3118/4208/2438 3119/4210/2439
f 646/1187/2452 3119/4210/2439 648/1189/2440
f 3120/4211/2442 997/1543/1439 998/1544/2441
f 3121/4213/2443 3130/4223/2453 3120/4211/2442
f 3122/4224/2444 3131/4225/2454 3121/4213/2443
f 3124/4216/2446 3132/4226/2455 3122/4214/2444
f 3133/4227/2456 3134/4228/2457 3124/4216/2446
f 3135/4229/2458 3133/4227/2456 3125/4217/2447
f 3136/4230/2459 3125/4217/2447 3126/4218/2448
f 3137/4231/2460 3126/4218/2448 3127/4219/2449
f 3138/4232/2461 3127/4233/2449 3128/4220/2450
f 3139/4234/1449 3128/4220/2450 3129/4222/2451
f 645/1186/1450 3129/4222/2451 646/1187/2452
f 3130/4223/2453 996/1542/1451 997/1543/1439
f 3131/4225/2454 3140/4235/2152 3130/4223/2453
f 3132/4226/2455 3141/4236/1453 3131/4237/2454
f 3134/4228/2457 3142/4238/1454 3132/4226/2455
f 3143/4239/2462 3144/4240/2463 3134/4228/2457
f 3145/4241/2464 3143/4239/2462 3135/4229/2458
f 3146/4242/2465 3135/4229/2458 3136/4230/2459
f 3147/4243/1459 3136/4230/2459 3137/4231/2460
f 3148/4244/1460 3137/4231/2460 3138/4245/2461
f 3149/4246/2161 3138/4232/2461 3139/4234/1449
f 644/1185/1462 3139/4234/1449 645/1186/1450
f 3140/4235/2152 993/1539/1141 996/1542/1451
f 3141/4247/1453 3150/4248/2162 3140/4235/2152
f 3142/4238/1454 3151/4249/2466 3141/4236/1453
f 3144/4240/2463 3152/4250/2467 3142/4238/1454
f 3153/4251/2468 3154/4252/1466 3144/4240/2463
f 3155/4253/1467 3153/4251/2468 3145/4241/2464
f 3156/4254/1468 3145/4241/2464 3146/4242/2465
f 3157/4255/2469 3146/4242/2465 3147/4243/1459
f 3158/4256/2470 3147/4243/1459 3148/4244/1460
f 3159/4257/2171 3148/4258/1460 3149/4246/2161
f 641/1182/1152 3149/4246/2161 644/1185/1462
f 3160/4259/1153 993/1539/1141 3150/4248/2162
f 3161/4260/1154 3150/4248/2162 3151/4261/2466
f 3162/4262/1155 3151/4249/2466 3152/4250/2467
f 3163/4263/1156 3152/4250/2467 3154/4252/1466
f 3164/4264/1157 3154/4252/1466 3165/4265/1471
f 3166/4266/1159 3165/4265/1471 3155/4253/1467
f 3156/4254/1468 3166/4266/1159 3155/4253/1467
f 3157/4255/2469 3167/4267/1160 3156/4254/1468
f 3158/4256/2470 3168/4268/1161 3157/4255/2469
f 3159/4257/2171 3169/4269/1162 3158/4270/2470
f 641/1182/1152 3170/4271/1163 3159/4257/2171
f 3160/4259/1153 995/1541/1164 984/1530/1165
f 3171/4272/1166 3160/4259/1153 3161/4260/1154
f 3172/4273/1167 3161/4260/1154 3162/4274/1155
f 3173/4275/1168 3162/4276/1155 3163/4277/1156
f 3164/4278/1157 3173/4275/1168 3163/4277/1156
f 3174/4279/1170 3164/4278/1157 3166/4280/1159
f 3175/4281/1176 3166/4280/1159 3167/4282/1160
f 3176/4283/1171 3167/4282/1160 3168/4284/1161
f 3169/4269/1162 3176/4285/1171 3168/4286/1161
f 3177/4287/1172 3169/4269/1162 3170/4271/1163
f 643/1184/1173 3170/4271/1163 631/1172/1174
f 3178/4288/1175 1030/1576/855 995/1541/1164
f 3171/4272/1166 2912/3955/1179 3178/4288/1175
f 3172/4273/1167 2914/3957/2196 3171/4272/1166
f 3173/4289/1168 2916/3961/2198 3172/4290/1167
f 3179/4291/1169 2918/3962/2200 3173/4289/1168
f 2922/3966/2204 3179/4291/1169 3174/4292/1170
f 2923/3967/2205 3174/4292/1170 3175/4293/1176
f 2924/3968/2206 3175/4293/1176 3176/4294/1171
f 2926/3970/2208 3176/4285/1171 3180/4295/1177
f 2928/3973/1195 3180/4295/1177 3177/4287/1172
f 678/1219/874 3177/4287/1172 643/1184/1173
f 3181/4296/2471 981/1527/2472 3182/4297/2473
f 3183/4298/2474 3182/4297/2473 3184/4299/2475
f 3185/4300/2476 3184/4299/2475 3186/4301/2477
f 3187/4302/2478 3186/4303/2477 3188/4304/2479
f 3189/4305/2480 3188/4304/2479 3190/4306/2481
f 3191/4307/2482 3190/4306/2481 3192/4308/2483
f 3193/4309/2484 3191/4307/2482 3192/4308/2483
f 3194/4310/2485 3195/4311/2486 3193/4309/2484
f 3196/4312/2487 3197/4313/2488 3194/4314/2485
f 3198/4315/2489 3199/4316/2490 3196/4312/2487
f 629/1170/2491 3200/4317/2492 3198/4315/2489
f 3201/4318/2493 979/1525/2472 3181/4296/2471
f 3202/4319/2494 3181/4296/2471 3183/4298/2474
f 3203/4320/2495 3183/4321/2474 3185/4322/2476
f 3204/4323/2496 3185/4322/2476 3187/4324/2478
f 3205/4325/2497 3187/4324/2478 3189/4326/2480
f 3206/4327/2498 3189/4326/2480 3191/4328/2482
f 3195/4329/2486 3206/4327/2498 3191/4328/2482
f 3197/4330/2488 3207/4331/2499 3195/4329/2486
f 3199/4332/2490 3208/4333/2500 3197/4330/2488
f 3200/4317/2492 3209/4334/2501 3199/4316/2490
f 627/1168/2491 3210/4335/2502 3200/4317/2492
f 3201/4318/2493 980/1526/2503 978/1524/2504
f 3202/4319/2494 3211/4336/2505 3201/4318/2493
f 3203/4337/2495 3212/4338/2506 3202/4319/2494
f 3204/4339/2496 3213/4340/2507 3203/4341/2495
f 3205/4342/2497 3214/4343/2508 3204/4339/2496
f 3215/4344/2509 3205/4342/2497 3206/4345/2498
f 3216/4346/2510 3206/4345/2498 3207/4347/2499
f 3217/4348/2511 3207/4347/2499 3208/4349/2500
f 3218/4350/2512 3208/4351/2500 3209/4334/2501
f 3219/4352/2513 3209/4334/2501 3210/4335/2502
f 628/1169/2514 3210/4335/2502 626/1167/2514
f 3211/4336/2505 971/1517/2515 980/1526/2503
f 3212/4338/2506 3220/4353/2516 3211/4336/2505
f 3213/4354/2507 3221/4355/2517 3212/4356/2506
f 3214/4357/2508 3222/4358/2518 3213/4354/2507
f 3223/4359/2519 3224/4360/2520 3214/4357/2508
f 3225/4361/2521 3223/4359/2519 3215/4362/2509
f 3226/4363/2522 3215/4362/2509 3216/4364/2510
f 3227/4365/2523 3216/4364/2510 3217/4366/2511
f 3228/4367/2524 3217/4366/2511 3218/4368/2512
f 3229/4369/2525 3218/4350/2512 3219/4352/2513
f 619/1160/2526 3219/4352/2513 628/1169/2514
f 3230/4370/2527 971/1517/2515 3220/4353/2516
f 3231/4371/2528 3220/4353/2516 3221/4372/2517
f 3232/4373/2529 3221/4372/2517 3222/4374/2518
f 3233/4375/2530 3222/4376/2518 3224/4377/2520
f 3234/4378/2531 3224/4377/2520 3235/4379/2532
f 3236/4380/2533 3235/4379/2532 3225/4381/2521
f 3226/4382/2522 3236/4380/2533 3225/4381/2521
f 3227/4383/2523 3237/4384/2534 3226/4382/2522
f 3228/4385/2524 3238/4386/2535 3227/4387/2523
f 3229/4369/2525 3239/4388/2536 3228/4385/2524
f 619/1160/2526 3240/4389/2537 3229/4369/2525
f 3241/4390/2538 972/1518/2539 3230/4370/2527
f 3242/4391/2540 3230/4370/2527 3231/4371/2528
f 3243/4392/2541 3231/4371/2528 3232/4373/2529
f 3244/4393/2542 3232/4394/2529 3233/4395/2530
f 3245/4396/2543 3233/4395/2530 3234/4397/2531
f 3246/4398/2544 3234/4397/2531 3236/4399/2533
f 3237/4400/2534 3246/4398/2544 3236/4399/2533
f 3238/4401/2535 3247/4402/2545 3237/4400/2534
f 3239/4388/2536 3248/4403/2546 3238/4386/2535
f 3240/4389/2537 3249/4404/2547 3239/4388/2536
f 621/1162/2548 3250/4405/2549 3240/4389/2537
f 3241/4390/2538 975/1521/2550 973/1519/2551
f 3242/4391/2540 3251/4406/2552 3241/4390/2538
f 3243/4392/2541 3252/4407/2553 3242/4391/2540
f 3244/4408/2542 3253/4409/2554 3243/4410/2541
f 3245/4411/2543 3254/4412/2555 3244/4408/2542
f 3255/4413/2556 3245/4411/2543 3246/4414/2544
f 3256/4415/2557 3246/4414/2544 3247/4416/2545
f 3257/4417/2558 3247/4416/2545 3248/4418/2546
f 3258/4419/2559 3248/4403/2546 3249/4404/2547
f 3259/4420/2560 3249/4404/2547 3250/4405/2549
f 623/1164/2561 3250/4405/2549 620/1161/2562
f 3182/4297/2473 975/1521/2550 3251/4406/2552
f 3184/4299/2475 3251/4406/2552 3252/4407/2553
f 3186/4421/2477 3252/4422/2553 3253/4423/2554
f 3188/4424/2479 3253/4423/2554 3254/4425/2555
f 3190/4426/2481 3254/4425/2555 3260/4427/2563
f 3192/4428/2483 3260/4427/2563 3255/4429/2556
f 3256/4430/2557 3192/4428/2483 3255/4429/2556
f 3257/4431/2558 3193/4432/2484 3256/4430/2557
f 3258/4433/2559 3194/4434/2485 3257/4431/2558
f 3259/4420/2560 3196/4312/2487 3258/4419/2559
f 623/1164/2561 3198/4315/2489 3259/4420/2560
f 3261/4435/2564 977/1523/2565 3262/4436/2566
f 3263/4437/2567 3262/4436/2566 3264/4438/2568
f 3265/4439/2569 3264/4438/2568 3266/4440/2570
f 3267/4441/2571 3266/4442/2570 3268/4443/2572
f 3269/4444/2573 3268/4443/2572 3270/4445/2574
f 3271/4446/2575 3270/4445/2574 3272/4447/2576
f 3273/4448/2577 3271/4446/2575 3272/4447/2576
f 3274/4449/2578 3275/4450/2579 3273/4448/2577
f 3276/4451/2580 3277/4452/2581 3274/4453/2578
f 3278/4454/2582 3279/4455/2583 3276/4451/2580
f 625/1166/2584 3280/4456/2585 3278/4454/2582
f 3261/4435/2564 976/1522/2586 974/1520/2587
f 3263/4437/2567 3281/4457/2588 3261/4435/2564
f 3265/4439/2569 3282/4458/2589 3263/4437/2567
f 3267/4459/2571 3283/4460/2590 3265/4461/2569
f 3269/4462/2573 3284/4463/2591 3267/4459/2571
f 3285/4464/2592 3269/4462/2573 3271/4465/2575
f 3286/4466/2593 3271/4465/2575 3275/4467/2579
f 3287/4468/2594 3275/4467/2579 3277/4469/2581
f 3288/4470/2595 3277/4452/2581 3279/4455/2583
f 3289/4471/2596 3279/4455/2583 3280/4456/2585
f 624/1165/2597 3280/4456/2585 622/1163/2598
f 3262/4436/2566 976/1522/2586 3281/4457/2588
f 3264/4438/2568 3281/4457/2588 3282/4458/2589
f 3266/4440/2570 3282/4458/2589 3283/4472/2590
f 3268/4473/2572 3283/4474/2590 3284/4475/2591
f 3270/4476/2574 3284/4475/2591 3290/4477/2599
f 3272/4478/2576 3290/4477/2599 3285/4479/2592
f 3286/4480/2593 3272/4478/2576 3285/4479/2592
f 3287/4481/2594 3273/4482/2577 3286/4480/2593
f 3288/4470/2595 3274/4453/2578 3287/4483/2594
f 3289/4471/2596 3276/4451/2580 3288/4470/2595
f 624/1165/2597 3278/4454/2582 3289/4471/2596
f 3291/4484/841 967/1513/828 3292/4485/830
f 3293/4486/842 3292/4485/830 3294/4487/831
f 3295/4488/843 3294/4489/831 3296/4490/832
f 3297/4491/844 3296/4490/832 3298/4492/833
f 3299/4493/845 3297/4491/844 3298/4492/833
f 3300/4494/853 3299/4493/845 3301/4495/834
f 3302/4496/847 3301/4495/834 3303/4497/835
f 3304/4498/848 3303/4497/835 3305/4499/836
f 3306/4500/849 3305/4499/836 3307/4501/837
f 3308/4502/850 3307/4503/837 3309/4504/838
f 617/1158/851 3309/4504/838 615/1156/839
f 3310/4505/2600 968/1514/852 3291/4484/841
f 3311/4506/2601 3291/4484/841 3293/4486/842
f 3312/4507/2602 3293/4486/842 3295/4508/843
f 3313/4509/2603 3295/4510/843 3297/4511/844
f 3314/4512/2604 3297/4511/844 3315/4513/846
f 3316/4514/2605 3315/4513/846 3300/4515/853
f 3317/4516/2606 3300/4515/853 3302/4517/847
f 3318/4518/2607 3302/4517/847 3304/4519/848
f 3319/4520/2608 3304/4521/848 3306/4522/849
f 3320/4523/2609 3306/4522/849 3308/4502/850
f 616/1157/1173 3308/4502/850 617/1158/851
f 3321/4524/2173 969/1515/1164 3310/4505/2600
f 3322/4525/2174 3310/4505/2600 3311/4506/2601
f 3323/4526/2175 3311/4506/2601 3312/4507/2602
f 3324/4527/2176 3312/4528/2602 3313/4529/2603
f 3325/4530/2182 3313/4529/2603 3314/4531/2604
f 3326/4532/2177 3314/4531/2604 3316/4533/2605
f 3317/4534/2606 3326/4532/2177 3316/4533/2605
f 3327/4535/2179 3317/4534/2606 3318/4536/2607
f 3328/4537/2180 3318/4538/2607 3319/4520/2608
f 3329/4539/2181 3319/4520/2608 3320/4523/2609
f 618/1159/1174 3320/4523/2609 616/1157/1173
f 3292/4485/830 970/1516/1165 3321/4524/2173
f 3294/4487/831 3321/4524/2173 3322/4525/2174
f 3296/4540/832 3322/4541/2174 3323/4542/2175
f 3298/4543/833 3323/4542/2175 3324/4544/2176
f 3299/4545/845 3324/4544/2176 3325/4546/2182
f 3301/4547/834 3325/4546/2182 3326/4548/2177
f 3303/4549/835 3326/4548/2177 3330/4550/2178
f 3305/4551/836 3330/4550/2178 3327/4552/2179
f 3307/4553/837 3327/4552/2179 3328/4554/2180
f 3309/4504/838 3328/4537/2180 3329/4539/2181
f 615/1156/839 3329/4539/2181 618/1159/1174
f 3331/4555/2610 966/1512/2611 3332/4556/2612
f 3333/4557/2613 3332/4556/2612 3334/4558/2614
f 3335/4559/2615 3334/4558/2614 3336/4560/2616
f 3337/4561/2617 3336/4562/2616 3338/4563/2618
f 3339/4564/2619 3338/4563/2618 3340/4565/2620
f 3341/4566/2621 3340/4565/2620 3342/4567/2622
f 3343/4568/2623 3341/4566/2621 3342/4567/2622
f 3344/4569/2624 3345/4570/2625 3343/4568/2623
f 3346/4571/2626 3347/4572/2627 3344/4573/2624
f 3348/4574/2628 3349/4575/2629 3346/4571/2626
f 614/1155/2630 3350/4576/2631 3348/4574/2628
f 3331/4555/2610 965/1511/1165 960/1506/2632
f 3333/4557/2613 3351/4577/2173 3331/4555/2610
f 3335/4559/2615 3352/4578/2174 3333/4557/2613
f 3337/4579/2617 3353/4580/2175 3335/4581/2615
f 3339/4582/2619 3354/4583/2176 3337/4579/2617
f 3355/4584/2177 3339/4582/2619 3341/4585/2621
f 3356/4586/2178 3341/4585/2621 3345/4587/2625
f 3357/4588/2179 3345/4587/2625 3347/4589/2627
f 3358/4590/2180 3347/4572/2627 3349/4575/2629
f 3359/4591/2181 3349/4575/2629 3350/4576/2631
f 613/1154/1174 3350/4576/2631 608/1149/2633
f 3360/4592/830 965/1511/1165 3351/4577/2173
f 3361/4593/831 3351/4577/2173 3352/4578/2174
f 3362/4594/832 3352/4595/2174 3353/4596/2175
f 3363/4597/833 3353/4596/2175 3354/4598/2176
f 3364/4599/845 3354/4598/2176 3365/4600/2182
f 3366/4601/834 3365/4600/2182 3355/4602/2177
f 3367/4603/835 3355/4602/2177 3356/4604/2178
f 3368/4605/836 3356/4604/2178 3357/4606/2179
f 3369/4607/837 3357/4606/2179 3358/4608/2180
f 3370/4609/838 3358/4590/2180 3359/4591/2181
f 605/1146/839 3359/4591/2181 613/1154/1174
f 3371/4610/841 957/1503/828 3360/4592/830
f 3372/4611/842 3360/4592/830 3361/4593/831
f 3373/4612/843 3361/4613/831 3362/4614/832
f 3374/4615/844 3362/4614/832 3363/4616/833
f 3364/4617/845 3374/4615/844 3363/4616/833
f 3375/4618/853 3364/4617/845 3366/4619/834
f 3376/4620/847 3366/4619/834 3367/4621/835
f 3377/4622/848 3367/4621/835 3368/4623/836
f 3378/4624/849 3368/4623/836 3369/4625/837
f 3379/4626/850 3369/4627/837 3370/4609/838
f 607/1148/851 3370/4609/838 605/1146/839
f 3380/4628/2634 958/1504/852 3371/4610/841
f 3381/4629/2635 3371/4610/841 3372/4611/842
f 3382/4630/2636 3372/4611/842 3373/4631/843
f 3383/4632/2637 3373/4633/843 3374/4634/844
f 3384/4635/2638 3374/4634/844 3385/4636/846
f 3386/4637/2639 3385/4636/846 3375/4638/853
f 3376/4639/847 3386/4637/2639 3375/4638/853
f 3377/4640/848 3387/4641/2640 3376/4639/847
f 3378/4642/849 3388/4643/2641 3377/4644/848
f 3379/4626/850 3389/4645/2642 3378/4642/849
f 607/1148/851 3390/4646/2643 3379/4626/850
f 3391/4647/2644 959/1505/2645 3380/4628/2634
f 3392/4648/2646 3380/4628/2634 3381/4629/2635
f 3393/4649/2647 3381/4629/2635 3382/4630/2636
f 3394/4650/2648 3382/4651/2636 3383/4652/2637
f 3395/4653/2649 3383/4652/2637 3384/4654/2638
f 3396/4655/2650 3384/4654/2638 3386/4656/2639
f 3387/4657/2640 3396/4655/2650 3386/4656/2639
f 3388/4658/2641 3397/4659/2651 3387/4657/2640
f 3389/4645/2642 3398/4660/2652 3388/4643/2641
f 3390/4646/2643 3399/4661/2653 3389/4645/2642
f 606/1147/2654 3400/4662/2655 3390/4646/2643
f 3391/4647/2644 962/1508/852 961/1507/2656
f 3392/4648/2646 3401/4663/841 3391/4647/2644
f 3393/4664/2647 3402/4665/842 3392/4666/2646
f 3394/4667/2648 3403/4668/843 3393/4664/2647
f 3395/4669/2649 3404/4670/844 3394/4667/2648
f 3405/4671/853 3395/4669/2649 3396/4672/2650
f 3406/4673/847 3396/4672/2650 3397/4674/2651
f 3407/4675/848 3397/4674/2651 3398/4676/2652
f 3408/4677/849 3398/4676/2652 3399/4678/2653
f 3409/4679/850 3399/4661/2653 3400/4662/2655
f 611/1152/851 3400/4662/2655 609/1150/2657
f 3410/4680/2600 962/1508/852 3401/4663/841
f 3411/4681/2601 3401/4663/841 3402/4682/842
f 3403/4683/843 3411/4681/2601 3402/4682/842
f 3412/4684/2603 3403/4685/843 3404/4686/844
f 3413/4687/846 3412/4684/2603 3404/4686/844
f 3414/4688/2605 3413/4687/846 3405/4689/853
f 3415/4690/2606 3405/4689/853 3406/4691/847
f 3416/4692/2607 3406/4691/847 3407/4693/848
f 3408/4694/849 3416/4695/2607 3407/4696/848
f 3417/4697/2609 3408/4694/849 3409/4679/850
f 610/1151/1173 3409/4679/850 611/1152/851
f 3418/4698/2173 963/1509/1164 3410/4680/2600
f 3419/4699/2174 3410/4680/2600 3411/4681/2601
f 3420/4700/2175 3411/4681/2601 3421/4701/2602
f 3422/4702/2176 3421/4703/2602 3412/4704/2603
f 3423/4705/2182 3412/4704/2603 3424/4706/2604
f 3425/4707/2177 3424/4706/2604 3414/4708/2605
f 3415/4709/2606 3425/4707/2177 3414/4708/2605
f 3426/4710/2179 3415/4709/2606 3416/4711/2607
f 3427/4712/2180 3416/4695/2607 3428/4713/2608
f 3429/4714/2181 3428/4713/2608 3417/4697/2609
f 612/1153/1174 3417/4697/2609 610/1151/1173
f 3332/4556/2612 964/1510/1165 3418/4698/2173
f 3334/4558/2614 3418/4698/2173 3419/4699/2174
f 3336/4715/2616 3419/4716/2174 3420/4717/2175
f 3338/4718/2618 3420/4717/2175 3422/4719/2176
f 3340/4720/2620 3422/4719/2176 3423/4721/2182
f 3342/4722/2622 3423/4721/2182 3425/4723/2177
f 3430/4724/2178 3342/4722/2622 3425/4723/2177
f 3426/4725/2179 3343/4726/2623 3430/4724/2178
f 3427/4727/2180 3344/4728/2624 3426/4725/2179
f 3429/4714/2181 3346/4571/2626 3427/4712/2180
f 612/1153/1174 3348/4574/2628 3429/4714/2181
f 3431/4729/2658 956/1502/828 3432/4730/830
f 3433/4731/2659 3432/4730/830 3434/4732/831
f 3435/4733/2660 3434/4734/831 3436/4735/832
f 3437/4736/2661 3436/4735/832 3438/4737/833
f 3439/4738/2662 3438/4737/833 3440/4739/845
f 3441/4740/2663 3440/4739/845 3442/4741/834
f 3443/4742/835 3441/4740/2663 3442/4741/834
f 3444/4743/836 3445/4744/2664 3443/4742/835
f 3446/4745/837 3447/4746/2665 3444/4743/836
f 3448/4747/838 3449/4748/2666 3446/4749/837
f 604/1145/839 3450/4750/2667 3448/4747/838
f 3451/4751/2668 951/4752/828 3431/4753/2658
f 3452/4754/2669 3431/4753/2658 3433/4755/2659
f 3453/4756/2670 3433/4755/2659 3435/4757/2660
f 3454/4758/2671 3435/4759/2660 3437/4760/2661
f 3455/4761/2672 3437/4760/2661 3439/4762/2662
f 3456/4763/2673 3439/4762/2662 3441/4764/2663
f 3445/4765/2664 3456/4763/2673 3441/4764/2663
f 3447/4766/2665 3457/4767/2674 3445/4765/2664
f 3449/4768/2666 3458/4769/2675 3447/4770/2665
f 3450/4771/2667 3459/4772/2676 3449/4768/2666
f 599/4773/839 3460/4774/2677 3450/4771/2667
f 3451/4775/2668 955/1501/2678 950/1496/2678
f 3452/4776/2669 3461/4777/2679 3451/4775/2668
f 3453/4778/2670 3462/4779/2680 3452/4776/2669
f 3454/4780/2671 3463/4781/2681 3453/4782/2670
f 3455/4783/2672 3464/4784/2682 3454/4780/2671
f 3465/4785/2683 3455/4783/2672 3456/4786/2673
f 3466/4787/2684 3456/4786/2673 3457/4788/2674
f 3467/4789/2685 3457/4788/2674 3458/4790/2675
f 3468/4791/2686 3458/4792/2675 3459/4793/2676
f 3469/4794/2687 3459/4793/2676 3460/4795/2677
f 603/1144/2688 3460/4795/2677 598/1139/2688
f 3470/4796/2689 955/1501/2678 3461/4777/2679
f 3471/4797/2690 3461/4777/2679 3462/4779/2680
f 3472/4798/2691 3462/4799/2680 3463/4800/2681
f 3473/4801/2692 3463/4800/2681 3464/4802/2682
f 3474/4803/2693 3473/4801/2692 3464/4802/2682
f 3475/4804/2694 3474/4803/2693 3465/4805/2683
f 3476/4806/2695 3465/4805/2683 3466/4807/2684
f 3467/4808/2685 3476/4806/2695 3466/4807/2684
f 3477/4809/2696 3467/4808/2685 3468/4810/2686
f 3478/4811/2697 3468/4791/2686 3469/4794/2687
f 602/1143/2698 3469/4794/2687 603/1144/2688
f 3479/4812/2699 954/1500/2700 3470/4796/2689
f 3480/4813/2701 3470/4796/2689 3471/4797/2690
f 3481/4814/2702 3471/4797/2690 3472/4815/2691
f 3482/4816/2703 3472/4817/2691 3473/4818/2692
f 3483/4819/2704 3473/4818/2692 3484/4820/2705
f 3485/4821/2706 3484/4820/2705 3475/4822/2694
f 3476/4823/2695 3485/4821/2706 3475/4822/2694
f 3486/4824/2707 3487/4825/2708 3476/4823/2695
f 3477/4826/2696 3488/4827/2709 3486/4828/2707
f 3478/4811/2697 3489/4829/2710 3477/4826/2696
f 602/1143/2698 3490/4830/2711 3478/4811/2697
f 3479/4831/2699 945/4832/1165 946/4833/2700
f 3480/4834/2701 3491/4835/2712 3479/4831/2699
f 3481/4836/2702 3492/4837/2713 3480/4834/2701
f 3482/4838/2703 3493/4839/2714 3481/4840/2702
f 3483/4841/2704 3494/4842/2715 3482/4838/2703
f 3495/4843/2716 3483/4841/2704 3485/4844/2706
f 3496/4845/2717 3485/4844/2706 3487/4846/2708
f 3497/4847/2718 3487/4846/2708 3488/4848/2709
f 3498/4849/2719 3488/4850/2709 3489/4851/2710
f 3499/4852/2720 3489/4851/2710 3490/4853/2711
f 593/4854/1174 3490/4853/2711 594/4855/2698
f 3491/4856/2712 953/1499/1165 945/1491/1165
f 3492/4857/2713 3500/4858/2173 3491/4856/2712
f 3493/4859/2714 3501/4860/2174 3492/4857/2713
f 3494/4861/2715 3502/4862/2175 3493/4863/2714
f 3503/4864/2721 3504/4865/2176 3494/4861/2715
f 3505/4866/2177 3503/4864/2721 3495/4867/2716
f 3506/4868/2178 3495/4867/2716 3496/4869/2717
f 3507/4870/2179 3496/4869/2717 3497/4871/2718
f 3508/4872/2180 3497/4873/2718 3498/4874/2719
f 3509/4875/2181 3498/4874/2719 3499/4876/2720
f 601/1142/1174 3499/4876/2720 593/1134/1174
f 3510/4877/830 953/1499/1165 3500/4858/2173
f 3501/4860/2174 3510/4877/830 3500/4858/2173
f 3511/4878/832 3501/4879/2174 3502/4880/2175
f 3504/4881/2176 3511/4878/832 3502/4880/2175
f 3512/4882/845 3504/4881/2176 3513/4883/2182
f 3514/4884/834 3513/4883/2182 3505/4885/2177
f 3515/4886/835 3505/4885/2177 3506/4887/2178
f 3516/4888/836 3506/4887/2178 3507/4889/2179
f 3508/4890/2180 3516/4888/836 3507/4889/2179
f 3517/4891/838 3508/4872/2180 3509/4875/2181
f 590/1131/839 3509/4875/2181 601/1142/1174
f 3518/4892/841 942/1488/828 3510/4877/830
f 3519/4893/842 3510/4877/830 3520/4894/831
f 3521/4895/843 3520/4896/831 3511/4897/832
f 3522/4898/844 3511/4897/832 3523/4899/833
f 3512/4900/845 3522/4898/844 3523/4899/833
f 3524/4901/853 3512/4900/845 3514/4902/834
f 3525/4903/847 3514/4902/834 3515/4904/835
f 3526/4905/848 3515/4904/835 3516/4906/836
f 3527/4907/849 3516/4906/836 3528/4908/837
f 3529/4909/850 3528/4910/837 3517/4891/838
f 592/1133/851 3517/4891/838 590/1131/839
f 3530/4911/2722 943/1489/852 3518/4892/841
f 3531/4912/2723 3518/4892/841 3519/4893/842
f 3532/4913/2724 3519/4893/842 3521/4914/843
f 3533/4915/2725 3521/4916/843 3522/4917/844
f 3534/4918/2726 3522/4917/844 3535/4919/846
f 3536/4920/2727 3535/4919/846 3524/4921/853
f 3525/4922/847 3536/4920/2727 3524/4921/853
f 3526/4923/848 3537/4924/2728 3525/4922/847
f 3527/4925/849 3538/4926/2729 3526/4927/848
f 3529/4909/850 3539/4928/2730 3527/4925/849
f 592/1133/851 3540/4929/2731 3529/4909/850
f 3541/4930/2732 944/1490/2733 3530/4911/2722
f 3542/4931/2734 3530/4911/2722 3531/4912/2723
f 3543/4932/2735 3531/4912/2723 3532/4913/2724
f 3544/4933/2736 3532/4934/2724 3533/4935/2725
f 3545/4936/2737 3533/4935/2725 3534/4937/2726
f 3546/4938/2738 3534/4937/2726 3536/4939/2727
f 3537/4940/2728 3546/4938/2738 3536/4939/2727
f 3538/4941/2729 3547/4942/2739 3537/4940/2728
f 3539/4928/2730 3548/4943/2740 3538/4926/2729
f 3540/4929/2731 3549/4944/2741 3539/4928/2730
f 591/1132/2742 3550/4945/2743 3540/4929/2731
f 3541/4930/2732 948/1494/2744 947/1493/2745
f 3542/4931/2734 3551/4946/2746 3541/4930/2732
f 3543/4932/2735 3552/4947/2747 3542/4931/2734
f 3544/4948/2736 3553/4949/2748 3543/4950/2735
f 3545/4951/2737 3554/4952/2749 3544/4948/2736
f 3555/4953/2750 3545/4951/2737 3546/4954/2738
f 3556/4955/2751 3546/4954/2738 3547/4956/2739
f 3557/4957/2752 3547/4956/2739 3548/4958/2740
f 3558/4959/2753 3548/4943/2740 3549/4944/2741
f 3559/4960/2754 3549/4944/2741 3550/4945/2743
f 597/1138/2755 3550/4945/2743 595/1136/2756
f 3551/4946/2746 949/1495/1164 948/1494/2744
f 3552/4947/2747 3560/4961/2600 3551/4946/2746
f 3553/4962/2748 3561/4963/2601 3552/4947/2747
f 3554/4964/2749 3562/4965/2602 3553/4966/2748
f 3563/4967/2757 3564/4968/2603 3554/4964/2749
f 3565/4969/2605 3563/4967/2757 3555/4970/2750
f 3566/4971/2606 3555/4970/2750 3556/4972/2751
f 3567/4973/2607 3556/4972/2751 3557/4974/2752
f 3568/4975/2608 3557/4976/2752 3558/4959/2753
f 3569/4977/2609 3558/4959/2753 3559/4960/2754
f 596/1137/1173 3559/4960/2754 597/1138/2755
f 3570/4978/2173 949/1495/1164 3560/4961/2600
f 3571/4979/2174 3560/4961/2600 3561/4963/2601
f 3572/4980/2175 3561/4963/2601 3562/4981/2602
f 3573/4982/2176 3562/4983/2602 3564/4984/2603
f 3574/4985/2182 3564/4984/2603 3575/4986/2604
f 3576/4987/2177 3575/4986/2604 3565/4988/2605
f 3566/4989/2606 3576/4987/2177 3565/4988/2605
f 3577/4990/2179 3566/4989/2606 3567/4991/2607
f 3578/4992/2180 3567/4993/2607 3568/4975/2608
f 3579/4994/2181 3568/4975/2608 3569/4977/2609
f 600/1141/1174 3569/4977/2609 596/1137/1173
f 3432/4730/830 952/1498/1165 3570/4978/2173
f 3434/4732/831 3570/4978/2173 3571/4979/2174
f 3436/4995/832 3571/4996/2174 3572/4997/2175
f 3438/4998/833 3572/4997/2175 3573/4999/2176
f 3440/5000/845 3573/4999/2176 3574/5001/2182
f 3442/5002/834 3574/5001/2182 3576/5003/2177
f 3443/5004/835 3576/5003/2177 3580/5005/2178
f 3444/5006/836 3580/5005/2178 3577/5007/2179
f 3446/5008/837 3577/5007/2179 3578/5009/2180
f 3448/4747/838 3578/4992/2180 3579/4994/2181
f 604/1145/839 3579/4994/2181 600/1141/1174
f 3581/5010/2471 941/1487/2472 3582/5011/2473
f 3583/5012/2474 3582/5011/2473 3584/5013/2475
f 3585/5014/2758 3584/5013/2475 3586/5015/2477
f 3587/5016/2478 3586/5017/2477 3588/5018/2759
f 3589/5019/2480 3588/5018/2759 3590/5020/2481
f 3591/5021/2760 3590/5020/2481 3592/5022/2483
f 3593/5023/2484 3591/5021/2760 3592/5022/2483
f 3594/5024/2485 3595/5025/2486 3593/5023/2484
f 3596/5026/2487 3597/5027/2761 3594/5028/2485
f 3598/5029/2489 3599/5030/2490 3596/5026/2487
f 589/1130/2762 3600/5031/2492 3598/5029/2489
f 3601/5032/2493 939/1485/2472 3581/5010/2471
f 3602/5033/2494 3581/5010/2471 3583/5012/2474
f 3603/5034/2763 3583/5035/2474 3585/5036/2758
f 3604/5037/2496 3585/5036/2758 3587/5038/2478
f 3605/5039/2497 3587/5038/2478 3589/5040/2480
f 3606/5041/2498 3589/5040/2480 3591/5042/2760
f 3595/5043/2486 3606/5041/2498 3591/5042/2760
f 3597/5044/2761 3607/5045/2499 3595/5043/2486
f 3599/5046/2490 3608/5047/2764 3597/5044/2761
f 3600/5031/2492 3609/5048/2501 3599/5030/2490
f 587/1128/2762 3610/5049/2502 3600/5031/2492
f 3601/5032/2493 940/1486/2504 938/1484/2504
f 3602/5033/2494 3611/5050/2505 3601/5032/2493
f 3603/5051/2763 3612/5052/2765 3602/5033/2494
f 3604/5053/2496 3613/5054/2507 3603/5055/2763
f 3605/5056/2497 3614/5057/2508 3604/5053/2496
f 3615/5058/2509 3605/5056/2497 3606/5059/2498
f 3616/5060/2510 3606/5059/2498 3607/5061/2499
f 3617/5062/2511 3607/5061/2499 3608/5063/2764
f 3618/5064/2512 3608/5065/2764 3609/5048/2501
f 3619/5066/2513 3609/5048/2501 3610/5049/2502
f 588/1129/2514 3610/5049/2502 586/1127/2766
f 3611/5050/2505 931/1477/2515 940/1486/2504
f 3612/5052/2765 3620/5067/2516 3611/5050/2505
f 3613/5068/2507 3621/5069/2517 3612/5070/2765
f 3614/5071/2508 3622/5072/2518 3613/5068/2507
f 3623/5073/2519 3624/5074/2520 3614/5071/2508
f 3625/5075/2521 3623/5073/2519 3615/5076/2509
f 3626/5077/2522 3615/5076/2509 3616/5078/2510
f 3627/5079/2523 3616/5078/2510 3617/5080/2511
f 3628/5081/2524 3617/5080/2511 3618/5082/2512
f 3629/5083/2525 3618/5064/2512 3619/5066/2513
f 579/1120/2526 3619/5066/2513 588/1129/2514
f 3630/5084/2527 931/1477/2515 3620/5067/2516
f 3631/5085/2528 3620/5067/2516 3621/5086/2517
f 3632/5087/2529 3621/5086/2517 3622/5088/2518
f 3633/5089/2530 3622/5090/2518 3624/5091/2520
f 3634/5092/2531 3624/5091/2520 3635/5093/2532
f 3636/5094/2533 3635/5093/2532 3625/5095/2521
f 3626/5096/2522 3636/5094/2533 3625/5095/2521
f 3627/5097/2523 3637/5098/2534 3626/5096/2522
f 3628/5099/2524 3638/5100/2535 3627/5101/2523
f 3629/5083/2525 3639/5102/2536 3628/5099/2524
f 579/1120/2526 3640/5103/2537 3629/5083/2525
f 3641/5104/2538 932/1478/2539 3630/5084/2527
f 3642/5105/2540 3630/5084/2527 3631/5085/2528
f 3643/5106/2541 3631/5085/2528 3632/5087/2529
f 3644/5107/2542 3632/5108/2529 3633/5109/2530
f 3645/5110/2543 3633/5109/2530 3634/5111/2531
f 3646/5112/2544 3634/5111/2531 3636/5113/2533
f 3637/5114/2534 3646/5112/2544 3636/5113/2533
f 3638/5115/2535 3647/5116/2545 3637/5114/2534
f 3639/5102/2536 3648/5117/2546 3638/5100/2535
f 3640/5103/2537 3649/5118/2547 3639/5102/2536
f 581/1122/2548 3650/5119/2767 3640/5103/2537
f 3641/5104/2538 935/1481/2550 933/1479/2551
f 3642/5105/2540 3651/5120/2552 3641/5104/2538
f 3643/5106/2541 3652/5121/2553 3642/5105/2540
f 3644/5122/2542 3653/5123/2554 3643/5124/2541
f 3645/5125/2543 3654/5126/2555 3644/5122/2542
f 3655/5127/2556 3645/5125/2543 3646/5128/2544
f 3656/5129/2557 3646/5128/2544 3647/5130/2545
f 3657/5131/2558 3647/5130/2545 3648/5132/2546
f 3658/5133/2559 3648/5117/2546 3649/5118/2547
f 3659/5134/2560 3649/5118/2547 3650/5119/2767
f 583/1124/2561 3650/5119/2767 580/1121/2768
f 3582/5011/2473 935/1481/2550 3651/5120/2552
f 3584/5013/2475 3651/5120/2552 3652/5121/2553
f 3586/5135/2477 3652/5136/2553 3653/5137/2554
f 3588/5138/2759 3653/5137/2554 3654/5139/2555
f 3590/5140/2481 3654/5139/2555 3660/5141/2563
f 3592/5142/2483 3660/5141/2563 3655/5143/2556
f 3656/5144/2557 3592/5142/2483 3655/5143/2556
f 3657/5145/2558 3593/5146/2484 3656/5144/2557
f 3658/5147/2559 3594/5148/2485 3657/5145/2558
f 3659/5134/2560 3596/5026/2487 3658/5133/2559
f 583/1124/2561 3598/5029/2489 3659/5134/2560
f 3661/5149/2564 937/1483/2565 3662/5150/2566
f 3663/5151/2567 3662/5150/2566 3664/5152/2568
f 3665/5153/2769 3664/5152/2568 3666/5154/2570
f 3667/5155/2571 3666/5156/2570 3668/5157/2572
f 3669/5158/2573 3668/5157/2572 3670/5159/2574
f 3671/5160/2575 3670/5159/2574 3672/5161/2576
f 3673/5162/2577 3671/5160/2575 3672/5161/2576
f 3674/5163/2578 3675/5164/2579 3673/5162/2577
f 3676/5165/2580 3677/5166/2581 3674/5167/2578
f 3678/5168/2770 3679/5169/2583 3676/5165/2580
f 585/1126/2584 3680/5170/2585 3678/5168/2770
f 3661/5149/2564 936/1482/2586 934/1480/2587
f 3663/5151/2567 3681/5171/2588 3661/5149/2564
f 3665/5153/2769 3682/5172/2589 3663/5151/2567
f 3667/5173/2571 3683/5174/2590 3665/5175/2769
f 3669/5176/2573 3684/5177/2591 3667/5173/2571
f 3685/5178/2592 3669/5176/2573 3671/5179/2575
f 3686/5180/2593 3671/5179/2575 3675/5181/2579
f 3687/5182/2594 3675/5181/2579 3677/5183/2581
f 3688/5184/2595 3677/5166/2581 3679/5169/2583
f 3689/5185/2596 3679/5169/2583 3680/5170/2585
f 584/1125/2597 3680/5170/2585 582/1123/2598
f 3662/5150/2566 936/1482/2586 3681/5171/2588
f 3664/5152/2568 3681/5171/2588 3682/5172/2589
f 3666/5154/2570 3682/5172/2589 3683/5186/2590
f 3668/5187/2572 3683/5188/2590 3684/5189/2591
f 3670/5190/2574 3684/5189/2591 3690/5191/2599
f 3672/5192/2576 3690/5191/2599 3685/5193/2592
f 3686/5194/2593 3672/5192/2576 3685/5193/2592
f 3687/5195/2594 3673/5196/2577 3686/5194/2593
f 3688/5184/2595 3674/5167/2578 3687/5197/2594
f 3689/5185/2596 3676/5165/2580 3688/5184/2595
f 584/1125/2597 3678/5168/2770 3689/5185/2596
f 3691/5198/1472 842/1388/1473 841/1387/1474
f 3692/5199/1475 3693/5200/1476 3691/5198/1472
f 3694/5201/1477 3695/5202/2771 3692/5199/1475
f 3696/5203/1479 3697/5204/1480 3694/5205/1477
f 3698/5206/1481 3699/5207/1482 3696/5203/1479
f 3700/5208/1483 3698/5206/1481 3701/5209/1484
f 3702/5210/1485 3701/5209/1484 3703/5211/1486
f 3704/5212/1487 3703/5211/1486 3705/5213/1488
f 3706/5214/1489 3705/5215/1488 3707/5216/1490
f 3708/5217/1491 3707/5216/1490 3709/5218/1492
f 490/1031/1493 3709/5218/1492 489/1030/1494
f 3693/5200/1476 843/1389/1495 842/1388/1473
f 3695/5202/2771 3710/5219/1496 3693/5200/1476
f 3697/5220/1480 3711/5221/1497 3695/5202/2771
f 3699/5207/1482 3712/5222/1498 3697/5204/1480
f 3713/5223/1499 3714/5224/1500 3699/5207/1482
f 3715/5225/1501 3713/5223/1499 3700/5208/1483
f 3716/5226/1502 3700/5208/1483 3702/5210/1485
f 3717/5227/2772 3702/5210/1485 3704/5212/1487
f 3718/5228/1504 3704/5229/1487 3706/5214/1489
f 3719/5230/1505 3706/5214/1489 3708/5217/1491
f 491/1032/1506 3708/5217/1491 490/1031/1493
f 3710/5219/1496 844/1390/1507 843/1389/1495
f 3711/5221/1497 3720/5231/1508 3710/5219/1496
f 3712/5232/1498 3721/5233/1509 3711/5221/1497
f 3714/5224/1500 3722/5234/1510 3712/5222/1498
f 3723/5235/1511 3724/5236/1512 3714/5224/1500
f 3725/5237/1513 3723/5235/1511 3715/5225/1501
f 3726/5238/1514 3715/5225/1501 3716/5226/1502
f 3727/5239/1515 3716/5226/1502 3717/5227/2772
f 3728/5240/2773 3717/5241/2772 3718/5228/1504
f 3729/5242/1517 3718/5228/1504 3719/5230/1505
f 492/1033/1518 3719/5230/1505 491/1032/1506
f 3720/5231/1508 845/1391/1519 844/1390/1507
f 3721/5233/1509 3730/5243/1520 3720/5231/1508
f 3722/5244/1510 3731/5245/1521 3721/5233/1509
f 3724/5236/1512 3732/5246/1522 3722/5234/1510
f 3733/5247/1523 3734/5248/1524 3724/5236/1512
f 3735/5249/1525 3733/5247/1523 3725/5237/1513
f 3736/5250/1526 3725/5237/1513 3726/5238/1514
f 3737/5251/1527 3726/5238/1514 3727/5239/1515
f 3738/5252/1528 3727/5253/1515 3728/5240/2773
f 3739/5254/1529 3728/5240/2773 3729/5242/1517
f 493/1034/1530 3729/5242/1517 492/1033/1518
f 3730/5243/1520 846/1392/589 845/1391/1519
f 3731/5245/1521 3740/5255/1531 3730/5243/1520
f 3732/5256/1522 3741/5257/1532 3731/5245/1521
f 3734/5248/1524 3742/5258/1533 3732/5246/1522
f 3743/5259/1534 3744/5260/1535 3734/5248/1524
f 3745/5261/1536 3743/5259/1534 3735/5249/1525
f 3746/5262/1537 3735/5249/1525 3736/5250/1526
f 3747/5263/1538 3736/5250/1526 3737/5251/1527
f 3748/5264/1539 3737/5265/1527 3738/5252/1528
f 3749/5266/2774 3738/5252/1528 3739/5254/1529
f 494/1035/600 3739/5254/1529 493/1034/1530
f 3740/5255/1531 847/1393/1541 846/1392/589
f 3741/5257/1532 3750/5267/1542 3740/5255/1531
f 3742/5268/1533 3751/5269/1543 3741/5257/1532
f 3744/5260/1535 3752/5270/1544 3742/5258/1533
f 3753/5271/1545 3754/5272/1546 3744/5260/1535
f 3755/5273/1547 3753/5271/1545 3745/5261/1536
f 3756/5274/1548 3745/5261/1536 3746/5262/1537
f 3757/5275/1549 3746/5262/1537 3747/5263/1538
f 3758/5276/1550 3747/5277/1538 3748/5264/1539
f 3759/5278/1551 3748/5264/1539 3749/5266/2774
f 495/1036/1552 3749/5266/2774 494/1035/600
f 3750/5267/1542 849/1395/1553 847/1393/1541
f 3751/5269/1543 3760/5279/1554 3750/5267/1542
f 3752/5280/1544 3761/5281/1555 3751/5269/1543
f 3754/5282/1546 3762/5283/1556 3752/5284/1544
f 3763/5285/1557 3764/5286/1558 3754/5282/1546
f 3765/5287/1559 3763/5285/1557 3755/5288/1547
f 3766/5289/1560 3755/5288/1547 3756/5290/1548
f 3767/5291/1561 3756/5290/1548 3757/5292/1549
f 3768/5293/1562 3757/5294/1549 3758/5276/1550
f 3769/5295/2775 3758/5276/1550 3759/5278/1551
f 497/1038/1564 3759/5278/1551 495/1036/1552
f 3770/5296/1565 849/1395/1553 3760/5279/1554
f 3771/5297/1566 3760/5279/1554 3761/5281/1555
f 3772/5298/2776 3761/5281/1555 3762/5299/1556
f 3773/5300/1568 3762/5283/1556 3764/5286/1558
f 3774/5301/1569 3764/5286/1558 3775/5302/1570
f 3776/5303/1571 3775/5302/1570 3765/5287/1559
f 3766/5289/1560 3776/5303/1571 3765/5287/1559
f 3767/5291/1561 3777/5304/1572 3766/5289/1560
f 3768/5293/1562 3778/5305/1573 3767/5306/1561
f 3769/5295/2775 3779/5307/1574 3768/5293/1562
f 497/1038/1564 3780/5308/1575 3769/5295/2775
f 3781/5309/1576 854/1400/1577 3770/5296/1565
f 3782/5310/1578 3770/5296/1565 3771/5297/1566
f 3783/5311/1579 3771/5297/1566 3772/5298/2776
f 3784/5312/1580 3772/5313/2776 3773/5300/1568
f 3785/5314/1581 3773/5300/1568 3774/5301/1569
f 3786/5315/1582 3774/5301/1569 3776/5303/1571
f 3777/5304/1572 3786/5315/1582 3776/5303/1571
f 3778/5316/1573 3787/5317/1583 3777/5304/1572
f 3779/5307/1574 3788/5318/1584 3778/5305/1573
f 3780/5308/1575 3789/5319/1585 3779/5307/1574
f 502/1043/1586 3790/5320/1587 3780/5308/1575
f 3791/5321/1588 858/1404/1589 3781/5309/1576
f 3792/5322/1590 3781/5309/1576 3782/5310/1578
f 3793/5323/1591 3782/5310/1578 3783/5311/1579
f 3794/5324/1592 3783/5325/1579 3784/5312/1580
f 3795/5326/1593 3784/5312/1580 3785/5314/1581
f 3796/5327/1594 3785/5314/1581 3786/5315/1582
f 3787/5317/1583 3796/5327/1594 3786/5315/1582
f 3788/5328/1584 3797/5329/1595 3787/5317/1583
f 3789/5319/1585 3798/5330/1596 3788/5318/1584
f 3790/5320/1587 3799/5331/1597 3789/5319/1585
f 506/1047/1598 3800/5332/1599 3790/5320/1587
f 3801/5333/372 862/1408/1600 3791/5321/1588
f 3802/5334/1601 3791/5321/1588 3792/5322/1590
f 3803/5335/1602 3792/5322/1590 3793/5323/1591
f 3804/5336/1603 3793/5337/1591 3794/5324/1592
f 3805/5338/1604 3794/5324/1592 3795/5326/1593
f 3806/5339/1605 3795/5326/1593 3796/5327/1594
f 3797/5329/1595 3806/5339/1605 3796/5327/1594
f 3798/5340/1596 3807/5341/1606 3797/5329/1595
f 3799/5331/1597 3808/5342/1607 3798/5330/1596
f 3800/5332/1599 3809/5343/1608 3799/5331/1597
f 510/1051/1609 3810/5344/383 3800/5332/1599
f 3811/5345/1610 865/1411/1611 3801/5333/372
f 3812/5346/1612 3801/5333/372 3802/5334/1601
f 3813/5347/1613 3802/5334/1601 3803/5335/1602
f 3814/5348/1614 3803/5349/1602 3804/5336/1603
f 3815/5350/1615 3804/5336/1603 3805/5338/1604
f 3816/5351/1616 3805/5338/1604 3806/5339/1605
f 3807/5341/1606 3816/5351/1616 3806/5339/1605
f 3808/5352/1607 3817/5353/1617 3807/5341/1606
f 3809/5343/1608 3818/5354/1618 3808/5342/1607
f 3810/5344/383 3819/5355/1619 3809/5343/1608
f 513/1054/1620 3820/5356/1621 3810/5344/383
f 3811/5345/1610 870/1416/1622 868/1414/1623
f 3812/5346/1612 3821/5357/2777 3811/5345/1610
f 3813/5347/1613 3822/5358/1625 3812/5346/1612
f 3814/5348/1614 3823/5359/1626 3813/5360/1613
f 3815/5350/1615 3824/5361/1627 3814/5348/1614
f 3825/5362/1628 3815/5350/1615 3816/5351/1616
f 3826/5363/1629 3816/5351/1616 3817/5353/1617
f 3827/5364/1630 3817/5353/1617 3818/5365/1618
f 3828/5366/1631 3818/5354/1618 3819/5355/1619
f 3829/5367/1632 3819/5355/1619 3820/5356/1621
f 518/1059/1633 3820/5356/1621 516/1057/1634
f 3821/5357/2777 873/1419/1635 870/1416/1622
f 3822/5358/1625 3830/5368/1636 3821/5357/2777
f 3823/5369/1626 3831/5370/1637 3822/5358/1625
f 3824/5361/1627 3832/5371/1638 3823/5359/1626
f 3833/5372/1639 3834/5373/1640 3824/5361/1627
f 3835/5374/1641 3833/5372/1639 3825/5362/1628
f 3836/5375/1642 3825/5362/1628 3826/5363/1629
f 3837/5376/1643 3826/5363/1629 3827/5364/1630
f 3838/5377/1644 3827/5378/1630 3828/5366/1631
f 3839/5379/1645 3828/5366/1631 3829/5367/1632
f 521/1062/1646 3829/5367/1632 518/1059/1633
f 3830/5368/1636 875/1421/421 873/1419/1635
f 3831/5370/1637 3840/5380/1647 3830/5368/1636
f 3832/5381/1638 3841/5382/1648 3831/5370/1637
f 3834/5373/1640 3842/5383/1649 3832/5371/1638
f 3843/5384/2778 3844/5385/426 3834/5373/1640
f 3845/5386/1651 3843/5384/2778 3835/5374/1641
f 3846/5387/428 3835/5374/1641 3836/5375/1642
f 3847/5388/1652 3836/5375/1642 3837/5376/1643
f 3848/5389/1653 3837/5390/1643 3838/5377/1644
f 3849/5391/1654 3838/5377/1644 3839/5379/1645
f 523/1064/432 3839/5379/1645 521/1062/1646
f 3840/5380/1647 877/1423/1655 875/1421/421
f 3841/5382/1648 3850/5392/1656 3840/5380/1647
f 3842/5393/1649 3851/5394/1657 3841/5382/1648
f 3844/5385/426 3852/5395/1658 3842/5383/1649
f 3853/5396/1659 3854/5397/1660 3844/5385/426
f 3855/5398/1661 3853/5396/1659 3845/5386/1651
f 3856/5399/1662 3845/5386/1651 3846/5387/428
f 3857/5400/1663 3846/5387/428 3847/5388/1652
f 3858/5401/1664 3847/5402/1652 3848/5389/1653
f 3859/5403/1665 3848/5389/1653 3849/5391/1654
f 525/1066/1666 3849/5391/1654 523/1064/432
f 3850/5392/1656 880/1426/1667 877/1423/1655
f 3851/5394/1657 3860/5404/1668 3850/5392/1656
f 3852/5405/1658 3861/5406/1669 3851/5394/1657
f 3854/5397/1660 3862/5407/1670 3852/5395/1658
f 3863/5408/1671 3854/5397/1660 3864/5409/2779
f 3865/5410/1673 3864/5409/2779 3855/5398/1661
f 3856/5399/1662 3865/5410/1673 3855/5398/1661
f 3866/5411/1674 3856/5399/1662 3857/5400/1663
f 3867/5412/1675 3857/5413/1663 3858/5401/1664
f 3868/5414/1676 3858/5401/1664 3859/5403/1665
f 528/1069/1677 3859/5403/1665 525/1066/1666
f 3869/5415/1678 880/1426/1667 3860/5404/1668
f 3870/5416/1679 3860/5404/1668 3861/5406/1669
f 3871/5417/1680 3861/5406/1669 3862/5418/1670
f 3872/5419/1681 3862/5407/1670 3873/5420/1682
f 3874/5421/1683 3873/5420/1682 3863/5408/1671
f 3875/5422/1684 3863/5408/1671 3865/5410/1673
f 3876/5423/1685 3875/5422/1684 3865/5410/1673
f 3866/5411/1674 3877/5424/1686 3876/5423/1685
f 3867/5412/1675 3878/5425/1687 3866/5426/1674
f 3868/5414/1676 3879/5427/1688 3867/5412/1675
f 528/1069/1677 3880/5428/1689 3868/5414/1676
f 3881/5429/1690 883/1429/1691 3869/5415/1678
f 3882/5430/1692 3869/5415/1678 3870/5416/1679
f 3883/5431/1693 3870/5416/1679 3871/5417/1680
f 3884/5432/1694 3871/5433/1680 3872/5419/1681
f 3885/5434/1695 3872/5419/1681 3874/5421/1683
f 3886/5435/1696 3874/5421/1683 3875/5422/1684
f 3877/5424/1686 3886/5435/1696 3875/5422/1684
f 3878/5436/1687 3887/5437/1697 3877/5424/1686
f 3879/5427/1688 3888/5438/1698 3878/5425/1687
f 3880/5428/1689 3889/5439/1699 3879/5427/1688
f 531/1072/1700 3890/5440/1701 3880/5428/1689
f 3891/5441/1702 887/1433/745 3881/5429/1690
f 3892/5442/1703 3881/5429/1690 3882/5430/1692
f 3893/5443/1704 3882/5430/1692 3883/5431/1693
f 3894/5444/1705 3883/5445/1693 3884/5446/1694
f 3895/5447/1706 3884/5446/1694 3885/5448/1695
f 3896/5449/1707 3885/5448/1695 3886/5450/1696
f 3887/5451/1697 3896/5449/1707 3886/5450/1696
f 3888/5452/1698 3897/5453/1708 3887/5451/1697
f 3889/5439/1699 3898/5454/1709 3888/5438/1698
f 3890/5440/1701 3899/5455/1710 3889/5439/1699
f 535/1076/756 3900/5456/1711 3890/5440/1701
f 3901/5457/1712 888/1434/1713 3891/5441/1702
f 3902/5458/1714 3891/5441/1702 3892/5442/1703
f 3903/5459/1715 3892/5442/1703 3893/5443/1704
f 3904/5460/1716 3893/5461/1704 3894/5444/1705
f 3905/5462/1717 3894/5444/1705 3895/5447/1706
f 3906/5463/1718 3895/5447/1706 3896/5449/1707
f 3897/5453/1708 3906/5463/1718 3896/5449/1707
f 3898/5464/1709 3907/5465/1719 3897/5453/1708
f 3899/5455/1710 3908/5466/1720 3898/5454/1709
f 3900/5456/1711 3909/5467/1721 3899/5455/1710
f 536/1077/1722 3910/5468/1723 3900/5456/1711
f 3911/5469/1724 889/1435/1725 3901/5457/1712
f 3912/5470/1726 3901/5457/1712 3902/5458/1714
f 3913/5471/1727 3902/5458/1714 3903/5459/1715
f 3914/5472/1728 3903/5473/1715 3904/5460/1716
f 3915/5474/1729 3904/5460/1716 3905/5462/1717
f 3916/5475/1730 3905/5462/1717 3906/5463/1718
f 3907/5465/1719 3916/5475/1730 3906/5463/1718
f 3908/5476/1720 3917/5477/1731 3907/5465/1719
f 3909/5467/1721 3918/5478/1732 3908/5466/1720
f 3910/5468/1723 3919/5479/1733 3909/5467/1721
f 537/1078/1734 3920/5480/1735 3910/5468/1723
f 3921/5481/1736 890/1436/1737 3911/5469/1724
f 3922/5482/1738 3911/5469/1724 3912/5470/1726
f 3923/5483/1739 3912/5470/1726 3913/5471/1727
f 3924/5484/1740 3913/5485/1727 3914/5472/1728
f 3925/5486/1741 3914/5472/1728 3915/5474/1729
f 3926/5487/1742 3915/5474/1729 3916/5475/1730
f 3917/5477/1731 3926/5487/1742 3916/5475/1730
f 3918/5488/1732 3927/5489/1743 3917/5477/1731
f 3919/5479/1733 3928/5490/1744 3918/5478/1732
f 3920/5480/1735 3929/5491/1745 3919/5479/1733
f 538/1079/1746 3930/5492/1747 3920/5480/1735
f 3921/5481/1736 892/1438/1748 891/1437/1749
f 3922/5482/1738 3931/5493/1750 3921/5481/1736
f 3923/5483/1739 3932/5494/1751 3922/5482/1738
f 3924/5495/1740 3933/5496/1752 3923/5497/1739
f 3925/5498/1741 3934/5499/1753 3924/5495/1740
f 3935/5500/1754 3925/5498/1741 3926/5501/1742
f 3936/5502/1755 3926/5501/1742 3927/5503/1743
f 3937/5504/1756 3927/5503/1743 3928/5505/1744
f 3938/5506/1757 3928/5490/1744 3929/5491/1745
f 3939/5507/1758 3929/5491/1745 3930/5492/1747
f 540/1081/1759 3930/5492/1747 539/1080/1760
f 3940/5508/1761 892/1438/1748 3931/5493/1750
f 3941/5509/1762 3931/5493/1750 3932/5494/1751
f 3942/5510/1763 3932/5494/1751 3933/5511/1752
f 3943/5512/1764 3933/5496/1752 3934/5499/1753
f 3944/5513/1765 3934/5499/1753 3945/5514/1766
f 3946/5515/1767 3945/5514/1766 3935/5500/1754
f 3936/5502/1755 3946/5515/1767 3935/5500/1754
f 3937/5504/1756 3947/5516/1768 3936/5502/1755
f 3938/5506/1757 3948/5517/1769 3937/5518/1756
f 3939/5507/1758 3949/5519/1770 3938/5506/1757
f 540/1081/1759 3950/5520/1771 3939/5507/1758
f 3951/5521/1772 893/1439/1773 3940/5508/1761
f 3952/5522/1774 3940/5508/1761 3941/5509/1762
f 3953/5523/1775 3941/5509/1762 3942/5510/1763
f 3954/5524/1776 3942/5525/1763 3943/5512/1764
f 3955/5526/1777 3943/5512/1764 3944/5513/1765
f 3956/5527/1778 3944/5513/1765 3946/5515/1767
f 3947/5516/1768 3956/5527/1778 3946/5515/1767
f 3948/5528/1769 3957/5529/1779 3947/5516/1768
f 3949/5519/1770 3958/5530/1780 3948/5517/1769
f 3950/5520/1771 3959/5531/1781 3949/5519/1770
f 541/1082/2780 3960/5532/1783 3950/5520/1771
f 3961/5533/1784 896/1442/1785 3951/5521/1772
f 3962/5534/1786 3951/5521/1772 3952/5522/1774
f 3963/5535/1787 3952/5522/1774 3953/5523/1775
f 3964/5536/1788 3953/5537/1775 3954/5524/1776
f 3965/5538/1789 3954/5524/1776 3955/5526/1777
f 3966/5539/1790 3955/5526/1777 3956/5527/1778
f 3957/5529/1779 3966/5539/1790 3956/5527/1778
f 3958/5540/1780 3967/5541/1791 3957/5529/1779
f 3959/5531/1781 3968/5542/1792 3958/5530/1780
f 3960/5532/1783 3969/5543/1793 3959/5531/1781
f 544/1085/1794 3970/5544/1795 3960/5532/1783
f 3971/5545/1796 901/1447/1797 3961/5533/1784
f 3972/5546/1798 3961/5533/1784 3962/5534/1786
f 3973/5547/1799 3962/5534/1786 3963/5535/1787
f 3974/5548/1800 3963/5549/1787 3964/5550/1788
f 3975/5551/2781 3964/5550/1788 3965/5552/1789
f 3976/5553/1802 3965/5552/1789 3966/5554/1790
f 3967/5555/1791 3976/5553/1802 3966/5554/1790
f 3968/5556/1792 3977/5557/1803 3967/5555/1791
f 3969/5543/1793 3978/5558/1804 3968/5542/1792
f 3970/5544/1795 3979/5559/1805 3969/5543/1793
f 549/1090/1806 3980/5560/1807 3970/5544/1795
f 3981/5561/1808 904/1450/1809 3971/5545/1796
f 3982/5562/1810 3971/5545/1796 3972/5546/1798
f 3983/5563/1811 3972/5546/1798 3973/5547/1799
f 3984/5564/1812 3973/5565/1799 3974/5548/1800
f 3985/5566/1813 3974/5548/1800 3975/5551/2781
f 3986/5567/1814 3975/5551/2781 3976/5553/1802
f 3977/5557/1803 3986/5567/1814 3976/5553/1802
f 3978/5568/1804 3987/5569/2782 3977/5557/1803
f 3979/5559/1805 3988/5570/1816 3978/5558/1804
f 3980/5560/1807 3989/5571/1817 3979/5559/1805
f 552/1093/1818 3990/5572/1819 3980/5560/1807
f 3991/5573/1820 906/1452/1821 3981/5561/1808
f 3992/5574/1822 3981/5561/1808 3982/5562/1810
f 3993/5575/1823 3982/5562/1810 3983/5563/1811
f 3994/5576/1824 3983/5577/1811 3984/5564/1812
f 3995/5578/1825 3984/5564/1812 3985/5566/1813
f 3996/5579/1826 3985/5566/1813 3986/5567/1814
f 3987/5569/2782 3996/5579/1826 3986/5567/1814
f 3988/5580/1816 3997/5581/1827 3987/5569/2782
f 3989/5571/1817 3998/5582/1828 3988/5570/1816
f 3990/5572/1819 3999/5583/1829 3989/5571/1817
f 554/1095/1830 4000/5584/1831 3990/5572/1819
f 4001/5585/1832 908/1454/1833 3991/5573/1820
f 4002/5586/1834 3991/5573/1820 3992/5574/1822
f 4003/5587/1835 3992/5574/1822 3993/5575/1823
f 4004/5588/1836 3993/5589/1823 3994/5576/1824
f 4005/5590/1837 3994/5576/1824 3995/5578/1825
f 4006/5591/1838 3995/5578/1825 3996/5579/1826
f 3997/5581/1827 4006/5591/1838 3996/5579/1826
f 3998/5592/1828 4007/5593/1839 3997/5581/1827
f 3999/5583/1829 4008/5594/1840 3998/5582/1828
f 4000/5584/1831 4009/5595/2783 3999/5583/1829
f 556/1097/1842 4010/5596/1843 4000/5584/1831
f 4011/5597/1844 910/1456/1845 4001/5585/1832
f 4012/5598/1846 4001/5585/1832 4002/5586/1834
f 4013/5599/1847 4002/5586/1834 4003/5587/1835
f 4014/5600/1848 4003/5601/1835 4004/5588/1836
f 4015/5602/1849 4004/5588/1836 4005/5590/1837
f 4016/5603/1850 4005/5590/1837 4006/5591/1838
f 4007/5593/1839 4016/5603/1850 4006/5591/1838
f 4008/5604/1840 4017/5605/1851 4007/5593/1839
f 4009/5595/2783 4018/5606/1852 4008/5594/1840
f 4010/5596/1843 4019/5607/1853 4009/5595/2783
f 558/1099/1854 4020/5608/1855 4010/5596/1843
f 4021/5609/2784 912/1458/1857 4011/5597/1844
f 4022/5610/1858 4011/5597/1844 4012/5598/1846
f 4023/5611/1859 4012/5598/1846 4013/5599/1847
f 4024/5612/1860 4013/5613/1847 4014/5600/1848
f 4025/5614/1861 4014/5600/1848 4015/5602/1849
f 4026/5615/1862 4015/5602/1849 4016/5603/1850
f 4017/5605/1851 4026/5615/1862 4016/5603/1850
f 4018/5616/1852 4027/5617/1863 4017/5605/1851
f 4019/5607/1853 4028/5618/1864 4018/5606/1852
f 4020/5608/1855 4029/5619/1865 4019/5607/1853
f 560/1101/2785 4030/5620/2786 4020/5608/1855
f 4031/5621/1868 914/1460/1869 4021/5609/2784
f 4032/5622/1870 4021/5609/2784 4022/5610/1858
f 4033/5623/1871 4022/5610/1858 4023/5611/1859
f 4034/5624/1872 4023/5625/1859 4024/5612/1860
f 4035/5626/1873 4024/5612/1860 4025/5614/1861
f 4036/5627/1874 4025/5614/1861 4026/5615/1862
f 4027/5617/1863 4036/5627/1874 4026/5615/1862
f 4028/5628/1864 4037/5629/1875 4027/5617/1863
f 4029/5619/1865 4038/5630/1876 4028/5618/1864
f 4030/5620/2786 4039/5631/1877 4029/5619/1865
f 562/1103/1878 4040/5632/1879 4030/5620/2786
f 4041/5633/1868 915/1461/1880 4031/5621/1868
f 4042/5634/1881 4031/5621/1868 4032/5622/1870
f 4043/5635/1882 4032/5622/1870 4033/5623/1871
f 4044/5636/1883 4033/5637/1871 4034/5624/1872
f 4045/5638/1884 4034/5624/1872 4035/5626/1873
f 4046/5639/1885 4035/5626/1873 4036/5627/1874
f 4037/5629/1875 4046/5639/1885 4036/5627/1874
f 4038/5640/1876 4047/5641/1886 4037/5629/1875
f 4039/5631/1877 4048/5642/1887 4038/5630/1876
f 4040/5632/1879 4049/5643/1888 4039/5631/1877
f 563/1104/1889 4050/5644/1879 4040/5632/1879
f 4051/5645/1890 917/1463/1880 4041/5633/1868
f 4052/5646/1891 4041/5633/1868 4042/5634/1881
f 4053/5647/1892 4042/5634/1881 4043/5635/1882
f 4054/5648/1893 4043/5649/1882 4044/5636/1883
f 4055/5650/1894 4044/5636/1883 4045/5638/1884
f 4056/5651/1895 4045/5638/1884 4046/5639/1885
f 4047/5641/1886 4056/5651/1895 4046/5639/1885
f 4048/5652/1887 4057/5653/1896 4047/5641/1886
f 4049/5643/1888 4058/5654/1897 4048/5642/1887
f 4050/5644/1879 4059/5655/1898 4049/5643/1888
f 565/1106/1889 4060/5656/1899 4050/5644/1879
f 4061/5657/1900 919/1465/1553 4051/5645/1890
f 4062/5658/1901 4051/5645/1890 4052/5646/1891
f 4063/5659/1902 4052/5646/1891 4053/5647/1892
f 4064/5660/1903 4053/5661/1892 4054/5648/1893
f 4065/5662/1849 4054/5648/1893 4055/5650/1894
f 4066/5663/1850 4055/5650/1894 4056/5651/1895
f 4057/5653/1896 4066/5663/1850 4056/5651/1895
f 4058/5664/1897 4067/5665/1904 4057/5653/1896
f 4059/5655/1898 4068/5666/1905 4058/5654/1897
f 4060/5656/1899 4069/5667/1906 4059/5655/1898
f 567/1108/1878 4070/5668/1907 4060/5656/1899
f 4071/5669/1908 920/1466/1857 4061/5657/1900
f 4072/5670/1909 4061/5657/1900 4062/5658/1901
f 4073/5671/1910 4062/5658/1901 4063/5659/1902
f 4074/5672/1911 4063/5673/1902 4064/5660/1903
f 4065/5662/1849 4074/5672/1911 4064/5660/1903
f 4075/5674/2787 4065/5662/1849 4066/5663/1850
f 4076/5675/1913 4066/5663/1850 4067/5665/1904
f 4068/5676/1905 4076/5675/1913 4067/5665/1904
f 4069/5667/1906 4077/5677/1914 4068/5666/1905
f 4070/5668/1907 4078/5678/1915 4069/5667/1906
f 568/1109/2785 4079/5679/1916 4070/5668/1907
f 4071/5669/1908 922/1468/1845 921/1467/1917
f 4072/5670/1909 4080/5680/1918 4071/5669/1908
f 4073/5671/1910 4081/5681/1919 4072/5670/1909
f 4074/5672/1911 4082/5682/1920 4073/5683/1910
f 4083/5684/2788 4084/5685/1922 4074/5672/1911
f 4085/5686/1923 4083/5684/2788 4075/5674/2787
f 4086/5687/1924 4075/5674/2787 4076/5675/1913
f 4087/5688/1925 4076/5675/1913 4077/5689/1914
f 4088/5690/1926 4077/5677/1914 4078/5678/1915
f 4089/5691/1927 4078/5678/1915 4079/5679/1916
f 570/1111/1854 4079/5679/1916 569/1110/1928
f 4080/5680/1918 923/1469/1929 922/1468/1845
f 4081/5681/1919 4090/5692/1930 4080/5680/1918
f 4082/5693/1920 4091/5694/1931 4081/5681/1919
f 4084/5685/1922 4092/5695/1932 4082/5682/1920
f 4093/5696/2789 4094/5697/1934 4084/5685/1922
f 4095/5698/2790 4093/5696/2789 4085/5686/1923
f 4096/5699/1936 4085/5686/1923 4086/5687/1924
f 4097/5700/1937 4086/5687/1924 4087/5688/1925
f 4098/5701/1938 4087/5702/1925 4088/5690/1926
f 4099/5703/1939 4088/5690/1926 4089/5691/1927
f 571/1112/1940 4089/5691/1927 570/1111/1854
f 4090/5692/1930 924/1470/1941 923/1469/1929
f 4091/5694/1931 4100/5704/1942 4090/5692/1930
f 4092/5705/1932 4101/5706/1943 4091/5694/1931
f 4094/5697/1934 4102/5707/1944 4092/5695/1932
f 4103/5708/1945 4104/5709/1946 4094/5697/1934
f 4105/5710/1947 4103/5708/1945 4095/5698/2790
f 4106/5711/1948 4095/5698/2790 4096/5699/1936
f 4107/5712/1949 4096/5699/1936 4097/5700/1937
f 4108/5713/1950 4097/5714/1937 4098/5701/1938
f 4109/5715/1951 4098/5701/1938 4099/5703/1939
f 572/1113/1952 4099/5703/1939 571/1112/1940
f 4100/5704/1942 925/1471/1833 924/1470/1941
f 4101/5706/1943 4110/5716/1953 4100/5704/1942
f 4102/5717/1944 4111/5718/1954 4101/5706/1943
f 4104/5709/1946 4112/5719/1955 4102/5707/1944
f 4113/5720/1956 4114/5721/1957 4104/5709/1946
f 4115/5722/2791 4113/5720/1956 4105/5710/1947
f 4116/5723/1959 4105/5710/1947 4106/5711/1948
f 4117/5724/1960 4106/5711/1948 4107/5712/1949
f 4118/5725/1961 4107/5726/1949 4108/5713/1950
f 4119/5727/1962 4108/5713/1950 4109/5715/1951
f 573/1114/1842 4109/5715/1951 572/1113/1952
f 4110/5716/1953 926/1472/613 925/1471/1833
f 4111/5718/1954 4120/5728/1963 4110/5716/1953
f 4112/5729/1955 4121/5730/1964 4111/5718/1954
f 4114/5721/1957 4122/5731/1965 4112/5719/1955
f 4123/5732/2792 4124/5733/1967 4114/5721/1957
f 4125/5734/1968 4123/5732/2792 4115/5722/2791
f 4126/5735/1969 4115/5722/2791 4116/5723/1959
f 4127/5736/1970 4116/5723/1959 4117/5724/1960
f 4128/5737/1971 4117/5738/1960 4118/5725/1961
f 4129/5739/1972 4118/5725/1961 4119/5727/1962
f 574/1115/624 4119/5727/1962 573/1114/1842
f 4120/5728/1963 927/1473/613 926/1472/613
f 4121/5730/1964 4130/5740/1973 4120/5728/1963
f 4122/5741/1965 4131/5742/1974 4121/5730/1964
f 4124/5733/1967 4132/5743/1975 4122/5731/1965
f 4133/5744/1976 4134/5745/1977 4124/5733/1967
f 4135/5746/1978 4133/5744/1976 4125/5734/1968
f 4136/5747/1979 4125/5734/1968 4126/5735/1969
f 4137/5748/1980 4126/5735/1969 4127/5736/1970
f 4138/5749/1981 4127/5750/1970 4128/5737/1971
f 4139/5751/1982 4128/5737/1971 4129/5739/1972
f 575/1116/624 4129/5739/1972 574/1115/624
f 4130/5740/1973 928/1474/1983 927/1473/613
f 4131/5742/1974 4140/5752/1995 4130/5740/1973
f 4132/5753/1975 4141/5754/1985 4131/5742/1974
f 4134/5745/1977 4142/5755/1986 4132/5743/1975
f 4143/5756/1987 4144/5757/1988 4134/5745/1977
f 4145/5758/1989 4143/5756/1987 4135/5746/1978
f 4146/5759/1990 4135/5746/1978 4136/5747/1979
f 4147/5760/1991 4136/5747/1979 4137/5748/1980
f 4148/5761/1998 4137/5762/1980 4138/5749/1981
f 4149/5763/2793 4138/5749/1981 4139/5751/1982
f 576/1117/1994 4139/5751/1982 575/1116/624
f 4140/5752/1995 929/1475/1983 928/1474/1983
f 4141/5754/1985 4150/5764/1995 4140/5752/1995
f 4142/5765/1986 4151/5766/1996 4141/5754/1985
f 4144/5757/1988 4152/5767/1986 4142/5755/1986
f 4153/5768/1997 4154/5769/1988 4144/5757/1988
f 4155/5770/1989 4153/5768/1997 4145/5758/1989
f 4156/5771/1990 4145/5758/1989 4146/5759/1990
f 4157/5772/1991 4146/5759/1990 4147/5760/1991
f 4158/5773/1998 4147/5774/1991 4148/5761/1998
f 4159/5775/1993 4148/5761/1998 4149/5763/2793
f 577/1118/1994 4149/5763/2793 576/1117/1994
f 4150/5764/1995 930/1476/1999 929/1475/1983
f 4151/5766/1996 4160/5776/2000 4150/5764/1995
f 4152/5777/1986 4161/5778/2001 4151/5766/1996
f 4154/5769/1988 4162/5779/2002 4152/5767/1986
f 4163/5780/1997 4164/5781/2003 4154/5769/1988
f 4165/5782/2004 4163/5780/1997 4155/5770/1989
f 4166/5783/2005 4155/5770/1989 4156/5771/1990
f 4167/5784/2006 4156/5771/1990 4157/5772/1991
f 4168/5785/2007 4157/5786/1991 4158/5773/1998
f 4169/5787/2008 4158/5773/1998 4159/5775/1993
f 578/1119/2009 4159/5775/1993 577/1118/1994
f 4170/5788/2010 930/1476/1999 4160/5776/2000
f 4171/5789/2011 4160/5776/2000 4161/5778/2001
f 4172/5790/2012 4161/5791/2001 4162/5792/2002
f 4173/5793/2013 4162/5792/2002 4164/5794/2003
f 4174/5795/2014 4164/5794/2003 4175/5796/2015
f 4176/5797/2016 4175/5796/2015 4165/5798/2004
f 4166/5799/2005 4176/5797/2016 4165/5798/2004
f 4167/5800/2006 4177/5801/2017 4166/5799/2005
f 4168/5802/2007 4178/5803/2018 4167/5800/2006
f 4169/5787/2008 4179/5804/2019 4168/5785/2007
f 578/1119/2009 4180/5805/2020 4169/5787/2008
f 4181/5806/2021 918/1464/2022 4170/5788/2010
f 4182/5807/2023 4170/5788/2010 4171/5789/2011
f 4183/5808/2024 4171/5789/2011 4172/5809/2012
f 4184/5810/2025 4172/5811/2012 4173/5812/2013
f 4185/5813/2026 4173/5812/2013 4174/5814/2014
f 4186/5815/2794 4174/5814/2014 4176/5816/2016
f 4177/5817/2017 4186/5815/2794 4176/5816/2016
f 4178/5818/2018 4187/5819/2028 4177/5817/2017
f 4179/5804/2019 4188/5820/2029 4178/5821/2018
f 4180/5805/2020 4189/5822/2030 4179/5804/2019
f 566/1107/2031 4190/5823/2032 4180/5805/2020
f 4191/5824/2033 916/1462/2034 4181/5806/2021
f 4192/5825/2035 4181/5806/2021 4182/5807/2023
f 4193/5826/2036 4182/5807/2023 4183/5808/2024
f 4194/5827/2037 4183/5828/2024 4184/5810/2025
f 4195/5829/2038 4184/5810/2025 4185/5813/2026
f 4196/5830/2039 4185/5813/2026 4186/5815/2794
f 4187/5819/2028 4196/5830/2039 4186/5815/2794
f 4188/5831/2029 4197/5832/2040 4187/5819/2028
f 4189/5822/2030 4198/5833/2041 4188/5820/2029
f 4190/5823/2032 4199/5834/2042 4189/5822/2030
f 564/1105/2043 4200/5835/2044 4190/5823/2032
f 4201/5836/2045 913/1459/2795 4191/5824/2033
f 4202/5837/2047 4191/5824/2033 4192/5825/2035
f 4203/5838/2048 4192/5825/2035 4193/5826/2036
f 4204/5839/2049 4193/5840/2036 4194/5827/2037
f 4205/5841/2050 4194/5827/2037 4195/5829/2038
f 4206/5842/2051 4195/5829/2038 4196/5830/2039
f 4197/5832/2040 4206/5842/2051 4196/5830/2039
f 4198/5843/2041 4207/5844/2796 4197/5832/2040
f 4199/5834/2042 4208/5845/2053 4198/5833/2041
f 4200/5835/2044 4209/5846/2054 4199/5834/2042
f 561/1102/2797 4210/5847/2056 4200/5835/2044
f 4211/5848/2057 911/1457/2058 4201/5836/2045
f 4212/5849/2798 4201/5836/2045 4202/5837/2047
f 4213/5850/2060 4202/5837/2047 4203/5838/2048
f 4214/5851/2061 4203/5852/2048 4204/5839/2049
f 4215/5853/2062 4204/5839/2049 4205/5841/2050
f 4216/5854/2063 4205/5841/2050 4206/5842/2051
f 4207/5844/2796 4216/5854/2063 4206/5842/2051
f 4208/5855/2053 4217/5856/2064 4207/5844/2796
f 4209/5846/2054 4218/5857/2065 4208/5845/2053
f 4210/5847/2056 4219/5858/2066 4209/5846/2054
f 559/1100/2067 4220/5859/2068 4210/5847/2056
f 4221/5860/2069 909/1455/2070 4211/5848/2057
f 4222/5861/2071 4211/5848/2057 4212/5849/2798
f 4223/5862/2799 4212/5849/2798 4213/5850/2060
f 4224/5863/2073 4213/5864/2060 4214/5851/2061
f 4225/5865/2074 4214/5851/2061 4215/5853/2062
f 4226/5866/2075 4215/5853/2062 4216/5854/2063
f 4217/5856/2064 4226/5866/2075 4216/5854/2063
f 4218/5867/2065 4227/5868/2076 4217/5856/2064
f 4219/5858/2066 4228/5869/2800 4218/5857/2065
f 4220/5859/2068 4229/5870/2078 4219/5858/2066
f 557/1098/2079 4230/5871/2080 4220/5859/2068
f 4231/5872/2081 907/1453/2082 4221/5860/2069
f 4232/5873/2083 4221/5860/2069 4222/5861/2071
f 4233/5874/2084 4222/5861/2071 4223/5862/2799
f 4234/5875/2085 4223/5876/2799 4224/5877/2073
f 4235/5878/2086 4224/5877/2073 4225/5879/2074
f 4236/5880/2087 4225/5879/2074 4226/5881/2075
f 4227/5882/2076 4236/5880/2087 4226/5881/2075
f 4228/5883/2800 4237/5884/2088 4227/5882/2076
f 4229/5870/2078 4238/5885/2089 4228/5869/2800
f 4230/5871/2080 4239/5886/2090 4229/5870/2078
f 555/1096/2091 4240/5887/2092 4230/5871/2080
f 4241/5888/2093 905/1451/1081 4231/5872/2081
f 4242/5889/2094 4231/5872/2081 4232/5873/2083
f 4243/5890/2095 4232/5873/2083 4233/5874/2084
f 4244/5891/2096 4233/5892/2084 4234/5875/2085
f 4245/5893/2097 4234/5875/2085 4235/5878/2086
f 4246/5894/2098 4235/5878/2086 4236/5880/2087
f 4237/5884/2088 4246/5894/2098 4236/5880/2087
f 4238/5895/2089 4247/5896/2099 4237/5884/2088
f 4239/5886/2090 4248/5897/2100 4238/5885/2089
f 4240/5887/2092 4249/5898/2101 4239/5886/2090
f 553/1094/1092 4250/5899/2102 4240/5887/2092
f 4251/5900/2103 903/1449/2801 4241/5888/2093
f 4252/5901/2105 4241/5888/2093 4242/5889/2094
f 4253/5902/2106 4242/5889/2094 4243/5890/2095
f 4254/5903/2107 4243/5904/2095 4244/5891/2096
f 4255/5905/2108 4244/5891/2096 4245/5893/2097
f 4256/5906/2109 4245/5893/2097 4246/5894/2098
f 4247/5896/2099 4256/5906/2109 4246/5894/2098
f 4248/5907/2100 4257/5908/2110 4247/5896/2099
f 4249/5898/2101 4258/5909/2111 4248/5897/2100
f 4250/5899/2102 4259/5910/2112 4249/5898/2101
f 551/1092/2802 4260/5911/2114 4250/5899/2102
f 4261/5912/2115 902/1448/2116 4251/5900/2103
f 4262/5913/2803 4251/5900/2103 4252/5901/2105
f 4263/5914/2118 4252/5901/2105 4253/5902/2106
f 4264/5915/2119 4253/5916/2106 4254/5903/2107
f 4265/5917/2120 4254/5903/2107 4255/5905/2108
f 4266/5918/2121 4255/5905/2108 4256/5906/2109
f 4257/5908/2110 4266/5918/2121 4256/5906/2109
f 4258/5919/2111 4267/5920/2122 4257/5908/2110
f 4259/5910/2112 4268/5921/2123 4258/5909/2111
f 4260/5911/2114 4269/5922/2124 4259/5910/2112
f 550/1091/2125 4270/5923/2126 4260/5911/2114
f 4261/5912/2115 899/1445/2804 900/1446/2805
f 4262/5913/2803 4271/5924/2129 4261/5912/2115
f 4263/5914/2118 4272/5925/2130 4262/5913/2803
f 4264/5915/2119 4273/5926/2131 4263/5927/2118
f 4265/5917/2120 4274/5928/2132 4264/5915/2119
f 4275/5929/2133 4265/5917/2120 4266/5918/2121
f 4276/5930/2134 4266/5918/2121 4267/5920/2122
f 4277/5931/2135 4267/5920/2122 4268/5932/2123
f 4278/5933/2136 4268/5921/2123 4269/5922/2124
f 4279/5934/2137 4269/5922/2124 4270/5923/2126
f 547/1088/2806 4270/5923/2126 548/1089/2807
f 4271/5924/2129 898/1444/2140 899/1445/2804
f 4272/5925/2130 4280/5935/2141 4271/5924/2129
f 4273/5936/2131 4281/5937/2142 4272/5925/2130
f 4274/5928/2132 4282/5938/2143 4273/5926/2131
f 4283/5939/2144 4284/5940/2145 4274/5928/2132
f 4285/5941/2146 4283/5939/2144 4275/5929/2133
f 4286/5942/2147 4275/5929/2133 4276/5930/2134
f 4287/5943/2148 4276/5930/2134 4277/5931/2135
f 4288/5944/2149 4277/5945/2135 4278/5933/2136
f 4289/5946/2150 4278/5933/2136 4279/5934/2137
f 546/1087/2151 4279/5934/2137 547/1088/2806
f 4280/5935/2141 895/1441/1451 898/1444/2140
f 4281/5937/2142 4290/5947/2152 4280/5935/2141
f 4282/5938/2143 4291/5948/2153 4281/5949/2142
f 4284/5940/2145 4292/5950/2154 4282/5938/2143
f 4293/5951/2155 4294/5952/2156 4284/5940/2145
f 4295/5953/2157 4293/5951/2155 4285/5941/2146
f 4296/5954/2158 4285/5941/2146 4286/5942/2147
f 4297/5955/2159 4286/5942/2147 4287/5943/2148
f 4298/5956/2160 4287/5943/2148 4288/5957/2149
f 4299/5958/2161 4288/5944/2149 4289/5946/2150
f 543/1084/1462 4289/5946/2150 546/1087/2151
f 4290/5947/2152 894/1440/1141 895/1441/1451
f 4291/5959/2153 4300/5960/2808 4290/5947/2152
f 4292/5950/2154 4301/5961/2163 4291/5948/2153
f 4294/5952/2156 4302/5962/2164 4292/5950/2154
f 4303/5963/2165 4304/5964/2166 4294/5952/2156
f 4305/5965/2167 4303/5963/2165 4295/5953/2157
f 4306/5966/2809 4295/5953/2157 4296/5954/2158
f 4307/5967/2169 4296/5954/2158 4297/5955/2159
f 4308/5968/2170 4297/5955/2159 4298/5956/2160
f 4309/5969/2810 4298/5970/2160 4299/5958/2161
f 542/1083/2811 4299/5958/2161 543/1084/1462
f 4310/5971/1153 894/1440/1141 4300/5960/2808
f 4311/5972/1154 4300/5960/2808 4301/5973/2163
f 4312/5974/1155 4301/5961/2163 4302/5962/2164
f 4313/5975/1156 4302/5962/2164 4304/5964/2166
f 4314/5976/1157 4304/5964/2166 4315/5977/2172
f 4316/5978/1159 4315/5977/2172 4305/5965/2167
f 4306/5966/2809 4316/5978/1159 4305/5965/2167
f 4307/5967/2169 4317/5979/1160 4306/5966/2809
f 4308/5968/2170 4318/5980/1161 4307/5967/2169
f 4309/5969/2810 4319/5981/1162 4308/5982/2170
f 542/1083/2811 4320/5983/1163 4309/5969/2810
f 4310/5971/1153 897/1443/1165 886/1432/1165
f 4311/5972/1154 4321/5984/2173 4310/5971/1153
f 4312/5985/1155 4322/5986/2174 4311/5972/1154
f 4313/5987/1156 4323/5988/2175 4312/5989/1155
f 4314/5990/1157 4324/5991/2176 4313/5987/1156
f 4325/5992/2177 4314/5990/1157 4316/5993/1159
f 4326/5994/2178 4316/5993/1159 4317/5995/1160
f 4327/5996/2179 4317/5995/1160 4318/5997/1161
f 4328/5998/2180 4318/5999/1161 4319/5981/1162
f 4329/6000/2181 4319/5981/1162 4320/5983/1163
f 545/1086/1174 4320/5983/1163 534/1075/1174
f 4330/6001/830 897/1443/1165 4321/5984/2173
f 4331/6002/831 4321/5984/2173 4322/5986/2174
f 4332/6003/832 4322/6004/2174 4323/6005/2175
f 4333/6006/833 4323/6005/2175 4324/6007/2176
f 4334/6008/845 4324/6007/2176 4335/6009/2182
f 4336/6010/834 4335/6009/2182 4325/6011/2177
f 4337/6012/835 4325/6011/2177 4326/6013/2178
f 4338/6014/836 4326/6013/2178 4327/6015/2179
f 4339/6016/837 4327/6015/2179 4328/6017/2180
f 4340/6018/838 4328/5998/2180 4329/6000/2181
f 485/1026/839 4329/6000/2181 545/1086/1174
f 4341/6019/841 837/1383/828 4330/6001/830
f 4342/6020/842 4330/6001/830 4331/6002/831
f 4343/6021/843 4331/6022/831 4332/6023/832
f 4344/6024/844 4332/6023/832 4333/6025/833
f 4334/6026/845 4344/6024/844 4333/6025/833
f 4345/6027/853 4334/6026/845 4336/6028/834
f 4346/6029/847 4336/6028/834 4337/6030/835
f 4347/6031/848 4337/6030/835 4338/6032/836
f 4348/6033/849 4338/6032/836 4339/6034/837
f 4349/6035/850 4339/6036/837 4340/6018/838
f 487/1028/851 4340/6018/838 485/1026/839
f 4350/6037/2183 838/1384/852 4341/6019/841
f 4351/6038/2184 4341/6019/841 4342/6020/842
f 4352/6039/2812 4342/6020/842 4343/6040/843
f 4353/6041/2186 4343/6042/843 4344/6043/844
f 4354/6044/2187 4344/6043/844 4355/6045/846
f 4345/6046/853 4354/6044/2187 4355/6045/846
f 4346/6047/847 4356/6048/2188 4345/6046/853
f 4347/6049/848 4357/6050/2189 4346/6047/847
f 4348/6051/849 4358/6052/2813 4347/6053/848
f 4349/6035/850 4359/6054/2191 4348/6051/849
f 487/1028/851 4360/6055/2192 4349/6035/850
f 4350/6037/2183 841/1387/1474 840/1386/232
f 4351/6038/2184 3691/5198/1472 4350/6037/2183
f 4352/6039/2812 3692/5199/1475 4351/6038/2184
f 4353/6041/2186 3694/5205/1477 4352/6056/2812
f 4354/6044/2187 3696/5203/1479 4353/6041/2186
f 3701/5209/1484 4354/6044/2187 4356/6048/2188
f 3703/5211/1486 4356/6048/2188 4357/6050/2189
f 3705/5213/1488 4357/6050/2189 4358/6057/2813
f 3707/5216/1490 4358/6052/2813 4359/6054/2191
f 3709/5218/1492 4359/6054/2191 4360/6055/2192
f 489/1030/1494 4360/6055/2192 488/1029/2814
f 4361/6058/2194 885/1431/855 4362/6059/1179
f 4363/6060/2195 4362/6059/1179 4364/6061/2196
f 4365/6062/2197 4364/6061/2196 4366/6063/2198
f 4367/6064/2199 4366/6065/2198 4368/6066/2200
f 4369/6067/2201 4368/6066/2200 4370/6068/2202
f 4371/6069/2203 4370/6068/2202 4372/6070/2204
f 4373/6071/2205 4371/6069/2203 4372/6070/2204
f 4374/6072/2206 4375/6073/2207 4373/6071/2205
f 4376/6074/2208 4377/6075/2209 4374/6076/2206
f 4378/6077/1195 4379/6078/2210 4376/6074/2208
f 533/1074/874 4380/6079/2211 4378/6077/1195
f 4381/6080/2212 884/1430/2213 4361/6058/2194
f 4382/6081/2214 4361/6058/2194 4363/6060/2195
f 4383/6082/2215 4363/6060/2195 4365/6062/2197
f 4384/6083/2216 4365/6084/2197 4367/6064/2199
f 4385/6085/2217 4367/6064/2199 4369/6067/2201
f 4386/6086/2218 4369/6067/2201 4371/6069/2203
f 4375/6073/2207 4386/6086/2218 4371/6069/2203
f 4377/6087/2209 4387/6088/2219 4375/6073/2207
f 4379/6078/2210 4388/6089/2220 4377/6075/2209
f 4380/6079/2211 4389/6090/2221 4379/6078/2210
f 532/1073/2222 4390/6091/2223 4380/6079/2211
f 4391/6092/2224 882/1428/2225 4381/6080/2212
f 4392/6093/2226 4381/6080/2212 4382/6081/2214
f 4393/6094/2227 4382/6081/2214 4383/6082/2215
f 4394/6095/2228 4383/6096/2215 4384/6083/2216
f 4395/6097/2229 4384/6083/2216 4385/6085/2217
f 4396/6098/2230 4385/6085/2217 4386/6086/2218
f 4387/6088/2219 4396/6098/2230 4386/6086/2218
f 4388/6099/2220 4397/6100/2231 4387/6088/2219
f 4389/6090/2221 4398/6101/2232 4388/6089/2220
f 4390/6091/2223 4399/6102/2233 4389/6090/2221
f 530/1071/2234 4400/6103/2235 4390/6091/2223
f 4401/6104/2236 881/1427/2237 4391/6092/2224
f 4402/6105/2238 4391/6092/2224 4392/6093/2226
f 4403/6106/2239 4392/6093/2226 4393/6094/2227
f 4404/6107/2240 4393/6108/2227 4394/6095/2228
f 4405/6109/2241 4394/6095/2228 4395/6097/2229
f 4406/6110/2242 4395/6097/2229 4396/6098/2230
f 4397/6100/2231 4406/6110/2242 4396/6098/2230
f 4398/6111/2232 4407/6112/2243 4397/6100/2231
f 4399/6102/2233 4408/6113/2244 4398/6101/2232
f 4400/6103/2235 4409/6114/2245 4399/6102/2233
f 529/1070/2246 4410/6115/2247 4400/6103/2235
f 4411/6116/2248 879/1425/2249 4401/6104/2236
f 4412/6117/2250 4401/6104/2236 4402/6105/2238
f 4413/6118/2251 4402/6105/2238 4403/6106/2239
f 4414/6119/2252 4403/6120/2239 4404/6107/2240
f 4415/6121/2253 4404/6107/2240 4405/6109/2241
f 4416/6122/2254 4405/6109/2241 4406/6110/2242
f 4407/6112/2243 4416/6122/2254 4406/6110/2242
f 4408/6123/2244 4417/6124/2255 4407/6112/2243
f 4409/6114/2245 4418/6125/2256 4408/6113/2244
f 4410/6115/2247 4419/6126/2257 4409/6114/2245
f 527/1068/2258 4420/6127/2259 4410/6115/2247
f 4421/6128/2260 878/1424/2815 4411/6116/2248
f 4422/6129/2262 4411/6116/2248 4412/6117/2250
f 4423/6130/2263 4412/6117/2250 4413/6118/2251
f 4424/6131/2264 4413/6132/2251 4414/6119/2252
f 4425/6133/2265 4414/6119/2252 4415/6121/2253
f 4426/6134/2266 4415/6121/2253 4416/6122/2254
f 4417/6124/2255 4426/6134/2266 4416/6122/2254
f 4418/6135/2256 4427/6136/2267 4417/6124/2255
f 4419/6126/2257 4428/6137/2268 4418/6125/2256
f 4420/6127/2259 4429/6138/2269 4419/6126/2257
f 526/1067/2816 4430/6139/2271 4420/6127/2259
f 4421/6128/2260 874/1420/2272 876/1422/2817
f 4422/6129/2262 4431/6140/2274 4421/6128/2260
f 4423/6130/2263 4432/6141/2275 4422/6129/2262
f 4424/6142/2264 4433/6143/2276 4423/6144/2263
f 4425/6145/2265 4434/6146/2277 4424/6142/2264
f 4435/6147/2278 4425/6145/2265 4426/6148/2266
f 4436/6149/2279 4426/6148/2266 4427/6150/2267
f 4437/6151/2280 4427/6150/2267 4428/6152/2268
f 4438/6153/2281 4428/6137/2268 4429/6138/2269
f 4439/6154/2282 4429/6138/2269 4430/6139/2271
f 522/1063/2283 4430/6139/2271 524/1065/2284
f 4431/6140/2274 872/1418/2818 874/1420/2272
f 4432/6141/2275 4440/6155/2286 4431/6140/2274
f 4433/6156/2276 4441/6157/2287 4432/6141/2275
f 4434/6146/2277 4442/6158/2288 4433/6143/2276
f 4443/6159/2289 4444/6160/2290 4434/6146/2277
f 4435/6147/2278 4445/6161/2301 4443/6159/2289
f 4446/6162/2292 4435/6147/2278 4436/6149/2279
f 4447/6163/2293 4436/6149/2279 4437/6151/2280
f 4448/6164/2294 4437/6165/2280 4438/6153/2281
f 4449/6166/2295 4438/6153/2281 4439/6154/2282
f 520/1061/2819 4439/6154/2282 522/1063/2283
f 4440/6155/2286 871/1417/2297 872/1418/2818
f 4441/6157/2287 4450/6167/2298 4440/6155/2286
f 4442/6168/2288 4451/6169/2299 4441/6157/2287
f 4444/6160/2290 4452/6170/2300 4442/6158/2288
f 4445/6161/2301 4453/6171/2302 4444/6160/2290
f 4454/6172/2303 4445/6161/2301 4455/6173/2291
f 4456/6174/2304 4455/6173/2291 4446/6162/2292
f 4457/6175/2305 4446/6162/2292 4447/6163/2293
f 4458/6176/2306 4447/6177/2293 4448/6164/2294
f 4459/6178/2307 4448/6164/2294 4449/6166/2295
f 519/1060/2308 4449/6166/2295 520/1061/2819
f 4450/6167/2298 869/1415/2309 871/1417/2297
f 4451/6169/2299 4460/6179/2820 4450/6167/2298
f 4452/6180/2300 4461/6181/2311 4451/6169/2299
f 4453/6171/2302 4462/6182/2312 4452/6170/2300
f 4463/6183/2313 4464/6184/2314 4453/6171/2302
f 4465/6185/2315 4463/6183/2313 4454/6172/2303
f 4466/6186/2316 4454/6172/2303 4456/6174/2304
f 4467/6187/2317 4456/6174/2304 4457/6175/2305
f 4468/6188/2318 4457/6189/2305 4458/6176/2306
f 4469/6190/2821 4458/6176/2306 4459/6178/2307
f 517/1058/2320 4459/6178/2307 519/1060/2308
f 4460/6179/2820 867/1413/2321 869/1415/2309
f 4461/6181/2311 4470/6191/2322 4460/6179/2820
f 4462/6182/2312 4471/6192/2323 4461/6193/2311
f 4464/6184/2314 4472/6194/2324 4462/6182/2312
f 4473/6195/2325 4474/6196/2326 4464/6184/2314
f 4475/6197/2327 4473/6195/2325 4465/6185/2315
f 4476/6198/2328 4465/6185/2315 4466/6186/2316
f 4477/6199/2329 4466/6186/2316 4467/6187/2317
f 4478/6200/2330 4467/6187/2317 4468/6201/2318
f 4479/6202/2331 4468/6188/2318 4469/6190/2821
f 515/1056/2332 4469/6190/2821 517/1058/2320
f 4470/6191/2322 866/1412/2333 867/1413/2321
f 4471/6203/2323 4480/6204/2334 4470/6191/2322
f 4472/6194/2324 4481/6205/2335 4471/6192/2323
f 4474/6196/2326 4482/6206/2336 4472/6194/2324
f 4483/6207/2337 4484/6208/2338 4474/6196/2326
f 4485/6209/2339 4483/6207/2337 4475/6197/2327
f 4486/6210/2340 4475/6197/2327 4476/6198/2328
f 4487/6211/2341 4476/6198/2328 4477/6199/2329
f 4488/6212/2342 4477/6199/2329 4478/6200/2330
f 4489/6213/2343 4478/6214/2330 4479/6202/2331
f 514/1055/2344 4479/6202/2331 515/1056/2332
f 4490/6215/2345 866/1412/2333 4480/6204/2334
f 4491/6216/2346 4480/6204/2334 4481/6217/2335
f 4492/6218/2347 4481/6205/2335 4482/6206/2336
f 4493/6219/2348 4482/6206/2336 4484/6208/2338
f 4494/6220/2349 4484/6208/2338 4495/6221/2350
f 4496/6222/2351 4495/6221/2350 4485/6209/2339
f 4486/6210/2340 4496/6222/2351 4485/6209/2339
f 4487/6211/2341 4497/6223/2352 4486/6210/2340
f 4488/6212/2342 4498/6224/2353 4487/6211/2341
f 4489/6213/2343 4499/6225/2354 4488/6226/2342
f 514/1055/2344 4500/6227/2355 4489/6213/2343
f 4501/6228/2356 864/1410/2357 4490/6215/2345
f 4502/6229/2358 4490/6215/2345 4491/6216/2346
f 4503/6230/2359 4491/6216/2346 4492/6231/2347
f 4504/6232/2360 4492/6218/2347 4493/6219/2348
f 4505/6233/2361 4493/6219/2348 4494/6220/2349
f 4506/6234/2362 4494/6220/2349 4496/6222/2351
f 4497/6223/2352 4506/6234/2362 4496/6222/2351
f 4498/6224/2353 4507/6235/2363 4497/6223/2352
f 4499/6236/2354 4508/6237/2364 4498/6224/2353
f 4500/6227/2355 4509/6238/2365 4499/6225/2354
f 512/1053/2366 4510/6239/2367 4500/6227/2355
f 4511/6240/2822 863/1409/2369 4501/6228/2356
f 4512/6241/2370 4501/6228/2356 4502/6229/2358
f 4513/6242/2371 4502/6229/2358 4503/6230/2359
f 4514/6243/2372 4503/6244/2359 4504/6232/2360
f 4515/6245/2373 4504/6232/2360 4505/6233/2361
f 4516/6246/2374 4505/6233/2361 4506/6234/2362
f 4507/6235/2363 4516/6246/2374 4506/6234/2362
f 4508/6237/2364 4517/6247/2375 4507/6235/2363
f 4509/6238/2365 4518/6248/2376 4508/6249/2364
f 4510/6239/2367 4519/6250/2377 4509/6238/2365
f 511/1052/2378 4520/6251/2379 4510/6239/2367
f 4521/6252/2380 861/1407/2823 4511/6240/2822
f 4522/6253/2382 4511/6240/2822 4512/6241/2370
f 4523/6254/2383 4512/6241/2370 4513/6242/2371
f 4524/6255/2384 4513/6256/2371 4514/6243/2372
f 4525/6257/2385 4514/6243/2372 4515/6245/2373
f 4526/6258/2386 4515/6245/2373 4516/6246/2374
f 4517/6247/2375 4526/6258/2386 4516/6246/2374
f 4518/6259/2376 4527/6260/2387 4517/6247/2375
f 4519/6250/2377 4528/6261/2388 4518/6248/2376
f 4520/6251/2379 4529/6262/2389 4519/6250/2377
f 509/1050/2824 4530/6263/2391 4520/6251/2379
f 4531/6264/2392 860/1406/2393 4521/6252/2380
f 4532/6265/2394 4521/6252/2380 4522/6253/2382
f 4533/6266/2395 4522/6253/2382 4523/6254/2383
f 4534/6267/2396 4523/6268/2383 4524/6255/2384
f 4535/6269/2397 4524/6255/2384 4525/6257/2385
f 4536/6270/2398 4525/6257/2385 4526/6258/2386
f 4527/6260/2387 4536/6270/2398 4526/6258/2386
f 4528/6271/2388 4537/6272/2399 4527/6260/2387
f 4529/6262/2389 4538/6273/2400 4528/6261/2388
f 4530/6263/2391 4539/6274/2401 4529/6262/2389
f 508/1049/2402 4540/6275/2403 4530/6263/2391
f 4531/6264/2392 857/1403/2404 859/1405/2405
f 4532/6265/2394 4541/6276/2406 4531/6264/2392
f 4533/6266/2395 4542/6277/2407 4532/6265/2394
f 4534/6278/2396 4543/6279/2825 4533/6280/2395
f 4535/6281/2397 4544/6282/2409 4534/6278/2396
f 4545/6283/2410 4535/6281/2397 4536/6284/2398
f 4546/6285/2411 4536/6284/2398 4537/6286/2399
f 4547/6287/2412 4537/6286/2399 4538/6288/2400
f 4548/6289/2413 4538/6273/2400 4539/6274/2401
f 4549/6290/2414 4539/6274/2401 4540/6275/2403
f 505/1046/2415 4540/6275/2403 507/1048/2416
f 4541/6276/2406 856/1402/2417 857/1403/2404
f 4542/6277/2407 4550/6291/2418 4541/6276/2406
f 4543/6292/2825 4551/6293/2419 4542/6277/2407
f 4544/6282/2409 4552/6294/2420 4543/6279/2825
f 4553/6295/2421 4554/6296/2422 4544/6282/2409
f 4555/6297/2423 4553/6295/2421 4545/6283/2410
f 4556/6298/2424 4545/6283/2410 4546/6285/2411
f 4557/6299/2425 4546/6285/2411 4547/6287/2412
f 4558/6300/2426 4547/6301/2412 4548/6289/2413
f 4559/6302/2427 4548/6289/2413 4549/6290/2414
f 504/1045/2826 4549/6290/2414 505/1046/2415
f 4550/6291/2418 855/1401/2429 856/1402/2417
f 4551/6293/2419 4560/6303/2430 4550/6291/2418
f 4552/6304/2420 4561/6305/2431 4551/6293/2419
f 4554/6296/2422 4562/6306/2827 4552/6294/2420
f 4563/6307/2433 4564/6308/2434 4554/6296/2422
f 4565/6309/2435 4563/6307/2433 4555/6297/2423
f 4566/6310/2436 4555/6297/2423 4556/6298/2424
f 4567/6311/2437 4556/6298/2424 4557/6299/2425
f 4568/6312/2438 4557/6313/2425 4558/6300/2426
f 4569/6314/2439 4558/6300/2426 4559/6302/2427
f 503/1044/2440 4559/6302/2427 504/1045/2826
f 4560/6303/2430 853/1399/2441 855/1401/2429
f 4561/6305/2431 4570/6315/2828 4560/6303/2430
f 4562/6316/2827 4571/6317/2443 4561/6305/2431
f 4564/6308/2434 4572/6318/2444 4562/6306/2827
f 4573/6319/2445 4574/6320/2446 4564/6308/2434
f 4575/6321/2447 4573/6319/2445 4565/6309/2435
f 4576/6322/2448 4565/6309/2435 4566/6310/2436
f 4577/6323/2449 4566/6310/2436 4567/6311/2437
f 4578/6324/2450 4567/6325/2437 4568/6312/2438
f 4579/6326/2451 4568/6312/2438 4569/6314/2439
f 501/1042/2452 4569/6314/2439 503/1044/2440
f 4570/6315/2828 852/1398/1439 853/1399/2441
f 4571/6317/2443 4580/6327/2453 4570/6315/2828
f 4572/6328/2444 4581/6329/2454 4571/6317/2443
f 4574/6320/2446 4582/6330/2829 4572/6318/2444
f 4583/6331/2456 4584/6332/2457 4574/6320/2446
f 4585/6333/2458 4583/6331/2456 4575/6321/2447
f 4586/6334/2459 4575/6321/2447 4576/6322/2448
f 4587/6335/2830 4576/6322/2448 4577/6323/2449
f 4588/6336/2461 4577/6337/2449 4578/6324/2450
f 4589/6338/1449 4578/6324/2450 4579/6326/2451
f 500/1041/1450 4579/6326/2451 501/1042/2452
f 4580/6327/2453 851/1397/1451 852/1398/1439
f 4581/6329/2454 4590/6339/2152 4580/6327/2453
f 4582/6330/2829 4591/6340/1453 4581/6341/2454
f 4584/6332/2457 4592/6342/1454 4582/6330/2829
f 4593/6343/2462 4594/6344/2463 4584/6332/2457
f 4595/6345/2464 4593/6343/2462 4585/6333/2458
f 4596/6346/2465 4585/6333/2458 4586/6334/2459
f 4597/6347/1459 4586/6334/2459 4587/6335/2830
f 4598/6348/1460 4587/6335/2830 4588/6349/2461
f 4599/6350/2161 4588/6336/2461 4589/6338/1449
f 499/1040/1462 4589/6338/1449 500/1041/1450
f 4590/6339/2152 848/1394/1141 851/1397/1451
f 4591/6351/1453 4600/6352/2162 4590/6339/2152
f 4592/6342/1454 4601/6353/2466 4591/6340/1453
f 4594/6344/2463 4602/6354/2467 4592/6342/1454
f 4603/6355/2468 4604/6356/1466 4594/6344/2463
f 4605/6357/1467 4603/6355/2468 4595/6345/2464
f 4606/6358/1468 4595/6345/2464 4596/6346/2465
f 4607/6359/2469 4596/6346/2465 4597/6347/1459
f 4608/6360/2470 4597/6347/1459 4598/6348/1460
f 4609/6361/2171 4598/6362/1460 4599/6350/2161
f 496/1037/1152 4599/6350/2161 499/1040/1462
f 4610/6363/1153 848/1394/1141 4600/6352/2162
f 4611/6364/1154 4600/6352/2162 4601/6365/2466
f 4612/6366/1155 4601/6353/2466 4602/6354/2467
f 4613/6367/1156 4602/6354/2467 4604/6356/1466
f 4614/6368/1157 4604/6356/1466 4615/6369/1471
f 4616/6370/1159 4615/6369/1471 4605/6357/1467
f 4606/6358/1468 4616/6370/1159 4605/6357/1467
f 4607/6359/2469 4617/6371/1160 4606/6358/1468
f 4608/6360/2470 4618/6372/1161 4607/6359/2469
f 4609/6361/2171 4619/6373/1162 4608/6374/2470
f 496/1037/1152 4620/6375/1163 4609/6361/2171
f 4610/6363/1153 850/1396/1164 839/1385/1165
f 4621/6376/1166 4610/6363/1153 4611/6364/1154
f 4622/6377/1167 4611/6364/1154 4612/6378/1155
f 4623/6379/1168 4612/6380/1155 4613/6381/1156
f 4614/6382/1157 4623/6379/1168 4613/6381/1156
f 4624/6383/1170 4614/6382/1157 4616/6384/1159
f 4625/6385/1176 4616/6384/1159 4617/6386/1160
f 4626/6387/1171 4617/6386/1160 4618/6388/1161
f 4619/6373/1162 4626/6389/1171 4618/6390/1161
f 4627/6391/1172 4619/6373/1162 4620/6375/1163
f 498/1039/1173 4620/6375/1163 486/1027/1174
f 4628/6392/1175 885/1431/855 850/1396/1164
f 4621/6376/1166 4362/6059/1179 4628/6392/1175
f 4622/6377/1167 4364/6061/2196 4621/6376/1166
f 4623/6393/1168 4366/6065/2198 4622/6394/1167
f 4629/6395/1169 4368/6066/2200 4623/6393/1168
f 4372/6070/2204 4629/6395/1169 4624/6396/1170
f 4373/6071/2205 4624/6396/1170 4625/6397/1176
f 4374/6072/2206 4625/6397/1176 4626/6398/1171
f 4376/6074/2208 4626/6389/1171 4630/6399/1177
f 4378/6077/1195 4630/6399/1177 4627/6391/1172
f 533/1074/874 4627/6391/1172 498/1039/1173
f 4631/6400/1153 836/1382/1165 835/1380/1165
f 4632/6401/1154 4633/6402/2173 4631/6400/1153
f 4634/6403/1155 4635/6404/2174 4632/6401/1154
f 4636/6405/1156 4637/6406/2175 4634/6407/1155
f 4638/6408/1157 4639/6409/2176 4636/6405/1156
f 4640/6410/2177 4638/6408/1157 4641/6411/1159
f 4642/6412/2178 4641/6411/1159 4643/6413/1160
f 4644/6414/2179 4643/6413/1160 4645/6415/1161
f 4646/6416/2180 4645/6417/1161 4647/6418/1162
f 4648/6419/2181 4647/6418/1162 4649/6420/1163
f 484/1025/1174 4649/6420/1163 483/1022/1174
f 4650/6421/830 836/1382/1165 4633/6402/2173
f 4651/6422/831 4633/6402/2173 4635/6404/2174
f 4652/6423/832 4635/6424/2174 4637/6425/2175
f 4653/6426/833 4637/6425/2175 4639/6427/2176
f 4654/6428/845 4639/6427/2176 4655/6429/2182
f 4656/6430/834 4655/6429/2182 4640/6431/2177
f 4657/6432/835 4640/6431/2177 4642/6433/2178
f 4658/6434/836 4642/6433/2178 4644/6435/2179
f 4659/6436/837 4644/6435/2179 4646/6437/2180
f 4660/6438/838 4646/6416/2180 4648/6419/2181
f 482/1021/839 4648/6419/2181 484/1025/1174
f 4661/6439/2831 834/1378/828 4650/6421/830
f 4662/6440/2832 4650/6421/830 4651/6422/831
f 4663/6441/2833 4651/6442/831 4652/6443/832
f 4664/6444/2834 4652/6443/832 4653/6445/833
f 4665/6446/2835 4653/6445/833 4654/6447/845
f 4666/6448/2836 4654/6447/845 4656/6449/834
f 4657/6450/835 4666/6448/2836 4656/6449/834
f 4658/6451/836 4667/6452/2837 4657/6450/835
f 4659/6453/837 4668/6454/2838 4658/6451/836
f 4660/6438/838 4669/6455/2839 4659/6456/837
f 482/1021/839 4670/6457/2840 4660/6438/838
f 4661/6439/2831 829/1371/828 833/1379/828
f 4662/6440/2832 4671/6458/830 4661/6439/2831
f 4663/6459/2833 4672/6460/831 4662/6461/2832
f 4664/6462/2834 4673/6463/832 4663/6459/2833
f 4665/6464/2835 4674/6465/833 4664/6462/2834
f 4675/6466/834 4665/6464/2835 4666/6467/2836
f 4676/6468/835 4666/6467/2836 4667/6469/2837
f 4677/6470/836 4667/6469/2837 4668/6471/2838
f 4678/6472/837 4668/6471/2838 4669/6473/2839
f 4679/6474/838 4669/6455/2839 4670/6457/2840
f 477/1014/839 4670/6457/2840 481/1023/839
f 4680/6475/841 829/1371/828 4671/6458/830
f 4681/6476/842 4671/6458/830 4672/6477/831
f 4682/6478/843 4672/6479/831 4673/6480/832
f 4683/6481/844 4673/6480/832 4674/6482/833
f 4684/6483/845 4683/6481/844 4674/6482/833
f 4685/6484/853 4684/6483/845 4675/6485/834
f 4686/6486/847 4675/6485/834 4676/6487/835
f 4687/6488/848 4676/6487/835 4677/6489/836
f 4688/6490/849 4677/6489/836 4678/6491/837
f 4689/6492/850 4678/6493/837 4679/6474/838
f 479/1016/851 4679/6474/838 477/1014/839
f 4690/6494/2600 830/1372/852 4680/6475/841
f 4691/6495/2601 4680/6475/841 4681/6476/842
f 4692/6496/2602 4681/6476/842 4682/6497/843
f 4693/6498/2603 4682/6499/843 4683/6500/844
f 4694/6501/2604 4683/6500/844 4695/6502/846
f 4696/6503/2605 4695/6502/846 4685/6504/853
f 4686/6505/847 4696/6503/2605 4685/6504/853
f 4697/6506/2607 4686/6505/847 4687/6507/848
f 4698/6508/2608 4687/6509/848 4688/6510/849
f 4699/6511/2609 4688/6510/849 4689/6492/850
f 478/1015/1173 4689/6492/850 479/1016/851
f 4700/6512/2173 831/1373/1164 4690/6494/2600
f 4701/6513/2174 4690/6494/2600 4691/6495/2601
f 4702/6514/2175 4691/6495/2601 4692/6496/2602
f 4703/6515/2176 4692/6516/2602 4693/6517/2603
f 4704/6518/2182 4693/6517/2603 4694/6519/2604
f 4705/6520/2177 4694/6519/2604 4696/6521/2605
f 4706/6522/2606 4705/6520/2177 4696/6521/2605
f 4707/6523/2179 4706/6522/2606 4697/6524/2607
f 4708/6525/2180 4697/6526/2607 4698/6508/2608
f 4709/6527/2181 4698/6508/2608 4699/6511/2609
f 480/1017/1174 4699/6511/2609 478/1015/1173
f 4631/6400/1153 832/1374/1165 4700/6512/2173
f 4632/6401/1154 4700/6512/2173 4701/6513/2174
f 4634/6528/1155 4701/6529/2174 4702/6530/2175
f 4636/6531/1156 4702/6530/2175 4703/6532/2176
f 4638/6533/1157 4703/6532/2176 4704/6534/2182
f 4641/6535/1159 4704/6534/2182 4705/6536/2177
f 4710/6537/2178 4641/6535/1159 4705/6536/2177
f 4707/6538/2179 4643/6539/1160 4710/6537/2178
f 4708/6540/2180 4645/6541/1161 4707/6538/2179
f 4709/6527/2181 4647/6418/1162 4708/6525/2180
f 480/1017/1174 4649/6420/1163 4709/6527/2181
f 4711/6542/2841 4712/6543/88 4713/6544/2842
f 4714/6545/2843 4712/6546/88 4715/6547/2844
f 4716/6548/2845 4712/6549/88 4717/6550/2846
f 4718/6551/2847 4719/6552/95 4720/6553/2848
f 4721/6554/2849 4719/6555/95 4722/6556/2850
f 4723/6557/2851 4719/6558/95 4724/6559/2852
f 4725/6560/2853 4726/6561/102 4727/6562/2854
f 4728/6563/2855 4726/6564/102 4729/6565/2856
f 4730/6566/2857 4726/6567/102 4731/6568/2858
f 4732/6569/2859 4733/6570/109 4734/6571/2860
f 4735/6572/2861 4733/6573/109 4736/6574/2862
f 4737/6575/2863 4733/6576/109 4738/6577/2864
f 4739/6578/2865 4740/6579/116 4741/6580/2866
f 4742/6581/2867 4740/6582/116 4743/6583/2868
f 4744/6584/2869 4740/6585/116 4745/6586/2870
f 4746/6587/2871 4747/6588/123 4748/6589/2872
f 4749/6590/2873 4747/6591/123 4750/6592/2874
f 4751/6593/2875 4747/6594/123 4752/6595/2876
f 4753/6596/2877 4754/6597/130 4755/6598/2878
f 4756/6599/2879 4754/6600/130 4757/6601/2880
f 4758/6602/2881 4754/6603/130 4759/6604/2882
f 4760/6605/2883 4761/6606/137 4762/6607/2884
f 4763/6608/2885 4761/6609/137 4764/6610/2886
f 4765/6611/2887 4761/6612/137 4766/6613/2888
f 4725/6560/2853 4713/6544/2842 4729/6614/2856
f 4713/6615/2842 4728/6563/2855 4729/6565/2856
f 4718/6551/2847 4717/6616/2846 4714/6545/2843
f 4720/6617/2848 4716/6548/2845 4717/6550/2846
f 4732/6569/2859 4724/6618/2852 4721/6554/2849
f 4734/6619/2860 4723/6557/2851 4724/6559/2852
f 4730/6566/2857 4738/6620/2864 4735/6572/2861
f 4731/6621/2858 4737/6575/2863 4738/6577/2864
f 4753/6596/2877 4727/6562/2854 4757/6622/2880
f 4727/6623/2854 4756/6599/2879 4757/6601/2880
f 4760/6605/2883 4736/6624/2862 4732/6569/2859
f 4762/6625/2884 4735/6572/2861 4736/6574/2862
f 4758/6602/2881 4766/6626/2888 4763/6608/2885
f 4759/6627/2882 4765/6611/2887 4766/6613/2888
f 4739/6578/2865 4755/6598/2878 4743/6628/2868
f 4755/6629/2878 4742/6581/2867 4743/6583/2868
f 4746/6587/2871 4764/6630/2886 4760/6605/2883
f 4748/6631/2872 4763/6608/2885 4764/6610/2886
f 4744/6584/2869 4752/6632/2876 4749/6590/2873
f 4745/6633/2870 4751/6593/2875 4752/6595/2876
f 4739/6578/2865 4715/6634/2844 4711/6542/2841
f 4741/6635/2866 4714/6545/2843 4715/6547/2844
f 4721/6554/2849 4750/6636/2874 4746/6587/2871
f 4722/6637/2850 4749/6590/2873 4750/6592/2874
f 4753/6596/2877 4711/6542/2841 4725/6560/2853
f 4723/6557/2851 4728/6563/2855 4716/6548/2845
f 4749/6590/2873 4714/6545/2843 4744/6584/2869
f 4760/6605/2883 4721/6554/2849 4746/6587/2871
f 4735/6572/2861 4756/6599/2879 4730/6566/2857
f 4763/6608/2885 4742/6581/2867 4758/6602/2881
f 4767/6638/2841 4768/6639/88 4769/6640/2842
f 4770/6641/2843 4768/6642/88 4771/6643/2844
f 4772/6644/2845 4768/6645/88 4773/6646/2846
f 4774/6647/2847 4775/6648/95 4776/6649/2848
f 4777/6650/2849 4775/6651/95 4778/6652/2850
f 4779/6653/2851 4775/6654/95 4780/6655/2852
f 4781/6656/2853 4782/6657/102 4783/6658/2854
f 4784/6659/2855 4782/6660/102 4785/6661/2856
f 4786/6662/2857 4782/6663/102 4787/6664/2858
f 4788/6665/2859 4789/6666/109 4790/6667/2860
f 4791/6668/2861 4789/6669/109 4792/6670/2862
f 4793/6671/2863 4789/6672/109 4794/6673/2864
f 4795/6674/2865 4796/6675/116 4797/6676/2866
f 4798/6677/2867 4796/6678/116 4799/6679/2868
f 4800/6680/2869 4796/6681/116 4801/6682/2870
f 4802/6683/2871 4803/6684/123 4804/6685/2872
f 4805/6686/2873 4803/6687/123 4806/6688/2874
f 4807/6689/2875 4803/6690/123 4808/6691/2876
f 4809/6692/2877 4810/6693/130 4811/6694/2878
f 4812/6695/2879 4810/6696/130 4813/6697/2880
f 4814/6698/2881 4810/6699/130 4815/6700/2882
f 4816/6701/2883 4817/6702/137 4818/6703/2884
f 4819/6704/2885 4817/6705/137 4820/6706/2886
f 4821/6707/2887 4817/6708/137 4822/6709/2888
f 4781/6656/2853 4769/6640/2842 4785/6710/2856
f 4769/6711/2842 4784/6659/2855 4785/6661/2856
f 4774/6647/2847 4773/6712/2846 4770/6641/2843
f 4776/6713/2848 4772/6644/2845 4773/6646/2846
f 4788/6665/2859 4780/6714/2852 4777/6650/2849
f 4790/6715/2860 4779/6653/2851 4780/6655/2852
f 4786/6662/2857 4794/6716/2864 4791/6668/2861
f 4787/6717/2858 4793/6671/2863 4794/6673/2864
f 4781/6656/2853 4813/6718/2880 4809/6692/2877
f 4783/6719/2854 4812/6695/2879 4813/6697/2880
f 4816/6701/2883 4792/6720/2862 4788/6665/2859
f 4818/6721/2884 4791/6668/2861 4792/6670/2862
f 4814/6698/2881 4822/6722/2888 4819/6704/2885
f 4815/6723/2882 4821/6707/2887 4822/6709/2888
f 4795/6674/2865 4811/6694/2878 4799/6724/2868
f 4811/6725/2878 4798/6677/2867 4799/6679/2868
f 4802/6683/2871 4820/6726/2886 4816/6701/2883
f 4804/6727/2872 4819/6704/2885 4820/6706/2886
f 4800/6680/2869 4808/6728/2876 4805/6686/2873
f 4801/6729/2870 4807/6689/2875 4808/6691/2876
f 4767/6638/2841 4797/6676/2866 4771/6730/2844
f 4797/6731/2866 4770/6641/2843 4771/6643/2844
f 4777/6650/2849 4806/6732/2874 4802/6683/2871
f 4778/6733/2850 4805/6686/2873 4806/6688/2874
f 4809/6692/2877 4767/6638/2841 4781/6656/2853
f 4779/6653/2851 4784/6659/2855 4772/6644/2845
f 4805/6686/2873 4770/6641/2843 4800/6680/2869
f 4816/6701/2883 4777/6650/2849 4802/6683/2871
f 4791/6668/2861 4812/6695/2879 4786/6662/2857
f 4819/6704/2885 4798/6677/2867 4814/6698/2881
f 1/1/2 221/6734/2 217/6735/2
f 217/6735/2 219/6736/2 2/2/2
f 2/2/2 225/6737/2 3/3/2
f 3/3/2 223/6738/2 1/1/2
f 1/1/2 217/6735/2 2/2/2
f 306/6739/2 308/6740/2 4/4/2
f 4/4/2 305/6741/2 5/5/2
f 5/5/2 301/6742/2 6/6/2
f 6/6/2 303/6743/2 306/6739/2
f 306/6739/1 4/4/1 6/6/1
f 7/7/2 249/6744/2 250/6745/2
f 250/6745/2 244/6746/2 8/8/2
f 8/8/2 243/6747/2 9/9/2
f 9/9/2 247/6748/2 7/7/2
f 7/7/2 250/6745/2 8/8/2
f 196/6749/2 194/6750/2 12/12/2
f 194/6750/2 195/6751/2 10/10/2
f 10/10/2 193/6752/2 11/11/2
f 194/6750/1 10/10/1 12/12/1
f 11/11/2 192/6753/2 12/12/2
f 13/13/1 161/6754/1 162/6755/1
f 162/6755/2 163/6756/2 14/14/2
f 14/14/2 160/6757/2 15/15/2
f 15/15/2 159/6758/2 13/13/2
f 13/13/2 162/6755/2 14/14/2
f 283/6759/2 279/6760/2 16/16/2
f 16/16/2 278/6761/2 17/17/2
f 17/17/2 276/6762/2 18/18/2
f 18/18/2 282/6763/2 283/6759/2
f 283/6759/1 16/16/1 18/18/1
f 15/328/67 152/314/67 150/311/67
f 13/331/24 150/310/24 147/307/24
f 162/336/65 147/335/65 156/334/65
f 14/339/69 156/319/69 152/340/69
f 3/469/24 224/750/24 222/470/24
f 8/523/67 245/527/67 242/524/67
f 7/531/77 246/535/77 248/532/77
f 250/536/69 248/540/69 245/537/69
f 16/604/77 280/608/77 277/605/77
f 18/609/67 275/613/67 281/610/67
f 283/614/24 281/618/24 280/615/24
f 5/667/69 304/745/69 300/668/69
f 255/723/67 257/6764/67 258/724/67
f 259/726/65 260/6765/65 262/727/65
f 317/729/65 319/6766/65 320/730/65
f 238/732/71 240/6767/71 241/733/71
f 315/735/67 314/6768/67 313/736/67
f 299/738/67 298/6769/67 296/739/67
f 4/673/68 308/6770/68 307/741/68
f 2/472/67 219/6771/67 218/742/67
f 217/463/69 221/6772/69 220/743/69
f 194/411/77 196/6773/77 187/394/77
f 6/670/71 301/6774/71 300/744/71
f 17/601/69 278/6775/69 277/747/69
f 9/528/24 243/6776/24 242/748/24
f 1/466/77 223/6777/77 222/749/77
f 12/413/24 192/6778/24 183/392/24
f 10/408/69 195/6779/69 191/402/69
f 306/676/24 303/6780/24 302/752/24
f 11/405/71 193/6781/71 181/384/71
f 321/753/87 325/842/91 322/754/88
f 324/756/90 327/827/93 322/757/88
f 326/759/92 323/826/89 322/760/88
f 328/762/94 332/845/98 329/763/95
f 331/765/97 334/829/100 329/766/95
f 333/768/99 330/828/96 329/769/95
f 335/771/101 339/825/105 336/772/102
f 338/774/104 341/6782/107 336/775/102
f 340/777/106 337/833/103 336/778/102
f 342/780/108 346/834/112 343/781/109
f 345/783/111 348/831/114 343/784/109
f 347/786/113 344/830/110 343/787/109
f 349/789/115 353/837/119 350/790/116
f 352/792/118 355/6783/121 350/793/116
f 354/795/120 351/843/117 350/796/116
f 356/798/122 360/844/126 357/799/123
f 359/801/125 362/841/128 357/802/123
f 361/804/127 358/840/124 357/805/123
f 363/807/129 367/832/133 364/808/130
f 366/810/132 369/6784/135 364/811/130
f 368/813/134 365/838/131 364/814/130
f 370/816/136 374/839/140 371/817/137
f 373/819/139 376/836/142 371/820/137
f 375/822/141 372/835/138 371/823/137
f 321/753/87 323/755/89 339/825/105
f 323/826/89 326/759/92 338/774/104
f 328/762/94 330/764/96 327/827/93
f 330/828/96 333/768/99 326/759/92
f 342/780/108 344/782/110 334/829/100
f 344/830/110 347/786/113 333/768/99
f 345/783/111 340/777/106 341/779/107
f 348/788/114 341/6782/107 338/774/104
f 363/807/129 335/771/101 337/773/103
f 337/833/103 340/777/106 366/810/132
f 342/780/108 370/816/136 372/818/138
f 372/835/138 375/822/141 345/783/111
f 373/819/139 368/813/134 369/815/135
f 376/824/142 369/6784/135 366/810/132
f 363/807/129 365/809/131 353/837/119
f 365/838/131 368/813/134 352/792/118
f 356/798/122 358/800/124 374/839/140
f 358/840/124 361/804/127 373/819/139
f 359/801/125 354/795/120 355/797/121
f 362/806/128 355/6783/121 352/792/118
f 321/753/87 349/789/115 351/791/117
f 351/843/117 354/795/120 324/756/90
f 331/765/97 332/767/98 360/844/126
f 332/845/98 328/762/94 359/801/125
f 363/807/129 349/789/115 321/753/87
f 333/768/99 347/786/113 338/774/104
f 359/801/125 328/762/94 324/756/90
f 342/780/108 331/765/97 356/798/122
f 345/783/111 375/822/141 366/810/132
f 373/819/139 361/804/127 352/792/118
f 377/846/143 381/934/146 378/847/88
f 380/849/145 383/919/148 378/850/88
f 382/852/147 379/6785/144 378/853/88
f 384/855/149 388/936/98 385/856/95
f 387/858/151 390/921/153 385/859/95
f 389/861/152 386/920/150 385/862/95
f 391/864/154 395/918/157 392/865/102
f 394/867/156 397/924/159 392/868/102
f 396/870/158 393/6786/155 392/871/102
f 398/873/160 402/926/163 399/874/109
f 401/876/162 404/923/165 399/877/109
f 403/879/164 400/922/161 399/880/109
f 405/882/166 409/929/169 406/883/116
f 408/885/168 411/933/171 406/886/116
f 410/888/170 407/6787/167 406/889/116
f 412/891/172 416/935/126 413/892/123
f 415/894/174 418/932/176 413/895/123
f 417/897/175 414/931/173 413/898/123
f 419/900/177 423/925/180 420/901/130
f 422/903/179 425/928/182 420/904/130
f 424/906/181 421/6788/178 420/907/130
f 426/909/183 430/930/186 427/910/137
f 429/912/185 432/927/188 427/913/137
f 431/915/187 428/6789/184 427/916/137
f 391/864/154 377/846/143 379/848/144
f 395/869/157 379/6785/144 382/852/147
f 384/855/149 386/857/150 383/919/148
f 386/920/150 389/861/152 382/852/147
f 398/873/160 400/875/161 390/921/153
f 400/922/161 403/879/164 389/861/152
f 396/870/158 397/872/159 404/923/165
f 397/924/159 394/867/156 403/879/164
f 391/864/154 393/866/155 423/925/180
f 423/905/180 393/6786/155 396/870/158
f 426/909/183 428/911/184 402/926/163
f 402/878/163 428/6789/184 431/915/187
f 424/906/181 425/908/182 432/927/188
f 425/928/182 422/903/179 431/915/187
f 405/882/166 419/900/177 421/902/178
f 409/887/169 421/6788/178 424/906/181
f 426/909/183 412/891/172 414/893/173
f 414/931/173 417/897/175 429/912/185
f 410/888/170 411/890/171 418/932/176
f 411/933/171 408/885/168 417/897/175
f 405/882/166 407/884/167 381/934/146
f 381/851/146 407/6787/167 410/888/170
f 387/858/151 388/860/98 416/935/126
f 388/936/98 384/855/149 415/894/174
f 419/900/177 405/882/166 377/846/143
f 389/861/152 403/879/164 394/867/156
f 415/894/174 384/855/149 380/849/145
f 398/873/160 387/858/151 412/891/172
f 401/876/162 431/915/187 422/903/179
f 429/912/185 417/897/175 408/885/168
f 433/937/189 437/1011/192 434/938/88
f 436/940/191 439/1001/194 434/941/88
f 438/943/193 435/958/190 434/944/88
f 440/946/195 444/1013/198 441/947/95
f 443/949/197 446/963/200 441/950/95
f 445/952/199 442/1002/196 441/953/95
f 433/937/189 435/939/190 447/955/102
f 438/943/193 450/1004/203 447/957/102
f 449/959/202 448/6790/201 447/960/102
f 443/949/197 453/1006/205 451/962/109
f 452/964/204 454/1003/206 451/965/109
f 445/952/199 446/954/200 451/967/109
f 455/969/207 459/988/210 456/970/116
f 458/972/209 461/1010/212 456/973/116
f 460/975/211 457/6791/208 456/976/116
f 462/978/213 466/1012/216 463/979/123
f 465/981/215 468/1009/218 463/982/123
f 467/984/217 464/997/214 463/985/123
f 455/969/207 471/1005/220 469/987/130
f 470/989/219 472/1008/221 469/990/130
f 458/972/209 459/974/210 469/992/130
f 462/978/213 464/980/214 473/994/137
f 467/984/217 476/1007/224 473/996/137
f 475/998/223 474/6792/222 473/999/137
f 440/946/195 442/948/196 439/1001/194
f 442/1002/196 445/952/199 438/943/193
f 449/959/202 450/961/203 454/1003/206
f 450/1004/203 438/943/193 445/952/199
f 433/937/189 448/956/201 471/1005/220
f 471/991/220 448/6790/201 449/959/202
f 462/978/213 474/995/222 453/1006/205
f 453/966/205 474/6792/222 475/998/223
f 458/972/209 472/993/221 476/1007/224
f 472/1008/221 470/989/219 475/998/223
f 460/975/211 461/977/212 468/1009/218
f 461/1010/212 458/972/209 467/984/217
f 455/969/207 457/971/208 437/1011/192
f 437/942/192 457/6791/208 460/975/211
f 462/978/213 443/949/197 444/951/198
f 444/1013/198 440/946/195 465/981/215
f 465/981/215 440/946/195 436/940/191
f 452/964/204 475/998/223 470/989/219
f 1181/1728/230 1183/1730/234 1079/1626/231
f 1182/1729/233 1185/1732/236 1183/1730/234
f 1184/1731/235 1187/1750/238 1185/1732/236
f 1186/1733/237 1189/1737/240 1187/1734/238
f 1188/1736/239 1203/1753/257 1189/1737/240
f 1190/1738/241 1203/1753/257 1188/1736/239
f 1192/1740/243 1190/1738/241 1191/1739/242
f 1194/1742/245 1192/1740/243 1193/1741/244
f 1196/1744/247 1194/1759/245 1195/1745/246
f 1198/1747/249 1196/1744/247 1197/1746/248
f 727/1269/251 1198/1747/249 1199/1748/250
f 1183/1730/234 1200/1749/254 1080/1627/253
f 1185/1732/236 1201/1751/255 1200/1749/254
f 1187/1750/238 1202/1762/256 1201/1751/255
f 1189/1737/240 1204/1754/258 1202/1752/256
f 1203/1753/257 1213/1765/269 1204/1754/258
f 1205/1755/259 1213/1765/269 1203/1753/257
f 1206/1756/260 1205/1755/259 1190/1738/241
f 1207/1757/261 1206/1756/260 1192/1740/243
f 1208/1758/262 1207/1771/261 1194/1759/245
f 1209/1760/263 1208/1758/262 1196/1744/247
f 728/1270/264 1209/1760/263 1198/1747/249
f 1200/1749/254 1210/1761/266 1081/1628/265
f 1201/1751/255 1211/1763/267 1210/1761/266
f 1202/1762/256 1212/1774/268 1211/1763/267
f 1204/1754/258 1214/1766/270 1212/1764/268
f 1213/1765/269 1223/1777/281 1214/1766/270
f 1215/1767/271 1223/1777/281 1213/1765/269
f 1216/1768/272 1215/1767/271 1205/1755/259
f 1217/1769/273 1216/1768/272 1206/1756/260
f 1218/1770/274 1217/1783/273 1207/1771/261
f 1219/1772/275 1218/1770/274 1208/1758/262
f 729/1271/276 1219/1772/275 1209/1760/263
f 1210/1761/266 1220/1773/278 1082/1629/277
f 1211/1763/267 1221/1775/279 1220/1773/278
f 1212/1774/268 1222/1786/280 1221/1775/279
f 1214/1766/270 1224/1778/282 1222/1776/280
f 1223/1777/281 1233/1789/293 1224/1778/282
f 1225/1779/283 1233/1789/293 1223/1777/281
f 1226/1780/284 1225/1779/283 1215/1767/271
f 1227/1781/285 1226/1780/284 1216/1768/272
f 1228/1782/286 1227/1795/285 1217/1783/273
f 1229/1784/287 1228/1782/286 1218/1770/274
f 730/1272/288 1229/1784/287 1219/1772/275
f 1220/1773/278 1230/1785/290 1083/1630/289
f 1221/1775/279 1231/1787/291 1230/1785/290
f 1222/1786/280 1232/1798/292 1231/1787/291
f 1224/1778/282 1234/1790/294 1232/1788/292
f 1233/1789/293 1243/1801/305 1234/1790/294
f 1235/1791/295 1243/1801/305 1233/1789/293
f 1236/1792/296 1235/1791/295 1225/1779/283
f 1237/1793/297 1236/1792/296 1226/1780/284
f 1238/1794/298 1237/1807/297 1227/1795/285
f 1239/1796/299 1238/1794/298 1228/1782/286
f 731/1273/300 1239/1796/299 1229/1784/287
f 1230/1785/290 1240/1797/302 1084/1631/301
f 1231/1787/291 1241/1799/303 1240/1797/302
f 1232/1798/292 1242/1812/304 1241/1799/303
f 1234/1790/294 1244/1802/306 1242/1800/304
f 1243/1801/305 1255/6793/318 1244/1802/306
f 1245/1803/307 1255/6793/318 1243/1801/305
f 1246/1804/308 1245/1803/307 1235/1791/295
f 1247/1805/309 1246/1804/308 1236/1792/296
f 1248/1806/310 1247/1824/309 1237/1807/297
f 1249/1808/311 1248/1806/310 1238/1794/298
f 732/1274/312 1249/1808/311 1239/1796/299
f 1250/1809/313 1085/1632/325 1084/1631/301
f 1251/1810/314 1250/1809/313 1240/1797/302
f 1252/1811/315 1251/1810/314 1241/1799/303
f 1253/1813/316 1252/1831/315 1242/1814/304
f 1254/1816/317 1253/1813/316 1244/1815/306
f 1256/1818/319 1254/1816/317 1255/1817/318
f 1246/1820/308 1257/1822/320 1256/1818/319
f 1247/1821/309 1258/1834/321 1257/1822/320
f 1248/1806/310 1259/1825/322 1258/1823/321
f 1249/1808/311 1260/1826/323 1259/1825/322
f 732/1274/312 733/1275/334 1260/1826/323
f 1261/1827/324 1087/1634/337 1085/1632/325
f 1262/1828/326 1261/1827/324 1250/1809/313
f 1263/1829/327 1262/1828/326 1251/1810/314
f 1264/1830/328 1263/1843/327 1252/1831/315
f 1265/1832/329 1264/1830/328 1253/1813/316
f 1266/1833/330 1265/1832/329 1254/1816/317
f 1257/1822/320 1267/1835/331 1266/1833/330
f 1258/1834/321 1268/1846/332 1267/1835/331
f 1259/1825/322 1269/1837/333 1268/1836/332
f 1260/1826/323 1270/1838/335 1269/1837/333
f 733/1275/334 735/1277/346 1270/1838/335
f 1271/1839/336 1091/1638/349 1087/1634/337
f 1272/1840/338 1271/1839/336 1261/1827/324
f 1273/1841/339 1272/1840/338 1262/1828/326
f 1274/1842/340 1273/1855/339 1263/1843/327
f 1275/1844/341 1274/1842/340 1264/1830/328
f 1276/1845/342 1275/1844/341 1265/1832/329
f 1267/1835/331 1277/1847/343 1276/1845/342
f 1268/1846/332 1278/1858/344 1277/1847/343
f 1269/1837/333 1279/1849/345 1278/1848/344
f 1270/1838/335 1280/1850/347 1279/1849/345
f 735/1277/346 739/1281/358 1280/1850/347
f 1281/1851/348 1096/1643/361 1091/1638/349
f 1282/1852/350 1281/1851/348 1271/1839/336
f 1283/1853/351 1282/1852/350 1272/1840/338
f 1284/1854/352 1283/1867/351 1273/1855/339
f 1285/1856/353 1284/1854/352 1274/1842/340
f 1286/1857/354 1285/1856/353 1275/1844/341
f 1277/1847/343 1287/1859/355 1286/1857/354
f 1278/1858/344 1288/1870/356 1287/1859/355
f 1279/1849/345 1289/1861/357 1288/1860/356
f 1280/1850/347 1290/1862/359 1289/1861/357
f 739/1281/358 744/1286/370 1290/1862/359
f 1291/1863/360 1099/1646/373 1096/1643/361
f 1292/1864/362 1291/1863/360 1281/1851/348
f 1293/1865/363 1292/1864/362 1282/1852/350
f 1294/1866/364 1293/1879/363 1283/1867/351
f 1295/1868/365 1294/1866/364 1284/1854/352
f 1296/1869/366 1295/1868/365 1285/1856/353
f 1287/1859/355 1297/1871/367 1296/1869/366
f 1288/1870/356 1298/1882/368 1297/1871/367
f 1289/1861/357 1299/1873/369 1298/1872/368
f 1290/1862/359 1300/1874/371 1299/1873/369
f 744/1286/370 747/1289/382 1300/1874/371
f 1301/1875/372 1102/1649/385 1099/1646/373
f 1302/1876/374 1301/1875/372 1291/1863/360
f 1303/1877/375 1302/1876/374 1292/1864/362
f 1304/1878/376 1303/1891/375 1293/1879/363
f 1305/1880/377 1304/1878/376 1294/1866/364
f 1306/1881/378 1305/1880/377 1295/1868/365
f 1297/1871/367 1307/1883/379 1306/1881/378
f 1298/1882/368 1308/1894/380 1307/1883/379
f 1299/1873/369 1309/1885/381 1308/1884/380
f 1300/1874/371 1310/1886/383 1309/1885/381
f 747/1289/382 750/1292/394 1310/1886/383
f 1311/1887/384 1105/1652/397 1102/1649/385
f 1312/1888/386 1311/1887/384 1301/1875/372
f 1313/1889/387 1312/1888/386 1302/1876/374
f 1314/1890/388 1313/1902/387 1303/1891/375
f 1315/1892/389 1314/1890/388 1304/1878/376
f 1316/1893/390 1315/1892/389 1305/1880/377
f 1307/1883/379 1317/1895/391 1316/1893/390
f 1308/1894/380 1318/1907/392 1317/1895/391
f 1309/1885/381 1319/1897/393 1318/1896/392
f 1310/1886/383 1320/1898/395 1319/1897/393
f 750/1292/394 753/1295/408 1320/1898/395
f 1311/1887/384 1321/1899/398 1107/1654/396
f 1312/1888/386 1322/1900/399 1321/1899/398
f 1313/1889/387 1323/1911/400 1322/1900/399
f 1314/1890/388 1324/1903/401 1323/1901/400
f 1315/1892/389 1333/1914/413 1324/1903/401
f 1325/1904/402 1333/1914/413 1315/1892/389
f 1326/1905/403 1325/1904/402 1316/1893/390
f 1327/1906/404 1326/1905/403 1317/1895/391
f 1328/1908/405 1327/1920/404 1318/1896/392
f 1329/1909/406 1328/1908/405 1319/1897/393
f 755/1297/407 1329/1909/406 1320/1898/395
f 1321/1899/398 1330/1910/410 1109/1656/409
f 1322/1900/399 1331/1912/411 1330/1910/410
f 1323/1911/400 1332/1923/412 1331/1912/411
f 1324/1903/401 1334/1915/414 1332/1913/412
f 1333/1914/413 1343/1926/425 1334/1915/414
f 1335/1916/415 1343/1926/425 1333/1914/413
f 1336/1917/416 1335/1916/415 1325/1904/402
f 1337/1918/417 1336/1917/416 1326/1905/403
f 1338/1919/418 1337/1932/417 1327/1920/404
f 1339/1921/419 1338/1919/418 1328/1908/405
f 757/1299/420 1339/1921/419 1329/1909/406
f 1330/1910/410 1340/1922/422 1111/1658/421
f 1331/1912/411 1341/1924/423 1340/1922/422
f 1332/1923/412 1342/1935/424 1341/1924/423
f 1334/1915/414 1344/1927/426 1342/1925/424
f 1343/1926/425 1353/1938/437 1344/1927/426
f 1345/1928/427 1353/1938/437 1343/1926/425
f 1346/1929/428 1345/1928/427 1335/1916/415
f 1347/1930/429 1346/1929/428 1336/1917/416
f 1348/1931/430 1347/1944/429 1337/1932/417
f 1349/1933/431 1348/1931/430 1338/1919/418
f 759/1301/432 1349/1933/431 1339/1921/419
f 1340/1922/422 1350/1934/434 1113/1660/433
f 1341/1924/423 1351/1936/435 1350/1934/434
f 1342/1935/424 1352/1949/436 1351/1936/435
f 1344/1927/426 1354/1939/438 1352/1937/436
f 1353/1938/437 1365/1952/450 1354/1939/438
f 1355/1940/439 1365/1952/450 1353/1938/437
f 1356/1941/440 1355/1940/439 1345/1928/427
f 1357/1942/441 1356/1941/440 1346/1929/428
f 1358/1943/442 1357/1956/441 1347/1944/429
f 1359/1945/443 1358/1943/442 1348/1931/430
f 761/1303/444 1359/1945/443 1349/1933/431
f 1360/1946/445 1115/1662/457 1113/1660/433
f 1361/1947/446 1360/1946/445 1350/1934/434
f 1362/1948/447 1361/1947/446 1351/1936/435
f 1363/1950/448 1362/1963/447 1352/1937/436
f 1364/1951/449 1363/1950/448 1354/1939/438
f 1366/1953/451 1364/1951/449 1365/1952/450
f 1356/1941/440 1367/1954/452 1366/1953/451
f 1357/1942/441 1368/1966/453 1367/1954/452
f 1358/1943/442 1369/1957/454 1368/1955/453
f 1359/1945/443 1370/1958/455 1369/1957/454
f 761/1303/444 763/1305/466 1370/1958/455
f 1371/1959/456 1117/1664/469 1115/1662/457
f 1372/1960/458 1371/1959/456 1360/1946/445
f 1373/1961/459 1372/1960/458 1361/1947/446
f 1374/1962/460 1373/1975/459 1362/1963/447
f 1375/1964/461 1374/1962/460 1363/1950/448
f 1376/1965/462 1375/1964/461 1364/1951/449
f 1367/1954/452 1377/1967/463 1376/1965/462
f 1368/1966/453 1378/1978/464 1377/1967/463
f 1369/1957/454 1379/1969/465 1378/1968/464
f 1370/1958/455 1380/1970/467 1379/1969/465
f 763/1305/466 765/1307/478 1380/1970/467
f 1381/1971/468 1120/1667/481 1117/1664/469
f 1382/1972/470 1381/1971/468 1371/1959/456
f 1383/1973/471 1382/1972/470 1372/1960/458
f 1384/1974/472 1383/6794/471 1373/1975/459
f 1385/1976/473 1384/1974/472 1374/1962/460
f 1386/1977/474 1385/1976/473 1375/1964/461
f 1377/1967/463 1387/1979/475 1386/1977/474
f 1378/1978/464 1388/6795/476 1387/1979/475
f 1379/1969/465 1389/1981/477 1388/1980/476
f 1380/1970/467 1390/1982/479 1389/1981/477
f 765/1307/478 768/1310/490 1390/1982/479
f 1391/1983/480 1122/1669/493 1120/1667/481
f 1392/1984/482 1391/1983/480 1381/1971/468
f 1393/1985/483 1392/1984/482 1382/1972/470
f 1394/1986/484 1393/2003/483 1383/1987/471
f 1395/1989/485 1394/1986/484 1384/1988/472
f 1396/1991/486 1395/1989/485 1385/1990/473
f 1387/1993/475 1397/1995/487 1396/1991/486
f 1388/1994/476 1398/2006/488 1397/1995/487
f 1389/1981/477 1399/1997/489 1398/1996/488
f 1390/1982/479 1400/1998/491 1399/1997/489
f 768/1310/490 770/1312/502 1400/1998/491
f 1401/1999/492 1127/1674/505 1122/1669/493
f 1402/2000/494 1401/1999/492 1391/1983/480
f 1403/2001/495 1402/2000/494 1392/1984/482
f 1404/2002/496 1403/2015/495 1393/2003/483
f 1405/2004/497 1404/2002/496 1394/1986/484
f 1406/2005/498 1405/2004/497 1395/1989/485
f 1397/1995/487 1407/2007/499 1406/2005/498
f 1398/2006/488 1408/2018/500 1407/2007/499
f 1399/1997/489 1409/2009/501 1408/2008/500
f 1400/1998/491 1410/2010/503 1409/2009/501
f 770/1312/502 775/1317/514 1410/2010/503
f 1411/2011/504 1128/1675/517 1127/1674/505
f 1412/2012/506 1411/2011/504 1401/1999/492
f 1413/2013/507 1412/2012/506 1402/2000/494
f 1414/2014/508 1413/2027/507 1403/2015/495
f 1415/2016/509 1414/2014/508 1404/2002/496
f 1416/2017/510 1415/2016/509 1405/2004/497
f 1407/2007/499 1417/2019/511 1416/2017/510
f 1408/2018/500 1418/2030/512 1417/2019/511
f 1409/2009/501 1419/2021/513 1418/2020/512
f 1410/2010/503 1420/2022/515 1419/2021/513
f 775/1317/514 776/1318/526 1420/2022/515
f 1421/2023/516 1129/1676/529 1128/1675/517
f 1422/2024/518 1421/2023/516 1411/2011/504
f 1423/2025/519 1422/2024/518 1412/2012/506
f 1424/2026/520 1423/6796/519 1413/2027/507
f 1425/2028/521 1424/2026/520 1414/2014/508
f 1426/2029/522 1425/2028/521 1415/2016/509
f 1417/2019/511 1427/2031/523 1426/2029/522
f 1418/2030/512 1428/6797/524 1427/2031/523
f 1419/2021/513 1429/2033/525 1428/2032/524
f 1420/2022/515 1430/2034/527 1429/2033/525
f 776/1318/526 777/1319/540 1430/2034/527
f 1421/2035/516 1431/2039/530 1130/2036/528
f 1422/2038/518 1432/6798/531 1431/2039/530
f 1423/2040/519 1433/2044/532 1432/2041/531
f 1424/2043/520 1434/2046/533 1433/2044/532
f 1425/2045/521 1443/6799/545 1434/2046/533
f 1435/2047/534 1443/6799/545 1425/2045/521
f 1436/2049/535 1435/2047/534 1426/2048/522
f 1437/2051/536 1436/2049/535 1427/2050/523
f 1438/2053/537 1437/2051/536 1428/2052/524
f 1439/2055/538 1438/6800/537 1429/2056/525
f 778/2058/539 1439/2055/538 1430/2057/527
f 1431/2060/530 1440/2062/542 1131/1678/541
f 1432/2061/531 1441/2064/543 1440/2062/542
f 1433/2063/532 1442/2082/544 1441/2064/543
f 1434/2065/533 1444/2069/546 1442/2066/544
f 1443/2068/545 1453/2085/557 1444/2069/546
f 1445/2070/547 1453/2085/557 1443/2068/545
f 1446/2072/548 1445/2070/547 1435/2071/534
f 1447/2074/549 1446/2072/548 1436/2073/535
f 1448/2076/550 1447/2091/549 1437/2077/536
f 1449/2079/551 1448/2076/550 1438/2078/537
f 779/1321/552 1449/2079/551 1439/2080/538
f 1440/2062/542 1450/2081/554 1132/1679/553
f 1441/2064/543 1451/2083/555 1450/2081/554
f 1442/2082/544 1452/2094/556 1451/2083/555
f 1444/2069/546 1454/2086/558 1452/2084/556
f 1453/2085/557 1463/2097/569 1454/2086/558
f 1455/2087/559 1463/2097/569 1453/2085/557
f 1456/2088/560 1455/2087/559 1445/2070/547
f 1457/2089/561 1456/2088/560 1446/2072/548
f 1458/2090/562 1457/2103/561 1447/2091/549
f 1459/2092/563 1458/2090/562 1448/2076/550
f 780/1322/564 1459/2092/563 1449/2079/551
f 1450/2081/554 1460/2093/566 1133/1680/565
f 1451/2083/555 1461/2095/567 1460/2093/566
f 1452/2094/556 1462/2106/568 1461/2095/567
f 1454/2086/558 1464/2098/570 1462/2096/568
f 1463/2097/569 1473/2109/581 1464/2098/570
f 1465/2099/571 1473/2109/581 1463/2097/569
f 1466/2100/572 1465/2099/571 1455/2087/559
f 1467/2101/573 1466/2100/572 1456/2088/560
f 1468/2102/574 1467/2115/573 1457/2103/561
f 1469/2104/575 1468/2102/574 1458/2090/562
f 781/1323/576 1469/2104/575 1459/2092/563
f 1460/2093/566 1470/2105/578 1134/1681/577
f 1461/2095/567 1471/2107/579 1470/2105/578
f 1462/2106/568 1472/2118/580 1471/2107/579
f 1464/2098/570 1474/2110/582 1472/2108/580
f 1473/2109/581 1483/2121/593 1474/2110/582
f 1475/2111/583 1483/2121/593 1473/2109/581
f 1476/2112/584 1475/2111/583 1465/2099/571
f 1477/2113/585 1476/2112/584 1466/2100/572
f 1478/2114/586 1477/2127/585 1467/2115/573
f 1479/2116/587 1478/2114/586 1468/2102/574
f 782/1324/588 1479/2116/587 1469/2104/575
f 1470/2105/578 1480/2117/590 1135/1682/589
f 1471/2107/579 1481/2119/591 1480/2117/590
f 1472/2118/580 1482/2130/592 1481/2119/591
f 1474/2110/582 1484/2122/594 1482/2120/592
f 1483/2121/593 1493/2133/605 1484/2122/594
f 1485/2123/595 1493/2133/605 1483/2121/593
f 1486/2124/596 1485/2123/595 1475/2111/583
f 1487/2125/597 1486/2124/596 1476/2112/584
f 1488/2126/598 1487/2139/597 1477/2127/585
f 1489/2128/599 1488/2126/598 1478/2114/586
f 783/1325/600 1489/2128/599 1479/2116/587
f 1480/2117/590 1490/2129/602 1137/1684/601
f 1481/2119/591 1491/2131/603 1490/2129/602
f 1482/2130/592 1492/2142/604 1491/2131/603
f 1484/2122/594 1494/2134/606 1492/2132/604
f 1493/2133/605 1503/6801/617 1494/2134/606
f 1495/2135/607 1503/6801/617 1493/2133/605
f 1496/2136/608 1495/2135/607 1485/2123/595
f 1497/2137/609 1496/2136/608 1486/2124/596
f 1498/2138/610 1497/2156/609 1487/2139/597
f 1499/2140/611 1498/2138/610 1488/2126/598
f 785/1327/612 1499/2140/611 1489/2128/599
f 1490/2129/602 1500/2141/614 1142/1689/613
f 1491/2131/603 1501/2143/615 1500/2141/614
f 1492/2142/604 1502/2159/616 1501/2143/615
f 1494/2144/606 1504/2148/618 1502/2145/616
f 1503/2147/617 1513/2162/629 1504/2148/618
f 1505/2149/619 1513/2162/629 1503/2147/617
f 1506/2151/620 1505/2149/619 1495/2150/607
f 1507/2153/621 1506/2151/620 1496/2152/608
f 1508/2155/622 1507/2168/621 1497/2156/609
f 1509/2157/623 1508/2155/622 1498/2138/610
f 790/1332/624 1509/2157/623 1499/2140/611
f 1500/2141/614 1510/2158/626 1145/1692/625
f 1501/2143/615 1511/2160/627 1510/2158/626
f 1502/2159/616 1512/2173/628 1511/2160/627
f 1504/2148/618 1514/2163/630 1512/2161/628
f 1513/2162/629 1525/2176/642 1514/2163/630
f 1515/2164/631 1525/2176/642 1513/2162/629
f 1516/2165/632 1515/2164/631 1505/2149/619
f 1517/2166/633 1516/2165/632 1506/2151/620
f 1518/2167/634 1517/2180/633 1507/2168/621
f 1519/2169/635 1518/2167/634 1508/2155/622
f 793/1335/636 1519/2169/635 1509/2157/623
f 1520/2170/637 1148/1695/649 1145/1692/625
f 1521/2171/638 1520/2170/637 1510/2158/626
f 1522/2172/639 1521/2171/638 1511/2160/627
f 1523/2174/640 1522/2187/639 1512/2161/628
f 1524/2175/641 1523/2174/640 1514/2163/630
f 1526/2177/643 1524/2175/641 1525/2176/642
f 1516/2165/632 1527/2178/644 1526/2177/643
f 1517/2166/633 1528/2190/645 1527/2178/644
f 1518/2167/634 1529/2181/646 1528/2179/645
f 1519/2169/635 1530/2182/647 1529/2181/646
f 793/1335/636 796/1338/658 1530/2182/647
f 1531/2183/648 1151/1698/661 1148/1695/649
f 1532/2184/650 1531/2183/648 1520/2170/637
f 1533/2185/651 1532/2184/650 1521/2171/638
f 1534/2186/652 1533/2199/651 1522/2187/639
f 1535/2188/653 1534/2186/652 1523/2174/640
f 1536/2189/654 1535/2188/653 1524/2175/641
f 1527/2178/644 1537/2191/655 1536/2189/654
f 1528/2190/645 1538/2202/656 1537/2191/655
f 1529/2181/646 1539/2193/657 1538/2192/656
f 1530/2182/647 1540/2194/659 1539/2193/657
f 796/1338/658 799/1341/670 1540/2194/659
f 1541/2195/660 1153/1700/673 1151/1698/661
f 1542/2196/662 1541/2195/660 1531/2183/648
f 1543/2197/663 1542/2196/662 1532/2184/650
f 1544/2198/664 1543/2210/663 1533/2199/651
f 1545/2200/665 1544/2198/664 1534/2186/652
f 1546/2201/666 1545/2200/665 1535/2188/653
f 1537/2191/655 1547/2203/667 1546/2201/666
f 1538/2202/656 1548/2215/668 1547/2203/667
f 1539/2193/657 1549/2205/669 1548/2204/668
f 1540/2194/659 1550/2206/671 1549/2205/669
f 799/1341/670 801/1343/684 1550/2206/671
f 1541/2195/660 1551/2207/674 1156/1703/672
f 1542/2196/662 1552/2208/675 1551/2207/674
f 1543/2197/663 1553/2219/676 1552/2208/675
f 1544/2198/664 1554/2211/677 1553/2209/676
f 1545/2200/665 1563/2222/689 1554/2211/677
f 1555/2212/678 1563/2222/689 1545/2200/665
f 1556/2213/679 1555/2212/678 1546/2201/666
f 1557/2214/680 1556/2213/679 1547/2203/667
f 1558/2216/681 1557/2228/680 1548/2204/668
f 1559/2217/682 1558/2216/681 1549/2205/669
f 804/1346/683 1559/2217/682 1550/2206/671
f 1551/2207/674 1560/2218/686 1159/1706/685
f 1552/2208/675 1561/2220/687 1560/2218/686
f 1553/2219/676 1562/2231/688 1561/2220/687
f 1554/2211/677 1564/2223/690 1562/2221/688
f 1563/2222/689 1573/2234/701 1564/2223/690
f 1565/2224/691 1573/2234/701 1563/2222/689
f 1566/2225/692 1565/2224/691 1555/2212/678
f 1567/2226/693 1566/2225/692 1556/2213/679
f 1568/2227/694 1567/2240/693 1557/2228/680
f 1569/2229/695 1568/2227/694 1558/2216/681
f 807/1349/696 1569/2229/695 1559/2217/682
f 1560/2218/686 1570/2230/698 1161/1708/697
f 1561/2220/687 1571/2232/699 1570/2230/698
f 1562/2231/688 1572/2243/700 1571/2232/699
f 1564/2223/690 1574/2235/702 1572/2233/700
f 1573/2234/701 1583/2246/713 1574/2235/702
f 1575/2236/703 1583/2246/713 1573/2234/701
f 1576/2237/704 1575/2236/703 1565/2224/691
f 1577/2238/705 1576/2237/704 1566/2225/692
f 1578/2239/706 1577/2252/705 1567/2240/693
f 1579/2241/707 1578/2239/706 1568/2227/694
f 809/1351/708 1579/2241/707 1569/2229/695
f 1570/2230/698 1580/2242/710 1164/1711/709
f 1571/2232/699 1581/2244/711 1580/2242/710
f 1572/2243/700 1582/2255/712 1581/2244/711
f 1574/2235/702 1584/2247/714 1582/2245/712
f 1583/2246/713 1593/2258/725 1584/2247/714
f 1585/2248/715 1593/2258/725 1583/2246/713
f 1586/2249/716 1585/2248/715 1575/2236/703
f 1587/2250/717 1586/2249/716 1576/2237/704
f 1588/2251/718 1587/2264/717 1577/2252/705
f 1589/2253/719 1588/2251/718 1578/2239/706
f 812/1354/720 1589/2253/719 1579/2241/707
f 1580/2242/710 1590/2254/722 1167/1714/721
f 1581/2244/711 1591/2256/723 1590/2254/722
f 1582/2255/712 1592/2267/724 1591/2256/723
f 1584/2247/714 1594/2259/726 1592/2257/724
f 1593/2258/725 1603/2270/737 1594/2259/726
f 1595/2260/727 1603/2270/737 1593/2258/725
f 1596/2261/728 1595/2260/727 1585/2248/715
f 1597/2262/729 1596/2261/728 1586/2249/716
f 1598/2263/730 1597/2276/729 1587/2264/717
f 1599/2265/731 1598/2263/730 1588/2251/718
f 815/1357/732 1599/2265/731 1589/2253/719
f 1590/2254/722 1600/2266/734 1171/1718/733
f 1591/2256/723 1601/2268/735 1600/2266/734
f 1592/2267/724 1602/2279/736 1601/2268/735
f 1594/2259/726 1604/2271/738 1602/2269/736
f 1603/2270/737 1613/2282/749 1604/2271/738
f 1605/2272/739 1613/2282/749 1603/2270/737
f 1606/2273/740 1605/2272/739 1595/2260/727
f 1607/2274/741 1606/2273/740 1596/2261/728
f 1608/2275/742 1607/2288/741 1597/2276/729
f 1609/2277/743 1608/2275/742 1598/2263/730
f 819/1361/744 1609/2277/743 1599/2265/731
f 1600/2266/734 1610/2278/746 1174/1721/745
f 1601/2268/735 1611/2280/747 1610/2278/746
f 1602/2279/736 1612/2293/748 1611/2280/747
f 1604/2271/738 1614/2283/750 1612/2281/748
f 1613/2282/749 1625/6802/762 1614/2283/750
f 1615/2284/751 1625/6802/762 1613/2282/749
f 1616/2285/752 1615/2284/751 1605/2272/739
f 1617/2286/753 1616/2285/752 1606/2273/740
f 1618/2287/754 1617/2305/753 1607/2288/741
f 1619/2289/755 1618/2287/754 1608/2275/742
f 822/1364/756 1619/2289/755 1609/2277/743
f 1620/2290/757 1175/1722/769 1174/1721/745
f 1621/2291/758 1620/2290/757 1610/2278/746
f 1622/2292/759 1621/2291/758 1611/2280/747
f 1623/2294/760 1622/2312/759 1612/2295/748
f 1624/2297/761 1623/2294/760 1614/2296/750
f 1626/2299/763 1624/2297/761 1625/2298/762
f 1616/2301/752 1627/2303/764 1626/2299/763
f 1617/2302/753 1628/2315/765 1627/2303/764
f 1618/2287/754 1629/2306/766 1628/2304/765
f 1619/2289/755 1630/2307/767 1629/2306/766
f 822/1364/756 823/1365/778 1630/2307/767
f 1631/2308/768 1176/1723/781 1175/1722/769
f 1632/2309/770 1631/2308/768 1620/2290/757
f 1633/2310/771 1632/2309/770 1621/2291/758
f 1634/2311/772 1633/2324/771 1622/2312/759
f 1635/2313/773 1634/2311/772 1623/2294/760
f 1636/2314/774 1635/2313/773 1624/2297/761
f 1627/2303/764 1637/2316/775 1636/2314/774
f 1628/2315/765 1638/2327/776 1637/2316/775
f 1629/2306/766 1639/2318/777 1638/2317/776
f 1630/2307/767 1640/2319/779 1639/2318/777
f 823/1365/778 824/1366/790 1640/2319/779
f 1641/2320/780 1177/1724/793 1176/1723/781
f 1642/2321/782 1641/2320/780 1631/2308/768
f 1643/2322/783 1642/2321/782 1632/2309/770
f 1644/2323/784 1643/2336/783 1633/2324/771
f 1645/2325/785 1644/2323/784 1634/2311/772
f 1646/2326/786 1645/2325/785 1635/2313/773
f 1637/2316/775 1647/2328/787 1646/2326/786
f 1638/2327/776 1648/2339/788 1647/2328/787
f 1639/2318/777 1649/2330/789 1648/2329/788
f 1640/2319/779 1650/2331/791 1649/2330/789
f 824/1366/790 825/1367/802 1650/2331/791
f 1651/2332/792 1178/1725/805 1177/1724/793
f 1652/2333/794 1651/2332/792 1641/2320/780
f 1653/2334/795 1652/2333/794 1642/2321/782
f 1654/2335/796 1653/2348/795 1643/2336/783
f 1655/2337/797 1654/2335/796 1644/2323/784
f 1656/2338/798 1655/2337/797 1645/2325/785
f 1647/2328/787 1657/2340/799 1656/2338/798
f 1648/2339/788 1658/2351/800 1657/2340/799
f 1649/2330/789 1659/2342/801 1658/2341/800
f 1650/2331/791 1660/2343/803 1659/2342/801
f 825/1367/802 826/1368/814 1660/2343/803
f 1661/2344/804 1179/1726/817 1178/1725/805
f 1662/2345/806 1661/2344/804 1651/2332/792
f 1663/2346/807 1662/2345/806 1652/2333/794
f 1664/2347/808 1663/2360/807 1653/2348/795
f 1665/2349/809 1664/2347/808 1654/2335/796
f 1666/2350/810 1665/2349/809 1655/2337/797
f 1657/2340/799 1667/2352/811 1666/2350/810
f 1658/2351/800 1668/2363/812 1667/2352/811
f 1659/2342/801 1669/2354/813 1668/2353/812
f 1660/2343/803 1670/2355/815 1669/2354/813
f 826/1368/814 827/1369/826 1670/2355/815
f 1671/2356/816 1180/1727/829 1179/1726/817
f 1672/2357/818 1671/2356/816 1661/2344/804
f 1673/2358/819 1672/2357/818 1662/2345/806
f 1674/2359/820 1673/2369/819 1663/2360/807
f 1675/2361/821 1674/2359/820 1664/2347/808
f 1676/2362/822 1675/2361/821 1665/2349/809
f 1667/2352/811 1677/2364/823 1676/2362/822
f 1668/2363/812 1678/2377/824 1677/2364/823
f 1669/2354/813 1679/2366/825 1678/2365/824
f 1670/2355/815 1680/2367/827 1679/2366/825
f 827/1369/826 828/1370/840 1680/2367/827
f 1671/2356/816 1681/2368/830 1075/1622/828
f 1672/2357/818 1682/2383/831 1681/2368/830
f 1673/2369/819 1683/2372/832 1682/2370/831
f 1674/2359/820 1684/2373/833 1683/2372/832
f 1675/2361/821 1694/6803/845 1684/2373/833
f 1685/2374/834 1694/6803/845 1675/2361/821
f 1686/2375/835 1685/2374/834 1676/2362/822
f 1687/2376/836 1686/2375/835 1677/2364/823
f 1688/2378/837 1687/2376/836 1678/2377/824
f 1689/2380/838 1688/2399/837 1679/2366/825
f 723/1265/839 1689/2380/838 1680/2367/827
f 1690/2381/841 1076/1623/852 1075/1622/828
f 1691/2382/842 1690/2381/841 1681/2368/830
f 1692/2384/843 1691/6804/842 1682/2385/831
f 1693/2387/844 1692/2384/843 1683/2386/832
f 1694/2389/845 1695/2391/846 1693/2387/844
f 1685/2390/834 1700/6805/853 1695/2391/846
f 1696/2392/847 1700/6805/853 1685/2390/834
f 1697/2394/848 1696/2392/847 1686/2393/835
f 1698/2396/849 1697/2394/848 1687/2395/836
f 1699/2398/850 1698/2407/849 1688/2399/837
f 725/1267/851 1699/2398/850 1689/2380/838
f 1181/1728/230 1078/1625/232 1076/1623/852
f 1182/1729/233 1181/1728/230 1690/2381/841
f 1184/1731/235 1182/1729/233 1691/2382/842
f 1186/1733/237 1184/1735/235 1692/2401/843
f 1188/1736/239 1186/1733/237 1693/2402/844
f 1191/1739/242 1188/1736/239 1695/2403/846
f 1696/2405/847 1193/1741/244 1191/1739/242
f 1697/2406/848 1195/1743/246 1193/1741/244
f 1698/2407/849 1197/1746/248 1195/1745/246
f 1699/2398/850 1199/1748/250 1197/1746/248
f 725/1267/851 726/1268/252 1199/1748/250
f 1701/2409/854 1124/1671/877 1125/1672/855
f 1703/2411/857 1701/2409/854 1702/2410/856
f 1705/2413/859 1703/2411/857 1704/2412/858
f 1707/2415/861 1705/2435/859 1706/2416/860
f 1709/2418/863 1707/2415/861 1708/2417/862
f 1711/2420/865 1709/2418/863 1710/2419/864
f 1713/2422/867 1715/2424/869 1711/2420/865
f 1714/2423/868 1717/2438/871 1715/2424/869
f 1716/2425/870 1719/2429/873 1717/2426/871
f 1718/2428/872 1720/2430/875 1719/2429/873
f 773/1315/874 772/1314/886 1720/2430/875
f 1721/2431/876 1123/1670/889 1124/1671/877
f 1722/2432/878 1721/2431/876 1701/2409/854
f 1723/2433/879 1722/2432/878 1703/2411/857
f 1724/2434/880 1723/2447/879 1705/2435/859
f 1725/2436/881 1724/2434/880 1707/2415/861
f 1726/2437/882 1725/2436/881 1709/2418/863
f 1715/2424/869 1727/2439/883 1726/2437/882
f 1717/2438/871 1728/2450/884 1727/2439/883
f 1719/2429/873 1729/2441/885 1728/2440/884
f 1720/2430/875 1730/2442/887 1729/2441/885
f 772/1314/886 771/1313/898 1730/2442/887
f 1731/2443/888 1121/1668/901 1123/1670/889
f 1732/2444/890 1731/2443/888 1721/2431/876
f 1733/2445/891 1732/2444/890 1722/2432/878
f 1734/2446/892 1733/2459/891 1723/2447/879
f 1735/2448/893 1734/2446/892 1724/2434/880
f 1736/2449/894 1735/2448/893 1725/2436/881
f 1727/2439/883 1737/2451/895 1736/2449/894
f 1728/2450/884 1738/2462/896 1737/2451/895
f 1729/2441/885 1739/2453/897 1738/2452/896
f 1730/2442/887 1740/2454/899 1739/2453/897
f 771/1313/898 769/1311/910 1740/2454/899
f 1741/2455/900 1119/1666/913 1121/1668/901
f 1742/2456/902 1741/2455/900 1731/2443/888
f 1743/2457/903 1742/2456/902 1732/2444/890
f 1744/2458/904 1743/2471/903 1733/2459/891
f 1745/2460/905 1744/2458/904 1734/2446/892
f 1746/2461/906 1745/2460/905 1735/2448/893
f 1737/2451/895 1747/2463/907 1746/2461/906
f 1738/2462/896 1748/2474/908 1747/2463/907
f 1739/2453/897 1749/2465/909 1748/2464/908
f 1740/2454/899 1750/2466/911 1749/2465/909
f 769/1311/910 767/1309/922 1750/2466/911
f 1751/2467/912 1118/1665/925 1119/1666/913
f 1752/2468/914 1751/2467/912 1741/2455/900
f 1753/2469/915 1752/2468/914 1742/2456/902
f 1754/2470/916 1753/2483/915 1743/2471/903
f 1755/2472/917 1754/2470/916 1744/2458/904
f 1756/2473/918 1755/2472/917 1745/2460/905
f 1747/2463/907 1757/2475/919 1756/2473/918
f 1748/2474/908 1758/2486/920 1757/2475/919
f 1749/2465/909 1759/2477/921 1758/2476/920
f 1750/2466/911 1760/2478/923 1759/2477/921
f 767/1309/922 766/1308/934 1760/2478/923
f 1761/2479/924 1116/1663/937 1118/1665/925
f 1762/2480/926 1761/2479/924 1751/2467/912
f 1763/2481/927 1762/2480/926 1752/2468/914
f 1764/2482/928 1763/2495/927 1753/2483/915
f 1765/2484/929 1764/2482/928 1754/2470/916
f 1766/2485/930 1765/2484/929 1755/2472/917
f 1757/2475/919 1767/2487/931 1766/2485/930
f 1758/2486/920 1768/2498/932 1767/2487/931
f 1759/2477/921 1769/2489/933 1768/2488/932
f 1760/2478/923 1770/2490/935 1769/2489/933
f 766/1308/934 764/1306/946 1770/2490/935
f 1771/2491/936 1114/1661/949 1116/1663/937
f 1772/2492/938 1771/2491/936 1761/2479/924
f 1773/2493/939 1772/2492/938 1762/2480/926
f 1774/2494/940 1773/6806/939 1763/2495/927
f 1775/2496/941 1774/2494/940 1764/2482/928
f 1776/2497/942 1775/2496/941 1765/2484/929
f 1767/2487/931 1777/2499/943 1776/2497/942
f 1768/2498/932 1778/6807/944 1777/2499/943
f 1769/2489/933 1779/2501/945 1778/2500/944
f 1770/2490/935 1780/2502/947 1779/2501/945
f 764/1306/946 762/1304/958 1780/2502/947
f 1781/2503/948 1112/1659/961 1114/1661/949
f 1782/2504/950 1781/2503/948 1771/2491/936
f 1783/2505/951 1782/2504/950 1772/2492/938
f 1784/2506/952 1783/2522/951 1773/2507/939
f 1785/2509/953 1784/2506/952 1774/2508/940
f 1786/2511/954 1785/2509/953 1775/2510/941
f 1777/2513/943 1787/2515/955 1786/2511/954
f 1778/2514/944 1788/2527/956 1787/2515/955
f 1779/2501/945 1789/2517/957 1788/2516/956
f 1780/2502/947 1790/2518/959 1789/2517/957
f 762/1304/958 760/1302/972 1790/2518/959
f 1781/2503/948 1791/2519/962 1110/1657/960
f 1782/2504/950 1792/2520/963 1791/2519/962
f 1783/2505/951 1793/2531/964 1792/2520/963
f 1784/2506/952 1794/2523/965 1793/2521/964
f 1785/2509/953 1803/2534/977 1794/2523/965
f 1795/2524/966 1803/2534/977 1785/2509/953
f 1796/2525/967 1795/2524/966 1786/2511/954
f 1797/2526/968 1796/2525/967 1787/2515/955
f 1798/2528/969 1797/2540/968 1788/2516/956
f 1799/2529/970 1798/2528/969 1789/2517/957
f 758/1300/971 1799/2529/970 1790/2518/959
f 1791/2519/962 1800/2530/974 1108/1655/973
f 1792/2520/963 1801/2532/975 1800/2530/974
f 1793/2531/964 1802/6808/976 1801/2532/975
f 1794/2523/965 1804/2535/978 1802/2533/976
f 1803/2534/977 1813/2546/989 1804/2535/978
f 1805/2536/979 1813/2546/989 1803/2534/977
f 1806/2537/980 1805/2536/979 1795/2524/966
f 1807/2538/981 1806/2537/980 1796/2525/967
f 1808/2539/982 1807/6809/981 1797/2540/968
f 1809/2541/983 1808/2539/982 1798/2528/969
f 756/1298/984 1809/2541/983 1799/2529/970
f 1800/2530/974 1810/2542/986 1106/1653/985
f 1801/2532/975 1811/2554/987 1810/2542/986
f 1802/2533/976 1812/2545/988 1811/2543/987
f 1804/2535/978 1814/2547/990 1812/2545/988
f 1813/2546/989 1823/2558/1001 1814/2547/990
f 1815/2548/991 1823/2558/1001 1813/2546/989
f 1816/2549/992 1815/2548/991 1805/2536/979
f 1817/2550/993 1816/2549/992 1806/2537/980
f 1818/2551/994 1817/2550/993 1807/2538/981
f 1819/2553/995 1818/2565/994 1808/2539/982
f 754/1296/996 1819/2553/995 1809/2541/983
f 1810/2542/986 1820/2555/998 1104/1651/997
f 1811/2554/987 1821/2568/999 1820/2555/998
f 1812/2545/988 1822/2557/1000 1821/2556/999
f 1814/2547/990 1824/2559/1002 1822/2557/1000
f 1823/2558/1001 1835/2572/1014 1824/2559/1002
f 1825/2560/1003 1835/2572/1014 1823/2558/1001
f 1826/2561/1004 1825/2560/1003 1815/2548/991
f 1827/2562/1005 1826/2561/1004 1816/2549/992
f 1828/2563/1006 1827/2562/1005 1817/2550/993
f 1829/2564/1007 1828/2577/1006 1818/2565/994
f 752/1294/1008 1829/2564/1007 1819/2553/995
f 1830/2566/1009 1103/1650/1021 1104/1651/997
f 1831/2567/1010 1830/2566/1009 1820/2555/998
f 1832/2569/1011 1831/2582/1010 1821/2556/999
f 1833/2570/1012 1832/2569/1011 1822/2557/1000
f 1834/2571/1013 1833/2570/1012 1824/2559/1002
f 1836/2573/1015 1834/2571/1013 1835/2572/1014
f 1826/2561/1004 1837/2574/1016 1836/2573/1015
f 1827/2562/1005 1838/2575/1017 1837/2574/1016
f 1828/2563/1006 1839/2587/1018 1838/2575/1017
f 1829/2564/1007 1840/2578/1019 1839/2576/1018
f 752/1294/1008 751/1293/1030 1840/2578/1019
f 1841/2579/1020 1101/1648/1033 1103/1650/1021
f 1842/2580/1022 1841/2579/1020 1830/2566/1009
f 1843/2581/1023 1842/6810/1022 1831/2582/1010
f 1844/2583/1024 1843/2581/1023 1832/2569/1011
f 1845/2584/1025 1844/2583/1024 1833/2570/1012
f 1846/2585/1026 1845/2584/1025 1834/2571/1013
f 1837/2574/1016 1847/2586/1027 1846/2585/1026
f 1838/2575/1017 1848/2588/1028 1847/2586/1027
f 1839/2587/1018 1849/6811/1029 1848/2588/1028
f 1840/2578/1019 1850/2590/1031 1849/2589/1029
f 751/1293/1030 749/1291/1042 1850/2590/1031
f 1851/2591/1032 1100/1647/1045 1101/1648/1033
f 1852/2592/1034 1851/2591/1032 1841/2579/1020
f 1853/2593/1035 1852/2592/1034 1842/2580/1022
f 1854/2595/1036 1853/2607/1035 1843/2581/1023
f 1855/2596/1037 1854/2595/1036 1844/2583/1024
f 1856/2597/1038 1855/2596/1037 1845/2584/1025
f 1847/2586/1027 1857/2598/1039 1856/2597/1038
f 1848/2588/1028 1858/2610/1040 1857/2598/1039
f 1849/2589/1029 1859/2601/1041 1858/2599/1040
f 1850/2590/1031 1860/2602/1043 1859/2601/1041
f 749/1291/1042 748/1290/1054 1860/2602/1043
f 1861/2603/1044 1098/1645/1057 1100/1647/1045
f 1862/2604/1046 1861/2603/1044 1851/2591/1032
f 1863/2605/1047 1862/2604/1046 1852/2592/1034
f 1864/2606/1048 1863/2619/1047 1853/2607/1035
f 1865/2608/1049 1864/2606/1048 1854/2595/1036
f 1866/2609/1050 1865/2608/1049 1855/2596/1037
f 1857/2598/1039 1867/2611/1051 1866/2609/1050
f 1858/2610/1040 1868/2622/1052 1867/2611/1051
f 1859/2601/1041 1869/2613/1053 1868/2612/1052
f 1860/2602/1043 1870/2614/1055 1869/2613/1053
f 748/1290/1054 746/1288/1066 1870/2614/1055
f 1871/2615/1056 1097/1644/1069 1098/1645/1057
f 1872/2616/1058 1871/2615/1056 1861/2603/1044
f 1873/2617/1059 1872/2616/1058 1862/2604/1046
f 1874/2618/1060 1873/2631/1059 1863/2619/1047
f 1875/2620/1061 1874/2618/1060 1864/2606/1048
f 1876/2621/1062 1875/2620/1061 1865/2608/1049
f 1867/2611/1051 1877/2623/1063 1876/2621/1062
f 1868/2622/1052 1878/2634/1064 1877/2623/1063
f 1869/2613/1053 1879/2625/1065 1878/2624/1064
f 1870/2614/1055 1880/2626/1067 1879/2625/1065
f 746/1288/1066 745/1287/1078 1880/2626/1067
f 1881/2627/1068 1095/1642/1081 1097/1644/1069
f 1882/2628/1070 1881/2627/1068 1871/2615/1056
f 1883/2629/1071 1882/2628/1070 1872/2616/1058
f 1884/2630/1072 1883/6812/1071 1873/2631/1059
f 1885/2632/1073 1884/2630/1072 1874/2618/1060
f 1886/2633/1074 1885/2632/1073 1875/2620/1061
f 1877/2623/1063 1887/2635/1075 1886/2633/1074
f 1878/2634/1064 1888/6813/1076 1887/2635/1075
f 1879/2625/1065 1889/2637/1077 1888/2636/1076
f 1880/2626/1067 1890/2638/1079 1889/2637/1077
f 745/1287/1078 743/1285/1092 1890/2638/1079
f 1881/2627/1068 1891/2639/1082 1094/1641/1080
f 1882/2628/1070 1892/2640/1083 1891/2639/1082
f 1883/2629/1071 1893/2655/1084 1892/2640/1083
f 1884/2641/1072 1894/2645/1085 1893/2642/1084
f 1885/2644/1073 1903/2658/1097 1894/2645/1085
f 1895/2646/1086 1903/2658/1097 1885/2644/1073
f 1896/2648/1087 1895/2646/1086 1886/2647/1074
f 1897/2650/1088 1896/2648/1087 1887/2649/1075
f 1898/2652/1089 1897/2664/1088 1888/2636/1076
f 1899/2653/1090 1898/2652/1089 1889/2637/1077
f 742/1284/1091 1899/2653/1090 1890/2638/1079
f 1891/2639/1082 1900/2654/1094 1093/1640/1093
f 1892/2640/1083 1901/2656/1095 1900/2654/1094
f 1893/2655/1084 1902/2667/1096 1901/2656/1095
f 1894/2645/1085 1904/2659/1098 1902/2657/1096
f 1903/2658/1097 1913/2670/1109 1904/2659/1098
f 1905/2660/1099 1913/2670/1109 1903/2658/1097
f 1906/2661/1100 1905/2660/1099 1895/2646/1086
f 1907/2662/1101 1906/2661/1100 1896/2648/1087
f 1908/2663/1102 1907/2676/1101 1897/2664/1088
f 1909/2665/1103 1908/2663/1102 1898/2652/1089
f 741/1283/1104 1909/2665/1103 1899/2653/1090
f 1900/2654/1094 1910/2666/1106 1092/1639/1105
f 1901/2656/1095 1911/2668/1107 1910/2666/1106
f 1902/2667/1096 1912/2679/1108 1911/2668/1107
f 1904/2659/1098 1914/2671/1110 1912/2669/1108
f 1913/2670/1109 1923/2682/1121 1914/2671/1110
f 1915/2672/1111 1923/2682/1121 1913/2670/1109
f 1916/2673/1112 1915/2672/1111 1905/2660/1099
f 1917/2674/1113 1916/2673/1112 1906/2661/1100
f 1918/2675/1114 1917/2688/1113 1907/2676/1101
f 1919/2677/1115 1918/2675/1114 1908/2663/1102
f 740/1282/1116 1919/2677/1115 1909/2665/1103
f 1910/2666/1106 1920/2678/1118 1090/1637/1117
f 1911/2668/1107 1921/2680/1119 1920/2678/1118
f 1912/2679/1108 1922/6814/1120 1921/2680/1119
f 1914/2671/1110 1924/2683/1122 1922/2681/1120
f 1923/2682/1121 1933/2694/1133 1924/2683/1122
f 1925/2684/1123 1933/2694/1133 1923/2682/1121
f 1926/2685/1124 1925/2684/1123 1915/2672/1111
f 1927/2686/1125 1926/2685/1124 1916/2673/1112
f 1928/2687/1126 1927/2700/1125 1917/2688/1113
f 1929/2689/1127 1928/2687/1126 1918/2675/1114
f 738/1280/1128 1929/2689/1127 1919/2677/1115
f 1920/2678/1118 1930/2690/1130 1089/1636/1129
f 1921/2680/1119 1931/2702/1131 1930/2690/1130
f 1922/2681/1120 1932/2693/1132 1931/2691/1131
f 1924/2683/1122 1934/2695/1134 1932/2693/1132
f 1933/2694/1133 1943/2706/1145 1934/2695/1134
f 1935/2696/1135 1943/2706/1145 1933/2694/1133
f 1936/2697/1136 1935/2696/1135 1925/2684/1123
f 1937/2698/1137 1936/2697/1136 1926/2685/1124
f 1938/2699/1138 1937/6815/1137 1927/2700/1125
f 1939/2701/1139 1938/2699/1138 1928/2687/1126
f 737/1279/1140 1939/2701/1139 1929/2689/1127
f 1930/2690/1130 1940/2703/1142 1086/1633/1141
f 1931/2702/1131 1941/2716/1143 1940/2703/1142
f 1932/2693/1132 1942/2705/1144 1941/2704/1143
f 1934/2695/1134 1944/2707/1146 1942/2705/1144
f 1943/2706/1145 1955/2720/1158 1944/2707/1146
f 1945/2708/1147 1955/2720/1158 1943/2706/1145
f 1946/2709/1148 1945/2708/1147 1935/2696/1135
f 1947/2710/1149 1946/2709/1148 1936/2697/1136
f 1948/2711/1150 1947/2710/1149 1937/2698/1137
f 1949/2713/1151 1948/2725/1150 1938/2699/1138
f 734/1276/1152 1949/2713/1151 1939/2701/1139
f 1950/2714/1153 1077/1624/1165 1086/1633/1141
f 1951/2715/1154 1950/2714/1153 1940/2703/1142
f 1952/2717/1155 1951/6816/1154 1941/2704/1143
f 1953/2718/1156 1952/2717/1155 1942/2705/1144
f 1954/2719/1157 1953/2718/1156 1944/2707/1146
f 1956/2721/1159 1954/2719/1157 1955/2720/1158
f 1946/2709/1148 1957/2722/1160 1956/2721/1159
f 1947/2710/1149 1958/2723/1161 1957/2722/1160
f 1948/2711/1150 1959/6817/1162 1958/2723/1161
f 1949/2713/1151 1960/2726/1163 1959/2724/1162
f 734/1276/1152 724/1266/1174 1960/2726/1163
f 1950/2714/1153 1968/2743/1175 1088/1635/1164
f 1961/2727/1166 1968/2743/1175 1950/2714/1153
f 1962/2728/1167 1961/2727/1166 1951/2715/1154
f 1963/2730/1168 1962/6818/1167 1952/2731/1155
f 1964/2733/1169 1963/2730/1168 1953/2732/1156
f 1965/2735/1170 1964/2733/1169 1954/2734/1157
f 1957/2737/1160 1969/6819/1176 1965/2735/1170
f 1966/2738/1171 1969/6819/1176 1957/2737/1160
f 1959/2724/1162 1970/2750/1177 1966/2740/1171
f 1967/2742/1172 1970/2750/1177 1959/2724/1162
f 736/1278/1173 1967/2742/1172 1960/2726/1163
f 1968/2743/1175 1702/2410/856 1125/1672/855
f 1961/2727/1166 1704/2412/858 1702/2410/856
f 1962/2728/1167 1706/2414/860 1704/2412/858
f 1963/2744/1168 1708/2417/862 1706/2416/860
f 1964/2746/1169 1710/2419/864 1708/2417/862
f 1712/2421/866 1710/2419/864 1964/2746/1169
f 1713/2422/867 1712/2421/866 1965/2747/1170
f 1714/2423/868 1713/2422/867 1969/2748/1176
f 1716/2425/870 1714/2427/868 1966/2740/1171
f 1718/2428/872 1716/2425/870 1970/2750/1177
f 773/1315/874 1718/2428/872 1967/2742/1172
f 1971/2751/1178 1172/1719/1199 1173/1720/855
f 1973/2753/1180 1971/2751/1178 1972/2752/1179
f 1975/2755/1182 1973/2753/1180 1974/2754/1181
f 1977/2757/1184 1975/2777/1182 1976/2758/1183
f 1979/2760/1186 1977/2757/1184 1978/2759/1185
f 1981/2762/1188 1979/2760/1186 1980/2761/1187
f 1983/2764/1190 1985/2766/1192 1981/2762/1188
f 1984/2765/1191 1987/2780/1194 1985/2766/1192
f 1986/2767/1193 1989/2771/1196 1987/2768/1194
f 1988/2770/1195 1990/2772/1197 1989/2771/1196
f 821/1363/874 820/1362/1208 1990/2772/1197
f 1991/2773/1198 1170/1717/1211 1172/1719/1199
f 1992/2774/1200 1991/2773/1198 1971/2751/1178
f 1993/2775/1201 1992/2774/1200 1973/2753/1180
f 1994/2776/1202 1993/2789/1201 1975/2777/1182
f 1995/2778/1203 1994/2776/1202 1977/2757/1184
f 1981/2762/1188 1996/2779/1204 1995/2778/1203
f 1985/2766/1192 1997/2781/1205 1996/2779/1204
f 1987/2780/1194 1998/2792/1206 1997/2781/1205
f 1989/2771/1196 1999/2783/1207 1998/2782/1206
f 1990/2772/1197 2000/2784/1209 1999/2783/1207
f 820/1362/1208 818/1360/1220 2000/2784/1209
f 2001/2785/1210 1169/1716/1223 1170/1717/1211
f 2002/2786/1212 2001/2785/1210 1991/2773/1198
f 2003/2787/1213 2002/2786/1212 1992/2774/1200
f 2004/2788/1214 2003/2801/1213 1993/2789/1201
f 2005/2790/1215 2004/2788/1214 1994/2776/1202
f 2006/2791/1216 2005/2790/1215 1995/2778/1203
f 1997/2781/1205 2007/2793/1217 2006/2791/1216
f 1998/2792/1206 2008/2804/1218 2007/2793/1217
f 1999/2783/1207 2009/2795/1219 2008/2794/1218
f 2000/2784/1209 2010/2796/1221 2009/2795/1219
f 818/1360/1220 817/1359/1232 2010/2796/1221
f 2011/2797/1222 1168/1715/1235 1169/1716/1223
f 2012/2798/1224 2011/2797/1222 2001/2785/1210
f 2013/2799/1225 2012/2798/1224 2002/2786/1212
f 2014/2800/1226 2013/2813/1225 2003/2801/1213
f 2015/2802/1227 2014/2800/1226 2004/2788/1214
f 2016/2803/1228 2015/2802/1227 2005/2790/1215
f 2007/2793/1217 2017/2805/1229 2016/2803/1228
f 2008/2804/1218 2018/2816/1230 2017/2805/1229
f 2009/2795/1219 2019/2807/1231 2018/2806/1230
f 2010/2796/1221 2020/2808/1233 2019/2807/1231
f 817/1359/1232 816/1358/1244 2020/2808/1233
f 2021/2809/1234 1166/1713/1247 1168/1715/1235
f 2022/2810/1236 2021/2809/1234 2011/2797/1222
f 2023/2811/1237 2022/2810/1236 2012/2798/1224
f 2024/2812/1238 2023/2825/1237 2013/2813/1225
f 2025/2814/1239 2024/2812/1238 2014/2800/1226
f 2026/2815/1240 2025/2814/1239 2015/2802/1227
f 2017/2805/1229 2027/2817/1241 2026/2815/1240
f 2018/2816/1230 2028/2828/1242 2027/2817/1241
f 2019/2807/1231 2029/2819/1243 2028/2818/1242
f 2020/2808/1233 2030/2820/1245 2029/2819/1243
f 816/1358/1244 814/1356/1256 2030/2820/1245
f 2031/2821/1246 1165/1712/1259 1166/1713/1247
f 2032/2822/1248 2031/2821/1246 2021/2809/1234
f 2033/2823/1249 2032/2822/1248 2022/2810/1236
f 2034/2824/1250 2033/6820/1249 2023/2825/1237
f 2035/2826/1251 2034/2824/1250 2024/2812/1238
f 2036/2827/1252 2035/2826/1251 2025/2814/1239
f 2027/2817/1241 2037/2829/1253 2036/2827/1252
f 2028/2828/1242 2038/6821/1254 2037/2829/1253
f 2029/2819/1243 2039/2831/1255 2038/2830/1254
f 2030/2820/1245 2040/2832/1257 2039/2831/1255
f 814/1356/1256 813/1355/1270 2040/2832/1257
f 2031/2821/1246 2041/2833/1260 1163/1710/1258
f 2032/2822/1248 2042/2834/1261 2041/2833/1260
f 2033/2823/1249 2043/2849/1262 2042/2834/1261
f 2034/2835/1250 2044/2839/1263 2043/2836/1262
f 2035/2838/1251 2053/2852/1275 2044/2839/1263
f 2045/2840/1264 2053/2852/1275 2035/2838/1251
f 2046/2842/1265 2045/2840/1264 2036/2841/1252
f 2047/2844/1266 2046/2842/1265 2037/2843/1253
f 2048/2846/1267 2047/2858/1266 2038/2830/1254
f 2049/2847/1268 2048/2846/1267 2039/2831/1255
f 811/1353/1269 2049/2847/1268 2040/2832/1257
f 2041/2833/1260 2050/2848/1272 1162/1709/1271
f 2042/2834/1261 2051/2850/1273 2050/2848/1272
f 2043/2849/1262 2052/2861/1274 2051/2850/1273
f 2044/2839/1263 2054/2853/1276 2052/2851/1274
f 2053/2852/1275 2063/2864/1287 2054/2853/1276
f 2055/2854/1277 2063/2864/1287 2053/2852/1275
f 2056/2855/1278 2055/2854/1277 2045/2840/1264
f 2057/2856/1279 2056/2855/1278 2046/2842/1265
f 2058/2857/1280 2057/2870/1279 2047/2858/1266
f 2059/2859/1281 2058/2857/1280 2048/2846/1267
f 810/1352/1282 2059/2859/1281 2049/2847/1268
f 2050/2848/1272 2060/2860/1284 1160/1707/1283
f 2051/2850/1273 2061/2862/1285 2060/2860/1284
f 2052/2861/1274 2062/2873/1286 2061/2862/1285
f 2054/2853/1276 2064/2865/1288 2062/2863/1286
f 2063/2864/1287 2073/2876/1299 2064/2865/1288
f 2065/2866/1289 2073/2876/1299 2063/2864/1287
f 2066/2867/1290 2065/2866/1289 2055/2854/1277
f 2067/2868/1291 2066/2867/1290 2056/2855/1278
f 2068/2869/1292 2067/2882/1291 2057/2870/1279
f 2069/2871/1293 2068/2869/1292 2058/2857/1280
f 808/1350/1294 2069/2871/1293 2059/2859/1281
f 2060/2860/1284 2070/2872/1296 1158/1705/1295
f 2061/2862/1285 2071/2874/1297 2070/2872/1296
f 2062/2873/1286 2072/6822/1298 2071/2874/1297
f 2064/2865/1288 2074/2877/1300 2072/2875/1298
f 2073/2876/1299 2083/2888/1311 2074/2877/1300
f 2075/2878/1301 2083/2888/1311 2073/2876/1299
f 2076/2879/1302 2075/2878/1301 2065/2866/1289
f 2077/2880/1303 2076/2879/1302 2066/2867/1290
f 2078/2881/1304 2077/6823/1303 2067/2882/1291
f 2079/2883/1305 2078/2881/1304 2068/2869/1292
f 806/1348/1306 2079/2883/1305 2069/2871/1293
f 2070/2872/1296 2080/2884/1308 1157/1704/1307
f 2071/2874/1297 2081/2898/1309 2080/2884/1308
f 2072/2875/1298 2082/2887/1310 2081/2885/1309
f 2074/2877/1300 2084/2889/1312 2082/2887/1310
f 2083/2888/1311 2095/2902/1324 2084/2889/1312
f 2085/2890/1313 2095/2902/1324 2083/2888/1311
f 2086/2891/1314 2085/2890/1313 2075/2878/1301
f 2087/2892/1315 2086/2891/1314 2076/2879/1302
f 2088/2893/1316 2087/2892/1315 2077/2880/1303
f 2089/2895/1317 2088/2907/1316 2078/2881/1304
f 805/1347/1318 2089/2895/1317 2079/2883/1305
f 2090/2896/1319 1155/1702/1331 1157/1704/1307
f 2091/2897/1320 2090/2896/1319 2080/2884/1308
f 2092/2899/1321 2091/2912/1320 2081/2885/1309
f 2093/2900/1322 2092/2899/1321 2082/2887/1310
f 2094/2901/1323 2093/2900/1322 2084/2889/1312
f 2096/2903/1325 2094/2901/1323 2095/2902/1324
f 2086/2891/1314 2097/2904/1326 2096/2903/1325
f 2087/2892/1315 2098/2905/1327 2097/2904/1326
f 2088/2893/1316 2099/2917/1328 2098/2905/1327
f 2089/2895/1317 2100/2908/1329 2099/2906/1328
f 805/1347/1318 803/1345/1340 2100/2908/1329
f 2101/2909/1330 1154/1701/1343 1155/1702/1331
f 2102/2910/1332 2101/2909/1330 2090/2896/1319
f 2103/2911/1333 2102/6824/1332 2091/2912/1320
f 2104/2913/1334 2103/2911/1333 2092/2899/1321
f 2105/2914/1335 2104/2913/1334 2093/2900/1322
f 2106/2915/1336 2105/2914/1335 2094/2901/1323
f 2097/2904/1326 2107/2916/1337 2106/2915/1336
f 2098/2905/1327 2108/2918/1338 2107/2916/1337
f 2099/2917/1328 2109/6825/1339 2108/2918/1338
f 2100/2908/1329 2110/2920/1341 2109/2919/1339
f 803/1345/1340 802/1344/1352 2110/2920/1341
f 2111/2921/1342 1152/1699/1355 1154/1701/1343
f 2112/2922/1344 2111/2921/1342 2101/2909/1330
f 2113/2923/1345 2112/2922/1344 2102/2910/1332
f 2114/2925/1346 2113/2937/1345 2103/2911/1333
f 2115/2926/1347 2114/2925/1346 2104/2913/1334
f 2116/2927/1348 2115/2926/1347 2105/2914/1335
f 2107/2916/1337 2117/2928/1349 2116/2927/1348
f 2108/2918/1338 2118/2940/1350 2117/2928/1349
f 2109/2919/1339 2119/2931/1351 2118/2929/1350
f 2110/2920/1341 2120/2932/1353 2119/2931/1351
f 802/1344/1352 800/1342/1364 2120/2932/1353
f 2121/2933/1354 1150/1697/1367 1152/1699/1355
f 2122/2934/1356 2121/2933/1354 2111/2921/1342
f 2123/2935/1357 2122/2934/1356 2112/2922/1344
f 2124/2936/1358 2123/2949/1357 2113/2937/1345
f 2125/2938/1359 2124/2936/1358 2114/2925/1346
f 2126/2939/1360 2125/2938/1359 2115/2926/1347
f 2117/2928/1349 2127/2941/1361 2126/2939/1360
f 2118/2940/1350 2128/2952/1362 2127/2941/1361
f 2119/2931/1351 2129/2943/1363 2128/2942/1362
f 2120/2932/1353 2130/2944/1365 2129/2943/1363
f 800/1342/1364 798/1340/1376 2130/2944/1365
f 2131/2945/1366 1149/1696/1379 1150/1697/1367
f 2132/2946/1368 2131/2945/1366 2121/2933/1354
f 2133/2947/1369 2132/2946/1368 2122/2934/1356
f 2134/2948/1370 2133/2960/1369 2123/2949/1357
f 2135/2950/1371 2134/2948/1370 2124/2936/1358
f 2136/2951/1372 2135/2950/1371 2125/2938/1359
f 2127/2941/1361 2137/2953/1373 2136/2951/1372
f 2128/2952/1362 2138/2965/1374 2137/2953/1373
f 2129/2943/1363 2139/2955/1375 2138/2954/1374
f 2130/2944/1365 2140/2956/1377 2139/2955/1375
f 798/1340/1376 797/1339/1390 2140/2956/1377
f 2131/2945/1366 2141/2957/1380 1147/1694/1378
f 2132/2946/1368 2142/2958/1381 2141/2957/1380
f 2133/2947/1369 2143/2969/1382 2142/2958/1381
f 2134/2948/1370 2144/2961/1383 2143/2959/1382
f 2135/2950/1371 2153/6826/1395 2144/2961/1383
f 2145/2962/1384 2153/6826/1395 2135/2950/1371
f 2146/2963/1385 2145/2962/1384 2136/2951/1372
f 2147/2964/1386 2146/2963/1385 2137/2953/1373
f 2148/2966/1387 2147/2983/1386 2138/2954/1374
f 2149/2967/1388 2148/2966/1387 2139/2955/1375
f 795/1337/1389 2149/2967/1388 2140/2956/1377
f 2141/2957/1380 2150/2968/1392 1146/1693/1391
f 2142/2958/1381 2151/2970/1393 2150/2968/1392
f 2143/2969/1382 2152/2986/1394 2151/2970/1393
f 2144/2971/1383 2154/2975/1396 2152/2972/1394
f 2153/2974/1395 2163/2989/1407 2154/2975/1396
f 2155/2976/1397 2163/2989/1407 2153/2974/1395
f 2156/2978/1398 2155/2976/1397 2145/2977/1384
f 2157/2980/1399 2156/2978/1398 2146/2979/1385
f 2158/2982/1400 2157/2995/1399 2147/2983/1386
f 2159/2984/1401 2158/2982/1400 2148/2966/1387
f 794/1336/1402 2159/2984/1401 2149/2967/1388
f 2150/2968/1392 2160/2985/1404 1144/1691/1403
f 2151/2970/1393 2161/2987/1405 2160/2985/1404
f 2152/2986/1394 2162/2998/1406 2161/2987/1405
f 2154/2975/1396 2164/2990/1408 2162/2988/1406
f 2163/2989/1407 2173/3001/1419 2164/2990/1408
f 2165/2991/1409 2173/3001/1419 2163/2989/1407
f 2166/2992/1410 2165/2991/1409 2155/2976/1397
f 2167/2993/1411 2166/2992/1410 2156/2978/1398
f 2168/2994/1412 2167/3007/1411 2157/2995/1399
f 2169/2996/1413 2168/2994/1412 2158/2982/1400
f 792/1334/1414 2169/2996/1413 2159/2984/1401
f 2160/2985/1404 2170/2997/1416 1143/1690/1415
f 2161/2987/1405 2171/2999/1417 2170/2997/1416
f 2162/2998/1406 2172/3010/1418 2171/2999/1417
f 2164/2990/1408 2174/3002/1420 2172/3000/1418
f 2173/3001/1419 2183/3013/1431 2174/3002/1420
f 2175/3003/1421 2183/3013/1431 2173/3001/1419
f 2176/3004/1422 2175/3003/1421 2165/2991/1409
f 2177/3005/1423 2176/3004/1422 2166/2992/1410
f 2178/3006/1424 2177/3019/1423 2167/3007/1411
f 2179/3008/1425 2178/3006/1424 2168/2994/1412
f 791/1333/1426 2179/3008/1425 2169/2996/1413
f 2170/2997/1416 2180/3009/1428 1141/1688/1427
f 2171/2999/1417 2181/3011/1429 2180/3009/1428
f 2172/3010/1418 2182/3022/1430 2181/3011/1429
f 2174/3002/1420 2184/3014/1432 2182/3012/1430
f 2183/3013/1431 2193/3025/1443 2184/3014/1432
f 2185/3015/1433 2193/3025/1443 2183/3013/1431
f 2186/3016/1434 2185/3015/1433 2175/3003/1421
f 2187/3017/1435 2186/3016/1434 2176/3004/1422
f 2188/3018/1436 2187/3031/1435 2177/3019/1423
f 2189/3020/1437 2188/3018/1436 2178/3006/1424
f 789/1331/1438 2189/3020/1437 2179/3008/1425
f 2180/3009/1428 2190/3021/1440 1140/1687/1439
f 2181/3011/1429 2191/3023/1441 2190/3021/1440
f 2182/3022/1430 2192/6827/1442 2191/3023/1441
f 2184/3014/1432 2194/3026/1444 2192/3024/1442
f 2193/3025/1443 2203/3037/1455 2194/3026/1444
f 2195/3027/1445 2203/3037/1455 2193/3025/1443
f 2196/3028/1446 2195/3027/1445 2185/3015/1433
f 2197/3029/1447 2196/3028/1446 2186/3016/1434
f 2198/3030/1448 2197/6828/1447 2187/3031/1435
f 2199/3032/1449 2198/3030/1448 2188/3018/1436
f 788/1330/1450 2199/3032/1449 2189/3020/1437
f 2190/3021/1440 2200/3033/1452 1139/1686/1451
f 2191/3023/1441 2201/3045/1453 2200/3033/1452
f 2192/3024/1442 2202/3036/1454 2201/3034/1453
f 2194/3026/1444 2204/3038/1456 2202/3036/1454
f 2203/3037/1455 2213/3049/1465 2204/3038/1456
f 2205/3039/1457 2213/3049/1465 2203/3037/1455
f 2206/3040/1458 2205/3039/1457 2195/3027/1445
f 2207/3041/1459 2206/3040/1458 2196/3028/1446
f 2208/3042/1460 2207/3041/1459 2197/3029/1447
f 2209/3044/1461 2208/3056/1460 2198/3030/1448
f 787/1329/1462 2209/3044/1461 2199/3032/1449
f 2200/3033/1452 2210/3046/1142 1136/1683/1141
f 2201/3045/1453 2211/3059/1463 2210/3046/1142
f 2202/3036/1454 2212/3048/1464 2211/3047/1463
f 2204/3038/1456 2214/3050/1466 2212/3048/1464
f 2213/3049/1465 2225/3063/1471 2214/3050/1466
f 2215/3051/1467 2225/3063/1471 2213/3049/1465
f 2216/3052/1468 2215/3051/1467 2205/3039/1457
f 2217/3053/1469 2216/3052/1468 2206/3040/1458
f 2218/3054/1470 2217/3053/1469 2207/3041/1459
f 2219/3055/1151 2218/3068/1470 2208/3056/1460
f 784/1326/1152 2219/3055/1151 2209/3044/1461
f 2220/3057/1153 1126/1673/1165 1136/1683/1141
f 2221/3058/1154 2220/3057/1153 2210/3046/1142
f 2222/3060/1155 2221/6829/1154 2211/3047/1463
f 2223/3061/1156 2222/3060/1155 2212/3048/1464
f 2224/3062/1157 2223/3061/1156 2214/3050/1466
f 2226/3064/1159 2224/3062/1157 2225/3063/1471
f 2216/3052/1468 2227/3065/1160 2226/3064/1159
f 2217/3053/1469 2228/3066/1161 2227/3065/1160
f 2218/3054/1470 2229/6830/1162 2228/3066/1161
f 2219/3055/1151 2230/3069/1163 2229/3067/1162
f 784/1326/1152 774/1316/1174 2230/3069/1163
f 2231/3070/1175 1138/1685/1164 1126/1673/1165
f 2232/3071/1166 2231/3070/1175 2220/3057/1153
f 2233/3072/1167 2232/3071/1166 2221/3058/1154
f 2223/3074/1156 2239/6831/1168 2233/3075/1167
f 2234/3077/1169 2239/6831/1168 2223/3074/1156
f 2235/3079/1170 2234/3077/1169 2224/3078/1157
f 2227/3081/1160 2240/6832/1176 2235/3079/1170
f 2236/3082/1171 2240/6832/1176 2227/3081/1160
f 2237/3084/1177 2236/3093/1171 2228/3085/1161
f 2238/3086/1172 2237/3084/1177 2229/3067/1162
f 786/1328/1173 2238/3086/1172 2230/3069/1163
f 2231/3070/1175 1972/2752/1179 1173/1720/855
f 2232/3071/1166 1974/2754/1181 1972/2752/1179
f 2233/3072/1167 1976/2756/1183 1974/2754/1181
f 2239/3087/1168 1978/2759/1185 1976/2758/1183
f 2234/3089/1169 1980/2761/1187 1978/2759/1185
f 1982/2763/1189 1980/2761/1187 2234/3089/1169
f 1983/2764/1190 1982/2763/1189 2235/3090/1170
f 1984/2765/1191 1983/2764/1190 2240/3091/1176
f 1986/2767/1193 1984/2769/1191 2236/3093/1171
f 1988/2770/1195 1986/2767/1193 2237/3084/1177
f 821/1363/874 1988/2770/1195 2238/3086/1172
f 2241/3094/1472 2243/3096/1476 987/1533/1473
f 2242/3095/1475 2245/3098/1478 2243/3096/1476
f 2244/3097/1477 2247/3116/1480 2245/3098/1478
f 2246/3099/1479 2249/3103/1482 2247/3100/1480
f 2248/3102/1481 2263/3119/1499 2249/3103/1482
f 2250/3104/1483 2263/3119/1499 2248/3102/1481
f 2252/3106/1485 2250/3104/1483 2251/3105/1484
f 2254/3108/1487 2252/3106/1485 2253/3107/1486
f 2256/3110/1489 2254/3125/1487 2255/3111/1488
f 2258/3113/1491 2256/3110/1489 2257/3112/1490
f 635/1176/1493 2258/3113/1491 2259/3114/1492
f 2243/3096/1476 2260/3115/1496 988/1534/1495
f 2245/3098/1478 2261/3117/1497 2260/3115/1496
f 2247/3116/1480 2262/3128/1498 2261/3117/1497
f 2249/3103/1482 2264/3120/1500 2262/3118/1498
f 2263/3119/1499 2273/3131/1511 2264/3120/1500
f 2265/3121/1501 2273/3131/1511 2263/3119/1499
f 2266/3122/1502 2265/3121/1501 2250/3104/1483
f 2267/3123/1503 2266/3122/1502 2252/3106/1485
f 2268/3124/1504 2267/3137/1503 2254/3125/1487
f 2269/3126/1505 2268/3124/1504 2256/3110/1489
f 636/1177/1506 2269/3126/1505 2258/3113/1491
f 2260/3115/1496 2270/3127/1508 989/1535/1507
f 2261/3117/1497 2271/3129/1509 2270/3127/1508
f 2262/3128/1498 2272/3140/1510 2271/3129/1509
f 2264/3120/1500 2274/3132/1512 2272/3130/1510
f 2273/3131/1511 2283/3143/1523 2274/3132/1512
f 2275/3133/1513 2283/3143/1523 2273/3131/1511
f 2276/3134/1514 2275/3133/1513 2265/3121/1501
f 2277/3135/1515 2276/3134/1514 2266/3122/1502
f 2278/3136/1516 2277/3149/1515 2267/3137/1503
f 2279/3138/1517 2278/3136/1516 2268/3124/1504
f 637/1178/1518 2279/3138/1517 2269/3126/1505
f 2270/3127/1508 2280/3139/1520 990/1536/1519
f 2271/3129/1509 2281/3141/1521 2280/3139/1520
f 2272/3140/1510 2282/3152/1522 2281/3141/1521
f 2274/3132/1512 2284/3144/1524 2282/3142/1522
f 2283/3143/1523 2293/3155/1534 2284/3144/1524
f 2285/3145/1525 2293/3155/1534 2283/3143/1523
f 2286/3146/1526 2285/3145/1525 2275/3133/1513
f 2287/3147/1527 2286/3146/1526 2276/3134/1514
f 2288/3148/1528 2287/3161/1527 2277/3149/1515
f 2289/3150/1529 2288/3148/1528 2278/3136/1516
f 638/1179/1530 2289/3150/1529 2279/3138/1517
f 2280/3139/1520 2290/3151/1531 991/1537/589
f 2281/3141/1521 2291/3153/1532 2290/3151/1531
f 2282/3152/1522 2292/3164/1533 2291/3153/1532
f 2284/3144/1524 2294/3156/1535 2292/3154/1533
f 2293/3155/1534 2303/3167/1545 2294/3156/1535
f 2295/3157/1536 2303/3167/1545 2293/3155/1534
f 2296/3158/1537 2295/3157/1536 2285/3145/1525
f 2297/3159/1538 2296/3158/1537 2286/3146/1526
f 2298/3160/1539 2297/3173/1538 2287/3161/1527
f 2299/3162/1540 2298/3160/1539 2288/3148/1528
f 639/1180/600 2299/3162/1540 2289/3150/1529
f 2290/3151/1531 2300/3163/1542 992/1538/1541
f 2291/3153/1532 2301/3165/1543 2300/3163/1542
f 2292/3164/1533 2302/3176/1544 2301/3165/1543
f 2294/3156/1535 2304/3168/1546 2302/3166/1544
f 2303/3167/1545 2313/6833/1557 2304/3168/1546
f 2305/3169/1547 2313/6833/1557 2303/3167/1545
f 2306/3170/1548 2305/3169/1547 2295/3157/1536
f 2307/3171/1549 2306/3170/1548 2296/3158/1537
f 2308/3172/1550 2307/3190/1549 2297/3173/1538
f 2309/3174/1551 2308/3172/1550 2298/3160/1539
f 640/1181/1552 2309/3174/1551 2299/3162/1540
f 2300/3163/1542 2310/3175/1554 994/1540/1553
f 2301/3165/1543 2311/3177/1555 2310/3175/1554
f 2302/3176/1544 2312/3195/1556 2311/3177/1555
f 2304/3178/1546 2314/3182/1558 2312/3179/1556
f 2313/3181/1557 2325/3198/1570 2314/3182/1558
f 2315/3183/1559 2325/3198/1570 2313/3181/1557
f 2316/3185/1560 2315/3183/1559 2305/3184/1547
f 2317/3187/1561 2316/3185/1560 2306/3186/1548
f 2318/3189/1562 2317/3202/1561 2307/3190/1549
f 2319/3191/1563 2318/3189/1562 2308/3172/1550
f 642/1183/1564 2319/3191/1563 2309/3174/1551
f 2320/3192/1565 999/1545/1577 994/1540/1553
f 2321/3193/1566 2320/3192/1565 2310/3175/1554
f 2322/3194/1567 2321/3193/1566 2311/3177/1555
f 2323/3196/1568 2322/3209/1567 2312/3179/1556
f 2324/3197/1569 2323/3196/1568 2314/3182/1558
f 2326/3199/1571 2324/3197/1569 2325/3198/1570
f 2316/3185/1560 2327/3200/1572 2326/3199/1571
f 2317/3187/1561 2328/3212/1573 2327/3200/1572
f 2318/3189/1562 2329/3203/1574 2328/3201/1573
f 2319/3191/1563 2330/3204/1575 2329/3203/1574
f 642/1183/1564 647/1188/1586 2330/3204/1575
f 2331/3205/1576 1003/1549/1589 999/1545/1577
f 2332/3206/1578 2331/3205/1576 2320/3192/1565
f 2333/3207/1579 2332/3206/1578 2321/3193/1566
f 2334/3208/1580 2333/3221/1579 2322/3209/1567
f 2335/3210/1581 2334/3208/1580 2323/3196/1568
f 2336/3211/1582 2335/3210/1581 2324/3197/1569
f 2327/3200/1572 2337/3213/1583 2336/3211/1582
f 2328/3212/1573 2338/3224/1584 2337/3213/1583
f 2329/3203/1574 2339/3215/1585 2338/3214/1584
f 2330/3204/1575 2340/3216/1587 2339/3215/1585
f 647/1188/1586 651/1192/1598 2340/3216/1587
f 2341/3217/1588 1007/1553/1600 1003/1549/1589
f 2342/3218/1590 2341/3217/1588 2331/3205/1576
f 2343/3219/1591 2342/3218/1590 2332/3206/1578
f 2344/3220/1592 2343/3233/1591 2333/3221/1579
f 2345/3222/1593 2344/3220/1592 2334/3208/1580
f 2346/3223/1594 2345/3222/1593 2335/3210/1581
f 2337/3213/1583 2347/3225/1595 2346/3223/1594
f 2338/3224/1584 2348/3236/1596 2347/3225/1595
f 2339/3215/1585 2349/3227/1597 2348/3226/1596
f 2340/3216/1587 2350/3228/1599 2349/3227/1597
f 651/1192/1598 655/1196/1609 2350/3228/1599
f 2351/3229/372 1010/1556/1611 1007/1553/1600
f 2352/3230/1601 2351/3229/372 2341/3217/1588
f 2353/3231/1602 2352/3230/1601 2342/3218/1590
f 2354/3232/1603 2353/3245/1602 2343/3233/1591
f 2355/3234/1604 2354/3232/1603 2344/3220/1592
f 2356/3235/1605 2355/3234/1604 2345/3222/1593
f 2347/3225/1595 2357/3237/1606 2356/3235/1605
f 2348/3236/1596 2358/3248/1607 2357/3237/1606
f 2349/3227/1597 2359/3239/1608 2358/3238/1607
f 2350/3228/1599 2360/3240/383 2359/3239/1608
f 655/1196/1609 658/1199/1620 2360/3240/383
f 2361/3241/1610 1013/1559/1623 1010/1556/1611
f 2362/3242/1612 2361/3241/1610 2351/3229/372
f 2363/3243/1613 2362/3242/1612 2352/3230/1601
f 2364/3244/1614 2363/3256/1613 2353/3245/1602
f 2365/3246/1615 2364/3244/1614 2354/3232/1603
f 2366/3247/1616 2365/3246/1615 2355/3234/1604
f 2357/3237/1606 2367/3249/1617 2366/3247/1616
f 2358/3248/1607 2368/3261/1618 2367/3249/1617
f 2359/3239/1608 2369/3251/1619 2368/3250/1618
f 2360/3240/383 2370/3252/1621 2369/3251/1619
f 658/1199/1620 661/1202/1634 2370/3252/1621
f 2361/3241/1610 2371/3253/1624 1015/1561/1622
f 2362/3242/1612 2372/3254/1625 2371/3253/1624
f 2363/3243/1613 2373/3265/1626 2372/3254/1625
f 2364/3244/1614 2374/3257/1627 2373/3255/1626
f 2365/3246/1615 2383/3268/1639 2374/3257/1627
f 2375/3258/1628 2383/3268/1639 2365/3246/1615
f 2376/3259/1629 2375/3258/1628 2366/3247/1616
f 2377/3260/1630 2376/3259/1629 2367/3249/1617
f 2378/3262/1631 2377/3274/1630 2368/3250/1618
f 2379/3263/1632 2378/3262/1631 2369/3251/1619
f 663/1204/1633 2379/3263/1632 2370/3252/1621
f 2371/3253/1624 2380/3264/1636 1018/1564/1635
f 2372/3254/1625 2381/3266/1637 2380/3264/1636
f 2373/3265/1626 2382/3277/1638 2381/3266/1637
f 2374/3257/1627 2384/3269/1640 2382/3267/1638
f 2383/3268/1639 2393/3280/1650 2384/3269/1640
f 2385/3270/1641 2393/3280/1650 2383/3268/1639
f 2386/3271/1642 2385/3270/1641 2375/3258/1628
f 2387/3272/1643 2386/3271/1642 2376/3259/1629
f 2388/3273/1644 2387/3286/1643 2377/3274/1630
f 2389/3275/1645 2388/3273/1644 2378/3262/1631
f 666/1207/1646 2389/3275/1645 2379/3263/1632
f 2380/3264/1636 2390/3276/1647 1020/1566/421
f 2381/3266/1637 2391/3278/1648 2390/3276/1647
f 2382/3277/1638 2392/3289/1649 2391/3278/1648
f 2384/3269/1640 2394/3281/426 2392/3279/1649
f 2393/3280/1650 2403/3292/1659 2394/3281/426
f 2395/3282/1651 2403/3292/1659 2393/3280/1650
f 2396/3283/428 2395/3282/1651 2385/3270/1641
f 2397/3284/1652 2396/3283/428 2386/3271/1642
f 2398/3285/1653 2397/3298/1652 2387/3286/1643
f 2399/3287/1654 2398/3285/1653 2388/3273/1644
f 668/1209/432 2399/3287/1654 2389/3275/1645
f 2390/3276/1647 2400/3288/1656 1022/1568/1655
f 2391/3278/1648 2401/3290/1657 2400/3288/1656
f 2392/3289/1649 2402/3301/1658 2401/3290/1657
f 2394/3281/426 2404/3293/1660 2402/3291/1658
f 2403/3292/1659 2414/3305/1672 2404/3293/1660
f 2405/3294/1661 2414/3305/1672 2403/3292/1659
f 2406/3295/1662 2405/3294/1661 2395/3282/1651
f 2407/3296/1663 2406/3295/1662 2396/3283/428
f 2408/3297/1664 2407/3309/1663 2397/3298/1652
f 2409/3299/1665 2408/3297/1664 2398/3285/1653
f 670/1211/1666 2409/3299/1665 2399/3287/1654
f 2400/3288/1656 2410/3300/1668 1025/1571/1667
f 2401/3290/1657 2411/3302/1669 2410/3300/1668
f 2402/3301/1658 2412/3314/1670 2411/3302/1669
f 2404/3293/1660 2423/3316/1682 2412/3303/1670
f 2413/3304/1671 2423/3316/1682 2404/3293/1660
f 2415/3306/1673 2413/3304/1671 2414/3305/1672
f 2406/3295/1662 2426/3319/1685 2415/3306/1673
f 2416/3307/1674 2426/3319/1685 2406/3295/1662
f 2417/3308/1675 2416/3322/1674 2407/3309/1663
f 2418/3310/1676 2417/3308/1675 2408/3297/1664
f 673/1214/1677 2418/3310/1676 2409/3299/1665
f 2419/3311/1678 1028/1574/1691 1025/1571/1667
f 2420/3312/1679 2419/3311/1678 2410/3300/1668
f 2421/3313/1680 2420/3312/1679 2411/3302/1669
f 2422/3315/1681 2421/3329/1680 2412/3303/1670
f 2424/3317/1683 2422/3315/1681 2423/3316/1682
f 2425/3318/1684 2424/3317/1683 2413/3304/1671
f 2426/3319/1685 2427/3320/1686 2425/3318/1684
f 2416/3307/1674 2428/3332/1687 2427/3320/1686
f 2417/3308/1675 2429/3323/1688 2428/3321/1687
f 2418/3310/1676 2430/3324/1689 2429/3323/1688
f 673/1214/1677 676/1217/1700 2430/3324/1689
f 2431/3325/1690 1032/1578/745 1028/1574/1691
f 2432/3326/1692 2431/3325/1690 2419/3311/1678
f 2433/3327/1693 2432/3326/1692 2420/3312/1679
f 2434/3328/1694 2433/6834/1693 2421/3329/1680
f 2435/3330/1695 2434/3328/1694 2422/3315/1681
f 2436/3331/1696 2435/3330/1695 2424/3317/1683
f 2427/3320/1686 2437/3333/1697 2436/3331/1696
f 2428/3332/1687 2438/6835/1698 2437/3333/1697
f 2429/3323/1688 2439/3335/1699 2438/3334/1698
f 2430/3324/1689 2440/3336/1701 2439/3335/1699
f 676/1217/1700 680/1221/756 2440/3336/1701
f 2441/3337/1702 1033/1579/1713 1032/1578/745
f 2442/3338/1703 2441/3337/1702 2431/3325/1690
f 2443/3339/1704 2442/3338/1703 2432/3326/1692
f 2444/3340/1705 2443/3357/1704 2433/3341/1693
f 2445/3343/1706 2444/3340/1705 2434/3342/1694
f 2446/3345/1707 2445/3343/1706 2435/3344/1695
f 2437/3347/1697 2447/3349/1708 2446/3345/1707
f 2438/3348/1698 2448/3360/1709 2447/3349/1708
f 2439/3335/1699 2449/3351/1710 2448/3350/1709
f 2440/3336/1701 2450/3352/1711 2449/3351/1710
f 680/1221/756 681/1222/1722 2450/3352/1711
f 2451/3353/1712 1034/1580/1725 1033/1579/1713
f 2452/3354/1714 2451/3353/1712 2441/3337/1702
f 2453/3355/1715 2452/3354/1714 2442/3338/1703
f 2454/3356/1716 2453/3369/1715 2443/3357/1704
f 2455/3358/1717 2454/3356/1716 2444/3340/1705
f 2456/3359/1718 2455/3358/1717 2445/3343/1706
f 2447/3349/1708 2457/3361/1719 2456/3359/1718
f 2448/3360/1709 2458/3372/1720 2457/3361/1719
f 2449/3351/1710 2459/3363/1721 2458/3362/1720
f 2450/3352/1711 2460/3364/1723 2459/3363/1721
f 681/1222/1722 682/1223/1734 2460/3364/1723
f 2461/3365/1724 1035/1581/1737 1034/1580/1725
f 2462/3366/1726 2461/3365/1724 2451/3353/1712
f 2463/3367/1727 2462/3366/1726 2452/3354/1714
f 2464/3368/1728 2463/3381/1727 2453/3369/1715
f 2465/3370/1729 2464/3368/1728 2454/3356/1716
f 2466/3371/1730 2465/3370/1729 2455/3358/1717
f 2457/3361/1719 2467/3373/1731 2466/3371/1730
f 2458/3372/1720 2468/3384/1732 2467/3373/1731
f 2459/3363/1721 2469/3375/1733 2468/3374/1732
f 2460/3364/1723 2470/3376/1735 2469/3375/1733
f 682/1223/1734 683/1224/1746 2470/3376/1735
f 2471/3377/1736 1036/1582/1749 1035/1581/1737
f 2472/3378/1738 2471/3377/1736 2461/3365/1724
f 2473/3379/1739 2472/3378/1738 2462/3366/1726
f 2474/3380/1740 2473/6836/1739 2463/3381/1727
f 2475/3382/1741 2474/3380/1740 2464/3368/1728
f 2476/3383/1742 2475/3382/1741 2465/3370/1729
f 2467/3373/1731 2477/3385/1743 2476/3383/1742
f 2468/3384/1732 2478/6837/1744 2477/3385/1743
f 2469/3375/1733 2479/3387/1745 2478/3386/1744
f 2470/3376/1735 2480/3388/1747 2479/3387/1745
f 683/1224/1746 684/1225/1760 2480/3388/1747
f 2471/3377/1736 2481/3389/1750 1037/1583/1748
f 2472/3378/1738 2482/3390/1751 2481/3389/1750
f 2473/3379/1739 2483/3407/1752 2482/3390/1751
f 2474/3391/1740 2484/3395/1753 2483/3392/1752
f 2475/3394/1741 2495/3410/1766 2484/3395/1753
f 2485/3396/1754 2495/3410/1766 2475/3394/1741
f 2486/3398/1755 2485/3396/1754 2476/3397/1742
f 2487/3400/1756 2486/3398/1755 2477/3399/1743
f 2488/3402/1757 2487/3414/1756 2478/3386/1744
f 2489/3403/1758 2488/3402/1757 2479/3387/1745
f 685/1226/1759 2489/3403/1758 2480/3388/1747
f 2490/3404/1761 1038/1584/1773 1037/1583/1748
f 2491/3405/1762 2490/3404/1761 2481/3389/1750
f 2492/3406/1763 2491/3405/1762 2482/3390/1751
f 2493/3408/1764 2492/3421/1763 2483/3392/1752
f 2494/3409/1765 2493/3408/1764 2484/3395/1753
f 2496/3411/1767 2494/3409/1765 2495/3410/1766
f 2486/3398/1755 2497/3412/1768 2496/3411/1767
f 2487/3400/1756 2498/3424/1769 2497/3412/1768
f 2488/3402/1757 2499/3415/1770 2498/3413/1769
f 2489/3403/1758 2500/3416/1771 2499/3415/1770
f 685/1226/1759 686/1227/1782 2500/3416/1771
f 2501/3417/1772 1041/1587/1785 1038/1584/1773
f 2502/3418/1774 2501/3417/1772 2490/3404/1761
f 2503/3419/1775 2502/3418/1774 2491/3405/1762
f 2504/3420/1776 2503/3433/1775 2492/3421/1763
f 2505/3422/1777 2504/3420/1776 2493/3408/1764
f 2506/3423/1778 2505/3422/1777 2494/3409/1765
f 2497/3412/1768 2507/3425/1779 2506/3423/1778
f 2498/3424/1769 2508/3436/1780 2507/3425/1779
f 2499/3415/1770 2509/3427/1781 2508/3426/1780
f 2500/3416/1771 2510/3428/1783 2509/3427/1781
f 686/1227/1782 689/1230/1794 2510/3428/1783
f 2511/3429/1784 1046/1592/1797 1041/1587/1785
f 2512/3430/1786 2511/3429/1784 2501/3417/1772
f 2513/3431/1787 2512/3430/1786 2502/3418/1774
f 2514/3432/1788 2513/6838/1787 2503/3433/1775
f 2515/3434/1789 2514/3432/1788 2504/3420/1776
f 2516/3435/1790 2515/3434/1789 2505/3422/1777
f 2507/3425/1779 2517/3437/1791 2516/3435/1790
f 2508/3436/1780 2518/6839/1792 2517/3437/1791
f 2509/3427/1781 2519/3439/1793 2518/3438/1792
f 2510/3428/1783 2520/3440/1795 2519/3439/1793
f 689/1230/1794 694/1235/1806 2520/3440/1795
f 2521/3441/1796 1049/1595/1809 1046/1592/1797
f 2522/3442/1798 2521/3441/1796 2511/3429/1784
f 2523/3443/1799 2522/3442/1798 2512/3430/1786
f 2524/3444/1800 2523/3461/1799 2513/3445/1787
f 2525/3447/1801 2524/3444/1800 2514/3446/1788
f 2526/3449/1802 2525/3447/1801 2515/3448/1789
f 2517/3451/1791 2527/3453/1803 2526/3449/1802
f 2518/3452/1792 2528/3464/1804 2527/3453/1803
f 2519/3439/1793 2529/3455/1805 2528/3454/1804
f 2520/3440/1795 2530/3456/1807 2529/3455/1805
f 694/1235/1806 697/1238/1818 2530/3456/1807
f 2531/3457/1808 1051/1597/1821 1049/1595/1809
f 2532/3458/1810 2531/3457/1808 2521/3441/1796
f 2533/3459/1811 2532/3458/1810 2522/3442/1798
f 2534/3460/1812 2533/3473/1811 2523/3461/1799
f 2535/3462/1813 2534/3460/1812 2524/3444/1800
f 2536/3463/1814 2535/3462/1813 2525/3447/1801
f 2527/3453/1803 2537/3465/1815 2536/3463/1814
f 2528/3464/1804 2538/3476/1816 2537/3465/1815
f 2529/3455/1805 2539/3467/1817 2538/3466/1816
f 2530/3456/1807 2540/3468/1819 2539/3467/1817
f 697/1238/1818 699/1240/1830 2540/3468/1819
f 2541/3469/1820 1053/1599/1833 1051/1597/1821
f 2542/3470/1822 2541/3469/1820 2531/3457/1808
f 2543/3471/1823 2542/3470/1822 2532/3458/1810
f 2544/3472/1824 2543/3485/1823 2533/3473/1811
f 2545/3474/1825 2544/3472/1824 2534/3460/1812
f 2546/3475/1826 2545/3474/1825 2535/3462/1813
f 2537/3465/1815 2547/3477/1827 2546/3475/1826
f 2538/3476/1816 2548/3488/1828 2547/3477/1827
f 2539/3467/1817 2549/3479/1829 2548/3478/1828
f 2540/3468/1819 2550/3480/1831 2549/3479/1829
f 699/1240/1830 701/1242/1842 2550/3480/1831
f 2551/3481/1832 1055/1601/1845 1053/1599/1833
f 2552/3482/1834 2551/3481/1832 2541/3469/1820
f 2553/3483/1835 2552/3482/1834 2542/3470/1822
f 2554/3484/1836 2553/3497/1835 2543/3485/1823
f 2555/3486/1837 2554/3484/1836 2544/3472/1824
f 2556/3487/1838 2555/3486/1837 2545/3474/1825
f 2547/3477/1827 2557/3489/1839 2556/3487/1838
f 2548/3488/1828 2558/3500/1840 2557/3489/1839
f 2549/3479/1829 2559/3491/1841 2558/3490/1840
f 2550/3480/1831 2560/3492/1843 2559/3491/1841
f 701/1242/1842 703/1244/1854 2560/3492/1843
f 2561/3493/1844 1057/1603/1857 1055/1601/1845
f 2562/3494/1846 2561/3493/1844 2551/3481/1832
f 2563/3495/1847 2562/3494/1846 2552/3482/1834
f 2564/3496/1848 2563/3509/1847 2553/3497/1835
f 2565/3498/1849 2564/3496/1848 2554/3484/1836
f 2566/3499/1850 2565/3498/1849 2555/3486/1837
f 2557/3489/1839 2567/3501/1851 2566/3499/1850
f 2558/3500/1840 2568/3512/1852 2567/3501/1851
f 2559/3491/1841 2569/3503/1853 2568/3502/1852
f 2560/3492/1843 2570/3504/1855 2569/3503/1853
f 703/1244/1854 705/1246/1866 2570/3504/1855
f 2571/3505/1856 1059/1605/1869 1057/1603/1857
f 2572/3506/1858 2571/3505/1856 2561/3493/1844
f 2573/3507/1859 2572/3506/1858 2562/3494/1846
f 2574/3508/1860 2573/3521/1859 2563/3509/1847
f 2575/3510/1861 2574/3508/1860 2564/3496/1848
f 2576/3511/1862 2575/3510/1861 2565/3498/1849
f 2567/3501/1851 2577/3513/1863 2576/3511/1862
f 2568/3512/1852 2578/3524/1864 2577/3513/1863
f 2569/3503/1853 2579/3515/1865 2578/3514/1864
f 2570/3504/1855 2580/3516/1867 2579/3515/1865
f 705/1246/1866 707/1248/1878 2580/3516/1867
f 2581/3517/1868 1060/1606/1880 1059/1605/1869
f 2582/3518/1870 2581/3517/1868 2571/3505/1856
f 2583/3519/1871 2582/3518/1870 2572/3506/1858
f 2584/3520/1872 2583/3533/1871 2573/3521/1859
f 2585/3522/1873 2584/3520/1872 2574/3508/1860
f 2586/3523/1874 2585/3522/1873 2575/3510/1861
f 2577/3513/1863 2587/3525/1875 2586/3523/1874
f 2578/3524/1864 2588/3536/1876 2587/3525/1875
f 2579/3515/1865 2589/3527/1877 2588/3526/1876
f 2580/3516/1867 2590/3528/1879 2589/3527/1877
f 707/1248/1878 708/1249/1889 2590/3528/1879
f 2591/3529/1868 1062/1608/1880 1060/1606/1880
f 2592/3530/1881 2591/3529/1868 2581/3517/1868
f 2593/3531/1882 2592/3530/1881 2582/3518/1870
f 2594/3532/1883 2593/3545/1882 2583/3533/1871
f 2595/3534/1884 2594/3532/1883 2584/3520/1872
f 2596/3535/1885 2595/3534/1884 2585/3522/1873
f 2587/3525/1875 2597/3537/1886 2596/3535/1885
f 2588/3536/1876 2598/3548/1887 2597/3537/1886
f 2589/3527/1877 2599/3539/1888 2598/3538/1887
f 2590/3528/1879 2600/3540/1879 2599/3539/1888
f 708/1249/1889 710/1251/1889 2600/3540/1879
f 2601/3541/1890 1064/1610/1869 1062/1608/1880
f 2602/3542/1891 2601/3541/1890 2591/3529/1868
f 2603/3543/1892 2602/3542/1891 2592/3530/1881
f 2604/3544/1893 2603/3557/1892 2593/3545/1882
f 2605/3546/1894 2604/3544/1893 2594/3532/1883
f 2606/3547/1895 2605/3546/1894 2595/3534/1884
f 2597/3537/1886 2607/3549/1896 2606/3547/1895
f 2598/3548/1887 2608/3560/1897 2607/3549/1896
f 2599/3539/1888 2609/3551/1898 2608/3550/1897
f 2600/3540/1879 2610/3552/1899 2609/3551/1898
f 710/1251/1889 712/1253/1564 2610/3552/1899
f 2611/3553/1900 1065/1611/1857 1064/1610/1869
f 2612/3554/1901 2611/3553/1900 2601/3541/1890
f 2613/3555/1902 2612/3554/1901 2602/3542/1891
f 2614/3556/1903 2613/3569/1902 2603/3557/1892
f 2615/3558/1849 2614/3556/1903 2604/3544/1893
f 2616/3559/1850 2615/3558/1849 2605/3546/1894
f 2607/3549/1896 2617/3561/1904 2616/3559/1850
f 2608/3560/1897 2618/3572/1905 2617/3561/1904
f 2609/3551/1898 2619/3563/1906 2618/3562/1905
f 2610/3552/1899 2620/3564/1907 2619/3563/1906
f 712/1253/1564 713/1254/1866 2620/3564/1907
f 2621/3565/1908 1066/1612/1917 1065/1611/1857
f 2622/3566/1909 2621/3565/1908 2611/3553/1900
f 2623/3567/1910 2622/3566/1909 2612/3554/1901
f 2624/3568/1911 2623/3579/1910 2613/3569/1902
f 2615/3558/1849 2633/3580/1921 2624/3568/1911
f 2625/3570/1912 2633/3580/1921 2615/3558/1849
f 2626/3571/1913 2625/3570/1912 2616/3559/1850
f 2618/3572/1905 2627/3585/1914 2626/3571/1913
f 2619/3563/1906 2628/3574/1915 2627/3573/1914
f 2620/3564/1907 2629/3575/1916 2628/3574/1915
f 713/1254/1866 714/1255/1928 2629/3575/1916
f 2621/3565/1908 2630/3576/1918 1067/1613/1845
f 2622/3566/1909 2631/3577/1919 2630/3576/1918
f 2623/3567/1910 2632/3589/1920 2631/3577/1919
f 2624/3568/1911 2634/3581/1922 2632/3578/1920
f 2633/3580/1921 2643/3592/1933 2634/3581/1922
f 2635/3582/1923 2643/3592/1933 2633/3580/1921
f 2636/3583/1924 2635/3582/1923 2625/3570/1912
f 2637/3584/1925 2636/3583/1924 2626/3571/1913
f 2638/3586/1926 2637/3598/1925 2627/3573/1914
f 2639/3587/1927 2638/3586/1926 2628/3574/1915
f 715/1256/1854 2639/3587/1927 2629/3575/1916
f 2630/3576/1918 2640/3588/1930 1068/1614/1929
f 2631/3577/1919 2641/3590/1931 2640/3588/1930
f 2632/3589/1920 2642/3601/1932 2641/3590/1931
f 2634/3581/1922 2644/3593/1934 2642/3591/1932
f 2643/3592/1933 2653/3604/1945 2644/3593/1934
f 2645/3594/1935 2653/3604/1945 2643/3592/1933
f 2646/3595/1936 2645/3594/1935 2635/3582/1923
f 2647/3596/1937 2646/3595/1936 2636/3583/1924
f 2648/3597/1938 2647/3610/1937 2637/3598/1925
f 2649/3599/1939 2648/3597/1938 2638/3586/1926
f 716/1257/1940 2649/3599/1939 2639/3587/1927
f 2640/3588/1930 2650/3600/1942 1069/1615/1941
f 2641/3590/1931 2651/3602/1943 2650/3600/1942
f 2642/3601/1932 2652/3613/1944 2651/3602/1943
f 2644/3593/1934 2654/3605/1946 2652/3603/1944
f 2653/3604/1945 2663/3616/1956 2654/3605/1946
f 2655/3606/1947 2663/3616/1956 2653/3604/1945
f 2656/3607/1948 2655/3606/1947 2645/3594/1935
f 2657/3608/1949 2656/3607/1948 2646/3595/1936
f 2658/3609/1950 2657/3622/1949 2647/3610/1937
f 2659/3611/1951 2658/3609/1950 2648/3597/1938
f 717/1258/1952 2659/3611/1951 2649/3599/1939
f 2650/3600/1942 2660/3612/1953 1070/1616/1833
f 2651/3602/1943 2661/3614/1954 2660/3612/1953
f 2652/3613/1944 2662/3625/1955 2661/3614/1954
f 2654/3605/1946 2664/3617/1957 2662/3615/1955
f 2663/3616/1956 2673/3628/1966 2664/3617/1957
f 2665/3618/1958 2673/3628/1966 2663/3616/1956
f 2666/3619/1959 2665/3618/1958 2655/3606/1947
f 2667/3620/1960 2666/3619/1959 2656/3607/1948
f 2668/3621/1961 2667/3634/1960 2657/3622/1949
f 2669/3623/1962 2668/3621/1961 2658/3609/1950
f 718/1259/1842 2669/3623/1962 2659/3611/1951
f 2660/3612/1953 2670/3624/1963 1071/1617/613
f 2661/3614/1954 2671/3626/1964 2670/3624/1963
f 2662/3625/1955 2672/3637/1965 2671/3626/1964
f 2664/3617/1957 2674/3629/1967 2672/3627/1965
f 2673/3628/1966 2683/3640/1976 2674/3629/1967
f 2675/3630/1968 2683/3640/1976 2673/3628/1966
f 2676/3631/1969 2675/3630/1968 2665/3618/1958
f 2677/3632/1970 2676/3631/1969 2666/3619/1959
f 2678/3633/1971 2677/3646/1970 2667/3634/1960
f 2679/3635/1972 2678/3633/1971 2668/3621/1961
f 719/1260/624 2679/3635/1972 2669/3623/1962
f 2670/3624/1963 2680/3636/1973 1072/1618/613
f 2671/3626/1964 2681/3638/1974 2680/3636/1973
f 2672/3637/1965 2682/3649/1975 2681/3638/1974
f 2674/3629/1967 2684/3641/1977 2682/3639/1975
f 2683/3640/1976 2693/3652/1987 2684/3641/1977
f 2685/3642/1978 2693/3652/1987 2683/3640/1976
f 2686/3643/1979 2685/3642/1978 2675/3630/1968
f 2687/3644/1980 2686/3643/1979 2676/3631/1969
f 2688/3645/1981 2687/3658/1980 2677/3646/1970
f 2689/3647/1982 2688/3645/1981 2678/3633/1971
f 720/1261/624 2689/3647/1982 2679/3635/1972
f 2680/3636/1973 2690/3648/1984 1073/1619/1983
f 2681/3638/1974 2691/3650/1985 2690/3648/1984
f 2682/3649/1975 2692/3661/1986 2691/3650/1985
f 2684/3641/1977 2694/3653/1988 2692/3651/1986
f 2693/3652/1987 2703/3664/1997 2694/3653/1988
f 2695/3654/1989 2703/3664/1997 2693/3652/1987
f 2696/3655/1990 2695/3654/1989 2685/3642/1978
f 2697/3656/1991 2696/3655/1990 2686/3643/1979
f 2698/3657/1992 2697/3670/1991 2687/3658/1980
f 2699/3659/1993 2698/3657/1992 2688/3645/1981
f 721/1262/1994 2699/3659/1993 2689/3647/1982
f 2690/3648/1984 2700/3660/1995 1074/1620/1983
f 2691/3650/1985 2701/3662/1996 2700/3660/1995
f 2692/3661/1986 2702/3673/1986 2701/3662/1996
f 2694/3653/1988 2704/3665/1988 2702/3663/1986
f 2703/3664/1997 2713/3676/1997 2704/3665/1988
f 2705/3666/1989 2713/3676/1997 2703/3664/1997
f 2706/3667/1990 2705/3666/1989 2695/3654/1989
f 2707/3668/1991 2706/3667/1990 2696/3655/1990
f 2708/3669/1998 2707/3682/1991 2697/3670/1991
f 2709/3671/1993 2708/3669/1998 2698/3657/1992
f 722/1263/1994 2709/3671/1993 2699/3659/1993
f 2700/3660/1995 2710/3672/2000 971/1621/1999
f 2701/3662/1996 2711/3674/2001 2710/3672/2000
f 2702/3673/1986 2712/6840/2002 2711/3674/2001
f 2704/3665/1988 2714/3677/2003 2712/3675/2002
f 2713/3676/1997 2725/6841/2015 2714/3677/2003
f 2715/3678/2004 2725/6841/2015 2713/3676/1997
f 2716/3679/2005 2715/3678/2004 2705/3666/1989
f 2717/3680/2006 2716/3679/2005 2706/3667/1990
f 2718/3681/2007 2717/6842/2006 2707/3682/1991
f 2719/3683/2008 2718/3681/2007 2708/3669/1998
f 619/1264/2009 2719/3683/2008 2709/3671/1993
f 2720/3684/2010 1063/1609/2022 971/1621/1999
f 2721/3685/2011 2720/3684/2010 2710/3672/2000
f 2722/3686/2012 2721/6843/2011 2711/3687/2001
f 2723/3689/2013 2722/3686/2012 2712/3688/2002
f 2724/3691/2014 2723/3689/2013 2714/3690/2003
f 2726/3693/2016 2724/3691/2014 2725/3692/2015
f 2716/3695/2005 2727/3697/2017 2726/3693/2016
f 2717/3696/2006 2728/3699/2018 2727/3697/2017
f 2718/3698/2007 2729/6844/2019 2728/3699/2018
f 2719/3683/2008 2730/3701/2020 2729/3700/2019
f 619/1264/2009 711/1252/2031 2730/3701/2020
f 2731/3702/2021 1061/1607/2034 1063/1609/2022
f 2732/3703/2023 2731/3702/2021 2720/3684/2010
f 2733/3704/2024 2732/3703/2023 2721/3685/2011
f 2734/3706/2025 2733/3724/2024 2722/3707/2012
f 2735/3709/2026 2734/3706/2025 2723/3708/2013
f 2736/3711/2027 2735/3709/2026 2724/3710/2014
f 2727/3713/2017 2737/3715/2028 2736/3711/2027
f 2728/3714/2018 2738/3727/2029 2737/3715/2028
f 2729/3700/2019 2739/3718/2030 2738/3716/2029
f 2730/3701/2020 2740/3719/2032 2739/3718/2030
f 711/1252/2031 709/1250/2043 2740/3719/2032
f 2741/3720/2033 1058/1604/2046 1061/1607/2034
f 2742/3721/2035 2741/3720/2033 2731/3702/2021
f 2743/3722/2036 2742/3721/2035 2732/3703/2023
f 2744/3723/2037 2743/3736/2036 2733/3724/2024
f 2745/3725/2038 2744/3723/2037 2734/3706/2025
f 2746/3726/2039 2745/3725/2038 2735/3709/2026
f 2737/3715/2028 2747/3728/2040 2746/3726/2039
f 2738/3727/2029 2748/3739/2041 2747/3728/2040
f 2739/3718/2030 2749/3730/2042 2748/3729/2041
f 2740/3719/2032 2750/3731/2044 2749/3730/2042
f 709/1250/2043 706/1247/2055 2750/3731/2044
f 2751/3732/2045 1056/1602/2058 1058/1604/2046
f 2752/3733/2047 2751/3732/2045 2741/3720/2033
f 2753/3734/2048 2752/3733/2047 2742/3721/2035
f 2754/3735/2049 2753/3748/2048 2743/3736/2036
f 2755/3737/2050 2754/3735/2049 2744/3723/2037
f 2756/3738/2051 2755/3737/2050 2745/3725/2038
f 2747/3728/2040 2757/3740/2052 2756/3738/2051
f 2748/3739/2041 2758/3751/2053 2757/3740/2052
f 2749/3730/2042 2759/3742/2054 2758/3741/2053
f 2750/3731/2044 2760/3743/2056 2759/3742/2054
f 706/1247/2055 704/1245/2067 2760/3743/2056
f 2761/3744/2057 1054/1600/2070 1056/1602/2058
f 2762/3745/2059 2761/3744/2057 2751/3732/2045
f 2763/3746/2060 2762/3745/2059 2752/3733/2047
f 2764/3747/2061 2763/3760/2060 2753/3748/2048
f 2765/3749/2062 2764/3747/2061 2754/3735/2049
f 2766/3750/2063 2765/3749/2062 2755/3737/2050
f 2757/3740/2052 2767/3752/2064 2766/3750/2063
f 2758/3751/2053 2768/3763/2065 2767/3752/2064
f 2759/3742/2054 2769/3754/2066 2768/3753/2065
f 2760/3743/2056 2770/3755/2068 2769/3754/2066
f 704/1245/2067 702/1243/2079 2770/3755/2068
f 2771/3756/2069 1052/1598/2082 1054/1600/2070
f 2772/3757/2071 2771/3756/2069 2761/3744/2057
f 2773/3758/2072 2772/3757/2071 2762/3745/2059
f 2774/3759/2073 2773/6845/2072 2763/3760/2060
f 2775/3761/2074 2774/3759/2073 2764/3747/2061
f 2776/3762/2075 2775/3761/2074 2765/3749/2062
f 2767/3752/2064 2777/3764/2076 2776/3762/2075
f 2768/3763/2065 2778/6846/2077 2777/3764/2076
f 2769/3754/2066 2779/3766/2078 2778/3765/2077
f 2770/3755/2068 2780/3767/2080 2779/3766/2078
f 702/1243/2079 700/1241/2091 2780/3767/2080
f 2781/3768/2081 1050/1596/1081 1052/1598/2082
f 2782/3769/2083 2781/3768/2081 2771/3756/2069
f 2783/3770/2084 2782/3769/2083 2772/3757/2071
f 2784/3771/2085 2783/3788/2084 2773/3772/2072
f 2785/3774/2086 2784/3771/2085 2774/3773/2073
f 2786/3776/2087 2785/3774/2086 2775/3775/2074
f 2777/3778/2076 2787/3780/2088 2786/3776/2087
f 2778/3779/2077 2788/3791/2089 2787/3780/2088
f 2779/3766/2078 2789/3782/2090 2788/3781/2089
f 2780/3767/2080 2790/3783/2092 2789/3782/2090
f 700/1241/2091 698/1239/1092 2790/3783/2092
f 2791/3784/2093 1048/1594/2104 1050/1596/1081
f 2792/3785/2094 2791/3784/2093 2781/3768/2081
f 2793/3786/2095 2792/3785/2094 2782/3769/2083
f 2794/3787/2096 2793/3800/2095 2783/3788/2084
f 2795/3789/2097 2794/3787/2096 2784/3771/2085
f 2796/3790/2098 2795/3789/2097 2785/3774/2086
f 2787/3780/2088 2797/3792/2099 2796/3790/2098
f 2788/3791/2089 2798/3803/2100 2797/3792/2099
f 2789/3782/2090 2799/3794/2101 2798/3793/2100
f 2790/3783/2092 2800/3795/2102 2799/3794/2101
f 698/1239/1092 696/1237/2113 2800/3795/2102
f 2801/3796/2103 1047/1593/2116 1048/1594/2104
f 2802/3797/2105 2801/3796/2103 2791/3784/2093
f 2803/3798/2106 2802/3797/2105 2792/3785/2094
f 2804/3799/2107 2803/3812/2106 2793/3800/2095
f 2805/3801/2108 2804/3799/2107 2794/3787/2096
f 2806/3802/2109 2805/3801/2108 2795/3789/2097
f 2797/3792/2099 2807/3804/2110 2806/3802/2109
f 2798/3803/2100 2808/3815/2111 2807/3804/2110
f 2799/3794/2101 2809/3806/2112 2808/3805/2111
f 2800/3795/2102 2810/3807/2114 2809/3806/2112
f 696/1237/2113 695/1236/2125 2810/3807/2114
f 2811/3808/2115 1045/1591/2128 1047/1593/2116
f 2812/3809/2117 2811/3808/2115 2801/3796/2103
f 2813/3810/2118 2812/3809/2117 2802/3797/2105
f 2814/3811/2119 2813/3823/2118 2803/3812/2106
f 2815/3813/2120 2814/3811/2119 2804/3799/2107
f 2816/3814/2121 2815/3813/2120 2805/3801/2108
f 2807/3804/2110 2817/3816/2122 2816/3814/2121
f 2808/3815/2111 2818/3828/2123 2817/3816/2122
f 2809/3806/2112 2819/3818/2124 2818/3817/2123
f 2810/3807/2114 2820/3819/2126 2819/3818/2124
f 695/1236/2125 693/1234/2139 2820/3819/2126
f 2811/3808/2115 2821/3820/2129 1044/1590/2127
f 2812/3809/2117 2822/3821/2130 2821/3820/2129
f 2813/3810/2118 2823/3832/2131 2822/3821/2130
f 2814/3811/2119 2824/3824/2132 2823/3822/2131
f 2815/3813/2120 2833/3835/2144 2824/3824/2132
f 2825/3825/2133 2833/3835/2144 2815/3813/2120
f 2826/3826/2134 2825/3825/2133 2816/3814/2121
f 2827/3827/2135 2826/3826/2134 2817/3816/2122
f 2828/3829/2136 2827/3841/2135 2818/3817/2123
f 2829/3830/2137 2828/3829/2136 2819/3818/2124
f 692/1233/2138 2829/3830/2137 2820/3819/2126
f 2821/3820/2129 2830/3831/2141 1043/1589/2140
f 2822/3821/2130 2831/3833/2142 2830/3831/2141
f 2823/3832/2131 2832/6847/2143 2831/3833/2142
f 2824/3824/2132 2834/3836/2145 2832/3834/2143
f 2833/3835/2144 2843/3847/2155 2834/3836/2145
f 2835/3837/2146 2843/3847/2155 2833/3835/2144
f 2836/3838/2147 2835/3837/2146 2825/3825/2133
f 2837/3839/2148 2836/3838/2147 2826/3826/2134
f 2838/3840/2149 2837/6848/2148 2827/3841/2135
f 2839/3842/2150 2838/3840/2149 2828/3829/2136
f 691/1232/2151 2839/3842/2150 2829/3830/2137
f 2830/3831/2141 2840/3843/2152 1040/1586/1451
f 2831/3833/2142 2841/3855/2153 2840/3843/2152
f 2832/3834/2143 2842/3846/2154 2841/3844/2153
f 2834/3836/2145 2844/3848/2156 2842/3846/2154
f 2843/3847/2155 2853/3859/2165 2844/3848/2156
f 2845/3849/2157 2853/3859/2165 2843/3847/2155
f 2846/3850/2158 2845/3849/2157 2835/3837/2146
f 2847/3851/2159 2846/3850/2158 2836/3838/2147
f 2848/3852/2160 2847/3851/2159 2837/3839/2148
f 2849/3854/2161 2848/3866/2160 2838/3840/2149
f 688/1229/1462 2849/3854/2161 2839/3842/2150
f 2840/3843/2152 2850/3856/2162 1039/1585/1141
f 2841/3855/2153 2851/3869/2163 2850/3856/2162
f 2842/3846/2154 2852/3858/2164 2851/3857/2163
f 2844/3848/2156 2854/3860/2166 2852/3858/2164
f 2853/3859/2165 2865/3873/2172 2854/3860/2166
f 2855/3861/2167 2865/3873/2172 2853/3859/2165
f 2856/3862/2168 2855/3861/2167 2845/3849/2157
f 2857/3863/2169 2856/3862/2168 2846/3850/2158
f 2858/3864/2170 2857/3863/2169 2847/3851/2159
f 2859/3865/2171 2858/3878/2170 2848/3866/2160
f 687/1228/1152 2859/3865/2171 2849/3854/2161
f 2860/3867/1153 1031/1577/1165 1039/1585/1141
f 2861/3868/1154 2860/3867/1153 2850/3856/2162
f 2862/3870/1155 2861/6849/1154 2851/3857/2163
f 2863/3871/1156 2862/3870/1155 2852/3858/2164
f 2864/3872/1157 2863/3871/1156 2854/3860/2166
f 2866/3874/1159 2864/3872/1157 2865/3873/2172
f 2856/3862/2168 2867/3875/1160 2866/3874/1159
f 2857/3863/2169 2868/3876/1161 2867/3875/1160
f 2858/3864/2170 2869/6850/1162 2868/3876/1161
f 2859/3865/2171 2870/3879/1163 2869/3877/1162
f 687/1228/1152 679/1220/1174 2870/3879/1163
f 2860/3867/1153 2871/3880/2173 1042/1588/1165
f 2861/3868/1154 2872/3882/2174 2871/3880/2173
f 2862/3881/1155 2873/6851/2175 2872/3882/2174
f 2863/3883/1156 2874/3887/2176 2873/3884/2175
f 2864/3886/1157 2885/6852/2182 2874/3887/2176
f 2875/3888/2177 2885/6852/2182 2864/3886/1157
f 2876/3890/2178 2875/3888/2177 2866/3889/1159
f 2877/3892/2179 2876/3890/2178 2867/3891/1160
f 2878/3894/2180 2877/6853/2179 2868/3895/1161
f 2879/3896/2181 2878/3894/2180 2869/3877/1162
f 690/1231/1174 2879/3896/2181 2870/3879/1163
f 2880/3897/830 982/1528/828 1042/1588/1165
f 2881/3898/831 2880/3897/830 2871/3880/2173
f 2882/3899/832 2881/6854/831 2872/3900/2174
f 2883/3902/833 2882/3899/832 2873/3901/2175
f 2884/3904/845 2883/3902/833 2874/3903/2176
f 2886/3906/834 2884/3904/845 2885/3905/2182
f 2887/3908/835 2886/3906/834 2875/3907/2177
f 2888/3910/836 2887/3908/835 2876/3909/2178
f 2889/3912/837 2888/3910/836 2877/3911/2179
f 2890/3914/838 2889/3932/837 2878/3894/2180
f 630/1171/839 2890/3914/838 2879/3896/2181
f 2891/3915/841 983/1529/852 982/1528/828
f 2892/3916/842 2891/3915/841 2880/3897/830
f 2893/3917/843 2892/6855/842 2881/3918/831
f 2894/3920/844 2893/3917/843 2882/3919/832
f 2884/3922/845 2905/6856/846 2894/3920/844
f 2895/3923/853 2905/6856/846 2884/3922/845
f 2896/3925/847 2895/3923/853 2886/3924/834
f 2897/3927/848 2896/3925/847 2887/3926/835
f 2898/3929/849 2897/3927/848 2888/3928/836
f 2899/3931/850 2898/3947/849 2889/3932/837
f 632/1173/851 2899/3931/850 2890/3914/838
f 2900/3933/2183 985/1531/2193 983/1529/852
f 2901/3934/2184 2900/3933/2183 2891/3915/841
f 2902/3935/2185 2901/3934/2184 2892/3916/842
f 2903/3937/2186 2902/3952/2185 2893/3938/843
f 2904/3940/2187 2903/3937/2186 2894/3939/844
f 2906/3942/2188 2904/3940/2187 2905/3941/846
f 2896/3944/847 2907/3946/2189 2906/3942/2188
f 2897/3945/848 2908/3953/2190 2907/3946/2189
f 2898/3947/849 2909/3950/2191 2908/3948/2190
f 2899/3931/850 2910/3951/2192 2909/3950/2191
f 632/1173/851 633/1174/252 2910/3951/2192
f 2900/3933/2183 2241/3094/1472 986/1532/1474
f 2901/3934/2184 2242/3095/1475 2241/3094/1472
f 2902/3935/2185 2244/3097/1477 2242/3095/1475
f 2903/3937/2186 2246/3099/1479 2244/3101/1477
f 2904/3940/2187 2248/3102/1481 2246/3099/1479
f 2251/3105/1484 2248/3102/1481 2904/3940/2187
f 2253/3107/1486 2251/3105/1484 2906/3942/2188
f 2255/3109/1488 2253/3107/1486 2907/3946/2189
f 2257/3112/1490 2255/3111/1488 2908/3948/2190
f 2259/3114/1492 2257/3112/1490 2909/3950/2191
f 634/1175/1494 2259/3114/1492 2910/3951/2192
f 2911/3954/2194 1029/1575/2213 1030/1576/855
f 2913/3956/2195 2911/3954/2194 2912/3955/1179
f 2915/3958/2197 2913/3956/2195 2914/3957/2196
f 2917/3960/2199 2915/3980/2197 2916/3961/2198
f 2919/3963/2201 2917/3960/2199 2918/3962/2200
f 2921/3965/2203 2919/3963/2201 2920/3964/2202
f 2923/3967/2205 2925/3969/2207 2921/3965/2203
f 2924/3968/2206 2927/3983/2209 2925/3969/2207
f 2926/3970/2208 2929/3974/2210 2927/3971/2209
f 2928/3973/1195 2930/3975/2211 2929/3974/2210
f 678/1219/874 677/1218/2222 2930/3975/2211
f 2931/3976/2212 1027/1573/2225 1029/1575/2213
f 2932/3977/2214 2931/3976/2212 2911/3954/2194
f 2933/3978/2215 2932/3977/2214 2913/3956/2195
f 2934/3979/2216 2933/3992/2215 2915/3980/2197
f 2935/3981/2217 2934/3979/2216 2917/3960/2199
f 2936/3982/2218 2935/3981/2217 2919/3963/2201
f 2925/3969/2207 2937/3984/2219 2936/3982/2218
f 2927/3983/2209 2938/3995/2220 2937/3984/2219
f 2929/3974/2210 2939/3986/2221 2938/3985/2220
f 2930/3975/2211 2940/3987/2223 2939/3986/2221
f 677/1218/2222 675/1216/2234 2940/3987/2223
f 2941/3988/2224 1026/1572/2237 1027/1573/2225
f 2942/3989/2226 2941/3988/2224 2931/3976/2212
f 2943/3990/2227 2942/3989/2226 2932/3977/2214
f 2944/3991/2228 2943/4004/2227 2933/3992/2215
f 2945/3993/2229 2944/3991/2228 2934/3979/2216
f 2946/3994/2230 2945/3993/2229 2935/3981/2217
f 2937/3984/2219 2947/3996/2231 2946/3994/2230
f 2938/3995/2220 2948/4007/2232 2947/3996/2231
f 2939/3986/2221 2949/3998/2233 2948/3997/2232
f 2940/3987/2223 2950/3999/2235 2949/3998/2233
f 675/1216/2234 674/1215/2246 2950/3999/2235
f 2951/4000/2236 1024/1570/2249 1026/1572/2237
f 2952/4001/2238 2951/4000/2236 2941/3988/2224
f 2953/4002/2239 2952/4001/2238 2942/3989/2226
f 2954/4003/2240 2953/4016/2239 2943/4004/2227
f 2955/4005/2241 2954/4003/2240 2944/3991/2228
f 2956/4006/2242 2955/4005/2241 2945/3993/2229
f 2947/3996/2231 2957/4008/2243 2956/4006/2242
f 2948/4007/2232 2958/4019/2244 2957/4008/2243
f 2949/3998/2233 2959/4010/2245 2958/4009/2244
f 2950/3999/2235 2960/4011/2247 2959/4010/2245
f 674/1215/2246 672/1213/2258 2960/4011/2247
f 2961/4012/2248 1023/1569/2261 1024/1570/2249
f 2962/4013/2250 2961/4012/2248 2951/4000/2236
f 2963/4014/2251 2962/4013/2250 2952/4001/2238
f 2964/4015/2252 2963/4028/2251 2953/4016/2239
f 2965/4017/2253 2964/4015/2252 2954/4003/2240
f 2966/4018/2254 2965/4017/2253 2955/4005/2241
f 2957/4008/2243 2967/4020/2255 2966/4018/2254
f 2958/4019/2244 2968/4031/2256 2967/4020/2255
f 2959/4010/2245 2969/4022/2257 2968/4021/2256
f 2960/4011/2247 2970/4023/2259 2969/4022/2257
f 672/1213/2258 671/1212/2270 2970/4023/2259
f 2971/4024/2260 1021/1567/2273 1023/1569/2261
f 2972/4025/2262 2971/4024/2260 2961/4012/2248
f 2973/4026/2263 2972/4025/2262 2962/4013/2250
f 2974/4027/2264 2973/6857/2263 2963/4028/2251
f 2975/4029/2265 2974/4027/2264 2964/4015/2252
f 2976/4030/2266 2975/4029/2265 2965/4017/2253
f 2967/4020/2255 2977/4032/2267 2976/4030/2266
f 2968/4031/2256 2978/6858/2268 2977/4032/2267
f 2969/4022/2257 2979/4034/2269 2978/4033/2268
f 2970/4023/2259 2980/4035/2271 2979/4034/2269
f 671/1212/2270 669/1210/2284 2980/4035/2271
f 2971/4024/2260 2981/4036/2274 1019/1565/2272
f 2972/4025/2262 2982/4037/2275 2981/4036/2274
f 2973/4026/2263 2983/4052/2276 2982/4037/2275
f 2974/4038/2264 2984/4042/2277 2983/4039/2276
f 2975/4041/2265 2993/4055/2289 2984/4042/2277
f 2985/4043/2278 2993/4055/2289 2975/4041/2265
f 2986/4045/2279 2985/4043/2278 2976/4044/2266
f 2987/4047/2280 2986/4045/2279 2977/4046/2267
f 2988/4049/2281 2987/4061/2280 2978/4033/2268
f 2989/4050/2282 2988/4049/2281 2979/4034/2269
f 667/1208/2283 2989/4050/2282 2980/4035/2271
f 2981/4036/2274 2990/4051/2286 1017/1563/2285
f 2982/4037/2275 2991/4053/2287 2990/4051/2286
f 2983/4052/2276 2992/4064/2288 2991/4053/2287
f 2984/4042/2277 2994/4056/2290 2992/4054/2288
f 2993/4055/2289 3003/4067/2301 2994/4056/2290
f 2995/4057/2291 3003/4067/2301 2993/4055/2289
f 2996/4058/2292 2995/4057/2291 2985/4043/2278
f 2997/4059/2293 2996/4058/2292 2986/4045/2279
f 2998/4060/2294 2997/4073/2293 2987/4061/2280
f 2999/4062/2295 2998/4060/2294 2988/4049/2281
f 665/1206/2296 2999/4062/2295 2989/4050/2282
f 2990/4051/2286 3000/4063/2298 1016/1562/2297
f 2991/4053/2287 3001/4065/2299 3000/4063/2298
f 2992/4064/2288 3002/4076/2300 3001/4065/2299
f 2994/4056/2290 3004/4068/2302 3002/4066/2300
f 3003/4067/2301 3013/4079/2313 3004/4068/2302
f 3005/4069/2303 3013/4079/2313 3003/4067/2301
f 3006/4070/2304 3005/4069/2303 2995/4057/2291
f 3007/4071/2305 3006/4070/2304 2996/4058/2292
f 3008/4072/2306 3007/4085/2305 2997/4073/2293
f 3009/4074/2307 3008/4072/2306 2998/4060/2294
f 664/1205/2308 3009/4074/2307 2999/4062/2295
f 3000/4063/2298 3010/4075/2310 1014/1560/2309
f 3001/4065/2299 3011/4077/2311 3010/4075/2310
f 3002/4076/2300 3012/6859/2312 3011/4077/2311
f 3004/4068/2302 3014/4080/2314 3012/4078/2312
f 3013/4079/2313 3023/4091/2325 3014/4080/2314
f 3015/4081/2315 3023/4091/2325 3013/4079/2313
f 3016/4082/2316 3015/4081/2315 3005/4069/2303
f 3017/4083/2317 3016/4082/2316 3006/4070/2304
f 3018/4084/2318 3017/6860/2317 3007/4085/2305
f 3019/4086/2319 3018/4084/2318 3008/4072/2306
f 662/1203/2320 3019/4086/2319 3009/4074/2307
f 3010/4075/2310 3020/4087/2322 1012/1558/2321
f 3011/4077/2311 3021/4099/2323 3020/4087/2322
f 3012/4078/2312 3022/4090/2324 3021/4088/2323
f 3014/4080/2314 3024/4092/2326 3022/4090/2324
f 3023/4091/2325 3033/4103/2337 3024/4092/2326
f 3025/4093/2327 3033/4103/2337 3023/4091/2325
f 3026/4094/2328 3025/4093/2327 3015/4081/2315
f 3027/4095/2329 3026/4094/2328 3016/4082/2316
f 3028/4096/2330 3027/4095/2329 3017/4083/2317
f 3029/4098/2331 3028/4110/2330 3018/4084/2318
f 660/1201/2332 3029/4098/2331 3019/4086/2319
f 3020/4087/2322 3030/4100/2334 1011/1557/2333
f 3021/4099/2323 3031/4113/2335 3030/4100/2334
f 3022/4090/2324 3032/4102/2336 3031/4101/2335
f 3024/4092/2326 3034/4104/2338 3032/4102/2336
f 3033/4103/2337 3045/4117/2350 3034/4104/2338
f 3035/4105/2339 3045/4117/2350 3033/4103/2337
f 3036/4106/2340 3035/4105/2339 3025/4093/2327
f 3037/4107/2341 3036/4106/2340 3026/4094/2328
f 3038/4108/2342 3037/4107/2341 3027/4095/2329
f 3039/4109/2343 3038/4122/2342 3028/4110/2330
f 659/1200/2344 3039/4109/2343 3029/4098/2331
f 3040/4111/2345 1009/1555/2357 1011/1557/2333
f 3041/4112/2346 3040/4111/2345 3030/4100/2334
f 3042/4114/2347 3041/6861/2346 3031/4101/2335
f 3043/4115/2348 3042/4114/2347 3032/4102/2336
f 3044/4116/2349 3043/4115/2348 3034/4104/2338
f 3046/4118/2351 3044/4116/2349 3045/4117/2350
f 3036/4106/2340 3047/4119/2352 3046/4118/2351
f 3037/4107/2341 3048/4120/2353 3047/4119/2352
f 3038/4108/2342 3049/4132/2354 3048/4120/2353
f 3039/4109/2343 3050/4123/2355 3049/4121/2354
f 659/1200/2344 657/1198/2366 3050/4123/2355
f 3051/4124/2356 1008/1554/2369 1009/1555/2357
f 3052/4125/2358 3051/4124/2356 3040/4111/2345
f 3053/4126/2359 3052/4125/2358 3041/4112/2346
f 3054/4128/2360 3053/4140/2359 3042/4114/2347
f 3055/4129/2361 3054/4128/2360 3043/4115/2348
f 3056/4130/2362 3055/4129/2361 3044/4116/2349
f 3047/4119/2352 3057/4131/2363 3056/4130/2362
f 3048/4120/2353 3058/4133/2364 3057/4131/2363
f 3049/4132/2354 3059/6862/2365 3058/4133/2364
f 3050/4123/2355 3060/4135/2367 3059/4134/2365
f 657/1198/2366 656/1197/2378 3060/4135/2367
f 3061/4136/2368 1006/1552/2381 1008/1554/2369
f 3062/4137/2370 3061/4136/2368 3051/4124/2356
f 3063/4138/2371 3062/4137/2370 3052/4125/2358
f 3064/4139/2372 3063/4152/2371 3053/4140/2359
f 3065/4141/2373 3064/4139/2372 3054/4128/2360
f 3066/4142/2374 3065/4141/2373 3055/4129/2361
f 3057/4131/2363 3067/4143/2375 3066/4142/2374
f 3058/4133/2364 3068/4155/2376 3067/4143/2375
f 3059/4134/2365 3069/4146/2377 3068/4144/2376
f 3060/4135/2367 3070/4147/2379 3069/4146/2377
f 656/1197/2378 654/1195/2390 3070/4147/2379
f 3071/4148/2380 1005/1551/2393 1006/1552/2381
f 3072/4149/2382 3071/4148/2380 3061/4136/2368
f 3073/4150/2383 3072/4149/2382 3062/4137/2370
f 3074/4151/2384 3073/4164/2383 3063/4152/2371
f 3075/4153/2385 3074/4151/2384 3064/4139/2372
f 3076/4154/2386 3075/4153/2385 3065/4141/2373
f 3067/4143/2375 3077/4156/2387 3076/4154/2386
f 3068/4155/2376 3078/4167/2388 3077/4156/2387
f 3069/4146/2377 3079/4158/2389 3078/4157/2388
f 3070/4147/2379 3080/4159/2391 3079/4158/2389
f 654/1195/2390 653/1194/2402 3080/4159/2391
f 3081/4160/2392 1004/1550/2405 1005/1551/2393
f 3082/4161/2394 3081/4160/2392 3071/4148/2380
f 3083/4162/2395 3082/4161/2394 3072/4149/2382
f 3084/4163/2396 3083/6863/2395 3073/4164/2383
f 3085/4165/2397 3084/4163/2396 3074/4151/2384
f 3086/4166/2398 3085/4165/2397 3075/4153/2385
f 3077/4156/2387 3087/4168/2399 3086/4166/2398
f 3078/4167/2388 3088/6864/2400 3087/4168/2399
f 3079/4158/2389 3089/4170/2401 3088/4169/2400
f 3080/4159/2391 3090/4171/2403 3089/4170/2401
f 653/1194/2402 652/1193/2416 3090/4171/2403
f 3081/4160/2392 3091/4172/2406 1002/1548/2404
f 3082/4161/2394 3092/4173/2407 3091/4172/2406
f 3083/4162/2395 3093/4188/2408 3092/4173/2407
f 3084/4174/2396 3094/4178/2409 3093/4175/2408
f 3085/4177/2397 3103/4191/2421 3094/4178/2409
f 3095/4179/2410 3103/4191/2421 3085/4177/2397
f 3096/4181/2411 3095/4179/2410 3086/4180/2398
f 3097/4183/2412 3096/4181/2411 3087/4182/2399
f 3098/4185/2413 3097/4197/2412 3088/4169/2400
f 3099/4186/2414 3098/4185/2413 3089/4170/2401
f 650/1191/2415 3099/4186/2414 3090/4171/2403
f 3091/4172/2406 3100/4187/2418 1001/1547/2417
f 3092/4173/2407 3101/4189/2419 3100/4187/2418
f 3093/4188/2408 3102/4200/2420 3101/4189/2419
f 3094/4178/2409 3104/4192/2422 3102/4190/2420
f 3103/4191/2421 3113/4203/2433 3104/4192/2422
f 3105/4193/2423 3113/4203/2433 3103/4191/2421
f 3106/4194/2424 3105/4193/2423 3095/4179/2410
f 3107/4195/2425 3106/4194/2424 3096/4181/2411
f 3108/4196/2426 3107/4209/2425 3097/4197/2412
f 3109/4198/2427 3108/4196/2426 3098/4185/2413
f 649/1190/2428 3109/4198/2427 3099/4186/2414
f 3100/4187/2418 3110/4199/2430 1000/1546/2429
f 3101/4189/2419 3111/4201/2431 3110/4199/2430
f 3102/4200/2420 3112/4212/2432 3111/4201/2431
f 3104/4192/2422 3114/4204/2434 3112/4202/2432
f 3113/4203/2433 3123/4215/2445 3114/4204/2434
f 3115/4205/2435 3123/4215/2445 3113/4203/2433
f 3116/4206/2436 3115/4205/2435 3105/4193/2423
f 3117/4207/2437 3116/4206/2436 3106/4194/2424
f 3118/4208/2438 3117/4221/2437 3107/4209/2425
f 3119/4210/2439 3118/4208/2438 3108/4196/2426
f 648/1189/2440 3119/4210/2439 3109/4198/2427
f 3110/4199/2430 3120/4211/2442 998/1544/2441
f 3111/4201/2431 3121/4213/2443 3120/4211/2442
f 3112/4212/2432 3122/4224/2444 3121/4213/2443
f 3114/4204/2434 3124/4216/2446 3122/4214/2444
f 3123/4215/2445 3133/4227/2456 3124/4216/2446
f 3125/4217/2447 3133/4227/2456 3123/4215/2445
f 3126/4218/2448 3125/4217/2447 3115/4205/2435
f 3127/4219/2449 3126/4218/2448 3116/4206/2436
f 3128/4220/2450 3127/4233/2449 3117/4221/2437
f 3129/4222/2451 3128/4220/2450 3118/4208/2438
f 646/1187/2452 3129/4222/2451 3119/4210/2439
f 3120/4211/2442 3130/4223/2453 997/1543/1439
f 3121/4213/2443 3131/4225/2454 3130/4223/2453
f 3122/4224/2444 3132/6865/2455 3131/4225/2454
f 3124/4216/2446 3134/4228/2457 3132/4226/2455
f 3133/4227/2456 3143/4239/2462 3134/4228/2457
f 3135/4229/2458 3143/4239/2462 3133/4227/2456
f 3136/4230/2459 3135/4229/2458 3125/4217/2447
f 3137/4231/2460 3136/4230/2459 3126/4218/2448
f 3138/4232/2461 3137/6866/2460 3127/4233/2449
f 3139/4234/1449 3138/4232/2461 3128/4220/2450
f 645/1186/1450 3139/4234/1449 3129/4222/2451
f 3130/4223/2453 3140/4235/2152 996/1542/1451
f 3131/4225/2454 3141/4247/1453 3140/4235/2152
f 3132/4226/2455 3142/4238/1454 3141/4236/1453
f 3134/4228/2457 3144/4240/2463 3142/4238/1454
f 3143/4239/2462 3153/4251/2468 3144/4240/2463
f 3145/4241/2464 3153/4251/2468 3143/4239/2462
f 3146/4242/2465 3145/4241/2464 3135/4229/2458
f 3147/4243/1459 3146/4242/2465 3136/4230/2459
f 3148/4244/1460 3147/4243/1459 3137/4231/2460
f 3149/4246/2161 3148/4258/1460 3138/4232/2461
f 644/1185/1462 3149/4246/2161 3139/4234/1449
f 3140/4235/2152 3150/4248/2162 993/1539/1141
f 3141/4247/1453 3151/4261/2466 3150/4248/2162
f 3142/4238/1454 3152/4250/2467 3151/4249/2466
f 3144/4240/2463 3154/4252/1466 3152/4250/2467
f 3153/4251/2468 3165/4265/1471 3154/4252/1466
f 3155/4253/1467 3165/4265/1471 3153/4251/2468
f 3156/4254/1468 3155/4253/1467 3145/4241/2464
f 3157/4255/2469 3156/4254/1468 3146/4242/2465
f 3158/4256/2470 3157/4255/2469 3147/4243/1459
f 3159/4257/2171 3158/4270/2470 3148/4258/1460
f 641/1182/1152 3159/4257/2171 3149/4246/2161
f 3160/4259/1153 984/1530/1165 993/1539/1141
f 3161/4260/1154 3160/4259/1153 3150/4248/2162
f 3162/4262/1155 3161/6867/1154 3151/4249/2466
f 3163/4263/1156 3162/4262/1155 3152/4250/2467
f 3164/4264/1157 3163/4263/1156 3154/4252/1466
f 3166/4266/1159 3164/4264/1157 3165/4265/1471
f 3156/4254/1468 3167/4267/1160 3166/4266/1159
f 3157/4255/2469 3168/4268/1161 3167/4267/1160
f 3158/4256/2470 3169/6868/1162 3168/4268/1161
f 3159/4257/2171 3170/4271/1163 3169/4269/1162
f 641/1182/1152 631/1172/1174 3170/4271/1163
f 3160/4259/1153 3178/4288/1175 995/1541/1164
f 3171/4272/1166 3178/4288/1175 3160/4259/1153
f 3172/4273/1167 3171/4272/1166 3161/4260/1154
f 3173/4275/1168 3172/6869/1167 3162/4276/1155
f 3164/4278/1157 3179/6870/1169 3173/4275/1168
f 3174/4279/1170 3179/6870/1169 3164/4278/1157
f 3175/4281/1176 3174/4279/1170 3166/4280/1159
f 3176/4283/1171 3175/4281/1176 3167/4282/1160
f 3169/4269/1162 3180/4295/1177 3176/4285/1171
f 3177/4287/1172 3180/4295/1177 3169/4269/1162
f 643/1184/1173 3177/4287/1172 3170/4271/1163
f 3178/4288/1175 2912/3955/1179 1030/1576/855
f 3171/4272/1166 2914/3957/2196 2912/3955/1179
f 3172/4273/1167 2916/3959/2198 2914/3957/2196
f 3173/4289/1168 2918/3962/2200 2916/3961/2198
f 3179/4291/1169 2920/3964/2202 2918/3962/2200
f 2922/3966/2204 2920/3964/2202 3179/4291/1169
f 2923/3967/2205 2922/3966/2204 3174/4292/1170
f 2924/3968/2206 2923/3967/2205 3175/4293/1176
f 2926/3970/2208 2924/3972/2206 3176/4285/1171
f 2928/3973/1195 2926/3970/2208 3180/4295/1177
f 678/1219/874 2928/3973/1195 3177/4287/1172
f 3181/4296/2471 979/1525/2472 981/1527/2472
f 3183/4298/2474 3181/4296/2471 3182/4297/2473
f 3185/4300/2476 3183/4298/2474 3184/4299/2475
f 3187/4302/2478 3185/6871/2476 3186/4303/2477
f 3189/4305/2480 3187/4302/2478 3188/4304/2479
f 3191/4307/2482 3189/4305/2480 3190/4306/2481
f 3193/4309/2484 3195/4311/2486 3191/4307/2482
f 3194/4310/2485 3197/6872/2488 3195/4311/2486
f 3196/4312/2487 3199/4316/2490 3197/4313/2488
f 3198/4315/2489 3200/4317/2492 3199/4316/2490
f 629/1170/2491 627/1168/2491 3200/4317/2492
f 3201/4318/2493 978/1524/2504 979/1525/2472
f 3202/4319/2494 3201/4318/2493 3181/4296/2471
f 3203/4320/2495 3202/6873/2494 3183/4321/2474
f 3204/4323/2496 3203/4320/2495 3185/4322/2476
f 3205/4325/2497 3204/4323/2496 3187/4324/2478
f 3206/4327/2498 3205/4325/2497 3189/4326/2480
f 3195/4329/2486 3207/4331/2499 3206/4327/2498
f 3197/4330/2488 3208/4333/2500 3207/4331/2499
f 3199/4332/2490 3209/6874/2501 3208/4333/2500
f 3200/4317/2492 3210/4335/2502 3209/4334/2501
f 627/1168/2491 626/1167/2514 3210/4335/2502
f 3201/4318/2493 3211/4336/2505 980/1526/2503
f 3202/4319/2494 3212/4338/2506 3211/4336/2505
f 3203/4337/2495 3213/6875/2507 3212/4338/2506
f 3204/4339/2496 3214/4343/2508 3213/4340/2507
f 3205/4342/2497 3223/6876/2519 3214/4343/2508
f 3215/4344/2509 3223/6876/2519 3205/4342/2497
f 3216/4346/2510 3215/4344/2509 3206/4345/2498
f 3217/4348/2511 3216/4346/2510 3207/4347/2499
f 3218/4350/2512 3217/6877/2511 3208/4351/2500
f 3219/4352/2513 3218/4350/2512 3209/4334/2501
f 628/1169/2514 3219/4352/2513 3210/4335/2502
f 3211/4336/2505 3220/4353/2516 971/1517/2515
f 3212/4338/2506 3221/4372/2517 3220/4353/2516
f 3213/4354/2507 3222/4358/2518 3221/4355/2517
f 3214/4357/2508 3224/4360/2520 3222/4358/2518
f 3223/4359/2519 3235/6878/2532 3224/4360/2520
f 3225/4361/2521 3235/6878/2532 3223/4359/2519
f 3226/4363/2522 3225/4361/2521 3215/4362/2509
f 3227/4365/2523 3226/4363/2522 3216/4364/2510
f 3228/4367/2524 3227/4365/2523 3217/4366/2511
f 3229/4369/2525 3228/4385/2524 3218/4350/2512
f 619/1160/2526 3229/4369/2525 3219/4352/2513
f 3230/4370/2527 972/1518/2539 971/1517/2515
f 3231/4371/2528 3230/4370/2527 3220/4353/2516
f 3232/4373/2529 3231/4371/2528 3221/4372/2517
f 3233/4375/2530 3232/6879/2529 3222/4376/2518
f 3234/4378/2531 3233/4375/2530 3224/4377/2520
f 3236/4380/2533 3234/4378/2531 3235/4379/2532
f 3226/4382/2522 3237/4384/2534 3236/4380/2533
f 3227/4383/2523 3238/6880/2535 3237/4384/2534
f 3228/4385/2524 3239/4388/2536 3238/4386/2535
f 3229/4369/2525 3240/4389/2537 3239/4388/2536
f 619/1160/2526 621/1162/2548 3240/4389/2537
f 3241/4390/2538 973/1519/2551 972/1518/2539
f 3242/4391/2540 3241/4390/2538 3230/4370/2527
f 3243/4392/2541 3242/4391/2540 3231/4371/2528
f 3244/4393/2542 3243/6881/2541 3232/4394/2529
f 3245/4396/2543 3244/4393/2542 3233/4395/2530
f 3246/4398/2544 3245/4396/2543 3234/4397/2531
f 3237/4400/2534 3247/4402/2545 3246/4398/2544
f 3238/4401/2535 3248/6882/2546 3247/4402/2545
f 3239/4388/2536 3249/4404/2547 3248/4403/2546
f 3240/4389/2537 3250/4405/2549 3249/4404/2547
f 621/1162/2548 620/1161/2562 3250/4405/2549
f 3241/4390/2538 3251/4406/2552 975/1521/2550
f 3242/4391/2540 3252/4407/2553 3251/4406/2552
f 3243/4392/2541 3253/6883/2554 3252/4407/2553
f 3244/4408/2542 3254/4412/2555 3253/4409/2554
f 3245/4411/2543 3260/6884/2563 3254/4412/2555
f 3255/4413/2556 3260/6884/2563 3245/4411/2543
f 3256/4415/2557 3255/4413/2556 3246/4414/2544
f 3257/4417/2558 3256/4415/2557 3247/4416/2545
f 3258/4419/2559 3257/6885/2558 3248/4403/2546
f 3259/4420/2560 3258/4419/2559 3249/4404/2547
f 623/1164/2561 3259/4420/2560 3250/4405/2549
f 3182/4297/2473 981/1527/2472 975/1521/2550
f 3184/4299/2475 3182/4297/2473 3251/4406/2552
f 3186/4421/2477 3184/6886/2475 3252/4422/2553
f 3188/4424/2479 3186/4421/2477 3253/4423/2554
f 3190/4426/2481 3188/4424/2479 3254/4425/2555
f 3192/4428/2483 3190/4426/2481 3260/4427/2563
f 3256/4430/2557 3193/4432/2484 3192/4428/2483
f 3257/4431/2558 3194/4434/2485 3193/4432/2484
f 3258/4433/2559 3196/6887/2487 3194/4434/2485
f 3259/4420/2560 3198/4315/2489 3196/4312/2487
f 623/1164/2561 629/1170/2491 3198/4315/2489
f 3261/4435/2564 974/1520/2587 977/1523/2565
f 3263/4437/2567 3261/4435/2564 3262/4436/2566
f 3265/4439/2569 3263/4437/2567 3264/4438/2568
f 3267/4441/2571 3265/6888/2569 3266/4442/2570
f 3269/4444/2573 3267/4441/2571 3268/4443/2572
f 3271/4446/2575 3269/4444/2573 3270/4445/2574
f 3273/4448/2577 3275/4450/2579 3271/4446/2575
f 3274/4449/2578 3277/6889/2581 3275/4450/2579
f 3276/4451/2580 3279/4455/2583 3277/4452/2581
f 3278/4454/2582 3280/4456/2585 3279/4455/2583
f 625/1166/2584 622/1163/2598 3280/4456/2585
f 3261/4435/2564 3281/4457/2588 976/1522/2586
f 3263/4437/2567 3282/4458/2589 3281/4457/2588
f 3265/4439/2569 3283/4472/2590 3282/4458/2589
f 3267/4459/2571 3284/4463/2591 3283/4460/2590
f 3269/4462/2573 3290/6890/2599 3284/4463/2591
f 3285/4464/2592 3290/6890/2599 3269/4462/2573
f 3286/4466/2593 3285/4464/2592 3271/4465/2575
f 3287/4468/2594 3286/4466/2593 3275/4467/2579
f 3288/4470/2595 3287/4483/2594 3277/4452/2581
f 3289/4471/2596 3288/4470/2595 3279/4455/2583
f 624/1165/2597 3289/4471/2596 3280/4456/2585
f 3262/4436/2566 977/1523/2565 976/1522/2586
f 3264/4438/2568 3262/4436/2566 3281/4457/2588
f 3266/4440/2570 3264/4438/2568 3282/4458/2589
f 3268/4473/2572 3266/6891/2570 3283/4474/2590
f 3270/4476/2574 3268/4473/2572 3284/4475/2591
f 3272/4478/2576 3270/4476/2574 3290/4477/2599
f 3286/4480/2593 3273/4482/2577 3272/4478/2576
f 3287/4481/2594 3274/6892/2578 3273/4482/2577
f 3288/4470/2595 3276/4451/2580 3274/4453/2578
f 3289/4471/2596 3278/4454/2582 3276/4451/2580
f 624/1165/2597 625/1166/2584 3278/4454/2582
f 3291/4484/841 968/1514/852 967/1513/828
f 3293/4486/842 3291/4484/841 3292/4485/830
f 3295/4488/843 3293/6893/842 3294/4489/831
f 3297/4491/844 3295/4488/843 3296/4490/832
f 3299/4493/845 3315/6894/846 3297/4491/844
f 3300/4494/853 3315/6894/846 3299/4493/845
f 3302/4496/847 3300/4494/853 3301/4495/834
f 3304/4498/848 3302/4496/847 3303/4497/835
f 3306/4500/849 3304/4498/848 3305/4499/836
f 3308/4502/850 3306/4522/849 3307/4503/837
f 617/1158/851 3308/4502/850 3309/4504/838
f 3310/4505/2600 969/1515/1164 968/1514/852
f 3311/4506/2601 3310/4505/2600 3291/4484/841
f 3312/4507/2602 3311/4506/2601 3293/4486/842
f 3313/4509/2603 3312/6895/2602 3295/4510/843
f 3314/4512/2604 3313/4509/2603 3297/4511/844
f 3316/4514/2605 3314/4512/2604 3315/4513/846
f 3317/4516/2606 3316/4514/2605 3300/4515/853
f 3318/4518/2607 3317/4516/2606 3302/4517/847
f 3319/4520/2608 3318/4538/2607 3304/4521/848
f 3320/4523/2609 3319/4520/2608 3306/4522/849
f 616/1157/1173 3320/4523/2609 3308/4502/850
f 3321/4524/2173 970/1516/1165 969/1515/1164
f 3322/4525/2174 3321/4524/2173 3310/4505/2600
f 3323/4526/2175 3322/4525/2174 3311/4506/2601
f 3324/4527/2176 3323/6896/2175 3312/4528/2602
f 3325/4530/2182 3324/4527/2176 3313/4529/2603
f 3326/4532/2177 3325/4530/2182 3314/4531/2604
f 3317/4534/2606 3330/6897/2178 3326/4532/2177
f 3327/4535/2179 3330/6897/2178 3317/4534/2606
f 3328/4537/2180 3327/6898/2179 3318/4538/2607
f 3329/4539/2181 3328/4537/2180 3319/4520/2608
f 618/1159/1174 3329/4539/2181 3320/4523/2609
f 3292/4485/830 967/1513/828 970/1516/1165
f 3294/4487/831 3292/4485/830 3321/4524/2173
f 3296/4540/832 3294/6899/831 3322/4541/2174
f 3298/4543/833 3296/4540/832 3323/4542/2175
f 3299/4545/845 3298/4543/833 3324/4544/2176
f 3301/4547/834 3299/4545/845 3325/4546/2182
f 3303/4549/835 3301/4547/834 3326/4548/2177
f 3305/4551/836 3303/4549/835 3330/4550/2178
f 3307/4553/837 3305/4551/836 3327/4552/2179
f 3309/4504/838 3307/4503/837 3328/4537/2180
f 615/1156/839 3309/4504/838 3329/4539/2181
f 3331/4555/2610 960/1506/2632 966/1512/2611
f 3333/4557/2613 3331/4555/2610 3332/4556/2612
f 3335/4559/2615 3333/4557/2613 3334/4558/2614
f 3337/4561/2617 3335/6900/2615 3336/4562/2616
f 3339/4564/2619 3337/4561/2617 3338/4563/2618
f 3341/4566/2621 3339/4564/2619 3340/4565/2620
f 3343/4568/2623 3345/4570/2625 3341/4566/2621
f 3344/4569/2624 3347/6901/2627 3345/4570/2625
f 3346/4571/2626 3349/4575/2629 3347/4572/2627
f 3348/4574/2628 3350/4576/2631 3349/4575/2629
f 614/1155/2630 608/1149/2633 3350/4576/2631
f 3331/4555/2610 3351/4577/2173 965/1511/1165
f 3333/4557/2613 3352/4578/2174 3351/4577/2173
f 3335/4559/2615 3353/6902/2175 3352/4578/2174
f 3337/4579/2617 3354/4583/2176 3353/4580/2175
f 3339/4582/2619 3365/6903/2182 3354/4583/2176
f 3355/4584/2177 3365/6903/2182 3339/4582/2619
f 3356/4586/2178 3355/4584/2177 3341/4585/2621
f 3357/4588/2179 3356/4586/2178 3345/4587/2625
f 3358/4590/2180 3357/6904/2179 3347/4572/2627
f 3359/4591/2181 3358/4590/2180 3349/4575/2629
f 613/1154/1174 3359/4591/2181 3350/4576/2631
f 3360/4592/830 957/1503/828 965/1511/1165
f 3361/4593/831 3360/4592/830 3351/4577/2173
f 3362/4594/832 3361/6905/831 3352/4595/2174
f 3363/4597/833 3362/4594/832 3353/4596/2175
f 3364/4599/845 3363/4597/833 3354/4598/2176
f 3366/4601/834 3364/4599/845 3365/4600/2182
f 3367/4603/835 3366/4601/834 3355/4602/2177
f 3368/4605/836 3367/4603/835 3356/4604/2178
f 3369/4607/837 3368/4605/836 3357/4606/2179
f 3370/4609/838 3369/4627/837 3358/4590/2180
f 605/1146/839 3370/4609/838 3359/4591/2181
f 3371/4610/841 958/1504/852 957/1503/828
f 3372/4611/842 3371/4610/841 3360/4592/830
f 3373/4612/843 3372/6906/842 3361/4613/831
f 3374/4615/844 3373/4612/843 3362/4614/832
f 3364/4617/845 3385/6907/846 3374/4615/844
f 3375/4618/853 3385/6907/846 3364/4617/845
f 3376/4620/847 3375/4618/853 3366/4619/834
f 3377/4622/848 3376/4620/847 3367/4621/835
f 3378/4624/849 3377/4622/848 3368/4623/836
f 3379/4626/850 3378/4642/849 3369/4627/837
f 607/1148/851 3379/4626/850 3370/4609/838
f 3380/4628/2634 959/1505/2645 958/1504/852
f 3381/4629/2635 3380/4628/2634 3371/4610/841
f 3382/4630/2636 3381/4629/2635 3372/4611/842
f 3383/4632/2637 3382/6908/2636 3373/4633/843
f 3384/4635/2638 3383/4632/2637 3374/4634/844
f 3386/4637/2639 3384/4635/2638 3385/4636/846
f 3376/4639/847 3387/4641/2640 3386/4637/2639
f 3377/4640/848 3388/6909/2641 3387/4641/2640
f 3378/4642/849 3389/4645/2642 3388/4643/2641
f 3379/4626/850 3390/4646/2643 3389/4645/2642
f 607/1148/851 606/1147/2654 3390/4646/2643
f 3391/4647/2644 961/1507/2656 959/1505/2645
f 3392/4648/2646 3391/4647/2644 3380/4628/2634
f 3393/4649/2647 3392/4648/2646 3381/4629/2635
f 3394/4650/2648 3393/6910/2647 3382/4651/2636
f 3395/4653/2649 3394/4650/2648 3383/4652/2637
f 3396/4655/2650 3395/4653/2649 3384/4654/2638
f 3387/4657/2640 3397/4659/2651 3396/4655/2650
f 3388/4658/2641 3398/6911/2652 3397/4659/2651
f 3389/4645/2642 3399/4661/2653 3398/4660/2652
f 3390/4646/2643 3400/4662/2655 3399/4661/2653
f 606/1147/2654 609/1150/2657 3400/4662/2655
f 3391/4647/2644 3401/4663/841 962/1508/852
f 3392/4648/2646 3402/4682/842 3401/4663/841
f 3393/4664/2647 3403/4668/843 3402/4665/842
f 3394/4667/2648 3404/4670/844 3403/4668/843
f 3395/4669/2649 3413/6912/846 3404/4670/844
f 3405/4671/853 3413/6912/846 3395/4669/2649
f 3406/4673/847 3405/4671/853 3396/4672/2650
f 3407/4675/848 3406/4673/847 3397/4674/2651
f 3408/4677/849 3407/4675/848 3398/4676/2652
f 3409/4679/850 3408/4694/849 3399/4661/2653
f 611/1152/851 3409/4679/850 3400/4662/2655
f 3410/4680/2600 963/1509/1164 962/1508/852
f 3411/4681/2601 3410/4680/2600 3401/4663/841
f 3403/4683/843 3421/4701/2602 3411/4681/2601
f 3412/4684/2603 3421/6913/2602 3403/4685/843
f 3413/4687/846 3424/6914/2604 3412/4684/2603
f 3414/4688/2605 3424/6914/2604 3413/4687/846
f 3415/4690/2606 3414/4688/2605 3405/4689/853
f 3416/4692/2607 3415/4690/2606 3406/4691/847
f 3408/4694/849 3428/4713/2608 3416/4695/2607
f 3417/4697/2609 3428/4713/2608 3408/4694/849
f 610/1151/1173 3417/4697/2609 3409/4679/850
f 3418/4698/2173 964/1510/1165 963/1509/1164
f 3419/4699/2174 3418/4698/2173 3410/4680/2600
f 3420/4700/2175 3419/4699/2174 3411/4681/2601
f 3422/4702/2176 3420/6915/2175 3421/4703/2602
f 3423/4705/2182 3422/4702/2176 3412/4704/2603
f 3425/4707/2177 3423/4705/2182 3424/4706/2604
f 3415/4709/2606 3430/6916/2178 3425/4707/2177
f 3426/4710/2179 3430/6916/2178 3415/4709/2606
f 3427/4712/2180 3426/6917/2179 3416/4695/2607
f 3429/4714/2181 3427/4712/2180 3428/4713/2608
f 612/1153/1174 3429/4714/2181 3417/4697/2609
f 3332/4556/2612 966/1512/2611 964/1510/1165
f 3334/4558/2614 3332/4556/2612 3418/4698/2173
f 3336/4715/2616 3334/6918/2614 3419/4716/2174
f 3338/4718/2618 3336/4715/2616 3420/4717/2175
f 3340/4720/2620 3338/4718/2618 3422/4719/2176
f 3342/4722/2622 3340/4720/2620 3423/4721/2182
f 3430/4724/2178 3343/4726/2623 3342/4722/2622
f 3426/4725/2179 3344/4728/2624 3343/4726/2623
f 3427/4727/2180 3346/6919/2626 3344/4728/2624
f 3429/4714/2181 3348/4574/2628 3346/4571/2626
f 612/1153/1174 614/1155/2630 3348/4574/2628
f 3431/4729/2658 951/1497/828 956/1502/828
f 3433/4731/2659 3431/4729/2658 3432/4730/830
f 3435/4733/2660 3433/6920/2659 3434/4734/831
f 3437/4736/2661 3435/4733/2660 3436/4735/832
f 3439/4738/2662 3437/4736/2661 3438/4737/833
f 3441/4740/2663 3439/4738/2662 3440/4739/845
f 3443/4742/835 3445/4744/2664 3441/4740/2663
f 3444/4743/836 3447/4746/2665 3445/4744/2664
f 3446/4745/837 3449/6921/2666 3447/4746/2665
f 3448/4747/838 3450/4750/2667 3449/4748/2666
f 604/1145/839 599/1140/839 3450/4750/2667
f 3451/4751/2668 950/6922/2678 951/4752/828
f 3452/4754/2669 3451/4751/2668 3431/4753/2658
f 3453/4756/2670 3452/4754/2669 3433/4755/2659
f 3454/4758/2671 3453/6923/2670 3435/4759/2660
f 3455/4761/2672 3454/4758/2671 3437/4760/2661
f 3456/4763/2673 3455/4761/2672 3439/4762/2662
f 3445/4765/2664 3457/4767/2674 3456/4763/2673
f 3447/4766/2665 3458/6924/2675 3457/4767/2674
f 3449/4768/2666 3459/4772/2676 3458/4769/2675
f 3450/4771/2667 3460/4774/2677 3459/4772/2676
f 599/4773/839 598/6925/2688 3460/4774/2677
f 3451/4775/2668 3461/4777/2679 955/1501/2678
f 3452/4776/2669 3462/4779/2680 3461/4777/2679
f 3453/4778/2670 3463/6926/2681 3462/4779/2680
f 3454/4780/2671 3464/4784/2682 3463/4781/2681
f 3455/4783/2672 3474/6927/2693 3464/4784/2682
f 3465/4785/2683 3474/6927/2693 3455/4783/2672
f 3466/4787/2684 3465/4785/2683 3456/4786/2673
f 3467/4789/2685 3466/4787/2684 3457/4788/2674
f 3468/4791/2686 3467/6928/2685 3458/4792/2675
f 3469/4794/2687 3468/4791/2686 3459/4793/2676
f 603/1144/2688 3469/4794/2687 3460/4795/2677
f 3470/4796/2689 954/1500/2700 955/1501/2678
f 3471/4797/2690 3470/4796/2689 3461/4777/2679
f 3472/4798/2691 3471/6929/2690 3462/4799/2680
f 3473/4801/2692 3472/4798/2691 3463/4800/2681
f 3474/4803/2693 3484/6930/2705 3473/4801/2692
f 3475/4804/2694 3484/6930/2705 3474/4803/2693
f 3476/4806/2695 3475/4804/2694 3465/4805/2683
f 3467/4808/2685 3486/6931/2707 3476/4806/2695
f 3477/4809/2696 3486/6931/2707 3467/4808/2685
f 3478/4811/2697 3477/4826/2696 3468/4791/2686
f 602/1143/2698 3478/4811/2697 3469/4794/2687
f 3479/4812/2699 946/1492/2700 954/1500/2700
f 3480/4813/2701 3479/4812/2699 3470/4796/2689
f 3481/4814/2702 3480/4813/2701 3471/4797/2690
f 3482/4816/2703 3481/6932/2702 3472/4817/2691
f 3483/4819/2704 3482/4816/2703 3473/4818/2692
f 3485/4821/2706 3483/4819/2704 3484/4820/2705
f 3476/4823/2695 3487/4825/2708 3485/4821/2706
f 3486/4824/2707 3488/6933/2709 3487/4825/2708
f 3477/4826/2696 3489/4829/2710 3488/4827/2709
f 3478/4811/2697 3490/4830/2711 3489/4829/2710
f 602/1143/2698 594/1135/2698 3490/4830/2711
f 3479/4831/2699 3491/4835/2712 945/4832/1165
f 3480/4834/2701 3492/4837/2713 3491/4835/2712
f 3481/4836/2702 3493/6934/2714 3492/4837/2713
f 3482/4838/2703 3494/4842/2715 3493/4839/2714
f 3483/4841/2704 3503/6935/2721 3494/4842/2715
f 3495/4843/2716 3503/6935/2721 3483/4841/2704
f 3496/4845/2717 3495/4843/2716 3485/4844/2706
f 3497/4847/2718 3496/4845/2717 3487/4846/2708
f 3498/4849/2719 3497/6936/2718 3488/4850/2709
f 3499/4852/2720 3498/4849/2719 3489/4851/2710
f 593/4854/1174 3499/4852/2720 3490/4853/2711
f 3491/4856/2712 3500/4858/2173 953/1499/1165
f 3492/4857/2713 3501/4860/2174 3500/4858/2173
f 3493/4859/2714 3502/6937/2175 3501/4860/2174
f 3494/4861/2715 3504/4865/2176 3502/4862/2175
f 3503/4864/2721 3513/6938/2182 3504/4865/2176
f 3505/4866/2177 3513/6938/2182 3503/4864/2721
f 3506/4868/2178 3505/4866/2177 3495/4867/2716
f 3507/4870/2179 3506/4868/2178 3496/4869/2717
f 3508/4872/2180 3507/6939/2179 3497/4873/2718
f 3509/4875/2181 3508/4872/2180 3498/4874/2719
f 601/1142/1174 3509/4875/2181 3499/4876/2720
f 3510/4877/830 942/1488/828 953/1499/1165
f 3501/4860/2174 3520/4894/831 3510/4877/830
f 3511/4878/832 3520/6940/831 3501/4879/2174
f 3504/4881/2176 3523/6941/833 3511/4878/832
f 3512/4882/845 3523/6941/833 3504/4881/2176
f 3514/4884/834 3512/4882/845 3513/4883/2182
f 3515/4886/835 3514/4884/834 3505/4885/2177
f 3516/4888/836 3515/4886/835 3506/4887/2178
f 3508/4890/2180 3528/6942/837 3516/4888/836
f 3517/4891/838 3528/4910/837 3508/4872/2180
f 590/1131/839 3517/4891/838 3509/4875/2181
f 3518/4892/841 943/1489/852 942/1488/828
f 3519/4893/842 3518/4892/841 3510/4877/830
f 3521/4895/843 3519/6943/842 3520/4896/831
f 3522/4898/844 3521/4895/843 3511/4897/832
f 3512/4900/845 3535/6944/846 3522/4898/844
f 3524/4901/853 3535/6944/846 3512/4900/845
f 3525/4903/847 3524/4901/853 3514/4902/834
f 3526/4905/848 3525/4903/847 3515/4904/835
f 3527/4907/849 3526/4905/848 3516/4906/836
f 3529/4909/850 3527/4925/849 3528/4910/837
f 592/1133/851 3529/4909/850 3517/4891/838
f 3530/4911/2722 944/1490/2733 943/1489/852
f 3531/4912/2723 3530/4911/2722 3518/4892/841
f 3532/4913/2724 3531/4912/2723 3519/4893/842
f 3533/4915/2725 3532/6945/2724 3521/4916/843
f 3534/4918/2726 3533/4915/2725 3522/4917/844
f 3536/4920/2727 3534/4918/2726 3535/4919/846
f 3525/4922/847 3537/4924/2728 3536/4920/2727
f 3526/4923/848 3538/6946/2729 3537/4924/2728
f 3527/4925/849 3539/4928/2730 3538/4926/2729
f 3529/4909/850 3540/4929/2731 3539/4928/2730
f 592/1133/851 591/1132/2742 3540/4929/2731
f 3541/4930/2732 947/1493/2745 944/1490/2733
f 3542/4931/2734 3541/4930/2732 3530/4911/2722
f 3543/4932/2735 3542/4931/2734 3531/4912/2723
f 3544/4933/2736 3543/6947/2735 3532/4934/2724
f 3545/4936/2737 3544/4933/2736 3533/4935/2725
f 3546/4938/2738 3545/4936/2737 3534/4937/2726
f 3537/4940/2728 3547/4942/2739 3546/4938/2738
f 3538/4941/2729 3548/6948/2740 3547/4942/2739
f 3539/4928/2730 3549/4944/2741 3548/4943/2740
f 3540/4929/2731 3550/4945/2743 3549/4944/2741
f 591/1132/2742 595/1136/2756 3550/4945/2743
f 3541/4930/2732 3551/4946/2746 948/1494/2744
f 3542/4931/2734 3552/4947/2747 3551/4946/2746
f 3543/4932/2735 3553/4962/2748 3552/4947/2747
f 3544/4948/2736 3554/4952/2749 3553/4949/2748
f 3545/4951/2737 3563/6949/2757 3554/4952/2749
f 3555/4953/2750 3563/6949/2757 3545/4951/2737
f 3556/4955/2751 3555/4953/2750 3546/4954/2738
f 3557/4957/2752 3556/4955/2751 3547/4956/2739
f 3558/4959/2753 3557/4976/2752 3548/4943/2740
f 3559/4960/2754 3558/4959/2753 3549/4944/2741
f 597/1138/2755 3559/4960/2754 3550/4945/2743
f 3551/4946/2746 3560/4961/2600 949/1495/1164
f 3552/4947/2747 3561/4963/2601 3560/4961/2600
f 3553/4962/2748 3562/4981/2602 3561/4963/2601
f 3554/4964/2749 3564/4968/2603 3562/4965/2602
f 3563/4967/2757 3575/6950/2604 3564/4968/2603
f 3565/4969/2605 3575/6950/2604 3563/4967/2757
f 3566/4971/2606 3565/4969/2605 3555/4970/2750
f 3567/4973/2607 3566/4971/2606 3556/4972/2751
f 3568/4975/2608 3567/4993/2607 3557/4976/2752
f 3569/4977/2609 3568/4975/2608 3558/4959/2753
f 596/1137/1173 3569/4977/2609 3559/4960/2754
f 3570/4978/2173 952/1498/1165 949/1495/1164
f 3571/4979/2174 3570/4978/2173 3560/4961/2600
f 3572/4980/2175 3571/4979/2174 3561/4963/2601
f 3573/4982/2176 3572/6951/2175 3562/4983/2602
f 3574/4985/2182 3573/4982/2176 3564/4984/2603
f 3576/4987/2177 3574/4985/2182 3575/4986/2604
f 3566/4989/2606 3580/6952/2178 3576/4987/2177
f 3577/4990/2179 3580/6952/2178 3566/4989/2606
f 3578/4992/2180 3577/6953/2179 3567/4993/2607
f 3579/4994/2181 3578/4992/2180 3568/4975/2608
f 600/1141/1174 3579/4994/2181 3569/4977/2609
f 3432/4730/830 956/1502/828 952/1498/1165
f 3434/4732/831 3432/4730/830 3570/4978/2173
f 3436/4995/832 3434/6954/831 3571/4996/2174
f 3438/4998/833 3436/4995/832 3572/4997/2175
f 3440/5000/845 3438/4998/833 3573/4999/2176
f 3442/5002/834 3440/5000/845 3574/5001/2182
f 3443/5004/835 3442/5002/834 3576/5003/2177
f 3444/5006/836 3443/5004/835 3580/5005/2178
f 3446/5008/837 3444/5006/836 3577/5007/2179
f 3448/4747/838 3446/4749/837 3578/4992/2180
f 604/1145/839 3448/4747/838 3579/4994/2181
f 3581/5010/2471 939/1485/2472 941/1487/2472
f 3583/5012/2474 3581/5010/2471 3582/5011/2473
f 3585/5014/2758 3583/5012/2474 3584/5013/2475
f 3587/5016/2478 3585/6955/2758 3586/5017/2477
f 3589/5019/2480 3587/5016/2478 3588/5018/2759
f 3591/5021/2760 3589/5019/2480 3590/5020/2481
f 3593/5023/2484 3595/5025/2486 3591/5021/2760
f 3594/5024/2485 3597/6956/2761 3595/5025/2486
f 3596/5026/2487 3599/5030/2490 3597/5027/2761
f 3598/5029/2489 3600/5031/2492 3599/5030/2490
f 589/1130/2762 587/1128/2762 3600/5031/2492
f 3601/5032/2493 938/1484/2504 939/1485/2472
f 3602/5033/2494 3601/5032/2493 3581/5010/2471
f 3603/5034/2763 3602/6957/2494 3583/5035/2474
f 3604/5037/2496 3603/5034/2763 3585/5036/2758
f 3605/5039/2497 3604/5037/2496 3587/5038/2478
f 3606/5041/2498 3605/5039/2497 3589/5040/2480
f 3595/5043/2486 3607/5045/2499 3606/5041/2498
f 3597/5044/2761 3608/5047/2764 3607/5045/2499
f 3599/5046/2490 3609/6958/2501 3608/5047/2764
f 3600/5031/2492 3610/5049/2502 3609/5048/2501
f 587/1128/2762 586/1127/2766 3610/5049/2502
f 3601/5032/2493 3611/5050/2505 940/1486/2504
f 3602/5033/2494 3612/5052/2765 3611/5050/2505
f 3603/5051/2763 3613/6959/2507 3612/5052/2765
f 3604/5053/2496 3614/5057/2508 3613/5054/2507
f 3605/5056/2497 3623/6960/2519 3614/5057/2508
f 3615/5058/2509 3623/6960/2519 3605/5056/2497
f 3616/5060/2510 3615/5058/2509 3606/5059/2498
f 3617/5062/2511 3616/5060/2510 3607/5061/2499
f 3618/5064/2512 3617/6961/2511 3608/5065/2764
f 3619/5066/2513 3618/5064/2512 3609/5048/2501
f 588/1129/2514 3619/5066/2513 3610/5049/2502
f 3611/5050/2505 3620/5067/2516 931/1477/2515
f 3612/5052/2765 3621/5086/2517 3620/5067/2516
f 3613/5068/2507 3622/5072/2518 3621/5069/2517
f 3614/5071/2508 3624/5074/2520 3622/5072/2518
f 3623/5073/2519 3635/6962/2532 3624/5074/2520
f 3625/5075/2521 3635/6962/2532 3623/5073/2519
f 3626/5077/2522 3625/5075/2521 3615/5076/2509
f 3627/5079/2523 3626/5077/2522 3616/5078/2510
f 3628/5081/2524 3627/5079/2523 3617/5080/2511
f 3629/5083/2525 3628/5099/2524 3618/5064/2512
f 579/1120/2526 3629/5083/2525 3619/5066/2513
f 3630/5084/2527 932/1478/2539 931/1477/2515
f 3631/5085/2528 3630/5084/2527 3620/5067/2516
f 3632/5087/2529 3631/5085/2528 3621/5086/2517
f 3633/5089/2530 3632/6963/2529 3622/5090/2518
f 3634/5092/2531 3633/5089/2530 3624/5091/2520
f 3636/5094/2533 3634/5092/2531 3635/5093/2532
f 3626/5096/2522 3637/5098/2534 3636/5094/2533
f 3627/5097/2523 3638/6964/2535 3637/5098/2534
f 3628/5099/2524 3639/5102/2536 3638/5100/2535
f 3629/5083/2525 3640/5103/2537 3639/5102/2536
f 579/1120/2526 581/1122/2548 3640/5103/2537
f 3641/5104/2538 933/1479/2551 932/1478/2539
f 3642/5105/2540 3641/5104/2538 3630/5084/2527
f 3643/5106/2541 3642/5105/2540 3631/5085/2528
f 3644/5107/2542 3643/6965/2541 3632/5108/2529
f 3645/5110/2543 3644/5107/2542 3633/5109/2530
f 3646/5112/2544 3645/5110/2543 3634/5111/2531
f 3637/5114/2534 3647/5116/2545 3646/5112/2544
f 3638/5115/2535 3648/6966/2546 3647/5116/2545
f 3639/5102/2536 3649/5118/2547 3648/5117/2546
f 3640/5103/2537 3650/5119/2767 3649/5118/2547
f 581/1122/2548 580/1121/2768 3650/5119/2767
f 3641/5104/2538 3651/5120/2552 935/1481/2550
f 3642/5105/2540 3652/5121/2553 3651/5120/2552
f 3643/5106/2541 3653/6967/2554 3652/5121/2553
f 3644/5122/2542 3654/5126/2555 3653/5123/2554
f 3645/5125/2543 3660/6968/2563 3654/5126/2555
f 3655/5127/2556 3660/6968/2563 3645/5125/2543
f 3656/5129/2557 3655/5127/2556 3646/5128/2544
f 3657/5131/2558 3656/5129/2557 3647/5130/2545
f 3658/5133/2559 3657/6969/2558 3648/5117/2546
f 3659/5134/2560 3658/5133/2559 3649/5118/2547
f 583/1124/2561 3659/5134/2560 3650/5119/2767
f 3582/5011/2473 941/1487/2472 935/1481/2550
f 3584/5013/2475 3582/5011/2473 3651/5120/2552
f 3586/5135/2477 3584/6970/2475 3652/5136/2553
f 3588/5138/2759 3586/5135/2477 3653/5137/2554
f 3590/5140/2481 3588/5138/2759 3654/5139/2555
f 3592/5142/2483 3590/5140/2481 3660/5141/2563
f 3656/5144/2557 3593/5146/2484 3592/5142/2483
f 3657/5145/2558 3594/5148/2485 3593/5146/2484
f 3658/5147/2559 3596/6971/2487 3594/5148/2485
f 3659/5134/2560 3598/5029/2489 3596/5026/2487
f 583/1124/2561 589/1130/2762 3598/5029/2489
f 3661/5149/2564 934/1480/2587 937/1483/2565
f 3663/5151/2567 3661/5149/2564 3662/5150/2566
f 3665/5153/2769 3663/5151/2567 3664/5152/2568
f 3667/5155/2571 3665/6972/2769 3666/5156/2570
f 3669/5158/2573 3667/5155/2571 3668/5157/2572
f 3671/5160/2575 3669/5158/2573 3670/5159/2574
f 3673/5162/2577 3675/5164/2579 3671/5160/2575
f 3674/5163/2578 3677/6973/2581 3675/5164/2579
f 3676/5165/2580 3679/5169/2583 3677/5166/2581
f 3678/5168/2770 3680/5170/2585 3679/5169/2583
f 585/1126/2584 582/1123/2598 3680/5170/2585
f 3661/5149/2564 3681/5171/2588 936/1482/2586
f 3663/5151/2567 3682/5172/2589 3681/5171/2588
f 3665/5153/2769 3683/5186/2590 3682/5172/2589
f 3667/5173/2571 3684/5177/2591 3683/5174/2590
f 3669/5176/2573 3690/6974/2599 3684/5177/2591
f 3685/5178/2592 3690/6974/2599 3669/5176/2573
f 3686/5180/2593 3685/5178/2592 3671/5179/2575
f 3687/5182/2594 3686/5180/2593 3675/5181/2579
f 3688/5184/2595 3687/5197/2594 3677/5166/2581
f 3689/5185/2596 3688/5184/2595 3679/5169/2583
f 584/1125/2597 3689/5185/2596 3680/5170/2585
f 3662/5150/2566 937/1483/2565 936/1482/2586
f 3664/5152/2568 3662/5150/2566 3681/5171/2588
f 3666/5154/2570 3664/5152/2568 3682/5172/2589
f 3668/5187/2572 3666/6975/2570 3683/5188/2590
f 3670/5190/2574 3668/5187/2572 3684/5189/2591
f 3672/5192/2576 3670/5190/2574 3690/5191/2599
f 3686/5194/2593 3673/5196/2577 3672/5192/2576
f 3687/5195/2594 3674/6976/2578 3673/5196/2577
f 3688/5184/2595 3676/5165/2580 3674/5167/2578
f 3689/5185/2596 3678/5168/2770 3676/5165/2580
f 584/1125/2597 585/1126/2584 3678/5168/2770
f 3691/5198/1472 3693/5200/1476 842/1388/1473
f 3692/5199/1475 3695/5202/2771 3693/5200/1476
f 3694/5201/1477 3697/5220/1480 3695/5202/2771
f 3696/5203/1479 3699/5207/1482 3697/5204/1480
f 3698/5206/1481 3713/5223/1499 3699/5207/1482
f 3700/5208/1483 3713/5223/1499 3698/5206/1481
f 3702/5210/1485 3700/5208/1483 3701/5209/1484
f 3704/5212/1487 3702/5210/1485 3703/5211/1486
f 3706/5214/1489 3704/5229/1487 3705/5215/1488
f 3708/5217/1491 3706/5214/1489 3707/5216/1490
f 490/1031/1493 3708/5217/1491 3709/5218/1492
f 3693/5200/1476 3710/5219/1496 843/1389/1495
f 3695/5202/2771 3711/5221/1497 3710/5219/1496
f 3697/5220/1480 3712/5232/1498 3711/5221/1497
f 3699/5207/1482 3714/5224/1500 3712/5222/1498
f 3713/5223/1499 3723/5235/1511 3714/5224/1500
f 3715/5225/1501 3723/5235/1511 3713/5223/1499
f 3716/5226/1502 3715/5225/1501 3700/5208/1483
f 3717/5227/2772 3716/5226/1502 3702/5210/1485
f 3718/5228/1504 3717/5241/2772 3704/5229/1487
f 3719/5230/1505 3718/5228/1504 3706/5214/1489
f 491/1032/1506 3719/5230/1505 3708/5217/1491
f 3710/5219/1496 3720/5231/1508 844/1390/1507
f 3711/5221/1497 3721/5233/1509 3720/5231/1508
f 3712/5232/1498 3722/5244/1510 3721/5233/1509
f 3714/5224/1500 3724/5236/1512 3722/5234/1510
f 3723/5235/1511 3733/5247/1523 3724/5236/1512
f 3725/5237/1513 3733/5247/1523 3723/5235/1511
f 3726/5238/1514 3725/5237/1513 3715/5225/1501
f 3727/5239/1515 3726/5238/1514 3716/5226/1502
f 3728/5240/2773 3727/5253/1515 3717/5241/2772
f 3729/5242/1517 3728/5240/2773 3718/5228/1504
f 492/1033/1518 3729/5242/1517 3719/5230/1505
f 3720/5231/1508 3730/5243/1520 845/1391/1519
f 3721/5233/1509 3731/5245/1521 3730/5243/1520
f 3722/5244/1510 3732/5256/1522 3731/5245/1521
f 3724/5236/1512 3734/5248/1524 3732/5246/1522
f 3733/5247/1523 3743/5259/1534 3734/5248/1524
f 3735/5249/1525 3743/5259/1534 3733/5247/1523
f 3736/5250/1526 3735/5249/1525 3725/5237/1513
f 3737/5251/1527 3736/5250/1526 3726/5238/1514
f 3738/5252/1528 3737/5265/1527 3727/5253/1515
f 3739/5254/1529 3738/5252/1528 3728/5240/2773
f 493/1034/1530 3739/5254/1529 3729/5242/1517
f 3730/5243/1520 3740/5255/1531 846/1392/589
f 3731/5245/1521 3741/5257/1532 3740/5255/1531
f 3732/5256/1522 3742/5268/1533 3741/5257/1532
f 3734/5248/1524 3744/5260/1535 3742/5258/1533
f 3743/5259/1534 3753/5271/1545 3744/5260/1535
f 3745/5261/1536 3753/5271/1545 3743/5259/1534
f 3746/5262/1537 3745/5261/1536 3735/5249/1525
f 3747/5263/1538 3746/5262/1537 3736/5250/1526
f 3748/5264/1539 3747/5277/1538 3737/5265/1527
f 3749/5266/2774 3748/5264/1539 3738/5252/1528
f 494/1035/600 3749/5266/2774 3739/5254/1529
f 3740/5255/1531 3750/5267/1542 847/1393/1541
f 3741/5257/1532 3751/5269/1543 3750/5267/1542
f 3742/5268/1533 3752/5280/1544 3751/5269/1543
f 3744/5260/1535 3754/5272/1546 3752/5270/1544
f 3753/5271/1545 3763/6977/1557 3754/5272/1546
f 3755/5273/1547 3763/6977/1557 3753/5271/1545
f 3756/5274/1548 3755/5273/1547 3745/5261/1536
f 3757/5275/1549 3756/5274/1548 3746/5262/1537
f 3758/5276/1550 3757/5294/1549 3747/5277/1538
f 3759/5278/1551 3758/5276/1550 3748/5264/1539
f 495/1036/1552 3759/5278/1551 3749/5266/2774
f 3750/5267/1542 3760/5279/1554 849/1395/1553
f 3751/5269/1543 3761/5281/1555 3760/5279/1554
f 3752/5280/1544 3762/5299/1556 3761/5281/1555
f 3754/5282/1546 3764/5286/1558 3762/5283/1556
f 3763/5285/1557 3775/5302/1570 3764/5286/1558
f 3765/5287/1559 3775/5302/1570 3763/5285/1557
f 3766/5289/1560 3765/5287/1559 3755/5288/1547
f 3767/5291/1561 3766/5289/1560 3756/5290/1548
f 3768/5293/1562 3767/5306/1561 3757/5294/1549
f 3769/5295/2775 3768/5293/1562 3758/5276/1550
f 497/1038/1564 3769/5295/2775 3759/5278/1551
f 3770/5296/1565 854/1400/1577 849/1395/1553
f 3771/5297/1566 3770/5296/1565 3760/5279/1554
f 3772/5298/2776 3771/5297/1566 3761/5281/1555
f 3773/5300/1568 3772/5313/2776 3762/5283/1556
f 3774/5301/1569 3773/5300/1568 3764/5286/1558
f 3776/5303/1571 3774/5301/1569 3775/5302/1570
f 3766/5289/1560 3777/5304/1572 3776/5303/1571
f 3767/5291/1561 3778/5316/1573 3777/5304/1572
f 3768/5293/1562 3779/5307/1574 3778/5305/1573
f 3769/5295/2775 3780/5308/1575 3779/5307/1574
f 497/1038/1564 502/1043/1586 3780/5308/1575
f 3781/5309/1576 858/1404/1589 854/1400/1577
f 3782/5310/1578 3781/5309/1576 3770/5296/1565
f 3783/5311/1579 3782/5310/1578 3771/5297/1566
f 3784/5312/1580 3783/5325/1579 3772/5313/2776
f 3785/5314/1581 3784/5312/1580 3773/5300/1568
f 3786/5315/1582 3785/5314/1581 3774/5301/1569
f 3777/5304/1572 3787/5317/1583 3786/5315/1582
f 3778/5316/1573 3788/5328/1584 3787/5317/1583
f 3779/5307/1574 3789/5319/1585 3788/5318/1584
f 3780/5308/1575 3790/5320/1587 3789/5319/1585
f 502/1043/1586 506/1047/1598 3790/5320/1587
f 3791/5321/1588 862/1408/1600 858/1404/1589
f 3792/5322/1590 3791/5321/1588 3781/5309/1576
f 3793/5323/1591 3792/5322/1590 3782/5310/1578
f 3794/5324/1592 3793/5337/1591 3783/5325/1579
f 3795/5326/1593 3794/5324/1592 3784/5312/1580
f 3796/5327/1594 3795/5326/1593 3785/5314/1581
f 3787/5317/1583 3797/5329/1595 3796/5327/1594
f 3788/5328/1584 3798/5340/1596 3797/5329/1595
f 3789/5319/1585 3799/5331/1597 3798/5330/1596
f 3790/5320/1587 3800/5332/1599 3799/5331/1597
f 506/1047/1598 510/1051/1609 3800/5332/1599
f 3801/5333/372 865/1411/1611 862/1408/1600
f 3802/5334/1601 3801/5333/372 3791/5321/1588
f 3803/5335/1602 3802/5334/1601 3792/5322/1590
f 3804/5336/1603 3803/5349/1602 3793/5337/1591
f 3805/5338/1604 3804/5336/1603 3794/5324/1592
f 3806/5339/1605 3805/5338/1604 3795/5326/1593
f 3797/5329/1595 3807/5341/1606 3806/5339/1605
f 3798/5340/1596 3808/5352/1607 3807/5341/1606
f 3799/5331/1597 3809/5343/1608 3808/5342/1607
f 3800/5332/1599 3810/5344/383 3809/5343/1608
f 510/1051/1609 513/1054/1620 3810/5344/383
f 3811/5345/1610 868/1414/1623 865/1411/1611
f 3812/5346/1612 3811/5345/1610 3801/5333/372
f 3813/5347/1613 3812/5346/1612 3802/5334/1601
f 3814/5348/1614 3813/5360/1613 3803/5349/1602
f 3815/5350/1615 3814/5348/1614 3804/5336/1603
f 3816/5351/1616 3815/5350/1615 3805/5338/1604
f 3807/5341/1606 3817/5353/1617 3816/5351/1616
f 3808/5352/1607 3818/5365/1618 3817/5353/1617
f 3809/5343/1608 3819/5355/1619 3818/5354/1618
f 3810/5344/383 3820/5356/1621 3819/5355/1619
f 513/1054/1620 516/1057/1634 3820/5356/1621
f 3811/5345/1610 3821/5357/2777 870/1416/1622
f 3812/5346/1612 3822/5358/1625 3821/5357/2777
f 3813/5347/1613 3823/5369/1626 3822/5358/1625
f 3814/5348/1614 3824/5361/1627 3823/5359/1626
f 3815/5350/1615 3833/5372/1639 3824/5361/1627
f 3825/5362/1628 3833/5372/1639 3815/5350/1615
f 3826/5363/1629 3825/5362/1628 3816/5351/1616
f 3827/5364/1630 3826/5363/1629 3817/5353/1617
f 3828/5366/1631 3827/5378/1630 3818/5354/1618
f 3829/5367/1632 3828/5366/1631 3819/5355/1619
f 518/1059/1633 3829/5367/1632 3820/5356/1621
f 3821/5357/2777 3830/5368/1636 873/1419/1635
f 3822/5358/1625 3831/5370/1637 3830/5368/1636
f 3823/5369/1626 3832/5381/1638 3831/5370/1637
f 3824/5361/1627 3834/5373/1640 3832/5371/1638
f 3833/5372/1639 3843/5384/2778 3834/5373/1640
f 3835/5374/1641 3843/5384/2778 3833/5372/1639
f 3836/5375/1642 3835/5374/1641 3825/5362/1628
f 3837/5376/1643 3836/5375/1642 3826/5363/1629
f 3838/5377/1644 3837/5390/1643 3827/5378/1630
f 3839/5379/1645 3838/5377/1644 3828/5366/1631
f 521/1062/1646 3839/5379/1645 3829/5367/1632
f 3830/5368/1636 3840/5380/1647 875/1421/421
f 3831/5370/1637 3841/5382/1648 3840/5380/1647
f 3832/5381/1638 3842/5393/1649 3841/5382/1648
f 3834/5373/1640 3844/5385/426 3842/5383/1649
f 3843/5384/2778 3853/5396/1659 3844/5385/426
f 3845/5386/1651 3853/5396/1659 3843/5384/2778
f 3846/5387/428 3845/5386/1651 3835/5374/1641
f 3847/5388/1652 3846/5387/428 3836/5375/1642
f 3848/5389/1653 3847/5402/1652 3837/5390/1643
f 3849/5391/1654 3848/5389/1653 3838/5377/1644
f 523/1064/432 3849/5391/1654 3839/5379/1645
f 3840/5380/1647 3850/5392/1656 877/1423/1655
f 3841/5382/1648 3851/5394/1657 3850/5392/1656
f 3842/5393/1649 3852/5405/1658 3851/5394/1657
f 3844/5385/426 3854/5397/1660 3852/5395/1658
f 3853/5396/1659 3864/5409/2779 3854/5397/1660
f 3855/5398/1661 3864/5409/2779 3853/5396/1659
f 3856/5399/1662 3855/5398/1661 3845/5386/1651
f 3857/5400/1663 3856/5399/1662 3846/5387/428
f 3858/5401/1664 3857/5413/1663 3847/5402/1652
f 3859/5403/1665 3858/5401/1664 3848/5389/1653
f 525/1066/1666 3859/5403/1665 3849/5391/1654
f 3850/5392/1656 3860/5404/1668 880/1426/1667
f 3851/5394/1657 3861/5406/1669 3860/5404/1668
f 3852/5405/1658 3862/5418/1670 3861/5406/1669
f 3854/5397/1660 3873/5420/1682 3862/5407/1670
f 3863/5408/1671 3873/5420/1682 3854/5397/1660
f 3865/5410/1673 3863/5408/1671 3864/5409/2779
f 3856/5399/1662 3876/5423/1685 3865/5410/1673
f 3866/5411/1674 3876/5423/1685 3856/5399/1662
f 3867/5412/1675 3866/5426/1674 3857/5413/1663
f 3868/5414/1676 3867/5412/1675 3858/5401/1664
f 528/1069/1677 3868/5414/1676 3859/5403/1665
f 3869/5415/1678 883/1429/1691 880/1426/1667
f 3870/5416/1679 3869/5415/1678 3860/5404/1668
f 3871/5417/1680 3870/5416/1679 3861/5406/1669
f 3872/5419/1681 3871/5433/1680 3862/5407/1670
f 3874/5421/1683 3872/5419/1681 3873/5420/1682
f 3875/5422/1684 3874/5421/1683 3863/5408/1671
f 3876/5423/1685 3877/5424/1686 3875/5422/1684
f 3866/5411/1674 3878/5436/1687 3877/5424/1686
f 3867/5412/1675 3879/5427/1688 3878/5425/1687
f 3868/5414/1676 3880/5428/1689 3879/5427/1688
f 528/1069/1677 531/1072/1700 3880/5428/1689
f 3881/5429/1690 887/1433/745 883/1429/1691
f 3882/5430/1692 3881/5429/1690 3869/5415/1678
f 3883/5431/1693 3882/5430/1692 3870/5416/1679
f 3884/5432/1694 3883/6978/1693 3871/5433/1680
f 3885/5434/1695 3884/5432/1694 3872/5419/1681
f 3886/5435/1696 3885/5434/1695 3874/5421/1683
f 3877/5424/1686 3887/5437/1697 3886/5435/1696
f 3878/5436/1687 3888/6979/1698 3887/5437/1697
f 3879/5427/1688 3889/5439/1699 3888/5438/1698
f 3880/5428/1689 3890/5440/1701 3889/5439/1699
f 531/1072/1700 535/1076/756 3890/5440/1701
f 3891/5441/1702 888/1434/1713 887/1433/745
f 3892/5442/1703 3891/5441/1702 3881/5429/1690
f 3893/5443/1704 3892/5442/1703 3882/5430/1692
f 3894/5444/1705 3893/5461/1704 3883/5445/1693
f 3895/5447/1706 3894/5444/1705 3884/5446/1694
f 3896/5449/1707 3895/5447/1706 3885/5448/1695
f 3887/5451/1697 3897/5453/1708 3896/5449/1707
f 3888/5452/1698 3898/5464/1709 3897/5453/1708
f 3889/5439/1699 3899/5455/1710 3898/5454/1709
f 3890/5440/1701 3900/5456/1711 3899/5455/1710
f 535/1076/756 536/1077/1722 3900/5456/1711
f 3901/5457/1712 889/1435/1725 888/1434/1713
f 3902/5458/1714 3901/5457/1712 3891/5441/1702
f 3903/5459/1715 3902/5458/1714 3892/5442/1703
f 3904/5460/1716 3903/5473/1715 3893/5461/1704
f 3905/5462/1717 3904/5460/1716 3894/5444/1705
f 3906/5463/1718 3905/5462/1717 3895/5447/1706
f 3897/5453/1708 3907/5465/1719 3906/5463/1718
f 3898/5464/1709 3908/5476/1720 3907/5465/1719
f 3899/5455/1710 3909/5467/1721 3908/5466/1720
f 3900/5456/1711 3910/5468/1723 3909/5467/1721
f 536/1077/1722 537/1078/1734 3910/5468/1723
f 3911/5469/1724 890/1436/1737 889/1435/1725
f 3912/5470/1726 3911/5469/1724 3901/5457/1712
f 3913/5471/1727 3912/5470/1726 3902/5458/1714
f 3914/5472/1728 3913/5485/1727 3903/5473/1715
f 3915/5474/1729 3914/5472/1728 3904/5460/1716
f 3916/5475/1730 3915/5474/1729 3905/5462/1717
f 3907/5465/1719 3917/5477/1731 3916/5475/1730
f 3908/5476/1720 3918/5488/1732 3917/5477/1731
f 3909/5467/1721 3919/5479/1733 3918/5478/1732
f 3910/5468/1723 3920/5480/1735 3919/5479/1733
f 537/1078/1734 538/1079/1746 3920/5480/1735
f 3921/5481/1736 891/1437/1749 890/1436/1737
f 3922/5482/1738 3921/5481/1736 3911/5469/1724
f 3923/5483/1739 3922/5482/1738 3912/5470/1726
f 3924/5484/1740 3923/6980/1739 3913/5485/1727
f 3925/5486/1741 3924/5484/1740 3914/5472/1728
f 3926/5487/1742 3925/5486/1741 3915/5474/1729
f 3917/5477/1731 3927/5489/1743 3926/5487/1742
f 3918/5488/1732 3928/6981/1744 3927/5489/1743
f 3919/5479/1733 3929/5491/1745 3928/5490/1744
f 3920/5480/1735 3930/5492/1747 3929/5491/1745
f 538/1079/1746 539/1080/1760 3930/5492/1747
f 3921/5481/1736 3931/5493/1750 892/1438/1748
f 3922/5482/1738 3932/5494/1751 3931/5493/1750
f 3923/5483/1739 3933/5511/1752 3932/5494/1751
f 3924/5495/1740 3934/5499/1753 3933/5496/1752
f 3925/5498/1741 3945/5514/1766 3934/5499/1753
f 3935/5500/1754 3945/5514/1766 3925/5498/1741
f 3936/5502/1755 3935/5500/1754 3926/5501/1742
f 3937/5504/1756 3936/5502/1755 3927/5503/1743
f 3938/5506/1757 3937/5518/1756 3928/5490/1744
f 3939/5507/1758 3938/5506/1757 3929/5491/1745
f 540/1081/1759 3939/5507/1758 3930/5492/1747
f 3940/5508/1761 893/1439/1773 892/1438/1748
f 3941/5509/1762 3940/5508/1761 3931/5493/1750
f 3942/5510/1763 3941/5509/1762 3932/5494/1751
f 3943/5512/1764 3942/5525/1763 3933/5496/1752
f 3944/5513/1765 3943/5512/1764 3934/5499/1753
f 3946/5515/1767 3944/5513/1765 3945/5514/1766
f 3936/5502/1755 3947/5516/1768 3946/5515/1767
f 3937/5504/1756 3948/5528/1769 3947/5516/1768
f 3938/5506/1757 3949/5519/1770 3948/5517/1769
f 3939/5507/1758 3950/5520/1771 3949/5519/1770
f 540/1081/1759 541/1082/2780 3950/5520/1771
f 3951/5521/1772 896/1442/1785 893/1439/1773
f 3952/5522/1774 3951/5521/1772 3940/5508/1761
f 3953/5523/1775 3952/5522/1774 3941/5509/1762
f 3954/5524/1776 3953/5537/1775 3942/5525/1763
f 3955/5526/1777 3954/5524/1776 3943/5512/1764
f 3956/5527/1778 3955/5526/1777 3944/5513/1765
f 3947/5516/1768 3957/5529/1779 3956/5527/1778
f 3948/5528/1769 3958/5540/1780 3957/5529/1779
f 3949/5519/1770 3959/5531/1781 3958/5530/1780
f 3950/5520/1771 3960/5532/1783 3959/5531/1781
f 541/1082/2780 544/1085/1794 3960/5532/1783
f 3961/5533/1784 901/1447/1797 896/1442/1785
f 3962/5534/1786 3961/5533/1784 3951/5521/1772
f 3963/5535/1787 3962/5534/1786 3952/5522/1774
f 3964/5536/1788 3963/6982/1787 3953/5537/1775
f 3965/5538/1789 3964/5536/1788 3954/5524/1776
f 3966/5539/1790 3965/5538/1789 3955/5526/1777
f 3957/5529/1779 3967/5541/1791 3966/5539/1790
f 3958/5540/1780 3968/6983/1792 3967/5541/1791
f 3959/5531/1781 3969/5543/1793 3968/5542/1792
f 3960/5532/1783 3970/5544/1795 3969/5543/1793
f 544/1085/1794 549/1090/1806 3970/5544/1795
f 3971/5545/1796 904/1450/1809 901/1447/1797
f 3972/5546/1798 3971/5545/1796 3961/5533/1784
f 3973/5547/1799 3972/5546/1798 3962/5534/1786
f 3974/5548/1800 3973/5565/1799 3963/5549/1787
f 3975/5551/2781 3974/5548/1800 3964/5550/1788
f 3976/5553/1802 3975/5551/2781 3965/5552/1789
f 3967/5555/1791 3977/5557/1803 3976/5553/1802
f 3968/5556/1792 3978/5568/1804 3977/5557/1803
f 3969/5543/1793 3979/5559/1805 3978/5558/1804
f 3970/5544/1795 3980/5560/1807 3979/5559/1805
f 549/1090/1806 552/1093/1818 3980/5560/1807
f 3981/5561/1808 906/1452/1821 904/1450/1809
f 3982/5562/1810 3981/5561/1808 3971/5545/1796
f 3983/5563/1811 3982/5562/1810 3972/5546/1798
f 3984/5564/1812 3983/5577/1811 3973/5565/1799
f 3985/5566/1813 3984/5564/1812 3974/5548/1800
f 3986/5567/1814 3985/5566/1813 3975/5551/2781
f 3977/5557/1803 3987/5569/2782 3986/5567/1814
f 3978/5568/1804 3988/5580/1816 3987/5569/2782
f 3979/5559/1805 3989/5571/1817 3988/5570/1816
f 3980/5560/1807 3990/5572/1819 3989/5571/1817
f 552/1093/1818 554/1095/1830 3990/5572/1819
f 3991/5573/1820 908/1454/1833 906/1452/1821
f 3992/5574/1822 3991/5573/1820 3981/5561/1808
f 3993/5575/1823 3992/5574/1822 3982/5562/1810
f 3994/5576/1824 3993/5589/1823 3983/5577/1811
f 3995/5578/1825 3994/5576/1824 3984/5564/1812
f 3996/5579/1826 3995/5578/1825 3985/5566/1813
f 3987/5569/2782 3997/5581/1827 3996/5579/1826
f 3988/5580/1816 3998/5592/1828 3997/5581/1827
f 3989/5571/1817 3999/5583/1829 3998/5582/1828
f 3990/5572/1819 4000/5584/1831 3999/5583/1829
f 554/1095/1830 556/1097/1842 4000/5584/1831
f 4001/5585/1832 910/1456/1845 908/1454/1833
f 4002/5586/1834 4001/5585/1832 3991/5573/1820
f 4003/5587/1835 4002/5586/1834 3992/5574/1822
f 4004/5588/1836 4003/5601/1835 3993/5589/1823
f 4005/5590/1837 4004/5588/1836 3994/5576/1824
f 4006/5591/1838 4005/5590/1837 3995/5578/1825
f 3997/5581/1827 4007/5593/1839 4006/5591/1838
f 3998/5592/1828 4008/5604/1840 4007/5593/1839
f 3999/5583/1829 4009/5595/2783 4008/5594/1840
f 4000/5584/1831 4010/5596/1843 4009/5595/2783
f 556/1097/1842 558/1099/1854 4010/5596/1843
f 4011/5597/1844 912/1458/1857 910/1456/1845
f 4012/5598/1846 4011/5597/1844 4001/5585/1832
f 4013/5599/1847 4012/5598/1846 4002/5586/1834
f 4014/5600/1848 4013/5613/1847 4003/5601/1835
f 4015/5602/1849 4014/5600/1848 4004/5588/1836
f 4016/5603/1850 4015/5602/1849 4005/5590/1837
f 4007/5593/1839 4017/5605/1851 4016/5603/1850
f 4008/5604/1840 4018/5616/1852 4017/5605/1851
f 4009/5595/2783 4019/5607/1853 4018/5606/1852
f 4010/5596/1843 4020/5608/1855 4019/5607/1853
f 558/1099/1854 560/1101/2785 4020/5608/1855
f 4021/5609/2784 914/1460/1869 912/1458/1857
f 4022/5610/1858 4021/5609/2784 4011/5597/1844
f 4023/5611/1859 4022/5610/1858 4012/5598/1846
f 4024/5612/1860 4023/5625/1859 4013/5613/1847
f 4025/5614/1861 4024/5612/1860 4014/5600/1848
f 4026/5615/1862 4025/5614/1861 4015/5602/1849
f 4017/5605/1851 4027/5617/1863 4026/5615/1862
f 4018/5616/1852 4028/5628/1864 4027/5617/1863
f 4019/5607/1853 4029/5619/1865 4028/5618/1864
f 4020/5608/1855 4030/5620/2786 4029/5619/1865
f 560/1101/2785 562/1103/1878 4030/5620/2786
f 4031/5621/1868 915/1461/1880 914/1460/1869
f 4032/5622/1870 4031/5621/1868 4021/5609/2784
f 4033/5623/1871 4032/5622/1870 4022/5610/1858
f 4034/5624/1872 4033/5637/1871 4023/5625/1859
f 4035/5626/1873 4034/5624/1872 4024/5612/1860
f 4036/5627/1874 4035/5626/1873 4025/5614/1861
f 4027/5617/1863 4037/5629/1875 4036/5627/1874
f 4028/5628/1864 4038/5640/1876 4037/5629/1875
f 4029/5619/1865 4039/5631/1877 4038/5630/1876
f 4030/5620/2786 4040/5632/1879 4039/5631/1877
f 562/1103/1878 563/1104/1889 4040/5632/1879
f 4041/5633/1868 917/1463/1880 915/1461/1880
f 4042/5634/1881 4041/5633/1868 4031/5621/1868
f 4043/5635/1882 4042/5634/1881 4032/5622/1870
f 4044/5636/1883 4043/5649/1882 4033/5637/1871
f 4045/5638/1884 4044/5636/1883 4034/5624/1872
f 4046/5639/1885 4045/5638/1884 4035/5626/1873
f 4037/5629/1875 4047/5641/1886 4046/5639/1885
f 4038/5640/1876 4048/5652/1887 4047/5641/1886
f 4039/5631/1877 4049/5643/1888 4048/5642/1887
f 4040/5632/1879 4050/5644/1879 4049/5643/1888
f 563/1104/1889 565/1106/1889 4050/5644/1879
f 4051/5645/1890 919/1465/1553 917/1463/1880
f 4052/5646/1891 4051/5645/1890 4041/5633/1868
f 4053/5647/1892 4052/5646/1891 4042/5634/1881
f 4054/5648/1893 4053/5661/1892 4043/5649/1882
f 4055/5650/1894 4054/5648/1893 4044/5636/1883
f 4056/5651/1895 4055/5650/1894 4045/5638/1884
f 4047/5641/1886 4057/5653/1896 4056/5651/1895
f 4048/5652/1887 4058/5664/1897 4057/5653/1896
f 4049/5643/1888 4059/5655/1898 4058/5654/1897
f 4050/5644/1879 4060/5656/1899 4059/5655/1898
f 565/1106/1889 567/1108/1878 4060/5656/1899
f 4061/5657/1900 920/1466/1857 919/1465/1553
f 4062/5658/1901 4061/5657/1900 4051/5645/1890
f 4063/5659/1902 4062/5658/1901 4052/5646/1891
f 4064/5660/1903 4063/5673/1902 4053/5661/1892
f 4065/5662/1849 4064/5660/1903 4054/5648/1893
f 4066/5663/1850 4065/5662/1849 4055/5650/1894
f 4057/5653/1896 4067/5665/1904 4066/5663/1850
f 4058/5664/1897 4068/5676/1905 4067/5665/1904
f 4059/5655/1898 4069/5667/1906 4068/5666/1905
f 4060/5656/1899 4070/5668/1907 4069/5667/1906
f 567/1108/1878 568/1109/2785 4070/5668/1907
f 4071/5669/1908 921/1467/1917 920/1466/1857
f 4072/5670/1909 4071/5669/1908 4061/5657/1900
f 4073/5671/1910 4072/5670/1909 4062/5658/1901
f 4074/5672/1911 4073/5683/1910 4063/5673/1902
f 4065/5662/1849 4083/5684/2788 4074/5672/1911
f 4075/5674/2787 4083/5684/2788 4065/5662/1849
f 4076/5675/1913 4075/5674/2787 4066/5663/1850
f 4068/5676/1905 4077/5689/1914 4076/5675/1913
f 4069/5667/1906 4078/5678/1915 4077/5677/1914
f 4070/5668/1907 4079/5679/1916 4078/5678/1915
f 568/1109/2785 569/1110/1928 4079/5679/1916
f 4071/5669/1908 4080/5680/1918 922/1468/1845
f 4072/5670/1909 4081/5681/1919 4080/5680/1918
f 4073/5671/1910 4082/5693/1920 4081/5681/1919
f 4074/5672/1911 4084/5685/1922 4082/5682/1920
f 4083/5684/2788 4093/5696/2789 4084/5685/1922
f 4085/5686/1923 4093/5696/2789 4083/5684/2788
f 4086/5687/1924 4085/5686/1923 4075/5674/2787
f 4087/5688/1925 4086/5687/1924 4076/5675/1913
f 4088/5690/1926 4087/5702/1925 4077/5677/1914
f 4089/5691/1927 4088/5690/1926 4078/5678/1915
f 570/1111/1854 4089/5691/1927 4079/5679/1916
f 4080/5680/1918 4090/5692/1930 923/1469/1929
f 4081/5681/1919 4091/5694/1931 4090/5692/1930
f 4082/5693/1920 4092/5705/1932 4091/5694/1931
f 4084/5685/1922 4094/5697/1934 4092/5695/1932
f 4093/5696/2789 4103/5708/1945 4094/5697/1934
f 4095/5698/2790 4103/5708/1945 4093/5696/2789
f 4096/5699/1936 4095/5698/2790 4085/5686/1923
f 4097/5700/1937 4096/5699/1936 4086/5687/1924
f 4098/5701/1938 4097/5714/1937 4087/5702/1925
f 4099/5703/1939 4098/5701/1938 4088/5690/1926
f 571/1112/1940 4099/5703/1939 4089/5691/1927
f 4090/5692/1930 4100/5704/1942 924/1470/1941
f 4091/5694/1931 4101/5706/1943 4100/5704/1942
f 4092/5705/1932 4102/5717/1944 4101/5706/1943
f 4094/5697/1934 4104/5709/1946 4102/5707/1944
f 4103/5708/1945 4113/5720/1956 4104/5709/1946
f 4105/5710/1947 4113/5720/1956 4103/5708/1945
f 4106/5711/1948 4105/5710/1947 4095/5698/2790
f 4107/5712/1949 4106/5711/1948 4096/5699/1936
f 4108/5713/1950 4107/5726/1949 4097/5714/1937
f 4109/5715/1951 4108/5713/1950 4098/5701/1938
f 572/1113/1952 4109/5715/1951 4099/5703/1939
f 4100/5704/1942 4110/5716/1953 925/1471/1833
f 4101/5706/1943 4111/5718/1954 4110/5716/1953
f 4102/5717/1944 4112/5729/1955 4111/5718/1954
f 4104/5709/1946 4114/5721/1957 4112/5719/1955
f 4113/5720/1956 4123/5732/2792 4114/5721/1957
f 4115/5722/2791 4123/5732/2792 4113/5720/1956
f 4116/5723/1959 4115/5722/2791 4105/5710/1947
f 4117/5724/1960 4116/5723/1959 4106/5711/1948
f 4118/5725/1961 4117/5738/1960 4107/5726/1949
f 4119/5727/1962 4118/5725/1961 4108/5713/1950
f 573/1114/1842 4119/5727/1962 4109/5715/1951
f 4110/5716/1953 4120/5728/1963 926/1472/613
f 4111/5718/1954 4121/5730/1964 4120/5728/1963
f 4112/5729/1955 4122/5741/1965 4121/5730/1964
f 4114/5721/1957 4124/5733/1967 4122/5731/1965
f 4123/5732/2792 4133/5744/1976 4124/5733/1967
f 4125/5734/1968 4133/5744/1976 4123/5732/2792
f 4126/5735/1969 4125/5734/1968 4115/5722/2791
f 4127/5736/1970 4126/5735/1969 4116/5723/1959
f 4128/5737/1971 4127/5750/1970 4117/5738/1960
f 4129/5739/1972 4128/5737/1971 4118/5725/1961
f 574/1115/624 4129/5739/1972 4119/5727/1962
f 4120/5728/1963 4130/5740/1973 927/1473/613
f 4121/5730/1964 4131/5742/1974 4130/5740/1973
f 4122/5741/1965 4132/5753/1975 4131/5742/1974
f 4124/5733/1967 4134/5745/1977 4132/5743/1975
f 4133/5744/1976 4143/5756/1987 4134/5745/1977
f 4135/5746/1978 4143/5756/1987 4133/5744/1976
f 4136/5747/1979 4135/5746/1978 4125/5734/1968
f 4137/5748/1980 4136/5747/1979 4126/5735/1969
f 4138/5749/1981 4137/5762/1980 4127/5750/1970
f 4139/5751/1982 4138/5749/1981 4128/5737/1971
f 575/1116/624 4139/5751/1982 4129/5739/1972
f 4130/5740/1973 4140/5752/1995 928/1474/1983
f 4131/5742/1974 4141/5754/1985 4140/5752/1995
f 4132/5753/1975 4142/5765/1986 4141/5754/1985
f 4134/5745/1977 4144/5757/1988 4142/5755/1986
f 4143/5756/1987 4153/5768/1997 4144/5757/1988
f 4145/5758/1989 4153/5768/1997 4143/5756/1987
f 4146/5759/1990 4145/5758/1989 4135/5746/1978
f 4147/5760/1991 4146/5759/1990 4136/5747/1979
f 4148/5761/1998 4147/5774/1991 4137/5762/1980
f 4149/5763/2793 4148/5761/1998 4138/5749/1981
f 576/1117/1994 4149/5763/2793 4139/5751/1982
f 4140/5752/1995 4150/5764/1995 929/1475/1983
f 4141/5754/1985 4151/5766/1996 4150/5764/1995
f 4142/5765/1986 4152/5777/1986 4151/5766/1996
f 4144/5757/1988 4154/5769/1988 4152/5767/1986
f 4153/5768/1997 4163/5780/1997 4154/5769/1988
f 4155/5770/1989 4163/5780/1997 4153/5768/1997
f 4156/5771/1990 4155/5770/1989 4145/5758/1989
f 4157/5772/1991 4156/5771/1990 4146/5759/1990
f 4158/5773/1998 4157/5786/1991 4147/5774/1991
f 4159/5775/1993 4158/5773/1998 4148/5761/1998
f 577/1118/1994 4159/5775/1993 4149/5763/2793
f 4150/5764/1995 4160/5776/2000 930/1476/1999
f 4151/5766/1996 4161/5778/2001 4160/5776/2000
f 4152/5777/1986 4162/6984/2002 4161/5778/2001
f 4154/5769/1988 4164/5781/2003 4162/5779/2002
f 4163/5780/1997 4175/6985/2015 4164/5781/2003
f 4165/5782/2004 4175/6985/2015 4163/5780/1997
f 4166/5783/2005 4165/5782/2004 4155/5770/1989
f 4167/5784/2006 4166/5783/2005 4156/5771/1990
f 4168/5785/2007 4167/6986/2006 4157/5786/1991
f 4169/5787/2008 4168/5785/2007 4158/5773/1998
f 578/1119/2009 4169/5787/2008 4159/5775/1993
f 4170/5788/2010 918/1464/2022 930/1476/1999
f 4171/5789/2011 4170/5788/2010 4160/5776/2000
f 4172/5790/2012 4171/6987/2011 4161/5791/2001
f 4173/5793/2013 4172/5790/2012 4162/5792/2002
f 4174/5795/2014 4173/5793/2013 4164/5794/2003
f 4176/5797/2016 4174/5795/2014 4175/5796/2015
f 4166/5799/2005 4177/5801/2017 4176/5797/2016
f 4167/5800/2006 4178/5803/2018 4177/5801/2017
f 4168/5802/2007 4179/6988/2019 4178/5803/2018
f 4169/5787/2008 4180/5805/2020 4179/5804/2019
f 578/1119/2009 566/1107/2031 4180/5805/2020
f 4181/5806/2021 916/1462/2034 918/1464/2022
f 4182/5807/2023 4181/5806/2021 4170/5788/2010
f 4183/5808/2024 4182/5807/2023 4171/5789/2011
f 4184/5810/2025 4183/5828/2024 4172/5811/2012
f 4185/5813/2026 4184/5810/2025 4173/5812/2013
f 4186/5815/2794 4185/5813/2026 4174/5814/2014
f 4177/5817/2017 4187/5819/2028 4186/5815/2794
f 4178/5818/2018 4188/5831/2029 4187/5819/2028
f 4179/5804/2019 4189/5822/2030 4188/5820/2029
f 4180/5805/2020 4190/5823/2032 4189/5822/2030
f 566/1107/2031 564/1105/2043 4190/5823/2032
f 4191/5824/2033 913/1459/2795 916/1462/2034
f 4192/5825/2035 4191/5824/2033 4181/5806/2021
f 4193/5826/2036 4192/5825/2035 4182/5807/2023
f 4194/5827/2037 4193/5840/2036 4183/5828/2024
f 4195/5829/2038 4194/5827/2037 4184/5810/2025
f 4196/5830/2039 4195/5829/2038 4185/5813/2026
f 4187/5819/2028 4197/5832/2040 4196/5830/2039
f 4188/5831/2029 4198/5843/2041 4197/5832/2040
f 4189/5822/2030 4199/5834/2042 4198/5833/2041
f 4190/5823/2032 4200/5835/2044 4199/5834/2042
f 564/1105/2043 561/1102/2797 4200/5835/2044
f 4201/5836/2045 911/1457/2058 913/1459/2795
f 4202/5837/2047 4201/5836/2045 4191/5824/2033
f 4203/5838/2048 4202/5837/2047 4192/5825/2035
f 4204/5839/2049 4203/5852/2048 4193/5840/2036
f 4205/5841/2050 4204/5839/2049 4194/5827/2037
f 4206/5842/2051 4205/5841/2050 4195/5829/2038
f 4197/5832/2040 4207/5844/2796 4206/5842/2051
f 4198/5843/2041 4208/5855/2053 4207/5844/2796
f 4199/5834/2042 4209/5846/2054 4208/5845/2053
f 4200/5835/2044 4210/5847/2056 4209/5846/2054
f 561/1102/2797 559/1100/2067 4210/5847/2056
f 4211/5848/2057 909/1455/2070 911/1457/2058
f 4212/5849/2798 4211/5848/2057 4201/5836/2045
f 4213/5850/2060 4212/5849/2798 4202/5837/2047
f 4214/5851/2061 4213/5864/2060 4203/5852/2048
f 4215/5853/2062 4214/5851/2061 4204/5839/2049
f 4216/5854/2063 4215/5853/2062 4205/5841/2050
f 4207/5844/2796 4217/5856/2064 4216/5854/2063
f 4208/5855/2053 4218/5867/2065 4217/5856/2064
f 4209/5846/2054 4219/5858/2066 4218/5857/2065
f 4210/5847/2056 4220/5859/2068 4219/5858/2066
f 559/1100/2067 557/1098/2079 4220/5859/2068
f 4221/5860/2069 907/1453/2082 909/1455/2070
f 4222/5861/2071 4221/5860/2069 4211/5848/2057
f 4223/5862/2799 4222/5861/2071 4212/5849/2798
f 4224/5863/2073 4223/6989/2799 4213/5864/2060
f 4225/5865/2074 4224/5863/2073 4214/5851/2061
f 4226/5866/2075 4225/5865/2074 4215/5853/2062
f 4217/5856/2064 4227/5868/2076 4226/5866/2075
f 4218/5867/2065 4228/6990/2800 4227/5868/2076
f 4219/5858/2066 4229/5870/2078 4228/5869/2800
f 4220/5859/2068 4230/5871/2080 4229/5870/2078
f 557/1098/2079 555/1096/2091 4230/5871/2080
f 4231/5872/2081 905/1451/1081 907/1453/2082
f 4232/5873/2083 4231/5872/2081 4221/5860/2069
f 4233/5874/2084 4232/5873/2083 4222/5861/2071
f 4234/5875/2085 4233/5892/2084 4223/5876/2799
f 4235/5878/2086 4234/5875/2085 4224/5877/2073
f 4236/5880/2087 4235/5878/2086 4225/5879/2074
f 4227/5882/2076 4237/5884/2088 4236/5880/2087
f 4228/5883/2800 4238/5895/2089 4237/5884/2088
f 4229/5870/2078 4239/5886/2090 4238/5885/2089
f 4230/5871/2080 4240/5887/2092 4239/5886/2090
f 555/1096/2091 553/1094/1092 4240/5887/2092
f 4241/5888/2093 903/1449/2801 905/1451/1081
f 4242/5889/2094 4241/5888/2093 4231/5872/2081
f 4243/5890/2095 4242/5889/2094 4232/5873/2083
f 4244/5891/2096 4243/5904/2095 4233/5892/2084
f 4245/5893/2097 4244/5891/2096 4234/5875/2085
f 4246/5894/2098 4245/5893/2097 4235/5878/2086
f 4237/5884/2088 4247/5896/2099 4246/5894/2098
f 4238/5895/2089 4248/5907/2100 4247/5896/2099
f 4239/5886/2090 4249/5898/2101 4248/5897/2100
f 4240/5887/2092 4250/5899/2102 4249/5898/2101
f 553/1094/1092 551/1092/2802 4250/5899/2102
f 4251/5900/2103 902/1448/2116 903/1449/2801
f 4252/5901/2105 4251/5900/2103 4241/5888/2093
f 4253/5902/2106 4252/5901/2105 4242/5889/2094
f 4254/5903/2107 4253/5916/2106 4243/5904/2095
f 4255/5905/2108 4254/5903/2107 4244/5891/2096
f 4256/5906/2109 4255/5905/2108 4245/5893/2097
f 4247/5896/2099 4257/5908/2110 4256/5906/2109
f 4248/5907/2100 4258/5919/2111 4257/5908/2110
f 4249/5898/2101 4259/5910/2112 4258/5909/2111
f 4250/5899/2102 4260/5911/2114 4259/5910/2112
f 551/1092/2802 550/1091/2125 4260/5911/2114
f 4261/5912/2115 900/1446/2805 902/1448/2116
f 4262/5913/2803 4261/5912/2115 4251/5900/2103
f 4263/5914/2118 4262/5913/2803 4252/5901/2105
f 4264/5915/2119 4263/5927/2118 4253/5916/2106
f 4265/5917/2120 4264/5915/2119 4254/5903/2107
f 4266/5918/2121 4265/5917/2120 4255/5905/2108
f 4257/5908/2110 4267/5920/2122 4266/5918/2121
f 4258/5919/2111 4268/5932/2123 4267/5920/2122
f 4259/5910/2112 4269/5922/2124 4268/5921/2123
f 4260/5911/2114 4270/5923/2126 4269/5922/2124
f 550/1091/2125 548/1089/2807 4270/5923/2126
f 4261/5912/2115 4271/5924/2129 899/1445/2804
f 4262/5913/2803 4272/5925/2130 4271/5924/2129
f 4263/5914/2118 4273/5936/2131 4272/5925/2130
f 4264/5915/2119 4274/5928/2132 4273/5926/2131
f 4265/5917/2120 4283/5939/2144 4274/5928/2132
f 4275/5929/2133 4283/5939/2144 4265/5917/2120
f 4276/5930/2134 4275/5929/2133 4266/5918/2121
f 4277/5931/2135 4276/5930/2134 4267/5920/2122
f 4278/5933/2136 4277/5945/2135 4268/5921/2123
f 4279/5934/2137 4278/5933/2136 4269/5922/2124
f 547/1088/2806 4279/5934/2137 4270/5923/2126
f 4271/5924/2129 4280/5935/2141 898/1444/2140
f 4272/5925/2130 4281/5937/2142 4280/5935/2141
f 4273/5936/2131 4282/6991/2143 4281/5937/2142
f 4274/5928/2132 4284/5940/2145 4282/5938/2143
f 4283/5939/2144 4293/5951/2155 4284/5940/2145
f 4285/5941/2146 4293/5951/2155 4283/5939/2144
f 4286/5942/2147 4285/5941/2146 4275/5929/2133
f 4287/5943/2148 4286/5942/2147 4276/5930/2134
f 4288/5944/2149 4287/6992/2148 4277/5945/2135
f 4289/5946/2150 4288/5944/2149 4278/5933/2136
f 546/1087/2151 4289/5946/2150 4279/5934/2137
f 4280/5935/2141 4290/5947/2152 895/1441/1451
f 4281/5937/2142 4291/5959/2153 4290/5947/2152
f 4282/5938/2143 4292/5950/2154 4291/5948/2153
f 4284/5940/2145 4294/5952/2156 4292/5950/2154
f 4293/5951/2155 4303/5963/2165 4294/5952/2156
f 4295/5953/2157 4303/5963/2165 4293/5951/2155
f 4296/5954/2158 4295/5953/2157 4285/5941/2146
f 4297/5955/2159 4296/5954/2158 4286/5942/2147
f 4298/5956/2160 4297/5955/2159 4287/5943/2148
f 4299/5958/2161 4298/5970/2160 4288/5944/2149
f 543/1084/1462 4299/5958/2161 4289/5946/2150
f 4290/5947/2152 4300/5960/2808 894/1440/1141
f 4291/5959/2153 4301/5973/2163 4300/5960/2808
f 4292/5950/2154 4302/5962/2164 4301/5961/2163
f 4294/5952/2156 4304/5964/2166 4302/5962/2164
f 4303/5963/2165 4315/5977/2172 4304/5964/2166
f 4305/5965/2167 4315/5977/2172 4303/5963/2165
f 4306/5966/2809 4305/5965/2167 4295/5953/2157
f 4307/5967/2169 4306/5966/2809 4296/5954/2158
f 4308/5968/2170 4307/5967/2169 4297/5955/2159
f 4309/5969/2810 4308/5982/2170 4298/5970/2160
f 542/1083/2811 4309/5969/2810 4299/5958/2161
f 4310/5971/1153 886/1432/1165 894/1440/1141
f 4311/5972/1154 4310/5971/1153 4300/5960/2808
f 4312/5974/1155 4311/6993/1154 4301/5961/2163
f 4313/5975/1156 4312/5974/1155 4302/5962/2164
f 4314/5976/1157 4313/5975/1156 4304/5964/2166
f 4316/5978/1159 4314/5976/1157 4315/5977/2172
f 4306/5966/2809 4317/5979/1160 4316/5978/1159
f 4307/5967/2169 4318/5980/1161 4317/5979/1160
f 4308/5968/2170 4319/6994/1162 4318/5980/1161
f 4309/5969/2810 4320/5983/1163 4319/5981/1162
f 542/1083/2811 534/1075/1174 4320/5983/1163
f 4310/5971/1153 4321/5984/2173 897/1443/1165
f 4311/5972/1154 4322/5986/2174 4321/5984/2173
f 4312/5985/1155 4323/6995/2175 4322/5986/2174
f 4313/5987/1156 4324/5991/2176 4323/5988/2175
f 4314/5990/1157 4335/6996/2182 4324/5991/2176
f 4325/5992/2177 4335/6996/2182 4314/5990/1157
f 4326/5994/2178 4325/5992/2177 4316/5993/1159
f 4327/5996/2179 4326/5994/2178 4317/5995/1160
f 4328/5998/2180 4327/6997/2179 4318/5999/1161
f 4329/6000/2181 4328/5998/2180 4319/5981/1162
f 545/1086/1174 4329/6000/2181 4320/5983/1163
f 4330/6001/830 837/1383/828 897/1443/1165
f 4331/6002/831 4330/6001/830 4321/5984/2173
f 4332/6003/832 4331/6998/831 4322/6004/2174
f 4333/6006/833 4332/6003/832 4323/6005/2175
f 4334/6008/845 4333/6006/833 4324/6007/2176
f 4336/6010/834 4334/6008/845 4335/6009/2182
f 4337/6012/835 4336/6010/834 4325/6011/2177
f 4338/6014/836 4337/6012/835 4326/6013/2178
f 4339/6016/837 4338/6014/836 4327/6015/2179
f 4340/6018/838 4339/6036/837 4328/5998/2180
f 485/1026/839 4340/6018/838 4329/6000/2181
f 4341/6019/841 838/1384/852 837/1383/828
f 4342/6020/842 4341/6019/841 4330/6001/830
f 4343/6021/843 4342/6999/842 4331/6022/831
f 4344/6024/844 4343/6021/843 4332/6023/832
f 4334/6026/845 4355/7000/846 4344/6024/844
f 4345/6027/853 4355/7000/846 4334/6026/845
f 4346/6029/847 4345/6027/853 4336/6028/834
f 4347/6031/848 4346/6029/847 4337/6030/835
f 4348/6033/849 4347/6031/848 4338/6032/836
f 4349/6035/850 4348/6051/849 4339/6036/837
f 487/1028/851 4349/6035/850 4340/6018/838
f 4350/6037/2183 840/1386/232 838/1384/852
f 4351/6038/2184 4350/6037/2183 4341/6019/841
f 4352/6039/2812 4351/6038/2184 4342/6020/842
f 4353/6041/2186 4352/6056/2812 4343/6042/843
f 4354/6044/2187 4353/6041/2186 4344/6043/844
f 4345/6046/853 4356/6048/2188 4354/6044/2187
f 4346/6047/847 4357/6050/2189 4356/6048/2188
f 4347/6049/848 4358/6057/2813 4357/6050/2189
f 4348/6051/849 4359/6054/2191 4358/6052/2813
f 4349/6035/850 4360/6055/2192 4359/6054/2191
f 487/1028/851 488/1029/2814 4360/6055/2192
f 4350/6037/2183 3691/5198/1472 841/1387/1474
f 4351/6038/2184 3692/5199/1475 3691/5198/1472
f 4352/6039/2812 3694/5201/1477 3692/5199/1475
f 4353/6041/2186 3696/5203/1479 3694/5205/1477
f 4354/6044/2187 3698/5206/1481 3696/5203/1479
f 3701/5209/1484 3698/5206/1481 4354/6044/2187
f 3703/5211/1486 3701/5209/1484 4356/6048/2188
f 3705/5213/1488 3703/5211/1486 4357/6050/2189
f 3707/5216/1490 3705/5215/1488 4358/6052/2813
f 3709/5218/1492 3707/5216/1490 4359/6054/2191
f 489/1030/1494 3709/5218/1492 4360/6055/2192
f 4361/6058/2194 884/1430/2213 885/1431/855
f 4363/6060/2195 4361/6058/2194 4362/6059/1179
f 4365/6062/2197 4363/6060/2195 4364/6061/2196
f 4367/6064/2199 4365/6084/2197 4366/6065/2198
f 4369/6067/2201 4367/6064/2199 4368/6066/2200
f 4371/6069/2203 4369/6067/2201 4370/6068/2202
f 4373/6071/2205 4375/6073/2207 4371/6069/2203
f 4374/6072/2206 4377/6087/2209 4375/6073/2207
f 4376/6074/2208 4379/6078/2210 4377/6075/2209
f 4378/6077/1195 4380/6079/2211 4379/6078/2210
f 533/1074/874 532/1073/2222 4380/6079/2211
f 4381/6080/2212 882/1428/2225 884/1430/2213
f 4382/6081/2214 4381/6080/2212 4361/6058/2194
f 4383/6082/2215 4382/6081/2214 4363/6060/2195
f 4384/6083/2216 4383/6096/2215 4365/6084/2197
f 4385/6085/2217 4384/6083/2216 4367/6064/2199
f 4386/6086/2218 4385/6085/2217 4369/6067/2201
f 4375/6073/2207 4387/6088/2219 4386/6086/2218
f 4377/6087/2209 4388/6099/2220 4387/6088/2219
f 4379/6078/2210 4389/6090/2221 4388/6089/2220
f 4380/6079/2211 4390/6091/2223 4389/6090/2221
f 532/1073/2222 530/1071/2234 4390/6091/2223
f 4391/6092/2224 881/1427/2237 882/1428/2225
f 4392/6093/2226 4391/6092/2224 4381/6080/2212
f 4393/6094/2227 4392/6093/2226 4382/6081/2214
f 4394/6095/2228 4393/6108/2227 4383/6096/2215
f 4395/6097/2229 4394/6095/2228 4384/6083/2216
f 4396/6098/2230 4395/6097/2229 4385/6085/2217
f 4387/6088/2219 4397/6100/2231 4396/6098/2230
f 4388/6099/2220 4398/6111/2232 4397/6100/2231
f 4389/6090/2221 4399/6102/2233 4398/6101/2232
f 4390/6091/2223 4400/6103/2235 4399/6102/2233
f 530/1071/2234 529/1070/2246 4400/6103/2235
f 4401/6104/2236 879/1425/2249 881/1427/2237
f 4402/6105/2238 4401/6104/2236 4391/6092/2224
f 4403/6106/2239 4402/6105/2238 4392/6093/2226
f 4404/6107/2240 4403/6120/2239 4393/6108/2227
f 4405/6109/2241 4404/6107/2240 4394/6095/2228
f 4406/6110/2242 4405/6109/2241 4395/6097/2229
f 4397/6100/2231 4407/6112/2243 4406/6110/2242
f 4398/6111/2232 4408/6123/2244 4407/6112/2243
f 4399/6102/2233 4409/6114/2245 4408/6113/2244
f 4400/6103/2235 4410/6115/2247 4409/6114/2245
f 529/1070/2246 527/1068/2258 4410/6115/2247
f 4411/6116/2248 878/1424/2815 879/1425/2249
f 4412/6117/2250 4411/6116/2248 4401/6104/2236
f 4413/6118/2251 4412/6117/2250 4402/6105/2238
f 4414/6119/2252 4413/6132/2251 4403/6120/2239
f 4415/6121/2253 4414/6119/2252 4404/6107/2240
f 4416/6122/2254 4415/6121/2253 4405/6109/2241
f 4407/6112/2243 4417/6124/2255 4416/6122/2254
f 4408/6123/2244 4418/6135/2256 4417/6124/2255
f 4409/6114/2245 4419/6126/2257 4418/6125/2256
f 4410/6115/2247 4420/6127/2259 4419/6126/2257
f 527/1068/2258 526/1067/2816 4420/6127/2259
f 4421/6128/2260 876/1422/2817 878/1424/2815
f 4422/6129/2262 4421/6128/2260 4411/6116/2248
f 4423/6130/2263 4422/6129/2262 4412/6117/2250
f 4424/6131/2264 4423/7001/2263 4413/6132/2251
f 4425/6133/2265 4424/6131/2264 4414/6119/2252
f 4426/6134/2266 4425/6133/2265 4415/6121/2253
f 4417/6124/2255 4427/6136/2267 4426/6134/2266
f 4418/6135/2256 4428/7002/2268 4427/6136/2267
f 4419/6126/2257 4429/6138/2269 4428/6137/2268
f 4420/6127/2259 4430/6139/2271 4429/6138/2269
f 526/1067/2816 524/1065/2284 4430/6139/2271
f 4421/6128/2260 4431/6140/2274 874/1420/2272
f 4422/6129/2262 4432/6141/2275 4431/6140/2274
f 4423/6130/2263 4433/6156/2276 4432/6141/2275
f 4424/6142/2264 4434/6146/2277 4433/6143/2276
f 4425/6145/2265 4443/6159/2289 4434/6146/2277
f 4435/6147/2278 4443/6159/2289 4425/6145/2265
f 4436/6149/2279 4435/6147/2278 4426/6148/2266
f 4437/6151/2280 4436/6149/2279 4427/6150/2267
f 4438/6153/2281 4437/6165/2280 4428/6137/2268
f 4439/6154/2282 4438/6153/2281 4429/6138/2269
f 522/1063/2283 4439/6154/2282 4430/6139/2271
f 4431/6140/2274 4440/6155/2286 872/1418/2818
f 4432/6141/2275 4441/6157/2287 4440/6155/2286
f 4433/6156/2276 4442/6168/2288 4441/6157/2287
f 4434/6146/2277 4444/6160/2290 4442/6158/2288
f 4443/6159/2289 4445/6161/2301 4444/6160/2290
f 4435/6147/2278 4455/6173/2291 4445/6161/2301
f 4446/6162/2292 4455/6173/2291 4435/6147/2278
f 4447/6163/2293 4446/6162/2292 4436/6149/2279
f 4448/6164/2294 4447/6177/2293 4437/6165/2280
f 4449/6166/2295 4448/6164/2294 4438/6153/2281
f 520/1061/2819 4449/6166/2295 4439/6154/2282
f 4440/6155/2286 4450/6167/2298 871/1417/2297
f 4441/6157/2287 4451/6169/2299 4450/6167/2298
f 4442/6168/2288 4452/6180/2300 4451/6169/2299
f 4444/6160/2290 4453/6171/2302 4452/6170/2300
f 4445/6161/2301 4463/6183/2313 4453/6171/2302
f 4454/6172/2303 4463/6183/2313 4445/6161/2301
f 4456/6174/2304 4454/6172/2303 4455/6173/2291
f 4457/6175/2305 4456/6174/2304 4446/6162/2292
f 4458/6176/2306 4457/6189/2305 4447/6177/2293
f 4459/6178/2307 4458/6176/2306 4448/6164/2294
f 519/1060/2308 4459/6178/2307 4449/6166/2295
f 4450/6167/2298 4460/6179/2820 869/1415/2309
f 4451/6169/2299 4461/6181/2311 4460/6179/2820
f 4452/6180/2300 4462/7003/2312 4461/6181/2311
f 4453/6171/2302 4464/6184/2314 4462/6182/2312
f 4463/6183/2313 4473/6195/2325 4464/6184/2314
f 4465/6185/2315 4473/6195/2325 4463/6183/2313
f 4466/6186/2316 4465/6185/2315 4454/6172/2303
f 4467/6187/2317 4466/6186/2316 4456/6174/2304
f 4468/6188/2318 4467/7004/2317 4457/6189/2305
f 4469/6190/2821 4468/6188/2318 4458/6176/2306
f 517/1058/2320 4469/6190/2821 4459/6178/2307
f 4460/6179/2820 4470/6191/2322 867/1413/2321
f 4461/6181/2311 4471/6203/2323 4470/6191/2322
f 4462/6182/2312 4472/6194/2324 4471/6192/2323
f 4464/6184/2314 4474/6196/2326 4472/6194/2324
f 4473/6195/2325 4483/6207/2337 4474/6196/2326
f 4475/6197/2327 4483/6207/2337 4473/6195/2325
f 4476/6198/2328 4475/6197/2327 4465/6185/2315
f 4477/6199/2329 4476/6198/2328 4466/6186/2316
f 4478/6200/2330 4477/6199/2329 4467/6187/2317
f 4479/6202/2331 4478/6214/2330 4468/6188/2318
f 515/1056/2332 4479/6202/2331 4469/6190/2821
f 4470/6191/2322 4480/6204/2334 866/1412/2333
f 4471/6203/2323 4481/6217/2335 4480/6204/2334
f 4472/6194/2324 4482/6206/2336 4481/6205/2335
f 4474/6196/2326 4484/6208/2338 4482/6206/2336
f 4483/6207/2337 4495/6221/2350 4484/6208/2338
f 4485/6209/2339 4495/6221/2350 4483/6207/2337
f 4486/6210/2340 4485/6209/2339 4475/6197/2327
f 4487/6211/2341 4486/6210/2340 4476/6198/2328
f 4488/6212/2342 4487/6211/2341 4477/6199/2329
f 4489/6213/2343 4488/6226/2342 4478/6214/2330
f 514/1055/2344 4489/6213/2343 4479/6202/2331
f 4490/6215/2345 864/1410/2357 866/1412/2333
f 4491/6216/2346 4490/6215/2345 4480/6204/2334
f 4492/6218/2347 4491/7005/2346 4481/6205/2335
f 4493/6219/2348 4492/6218/2347 4482/6206/2336
f 4494/6220/2349 4493/6219/2348 4484/6208/2338
f 4496/6222/2351 4494/6220/2349 4495/6221/2350
f 4486/6210/2340 4497/6223/2352 4496/6222/2351
f 4487/6211/2341 4498/6224/2353 4497/6223/2352
f 4488/6212/2342 4499/6236/2354 4498/6224/2353
f 4489/6213/2343 4500/6227/2355 4499/6225/2354
f 514/1055/2344 512/1053/2366 4500/6227/2355
f 4501/6228/2356 863/1409/2369 864/1410/2357
f 4502/6229/2358 4501/6228/2356 4490/6215/2345
f 4503/6230/2359 4502/6229/2358 4491/6216/2346
f 4504/6232/2360 4503/6244/2359 4492/6218/2347
f 4505/6233/2361 4504/6232/2360 4493/6219/2348
f 4506/6234/2362 4505/6233/2361 4494/6220/2349
f 4497/6223/2352 4507/6235/2363 4506/6234/2362
f 4498/6224/2353 4508/6237/2364 4507/6235/2363
f 4499/6236/2354 4509/7006/2365 4508/6237/2364
f 4500/6227/2355 4510/6239/2367 4509/6238/2365
f 512/1053/2366 511/1052/2378 4510/6239/2367
f 4511/6240/2822 861/1407/2823 863/1409/2369
f 4512/6241/2370 4511/6240/2822 4501/6228/2356
f 4513/6242/2371 4512/6241/2370 4502/6229/2358
f 4514/6243/2372 4513/6256/2371 4503/6244/2359
f 4515/6245/2373 4514/6243/2372 4504/6232/2360
f 4516/6246/2374 4515/6245/2373 4505/6233/2361
f 4507/6235/2363 4517/6247/2375 4516/6246/2374
f 4508/6237/2364 4518/6259/2376 4517/6247/2375
f 4509/6238/2365 4519/6250/2377 4518/6248/2376
f 4510/6239/2367 4520/6251/2379 4519/6250/2377
f 511/1052/2378 509/1050/2824 4520/6251/2379
f 4521/6252/2380 860/1406/2393 861/1407/2823
f 4522/6253/2382 4521/6252/2380 4511/6240/2822
f 4523/6254/2383 4522/6253/2382 4512/6241/2370
f 4524/6255/2384 4523/6268/2383 4513/6256/2371
f 4525/6257/2385 4524/6255/2384 4514/6243/2372
f 4526/6258/2386 4525/6257/2385 4515/6245/2373
f 4517/6247/2375 4527/6260/2387 4526/6258/2386
f 4518/6259/2376 4528/6271/2388 4527/6260/2387
f 4519/6250/2377 4529/6262/2389 4528/6261/2388
f 4520/6251/2379 4530/6263/2391 4529/6262/2389
f 509/1050/2824 508/1049/2402 4530/6263/2391
f 4531/6264/2392 859/1405/2405 860/1406/2393
f 4532/6265/2394 4531/6264/2392 4521/6252/2380
f 4533/6266/2395 4532/6265/2394 4522/6253/2382
f 4534/6267/2396 4533/7007/2395 4523/6268/2383
f 4535/6269/2397 4534/6267/2396 4524/6255/2384
f 4536/6270/2398 4535/6269/2397 4525/6257/2385
f 4527/6260/2387 4537/6272/2399 4536/6270/2398
f 4528/6271/2388 4538/7008/2400 4537/6272/2399
f 4529/6262/2389 4539/6274/2401 4538/6273/2400
f 4530/6263/2391 4540/6275/2403 4539/6274/2401
f 508/1049/2402 507/1048/2416 4540/6275/2403
f 4531/6264/2392 4541/6276/2406 857/1403/2404
f 4532/6265/2394 4542/6277/2407 4541/6276/2406
f 4533/6266/2395 4543/6292/2825 4542/6277/2407
f 4534/6278/2396 4544/6282/2409 4543/6279/2825
f 4535/6281/2397 4553/6295/2421 4544/6282/2409
f 4545/6283/2410 4553/6295/2421 4535/6281/2397
f 4546/6285/2411 4545/6283/2410 4536/6284/2398
f 4547/6287/2412 4546/6285/2411 4537/6286/2399
f 4548/6289/2413 4547/6301/2412 4538/6273/2400
f 4549/6290/2414 4548/6289/2413 4539/6274/2401
f 505/1046/2415 4549/6290/2414 4540/6275/2403
f 4541/6276/2406 4550/6291/2418 856/1402/2417
f 4542/6277/2407 4551/6293/2419 4550/6291/2418
f 4543/6292/2825 4552/6304/2420 4551/6293/2419
f 4544/6282/2409 4554/6296/2422 4552/6294/2420
f 4553/6295/2421 4563/6307/2433 4554/6296/2422
f 4555/6297/2423 4563/6307/2433 4553/6295/2421
f 4556/6298/2424 4555/6297/2423 4545/6283/2410
f 4557/6299/2425 4556/6298/2424 4546/6285/2411
f 4558/6300/2426 4557/6313/2425 4547/6301/2412
f 4559/6302/2427 4558/6300/2426 4548/6289/2413
f 504/1045/2826 4559/6302/2427 4549/6290/2414
f 4550/6291/2418 4560/6303/2430 855/1401/2429
f 4551/6293/2419 4561/6305/2431 4560/6303/2430
f 4552/6304/2420 4562/6316/2827 4561/6305/2431
f 4554/6296/2422 4564/6308/2434 4562/6306/2827
f 4563/6307/2433 4573/6319/2445 4564/6308/2434
f 4565/6309/2435 4573/6319/2445 4563/6307/2433
f 4566/6310/2436 4565/6309/2435 4555/6297/2423
f 4567/6311/2437 4566/6310/2436 4556/6298/2424
f 4568/6312/2438 4567/6325/2437 4557/6313/2425
f 4569/6314/2439 4568/6312/2438 4558/6300/2426
f 503/1044/2440 4569/6314/2439 4559/6302/2427
f 4560/6303/2430 4570/6315/2828 853/1399/2441
f 4561/6305/2431 4571/6317/2443 4570/6315/2828
f 4562/6316/2827 4572/6328/2444 4571/6317/2443
f 4564/6308/2434 4574/6320/2446 4572/6318/2444
f 4573/6319/2445 4583/6331/2456 4574/6320/2446
f 4575/6321/2447 4583/6331/2456 4573/6319/2445
f 4576/6322/2448 4575/6321/2447 4565/6309/2435
f 4577/6323/2449 4576/6322/2448 4566/6310/2436
f 4578/6324/2450 4577/6337/2449 4567/6325/2437
f 4579/6326/2451 4578/6324/2450 4568/6312/2438
f 501/1042/2452 4579/6326/2451 4569/6314/2439
f 4570/6315/2828 4580/6327/2453 852/1398/1439
f 4571/6317/2443 4581/6329/2454 4580/6327/2453
f 4572/6328/2444 4582/7009/2829 4581/6329/2454
f 4574/6320/2446 4584/6332/2457 4582/6330/2829
f 4583/6331/2456 4593/6343/2462 4584/6332/2457
f 4585/6333/2458 4593/6343/2462 4583/6331/2456
f 4586/6334/2459 4585/6333/2458 4575/6321/2447
f 4587/6335/2830 4586/6334/2459 4576/6322/2448
f 4588/6336/2461 4587/7010/2830 4577/6337/2449
f 4589/6338/1449 4588/6336/2461 4578/6324/2450
f 500/1041/1450 4589/6338/1449 4579/6326/2451
f 4580/6327/2453 4590/6339/2152 851/1397/1451
f 4581/6329/2454 4591/6351/1453 4590/6339/2152
f 4582/6330/2829 4592/6342/1454 4591/6340/1453
f 4584/6332/2457 4594/6344/2463 4592/6342/1454
f 4593/6343/2462 4603/6355/2468 4594/6344/2463
f 4595/6345/2464 4603/6355/2468 4593/6343/2462
f 4596/6346/2465 4595/6345/2464 4585/6333/2458
f 4597/6347/1459 4596/6346/2465 4586/6334/2459
f 4598/6348/1460 4597/6347/1459 4587/6335/2830
f 4599/6350/2161 4598/6362/1460 4588/6336/2461
f 499/1040/1462 4599/6350/2161 4589/6338/1449
f 4590/6339/2152 4600/6352/2162 848/1394/1141
f 4591/6351/1453 4601/6365/2466 4600/6352/2162
f 4592/6342/1454 4602/6354/2467 4601/6353/2466
f 4594/6344/2463 4604/6356/1466 4602/6354/2467
f 4603/6355/2468 4615/6369/1471 4604/6356/1466
f 4605/6357/1467 4615/6369/1471 4603/6355/2468
f 4606/6358/1468 4605/6357/1467 4595/6345/2464
f 4607/6359/2469 4606/6358/1468 4596/6346/2465
f 4608/6360/2470 4607/6359/2469 4597/6347/1459
f 4609/6361/2171 4608/6374/2470 4598/6362/1460
f 496/1037/1152 4609/6361/2171 4599/6350/2161
f 4610/6363/1153 839/1385/1165 848/1394/1141
f 4611/6364/1154 4610/6363/1153 4600/6352/2162
f 4612/6366/1155 4611/7011/1154 4601/6353/2466
f 4613/6367/1156 4612/6366/1155 4602/6354/2467
f 4614/6368/1157 4613/6367/1156 4604/6356/1466
f 4616/6370/1159 4614/6368/1157 4615/6369/1471
f 4606/6358/1468 4617/6371/1160 4616/6370/1159
f 4607/6359/2469 4618/6372/1161 4617/6371/1160
f 4608/6360/2470 4619/7012/1162 4618/6372/1161
f 4609/6361/2171 4620/6375/1163 4619/6373/1162
f 496/1037/1152 486/1027/1174 4620/6375/1163
f 4610/6363/1153 4628/6392/1175 850/1396/1164
f 4621/6376/1166 4628/6392/1175 4610/6363/1153
f 4622/6377/1167 4621/6376/1166 4611/6364/1154
f 4623/6379/1168 4622/7013/1167 4612/6380/1155
f 4614/6382/1157 4629/7014/1169 4623/6379/1168
f 4624/6383/1170 4629/7014/1169 4614/6382/1157
f 4625/6385/1176 4624/6383/1170 4616/6384/1159
f 4626/6387/1171 4625/6385/1176 4617/6386/1160
f 4619/6373/1162 4630/6399/1177 4626/6389/1171
f 4627/6391/1172 4630/6399/1177 4619/6373/1162
f 498/1039/1173 4627/6391/1172 4620/6375/1163
f 4628/6392/1175 4362/6059/1179 885/1431/855
f 4621/6376/1166 4364/6061/2196 4362/6059/1179
f 4622/6377/1167 4366/6063/2198 4364/6061/2196
f 4623/6393/1168 4368/6066/2200 4366/6065/2198
f 4629/6395/1169 4370/6068/2202 4368/6066/2200
f 4372/6070/2204 4370/6068/2202 4629/6395/1169
f 4373/6071/2205 4372/6070/2204 4624/6396/1170
f 4374/6072/2206 4373/6071/2205 4625/6397/1176
f 4376/6074/2208 4374/6076/2206 4626/6389/1171
f 4378/6077/1195 4376/6074/2208 4630/6399/1177
f 533/1074/874 4378/6077/1195 4627/6391/1172
f 4631/6400/1153 4633/6402/2173 836/1382/1165
f 4632/6401/1154 4635/6404/2174 4633/6402/2173
f 4634/6403/1155 4637/7015/2175 4635/6404/2174
f 4636/6405/1156 4639/6409/2176 4637/6406/2175
f 4638/6408/1157 4655/7016/2182 4639/6409/2176
f 4640/6410/2177 4655/7016/2182 4638/6408/1157
f 4642/6412/2178 4640/6410/2177 4641/6411/1159
f 4644/6414/2179 4642/6412/2178 4643/6413/1160
f 4646/6416/2180 4644/7017/2179 4645/6417/1161
f 4648/6419/2181 4646/6416/2180 4647/6418/1162
f 484/1025/1174 4648/6419/2181 4649/6420/1163
f 4650/6421/830 834/1378/828 836/1382/1165
f 4651/6422/831 4650/6421/830 4633/6402/2173
f 4652/6423/832 4651/7018/831 4635/6424/2174
f 4653/6426/833 4652/6423/832 4637/6425/2175
f 4654/6428/845 4653/6426/833 4639/6427/2176
f 4656/6430/834 4654/6428/845 4655/6429/2182
f 4657/6432/835 4656/6430/834 4640/6431/2177
f 4658/6434/836 4657/6432/835 4642/6433/2178
f 4659/6436/837 4658/6434/836 4644/6435/2179
f 4660/6438/838 4659/6456/837 4646/6416/2180
f 482/1021/839 4660/6438/838 4648/6419/2181
f 4661/6439/2831 833/1379/828 834/1378/828
f 4662/6440/2832 4661/6439/2831 4650/6421/830
f 4663/6441/2833 4662/7019/2832 4651/6442/831
f 4664/6444/2834 4663/6441/2833 4652/6443/832
f 4665/6446/2835 4664/6444/2834 4653/6445/833
f 4666/6448/2836 4665/6446/2835 4654/6447/845
f 4657/6450/835 4667/6452/2837 4666/6448/2836
f 4658/6451/836 4668/6454/2838 4667/6452/2837
f 4659/6453/837 4669/7020/2839 4668/6454/2838
f 4660/6438/838 4670/6457/2840 4669/6455/2839
f 482/1021/839 481/1023/839 4670/6457/2840
f 4661/6439/2831 4671/6458/830 829/1371/828
f 4662/6440/2832 4672/6477/831 4671/6458/830
f 4663/6459/2833 4673/6463/832 4672/6460/831
f 4664/6462/2834 4674/6465/833 4673/6463/832
f 4665/6464/2835 4684/7021/845 4674/6465/833
f 4675/6466/834 4684/7021/845 4665/6464/2835
f 4676/6468/835 4675/6466/834 4666/6467/2836
f 4677/6470/836 4676/6468/835 4667/6469/2837
f 4678/6472/837 4677/6470/836 4668/6471/2838
f 4679/6474/838 4678/6493/837 4669/6455/2839
f 477/1014/839 4679/6474/838 4670/6457/2840
f 4680/6475/841 830/1372/852 829/1371/828
f 4681/6476/842 4680/6475/841 4671/6458/830
f 4682/6478/843 4681/7022/842 4672/6479/831
f 4683/6481/844 4682/6478/843 4673/6480/832
f 4684/6483/845 4695/7023/846 4683/6481/844
f 4685/6484/853 4695/7023/846 4684/6483/845
f 4686/6486/847 4685/6484/853 4675/6485/834
f 4687/6488/848 4686/6486/847 4676/6487/835
f 4688/6490/849 4687/6488/848 4677/6489/836
f 4689/6492/850 4688/6510/849 4678/6493/837
f 479/1016/851 4689/6492/850 4679/6474/838
f 4690/6494/2600 831/1373/1164 830/1372/852
f 4691/6495/2601 4690/6494/2600 4680/6475/841
f 4692/6496/2602 4691/6495/2601 4681/6476/842
f 4693/6498/2603 4692/7024/2602 4682/6499/843
f 4694/6501/2604 4693/6498/2603 4683/6500/844
f 4696/6503/2605 4694/6501/2604 4695/6502/846
f 4686/6505/847 4706/7025/2606 4696/6503/2605
f 4697/6506/2607 4706/7025/2606 4686/6505/847
f 4698/6508/2608 4697/6526/2607 4687/6509/848
f 4699/6511/2609 4698/6508/2608 4688/6510/849
f 478/1015/1173 4699/6511/2609 4689/6492/850
f 4700/6512/2173 832/1374/1165 831/1373/1164
f 4701/6513/2174 4700/6512/2173 4690/6494/2600
f 4702/6514/2175 4701/6513/2174 4691/6495/2601
f 4703/6515/2176 4702/7026/2175 4692/6516/2602
f 4704/6518/2182 4703/6515/2176 4693/6517/2603
f 4705/6520/2177 4704/6518/2182 4694/6519/2604
f 4706/6522/2606 4710/7027/2178 4705/6520/2177
f 4707/6523/2179 4710/7027/2178 4706/6522/2606
f 4708/6525/2180 4707/7028/2179 4697/6526/2607
f 4709/6527/2181 4708/6525/2180 4698/6508/2608
f 480/1017/1174 4709/6527/2181 4699/6511/2609
f 4631/6400/1153 835/1380/1165 832/1374/1165
f 4632/6401/1154 4631/6400/1153 4700/6512/2173
f 4634/6528/1155 4632/7029/1154 4701/6529/2174
f 4636/6531/1156 4634/6528/1155 4702/6530/2175
f 4638/6533/1157 4636/6531/1156 4703/6532/2176
f 4641/6535/1159 4638/6533/1157 4704/6534/2182
f 4710/6537/2178 4643/6539/1160 4641/6535/1159
f 4707/6538/2179 4645/6541/1161 4643/6539/1160
f 4708/6540/2180 4647/7030/1162 4645/6541/1161
f 4709/6527/2181 4649/6420/1163 4647/6418/1162
f 480/1017/1174 483/1022/1174 4649/6420/1163
f 4711/6542/2841 4715/6634/2844 4712/6543/88
f 4714/6545/2843 4717/6616/2846 4712/6546/88
f 4716/6548/2845 4713/6615/2842 4712/6549/88
f 4718/6551/2847 4722/6637/2850 4719/6552/95
f 4721/6554/2849 4724/6618/2852 4719/6555/95
f 4723/6557/2851 4720/6617/2848 4719/6558/95
f 4725/6560/2853 4729/6614/2856 4726/6561/102
f 4728/6563/2855 4731/6621/2858 4726/6564/102
f 4730/6566/2857 4727/6623/2854 4726/6567/102
f 4732/6569/2859 4736/6624/2862 4733/6570/109
f 4735/6572/2861 4738/6620/2864 4733/6573/109
f 4737/6575/2863 4734/6619/2860 4733/6576/109
f 4739/6578/2865 4743/6628/2868 4740/6579/116
f 4742/6581/2867 4745/6633/2870 4740/6582/116
f 4744/6584/2869 4741/6635/2866 4740/6585/116
f 4746/6587/2871 4750/6636/2874 4747/6588/123
f 4749/6590/2873 4752/6632/2876 4747/6591/123
f 4751/6593/2875 4748/6631/2872 4747/6594/123
f 4753/6596/2877 4757/6622/2880 4754/6597/130
f 4756/6599/2879 4759/6627/2882 4754/6600/130
f 4758/6602/2881 4755/6629/2878 4754/6603/130
f 4760/6605/2883 4764/6630/2886 4761/6606/137
f 4763/6608/2885 4766/6626/2888 4761/6609/137
f 4765/6611/2887 4762/6625/2884 4761/6612/137
f 4725/6560/2853 4711/6542/2841 4713/6544/2842
f 4713/6615/2842 4716/6548/2845 4728/6563/2855
f 4718/6551/2847 4720/6553/2848 4717/6616/2846
f 4720/6617/2848 4723/6557/2851 4716/6548/2845
f 4732/6569/2859 4734/6571/2860 4724/6618/2852
f 4734/6619/2860 4737/6575/2863 4723/6557/2851
f 4730/6566/2857 4731/6568/2858 4738/6620/2864
f 4731/6621/2858 4728/6563/2855 4737/6575/2863
f 4753/6596/2877 4725/6560/2853 4727/6562/2854
f 4727/6623/2854 4730/6566/2857 4756/6599/2879
f 4760/6605/2883 4762/6607/2884 4736/6624/2862
f 4762/6625/2884 4765/6611/2887 4735/6572/2861
f 4758/6602/2881 4759/6604/2882 4766/6626/2888
f 4759/6627/2882 4756/6599/2879 4765/6611/2887
f 4739/6578/2865 4753/6596/2877 4755/6598/2878
f 4755/6629/2878 4758/6602/2881 4742/6581/2867
f 4746/6587/2871 4748/6589/2872 4764/6630/2886
f 4748/6631/2872 4751/6593/2875 4763/6608/2885
f 4744/6584/2869 4745/6586/2870 4752/6632/2876
f 4745/6633/2870 4742/6581/2867 4751/6593/2875
f 4739/6578/2865 4741/6580/2866 4715/6634/2844
f 4741/6635/2866 4744/6584/2869 4714/6545/2843
f 4721/6554/2849 4722/6556/2850 4750/6636/2874
f 4722/6637/2850 4718/6551/2847 4749/6590/2873
f 4753/6596/2877 4739/6578/2865 4711/6542/2841
f 4723/6557/2851 4737/6575/2863 4728/6563/2855
f 4749/6590/2873 4718/6551/2847 4714/6545/2843
f 4760/6605/2883 4732/6569/2859 4721/6554/2849
f 4735/6572/2861 4765/6611/2887 4756/6599/2879
f 4763/6608/2885 4751/6593/2875 4742/6581/2867
f 4767/6638/2841 4771/6730/2844 4768/6639/88
f 4770/6641/2843 4773/6712/2846 4768/6642/88
f 4772/6644/2845 4769/6711/2842 4768/6645/88
f 4774/6647/2847 4778/6733/2850 4775/6648/95
f 4777/6650/2849 4780/6714/2852 4775/6651/95
f 4779/6653/2851 4776/6713/2848 4775/6654/95
f 4781/6656/2853 4785/6710/2856 4782/6657/102
f 4784/6659/2855 4787/6717/2858 4782/6660/102
f 4786/6662/2857 4783/6719/2854 4782/6663/102
f 4788/6665/2859 4792/6720/2862 4789/6666/109
f 4791/6668/2861 4794/6716/2864 4789/6669/109
f 4793/6671/2863 4790/6715/2860 4789/6672/109
f 4795/6674/2865 4799/6724/2868 4796/6675/116
f 4798/6677/2867 4801/6729/2870 4796/6678/116
f 4800/6680/2869 4797/6731/2866 4796/6681/116
f 4802/6683/2871 4806/6732/2874 4803/6684/123
f 4805/6686/2873 4808/6728/2876 4803/6687/123
f 4807/6689/2875 4804/6727/2872 4803/6690/123
f 4809/6692/2877 4813/6718/2880 4810/6693/130
f 4812/6695/2879 4815/6723/2882 4810/6696/130
f 4814/6698/2881 4811/6725/2878 4810/6699/130
f 4816/6701/2883 4820/6726/2886 4817/6702/137
f 4819/6704/2885 4822/6722/2888 4817/6705/137
f 4821/6707/2887 4818/6721/2884 4817/6708/137
f 4781/6656/2853 4767/6638/2841 4769/6640/2842
f 4769/6711/2842 4772/6644/2845 4784/6659/2855
f 4774/6647/2847 4776/6649/2848 4773/6712/2846
f 4776/6713/2848 4779/6653/2851 4772/6644/2845
f 4788/6665/2859 4790/6667/2860 4780/6714/2852
f 4790/6715/2860 4793/6671/2863 4779/6653/2851
f 4786/6662/2857 4787/6664/2858 4794/6716/2864
f 4787/6717/2858 4784/6659/2855 4793/6671/2863
f 4781/6656/2853 4783/6658/2854 4813/6718/2880
f 4783/6719/2854 4786/6662/2857 4812/6695/2879
f 4816/6701/2883 4818/6703/2884 4792/6720/2862
f 4818/6721/2884 4821/6707/2887 4791/6668/2861
f 4814/6698/2881 4815/6700/2882 4822/6722/2888
f 4815/6723/2882 4812/6695/2879 4821/6707/2887
f 4795/6674/2865 4809/6692/2877 4811/6694/2878
f 4811/6725/2878 4814/6698/2881 4798/6677/2867
f 4802/6683/2871 4804/6685/2872 4820/6726/2886
f 4804/6727/2872 4807/6689/2875 4819/6704/2885
f 4800/6680/2869 4801/6682/2870 4808/6728/2876
f 4801/6729/2870 4798/6677/2867 4807/6689/2875
f 4767/6638/2841 4795/6674/2865 4797/6676/2866
f 4797/6731/2866 4800/6680/2869 4770/6641/2843
f 4777/6650/2849 4778/6652/2850 4806/6732/2874
f 4778/6733/2850 4774/6647/2847 4805/6686/2873
f 4809/6692/2877 4795/6674/2865 4767/6638/2841
f 4779/6653/2851 4793/6671/2863 4784/6659/2855
f 4805/6686/2873 4774/6647/2847 4770/6641/2843
f 4816/6701/2883 4788/6665/2859 4777/6650/2849
f 4791/6668/2861 4821/6707/2887 4812/6695/2879
f 4819/6704/2885 4807/6689/2875 4798/6677/2867
